X_coords,Y_coords,cellID,ALB_jan-mar,ALB_apr-jun,ALB_jul-sep,ALB_oct-dec
-99.5,-39.5,41,0.004553498748703226,NA,NA,0.0028842197818221907
-98.5,-39.5,42,0.004613445036514584,NA,NA,0.0028723351247430286
-97.5,-39.5,43,0.004700138281581411,NA,NA,0.0028723351247430286
-96.5,-39.5,44,0.003809479554623706,NA,NA,0.0027938248064717066
-95.5,-39.5,45,0.004366329349899782,NA,NA,0.0027013962541105954
-94.5,-39.5,46,0.0033428109501542464,NA,NA,0.0024733935007080336
-93.5,-39.5,47,0.004261522184011993,NA,NA,0.002366066104709026
-92.5,-39.5,48,0.0033266017504073953,NA,NA,0.002424319803055276
-91.5,-39.5,49,0.003986933551305598,NA,NA,0.0031251956019979587
-90.5,-39.5,50,0.004005080282649285,NA,NA,0.0037370409258366535
-79.5,-39.5,61,0.003843772986596781,NA,NA,NA
-78.5,-39.5,62,0.003751896348729758,NA,NA,NA
-77.5,-39.5,63,0.0035015426451722887,NA,NA,NA
-76.5,-39.5,64,0.003315999100623744,NA,NA,NA
-75.5,-39.5,65,0.003407488557171209,NA,NA,NA
-74.5,-39.5,66,0.004344226561759877,NA,NA,NA
-73.5,-39.5,67,0.003816019039787406,NA,NA,NA
-72.5,-39.5,68,0.003816019039787406,NA,NA,NA
-71.5,-39.5,69,0.004206763378439652,NA,NA,NA
-70.5,-39.5,70,0.004714945659291012,NA,NA,NA
-69.5,-39.5,71,0.004714945659291012,NA,NA,0.00276806951060239
-68.5,-39.5,72,0.005179405010886277,NA,NA,0.0030480828499473652
-67.5,-39.5,73,0.005827440333146288,NA,NA,0.00343680108831184
-66.5,-39.5,74,0.005998758195003502,NA,NA,0.003545655640219281
-65.5,-39.5,75,0.0062858628758442545,NA,NA,0.0037347196264057546
-64.5,-39.5,76,0.006250534112969664,NA,NA,0.003848625393283918
-63.5,-39.5,77,0.006708064067592922,NA,NA,0.004045859164003402
-62.5,-39.5,78,0.008034804330941128,NA,NA,0.003981426659276252
-61.5,-39.5,79,0.008034804330941128,NA,NA,0.003981426659276252
-60.5,-39.5,80,0.007836483080820352,NA,NA,0.003891373378922298
-29.5,-39.5,107,0.008232351598458948,0.003997645158800021,0.003778083399293274,0.004031852035882383
-28.5,-39.5,108,0.006907558342572636,0.003196641423520106,0.0041775951614204205,0.004048116305922665
-27.5,-39.5,109,0.005297537436977217,0.0028242400365843393,0.0022914067862963685,0.0036970304860222225
-26.5,-39.5,110,0.007969553228206434,0.002514192454836714,0.0035603861940601833,0.005257864275929159
-25.5,-39.5,111,0.008551008199768605,0.003598171907424091,0.0036130552279071975,0.00496303895173243
-24.5,-39.5,112,0.008333447027810694,0.0034661743425951097,0.004367351537383943,0.004706989438813914
-23.5,-39.5,113,0.008399086099228967,0.003523522362126233,0.004288011874044044,0.004569770069924513
-22.5,-39.5,114,0.007817857712094168,0.0034786092112838486,0.003728025805713153,0.003973135063718522
-21.5,-39.5,115,0.006965325412570439,0.0018160630714735776,0.0022977883356869212,0.0029457616150493178
-20.5,-39.5,116,0.006501259096301091,0.0018368796242278775,0.0018549751401024685,0.0025786076369005047
80.5,-39.5,214,0.0058909673799723014,NA,NA,0.008967847605605915
81.5,-39.5,215,0.0058909673799723014,NA,NA,0.008986924456456744
82.5,-39.5,216,0.005092259979815288,NA,NA,0.007741183217725378
83.5,-39.5,217,0.005021914138022865,NA,NA,0.007634525241191815
84.5,-39.5,218,0.004970092700133974,NA,NA,0.007634525241191815
85.5,-39.5,219,0.005021914138022865,NA,NA,0.007888933261785787
86.5,-39.5,220,0.004973315222813449,NA,NA,0.0075884602432307715
87.5,-39.5,221,0.005029688030456189,NA,NA,0.0075884602432307715
88.5,-39.5,222,0.004988384567139699,NA,NA,0.0075884602432307715
89.5,-39.5,223,0.005612584206009891,NA,NA,0.009796782902488164
-99.5,-38.5,281,0.00582954877785987,NA,NA,0.002906149434599115
-98.5,-38.5,282,0.004851188958534616,NA,NA,0.0029018116525544118
-97.5,-38.5,283,0.005796957919935332,NA,NA,0.00288985471686005
-96.5,-38.5,284,0.0059571132017951604,NA,NA,0.0028846481321721314
-95.5,-38.5,285,0.005735816390095409,NA,NA,0.002782689112090762
-94.5,-38.5,286,0.00558448821157891,NA,NA,0.0026705327011897822
-93.5,-38.5,287,0.005134027126689407,NA,NA,0.003056730422473311
-92.5,-38.5,288,0.010838901376373304,NA,NA,0.004039805150732407
-91.5,-38.5,289,0.003988754009739458,NA,NA,0.002942206496834223
-90.5,-38.5,290,0.004008763202367954,NA,NA,0.002942206496834223
-79.5,-38.5,301,0.00454773335406034,NA,NA,NA
-78.5,-38.5,302,0.0037564055540844194,NA,NA,NA
-77.5,-38.5,303,0.00301409717850567,NA,NA,NA
-76.5,-38.5,304,0.0037472840037761322,NA,NA,NA
-75.5,-38.5,305,0.0045732290084664114,NA,NA,NA
-74.5,-38.5,306,0.002995397906348003,NA,NA,NA
-73.5,-38.5,307,0.004312032999511393,NA,NA,NA
-72.5,-38.5,308,0.005463490982984407,NA,NA,NA
-71.5,-38.5,309,0.003638778765061714,NA,NA,NA
-70.5,-38.5,310,0.003601160218691891,NA,NA,NA
-69.5,-38.5,311,0.0035378848176082175,NA,NA,0.0028116949789321554
-68.5,-38.5,312,0.0037748374699893904,NA,NA,0.003271901127958331
-67.5,-38.5,313,0.004874631895828787,NA,NA,0.003617672586811693
-66.5,-38.5,314,0.00495246790971357,NA,NA,0.0034038369935680624
-65.5,-38.5,315,0.0053227099969248085,NA,NA,0.0034082333657778313
-64.5,-38.5,316,0.0049908482139436935,NA,NA,0.0034400077373242677
-63.5,-38.5,317,0.005257929181305769,NA,NA,0.003592736810332975
-62.5,-38.5,318,0.00549249100281181,NA,NA,0.003546843801368144
-61.5,-38.5,319,0.006184899919273576,NA,NA,0.0036392704523052558
-60.5,-38.5,320,0.005659608525125083,NA,NA,0.0035793809314582804
-29.5,-38.5,345,0.006742604340827743,0.003944516102554358,0.003326276470149042,0.0025598182288845005
-28.5,-38.5,346,0.007560431522223448,0.003705454181532747,0.002397837177063978,0.0046252202174048036
-27.5,-38.5,347,0.007727342502414078,0.0035547842208329752,0.002008712751323283,0.0032897069215925014
-26.5,-38.5,348,0.007457756984888206,0.002830427894109817,0.0022805274666856147,0.0033725288428300016
-25.5,-38.5,349,0.01098718571819045,0.0036531430657550067,0.003009016152850789,0.004180403106582101
-24.5,-38.5,350,0.011594427528740582,0.0036162660203693077,0.003874168020668051,0.004118297204559149
-23.5,-38.5,351,0.011161559931065702,0.0036943319421679794,0.0037413048975447082,0.004417630730942271
-22.5,-38.5,352,0.010545873914723409,0.00328716963874614,0.0035691877469331366,0.00486270383777152
-21.5,-38.5,353,0.0070923563568810345,0.0015328832145320556,0.0027377259257734482,0.0037626709644187958
-20.5,-38.5,354,0.008343382331563242,0.0015311743077264565,0.0016070347520417548,0.002766238820472384
80.5,-38.5,452,0.005290612118584701,NA,NA,0.010589188804958696
81.5,-38.5,453,0.005098320673748141,NA,NA,0.007833265885275427
82.5,-38.5,454,0.004970938431186998,NA,NA,0.007638075267887126
83.5,-38.5,455,0.004970938431186998,NA,NA,0.007638075267887126
84.5,-38.5,456,0.0049022602996415,NA,NA,0.007571242304684156
85.5,-38.5,457,0.004715002801134342,NA,NA,0.007468414456756254
86.5,-38.5,458,0.004764177239596167,NA,NA,0.007468414456756254
87.5,-38.5,459,0.004764177239596167,NA,NA,0.007489763096808476
88.5,-38.5,460,0.004799258732072106,NA,NA,0.007489763096808476
89.5,-38.5,461,0.0048284745367014135,NA,NA,0.007535233512610942
-99.5,-37.5,518,0.004934839554460288,NA,NA,0.002967637827071424
-98.5,-37.5,519,0.004729950492226705,NA,NA,0.002945245556618968
-97.5,-37.5,520,0.004925817254812876,NA,NA,0.002945245556618968
-96.5,-37.5,521,0.004860316167936204,NA,NA,0.002933110177677466
-95.5,-37.5,522,0.004877148148952421,NA,NA,0.0028702191301770465
-94.5,-37.5,523,0.004964287124900825,NA,NA,0.002926577147979204
-93.5,-37.5,524,0.003520736272240614,NA,NA,0.0031018560279896254
-92.5,-37.5,525,0.004136364318999669,NA,NA,0.0030472236531251043
-91.5,-37.5,526,0.004188186982823203,NA,NA,0.003037304517098672
-90.5,-37.5,527,0.00433992747635198,NA,NA,0.002487928454466616
-79.5,-37.5,538,0.0030590874003124206,NA,NA,NA
-78.5,-37.5,539,0.0030590874003124206,NA,NA,NA
-77.5,-37.5,540,0.0038006232510824356,NA,NA,NA
-76.5,-37.5,541,0.0029850483229681606,NA,NA,NA
-75.5,-37.5,542,0.0029750163125773633,NA,NA,NA
-74.5,-37.5,543,0.003246323723018311,NA,NA,NA
-73.5,-37.5,544,0.003192166667563595,NA,NA,NA
-72.5,-37.5,545,0.003598688298374624,NA,NA,NA
-71.5,-37.5,546,0.003087291388059396,NA,NA,NA
-70.5,-37.5,547,0.003041516348786732,NA,NA,NA
-69.5,-37.5,548,0.002437955346068624,NA,NA,0.0018940393864730703
-68.5,-37.5,549,0.002450095446586159,NA,NA,0.0020508138084143284
-67.5,-37.5,550,0.0027037609295879196,NA,NA,0.0022852583655224704
-66.5,-37.5,551,0.003138056726893024,NA,NA,0.0023425623214148677
-65.5,-37.5,552,0.0036054378511814877,NA,NA,0.0023703898070998536
-64.5,-37.5,553,0.002295066743351151,NA,NA,0.0023944891265835952
-63.5,-37.5,554,0.002376454671500347,NA,NA,0.002530101182888201
-62.5,-37.5,555,0.0024074125348103096,NA,NA,0.0025244489714006104
-61.5,-37.5,556,0.002406811305502146,NA,NA,0.0025529036222211635
-60.5,-37.5,557,0.0023304982504618464,NA,NA,0.002502610143918963
-29.5,-37.5,578,0.006336431940910841,0.004405201934309528,0.0014926313346573482,0.0042278889366196264
-28.5,-37.5,579,0.006048763946011319,0.004209028955737029,0.002333372541407159,0.004114887757692477
-27.5,-37.5,580,0.0076063430124572754,0.004020368043598381,0.0023041602400604576,0.004336831691301552
-26.5,-37.5,581,0.007193993593047672,0.003625577668725224,0.0021805439704589607,0.004684138762297762
-25.5,-37.5,582,0.0071924968381048586,0.003476469987520375,0.0026349699126268483,0.004840370695718357
-24.5,-37.5,583,0.010560920454549908,0.0034405236330391736,0.003587957827666364,0.006232888705333525
-23.5,-37.5,584,0.011617073507499694,0.00374800917587731,0.003520547305874582,0.007062693407834521
-22.5,-37.5,585,0.01049162850237378,0.0035099352737572955,0.003557280746787592,0.005662496970686594
-21.5,-37.5,586,0.010364440807845838,0.0034027147371600386,0.0035442922871446176,0.0059025215427117445
-20.5,-37.5,587,0.010406684993088253,0.0022132919351868347,0.002675822713877137,0.004373244318205367
80.5,-37.5,687,0.005290872249459047,NA,NA,0.008059867942372375
81.5,-37.5,688,0.005010294739636478,NA,NA,0.007824158176025262
82.5,-37.5,689,0.0044109706449586596,NA,NA,0.010802153127753135
83.5,-37.5,690,0.004563030391230479,NA,NA,0.0072506902176475724
84.5,-37.5,691,0.00452515952270582,NA,NA,0.007279281981899567
85.5,-37.5,692,0.00452515952270582,NA,NA,0.007743867266571534
86.5,-37.5,693,0.0045941698914900835,NA,NA,0.007561469528053543
87.5,-37.5,694,0.0045941698914900835,NA,NA,0.007561469528053543
88.5,-37.5,695,0.004610033063597951,NA,NA,0.007435338715472197
89.5,-37.5,696,0.004709061744618111,NA,NA,0.00753923510184649
-99.5,-36.5,753,0.004144880303681273,NA,NA,0.0032803391765069832
-98.5,-36.5,754,0.005128061656566847,NA,NA,0.0033379787929243825
-97.5,-36.5,755,0.005318238919657233,NA,NA,0.003406182744400698
-96.5,-36.5,756,0.004876325358059503,NA,NA,0.003276707213104618
-95.5,-36.5,757,0.004037594815603379,NA,NA,0.0032369979906402887
-94.5,-36.5,758,0.004150596599630697,NA,NA,0.0033276680145938736
-93.5,-36.5,759,0.0047892436628471854,NA,NA,0.003979456059653245
-92.5,-36.5,760,0.004127265304320129,NA,NA,0.0034864064687970707
-91.5,-36.5,761,0.002796368188656007,NA,NA,0.0027002925234688568
-90.5,-36.5,762,0.003265633343989458,NA,NA,0.0034751082448888125
-79.5,-36.5,773,0.0030130319299867037,NA,NA,NA
-78.5,-36.5,774,0.0030325226282986012,NA,NA,NA
-77.5,-36.5,775,0.0031408885271745797,NA,NA,NA
-76.5,-36.5,776,0.0026562936930405144,NA,NA,NA
-75.5,-36.5,777,0.0015500435182304105,NA,NA,NA
-74.5,-36.5,778,0.0016284583107286574,NA,NA,NA
-73.5,-36.5,779,0.0015317748541031262,NA,NA,NA
-72.5,-36.5,780,0.0016695618102156966,NA,NA,NA
-71.5,-36.5,781,0.001604559837092626,NA,NA,NA
-70.5,-36.5,782,0.0014865655198180773,NA,NA,NA
-69.5,-36.5,783,0.001579095038647946,NA,NA,0.0017662707472516886
-68.5,-36.5,784,0.0018381233882376422,NA,NA,0.0014549605108823743
-67.5,-36.5,785,0.002518055493208367,NA,NA,0.0020807767211017173
-66.5,-36.5,786,0.004585234360722637,NA,NA,0.0018754511122207457
-65.5,-36.5,787,0.004946154940122945,NA,NA,0.0014482667337929551
-64.5,-36.5,788,0.011174355423189225,NA,NA,0.002474354739540644
-63.5,-36.5,789,0.013546355576138064,NA,NA,0.0025788525144004554
-62.5,-36.5,790,0.015319233636701781,NA,NA,0.0015164691594333449
-61.5,-36.5,791,0.014473283389493611,NA,NA,0.002583826430081756
-60.5,-36.5,792,0.008359911613277551,NA,NA,0.002609377088270102
-29.5,-36.5,813,0.004558431261634168,0.003270382682774657,0.0018544010695607219,0.005694830498084534
-28.5,-36.5,814,0.006002059858494976,0.004134569638410115,0.002965966195658234,0.004376081448504114
-27.5,-36.5,815,0.007632191816617509,0.0036161296791627656,0.002303058602437192,0.004654488780320101
-26.5,-36.5,816,0.0074287916074187495,0.0035608085261292664,0.0021713769261998287,0.0050193498454568514
-25.5,-36.5,817,0.007281597588306294,0.0035222563014061523,0.0025390022813505473,0.004747929525584872
-24.5,-36.5,818,0.007265496512687447,0.003486936089608102,0.0025023670841187204,0.004700376576941767
-23.5,-36.5,819,0.007835277870147943,0.0037615145453819433,0.0034173131121145225,0.005331886719005817
-22.5,-36.5,820,0.010199200421323634,0.0034029927667326826,0.003531407417708792,0.006921758603214265
-21.5,-36.5,821,0.01085803026000418,0.0035506819215912547,0.0035365582639320598,0.005590088497991853
-20.5,-36.5,822,0.010508459991989778,0.0029527233412783797,0.0038353978294205604,0.006641480322700052
80.5,-36.5,922,0.0043817718325964644,NA,NA,0.007882621228652372
81.5,-36.5,923,0.0044922507460576615,NA,NA,0.007823696754736018
82.5,-36.5,924,0.004555463016403859,NA,NA,0.009800284091291281
83.5,-36.5,925,0.004410337723507112,NA,NA,0.009800284091291281
84.5,-36.5,926,0.004410337723507112,NA,NA,0.007873318943781685
85.5,-36.5,927,0.0051395110167128276,NA,NA,0.007323985677034225
86.5,-36.5,928,0.004194711536051783,NA,NA,0.0069097480080118475
87.5,-36.5,929,0.004238482780404533,NA,NA,0.007590133258313838
88.5,-36.5,930,0.0035663542264192808,NA,NA,0.0067679368191113955
89.5,-36.5,931,0.003724409523000358,NA,NA,0.007104640363052505
-99.5,-35.5,989,0.004940046901593626,NA,NA,0.0033164430104709063
-98.5,-35.5,990,0.004853253557857577,NA,NA,0.0032830952293670087
-97.5,-35.5,991,0.004684110195288628,NA,NA,0.003349462220679332
-96.5,-35.5,992,0.004647750469265544,NA,NA,0.004253523319199681
-95.5,-35.5,993,0.0037465847370115675,NA,NA,0.004310055659060108
-94.5,-35.5,994,0.0032315428755503237,NA,NA,0.0033173811837873077
-93.5,-35.5,995,0.0035285959321756334,NA,NA,0.003980828756333265
-92.5,-35.5,996,0.0031935313206309466,NA,NA,0.0026530297956545122
-91.5,-35.5,997,0.0032482959206225964,NA,NA,0.002770810090540604
-90.5,-35.5,998,0.0028152244117353505,NA,NA,0.003447722054296802
-79.5,-35.5,1009,0.0026480615131081126,NA,NA,NA
-78.5,-35.5,1010,0.0026532004368899445,NA,NA,NA
-77.5,-35.5,1011,0.002826004570797962,NA,NA,NA
-76.5,-35.5,1012,0.0029275460474628744,NA,NA,NA
-75.5,-35.5,1013,0.002306496959987145,NA,NA,NA
-74.5,-35.5,1014,0.002445975417210099,NA,NA,NA
-73.5,-35.5,1015,0.00251130513742456,NA,NA,NA
-72.5,-35.5,1016,0.0021073518651824816,NA,NA,NA
-71.5,-35.5,1017,0.0016427385436599852,NA,NA,NA
-70.5,-35.5,1018,0.0011252770863155927,NA,NA,NA
-69.5,-35.5,1019,0.001795497103469384,NA,NA,0.0018343379320280933
-68.5,-35.5,1020,0.008961275131777158,NA,NA,0.00201560935656068
-67.5,-35.5,1021,0.028231177131622907,NA,NA,0.0032338400629788114
-66.5,-35.5,1022,0.03854138027969499,NA,NA,0.0037835307696018877
-65.5,-35.5,1023,0.012686803261781962,NA,NA,0.003197773342591917
-64.5,-35.5,1024,0.01779421357394275,NA,NA,0.0027766599685963406
-63.5,-35.5,1025,0.010038508774332242,NA,NA,0.0017844622520771412
-62.5,-35.5,1026,0.021749691022539343,NA,NA,0.0018499116537764935
-61.5,-35.5,1027,0.012193326938230147,NA,NA,0.0022386116974790786
-60.5,-35.5,1028,0.035632865679440115,NA,NA,0.0034918562290173188
-29.5,-35.5,1045,0.0040557887121616155,0.0014078541114306135,0.0013283480572772884,0.00485859176655994
-28.5,-35.5,1046,0.007134076209721117,0.003783157897613797,0.0036092133630907046,0.004640683681652188
-27.5,-35.5,1047,0.006073034794351537,0.003730513923877198,0.003933378420221351,0.005094976282972863
-26.5,-35.5,1048,0.005924539962991363,0.0036727322517018696,0.0029756980867123414,0.005620289203154069
-25.5,-35.5,1049,0.0065258800113471935,0.0035719037319270506,0.003545029357019558,0.004799309498255129
-24.5,-35.5,1050,0.007343992785637732,0.003643493760498006,0.0036255552762162703,0.004911193032315751
-23.5,-35.5,1051,0.008237011104329282,0.003986389931057016,0.003582040693503483,0.007009532844499799
-22.5,-35.5,1052,0.007398279201842412,0.0035304314223950748,0.003544147555843708,0.007109869276327099
-21.5,-35.5,1053,0.010055392275101596,0.0036543213695999057,0.0036543213695999057,0.005968475242083756
-20.5,-35.5,1054,0.011497740355553851,0.0037857181829034445,0.003676343032976264,0.0060349485159991
80.5,-35.5,1154,0.007574995883859539,NA,NA,0.007802942406947018
81.5,-35.5,1155,0.00773186311662624,NA,NA,0.007551826619068286
82.5,-35.5,1156,0.007897677636623808,NA,NA,0.007553572322309547
83.5,-35.5,1157,0.008235153519812924,NA,NA,0.007696683972216383
84.5,-35.5,1158,0.008295580850298462,NA,NA,0.007696683972216383
85.5,-35.5,1159,0.008295580850298462,NA,NA,0.009595593115118916
86.5,-35.5,1160,0.005628829727716672,NA,NA,0.007468113718614207
87.5,-35.5,1161,0.004631208720592933,NA,NA,0.007591591554246928
88.5,-35.5,1162,0.005920273392594985,NA,NA,0.007259134328705263
89.5,-35.5,1163,0.005282017719734966,NA,NA,0.007259134328705263
-99.5,-34.5,1221,0.0033695267906525593,NA,NA,0.0026178015665927327
-98.5,-34.5,1222,0.003604905474699403,NA,NA,0.002593601914170386
-97.5,-34.5,1223,0.00265329179861372,NA,NA,0.002610550412056566
-96.5,-34.5,1224,0.002669478929233153,NA,NA,0.002685106791730202
-95.5,-34.5,1225,0.0025758661035096596,NA,NA,0.002599530985592234
-94.5,-34.5,1226,0.0021757369148733084,NA,NA,0.003329914983854003
-93.5,-34.5,1227,0.002691278313715906,NA,NA,0.002285671743617272
-92.5,-34.5,1228,0.00255669796286703,NA,NA,0.0027508865918386294
-91.5,-34.5,1229,0.0027253599820205527,NA,NA,0.00236669296604004
-90.5,-34.5,1230,0.002152481703873759,NA,NA,0.0022511677506414736
-79.5,-34.5,1241,0.0023836752779453534,NA,NA,NA
-78.5,-34.5,1242,0.002454246309212934,NA,NA,NA
-77.5,-34.5,1243,0.002460600422868253,NA,NA,NA
-76.5,-34.5,1244,0.003248617980265584,NA,NA,NA
-75.5,-34.5,1245,0.002362548271658326,NA,NA,NA
-74.5,-34.5,1246,0.0030514951407234364,NA,NA,NA
-73.5,-34.5,1247,0.0018344051217017542,NA,NA,NA
-72.5,-34.5,1248,0.0018699959422216316,NA,NA,NA
-71.5,-34.5,1249,0.0014693202471119037,NA,NA,NA
-70.5,-34.5,1250,0.0024669956055153285,NA,NA,NA
-69.5,-34.5,1251,0.0037704807597847834,NA,NA,0.0014077842323073418
-68.5,-34.5,1252,0.02269559964509736,NA,NA,0.0016216581065257593
-67.5,-34.5,1253,0.08384079715688608,NA,NA,0.002434799056174651
-66.5,-34.5,1254,0.08319682826595441,NA,NA,0.0034789268594369385
-65.5,-34.5,1255,0.015710191107853554,NA,NA,0.0010957871405956566
-64.5,-34.5,1256,0.007975464110796434,NA,NA,9.634651868207434e-4
-60.5,-34.5,1257,0.016988995485506864,NA,NA,0.0015805225559049772
-28.5,-34.5,1273,0.005493780347770356,0.0028366694838150193,0.0030568705534052432,0.0047256056813458625
-27.5,-34.5,1274,0.0060275875638509035,0.003610706247018814,0.003613474411253076,0.005010875131243857
-26.5,-34.5,1275,0.0043928135668800244,0.0036001062486778327,0.003907507492467155,0.0049597356751305156
-25.5,-34.5,1276,0.0029247873509085144,0.002929481509295673,0.003653170946538501,0.004408894286203871
-24.5,-34.5,1277,0.005705790487515886,0.0040170434752587695,0.003698230872388726,0.0038235018632881996
-23.5,-34.5,1278,0.005695353149778337,0.0035885419011078184,0.003575379361999674,0.0037649017797595475
-22.5,-34.5,1279,0.010007962973033706,0.0035719037319270506,0.003575379361999674,0.004259515182860036
-21.5,-34.5,1280,0.00640574509039697,0.0035842663449503574,0.003545029357019558,0.006263230112482556
-20.5,-34.5,1281,0.007134257421871584,0.0032842901477079267,0.0032483262958786737,0.006501121669008227
80.5,-34.5,1382,0.009072906948146867,NA,NA,0.01612919095861876
81.5,-34.5,1383,0.009270654202135815,NA,NA,0.01266253204329451
82.5,-34.5,1384,0.008949440584500605,NA,NA,0.012820638386544838
83.5,-34.5,1385,0.009115022705090027,NA,NA,0.012717553182209464
84.5,-34.5,1386,0.009186967617670825,NA,NA,0.012717553182209464
85.5,-34.5,1387,0.009757190110362704,NA,NA,0.008518934655048029
86.5,-34.5,1388,0.008027790921261485,NA,NA,0.008564319626283918
87.5,-34.5,1389,0.00800387246064677,NA,NA,0.008317231945061291
88.5,-34.5,1390,0.008039285250468774,NA,NA,0.008168400044033146
89.5,-34.5,1391,0.008010623662443084,NA,NA,0.008175716888993627
-99.5,-33.5,1450,0.0022084851406786363,NA,NA,0.002502277266243711
-98.5,-33.5,1451,0.0022281477548277496,NA,NA,0.002524777880415677
-97.5,-33.5,1452,0.0021320627877472065,NA,NA,0.002419906489058064
-96.5,-33.5,1453,0.002145076857834514,NA,NA,0.0028222835465336864
-95.5,-33.5,1454,0.0017935547527103998,NA,NA,0.002828324557970275
-94.5,-33.5,1455,0.002802171317308746,NA,NA,0.0030017075182428615
-93.5,-33.5,1456,0.0022623866644242104,NA,NA,0.0021283766329908242
-92.5,-33.5,1457,0.00217551863718548,NA,NA,0.0027003423238317775
-91.5,-33.5,1458,0.0023648623458153704,NA,NA,0.0018899358556051006
-90.5,-33.5,1459,0.0019132631096382647,NA,NA,0.0024862058500690182
-79.5,-33.5,1470,0.002372320850853787,NA,NA,NA
-78.5,-33.5,1471,0.002387676843844997,NA,NA,NA
-77.5,-33.5,1472,0.0017814908201586514,NA,NA,NA
-76.5,-33.5,1473,0.0020230801783984787,NA,NA,NA
-75.5,-33.5,1474,0.0020564175154159157,NA,NA,NA
-74.5,-33.5,1475,0.0018389066380333533,NA,NA,NA
-73.5,-33.5,1476,0.0016792359084180854,NA,NA,NA
-72.5,-33.5,1477,0.0019407461640606732,NA,NA,NA
-71.5,-33.5,1478,0.004589237846815532,NA,NA,NA
-70.5,-33.5,1479,0.0017019718090295715,NA,NA,NA
-69.5,-33.5,1480,0.004636086305884672,NA,NA,0.0015805359678905115
-68.5,-33.5,1481,0.035356228486526455,NA,NA,0.0020811307447679878
-67.5,-33.5,1482,0.09223414510340415,NA,NA,0.0024707349570277496
-66.5,-33.5,1483,0.0512420650958589,NA,NA,0.0039039434491636663
-65.5,-33.5,1484,0.02955318870734373,NA,NA,0.002912028123818429
-28.5,-33.5,1496,0.010201384349670817,0.0024703559575968677,0.0026068962325284787,0.009064980962595793
-27.5,-33.5,1497,0.01081532226954055,0.004282280319266768,0.004254273738102119,0.00847936378391672
-26.5,-33.5,1498,0.005957216066776017,0.0036164402021128207,0.004693581470441955,0.005056550444795727
-25.5,-33.5,1499,0.003828835549506939,0.00291942112159843,0.004815291563017233,0.0038291542072376545
-24.5,-33.5,1500,0.004979171946071425,0.0036002195295850355,0.0036002195295850355,0.004857740671514828
-23.5,-33.5,1501,0.003339528552944737,0.0036045199600502867,0.0032060985852843233,0.0033680919016072204
-22.5,-33.5,1502,0.0038294243875220918,0.0032038158804749803,0.003595880278375681,0.004470122082723357
-21.5,-33.5,1503,0.00415989196092172,0.0033144894415809705,0.0029812944959751765,0.004067054882380451
-20.5,-33.5,1504,0.004170773123255831,0.003032262759359198,0.003021134429578051,0.0032265358454224434
80.5,-33.5,1605,0.006683895856771544,NA,NA,0.013012108602980518
81.5,-33.5,1606,0.006618582406054747,NA,NA,0.013012108602980518
82.5,-33.5,1607,0.006618582406054747,NA,NA,0.013294560294094444
83.5,-33.5,1608,0.006618582406054747,NA,NA,0.012357734615624779
84.5,-33.5,1609,0.00753883305133085,NA,NA,0.012357734615624779
85.5,-33.5,1610,0.00656488955500565,NA,NA,0.01669572136341538
86.5,-33.5,1611,0.006583298304376428,NA,NA,0.008591444087638865
87.5,-33.5,1612,0.008276871922162077,NA,NA,0.010763240403289886
88.5,-33.5,1613,0.007928164895082985,NA,NA,0.009644537640392227
89.5,-33.5,1614,0.007928164895082985,NA,NA,0.00933144636360767
-99.5,-32.5,1673,0.0027908723144883705,NA,NA,0.002546486956550234
-98.5,-32.5,1674,0.002770866475414579,NA,NA,0.0028691816545882544
-97.5,-32.5,1675,0.002755846806752292,NA,NA,0.0028691816545882544
-96.5,-32.5,1676,0.002275896947310692,NA,NA,0.0029443403940920443
-95.5,-32.5,1677,0.0022005652734054548,NA,NA,0.002905201122344699
-94.5,-32.5,1678,0.0024322044971575108,NA,NA,0.0025559745576890732
-93.5,-32.5,1679,0.0023748458286145264,NA,NA,0.002185316101345361
-92.5,-32.5,1680,0.0017378202797207077,NA,NA,0.0013757864552004836
-91.5,-32.5,1681,0.0019719761684148965,NA,NA,0.0017023023322953724
-90.5,-32.5,1682,0.0019857214624924213,NA,NA,0.0017367696520541195
-79.5,-32.5,1693,0.0019620374252231755,NA,NA,NA
-78.5,-32.5,1694,0.0014154862824588951,NA,NA,NA
-77.5,-32.5,1695,0.0043635336114184395,NA,NA,NA
-76.5,-32.5,1696,0.001894604883923399,NA,NA,NA
-75.5,-32.5,1697,0.0021314069130185655,NA,NA,NA
-74.5,-32.5,1698,0.003166460938481228,NA,NA,NA
-73.5,-32.5,1699,0.004394971291058817,NA,NA,NA
-72.5,-32.5,1700,0.005582304270817756,NA,NA,NA
-71.5,-32.5,1701,0.002808314146717839,NA,NA,NA
-70.5,-32.5,1702,0.004208367554179163,NA,NA,NA
-69.5,-32.5,1703,0.026020930686996607,NA,NA,0.0025828000827582587
-68.5,-32.5,1704,0.07590509419627732,NA,NA,0.0033966607490848112
-67.5,-32.5,1705,0.12442893923961423,NA,NA,0.00557498949737772
-66.5,-32.5,1706,0.07889433540637883,NA,NA,0.007388904423655494
-65.5,-32.5,1707,0.03300356774476925,NA,NA,0.004768298797583451
-27.5,-32.5,1716,0.014919548794258683,0.0029118119321584384,0.0028881826510815793,0.0059064471069705015
-26.5,-32.5,1717,0.004941871300254664,0.0030543067774561343,0.0022863369418428276,0.004664412742609047
-25.5,-32.5,1718,0.00587263037689525,0.0028244348663651908,0.0028671763299184957,0.0036261253031073773
-24.5,-32.5,1719,0.008327323693845713,0.004134485054299028,0.0036228218176144822,0.004705803072230136
-23.5,-32.5,1720,0.005921767091425341,0.0032535903358439887,0.0023559846797520457,0.0034041611633666424
-22.5,-32.5,1721,0.0045237850768465255,0.0029010086534483406,0.002190116561168132,0.004081570967797438
-21.5,-32.5,1722,0.005301402663766734,0.003101039018432199,0.003157491516364344,0.003243842323495334
-20.5,-32.5,1723,0.005165867118400949,0.002975863428868851,0.0030427118485991103,0.0032855531288972636
80.5,-32.5,1824,0.006519663437538084,NA,NA,0.013302340455830071
81.5,-32.5,1825,0.006604445324610487,NA,NA,0.012536883114416435
82.5,-32.5,1826,0.006543337601631773,NA,NA,0.012445134640617356
83.5,-32.5,1827,0.00655484746305465,NA,NA,0.012505000185409156
84.5,-32.5,1828,0.005694464647980143,NA,NA,0.01059491444769705
85.5,-32.5,1829,0.006439504815643287,NA,NA,0.008331204703452754
86.5,-32.5,1830,0.007052951739843198,NA,NA,0.008548032153971432
87.5,-32.5,1831,0.00745571309161828,NA,NA,0.008060401242118105
88.5,-32.5,1832,0.00668179754066426,NA,NA,0.008044478223886434
89.5,-32.5,1833,0.006873538765542175,NA,NA,0.009393070793951533
-99.5,-31.5,1893,0.0027842982628189807,NA,NA,0.0029387239522458415
-98.5,-31.5,1894,0.0027708383350298076,NA,NA,0.0027565615612569097
-97.5,-31.5,1895,0.002672926841351176,NA,NA,0.0026865235635693185
-96.5,-31.5,1896,0.002658760262768485,NA,NA,0.0026411661583720775
-95.5,-31.5,1897,0.0023547300353154816,NA,NA,0.0028054799308216247
-94.5,-31.5,1898,0.002621942844115054,NA,NA,0.002598060214668042
-93.5,-31.5,1899,0.0021292357951265173,NA,NA,0.0022244681913878954
-92.5,-31.5,1900,0.0012265618958506863,NA,NA,0.0015473759787333007
-91.5,-31.5,1901,0.0014483323967786413,NA,NA,0.0016695659844835286
-90.5,-31.5,1902,0.002154332168046557,NA,NA,0.002073496622693945
-79.5,-31.5,1913,0.0010082407052719588,NA,NA,NA
-78.5,-31.5,1914,9.858409801578516e-4,NA,NA,NA
-77.5,-31.5,1915,0.0019598330086515164,NA,NA,NA
-76.5,-31.5,1916,0.003606204355552208,NA,NA,NA
-75.5,-31.5,1917,0.004222612191225179,NA,NA,NA
-74.5,-31.5,1918,0.004794334763713649,NA,NA,NA
-73.5,-31.5,1919,0.00762524000119432,NA,NA,NA
-72.5,-31.5,1920,0.003396512595269277,NA,NA,NA
-71.5,-31.5,1921,0.004228798414603439,NA,NA,NA
-70.5,-31.5,1922,0.01636423718729392,NA,NA,NA
-69.5,-31.5,1923,0.042061579363017895,NA,NA,0.0027752340659311027
-68.5,-31.5,1924,0.07195651249586318,NA,NA,0.003676568160201859
-67.5,-31.5,1925,0.115371081859306,NA,NA,0.008118471877276653
-66.5,-31.5,1926,0.06109225621269812,NA,NA,0.011510747990839764
-65.5,-31.5,1927,0.018823071401786344,NA,NA,0.0064990453754949305
-26.5,-31.5,1928,0.01683172411569297,0.003785398254401438,0.0048207679738560966,0.004952012884756457
-25.5,-31.5,1929,0.009724760021193869,0.0035422273193582324,0.0027488782186591895,0.0037262568387487565
-24.5,-31.5,1930,0.019614313171524112,0.0035306136165585114,0.00359719726938119,0.00478527141904014
-23.5,-31.5,1931,0.013234152279288787,0.0037716995663235825,0.003527477727508823,0.006071253551315217
-22.5,-31.5,1932,0.004645545732639282,0.0033072084930734847,0.0021133729289537014,0.0040320871796741585
-21.5,-31.5,1933,0.007354476407380469,0.004580262948726469,0.004649451029544077,0.00615599286871566
-20.5,-31.5,1934,0.003703471776877573,0.0022316690169543324,0.002265460682907687,0.002281629313314164
80.5,-31.5,2035,0.0076787754882904164,NA,NA,0.011166082917328148
81.5,-31.5,2036,0.007590576936730928,NA,NA,0.011382128240564771
82.5,-31.5,2037,0.0076794314322172555,NA,NA,0.009553251472739967
83.5,-31.5,2038,0.006479654588227693,NA,NA,0.008266832725564974
84.5,-31.5,2039,0.006741113581023038,NA,NA,0.008501308427234065
85.5,-31.5,2040,0.006416798700987515,NA,NA,0.007872931758774335
86.5,-31.5,2041,0.006428087418175029,NA,NA,0.010079825553956766
87.5,-31.5,2042,0.007054875102864213,NA,NA,0.00783955014108301
88.5,-31.5,2043,0.006530545658005145,NA,NA,0.007774867064938275
89.5,-31.5,2044,0.006004470967307155,NA,NA,0.008968245858917999
-99.5,-30.5,2103,0.002697920329353263,NA,NA,0.003088759635607145
-98.5,-30.5,2104,0.0026922910645110227,NA,NA,0.0031411487583238723
-97.5,-30.5,2105,0.002848902297255916,NA,NA,0.003111542595269929
-96.5,-30.5,2106,0.0026824091829839706,NA,NA,0.00311266627239292
-95.5,-30.5,2107,0.0021857713650140498,NA,NA,0.00301034104499754
-94.5,-30.5,2108,0.0022020758467474985,NA,NA,0.0029578273417646466
-93.5,-30.5,2109,0.001769474407510001,NA,NA,0.002911050967350921
-92.5,-30.5,2110,0.0012073131463301242,NA,NA,0.0018241703253152179
-91.5,-30.5,2111,0.0014397507641492721,NA,NA,0.0016316912105942888
-90.5,-30.5,2112,0.0014522155174344605,NA,NA,0.0015935355273674313
-79.5,-30.5,2123,0.0017983680859035706,NA,NA,NA
-78.5,-30.5,2124,0.0022865843936182143,NA,NA,NA
-77.5,-30.5,2125,0.0034692012920535704,NA,NA,NA
-76.5,-30.5,2126,0.004692194552506339,NA,NA,NA
-75.5,-30.5,2127,0.0064002841931447224,NA,NA,NA
-74.5,-30.5,2128,0.003271208868126492,NA,NA,NA
-73.5,-30.5,2129,0.004947667148338356,NA,NA,NA
-72.5,-30.5,2130,0.0047003028758717865,NA,NA,NA
-71.5,-30.5,2131,0.03880344369066974,NA,NA,NA
-70.5,-30.5,2132,0.041500810809315336,NA,NA,NA
-69.5,-30.5,2133,0.020720620298046683,NA,NA,0.0077722638679487985
-68.5,-30.5,2134,0.034167512837775256,NA,NA,0.008232636158469328
-67.5,-30.5,2135,0.04064921382808273,NA,NA,0.008539171592886816
-66.5,-30.5,2136,0.020552684258682685,NA,NA,0.006587954009502236
-65.5,-30.5,2137,0.008565624527780884,NA,NA,0.0028380629341069924
-26.5,-30.5,2138,0.03270648078428383,0.0027522726210287207,0.0023770643134322735,0.005041592313840739
-25.5,-30.5,2139,0.0327865369651382,0.003615328347046926,0.0028784603692071182,0.004064822017521089
-24.5,-30.5,2140,0.021976301396121528,0.004013622141922013,0.0035645111809584754,0.004214230465844338
-23.5,-30.5,2141,0.014479140886751217,0.002621598685491725,0.003395019996282532,0.0047560981543510765
-22.5,-30.5,2142,0.015251195003968472,0.0032709056514852136,0.00294217980410919,0.005213467431979327
-21.5,-30.5,2143,0.01554186191901881,0.003273239255835334,0.0021131682183601645,0.003077896855739421
-20.5,-30.5,2144,0.012878986479189326,0.002232048402531581,0.0021930830831690825,0.002182279306633726
80.5,-30.5,2245,0.006834953038731415,NA,NA,0.007998656582944696
81.5,-30.5,2246,0.0038515272418408286,NA,NA,0.00910234955978946
82.5,-30.5,2247,0.004568914965554164,NA,NA,0.006866374330358471
83.5,-30.5,2248,0.006920701228823422,NA,NA,0.006866374330358471
84.5,-30.5,2249,0.006835236435386412,NA,NA,0.006833749037617812
85.5,-30.5,2250,0.006172208225870066,NA,NA,0.006685105095143528
86.5,-30.5,2251,0.005165669583760754,NA,NA,0.00667306773138828
87.5,-30.5,2252,0.005018870056416635,NA,NA,0.007708190778306676
88.5,-30.5,2253,0.004142923455747259,NA,NA,0.00838556114762705
89.5,-30.5,2254,0.004831225754562759,NA,NA,0.015175848650585064
-119.5,-29.5,2293,0.053797792508785414,NA,NA,NA
-118.5,-29.5,2294,0.05263898199325561,NA,NA,NA
-117.5,-29.5,2295,0.04848943622541839,NA,NA,NA
-116.5,-29.5,2296,0.034861050037695206,NA,NA,NA
-115.5,-29.5,2297,0.06779965305444223,NA,NA,NA
-114.5,-29.5,2298,0.033479399298990804,NA,NA,NA
-113.5,-29.5,2299,0.027558271993015845,NA,NA,NA
-112.5,-29.5,2300,0.02917262145112591,NA,NA,NA
-111.5,-29.5,2301,0.03024643156222149,NA,NA,NA
-110.5,-29.5,2302,0.017816673965070907,NA,NA,NA
-89.5,-29.5,2323,0.0030693535821731885,NA,NA,0.0022580852551985784
-88.5,-29.5,2324,0.0033860489997904523,NA,NA,0.0022580852551985784
-87.5,-29.5,2325,0.0023604180771430072,NA,NA,0.0022580852551985784
-86.5,-29.5,2326,0.0026388905907738947,NA,NA,0.0017960659899175124
-85.5,-29.5,2327,0.0029057651803323205,NA,NA,0.00219617655669927
-84.5,-29.5,2328,0.0027393432375922297,NA,NA,0.0024070263869886183
-83.5,-29.5,2329,0.0024847147278780116,NA,NA,0.002636761733864275
-82.5,-29.5,2330,0.00249987598591617,NA,NA,0.0028693299099945046
-81.5,-29.5,2331,0.0019451195814554933,NA,NA,0.0019248118640058742
-80.5,-29.5,2332,0.003170592845035503,NA,NA,0.002551588577185335
-79.5,-29.5,2333,0.010079989063280979,NA,NA,0.003089166883360057
-78.5,-29.5,2334,0.007496562223256868,NA,NA,0.003382622868533383
-77.5,-29.5,2335,0.005942051904515694,NA,NA,0.003329979597437993
-76.5,-29.5,2336,0.00465458673646875,NA,NA,0.0026440571974522707
-75.5,-29.5,2337,0.004150085922956212,NA,NA,0.0028509311120783194
-74.5,-29.5,2338,0.0043519830644328,NA,NA,0.00332547010055285
-73.5,-29.5,2339,0.0130385667576195,NA,NA,0.003359802328106813
-72.5,-29.5,2340,0.027843089335094356,NA,NA,0.004095711043870831
-71.5,-29.5,2341,0.013993475973861268,NA,NA,0.007885046186552107
-70.5,-29.5,2342,0.021012574193211828,NA,NA,0.008172502274375767
-69.5,-29.5,2343,0.02766162371581158,NA,0.003921114007692579,0.007910196462856123
-68.5,-29.5,2344,0.08057275025688684,NA,0.0036904138313482242,0.008810549640790035
-67.5,-29.5,2345,0.06885775617515616,NA,0.0038609616758829273,0.009850758528899632
-66.5,-29.5,2346,0.05134352574331408,NA,0.002569140725134506,0.006791883268931077
-65.5,-29.5,2347,0.0202496014435051,NA,0.0014102981221988864,0.003956552274453793
-26.5,-29.5,2348,0.026717962465419038,NA,0.0018103795568976864,0.0060118708853833126
-25.5,-29.5,2349,0.0423632960208004,NA,0.001997004367162006,0.003711149004320945
-24.5,-29.5,2350,0.0686162937749582,NA,0.0040952248138324005,0.0030167696422784794
-23.5,-29.5,2351,0.05804422221588753,NA,0.0026337658821346116,0.00504344434450424
-22.5,-29.5,2352,0.031428144345036296,NA,0.0031142652124327686,0.004049441829520372
-21.5,-29.5,2353,0.030156560918336357,NA,0.0023961527379439914,0.002508542122090242
-20.5,-29.5,2354,0.02833786245110181,NA,0.0025441638708029223,0.002713381256952296
70.5,-29.5,2445,0.00532966729854947,NA,NA,NA
71.5,-29.5,2446,0.0053161692096700035,NA,NA,NA
72.5,-29.5,2447,0.005253843572590047,NA,NA,NA
73.5,-29.5,2448,0.005286306726230981,NA,NA,NA
74.5,-29.5,2449,0.005544281026737656,NA,NA,NA
75.5,-29.5,2450,0.005769075735710637,NA,NA,NA
76.5,-29.5,2451,0.0054513231496815685,NA,NA,NA
77.5,-29.5,2452,0.005468760249652864,NA,NA,NA
78.5,-29.5,2453,0.0054183487540334346,NA,NA,NA
79.5,-29.5,2454,0.005451312666359247,NA,NA,NA
-119.5,-28.5,2504,0.19142982642673181,NA,NA,NA
-118.5,-28.5,2505,0.13661708318240562,NA,NA,NA
-117.5,-28.5,2506,0.16589229799477198,NA,NA,NA
-116.5,-28.5,2507,0.0891612819934362,NA,NA,NA
-115.5,-28.5,2508,0.08868145318935258,NA,NA,NA
-114.5,-28.5,2509,0.08205418332904603,NA,NA,NA
-113.5,-28.5,2510,0.07827090361652116,NA,NA,NA
-112.5,-28.5,2511,0.05798215496642989,NA,NA,NA
-111.5,-28.5,2512,0.04521948051446112,NA,NA,NA
-110.5,-28.5,2513,0.02730153524994095,NA,NA,NA
-89.5,-28.5,2534,0.004912011474856774,NA,NA,0.004295314751624494
-88.5,-28.5,2535,0.005910194121156846,NA,NA,0.004960847474636154
-87.5,-28.5,2536,0.004552222780473022,NA,NA,0.004295314751624494
-86.5,-28.5,2537,0.004631952347812325,NA,NA,0.0031575977791471546
-85.5,-28.5,2538,0.004518993569267688,NA,NA,0.0031773352694030774
-84.5,-28.5,2539,0.0044585477760427554,NA,NA,0.0032537788241187174
-83.5,-28.5,2540,0.004679447306636071,NA,NA,0.003423800871128493
-82.5,-28.5,2541,0.00599436345768721,NA,NA,0.0030476032119157166
-81.5,-28.5,2542,0.003997389502371706,NA,NA,0.002152812371102395
-80.5,-28.5,2543,0.005639662530319237,NA,NA,0.004044255560191889
-79.5,-28.5,2544,0.010307977402741504,NA,NA,0.0034622555838384503
-78.5,-28.5,2545,0.003560471490258543,NA,NA,0.004445223072970151
-77.5,-28.5,2546,0.004198820221004776,NA,NA,0.004770350639090706
-76.5,-28.5,2547,0.00356999612863673,NA,NA,0.004285527348768718
-75.5,-28.5,2548,0.010324722069278282,NA,NA,0.0032249418448818063
-74.5,-28.5,2549,0.00833911202876744,NA,NA,0.0036213279128940604
-73.5,-28.5,2550,0.015405175202043627,NA,NA,0.0052658221982145
-72.5,-28.5,2551,0.02115540830875378,NA,NA,0.012899791731598251
-71.5,-28.5,2552,0.045393815847586866,NA,NA,0.01191913629003388
-70.5,-28.5,2553,0.09358546902777065,NA,NA,0.018936473686688507
-69.5,-28.5,2554,0.057393095606346235,NA,0.0038452446903691016,0.008430726851680238
-68.5,-28.5,2555,0.060160393505225764,NA,0.004358238283020837,0.015892711854073184
-67.5,-28.5,2556,0.04728255865767166,NA,0.0033775283453970407,0.008690941533529267
-66.5,-28.5,2557,0.02326198734516853,NA,0.0011073679341511745,0.00566832756577281
-65.5,-28.5,2558,0.046038359065402365,NA,5.674525862022168e-4,0.002030901275046109
-25.5,-28.5,2559,0.0653906994798009,NA,0.0019042214635503264,0.005549842474323826
-24.5,-28.5,2560,0.054759672557765364,NA,0.0023997867216959934,0.006222739541816666
-23.5,-28.5,2561,0.0705954276113495,NA,0.003964355490688505,0.007991251492803183
-22.5,-28.5,2562,0.06993014012026652,NA,0.00309007880513322,0.006422028633980957
-21.5,-28.5,2563,0.08022894464396801,NA,0.0024090652549610065,0.004625704440736313
-20.5,-28.5,2564,0.0781287388223929,NA,0.002382300750869723,0.0044651679608681116
70.5,-28.5,2655,0.005852590090950972,NA,NA,NA
71.5,-28.5,2656,0.005940965617471773,NA,NA,NA
72.5,-28.5,2657,0.0057228412191192065,NA,NA,NA
73.5,-28.5,2658,0.005707422602913297,NA,NA,NA
74.5,-28.5,2659,0.005963791774348563,NA,NA,NA
75.5,-28.5,2660,0.005128112401133836,NA,NA,NA
76.5,-28.5,2661,0.005026374065309193,NA,NA,NA
77.5,-28.5,2662,0.0047938820347845565,NA,NA,NA
78.5,-28.5,2663,0.004777800588078994,NA,NA,NA
79.5,-28.5,2664,0.0033175568213263994,NA,NA,NA
-119.5,-27.5,2714,0.14150229783042467,NA,NA,NA
-118.5,-27.5,2715,0.12995794675607136,NA,NA,NA
-117.5,-27.5,2716,0.12583342128337488,NA,NA,NA
-116.5,-27.5,2717,0.06679519188449698,NA,NA,NA
-115.5,-27.5,2718,0.06934390747761913,NA,NA,NA
-114.5,-27.5,2719,0.07188933117309956,NA,NA,NA
-113.5,-27.5,2720,0.0676749236241544,NA,NA,NA
-112.5,-27.5,2721,0.06718231370515614,NA,NA,NA
-111.5,-27.5,2722,0.09809753431351198,NA,NA,NA
-110.5,-27.5,2723,0.1392730146352942,NA,NA,NA
-89.5,-27.5,2744,0.012858059585931596,NA,NA,0.006627016542907886
-88.5,-27.5,2745,0.014078634343140155,NA,NA,0.006777362647003324
-87.5,-27.5,2746,0.011159715794788918,NA,NA,0.007260119290831824
-86.5,-27.5,2747,0.01186796728256401,NA,NA,0.006690197447984761
-85.5,-27.5,2748,0.005343163655028625,NA,NA,0.006708871949361533
-84.5,-27.5,2749,0.006806968125378573,NA,NA,0.006460637558824542
-83.5,-27.5,2750,0.006468038102132056,NA,NA,0.005771673569921655
-82.5,-27.5,2751,0.005373660541827404,NA,NA,0.005727350525384506
-81.5,-27.5,2752,0.0050574503362950905,NA,NA,0.003555358664244517
-80.5,-27.5,2753,0.011232771489142783,NA,NA,0.005600342784158936
-79.5,-27.5,2754,0.009572577464958973,NA,NA,0.0038440035948946096
-78.5,-27.5,2755,0.01299224158279006,NA,NA,0.004798796115691901
-77.5,-27.5,2756,0.0062152081039027335,NA,NA,0.005915836959088875
-76.5,-27.5,2757,0.00915560267292202,NA,NA,0.009340500037739773
-75.5,-27.5,2758,0.01107970401207008,NA,NA,0.007389387739816586
-74.5,-27.5,2759,0.020797547189420815,NA,NA,0.01863848607359319
-73.5,-27.5,2760,0.025901397557633078,NA,NA,0.01919621850256355
-72.5,-27.5,2761,0.033896292915814544,NA,NA,0.03218064466370374
-71.5,-27.5,2762,0.044831244878026526,NA,NA,0.01264305318642183
-70.5,-27.5,2763,0.057510592153177977,NA,NA,0.017931186522456344
-69.5,-27.5,2764,0.05516221857004963,NA,0.003737992161337166,0.014141902184334136
-68.5,-27.5,2765,0.04674123753908294,NA,0.0033684482361029645,0.009387980016124235
-67.5,-27.5,2766,0.019187294978970783,NA,0.0023888707182440957,0.004798935606871456
-66.5,-27.5,2767,0.010430426515843439,NA,9.954068057521836e-4,0.003721306682283639
-26.5,-27.5,2768,0.04667041621880751,NA,0.0013354836016386403,0.0038842177538850665
-25.5,-27.5,2769,0.09616719186097714,NA,0.0016980433768391432,0.006408847244064786
-24.5,-27.5,2770,0.04786294925200384,NA,0.0025646056065007383,0.007839784563658844
-23.5,-27.5,2771,0.0782989161159665,NA,0.0030085651473820323,0.015652946981871047
-22.5,-27.5,2772,0.07726361956124735,NA,0.0024212944181706037,0.008778443721438278
-21.5,-27.5,2773,0.04358808160543761,NA,0.002516656770680886,0.00677729937777113
-20.5,-27.5,2774,0.05445700536884644,NA,0.0024982006801829437,0.0062907749272373675
70.5,-27.5,2865,0.007547110040643908,NA,NA,NA
71.5,-27.5,2866,0.009052040780431495,NA,NA,NA
72.5,-27.5,2867,0.007260544409433406,NA,NA,NA
73.5,-27.5,2868,0.007304463171762879,NA,NA,NA
74.5,-27.5,2869,0.006441664583101087,NA,NA,NA
75.5,-27.5,2870,0.00570175729807201,NA,NA,NA
76.5,-27.5,2871,0.004273425873292689,NA,NA,NA
77.5,-27.5,2872,0.004195191816043268,NA,NA,NA
78.5,-27.5,2873,0.00407728481007732,NA,NA,NA
79.5,-27.5,2874,0.004047941119830289,NA,NA,NA
-119.5,-26.5,2924,0.20931604365731812,NA,NA,NA
-118.5,-26.5,2925,0.2485793534251233,NA,NA,NA
-117.5,-26.5,2926,0.29388854755847893,NA,NA,NA
-116.5,-26.5,2927,0.21792076966671145,NA,NA,NA
-115.5,-26.5,2928,0.2294013189557516,NA,NA,NA
-114.5,-26.5,2929,0.22409297849265264,NA,NA,NA
-113.5,-26.5,2930,0.19938202006396533,NA,NA,NA
-112.5,-26.5,2931,0.1875824153599242,NA,NA,NA
-111.5,-26.5,2932,0.17803479994140747,NA,NA,NA
-110.5,-26.5,2933,0.10256035197615779,NA,NA,NA
-89.5,-26.5,2954,0.015119529336115245,NA,NA,0.009836455727656861
-88.5,-26.5,2955,0.013962161272280246,NA,NA,0.008190444022136117
-87.5,-26.5,2956,0.014790330174000733,NA,NA,0.009217129063955321
-86.5,-26.5,2957,0.015196099788587103,NA,NA,0.008659472238124011
-85.5,-26.5,2958,0.015074621185567984,NA,NA,0.009285897833313697
-84.5,-26.5,2959,0.015404125413096045,NA,NA,0.008754750441040826
-83.5,-26.5,2960,0.012659767010435424,NA,NA,0.007941569970144318
-82.5,-26.5,2961,0.015037752276351726,NA,NA,0.007028013379940336
-81.5,-26.5,2962,0.017989372426872537,NA,NA,0.0071343690020778915
-80.5,-26.5,2963,0.016423225165912176,NA,NA,0.011663220366915833
-79.5,-26.5,2964,0.01459179441074028,NA,NA,0.015632397710891557
-78.5,-26.5,2965,0.025066102193242134,NA,NA,0.023677412264532682
-77.5,-26.5,2966,0.025684456599529327,NA,NA,0.022610083142079813
-76.5,-26.5,2967,0.023521747838679285,NA,NA,0.02638431669620675
-75.5,-26.5,2968,0.026790322049772174,NA,NA,0.043409746204137976
-74.5,-26.5,2969,0.03188521611723011,NA,NA,0.037199765657110646
-73.5,-26.5,2970,0.0180827548606122,NA,NA,0.01861268072832462
-72.5,-26.5,2971,0.0271691867387378,NA,NA,0.01965219045380881
-71.5,-26.5,2972,0.04530105920049748,NA,NA,0.015752787502564314
-70.5,-26.5,2973,0.035319466078959576,NA,NA,0.011955119449537657
-69.5,-26.5,2974,0.04554857313605296,NA,0.003107547461182855,0.009777779149559351
-68.5,-26.5,2975,0.022968780122450145,NA,0.0014259668471073377,0.004617013927325955
-67.5,-26.5,2976,0.017012783889975854,NA,0.0016953120429592228,0.004897676242308977
-26.5,-26.5,2977,0.07680813935653209,NA,0.0011364037032505936,0.006582514032595039
-25.5,-26.5,2978,0.2425484400918186,NA,0.002000959502896349,0.009267200841860888
-24.5,-26.5,2979,0.08798288479390763,NA,0.0025554689619790216,0.033016328718993994
-23.5,-26.5,2980,0.1046522085327481,NA,0.001290591533217968,0.011304474336282644
-22.5,-26.5,2981,0.0793549982357167,NA,0.002461535060327528,0.012882585088893285
-21.5,-26.5,2982,0.1202620797446718,NA,0.002266966923934201,0.009617605398453183
-20.5,-26.5,2983,0.052316756136211104,NA,0.0019307861651869898,0.007476255701648991
70.5,-26.5,3074,0.014337173588855402,NA,NA,NA
71.5,-26.5,3075,0.013013778187441963,NA,NA,NA
72.5,-26.5,3076,0.00929329719738519,NA,NA,NA
73.5,-26.5,3077,0.007502495438054911,NA,NA,NA
74.5,-26.5,3078,0.007922980658164058,NA,NA,NA
75.5,-26.5,3079,0.006731260697569572,NA,NA,NA
76.5,-26.5,3080,0.007793819324090899,NA,NA,NA
77.5,-26.5,3081,0.008083828787253892,NA,NA,NA
78.5,-26.5,3082,0.006804107726601218,NA,NA,NA
79.5,-26.5,3083,0.007851315565342472,NA,NA,NA
-119.5,-25.5,3132,0.37291519593644473,NA,NA,NA
-118.5,-25.5,3133,0.3589747402346627,NA,NA,NA
-117.5,-25.5,3134,0.339317650643355,NA,NA,NA
-116.5,-25.5,3135,0.2654888344436454,NA,NA,NA
-115.5,-25.5,3136,0.2693231030892002,NA,NA,NA
-114.5,-25.5,3137,0.19884901459214824,NA,NA,NA
-113.5,-25.5,3138,0.1895118663640909,NA,NA,NA
-112.5,-25.5,3139,0.17400716915528558,NA,NA,NA
-111.5,-25.5,3140,0.3907548469047781,NA,NA,NA
-110.5,-25.5,3141,0.374335191403873,NA,NA,NA
-89.5,-25.5,3162,0.05842953553556805,NA,NA,0.018990434811764583
-88.5,-25.5,3163,0.08109987161064244,NA,NA,0.029636712133560467
-87.5,-25.5,3164,0.0837905147655389,NA,NA,0.029704766357996844
-86.5,-25.5,3165,0.10825619490106998,NA,NA,0.028450758088597365
-85.5,-25.5,3166,0.027896054848359667,NA,NA,0.02741064238019856
-84.5,-25.5,3167,0.03197892916846935,NA,NA,0.02472316287785862
-83.5,-25.5,3168,0.031213659519111155,NA,NA,0.02342563549346895
-82.5,-25.5,3169,0.047426714295348414,NA,NA,0.038420049485313745
-81.5,-25.5,3170,0.03898435708306435,NA,NA,0.025546388143610807
-80.5,-25.5,3171,0.03391275935777298,NA,NA,0.03525527686306224
-79.5,-25.5,3172,0.021317255373071258,NA,NA,0.029526036286905342
-78.5,-25.5,3173,0.02118748781503397,NA,NA,0.03378609268179934
-77.5,-25.5,3174,0.014653092877278959,NA,NA,0.0362729945390072
-76.5,-25.5,3175,0.017177088479101515,NA,NA,0.035841820876280656
-75.5,-25.5,3176,0.027480182512026653,NA,NA,0.032910648959068554
-74.5,-25.5,3177,0.019543334346554676,NA,NA,0.028032018901023435
-73.5,-25.5,3178,0.02300423079344293,NA,NA,0.018826376013052194
-72.5,-25.5,3179,0.0515363488191339,NA,NA,0.013177371777762157
-71.5,-25.5,3180,0.03730669291524593,NA,NA,0.010563992873503498
-70.5,-25.5,3181,0.05008385352702503,NA,NA,0.009720203288234119
-69.5,-25.5,3182,0.08279544816520451,NA,0.001596387888733918,0.014029274871509059
-68.5,-25.5,3183,0.06445581202915705,NA,0.0014144161706451763,0.006569906004931011
-67.5,-25.5,3184,0.020275888791255584,NA,7.488167887044547e-4,0.005282890781727436
-26.5,-25.5,3185,0.13961240063527633,NA,0.0015102701850480168,0.021846571475539096
-25.5,-25.5,3186,0.17722575775366317,NA,0.002019306799377516,0.016985519875587253
-24.5,-25.5,3187,0.2440048066377183,NA,0.0027961494752448573,0.03380283837285675
-23.5,-25.5,3188,0.16108568639485044,NA,0.0012501581697314228,0.015383493709801663
-22.5,-25.5,3189,0.15148428197373554,NA,0.002318625441973403,0.027203834432724706
-21.5,-25.5,3190,0.09119702419275688,NA,0.0017236053039761095,0.02077472475159395
-20.5,-25.5,3191,0.04034185523905342,NA,0.0011898202604884239,0.015391339006837822
70.5,-25.5,3282,0.010783087259181978,NA,NA,NA
71.5,-25.5,3283,0.01645656287346544,NA,NA,NA
72.5,-25.5,3284,0.010374176968201709,NA,NA,NA
73.5,-25.5,3285,0.010476766157117347,NA,NA,NA
74.5,-25.5,3286,0.010059154955368686,NA,NA,NA
75.5,-25.5,3287,0.015195624619435183,NA,NA,NA
76.5,-25.5,3288,0.014054838669929891,NA,NA,NA
77.5,-25.5,3289,0.011312677110706534,NA,NA,NA
78.5,-25.5,3290,0.011777370456190456,NA,NA,NA
79.5,-25.5,3291,0.008292162797353748,NA,NA,NA
-119.5,-24.5,3338,0.4130123132415261,NA,NA,NA
-118.5,-24.5,3339,0.4461746263197726,NA,NA,NA
-117.5,-24.5,3340,0.466664693773465,NA,NA,NA
-116.5,-24.5,3341,0.3472016983412422,NA,NA,NA
-115.5,-24.5,3342,0.3217548779747876,NA,NA,NA
-114.5,-24.5,3343,0.265712989095343,NA,NA,NA
-113.5,-24.5,3344,0.2500426729443666,NA,NA,NA
-112.5,-24.5,3345,0.22262563850787437,NA,NA,NA
-111.5,-24.5,3346,0.48271850347477535,NA,NA,NA
-110.5,-24.5,3347,0.33195053748226705,NA,NA,NA
-89.5,-24.5,3368,0.2110714817582644,NA,NA,0.03283156702574009
-88.5,-24.5,3369,0.28122344662383847,NA,NA,0.03555826512636747
-87.5,-24.5,3370,0.09110504205344805,NA,NA,0.04031081074356207
-86.5,-24.5,3371,0.06790985068890033,NA,NA,0.049895021729665895
-85.5,-24.5,3372,0.06265525277527219,NA,NA,0.050889039157292884
-84.5,-24.5,3373,0.053190197529135924,NA,NA,0.06711017448896106
-83.5,-24.5,3374,0.054193236702494346,NA,NA,0.08294439364999996
-82.5,-24.5,3375,0.04303573332592991,NA,NA,0.08925425555280761
-81.5,-24.5,3376,0.03963918445890224,NA,NA,0.09801385389559933
-80.5,-24.5,3377,0.028448879957568257,NA,NA,0.0562644459627346
-79.5,-24.5,3378,0.025915242899186116,NA,NA,0.04543979599529447
-78.5,-24.5,3379,0.020145861608612863,NA,NA,0.034252642645098065
-77.5,-24.5,3380,0.01963418159393455,NA,NA,0.02336341655266214
-76.5,-24.5,3381,0.015711138078692673,NA,NA,0.028603770983593495
-75.5,-24.5,3382,0.02891135681851663,NA,NA,0.02495901543815267
-74.5,-24.5,3383,0.02222773885521049,NA,NA,0.02650763927197293
-73.5,-24.5,3384,0.03768559870895836,NA,NA,0.02175155134441691
-72.5,-24.5,3385,0.03822651207572383,NA,NA,0.014515560974479048
-71.5,-24.5,3386,0.043242880441673195,NA,NA,0.015451050905978312
-70.5,-24.5,3387,0.07955362152264041,NA,NA,0.009470456580019243
-69.5,-24.5,3388,0.100840225276738,NA,0.002307476927814423,0.0116330288160622
-68.5,-24.5,3389,0.07398635553832443,NA,0.0013582147850837384,0.010977604532620878
-67.5,-24.5,3390,0.04692828447154132,NA,0.0014462046611108407,0.001790494735436973
-27.5,-24.5,3391,0.050092884297979395,NA,9.717226070628646e-4,0.006038613344218328
-26.5,-24.5,3392,0.12558347180313656,NA,0.001781331487374098,0.023215161817220515
-25.5,-24.5,3393,0.13523972354101435,NA,0.0018192102723065384,0.028298352347229227
-24.5,-24.5,3394,0.30596278644597863,NA,0.002170767434075481,0.034768700048984955
-23.5,-24.5,3395,0.11174246670710235,NA,0.0017780534756621808,0.03919963085524892
-22.5,-24.5,3396,0.07984689898990438,NA,0.0018417343575328094,0.04566616204296735
-21.5,-24.5,3397,0.06277874836748251,NA,0.0013627849867183827,0.020559595840603198
-20.5,-24.5,3398,0.04981483327196075,NA,0.0012353600857230786,0.019541248894003056
70.5,-24.5,3489,0.019107565854764315,NA,NA,NA
71.5,-24.5,3490,0.019952187455213106,NA,NA,NA
72.5,-24.5,3491,0.019887627369970337,NA,NA,NA
73.5,-24.5,3492,0.018789193165312974,NA,NA,NA
74.5,-24.5,3493,0.017663939995215924,NA,NA,NA
75.5,-24.5,3494,0.011506658444502821,NA,NA,NA
76.5,-24.5,3495,0.010845933746408793,NA,NA,NA
77.5,-24.5,3496,0.012484638315426387,NA,NA,NA
78.5,-24.5,3497,0.013183141923274048,NA,NA,NA
79.5,-24.5,3498,0.01218190623646553,NA,NA,NA
-119.5,-23.5,3544,0.43708975623093255,NA,NA,NA
-118.5,-23.5,3545,0.47958575924195695,NA,NA,NA
-117.5,-23.5,3546,0.4651314547175435,NA,NA,NA
-116.5,-23.5,3547,0.37642335226444257,NA,NA,NA
-115.5,-23.5,3548,0.34927192351757425,NA,NA,NA
-114.5,-23.5,3549,0.3395373534732056,NA,NA,NA
-113.5,-23.5,3550,0.28684155361241487,NA,NA,NA
-112.5,-23.5,3551,0.18678782096206592,NA,NA,NA
-111.5,-23.5,3552,0.4643620959289412,NA,NA,NA
-110.5,-23.5,3553,0.2751762186291538,NA,NA,NA
-89.5,-23.5,3574,0.13284024523023832,NA,NA,0.11666321577679287
-88.5,-23.5,3575,0.09078203191220334,NA,NA,0.10923294962248013
-87.5,-23.5,3576,0.08368825308343081,NA,NA,0.10313796419087
-86.5,-23.5,3577,0.0823221660095792,NA,NA,0.09409655165921722
-85.5,-23.5,3578,0.050523250043794876,NA,NA,0.11373903741304044
-84.5,-23.5,3579,0.03583339341541701,NA,NA,0.11204909096782235
-83.5,-23.5,3580,0.04055702696343265,NA,NA,0.11066150483463386
-82.5,-23.5,3581,0.03735023391888766,NA,NA,0.1518397624466969
-81.5,-23.5,3582,0.039142144029997314,NA,NA,0.13827035987753067
-80.5,-23.5,3583,0.036831031943640874,NA,NA,0.14697232194987034
-79.5,-23.5,3584,0.03237687366141629,NA,NA,0.09824749666236919
-78.5,-23.5,3585,0.017292710803930873,NA,NA,0.030724199014734672
-77.5,-23.5,3586,0.016876044463118987,NA,NA,0.024304407147427834
-76.5,-23.5,3587,0.02019614683620169,NA,NA,0.02553198118268855
-75.5,-23.5,3588,0.023091243666828874,NA,NA,0.02912702826698082
-74.5,-23.5,3589,0.0206385502508224,NA,NA,0.018015557021120277
-73.5,-23.5,3590,0.06119696012205082,NA,NA,0.010071648094170353
-72.5,-23.5,3591,0.044799635494737,NA,NA,0.0077873621150706795
-71.5,-23.5,3592,0.052343017774294606,NA,NA,0.009810373403422605
-70.5,-23.5,3593,0.08849852274264934,NA,NA,0.012723940594191708
-69.5,-23.5,3594,0.12143329107311318,NA,0.002701306710739669,0.014082560631416005
-68.5,-23.5,3595,0.19816331179474203,NA,0.0016139100624118878,0.006813583766606119
-67.5,-23.5,3596,0.07744883802221415,NA,9.291098633477322e-4,0.0056832383153501
-66.5,-23.5,3597,0.035676415220517954,NA,7.243471456031716e-4,0.0010824006961523292
-28.5,-23.5,3598,0.04682826258836398,NA,0.0011660217656754809,0.011827315864810964
-27.5,-23.5,3599,0.21115884322197484,NA,0.0019219340992297732,0.019254214973272198
-26.5,-23.5,3600,0.10621208783258126,NA,0.0015275650345296975,0.016875949543075093
-25.5,-23.5,3601,0.10786906887201868,NA,0.0011937697860433633,0.021756465307306568
-24.5,-23.5,3602,0.23655370136235554,NA,0.0015888323950521716,0.040357134795554014
-23.5,-23.5,3603,0.1664595997615417,NA,0.002197609477402845,0.028848436753692586
-22.5,-23.5,3604,0.20583787545799714,NA,0.0016614267547651737,0.04975912132234558
-21.5,-23.5,3605,0.1641274434037653,NA,0.0014053028607261854,0.05770041089192566
-20.5,-23.5,3606,0.13187785065623295,NA,0.0016957200129749596,0.021678238983142643
70.5,-23.5,3697,0.019946411654065497,NA,NA,NA
71.5,-23.5,3698,0.01607703278467666,NA,NA,NA
72.5,-23.5,3699,0.016328067658219727,NA,NA,NA
73.5,-23.5,3700,0.01584946885627758,NA,NA,NA
74.5,-23.5,3701,0.015657983773534452,NA,NA,NA
75.5,-23.5,3702,0.010815072970906777,NA,NA,NA
76.5,-23.5,3703,0.013065795778627059,NA,NA,NA
77.5,-23.5,3704,0.012665402256512082,NA,NA,NA
78.5,-23.5,3705,0.012351302601190856,NA,NA,NA
79.5,-23.5,3706,0.012765713015855797,NA,NA,NA
-119.5,-22.5,3752,0.3368899595452668,NA,NA,NA
-118.5,-22.5,3753,0.3130366946863551,NA,NA,NA
-117.5,-22.5,3754,0.3603146538101739,NA,NA,NA
-116.5,-22.5,3755,0.19766328080238701,NA,NA,NA
-115.5,-22.5,3756,0.2702686042421252,NA,NA,NA
-114.5,-22.5,3757,0.21450186613329503,NA,NA,NA
-113.5,-22.5,3758,0.36102537086211645,NA,NA,NA
-112.5,-22.5,3759,0.2662131727277389,NA,NA,NA
-111.5,-22.5,3760,0.3286833774813049,NA,NA,NA
-110.5,-22.5,3761,0.22308318975993835,NA,NA,NA
-89.5,-22.5,3782,0.07053687301808748,NA,NA,0.1011886891069615
-88.5,-22.5,3783,0.06997995110006912,NA,NA,0.09327331091016289
-87.5,-22.5,3784,0.07270021157809388,NA,NA,0.11985853852595646
-86.5,-22.5,3785,0.052151698555625244,NA,NA,0.122437374876719
-85.5,-22.5,3786,0.05257674690791706,NA,NA,0.13164184542375365
-84.5,-22.5,3787,0.06034994896205598,NA,NA,0.12335850492586332
-83.5,-22.5,3788,0.04802810674012776,NA,NA,0.1219849720715986
-82.5,-22.5,3789,0.058024940726589674,NA,NA,0.16258731343238475
-81.5,-22.5,3790,0.07628563325660362,NA,NA,0.15733753195477534
-80.5,-22.5,3791,0.04824744186356182,NA,NA,0.1086972917387104
-79.5,-22.5,3792,0.05203238220016563,NA,NA,0.059336730018805545
-78.5,-22.5,3793,0.04624504837944815,NA,NA,0.03422856582090734
-77.5,-22.5,3794,0.03375521602583733,NA,NA,0.025968918513119967
-76.5,-22.5,3795,0.029419341714251142,NA,NA,0.026338503733584158
-75.5,-22.5,3796,0.025274563171087533,NA,NA,0.02295153489749523
-74.5,-22.5,3797,0.03579431092778245,NA,NA,0.018842453327087085
-73.5,-22.5,3798,0.035689532969460515,NA,NA,0.0071716621318601
-72.5,-22.5,3799,0.04494091039693118,NA,NA,0.008095317553750928
-71.5,-22.5,3800,0.15415504829887883,NA,NA,0.014919846035358732
-70.5,-22.5,3801,0.155404295491226,NA,NA,0.01725267925157176
-69.5,-22.5,3802,0.2817442592311666,NA,0.002625811133145149,0.015253079761534937
-68.5,-22.5,3803,0.19568152213297801,NA,0.0018232535083672558,0.008583939759217042
-67.5,-22.5,3804,0.2289586040129333,NA,0.0016344414097982578,0.008738153406241777
-66.5,-22.5,3805,0.07519626019312842,NA,8.297607091308017e-4,0.0042226183603520755
-29.5,-22.5,3806,0.023605775761719155,NA,0.003993174083609443,0.015475846464765271
-28.5,-22.5,3807,0.03806711922356444,NA,9.869022824761373e-4,0.016409405056072905
-27.5,-22.5,3808,0.08944562979776044,NA,0.0018855766289851046,0.023554962489326373
-26.5,-22.5,3809,0.11611951570614508,NA,0.0015377669673196865,0.05803106095138368
-25.5,-22.5,3810,0.12057887132966918,NA,0.0011968825197109087,0.04186570134811056
-24.5,-22.5,3811,0.13628473247653247,NA,0.0023722563968272595,0.049346711267912124
-23.5,-22.5,3812,0.1121897426974659,NA,0.0017155084317885697,0.027860010618303635
-22.5,-22.5,3813,0.1513285299635488,NA,0.00234875356489262,0.03637440191065338
-21.5,-22.5,3814,0.1691093772654839,NA,0.0014107822303424118,0.03877218936609742
-20.5,-22.5,3815,0.18959105270650475,NA,0.0010800885013879911,0.03426436087511672
70.5,-22.5,3906,0.012715311702451475,NA,NA,NA
71.5,-22.5,3907,0.012695945924486076,NA,NA,NA
72.5,-22.5,3908,0.010206957055315222,NA,NA,NA
73.5,-22.5,3909,0.01175317615197952,NA,NA,NA
74.5,-22.5,3910,0.010100214894131484,NA,NA,NA
75.5,-22.5,3911,0.011751203523898893,NA,NA,NA
76.5,-22.5,3912,0.012166186117805762,NA,NA,NA
77.5,-22.5,3913,0.014831495103846206,NA,NA,NA
78.5,-22.5,3914,0.012234396593712032,NA,NA,NA
79.5,-22.5,3915,0.012975114880055164,NA,NA,NA
-119.5,-21.5,3961,0.6424245109889279,NA,NA,NA
-118.5,-21.5,3962,0.6405093123709521,NA,NA,NA
-117.5,-21.5,3963,0.6758575117883241,NA,NA,NA
-116.5,-21.5,3964,0.5730281025776905,NA,NA,NA
-115.5,-21.5,3965,0.570222320021644,NA,NA,NA
-114.5,-21.5,3966,0.32446928551377513,NA,NA,NA
-113.5,-21.5,3967,0.27479746046201486,NA,NA,NA
-112.5,-21.5,3968,0.18569769596419913,NA,NA,NA
-111.5,-21.5,3969,0.35285953863363545,NA,NA,NA
-110.5,-21.5,3970,0.45546194464244644,NA,NA,NA
-89.5,-21.5,3991,0.1753530783442113,NA,NA,0.09990105030043665
-88.5,-21.5,3992,0.22499604474809112,NA,NA,0.17148002717774033
-87.5,-21.5,3993,0.23736023072494805,NA,NA,0.16882815365308879
-86.5,-21.5,3994,0.18389826778500207,NA,NA,0.16194333337429295
-85.5,-21.5,3995,0.20576209741283827,NA,NA,0.1638057639495462
-84.5,-21.5,3996,0.2126275280463053,NA,NA,0.1706189510069099
-83.5,-21.5,3997,0.16505013936143242,NA,NA,0.15563632154664683
-82.5,-21.5,3998,0.2225925680757376,NA,NA,0.1245408605689365
-81.5,-21.5,3999,0.267381326416542,NA,NA,0.10418898361578478
-80.5,-21.5,4000,0.07627639553441896,NA,NA,0.049229224644706845
-79.5,-21.5,4001,0.12399220721353033,NA,NA,0.04515180564951773
-78.5,-21.5,4002,0.08336884651804313,NA,NA,0.06098996601395675
-77.5,-21.5,4003,0.059577415187930714,NA,NA,0.049459415709399025
-76.5,-21.5,4004,0.03756251399238273,NA,NA,0.04207173878255904
-75.5,-21.5,4005,0.03881514520887555,NA,NA,0.029036548972215
-74.5,-21.5,4006,0.07354579063506421,NA,NA,0.01720545941416641
-73.5,-21.5,4007,0.07874268425932021,NA,NA,0.010722092973701636
-72.5,-21.5,4008,0.10635346045087724,NA,NA,0.014409797390285774
-71.5,-21.5,4009,0.2324992159174489,NA,NA,0.05012165990949842
-70.5,-21.5,4010,0.20975462663545966,NA,NA,0.025785165490849412
-69.5,-21.5,4011,0.18136701510156564,NA,0.003451862875411934,0.02097165077250509
-68.5,-21.5,4012,0.3714125789018281,NA,0.0017071853156697128,0.01244945199577594
-67.5,-21.5,4013,0.30333274002192007,NA,0.0023370096457213576,0.00979652014249654
-66.5,-21.5,4014,0.18408657769981004,NA,0.0019474423286486191,0.00710454453823536
-65.5,-21.5,4015,0.057252030572741315,NA,8.216601989883545e-4,0.0030819502634020224
-29.5,-21.5,4017,0.09968322285078746,NA,0.0017043373842019574,0.05110504739929173
-28.5,-21.5,4018,0.05699831228328146,NA,0.0025811699000225794,0.04207124216546033
-27.5,-21.5,4019,0.08259322835566829,NA,0.0023034223366519804,0.04005336558396695
-26.5,-21.5,4020,0.24820652094238504,NA,0.0026631945111427655,0.08247599684006048
-25.5,-21.5,4021,0.16187514066764486,NA,0.0022002679715124904,0.06217708315565417
-24.5,-21.5,4022,0.3385425590380859,NA,0.002910162527225357,0.10980026553766785
-23.5,-21.5,4023,0.11018967594722032,NA,0.0011747599707373592,0.028582203174968675
-22.5,-21.5,4024,0.113126628213684,NA,0.0012721263310262146,0.022712437803132892
-21.5,-21.5,4025,0.16981639075729643,NA,0.0020710008098323517,0.023639600438577518
-20.5,-21.5,4026,0.19235409287748395,NA,0.0021093606598183256,0.0328190229214028
70.5,-21.5,4116,0.020605212950559722,NA,NA,NA
71.5,-21.5,4117,0.016249320479382323,NA,NA,NA
72.5,-21.5,4118,0.013246632908356187,NA,NA,NA
73.5,-21.5,4119,0.011759932764346035,NA,NA,NA
74.5,-21.5,4120,0.013961687813008819,NA,NA,NA
75.5,-21.5,4121,0.015538504512362796,NA,NA,NA
76.5,-21.5,4122,0.01496326604572009,NA,NA,NA
77.5,-21.5,4123,0.014183556711434482,NA,NA,NA
78.5,-21.5,4124,0.014183556711434482,NA,NA,NA
79.5,-21.5,4125,0.01442435903859335,NA,NA,NA
-119.5,-20.5,4170,0.6876396652079203,NA,NA,NA
-118.5,-20.5,4171,0.7083285773193382,NA,NA,NA
-117.5,-20.5,4172,0.642908993386916,NA,NA,NA
-116.5,-20.5,4173,0.5469527086656545,NA,NA,NA
-115.5,-20.5,4174,0.530928675299633,NA,NA,NA
-114.5,-20.5,4175,0.5959288896567233,NA,NA,NA
-113.5,-20.5,4176,0.5284918706539701,NA,NA,NA
-112.5,-20.5,4177,0.5190039494481714,NA,NA,NA
-111.5,-20.5,4178,0.5137610425508441,NA,NA,NA
-110.5,-20.5,4179,0.4206863753641879,NA,NA,NA
-89.5,-20.5,4200,0.3582482076039125,NA,NA,0.08884553913336068
-88.5,-20.5,4201,0.3270077437456596,NA,NA,0.08890826801835598
-87.5,-20.5,4202,0.3394881489467144,NA,NA,0.08508611406248169
-86.5,-20.5,4203,0.2607836509418384,NA,NA,0.09101613907912115
-85.5,-20.5,4204,0.32165603919228686,NA,NA,0.08687217774133345
-84.5,-20.5,4205,0.2915822893388483,NA,NA,0.08902858936536605
-83.5,-20.5,4206,0.2776780126783708,NA,NA,0.07762621796183333
-82.5,-20.5,4207,0.303549674067663,NA,NA,0.08405882728737353
-81.5,-20.5,4208,0.10665968852678732,NA,NA,0.04768390908641617
-80.5,-20.5,4209,0.10471771164144746,NA,NA,0.03861370476927576
-79.5,-20.5,4210,0.062115859927948706,NA,NA,0.04031049556064382
-78.5,-20.5,4211,0.0949338895192655,NA,NA,0.06658503086291513
-77.5,-20.5,4212,0.11876635917095948,NA,NA,0.06817045461061629
-76.5,-20.5,4213,0.08208464947622372,NA,NA,0.04056735241990654
-75.5,-20.5,4214,0.126298377582798,NA,NA,0.03900536467701426
-74.5,-20.5,4215,0.16845480910874663,NA,NA,0.02585159161585609
-73.5,-20.5,4216,0.19609508099933393,NA,NA,0.01312452759984616
-72.5,-20.5,4217,0.10556772470870628,NA,NA,0.017390789448963884
-71.5,-20.5,4218,0.1176924799571186,NA,NA,0.026679467879715858
-70.5,-20.5,4219,0.23973273991962396,NA,NA,0.03308742947764973
-69.5,-20.5,4220,0.20834009800174702,NA,0.003782665173138464,0.022573080203160595
-68.5,-20.5,4221,0.1207743166330192,NA,0.0013755681851691408,0.01701261640791381
-67.5,-20.5,4222,0.15211880441657313,NA,0.0018664726030333128,0.013246486614344638
-66.5,-20.5,4223,0.16770634152492112,NA,0.0019609671438621887,0.008904730200564892
-65.5,-20.5,4224,0.20076334313156194,NA,0.0011762326366484568,0.012350942739252689
-64.5,-20.5,4225,0.05227022301096218,NA,0.001035441513394493,0.005017766687429114
-63.5,-20.5,4226,0.03710389290513277,NA,0.0020120823051280583,0.006304449777269304
-62.5,-20.5,4227,0.18518655672653098,NA,0.014037944337262883,0.07988506908903638
-29.5,-20.5,4229,0.10660905213644314,NA,0.0026741101758612877,0.0540742189068704
-28.5,-20.5,4230,0.1801367371337142,NA,0.002833980740005312,0.08287034299579243
-27.5,-20.5,4231,0.17309073216380116,NA,0.0027083736811049307,0.10021434635442375
-26.5,-20.5,4232,0.20357153292222419,NA,0.0023134964963906737,0.0648276787293708
-25.5,-20.5,4233,0.25097711698780156,NA,0.0030584906701108874,0.08851794582000783
-24.5,-20.5,4234,0.2496537758162351,NA,0.0026569808673836096,0.08219417140599453
-23.5,-20.5,4235,0.17542249431048612,NA,0.002271413858252321,0.13592299835883584
-22.5,-20.5,4236,0.16005836188373565,NA,0.0015697475209728016,0.07547202386753721
-21.5,-20.5,4237,0.13396142403912195,NA,0.002752408878777667,0.05433082815604799
-20.5,-20.5,4238,0.13851371930687378,NA,0.0020698587797186555,0.04199188436462242
70.5,-20.5,4328,0.01622594855998629,NA,NA,NA
71.5,-20.5,4329,0.01294326903082411,NA,NA,NA
72.5,-20.5,4330,0.012907213854459386,NA,NA,NA
73.5,-20.5,4331,0.012884159835819904,NA,NA,NA
74.5,-20.5,4332,0.011828250379328184,NA,NA,NA
75.5,-20.5,4333,0.012366299210173359,NA,NA,NA
76.5,-20.5,4334,0.012366299210173359,NA,NA,NA
77.5,-20.5,4335,0.012485423353107192,NA,NA,NA
78.5,-20.5,4336,0.012485423353107192,NA,NA,NA
79.5,-20.5,4337,0.008102631677625387,NA,NA,NA
-109.5,-19.5,4393,0.40439094394911657,NA,NA,0.020911195168215182
-108.5,-19.5,4394,0.3331381558939531,NA,NA,0.014017933345835003
-107.5,-19.5,4395,0.3544811995709444,NA,NA,0.013468035310782188
-106.5,-19.5,4396,0.27732079737270743,NA,NA,0.012614141377884485
-105.5,-19.5,4397,0.384979959291625,NA,NA,0.013063276801613021
-104.5,-19.5,4398,0.3950562763277605,NA,NA,0.012848035049647578
-103.5,-19.5,4399,0.46135030091761775,NA,NA,0.012017472814737763
-102.5,-19.5,4400,0.5121607320937536,NA,NA,0.014172607977287218
-101.5,-19.5,4401,0.5277330412651202,NA,NA,0.015084379686800048
-100.5,-19.5,4402,0.49928139019951095,NA,NA,0.017764017157869988
-99.5,-19.5,4403,0.5100894704208014,NA,NA,0.016395056363328216
-98.5,-19.5,4404,0.47644594650961575,NA,NA,0.022729969614054348
-97.5,-19.5,4405,0.5270942559103756,NA,NA,0.021986663054857247
-96.5,-19.5,4406,0.4967794000401934,NA,NA,0.02480882304884604
-95.5,-19.5,4407,0.4998586338758509,NA,NA,0.03395206986425586
-94.5,-19.5,4408,0.4172435099815211,NA,NA,0.033968883100951315
-93.5,-19.5,4409,0.717705513447814,NA,NA,0.03701412222096332
-92.5,-19.5,4410,0.2610545691850228,NA,NA,0.03743916286085559
-91.5,-19.5,4411,0.24447305058493363,NA,NA,0.05512416123966829
-90.5,-19.5,4412,0.2790662979199269,NA,NA,0.06513622385696961
-89.5,-19.5,4413,0.2961572661187545,0.015273468785985409,0.006586983737901528,0.06583882707179131
-88.5,-19.5,4414,0.23300222168970655,0.022057439502057966,0.007518358007432066,0.06491069082049995
-87.5,-19.5,4415,0.32931931115452623,0.021822569644177805,0.005949529175513377,0.06542971707761233
-86.5,-19.5,4416,0.3145265467432128,0.022400966519114163,0.005523259495003441,0.06262731580123666
-85.5,-19.5,4417,0.3258483261218852,0.01721750146080628,0.007157173527647054,0.06006118626668775
-84.5,-19.5,4418,0.5027055583431533,0.01938571360657588,0.009656587340548747,0.069287019342663
-83.5,-19.5,4419,0.3818183228078232,0.019050202884430024,0.009133466157827156,0.06119379701574233
-82.5,-19.5,4420,0.3418678272295729,0.02502321434422334,0.011730155754922448,0.058240790453047225
-81.5,-19.5,4421,0.13003223519821244,0.013561269203574764,0.007154704371913678,0.03022863188088947
-80.5,-19.5,4422,0.12810828140614489,0.017664255227210393,0.008440643219220613,0.029924075242122518
-79.5,-19.5,4423,0.12153206566839525,0.019321107084340254,0.00914481027806581,0.03572289596781151
-78.5,-19.5,4424,0.0813458992127731,0.016775008680193056,0.007176754515232512,0.028480336161773687
-77.5,-19.5,4425,0.22138797112508163,0.02539502143071093,0.009252383917525227,0.034590471299044585
-76.5,-19.5,4426,0.15321637699425625,0.035508885811427915,0.011042967086654594,0.03626559191850592
-75.5,-19.5,4427,0.11237078465027676,0.03734809330034201,0.009640236763651175,0.031540456303712876
-74.5,-19.5,4428,0.07049046062451968,0.04384997589729139,0.007515560329879333,0.030343358710909894
-73.5,-19.5,4429,0.08086861973322144,0.030721755266990707,0.005701887954349383,0.015464955235007375
-72.5,-19.5,4430,0.09376307569025563,0.022634795987474383,0.005498740362569695,0.014892151408878396
-71.5,-19.5,4431,0.12535728220108358,0.03171418338443006,0.006091599901889347,0.024571542360797696
-70.5,-19.5,4432,0.13506435412557308,0.050393928163600644,0.004620263007393713,0.029731786686953327
-69.5,-19.5,4433,0.16357705818414425,0.06116334929095682,0.003829545875112123,0.03100083886356308
-68.5,-19.5,4434,0.08477511422158603,0.11498240088128367,0.001738387048715213,0.023187856726975063
-67.5,-19.5,4435,0.11863752302834937,0.039340762531763974,0.001667324972994745,0.03959938110103247
-66.5,-19.5,4436,0.2598379927444112,0.04613569364812377,0.0017470750452578902,0.04552822150208842
-65.5,-19.5,4437,0.16738010602408132,0.03295172626730938,0.002352357651835044,0.04616775973636531
-64.5,-19.5,4438,0.20967383386518848,0.019414167041958866,0.002564872384308219,0.037269167612481405
-63.5,-19.5,4439,0.21300826266351797,0.02501997602216169,0.0029059995924652403,0.01459444892855217
-62.5,-19.5,4440,0.10411995247029326,0.014549792624239773,0.002746064757998651,0.008018388984064567
-61.5,-19.5,4441,0.07846115843025847,0.018822314525555023,0.0024377270000307135,0.00564297190137637
-60.5,-19.5,4442,0.01602671066503214,0.012289054257918111,0.005244303742406203,0.004913289050952262
-59.5,-19.5,4443,0.03587567321597123,0.007171271004072979,0.0031038074775205917,0.007990875506098886
-29.5,-19.5,4446,0.1545170257935806,0.021326666020795255,0.0032947679339388504,0.12253021693943907
-28.5,-19.5,4447,0.19085702912044955,0.031162231595153318,0.003590568380344684,0.12426678101445786
-27.5,-19.5,4448,0.19148321631878873,0.03163457622462786,0.003907715272353158,0.08563481936101901
-26.5,-19.5,4449,0.20724042068887716,0.022895818205057077,0.003829704800210357,0.08631744207838085
-25.5,-19.5,4450,0.2809660538222379,0.03313769716184323,0.004981261753630611,0.10709861979944779
-24.5,-19.5,4451,0.3242227230723148,0.028126180769808856,0.0041690231659156154,0.16424970577213793
-23.5,-19.5,4452,0.22801259243579655,0.0162776763817531,0.0019463904174149653,0.25897471782467923
-22.5,-19.5,4453,0.2124653534915007,0.011405193374704546,0.001357355176697135,0.13004806776445216
-21.5,-19.5,4454,0.11373317799828381,0.014078388361420191,0.0023509323993736375,0.07670958524301898
-20.5,-19.5,4455,0.13518048103422226,0.016183289541381665,0.002407386646652349,0.10052437771604007
-19.5,-19.5,4456,0.17632963144119201,0.021691877865056785,0.002975673589214907,0.10148737879104136
-18.5,-19.5,4457,0.28304569929976453,0.036063133944083864,0.005352169086650937,0.14182853427863704
-17.5,-19.5,4458,0.2816118657210988,0.030699395169132435,0.004787219052615232,0.13830924742047648
-16.5,-19.5,4459,0.22456175495806313,0.031138987379259565,0.004570626556814716,0.09419488058319803
-15.5,-19.5,4460,0.42180788483141246,0.0661532742668446,0.007511025551531024,0.2082553385210567
-14.5,-19.5,4461,0.36867872751637376,0.081966497121734,0.007476015708984649,0.23869780239439087
-13.5,-19.5,4462,0.5010826852345421,0.14588962879689896,0.009495357065075413,0.5110181041683483
-12.5,-19.5,4463,0.5452143613596648,0.23986014767163344,0.01482742314051192,0.4701054081249778
-11.5,-19.5,4464,0.493741630072967,0.20953627612861106,0.012149750523446117,0.5543987274285214
-10.5,-19.5,4465,0.37775402200604796,0.16378135206874334,0.009106896858266003,0.46778970438072054
0.5,-19.5,4476,0.4045638120403843,NA,0.008077239109108987,0.17728254702439997
1.5,-19.5,4477,0.18250229065626172,NA,0.0077527033460942805,0.1899105312892584
2.5,-19.5,4478,0.19162818635651296,NA,0.006334459881020483,0.29055325655941616
3.5,-19.5,4479,0.11347633932424549,NA,0.005861437181346903,0.2553578928502437
4.5,-19.5,4480,0.11332862915625407,NA,0.007350973434559574,0.25772363487070865
5.5,-19.5,4481,0.1871788185670302,NA,0.007942394705284923,0.3070963333256433
6.5,-19.5,4482,0.43692396903277675,NA,0.014883232781993648,0.5676267050370727
7.5,-19.5,4483,0.39115343529924934,NA,0.02428498304886078,0.4876415634388124
8.5,-19.5,4484,0.3980560164894914,NA,0.020845565295917554,0.5077721958389781
9.5,-19.5,4485,0.4488188676904072,NA,0.02922441779845514,0.590760550526896
20.5,-19.5,4496,0.4798322968976132,0.3855616016499614,0.013048865948842414,0.17766917372461785
21.5,-19.5,4497,0.5130579008262616,0.2724965582639524,0.014291588176540493,0.17022426726565348
22.5,-19.5,4498,0.5577870528263656,0.3133753393939644,0.016710472825079897,0.16937622331000518
23.5,-19.5,4499,0.44974285712892087,0.26357051312539276,0.014289382918956144,0.31456874458412304
24.5,-19.5,4500,0.43540253491753933,0.2601436793137663,0.015601298520856122,0.534468755715393
25.5,-19.5,4501,0.44121731673455306,0.2537978512483864,0.01575353240123698,0.47770733248669517
26.5,-19.5,4502,0.44747435601350194,0.2932305753686775,0.024873586752958043,0.5706263858192143
27.5,-19.5,4503,0.46020221197017874,0.24750353793838187,0.024433432429469135,0.5876672499799773
28.5,-19.5,4504,0.43492585570384584,0.2496019013551447,0.01951393567663824,0.4911661136353754
29.5,-19.5,4505,0.44083924425341686,0.2381384316541822,0.01873380528664544,0.48475025844942915
40.5,-19.5,4516,0.4858400119789218,0.08308290914461149,0.014313007440893711,0.06602936493430635
41.5,-19.5,4517,0.3989545353489115,0.044058777455572753,0.01293567087499117,0.05555097099099567
42.5,-19.5,4518,0.3365697037331519,0.03696894807314035,0.011386755114378276,0.04760776726535881
43.5,-19.5,4519,0.30512487015138345,0.0551504531103348,0.009696448641222577,0.030386454588613044
44.5,-19.5,4520,0.16302739500184474,0.04245267363696863,0.009696448641222577,0.03528591822668991
45.5,-19.5,4521,0.0700026253717144,0.03206103949868745,0.009474793906291452,0.029457654252529313
46.5,-19.5,4522,0.0608555201070738,0.031118876869918172,0.011212546975161714,0.025483006195735677
47.5,-19.5,4523,0.045625908224263136,0.030797755655283518,0.012076111821156466,0.01788935668310136
48.5,-19.5,4524,0.044105455373639496,0.02970500313814887,0.011768853994405257,0.02201936452230437
49.5,-19.5,4525,0.045472896469305905,0.032338535740871165,0.012753668724763665,0.01950578070423834
50.5,-19.5,4526,0.045324000424802606,0.032150717181023816,NA,0.01770974450474103
51.5,-19.5,4527,0.04439200238966657,0.031116094876275275,NA,0.016890278863353446
52.5,-19.5,4528,0.04439200238966657,0.03085458799921206,NA,0.013840508112744919
53.5,-19.5,4529,0.0401873725329677,0.031596216671648435,NA,0.013791383535616167
54.5,-19.5,4530,0.037320794586279814,0.028628415933134598,NA,0.013348506139029529
55.5,-19.5,4531,0.037143174259313474,0.028818098103881598,NA,0.013976848520439962
56.5,-19.5,4532,0.034154710953830936,0.022779649591561674,NA,0.013545169869189203
57.5,-19.5,4533,0.035444962544604844,0.019837032908624163,NA,0.010335616876932302
58.5,-19.5,4534,0.05672028370677528,0.01956929053919762,NA,0.009265037073497693
59.5,-19.5,4535,0.04254599065050615,0.017829155418000175,NA,0.009958264972122117
70.5,-19.5,4546,0.01582941543237859,NA,NA,NA
71.5,-19.5,4547,0.010082197621803804,NA,NA,NA
72.5,-19.5,4548,0.012472344442213075,NA,NA,NA
73.5,-19.5,4549,0.012533060354261105,NA,NA,NA
74.5,-19.5,4550,0.012887303541235138,NA,NA,NA
75.5,-19.5,4551,0.014396501935887328,NA,NA,NA
76.5,-19.5,4552,0.008838792320027359,NA,NA,NA
77.5,-19.5,4553,0.008774801134191967,NA,NA,NA
78.5,-19.5,4554,0.0087498219437802,NA,NA,NA
79.5,-19.5,4555,0.0087498219437802,NA,NA,NA
80.5,-19.5,4556,0.009330822790910508,NA,NA,0.005443592975752829
81.5,-19.5,4557,0.009288570625264265,NA,NA,0.005291588948284026
82.5,-19.5,4558,0.008756890581887106,NA,NA,0.005193642610659688
83.5,-19.5,4559,0.00570408008199245,NA,NA,0.0050710938241516615
84.5,-19.5,4560,0.004797890175904589,NA,NA,0.005339663765795163
85.5,-19.5,4561,0.005022114798441012,NA,NA,0.004511406586566874
86.5,-19.5,4562,0.004220569520279097,NA,NA,0.004404807694216774
87.5,-19.5,4563,0.005198314039999775,NA,NA,0.0047715319614870105
88.5,-19.5,4564,0.005117904560019359,NA,NA,0.005228475177442715
89.5,-19.5,4565,0.006233426829497051,NA,NA,0.005233522826708454
90.5,-19.5,4566,0.006266833562441797,NA,0.005087855613547188,0.005248760239617693
91.5,-19.5,4567,0.007177231650262451,NA,0.005087855613547188,0.005248760239617693
92.5,-19.5,4568,0.007283235600025377,NA,0.0066543003389626645,0.005248760239617693
93.5,-19.5,4569,0.007319446914859205,NA,0.006810099599239391,0.005445769936770714
94.5,-19.5,4570,0.008273528527995691,NA,0.006651138864064185,0.005430215569526206
95.5,-19.5,4571,0.008852717555739338,NA,0.006770237030150047,0.00573744230851845
96.5,-19.5,4572,0.007501213564578517,NA,0.007195938593479721,0.005703848459188054
97.5,-19.5,4573,0.007724724321146795,NA,0.007228328108298253,0.006077706007457539
98.5,-19.5,4574,0.008004282282745523,NA,0.006891532515488651,0.005695015903401131
99.5,-19.5,4575,0.006357867028017506,NA,0.007597332563764235,0.004569825700848101
-109.5,-18.5,4611,0.42679472427851817,NA,NA,0.020779392283913994
-108.5,-18.5,4612,0.4335974067100606,NA,NA,0.01841965325446282
-107.5,-18.5,4613,0.2912079016621776,NA,NA,0.013161129722691123
-106.5,-18.5,4614,0.3099772489298273,NA,NA,0.013941107628401997
-105.5,-18.5,4615,0.29526693522892444,NA,NA,0.015419659874712643
-104.5,-18.5,4616,0.28907389561972635,NA,NA,0.014355478149393253
-103.5,-18.5,4617,0.3184334069804429,NA,NA,0.014447277624596197
-102.5,-18.5,4618,0.4698122406001328,NA,NA,0.014018829511583123
-101.5,-18.5,4619,0.5325730360366053,NA,NA,0.01444184510782829
-100.5,-18.5,4620,0.5211518711659173,NA,NA,0.013893081201159486
-99.5,-18.5,4621,0.38106037921076613,NA,NA,0.012372927112222234
-98.5,-18.5,4622,0.36632000492518263,NA,NA,0.010693536875261617
-97.5,-18.5,4623,0.42905756263989986,NA,NA,0.011223475343689015
-96.5,-18.5,4624,0.4351275703906456,NA,NA,0.011514819297124711
-95.5,-18.5,4625,0.5112280037264706,NA,NA,0.01398376761975594
-94.5,-18.5,4626,0.32144669419722266,NA,NA,0.01555818982902543
-93.5,-18.5,4627,0.4077206530142578,NA,NA,0.020795271712215808
-92.5,-18.5,4628,0.21761029923285757,NA,NA,0.013427753099851348
-91.5,-18.5,4629,0.32520679950709724,NA,NA,0.017347848260194653
-90.5,-18.5,4630,0.35370502092875544,NA,NA,0.02099428194093753
-89.5,-18.5,4631,0.3110506383939323,0.016263044104036593,0.007428628045273966,0.02059835982336824
-88.5,-18.5,4632,0.26424800406368115,0.016310528148667226,0.005602380225677219,0.018502805158420246
-87.5,-18.5,4633,0.19926617905366087,0.016730115635579527,0.007396827723124416,0.014147339608754266
-86.5,-18.5,4634,0.1863895266538754,0.01935148973897864,0.006967627815407065,0.015217076251041203
-85.5,-18.5,4635,0.14783239027890493,0.020835098365313026,0.006043126471704214,0.012249549930424417
-84.5,-18.5,4636,0.3051004905691923,0.0419609811562566,0.010521958810700373,0.022018421997651524
-83.5,-18.5,4637,0.27634764577820126,0.03321003810545227,0.008060140415486399,0.017401476736790926
-82.5,-18.5,4638,0.24223855799912533,0.028883535206269514,0.006243255616957481,0.01799595647271291
-81.5,-18.5,4639,0.1447943675421325,0.02651728143826443,0.006471240762418419,0.021468758325894514
-80.5,-18.5,4640,0.18802827643107647,0.03359582680884199,0.008071435101521725,0.029910612721731723
-79.5,-18.5,4641,0.18431608771266692,0.03547875751287867,0.008174087496722946,0.03285259642874113
-78.5,-18.5,4642,0.07553668175639958,0.01937421634956413,0.004953618948819281,0.028068045871802283
-77.5,-18.5,4643,0.050112963030445185,0.02626864204283302,0.005612808878637523,0.03952832962888172
-76.5,-18.5,4644,0.09285009763106118,0.0403127424570154,0.00825194345216114,0.040779059194708075
-75.5,-18.5,4645,0.11043603149403686,0.049973710489603244,0.007216528671617554,0.03185671710313192
-74.5,-18.5,4646,0.17920241720485483,0.05861540238970235,0.007290745285620365,0.0218578309363303
-73.5,-18.5,4647,0.12769513200749433,0.0675806027017879,0.007587977378808387,0.030432690596806762
-72.5,-18.5,4648,0.1410795771407799,0.08445505012111648,0.007655257597507959,0.021174510305124693
-71.5,-18.5,4649,0.13841203519822687,0.08728872681167724,0.007642592335003196,0.029222320794609263
-70.5,-18.5,4650,0.11467832734245838,0.07140393205431811,0.008763519203193834,0.030051204247970285
-69.5,-18.5,4651,0.14329906754418367,0.146229713597683,0.007222458758047363,0.03486484701866719
-68.5,-18.5,4652,0.1363196805061376,0.05378505159219593,0.0038533258927864415,0.07990868721540571
-67.5,-18.5,4653,0.19995476673289383,0.06197666315929127,0.0046935391163045,0.06082367124275183
-66.5,-18.5,4654,0.15183543096234037,0.04678488393892066,0.0018939855581070278,0.10567730806134565
-65.5,-18.5,4655,0.150313808840795,0.050200989418766,0.0016591788225187407,0.09175302232471962
-64.5,-18.5,4656,0.16623513680772875,0.03421850044764084,0.0016781638557406538,0.15253862735010612
-63.5,-18.5,4657,0.26072795917297714,0.02630731355899505,0.0018663530994269925,0.09986392674831564
-62.5,-18.5,4658,0.14135394491333872,0.020619249618138352,0.002942532740127516,0.035727620501658806
-61.5,-18.5,4659,0.061820541183841886,0.016068216141236335,0.002485808175000619,0.01201840843422193
-60.5,-18.5,4660,0.03692769234010795,0.016178661504682567,0.0029802092846314614,0.010673612141123801
-59.5,-18.5,4661,0.026349340124712965,0.010637900936681094,0.0032841544174147374,0.009437920781741632
-58.5,-18.5,4662,0.02457195446962895,0.007631997168858069,0.0025652068092476797,0.00887120464406162
-29.5,-18.5,4667,0.1243257840970209,0.03507934658082271,0.0028289319626489478,0.1687627622865297
-28.5,-18.5,4668,0.1359003495436829,0.0342454275849219,0.0028162682295313963,0.20413660354905444
-27.5,-18.5,4669,0.1591490845307925,0.03372983855172238,0.0027174049132638912,0.131777643837106
-26.5,-18.5,4670,0.20235572448238545,0.048802998908895716,0.0035133558425000425,0.16940678261067293
-25.5,-18.5,4671,0.23244431777801294,0.052013095793762405,0.0048556646171427995,0.16682900015524338
-24.5,-18.5,4672,0.17982483068198551,0.04355169770949244,0.002657483711303972,0.1326912177112659
-23.5,-18.5,4673,0.19117048421080812,0.03992384555675477,0.0030311745433910737,0.13071915142146706
-22.5,-18.5,4674,0.3184811116347017,0.050558173785548784,0.0038965000423776077,0.14129196851223283
-21.5,-18.5,4675,0.2568201822865696,0.054447014242631014,0.0053679462867053844,0.10236820000488235
-20.5,-18.5,4676,0.4396604926713355,0.07201329123858909,0.0055163334286089626,0.12184203422418434
-19.5,-18.5,4677,0.3667319476797541,0.06269591946230191,0.005528748921994962,0.1583521936579995
-18.5,-18.5,4678,0.3558022397977138,0.06368015742869959,0.0056987063823279805,0.10500083545864208
-17.5,-18.5,4679,0.2860582059074468,0.04479130746976447,0.004928647321397344,0.10268258136999067
-16.5,-18.5,4680,0.308268440880558,0.058156756616308015,0.004910580531471741,0.1127865560891259
-15.5,-18.5,4681,0.49817073031505027,0.10810111126013705,0.008907669950259522,0.23820866028717547
-14.5,-18.5,4682,0.41836136099820986,0.12495409956684086,0.010473257524451982,0.29628810555893986
-13.5,-18.5,4683,0.5885302755368341,0.1536085585014342,0.013043777823167926,0.40688430504866596
-12.5,-18.5,4684,0.6302765581223572,0.19205805349136792,0.010724446994145731,0.5389874287494307
-11.5,-18.5,4685,0.3477225553550483,0.11982568843546391,0.00865943129955138,0.41569308604984845
-10.5,-18.5,4686,0.38308918631583827,0.17875734719193398,0.00898848672269401,0.4601191284897955
0.5,-18.5,4697,0.32638117024255653,NA,0.010339055795326086,0.29518577642147037
1.5,-18.5,4698,0.3317663459429085,NA,0.007827332303262727,0.3059785597675453
2.5,-18.5,4699,0.12297804642568447,NA,0.0080787608728432,0.3684203843920711
3.5,-18.5,4700,0.12354135741644379,NA,0.009635527514576076,0.4829759782741691
4.5,-18.5,4701,0.14903804839624196,NA,0.007786989187411591,0.4963483248589501
5.5,-18.5,4702,0.20976042294236963,NA,0.011642826940540339,0.4994792035040383
6.5,-18.5,4703,0.40160447584033526,NA,0.028571314549149834,0.6361283619395925
7.5,-18.5,4704,0.40984165644412524,NA,0.039399488103101704,0.6217659845078679
8.5,-18.5,4705,0.33920228675641506,NA,0.08010437434652565,0.6596053233661323
9.5,-18.5,4706,0.3443622645318285,NA,0.05353510095586157,0.6411590536654956
20.5,-18.5,4717,0.5075478127115417,0.33425344004738566,0.05222203009584649,0.37273127602954775
21.5,-18.5,4718,0.41375249303998507,0.24037398200374374,0.03312519314391144,0.31641470011359746
22.5,-18.5,4719,0.390988030530476,0.24495688826137751,0.02872326598435919,0.4876276449663144
23.5,-18.5,4720,0.39000710230724606,0.24618616286859854,0.043556101535735366,0.5263966623581685
24.5,-18.5,4721,0.3768414173976809,0.24360617598821274,0.04284620411506786,0.751913947107841
25.5,-18.5,4722,0.39890677737657787,0.26708523767725034,0.04462748027600844,0.752265964680282
26.5,-18.5,4723,0.35401958077271206,0.23060955888543713,0.0467830471261825,0.7617976798678563
27.5,-18.5,4724,0.2437861052130751,0.18518568833155313,0.033451525059462084,0.6201315040186036
28.5,-18.5,4725,0.29824141270121235,0.19629537777256992,0.046112772326642515,0.534469211613271
29.5,-18.5,4726,0.31221213220198185,0.19096533742106525,0.047270866496999554,0.5389472861738732
40.5,-18.5,4737,0.3893995539564348,0.048494752610145644,0.014540300719496007,0.08340619596123933
41.5,-18.5,4738,0.20328638003905425,0.05534713642375033,0.013883359094788352,0.061997526023421845
42.5,-18.5,4739,0.06822573144707648,0.03508788282035254,0.011968728811900692,0.05964961182855337
43.5,-18.5,4740,0.05369731826600091,0.028101535013560455,0.009540122851349468,0.04198997652962723
44.5,-18.5,4741,0.049308321156099406,0.03460342533540575,0.02920409191572135,0.04858613737589983
45.5,-18.5,4742,0.04848285477771779,0.034572759933095845,0.015159911260738148,0.05002197429982698
46.5,-18.5,4743,0.04196424123732015,0.03478770784325947,0.024606900779592905,0.0457370635323756
47.5,-18.5,4744,0.05257857538923562,0.044598473065037725,0.034552621367160634,0.03977272486651487
48.5,-18.5,4745,0.05471177408772667,0.04621212231659661,0.028697032679242396,0.03036785161631927
49.5,-18.5,4746,0.0512741848368391,0.047515856834938246,0.011441905267577154,0.02693351317767926
50.5,-18.5,4747,0.04418154076773976,0.037344935013763236,NA,0.026078506531254448
51.5,-18.5,4748,0.05160012201844184,0.03394822364608195,NA,0.017959233718250162
52.5,-18.5,4749,0.040652226779595096,0.03304529129023407,NA,0.0171656339160874
53.5,-18.5,4750,0.04100261875509649,0.04616493354440167,NA,0.0171656339160874
54.5,-18.5,4751,0.03844931300765078,0.034080980301567906,NA,0.016986283937813144
55.5,-18.5,4752,0.040155195419551475,0.03346616892122871,NA,0.013681461877482436
56.5,-18.5,4753,0.039864922303235475,0.03286236612017663,NA,0.016642918846976846
57.5,-18.5,4754,0.045808425897760234,0.03188297603477182,NA,0.015536347850869677
58.5,-18.5,4755,0.04253547052066131,0.026493457643586727,NA,0.015345237643128099
59.5,-18.5,4756,0.038635108817685684,0.025051851649450556,NA,0.011765183915907022
70.5,-18.5,4767,0.015113329362545815,NA,NA,NA
71.5,-18.5,4768,0.011928242692851958,NA,NA,NA
72.5,-18.5,4769,0.019866919275415115,NA,NA,NA
73.5,-18.5,4770,0.006787400433349111,NA,NA,NA
74.5,-18.5,4771,0.008750376602193691,NA,NA,NA
75.5,-18.5,4772,0.00854025809162233,NA,NA,NA
76.5,-18.5,4773,0.008750376602193691,NA,NA,NA
77.5,-18.5,4774,0.00847274966310196,NA,NA,NA
78.5,-18.5,4775,0.007713002320414608,NA,NA,NA
79.5,-18.5,4776,0.008192457543635496,NA,NA,NA
80.5,-18.5,4777,0.008080914850154157,NA,NA,0.0049470158594769505
81.5,-18.5,4778,0.008754479108303098,NA,NA,0.004638526454535225
82.5,-18.5,4779,0.006765488116753406,NA,NA,0.004602522748502837
83.5,-18.5,4780,0.007309995964000037,NA,NA,0.0046849783810886505
84.5,-18.5,4781,0.004541584850461079,NA,NA,0.005533978795861604
85.5,-18.5,4782,0.004927437478443088,NA,NA,0.004235454584190151
86.5,-18.5,4783,0.005133030984367056,NA,NA,0.004664753264031655
87.5,-18.5,4784,0.006252929947846867,NA,NA,0.005207370259283474
88.5,-18.5,4785,0.006376887765917892,NA,NA,0.005222531928689392
89.5,-18.5,4786,0.006407876646651735,NA,NA,0.005222531928689392
90.5,-18.5,4787,0.007059961677584006,NA,0.005189978279518912,0.005222531928689392
91.5,-18.5,4788,0.007660611658020036,NA,0.006450041651833211,0.006490447363930021
92.5,-18.5,4789,0.007535786168774642,NA,0.006450041651833211,0.006490447363930021
93.5,-18.5,4790,0.007730692694158261,NA,0.006450041651833211,0.006450041651833211
94.5,-18.5,4791,0.009381738161440823,NA,0.006450041651833211,0.0071980052275056935
95.5,-18.5,4792,0.009523347018066683,NA,0.006762360916113607,0.0055093936549130635
96.5,-18.5,4793,0.009541204223994853,NA,0.00669266695758468,0.005749478904215395
97.5,-18.5,4794,0.00978972442456518,NA,0.006923644459539664,0.00499724272384304
98.5,-18.5,4795,0.009049818315630339,NA,0.00572092063455841,0.004849835098570953
99.5,-18.5,4796,0.0070575884738767565,NA,0.004632848351291162,0.004944369430754071
-109.5,-17.5,4832,0.3409726106140614,NA,NA,0.017666886655720165
-108.5,-17.5,4833,0.3771117309297287,NA,NA,0.011560181149536379
-107.5,-17.5,4834,0.3859605154585853,NA,NA,0.011301109287193974
-106.5,-17.5,4835,0.33275283597867544,NA,NA,0.010331714582938778
-105.5,-17.5,4836,0.3272229586938723,NA,NA,0.010331714582938778
-104.5,-17.5,4837,0.3275188491066222,NA,NA,0.010265844280258125
-103.5,-17.5,4838,0.3587911356462638,NA,NA,0.010308960204270412
-102.5,-17.5,4839,0.34912735956717855,NA,NA,0.010308960204270412
-101.5,-17.5,4840,0.36586664457013907,NA,NA,0.010308960204270412
-100.5,-17.5,4841,0.3544179987907269,NA,NA,0.01018824219308278
-99.5,-17.5,4842,0.39107209102057783,NA,NA,0.01001469250721035
-98.5,-17.5,4843,0.3524499405429555,NA,NA,0.00908036916385993
-97.5,-17.5,4844,0.40176200744975726,NA,NA,0.00860183876898828
-96.5,-17.5,4845,0.3318862984001393,NA,NA,0.008959978974678854
-95.5,-17.5,4846,0.2910439400986495,NA,NA,0.010175654104264516
-94.5,-17.5,4847,0.26270394413444415,NA,NA,0.0107326518533054
-93.5,-17.5,4848,0.1858926872123514,NA,NA,0.01102892870160289
-92.5,-17.5,4849,0.4013019863190835,NA,NA,0.009050946688759455
-91.5,-17.5,4850,0.23396311157181868,NA,NA,0.008901219274899027
-90.5,-17.5,4851,0.27169553929446416,NA,NA,0.009577473374568615
-89.5,-17.5,4852,0.2684414493621935,0.030531746154598274,0.007495938049903567,0.009243182661529044
-88.5,-17.5,4853,0.23090954266035077,0.031767267234450135,0.0072756883833083215,0.008121331527197814
-87.5,-17.5,4854,0.24133586771692037,0.029305570549803914,0.007233315559641249,0.007795514162965062
-86.5,-17.5,4855,0.40149513256218106,0.03290232882843567,0.008344123581487327,0.00898823351024931
-85.5,-17.5,4856,0.33948576473799064,0.0355097184114779,0.00850792754814682,0.00885738083202212
-84.5,-17.5,4857,0.4105704411936513,0.04595940649801364,0.007860336329378975,0.011859672119583447
-83.5,-17.5,4858,0.34693141654552667,0.04653770585629837,0.010666336201536094,0.016814978176327926
-82.5,-17.5,4859,0.30442616748865775,0.035283102193826,0.0072385843961611015,0.013081997223229417
-81.5,-17.5,4860,0.2787957045172972,0.03305773950993639,0.008133439109289521,0.016998058353329272
-80.5,-17.5,4861,0.22873712169787142,0.040274590904348324,0.006096964072137781,0.011627611407567273
-79.5,-17.5,4862,0.13343766743212435,0.03378359987003164,0.007724577347702502,0.013827108750862113
-78.5,-17.5,4863,0.053643767079290916,0.03850893972413702,0.005746267191019835,0.01931524944677685
-77.5,-17.5,4864,0.09219675852997153,0.028683884738922815,0.005297523124227981,0.01333479576138804
-76.5,-17.5,4865,0.16772796937433987,0.06360127207113808,0.009085636861679488,0.027366823595902097
-75.5,-17.5,4866,0.20860267652356665,0.07568486585175824,0.009166208809861926,0.02619226342083072
-74.5,-17.5,4867,0.2408894439784289,0.08997686746225185,0.009681978920862536,0.02925777007100094
-73.5,-17.5,4868,0.24787581743171946,0.10613834788939594,0.009190329732979442,0.028261499576220955
-72.5,-17.5,4869,0.24240648986733457,0.10970972385902313,0.012333702629961175,0.03958923158652381
-71.5,-17.5,4870,0.24747697558732254,0.10976440895373323,0.011225281615419939,0.04186459031673987
-70.5,-17.5,4871,0.19907345082987654,0.13147720218744596,0.012737834076793034,0.08353285379316741
-69.5,-17.5,4872,0.14452332388756023,0.057119035538245384,0.006856363103064479,0.06388138934194551
-68.5,-17.5,4873,0.1746743877727776,0.0666395271748533,0.008342598895431081,0.2748838012632542
-67.5,-17.5,4874,0.18152748493958162,0.08023997986791886,0.006961715612522226,0.3431116974539378
-66.5,-17.5,4875,0.1191307704911532,0.040432450093720186,0.0024471100607569313,0.255934993484214
-65.5,-17.5,4876,0.1435947099951312,0.03904963980210941,0.0023587616833257385,0.31857518925784095
-64.5,-17.5,4877,0.13152611132534076,0.04729572652816582,0.0021333302305455402,0.20205351507244787
-63.5,-17.5,4878,0.1563069849926243,0.0411977818437943,0.0021688358516069755,0.19418951091995756
-62.5,-17.5,4879,0.2690108893607219,0.036747384032841404,0.00407960337141121,0.11678478790518684
-61.5,-17.5,4880,0.14407810334876386,0.028405709989146617,0.0023525253225196727,0.057096817646710915
-60.5,-17.5,4881,0.07037481302276935,0.019048695865118894,0.007257492955089939,0.02633093199380125
-59.5,-17.5,4882,0.03837468341743936,0.0139092202272506,0.006044588752352351,0.018466616651183366
-58.5,-17.5,4883,0.02654483429408721,0.011370856723683827,0.004491202965256678,0.00972881334088264
-29.5,-17.5,4889,0.11757448746750712,0.03245839724279073,0.0028834953323795807,0.1702355803717602
-28.5,-17.5,4890,0.13741377895569987,0.03820203244034318,0.003995220269401991,0.13066479982321172
-27.5,-17.5,4891,0.1570892431611368,0.04856933212600012,0.002964677723665008,0.17396865430267586
-26.5,-17.5,4892,0.126748297841985,0.06398078415989125,0.002912316534862371,0.1702047990966902
-25.5,-17.5,4893,0.23079648486515103,0.08766302406156466,0.005070186183749469,0.18811178805758869
-24.5,-17.5,4894,0.15996831913397092,0.05376153548017145,0.0037188046426352506,0.15363242750234124
-23.5,-17.5,4895,0.1989915000637826,0.06052599439908233,0.0045560239450484815,0.2746173177956048
-22.5,-17.5,4896,0.27244177994948204,0.06649597669948346,0.0044910422345406835,0.34537074042912935
-21.5,-17.5,4897,0.2862175031788186,0.05016249901394404,0.005965774278071446,0.25861529169767306
-20.5,-17.5,4898,0.35005814887928655,0.06623110745166617,0.006667723655476069,0.2567351441575742
-19.5,-17.5,4899,0.3477157866667643,0.06852250287225198,0.006675945988478506,0.27718702122080774
-18.5,-17.5,4900,0.3768333146869303,0.06878487987819724,0.007222302027364602,0.4247388478143241
-17.5,-17.5,4901,0.3304922701857674,0.056479917687713384,0.007701219349823188,0.4503775747301939
-16.5,-17.5,4902,0.40586671343691855,0.06334481253184328,0.010640357083089833,0.3645235791371935
-15.5,-17.5,4903,0.5008486839639306,0.0864717398162242,0.014415467086381346,0.4839687630210534
-14.5,-17.5,4904,0.4349672805974299,0.10990746178543144,0.016757139166797545,0.5265308731416879
-13.5,-17.5,4905,0.5150554110327001,0.12356481831837782,0.016232960910896693,0.5657403640579696
-12.5,-17.5,4906,0.520472447159588,0.12736637648793636,0.018525524272003498,0.65462796168502
-11.5,-17.5,4907,0.2677200387495881,0.08148473574469017,0.01709746742623042,0.5453534587802449
-10.5,-17.5,4908,0.3530703637445664,0.13259847981676978,0.017679995649029143,0.5763067558355006
0.5,-17.5,4919,0.24375113976989715,NA,0.01891990126896574,0.34587812440381516
1.5,-17.5,4920,0.3092109443826769,NA,0.03609463014783298,0.3720598001937278
2.5,-17.5,4921,0.11738177560661092,NA,0.035513467645470996,0.31858680777247045
3.5,-17.5,4922,0.08144259575207888,NA,0.020322215934855878,0.3730531284655631
4.5,-17.5,4923,0.16303752414814898,NA,0.02313843666582939,0.5670809454822057
5.5,-17.5,4924,0.18828159703898892,NA,0.035494060377191015,0.6017499361435583
6.5,-17.5,4925,0.16604319056516062,NA,0.04007753252891992,0.30310716459959447
7.5,-17.5,4926,0.21514418452901293,NA,0.08410046156578377,0.44954811702693825
8.5,-17.5,4927,0.24934517272719653,NA,0.13273593954728644,0.6271457255353421
9.5,-17.5,4928,0.25692848794914946,NA,0.2762427757870487,0.6077223938075133
20.5,-17.5,4939,0.4027329908736573,0.17721093564123233,0.10256519521779571,0.22972839840113016
21.5,-17.5,4940,0.37652459534656946,0.18739569990337882,0.15079164286476837,0.3459044787813402
22.5,-17.5,4941,0.35433754198683876,0.16179331761074198,0.14150695570800384,0.33310193886414025
23.5,-17.5,4942,0.3180510088284622,0.14158933940425933,0.13259501516420358,0.45040470585350517
24.5,-17.5,4943,0.31756741810118433,0.1732775486106341,0.1591925150606332,0.5917237666271338
25.5,-17.5,4944,0.32234164409128274,0.24221417744233575,0.13048352201992208,0.721671371837731
26.5,-17.5,4945,0.3271834389425616,0.20758744157700065,0.10359964014036303,0.765628604672103
27.5,-17.5,4946,0.2826174101447976,0.23714211242453292,0.15783968109166813,0.6370144906941858
28.5,-17.5,4947,0.3178672557532818,0.22003792804818828,0.052249320319366493,0.6787027405803643
29.5,-17.5,4948,0.31412352133607835,0.3129781682863381,0.055494986965586725,0.7462597877945539
40.5,-17.5,4958,0.0678809128583248,0.034903036668006725,0.04975843876424067,0.06735418407818065
41.5,-17.5,4959,0.048489492812969985,0.028769129571746144,0.04070512783983301,0.09447673088817618
42.5,-17.5,4960,0.04278230423219982,0.03928540802510634,0.029851266231721442,0.05654533051233529
43.5,-17.5,4961,0.042443419243010684,0.03951622462964851,0.028716016644893146,0.05819885349215969
44.5,-17.5,4962,0.050841802896963884,0.04454542807712918,0.025729728420954532,0.05677523377369952
45.5,-17.5,4963,0.06033104917675352,0.0823341939866167,0.025292972780979635,0.08411729332702833
46.5,-17.5,4964,0.059198981235595985,0.07066691797043141,0.027748887030910756,0.05205176521520043
47.5,-17.5,4965,0.057611271771849895,0.06346666835865976,0.026962036527701308,0.04682363610512001
48.5,-17.5,4966,0.07322937342853483,0.06454747490573978,0.026333883819706916,0.04586984882258212
49.5,-17.5,4967,0.060169410631386575,0.0568816148983414,0.015186995451948553,0.034182094760070905
50.5,-17.5,4968,0.04432888806082512,0.04206742245254704,NA,0.02324711304804141
51.5,-17.5,4969,0.04975338769283326,0.04079346975429768,NA,0.022485613732926613
52.5,-17.5,4970,0.04509694019552121,0.044378613894831276,NA,0.021140245328177022
53.5,-17.5,4971,0.04248352319814456,0.040104274600617384,NA,0.02006799829260331
54.5,-17.5,4972,0.04060305773206093,0.03831655312971375,NA,0.022110975105172896
55.5,-17.5,4973,0.04130670043789591,0.03594416568583295,NA,0.02021756013317605
56.5,-17.5,4974,0.04156183952061187,0.036431803306076024,NA,0.016045527943264092
57.5,-17.5,4975,0.0401247363725637,0.033559794797232895,NA,0.015716008882242494
58.5,-17.5,4976,0.041862149362673656,0.030572185294432903,NA,0.015716008882242494
59.5,-17.5,4977,0.03510445334424273,0.025646985456722612,NA,0.014613361768149093
70.5,-17.5,4988,0.007661812298135883,NA,NA,NA
71.5,-17.5,4989,0.007916690607561077,NA,NA,NA
72.5,-17.5,4990,0.007608693538693316,NA,NA,NA
73.5,-17.5,4991,0.008159126047918084,NA,NA,NA
74.5,-17.5,4992,0.006594988349945,NA,NA,NA
75.5,-17.5,4993,0.008102437722030256,NA,NA,NA
76.5,-17.5,4994,0.007191337158498901,NA,NA,NA
77.5,-17.5,4995,0.0073919488974718665,NA,NA,NA
78.5,-17.5,4996,0.007553204196922175,NA,NA,NA
79.5,-17.5,4997,0.007246981855558181,NA,NA,NA
80.5,-17.5,4998,0.006553408721697267,NA,NA,0.005324704318675546
81.5,-17.5,4999,0.007664285535626855,NA,NA,0.0045177899516265834
82.5,-17.5,5000,0.006417155285377439,NA,NA,0.004598931123939958
83.5,-17.5,5001,0.0054810451051831,NA,NA,0.0043158909905668804
84.5,-17.5,5002,0.003530790955103043,NA,NA,0.005466274025130559
85.5,-17.5,5003,0.004714951720246267,NA,NA,0.004714068807526542
86.5,-17.5,5004,0.0052376563371927505,NA,NA,0.005109017312130319
87.5,-17.5,5005,0.006069079891135947,NA,NA,0.005124114795091955
88.5,-17.5,5006,0.006128939874819844,NA,NA,0.0050708233398373825
89.5,-17.5,5007,0.007441586528360469,NA,NA,0.0067368428641593776
90.5,-17.5,5008,0.007440056113126936,NA,0.006181181291498019,0.006181181291498019
91.5,-17.5,5009,0.00769393737937101,NA,0.006181181291498019,0.006181181291498019
92.5,-17.5,5010,0.007352280720623378,NA,0.0063021406154012425,0.006181181291498019
93.5,-17.5,5011,0.009264309779774552,NA,0.0063021406154012425,0.005003959484731952
94.5,-17.5,5012,0.009016666010049633,NA,0.006181181291498019,0.004983251563320741
95.5,-17.5,5013,0.009248002850655886,NA,0.0050252596258487815,0.0049373321050190985
96.5,-17.5,5014,0.009254625402507783,NA,0.005192996549907104,0.004594896856620337
97.5,-17.5,5015,0.009323074741450504,NA,0.0046698904157593535,0.004668015775739014
98.5,-17.5,5016,0.009213737328597905,NA,0.005293900759662653,0.004853476074270852
99.5,-17.5,5017,0.009382211687023639,NA,0.005545492493682351,0.006524656911098762
-109.5,-16.5,5051,0.23229277524557723,NA,NA,0.018020360832245407
-108.5,-16.5,5052,0.3041002525220317,NA,NA,0.019745992813872775
-107.5,-16.5,5053,0.30493463714033836,NA,NA,0.016692818326905848
-106.5,-16.5,5054,0.29264932723646886,NA,NA,0.016444841011708507
-105.5,-16.5,5055,0.2972772973195462,NA,NA,0.016945198370726878
-104.5,-16.5,5056,0.3061895372259245,NA,NA,0.014735688715520424
-103.5,-16.5,5057,0.3328302834357934,NA,NA,0.013343321737942757
-102.5,-16.5,5058,0.33195229709390334,NA,NA,0.014311018262804157
-101.5,-16.5,5059,0.32417032372073923,NA,NA,0.0142899029561653
-100.5,-16.5,5060,0.28551077091489274,NA,NA,0.014720976020034289
-99.5,-16.5,5061,0.20824409524239174,NA,NA,0.013628536725823799
-98.5,-16.5,5062,0.21855817319009258,NA,NA,0.013735648112938186
-97.5,-16.5,5063,0.18781709584537942,NA,NA,0.011800673558513197
-96.5,-16.5,5064,0.1531099471765455,NA,NA,0.010184502459921658
-95.5,-16.5,5065,0.1496311154327471,NA,NA,0.010212198182457388
-94.5,-16.5,5066,0.17611669083223747,NA,NA,0.010163641822488962
-93.5,-16.5,5067,0.20253171984175244,NA,NA,0.010167246006561687
-92.5,-16.5,5068,0.1605749531198146,NA,NA,0.008250412952101134
-91.5,-16.5,5069,0.15028735182600333,NA,NA,0.008378033531604408
-90.5,-16.5,5070,0.17336307425661351,NA,NA,0.009536526985734145
-89.5,-16.5,5071,0.1760198949249377,0.03554149351980805,0.005851482672166878,0.009500715659151237
-88.5,-16.5,5072,0.18019066250713578,0.03746925874472767,0.006390602715843344,0.00995940251624352
-87.5,-16.5,5073,0.19235816628514354,0.052717721676528134,0.008251039871119036,0.011902875260832817
-86.5,-16.5,5074,0.18962953485305953,0.07762374458877795,0.008589740252060735,0.013604189237317914
-85.5,-16.5,5075,0.2358310163160244,0.0844027275277669,0.009808006612208098,0.014503807393564713
-84.5,-16.5,5076,0.41343108388563893,0.10739982738146757,0.013593946297078559,0.02259862021145384
-83.5,-16.5,5077,0.2638439718574168,0.10309329900248299,0.01090144912237176,0.014230214797334053
-82.5,-16.5,5078,0.27917220915471125,0.08750436654515577,0.010223455159804976,0.01570954910614995
-81.5,-16.5,5079,0.35784256710516377,0.1022417070906572,0.013083414522440806,0.02198065334373365
-80.5,-16.5,5080,0.31649631348823676,0.10918548838596126,0.009355858828252914,0.02161474582338577
-79.5,-16.5,5081,0.14378158901610946,0.06165355166028878,0.007261767725830706,0.01482794394632577
-78.5,-16.5,5082,0.14852719905660564,0.06906351880870532,0.008368779744585077,0.016235509118325747
-77.5,-16.5,5083,0.21098292424768428,0.09648069562946385,0.008350611208788362,0.02083510080121075
-76.5,-16.5,5084,0.1801241988018509,0.0719911326548884,0.008456712443325052,0.023412390423265907
-75.5,-16.5,5085,0.27172460798267334,0.10291221979741066,0.011207634790294263,0.05059922690856329
-74.5,-16.5,5086,0.25170116786206514,0.08037571902890578,0.008631926281638802,0.022930110101663972
-73.5,-16.5,5087,0.34852779255901745,0.1032282813497723,0.012263451356922021,0.0328627316411708
-72.5,-16.5,5088,0.28833544557504454,0.10123520995509734,0.012290737621554962,0.05575712048410007
-71.5,-16.5,5089,0.2771564712753007,0.0513522966470201,0.011347314260969533,0.07510816921556655
-70.5,-16.5,5090,0.2712210031687762,0.05789025296281317,0.01421589295035023,0.09137855085597418
-69.5,-16.5,5091,0.2646502915341115,0.0520108864984233,0.011094985972145605,0.14864714951264715
-68.5,-16.5,5092,0.2760978068041324,0.05044542836603151,0.009748086007033065,0.2747485944327155
-67.5,-16.5,5093,0.282003085512819,0.07017859969198141,0.00895121406600434,0.36155903106739523
-66.5,-16.5,5094,0.2690243708078389,0.05194369800647626,0.004726543684590868,0.4384682839261401
-65.5,-16.5,5095,0.2571266595469261,0.05510986558668765,0.004688436447947483,0.3953945202010349
-64.5,-16.5,5096,0.20147213467164207,0.0528546722282494,0.009694103132923746,0.5182331273776303
-63.5,-16.5,5097,0.3611838175177007,0.06749088001592535,0.01028213017627482,0.486495670125978
-62.5,-16.5,5098,0.29750074410374117,0.05237859853556637,0.011695093832399228,0.3658684679604174
-61.5,-16.5,5099,0.3068961324459549,0.06997453457787245,0.004841044535177527,0.37647843605536335
-60.5,-16.5,5100,0.12824824955672096,0.029054247993068657,0.005854642137248567,0.12203445179066207
-59.5,-16.5,5101,0.07201047523994655,0.02069561884142626,0.013831802735850078,0.06267332408528808
-58.5,-16.5,5102,0.04095004830690521,0.013042937534050128,0.006002721168088894,0.02004663734608406
-57.5,-16.5,5103,0.015600008510419906,0.011004592822021207,0.0063358907276258635,0.004906478007081089
-29.5,-16.5,5111,0.11746063865110871,0.03201801781634377,0.004470868126141681,0.2865641817030498
-28.5,-16.5,5112,0.09926418599855828,0.04186426899086008,0.0032222576434588817,0.2853803036742036
-27.5,-16.5,5113,0.10385190070886555,0.04969667110902284,0.0043434255617622606,0.29600366533616135
-26.5,-16.5,5114,0.2623223519100599,0.0545578315544157,0.00621820406749418,0.37075071602291243
-25.5,-16.5,5115,0.25440409209557696,0.057464344219070776,0.006262351573164154,0.31840028603215437
-24.5,-16.5,5116,0.268631492638564,0.0438917079904385,0.004373235466949509,0.3402558448390861
-23.5,-16.5,5117,0.2605826195828314,0.044217387873107576,0.006996291426771148,0.4205431539479068
-22.5,-16.5,5118,0.27750592938803115,0.044499644676345033,0.008045567790053776,0.481215396612582
-21.5,-16.5,5119,0.2926312922639135,0.04442652271375579,0.007832150381530633,0.3678230501195963
-20.5,-16.5,5120,0.3131589340875374,0.04622485790353138,0.005673074671463716,0.4567935426313639
-19.5,-16.5,5121,0.36312902283131293,0.056138010647142675,0.008619635296084513,0.4329076799259454
-18.5,-16.5,5122,0.3710306657309856,0.05861532534119688,0.009056811627755486,0.5719541935638748
-17.5,-16.5,5123,0.35171142031860414,0.05768986304564089,0.013365691315250327,0.4655009363239658
-16.5,-16.5,5124,0.4423342428361514,0.06706736106124322,0.02147044436757489,0.5550900206952398
-15.5,-16.5,5125,0.5108501115444349,0.09229124179866102,0.0390131678266631,0.5315843918847493
-14.5,-16.5,5126,0.5100246425817253,0.12137040712576341,0.04042149573573639,0.607687868407257
-13.5,-16.5,5127,0.4995561451164066,0.10482291735977092,0.043998085273272744,0.4758124061462876
-11.5,-16.5,5128,0.217332593398674,0.06619490018287151,0.04777353991341552,0.500938652106485
-10.5,-16.5,5129,0.509847022985957,0.15228821807584492,0.07196140761692883,0.4980021681012142
0.5,-16.5,5139,0.13293293516799137,NA,0.02406392515603294,0.238862988473734
1.5,-16.5,5140,0.17313766571837613,NA,0.06106252536552462,0.23480567384517606
2.5,-16.5,5141,0.09433799807497287,NA,0.0571963265513636,0.3566960995540937
3.5,-16.5,5142,0.10328680627400645,NA,0.06274907166964341,0.19510555354575237
4.5,-16.5,5143,0.13462566863245373,NA,0.06468011589523745,0.4163268283302604
5.5,-16.5,5144,0.11997907721333063,NA,0.07251195689278919,0.23207579296614242
6.5,-16.5,5145,0.108119163820084,NA,0.07050241217522189,0.2005675332818696
7.5,-16.5,5146,0.18957159423071118,NA,0.15201519569778682,0.4936362082357627
8.5,-16.5,5147,0.2101035364480962,NA,0.11672528342137961,0.46069178891451235
9.5,-16.5,5148,0.20533484570735508,NA,0.0776790578977831,0.3586336899427912
20.5,-16.5,5159,0.3676953310415468,0.15367043787474216,0.16397459849719287,0.3378893521440103
21.5,-16.5,5160,0.3193820470602986,0.14300754517968503,0.1667860937807935,0.36605051214471357
22.5,-16.5,5161,0.33657205451192346,0.13789387434400446,0.17531757118451996,0.49523935417649384
23.5,-16.5,5162,0.3349600392292562,0.14910079513122923,0.17633337550606112,0.3846786681880599
24.5,-16.5,5163,0.3570755450802054,0.13021443989358406,0.13736561023247384,0.32702703042815623
25.5,-16.5,5164,0.33663497636221223,0.11475928723797274,0.12351064871833113,0.2763450300500389
26.5,-16.5,5165,0.3448815002900743,0.11335740760450196,0.10179636851019001,0.3138095062209578
27.5,-16.5,5166,0.35245291790298705,0.13150911187802208,0.07446393221635808,0.5240360182446245
28.5,-16.5,5167,0.13508579582926603,0.0859690872303743,0.06529365042236458,0.43440967578850326
29.5,-16.5,5168,0.21876231426837361,0.1888144244253178,0.06703110681055394,0.6797428469995983
40.5,-16.5,5179,0.04049562045594098,0.02993579190661137,0.035363109505956565,0.05238695707779022
41.5,-16.5,5180,0.0480350048310468,0.04743031453725475,0.045278747236031605,0.0670134361307669
42.5,-16.5,5181,0.04491976174894405,0.04877007107251041,0.03878299552751823,0.05587013550041479
43.5,-16.5,5182,0.06244641956916386,0.06738651595081799,0.053176586120734955,0.07678600775887463
44.5,-16.5,5183,0.0610888764370953,0.06622971533368778,0.05282644230268966,0.07514722732462296
45.5,-16.5,5184,0.06122911191426388,0.06501467407894947,0.04978335870412227,0.06444978748111584
46.5,-16.5,5185,0.06761848761843825,0.06632877779721284,0.046995092290896434,0.06338756930970502
47.5,-16.5,5186,0.06514094613747874,0.07012103531107364,0.03739422521227443,0.050148665911880205
48.5,-16.5,5187,0.04875382318223592,0.049489406105015794,0.01967221330000344,0.03955329341800971
49.5,-16.5,5188,0.046710818534766024,0.0477727209496983,0.019737824326538658,0.03538946005666823
50.5,-16.5,5189,0.042440201717749274,0.039664806045581855,NA,0.030512360328493686
51.5,-16.5,5190,0.04187826170359642,0.039482696400974175,NA,0.02506937135650116
52.5,-16.5,5191,0.04016674724686791,0.03809030247604201,NA,0.01779705467514349
53.5,-16.5,5192,0.0392212142101905,0.03678818885751993,NA,0.010102042022463658
54.5,-16.5,5193,0.03862014900282816,0.03570540296902931,NA,0.009923408979430873
55.5,-16.5,5194,0.03586880913068587,0.03333914100668636,NA,0.011788582316457647
56.5,-16.5,5195,0.030734795172915653,0.027181042683911062,NA,0.009318167511607408
57.5,-16.5,5196,0.02991346371829332,0.026496894877850417,NA,0.0075831122380215586
58.5,-16.5,5197,0.028147659680752102,0.023639176075997678,NA,0.0075831122380215586
59.5,-16.5,5198,0.042634334410542846,0.01968198390272827,NA,0.0075831122380215586
70.5,-16.5,5209,0.008683754673387516,NA,NA,NA
71.5,-16.5,5210,0.008652396231564594,NA,NA,NA
72.5,-16.5,5211,0.007510351097696318,NA,NA,NA
73.5,-16.5,5212,0.007442922548026776,NA,NA,NA
74.5,-16.5,5213,0.006789869596837289,NA,NA,NA
75.5,-16.5,5214,0.00555834620195256,NA,NA,NA
76.5,-16.5,5215,0.0066972945941276936,NA,NA,NA
77.5,-16.5,5216,0.006663669172370562,NA,NA,NA
78.5,-16.5,5217,0.005767220187898356,NA,NA,NA
79.5,-16.5,5218,0.005623953660148574,NA,NA,NA
80.5,-16.5,5219,0.005702684401120406,NA,NA,0.004928241646566792
81.5,-16.5,5220,0.005617061558142246,NA,NA,0.005011447964121611
82.5,-16.5,5221,0.004154329036055987,NA,NA,0.003959116980223751
83.5,-16.5,5222,0.004080116594779141,NA,NA,0.0038843449244410785
84.5,-16.5,5223,0.004066239636320151,NA,NA,0.005649764311448223
85.5,-16.5,5224,0.004606164683829212,NA,NA,0.00445880049351213
86.5,-16.5,5225,0.005755199910694478,NA,NA,0.004866117105909261
87.5,-16.5,5226,0.005880775414290053,NA,NA,0.004866117105909261
88.5,-16.5,5227,0.006756898086273906,NA,NA,0.004845976840390061
89.5,-16.5,5228,0.00708849540216214,NA,NA,0.006136105750635182
90.5,-16.5,5229,0.007359133458916539,NA,0.0057682973490293,0.006136105750635182
91.5,-16.5,5230,0.008957063309474118,NA,0.0057682973490293,0.006089785171659774
92.5,-16.5,5231,0.007397150905052463,NA,0.005917640270468677,0.006089785171659774
93.5,-16.5,5232,0.008669282797163643,NA,0.004795564112329308,0.006089785171659774
94.5,-16.5,5233,0.007000479296852796,NA,0.004862340225142089,0.004474550835477495
95.5,-16.5,5234,0.008746876315527957,NA,0.003385103855713993,0.004347764707503755
96.5,-16.5,5235,0.00890103608768285,NA,0.00448939544337737,0.004478051800920738
97.5,-16.5,5236,0.00906967775998221,NA,0.00421107416333636,0.004583273967469427
98.5,-16.5,5237,0.010365193180361077,NA,0.005077460478813431,0.005404718858555922
99.5,-16.5,5238,0.014379629872805855,NA,0.005643845256138494,0.0061009135961534915
-109.5,-15.5,5271,0.22214926562923942,NA,NA,0.016092524684203413
-108.5,-15.5,5272,0.2066849197684663,NA,NA,0.015333837017533948
-107.5,-15.5,5273,0.19098195600954743,NA,NA,0.01666697769340429
-106.5,-15.5,5274,0.18993310130644583,NA,NA,0.01640876107897833
-105.5,-15.5,5275,0.22364870404780213,NA,NA,0.016780720045735418
-104.5,-15.5,5276,0.20661158888932646,NA,NA,0.01735543146919514
-103.5,-15.5,5277,0.15976040898696262,NA,NA,0.0195309010718948
-102.5,-15.5,5278,0.14074352302246002,NA,NA,0.02231087776649813
-101.5,-15.5,5279,0.1499989045571137,NA,NA,0.02188275198675686
-100.5,-15.5,5280,0.19576082094386232,NA,NA,0.020944330269706688
-99.5,-15.5,5281,0.195787737414001,NA,NA,0.02058874521093536
-98.5,-15.5,5282,0.2098241520502069,NA,NA,0.02176811729307717
-97.5,-15.5,5283,0.19100563470577306,NA,NA,0.020189694742642827
-96.5,-15.5,5284,0.2156694140204494,NA,NA,0.023209740960771913
-95.5,-15.5,5285,0.20702404090635151,NA,NA,0.024787511108860377
-94.5,-15.5,5286,0.1711604482576306,NA,NA,0.017916016416771506
-93.5,-15.5,5287,0.14145473990787577,NA,NA,0.013183065673310224
-92.5,-15.5,5288,0.10765635543200704,NA,NA,0.010041172005524132
-91.5,-15.5,5289,0.13058130486369132,NA,NA,0.012744115354602674
-90.5,-15.5,5290,0.13758738232822665,NA,NA,0.014900259628940881
-89.5,-15.5,5291,0.14752637823049944,0.062142655050779504,0.0070440492199891225,0.015610900481297003
-88.5,-15.5,5292,0.1574121894478965,0.06709655153831193,0.007432507332661218,0.015687330936691824
-87.5,-15.5,5293,0.17782697470034542,0.0633513921237388,0.007432507332661218,0.015656501877033033
-86.5,-15.5,5294,0.17392407972550988,0.06483185131816921,0.0074965622704754,0.01628324079112851
-85.5,-15.5,5295,0.24271956869262853,0.06480748420616682,0.008638153031663631,0.02099768726141239
-84.5,-15.5,5296,0.33321544624501886,0.06714689628274742,0.009243207650411946,0.02099768726141239
-83.5,-15.5,5297,0.3542614963888518,0.08590095785111768,0.00939797880772537,0.017374189090107746
-82.5,-15.5,5298,0.2921353463351384,0.10099075930637043,0.009024893091483943,0.017887920129903596
-81.5,-15.5,5299,0.3768124132656262,0.12917659500714979,0.011816447332187776,0.024723696280249067
-80.5,-15.5,5300,0.3046462194961409,0.09871294631884985,0.008628078419526255,0.01877487658170481
-79.5,-15.5,5301,0.3895248166196286,0.1263460767709908,0.011266601713395302,0.028035769763960154
-78.5,-15.5,5302,0.345611579288452,0.10632283136566874,0.010516933930137605,0.029537073868028625
-77.5,-15.5,5303,0.24369604780129409,0.10715608975445075,0.010667634585138858,0.023052820184626895
-76.5,-15.5,5304,0.18844177685577965,0.06504100388279903,0.007277094454950995,0.027078241231521846
-75.5,-15.5,5305,0.2131789533282223,0.0634130341659122,0.00853900612948392,0.020762736149583752
-74.5,-15.5,5306,0.18134541361500864,0.06804167895453206,0.013037116776559846,0.012549538117042928
-73.5,-15.5,5307,0.14478101134491986,0.06933160851560519,0.012589613880666777,0.016148452477095177
-72.5,-15.5,5308,0.20837742705488738,0.05677945104335291,0.018763913801566404,0.048134386299835095
-71.5,-15.5,5309,0.16826713412014546,0.039956818516550696,0.01345792644827817,0.05901598772351226
-70.5,-15.5,5310,0.17842091891628897,0.054553691192709065,0.014513472885251077,0.16596661667832277
-69.5,-15.5,5311,0.1986535217560245,0.051454149484178785,0.011602801666844803,0.24952134349684288
-68.5,-15.5,5312,0.14246001578940004,0.046255097060604905,0.008957965823114006,0.2481529789095194
-67.5,-15.5,5313,0.1470612161800391,0.04009759234834231,0.009784477816539697,0.27213473695482504
-66.5,-15.5,5314,0.17878921751044538,0.038072449949087865,0.010908958822866133,0.5357759894356686
-65.5,-15.5,5315,0.168049859501301,0.04435476737126974,0.011960508515738676,0.5558481795668352
-64.5,-15.5,5316,0.23518466489394693,0.045532220600024514,0.016290491184471484,0.482893043857837
-63.5,-15.5,5317,0.25711864124798,0.050688525175962104,0.02081724317233898,0.5338980456841803
-62.5,-15.5,5318,0.2692362161908335,0.057297904704228936,0.024006954819273424,0.5409189891104892
-61.5,-15.5,5319,0.30933007421441916,0.06290833380443007,0.015330345563520708,0.5183267438178581
-60.5,-15.5,5320,0.2375796974595217,0.03830794494164275,0.013154991369344941,0.22935192074004448
-59.5,-15.5,5321,0.17631758257510002,0.02919711951775589,0.014046484888158413,0.15512647615222488
-58.5,-15.5,5322,0.030140378264570795,0.01802881697112384,0.006984480895790716,0.03138281087870328
-57.5,-15.5,5323,0.029934095485948414,0.012747501659588328,0.007228802796403239,0.011183461191701837
-56.5,-15.5,5324,0.025035711550656693,0.007433039008366907,0.0076249494690587135,0.009254821118818547
-29.5,-15.5,5335,0.11700588520280754,0.024848998316057858,0.004020577794724714,0.33029074285772125
-28.5,-15.5,5336,0.10684514047049155,0.025440108085825648,0.0057979016969656365,0.2601446418897501
-27.5,-15.5,5337,0.20070371936995152,0.03385830717871793,0.007855812424252784,0.33032849469861086
-26.5,-15.5,5338,0.26159935095331,0.042888997234722386,0.010879154386353992,0.47896227411754344
-25.5,-15.5,5339,0.28940467473498116,0.04541268217306241,0.009349617174864084,0.4166633791478029
-24.5,-15.5,5340,0.24937543455786623,0.03755261186677363,0.007695426096566137,0.3860201673817715
-23.5,-15.5,5341,0.347493190570091,0.0394956715066003,0.007685670398542131,0.38792728213648753
-22.5,-15.5,5342,0.29023161241138107,0.039608189104327986,0.01027252794096153,0.39220512714741906
-21.5,-15.5,5343,0.36520548388719065,0.040978127175918325,0.014327836758985208,0.3162192302777995
-20.5,-15.5,5344,0.31792782191272456,0.043343443619508995,0.01726246925787653,0.2921476690326285
-19.5,-15.5,5345,0.32050064113518745,0.023164634228080204,0.02086391405788453,0.38036315551119165
-18.5,-15.5,5346,0.36677301270184,0.027776418769410224,0.031022142989454424,0.3404135344275738
-17.5,-15.5,5347,0.3867215549977277,0.035527556811385204,0.03624667325528609,0.38078399616626624
-16.5,-15.5,5348,0.3882495855909038,0.04227469905425894,0.04889829700457981,0.39318188901945633
-15.5,-15.5,5349,0.39969563278674614,0.04750002300519142,0.05786984810363817,0.40557897337839616
-14.5,-15.5,5350,0.4375969631842033,0.05581313867058548,0.054244465333647074,0.44409576468918943
-13.5,-15.5,5351,0.33292069445152267,0.06235456565199022,0.059156609412048554,0.3689639472792643
-12.5,-15.5,5352,0.36790644549919205,0.09006529650640963,0.05785380707521453,0.46676765996855746
-11.5,-15.5,5353,0.3731655042729917,0.09181985477969208,0.057893635605078125,0.41220597934237424
-10.5,-15.5,5354,0.5148334452685518,0.17828387449013522,0.10460344146926354,0.48458213025738506
0.5,-15.5,5365,0.13880655250837418,NA,0.04415377698315554,0.19052715963556405
1.5,-15.5,5366,0.12152008044739744,NA,0.04045800320608114,0.2244768303139251
2.5,-15.5,5367,0.07520047812219519,NA,0.048347681790641646,0.16523133921946892
3.5,-15.5,5368,0.07145855307649893,NA,0.04750920031036536,0.15579630496383373
4.5,-15.5,5369,0.06688213573870962,NA,0.054804655122109136,0.23533855107331164
5.5,-15.5,5370,0.07078379813887323,NA,0.05023593567169696,0.14972311300424404
6.5,-15.5,5371,0.07546783563274223,NA,0.05291931547512518,0.1398122818434459
7.5,-15.5,5372,0.18788684809510453,NA,0.08700883037405759,0.3449544025299587
8.5,-15.5,5373,0.30059377722142805,NA,0.06668414247626384,0.24415812790885025
9.5,-15.5,5374,0.31507231405970354,NA,0.06590652756955269,0.341200607569097
20.5,-15.5,5385,0.2956604986444997,0.13870645102282872,0.08676604753404196,0.1445795683794541
21.5,-15.5,5386,0.33365934603821734,0.10902343161687823,0.13908672934035657,0.16720010019580359
22.5,-15.5,5387,0.24480370236233656,0.08333163452460347,0.1074743026850893,0.15832224159166478
23.5,-15.5,5388,0.24974655066578222,0.07903562852459052,0.1045912024566195,0.18955624046607744
24.5,-15.5,5389,0.33576958660207745,0.07969815399717971,0.10482688910618741,0.15512363187822656
25.5,-15.5,5390,0.3412772218362232,0.09469598746105688,0.13108040490178624,0.20700918467049867
26.5,-15.5,5391,0.32989387021543587,0.07348330750243376,0.1238905087059477,0.19472376814759698
27.5,-15.5,5392,0.20484162498535344,0.09152134913871635,0.1289922988702732,0.2520367305601875
28.5,-15.5,5393,0.2745573234171362,0.11976819283470665,0.11193708388647054,0.2720291545487211
29.5,-15.5,5394,0.23716676415514085,0.1608233732370278,0.185594737261546,0.3939075610891724
40.5,-15.5,5405,0.04628041705915667,0.047329513183109906,0.04760907473504655,0.1105010313712353
41.5,-15.5,5406,0.04431054219041893,0.04858256210399601,0.05023634575662122,0.0365876325117607
42.5,-15.5,5407,0.04829035795437263,0.054259068946769566,0.053944256435251595,0.03604700469036269
43.5,-15.5,5408,0.06546573865873619,0.06461723290354326,0.06334500330860336,0.036237973784711705
44.5,-15.5,5409,0.04924169113180287,0.04918049378618281,0.04973324576622077,0.034972443713056967
45.5,-15.5,5410,0.05053514749935018,0.0501202998741572,0.04031080853736663,0.02757844430335596
46.5,-15.5,5411,0.05940127810490467,0.052187119813265744,0.03266432304861624,0.024689994060371017
47.5,-15.5,5412,0.0482517839680704,0.04497729511688964,0.028094503137244625,0.022687097589781255
48.5,-15.5,5413,0.04688620683139235,0.044472743802031,0.039353005042188055,0.02130883635907039
49.5,-15.5,5414,0.024474408596347273,0.0369930237770659,0.008460156966382512,0.015584075127390453
50.5,-15.5,5415,0.024339522602473313,0.03690728914347034,NA,0.014997168963695845
51.5,-15.5,5416,0.02355500980801301,0.035716230495626125,NA,0.013026960155023089
52.5,-15.5,5417,0.022401813577653255,0.03371956152363129,NA,0.011124974573548965
53.5,-15.5,5418,0.02170279804291303,0.03343848759654944,NA,0.009794463067046896
54.5,-15.5,5419,0.018368465714955172,0.027016586591001448,NA,0.009402875985864116
55.5,-15.5,5420,0.017952531125346928,0.016288455112597,NA,0.009301589484689479
56.5,-15.5,5421,0.018544344587313875,0.016271796635119237,NA,0.011431987113752116
57.5,-15.5,5422,0.017890781809158828,0.015793136914291475,NA,0.0094337518523960745
58.5,-15.5,5423,0.016115319038743102,0.014121649146545304,NA,0.0073633561710502605
59.5,-15.5,5424,0.014403630871628902,0.012830782571184338,NA,0.00815426234737713
70.5,-15.5,5435,0.008207261642643909,NA,NA,NA
71.5,-15.5,5436,0.007487650376235083,NA,NA,NA
72.5,-15.5,5437,0.006506858095042373,NA,NA,NA
73.5,-15.5,5438,0.006735978072235438,NA,NA,NA
74.5,-15.5,5439,0.006562574640363466,NA,NA,NA
75.5,-15.5,5440,0.006657862706142489,NA,NA,NA
76.5,-15.5,5441,0.005527216018336186,NA,NA,NA
77.5,-15.5,5442,0.005586296763795783,NA,NA,NA
78.5,-15.5,5443,0.005550403525242458,NA,NA,NA
79.5,-15.5,5444,0.005355187513770292,NA,NA,NA
80.5,-15.5,5445,0.005355187513770292,NA,NA,0.004896826070327323
81.5,-15.5,5446,0.005205751360901954,NA,NA,0.004872196005379556
82.5,-15.5,5447,0.004050434908861562,NA,NA,0.004044733888500451
83.5,-15.5,5448,0.004785131692037824,NA,NA,0.004363999856136041
84.5,-15.5,5449,0.004215867743052118,NA,NA,0.0051071025684144
85.5,-15.5,5450,0.004896330539339392,NA,NA,0.004108201052638086
86.5,-15.5,5451,0.005310272458384693,NA,NA,0.004331474354014655
87.5,-15.5,5452,0.006139239021181046,NA,NA,0.0043726371889797055
88.5,-15.5,5453,0.006840270910824149,NA,NA,0.004758260090924783
89.5,-15.5,5454,0.0067019963966333815,NA,NA,0.004751517567184657
90.5,-15.5,5455,0.010239777665942201,NA,0.005901001545886696,0.004751517567184657
91.5,-15.5,5456,0.008678357159157555,NA,0.006063985304921884,0.005997086383758775
92.5,-15.5,5457,0.008322515123951274,NA,0.004611224633913535,0.005782652048896533
93.5,-15.5,5458,0.008206929891270923,NA,0.003365734660805586,0.005420202824319347
94.5,-15.5,5459,0.008403089438295066,NA,0.0044286180236892715,0.004232173212992949
95.5,-15.5,5460,0.008647055623158102,NA,0.003156565039001095,0.004472624844231697
96.5,-15.5,5461,0.007243710212019223,NA,0.004218380245537059,0.004372593863211204
97.5,-15.5,5462,0.009871021490192708,NA,0.00472605319514655,0.005013247488861884
98.5,-15.5,5463,0.010495219839330818,NA,0.005050153858067055,0.005711589379759414
99.5,-15.5,5464,0.014694107092944834,NA,0.007268034357646648,0.006270908434631469
-109.5,-14.5,5497,0.21344903252724678,NA,NA,0.01625465370042162
-108.5,-14.5,5498,0.21573940448047663,NA,NA,0.01649124902532744
-107.5,-14.5,5499,0.22298081147940496,NA,NA,0.02034591402237402
-106.5,-14.5,5500,0.20673798656561246,NA,NA,0.020308579118320833
-105.5,-14.5,5501,0.18839163154188301,NA,NA,0.019545774679610863
-104.5,-14.5,5502,0.15989290729713015,NA,NA,0.020307380614608114
-103.5,-14.5,5503,0.1676479720208463,NA,NA,0.019758974174067297
-102.5,-14.5,5504,0.17442140084793006,NA,NA,0.02078236596755236
-101.5,-14.5,5505,0.16490901740160857,NA,NA,0.022818162859002903
-100.5,-14.5,5506,0.16120030153214027,NA,NA,0.023670284653184166
-99.5,-14.5,5507,0.16814950858859137,NA,NA,0.02305321865303876
-98.5,-14.5,5508,0.22794558846143748,NA,NA,0.02388146989716428
-97.5,-14.5,5509,0.16272686035398146,NA,NA,0.02387562508275255
-96.5,-14.5,5510,0.17265572338469926,NA,NA,0.022933186930967644
-95.5,-14.5,5511,0.15670284559575137,NA,NA,0.021914425861282942
-94.5,-14.5,5512,0.12583754196631158,NA,NA,0.017545074311483614
-93.5,-14.5,5513,0.11538366269451635,NA,NA,0.012815962288728798
-92.5,-14.5,5514,0.15734422916386304,NA,NA,0.016111387318772707
-91.5,-14.5,5515,0.13760879377652874,NA,NA,0.014437607818740891
-90.5,-14.5,5516,0.159481766849763,NA,NA,0.01707112740785795
-89.5,-14.5,5517,0.1907418208275646,0.07004930506892507,0.01282526536530589,0.017189551688118188
-88.5,-14.5,5518,0.18196274106349117,0.06643182064386538,0.014008383955649928,0.01606212875045077
-87.5,-14.5,5519,0.21528398333067883,0.06506643992113322,0.014685533798969405,0.01632505668569961
-86.5,-14.5,5520,0.1995846334671463,0.06140621415395357,0.01244115132644143,0.020742664671006078
-85.5,-14.5,5521,0.23490740452852163,0.0623101951315981,0.012180476437343938,0.020329004793117816
-84.5,-14.5,5522,0.285267730452562,0.06625002359232565,0.0122230567122672,0.020416920146201514
-83.5,-14.5,5523,0.3022197195842301,0.06686766711386817,0.012370184796025654,0.018197557897812324
-82.5,-14.5,5524,0.273601401879384,0.0696805312486866,0.011501377026283913,0.01613714392913084
-81.5,-14.5,5525,0.3612414195347345,0.059096016571632486,0.015404950936662613,0.016465681051414282
-80.5,-14.5,5526,0.36889025614414156,0.07338142742435591,0.01286300425036813,0.01688857402282445
-79.5,-14.5,5527,0.4605586282504777,0.09403664011800213,0.015853519608331538,0.022876263075915663
-78.5,-14.5,5528,0.34576568970955074,0.08067026680384516,0.012180676913869539,0.019641904426980057
-77.5,-14.5,5529,0.29553525984350476,0.1484062304919551,0.012390346935084574,0.020298944738780186
-76.5,-14.5,5530,0.3578672347462416,0.05484262982618551,0.017728559439558145,0.029581663360943793
-75.5,-14.5,5531,0.17528656630809358,0.0352448220049996,0.014427926901099664,0.02158816525161778
-74.5,-14.5,5532,0.20796265140173126,0.05490517450988757,0.016940650608606854,0.03653241458144134
-73.5,-14.5,5533,0.1856696488415713,0.0439983917357761,0.013503352726857454,0.050235752043608875
-72.5,-14.5,5534,0.16892098945753184,0.045969384881468456,0.009989246436468823,0.04454686401667012
-71.5,-14.5,5535,0.17561745320006816,0.050563653151947364,0.009993255527535782,0.05478003839581795
-70.5,-14.5,5536,0.16964639697809292,0.04627808114706847,0.01231215018004053,0.07101400658227452
-69.5,-14.5,5537,0.20760746898124774,0.056918509388979424,0.013404483565627552,0.19416783484702932
-68.5,-14.5,5538,0.25018572420672097,0.04115573586565593,0.0179155067892456,0.23772875966155815
-67.5,-14.5,5539,0.18475435092140646,0.04573636796628607,0.01632299208201093,0.2697403678736528
-66.5,-14.5,5540,0.16723454243781644,0.040321040631956157,0.01693682086742219,0.35317221618247835
-65.5,-14.5,5541,0.2285000471841267,0.049817641377089605,0.01947308443528859,0.4821824866590838
-64.5,-14.5,5542,0.27595102282768447,0.06654323840702407,0.03385082506600795,0.5738370241220329
-63.5,-14.5,5543,0.28765975651468256,0.06929488076934205,0.03793632278834004,0.5924470056259421
-62.5,-14.5,5544,0.2961931773713645,0.0786481046445646,0.03223192562286691,0.5263765989743123
-61.5,-14.5,5545,0.3141691550197921,0.0699356239558765,0.014134117810643831,0.4269878906564902
-60.5,-14.5,5546,0.34147953438798495,0.06225813564000255,0.012541323966020979,0.39136017794105277
-59.5,-14.5,5547,0.15824331480970932,0.03843609219657961,0.011014701941832577,0.1544991699556984
-58.5,-14.5,5548,0.12908836068260776,0.01788049775244291,0.012431971958893284,0.11794370606785516
-57.5,-14.5,5549,0.04318449299441808,0.014931910851716641,0.00969195388107504,0.0221808287218284
-56.5,-14.5,5550,0.02677447401002761,0.009814654069022167,0.006120330116846448,0.02011401416104503
-55.5,-14.5,5551,0.04187458083318639,0.005190858342981402,0.006348420763559936,0.03083592030003078
-54.5,-14.5,5552,0.03714554171909599,0.0077910239313968115,0.0064726859078593395,0.04303600184140063
-29.5,-14.5,5564,0.2722427045089113,0.018301739022554137,0.008701974189340024,0.27753443556420726
-28.5,-14.5,5565,0.3163879202513426,0.019333958931738247,0.010005953850236888,0.29359175373359203
-27.5,-14.5,5566,0.2948468146391071,0.019312563767572694,0.0190195549111698,0.1948792568280834
-26.5,-14.5,5567,0.30004374750686175,0.01969400368388078,0.020484939577519536,0.2673012072514088
-25.5,-14.5,5568,0.3223148491198218,0.019445184070657012,0.02144516367338143,0.22527865102237185
-24.5,-14.5,5569,0.2973863769120397,0.01892078265767909,0.02580381695058773,0.1638211067988016
-23.5,-14.5,5570,0.27883984735839673,0.019642498789966562,0.03169294033257805,0.12096049637513487
-22.5,-14.5,5571,0.2660213647711166,0.021729498963132306,0.04020910319297033,0.10953986846629653
-21.5,-14.5,5572,0.25745089976005847,0.020358155259857968,0.037076338303837886,0.1374854479416883
-20.5,-14.5,5573,0.31155037667913155,0.023262352461253563,0.028995990144538544,0.17040805114838947
-19.5,-14.5,5574,0.2723009747195174,0.03463955868557744,0.04334335401595645,0.2346537302049884
-18.5,-14.5,5575,0.27853255536033306,0.0365628902633325,0.032718081958576686,0.21148059559370241
-17.5,-14.5,5576,0.27954239575527295,0.04301737548109489,0.04370106304233082,0.2599416204671532
-16.5,-14.5,5577,0.24158136948397974,0.0724541443767099,0.053915517325101,0.22621405447195642
-15.5,-14.5,5578,0.2722262775558159,0.08310638384797715,0.03813531935408586,0.2605027371600304
-14.5,-14.5,5579,0.29303716146291575,0.11429071065325291,0.04256964617181246,0.45325817213684766
-13.5,-14.5,5580,0.20613757237759395,0.11553444301532056,0.07819103624616228,0.6243533890540508
-12.5,-14.5,5581,0.1615414531565676,0.09902455242797853,0.05811120227113214,0.4719066141260011
-11.5,-14.5,5582,0.3492699713269781,0.13454264968478463,0.07793539079572052,0.47598148018153863
-10.5,-14.5,5583,0.4159890756282942,0.21048656655587766,0.07391829037088016,0.5974483309628552
0.5,-14.5,5594,0.16467028231475508,NA,0.03552516564233415,0.1426461872639559
1.5,-14.5,5595,0.12147198495170075,NA,0.03877638182774358,0.12677998619530098
2.5,-14.5,5596,0.3082171298113794,NA,0.028711585559671102,0.18988430453093502
3.5,-14.5,5597,0.20082351842225651,NA,0.02007936456550342,0.16011085421727494
4.5,-14.5,5598,0.41501767107659104,NA,0.039903928450076655,0.25575491413723406
5.5,-14.5,5599,0.3669148478434775,NA,0.030989608505910364,0.48531830896109684
6.5,-14.5,5600,0.5059888229535959,NA,0.03798040652187724,0.22228505279138494
7.5,-14.5,5601,0.3966162164918009,NA,0.03773535973230718,0.2050255816924431
8.5,-14.5,5602,0.3413761934964029,NA,0.031111046855859022,0.4518040441121149
9.5,-14.5,5603,0.4505549998579717,NA,0.03590395121707796,0.31932999041588433
20.5,-14.5,5614,0.18235959349589337,0.06547534076227318,0.08714240575470554,0.11249829803435515
21.5,-14.5,5615,0.18102852673138775,0.06962218422090578,0.11770239867714831,0.13260948025117306
22.5,-14.5,5616,0.16619010430973727,0.07007596672136182,0.10157196583102733,0.13770740998983583
23.5,-14.5,5617,0.14857595933126558,0.07261811195960752,0.10357955052349932,0.12738802680920747
24.5,-14.5,5618,0.13603420142509084,0.07356558904372168,0.10161521799485569,0.15556317080841833
25.5,-14.5,5619,0.09754469821711816,0.07823588661086513,0.09994647148754682,0.16129358935967222
26.5,-14.5,5620,0.09029971520840506,0.07121642079197847,0.08874429757243602,0.15306727933379627
27.5,-14.5,5621,0.09506971150750775,0.0680088506796559,0.08785204731806714,0.15306727933379627
28.5,-14.5,5622,0.13047056978609778,0.11709178519414774,0.1111822598109686,0.1865562128467066
29.5,-14.5,5623,0.10600078386629803,0.07195419895462626,0.059136316290901034,0.10138231942640802
40.5,-14.5,5634,0.10033322038406864,0.05178387656564693,0.020970106653044964,0.03721089713641068
41.5,-14.5,5635,0.034786430082117126,0.05095602546357479,0.02275945761793843,0.03781108136487911
42.5,-14.5,5636,0.03874745919492157,0.05098557762682716,0.022340178886732343,0.04028457674505195
43.5,-14.5,5637,0.04568715083737447,0.060827783423623404,0.026992597368721317,0.04547648971470976
44.5,-14.5,5638,0.046387295987678906,0.061146483164025406,0.026647565818755256,0.03295200727386552
45.5,-14.5,5639,0.04121502870282834,0.05674984492427333,0.025532625568609284,0.03450132507371401
46.5,-14.5,5640,0.037278591582600676,0.04855389766803979,0.020060297843935506,0.03224474241544969
47.5,-14.5,5641,0.031986306253060585,0.040101763512142674,0.01474441734510713,0.026363608644215775
48.5,-14.5,5642,0.026753608146930116,0.05409777530920966,0.011758702198934939,0.022286219432609663
49.5,-14.5,5643,0.026753608146930116,0.020728635701409016,0.011484482247329552,0.019404528333999086
50.5,-14.5,5644,0.02704922035813517,0.02132742290566057,NA,0.017720271814228826
51.5,-14.5,5645,0.02268182905746797,0.017801608971909976,NA,0.020703796133498313
52.5,-14.5,5646,0.02138421235776865,0.017413542657136877,NA,0.012558681302238268
53.5,-14.5,5647,0.020538791342842425,0.016722418916887635,NA,0.010394172922423612
54.5,-14.5,5648,0.021321842304084376,0.017185354411148587,NA,0.010283146229867536
55.5,-14.5,5649,0.02030205032858684,0.016246917370719968,NA,0.009873652925511402
56.5,-14.5,5650,0.02092991174821956,0.015972148494858302,NA,0.012024435978011174
57.5,-14.5,5651,0.02061775644893058,0.015611769876592326,NA,0.00954446110530137
58.5,-14.5,5652,0.019248942793951448,0.016330817912501003,NA,0.007831926745077622
59.5,-14.5,5653,0.014829275436741013,0.01447890551875847,NA,0.007831926745077622
70.5,-14.5,5664,0.0070228093335459865,NA,NA,NA
71.5,-14.5,5665,0.007074439111492766,NA,NA,NA
72.5,-14.5,5666,0.006189507955892066,NA,NA,NA
73.5,-14.5,5667,0.006194866375818547,NA,NA,NA
74.5,-14.5,5668,0.005887816912938909,NA,NA,NA
75.5,-14.5,5669,0.005766509661631326,NA,NA,NA
76.5,-14.5,5670,0.005744424895977664,NA,NA,NA
77.5,-14.5,5671,0.006285532415348022,NA,NA,NA
78.5,-14.5,5672,0.005744424895977664,NA,NA,NA
79.5,-14.5,5673,0.005278658691144195,NA,NA,NA
80.5,-14.5,5674,0.0040773521858004065,NA,NA,0.006143374942963668
81.5,-14.5,5675,0.004855898825440888,NA,NA,0.004028146956025871
82.5,-14.5,5676,0.0048914520229654465,NA,NA,0.004028146956025871
83.5,-14.5,5677,0.004294718502693035,NA,NA,0.004029529863314596
84.5,-14.5,5678,0.004875014962393991,NA,NA,0.005119691867705859
85.5,-14.5,5679,0.004947436866292682,NA,NA,0.004133483914224015
86.5,-14.5,5680,0.00551486088568419,NA,NA,0.0041037471517244165
87.5,-14.5,5681,0.0060401109233324595,NA,NA,0.004358125280321037
88.5,-14.5,5682,0.006016417178286132,NA,NA,0.004341000700694442
89.5,-14.5,5683,0.012190493868241262,NA,NA,0.00431276568075929
90.5,-14.5,5684,0.007405224439182477,NA,0.005252614835151086,0.0043537515010295255
91.5,-14.5,5685,0.008372217862112251,NA,0.006063985304921884,0.004534095645461429
92.5,-14.5,5686,0.008452590506429098,NA,0.0045635987617088205,0.004112042308261112
93.5,-14.5,5687,0.008609182338367142,NA,0.004611224633913535,0.0040874190932167894
94.5,-14.5,5688,0.008593310295565733,NA,0.003024123808194461,0.004190710182697227
95.5,-14.5,5689,0.009232794264817205,NA,0.004238649943339601,0.004426529521747824
96.5,-14.5,5690,0.009159898231536867,NA,0.0043469728856461755,0.004584902567363669
97.5,-14.5,5691,0.01105944560899802,NA,0.0051806038097790535,0.005543201133417069
98.5,-14.5,5692,0.008863831458889252,NA,0.004989326536459587,0.006028729144882527
99.5,-14.5,5693,0.019147883147597546,NA,0.005333900784973482,0.006095907208839894
-109.5,-13.5,5725,0.09324945124510677,NA,NA,0.01502189503302726
-108.5,-13.5,5726,0.11121406414754247,NA,NA,0.01626938233737746
-107.5,-13.5,5727,0.08899986507614753,NA,NA,0.027689254860580274
-106.5,-13.5,5728,0.09020562675770966,NA,NA,0.017111759902375272
-105.5,-13.5,5729,0.0789461378405076,NA,NA,0.01618375290955553
-104.5,-13.5,5730,0.07731932159961911,NA,NA,0.01606574982592479
-103.5,-13.5,5731,0.06986918939042236,NA,NA,0.016732978845460156
-102.5,-13.5,5732,0.06491925473007587,NA,NA,0.021378627298859608
-101.5,-13.5,5733,0.06532530968316189,NA,NA,0.022853718786172254
-100.5,-13.5,5734,0.08357359355580142,NA,NA,0.024795772596193113
-99.5,-13.5,5735,0.06773923284057357,NA,NA,0.026049068303167094
-98.5,-13.5,5736,0.06426681479539054,NA,NA,0.02582433188075995
-97.5,-13.5,5737,0.06270870243322134,NA,NA,0.02451117438223965
-96.5,-13.5,5738,0.0649863386707382,NA,NA,0.02514760492174378
-95.5,-13.5,5739,0.07744615034921389,NA,NA,0.025455131678107448
-94.5,-13.5,5740,0.0561919610360826,NA,NA,0.023211964906380996
-93.5,-13.5,5741,0.054082158854569004,NA,NA,0.021858783061274433
-92.5,-13.5,5742,0.051542182747551776,NA,NA,0.01492132275610499
-91.5,-13.5,5743,0.03338359640790332,NA,NA,0.010258686450151374
-90.5,-13.5,5744,0.05631624553057316,NA,NA,0.011357465626902796
-89.5,-13.5,5745,0.0782887490962088,0.016373606857330223,0.023685760992939894,0.012437992842970598
-88.5,-13.5,5746,0.07134539129832679,0.018409123078481967,0.01794085434147827,0.012372623085836563
-87.5,-13.5,5747,0.07748315123241084,0.017465161074889907,0.023004025820400148,0.015915578590527602
-86.5,-13.5,5748,0.0776498246162609,0.021796307707569764,0.019361381788591262,0.01598056642468717
-85.5,-13.5,5749,0.09418452165939435,0.0295303445604961,0.025534435787197742,0.023354106000526037
-84.5,-13.5,5750,0.06569187676839507,0.02215837806617794,0.01677731396395648,0.013058515773917603
-83.5,-13.5,5751,0.08794664297862843,0.01970194514308227,0.01466117481782289,0.01230008955671222
-82.5,-13.5,5752,0.09674923100092239,0.020354638450111533,0.01783196199715198,0.014946426383876001
-81.5,-13.5,5753,0.09706847539860328,0.01708421491140875,0.01951800099280259,0.015359527253642775
-80.5,-13.5,5754,0.09861022006699033,0.019067201539471317,0.02346128652938832,0.01850511324758955
-79.5,-13.5,5755,0.10845249576556105,0.019610471883236596,0.019218330462543946,0.01926901511106415
-78.5,-13.5,5756,0.10499391530218452,0.015019707620178397,0.013409408765898185,0.014095140046076572
-77.5,-13.5,5757,0.10105439378179774,0.014261984590090785,0.017356608677801345,0.013456356477476346
-76.5,-13.5,5758,0.0952399113307128,0.018012093584531628,0.014346584242359932,0.021240998766646927
-75.5,-13.5,5759,0.10024629336189193,0.02153413890452813,0.018072978425467682,0.027438306119371342
-74.5,-13.5,5760,0.07865216731677219,0.023114934528197094,0.020132246185795833,0.03278252193866736
-73.5,-13.5,5761,0.07997001840735468,0.021359497273478575,0.020620223782943748,0.04924407678337469
-72.5,-13.5,5762,0.09539747082155206,0.02329338402836346,0.02111563433321533,0.03828806513277178
-71.5,-13.5,5763,0.06868018635231395,0.020372172119871277,0.013906492086858338,0.05175511458895821
-70.5,-13.5,5764,0.0678958364486167,0.02134577307526185,0.0164990449729514,0.05098421869935124
-69.5,-13.5,5765,0.050236762581555724,0.023519058042964985,0.018769503165904717,0.07411535451107563
-68.5,-13.5,5766,0.062445355830544926,0.028933720077518592,0.021534337653273894,0.11171528342532017
-67.5,-13.5,5767,0.07946769303673903,0.03927041157228727,0.020631495414215162,0.18110071538267689
-66.5,-13.5,5768,0.09939955170963745,0.04399090004510021,0.02102357456341439,0.30616445046391005
-65.5,-13.5,5769,0.11461098294418447,0.05475871446692658,0.027489372662041267,0.30498022192811153
-64.5,-13.5,5770,0.1273582574098012,0.05180018545301386,0.02396620742965772,0.17835883939976988
-63.5,-13.5,5771,0.12322342295175995,0.051843182581282864,0.02837959713698297,0.1817235059377199
-62.5,-13.5,5772,0.13412987054316713,0.05029654720232657,0.02335565754202498,0.14634213318466677
-61.5,-13.5,5773,0.15700880869408115,0.04825495279013483,0.022850098963720346,0.1224534446251439
-60.5,-13.5,5774,0.11980658507533248,0.034234187201415155,0.01415369030457043,0.051685952975226754
-59.5,-13.5,5775,0.08717235655660432,0.026003453594537203,0.009458508312569116,0.036002346545449135
-58.5,-13.5,5776,0.0770481699882302,0.014650968297212224,0.009658602766154179,0.04276377030819213
-57.5,-13.5,5777,0.04124828635582475,0.010833525501443583,0.012430700597955653,0.0766868406480398
-56.5,-13.5,5778,0.021860512299891423,0.008300063397624844,0.0113359174411329,0.03670622733667579
-55.5,-13.5,5779,0.024259053421309684,0.005156414149725682,0.011090206546042999,0.02603951908719853
-54.5,-13.5,5780,0.01994730463794072,0.005672862216857256,0.009329124855399157,0.02572256377090558
-53.5,-13.5,5781,0.0256282919667703,0.005645398576541434,0.0054500619189751425,0.019865740130027613
-52.5,-13.5,5782,0.035695689459502807,0.008874255589560663,0.008716316738959576,0.027733902930934227
-51.5,-13.5,5783,0.024299978138655042,0.00483644041000585,0.004316844020362429,0.01923190639954439
-50.5,-13.5,5784,0.019224534494907713,0.005164495519160362,0.004347308056383049,0.022495853764029673
-29.5,-13.5,5797,0.09629739363871899,0.015713755918440844,0.015828988904156675,0.14180109039482025
-28.5,-13.5,5798,0.10100996910785745,0.01571420606153737,0.017304283496570986,0.1517787998972546
-27.5,-13.5,5799,0.11465185009531283,0.014213977962855333,0.018976440755416907,0.10106138344183349
-26.5,-13.5,5800,0.14517212317155526,0.015320362640832415,0.02027639192268199,0.08225897974387186
-25.5,-13.5,5801,0.08854665309190626,0.011710247273817144,0.016550437436896267,0.06056777829655598
-24.5,-13.5,5802,0.05619822452574265,0.008731461500268827,0.012803927205963945,0.044303095876745316
-23.5,-13.5,5803,0.04369690520144513,0.008965423131796072,0.01040764960099765,0.03197867245850909
-22.5,-13.5,5804,0.06320897544202966,0.012563622551212659,0.020109628054427457,0.04538812630102068
-21.5,-13.5,5805,0.1650545019522062,0.012545028607674846,0.014881851350009618,0.07058880419342033
-20.5,-13.5,5806,0.094718114280503,0.014433067176221717,0.02073539761274315,0.08981488497981811
-19.5,-13.5,5807,0.13115908742008245,0.01715721002087456,0.02121190797785063,0.06956208538943792
-18.5,-13.5,5808,0.14693632003105422,0.02636927537969692,0.02318953835343456,0.07123417859020494
-17.5,-13.5,5809,0.12876263438908678,0.019968321612620982,0.023001157189541058,0.08910314001885386
-16.5,-13.5,5810,0.13539826541670413,0.02705471672944011,0.026419337256398667,0.11292882208790399
-15.5,-13.5,5811,0.08094661518036078,0.028780684258898938,0.015479424672006558,0.15684244936515618
-14.5,-13.5,5812,0.08008208451988774,0.032051378463464696,0.01763333957125366,0.2813955786450058
-13.5,-13.5,5813,0.10767335620090919,0.06225766133228612,0.04185700474248621,0.4649726906791464
-12.5,-13.5,5814,0.05711952026835706,0.0473333045946303,0.03113332207112494,0.21820903826816845
-11.5,-13.5,5815,0.12014487406242115,0.09896958432280224,0.04624628823512816,0.4434456393898287
-10.5,-13.5,5816,0.18496193734782784,0.10405666124774099,0.032471787843371964,0.33524953834242033
0.5,-13.5,5827,0.07155647196110329,NA,0.012504832919810796,0.04188590546350179
1.5,-13.5,5828,0.07323510046235668,NA,0.010646285749233708,0.03563750743189016
2.5,-13.5,5829,0.1983377706298227,NA,0.020692325793697015,0.1351337224866252
3.5,-13.5,5830,0.25927070033760125,NA,0.019538696830201034,0.09115068805170963
4.5,-13.5,5831,0.28414695999325634,NA,0.04949355058011607,0.09205892791014951
5.5,-13.5,5832,0.27314713281638925,NA,0.019613458961718677,0.08503249538773815
6.5,-13.5,5833,0.29599189506085133,NA,0.02088511466665762,0.15416911172437445
8.5,-13.5,5834,0.07794006643091633,NA,0.014504874773519262,0.05041876635235845
9.5,-13.5,5835,0.1553368056539997,NA,0.030065854585460045,0.0616871317828959
20.5,-13.5,5846,0.04982113440772636,0.03318534777708014,0.053272804513548794,0.10794340953306816
21.5,-13.5,5847,0.03289476405989697,0.03402874492061847,0.054903711598316536,0.044315746075494516
22.5,-13.5,5848,0.03340847576140141,0.03368773464551249,0.10772478888059055,0.04163308699706472
23.5,-13.5,5849,0.029697390259467518,0.03677648888430644,0.10123540442702793,0.04130850296866906
24.5,-13.5,5850,0.029657772034311056,0.03490917041224234,0.03892939809795919,0.060201204464384796
25.5,-13.5,5851,0.029847797824278866,0.037173108052574996,0.03891992232704557,0.06848069159736826
26.5,-13.5,5852,0.02524926410925401,0.03646854247722477,0.03866445025607391,0.05277973324043497
27.5,-13.5,5853,0.026948527806412603,0.05584384270828637,0.03929307108246063,0.06595568781411862
28.5,-13.5,5854,0.0323874492939501,0.05412682882215145,0.03677052592610974,0.06298992945862465
29.5,-13.5,5855,0.02608231715776621,0.03720107706928166,0.023268484330552255,0.03394461292011567
40.5,-13.5,5866,0.024597986758053778,0.024082076269857148,0.01685324458617818,0.028583536234514414
41.5,-13.5,5867,0.028317263489275872,0.023577629890733778,0.01713591483519773,0.0180874411479888
42.5,-13.5,5868,0.02598528573784158,0.024518711546144076,0.01769398100319849,0.021895115030684403
43.5,-13.5,5869,0.03326666787305147,0.02859635048933999,0.020963481277949166,0.022096776377323733
44.5,-13.5,5870,0.03239101257605196,0.029229938721925537,0.021155031657724234,0.02231869793010595
45.5,-13.5,5871,0.028560666781677967,0.0263405257363553,0.02024488574553043,0.021536828300479486
46.5,-13.5,5872,0.024233531292100617,0.02253939657341736,0.024474707314462475,0.02086908366299093
47.5,-13.5,5873,0.017569461650745154,0.016174084711562217,0.011916352844897907,0.01503870656495787
48.5,-13.5,5874,0.018488244385995372,0.016035266141292068,0.009452207161924955,0.012815156583091378
49.5,-13.5,5875,0.017633005798073625,0.013897818275170733,0.009342401248279378,0.01179395918892183
50.5,-13.5,5876,0.013138811935128378,0.013329206178805186,NA,0.010921759554618011
51.5,-13.5,5877,0.012700987253552181,0.015629000160947853,NA,0.010655760396331091
52.5,-13.5,5878,0.012700987253552181,0.011832911269860214,NA,0.009950922986676042
53.5,-13.5,5879,0.012507865138206101,0.011652832707793265,NA,0.008763621427170947
54.5,-13.5,5880,0.012311226201563448,0.011561327814471776,NA,0.008386377238933427
55.5,-13.5,5881,0.011792859357554267,0.01093223365660086,NA,0.00968599022854454
56.5,-13.5,5882,0.011792859357554267,0.01085081884236246,NA,0.009581683557579828
57.5,-13.5,5883,0.011792859357554267,0.010887665484786074,NA,0.009539439591800107
58.5,-13.5,5884,0.011049832383515673,0.010799079288757917,NA,0.006557665397984277
59.5,-13.5,5885,0.010232093422996158,0.010181434530510446,NA,0.006557665397984277
70.5,-13.5,5896,0.005512609838697921,NA,NA,NA
71.5,-13.5,5897,0.005459341709359207,NA,NA,NA
72.5,-13.5,5898,0.0052495667977242415,NA,NA,NA
73.5,-13.5,5899,0.004740453932267346,NA,NA,NA
74.5,-13.5,5900,0.005071165161352917,NA,NA,NA
75.5,-13.5,5901,0.005186199518179331,NA,NA,NA
76.5,-13.5,5902,0.004921330702754607,NA,NA,NA
77.5,-13.5,5903,0.006292747338339584,NA,NA,NA
78.5,-13.5,5904,0.0041231938390322125,NA,NA,NA
79.5,-13.5,5905,0.004126118086244618,NA,NA,NA
80.5,-13.5,5906,0.0038671080749546273,NA,NA,0.003993224864091142
81.5,-13.5,5907,0.00369456895444481,NA,NA,0.003792753215812716
82.5,-13.5,5908,0.004060504722512533,NA,NA,0.003792753215812716
83.5,-13.5,5909,0.0038329540773723663,NA,NA,0.00991962870210101
84.5,-13.5,5910,0.004725329000390409,NA,NA,0.006403036733663862
85.5,-13.5,5911,0.005479850954431687,NA,NA,0.006314698399241179
86.5,-13.5,5912,0.005556575648439991,NA,NA,0.005099475850800529
87.5,-13.5,5913,0.00560249593695572,NA,NA,0.003836812630564986
88.5,-13.5,5914,0.006947542717736104,NA,NA,0.0039352473948293006
89.5,-13.5,5915,0.007124242101249154,NA,NA,0.003954932331007082
90.5,-13.5,5916,0.007472930988303981,NA,0.005038586930353924,0.004035625484383793
91.5,-13.5,5917,0.007600802739926271,NA,0.0040109387727696,0.0037073151299832426
92.5,-13.5,5918,0.007615291450916716,NA,0.0040109387727696,0.003599370167825551
93.5,-13.5,5919,0.00850660757905554,NA,0.004021510183610239,0.00398914133468788
94.5,-13.5,5920,0.008303499208780976,NA,0.0038911897320775086,0.004153217899566045
95.5,-13.5,5921,0.008524368011002748,NA,0.004226148302881866,0.004289270374284113
96.5,-13.5,5922,0.009440432326871015,NA,0.004266850285078362,0.005767741663561772
97.5,-13.5,5923,0.012089187609438534,NA,0.0047304415626715085,0.005318589247323424
98.5,-13.5,5924,0.014337900531974245,NA,0.005078635039205702,0.005599442495053339
99.5,-13.5,5925,0.012947539022044175,NA,0.005146373735595927,0.00793497965815875
-109.5,-12.5,5958,0.11655872065547174,NA,NA,0.0412367374252181
-108.5,-12.5,5959,0.09228383815725141,NA,NA,0.03493468242354152
-107.5,-12.5,5960,0.09605504816515165,NA,NA,0.05236712716451054
-106.5,-12.5,5961,0.07883473673578309,NA,NA,0.03846862710110181
-105.5,-12.5,5962,0.06255851663794876,NA,NA,0.039386179571418815
-104.5,-12.5,5963,0.0650751969347179,NA,NA,0.035809579366832336
-103.5,-12.5,5964,0.05678901686797136,NA,NA,0.034315004469607446
-102.5,-12.5,5965,0.057830428556656245,NA,NA,0.029333273382697485
-101.5,-12.5,5966,0.05762133067450072,NA,NA,0.029546659223171907
-100.5,-12.5,5967,0.05874714387521323,NA,NA,0.02950465190662572
-99.5,-12.5,5968,0.07115075261728757,NA,NA,0.03302057136234678
-98.5,-12.5,5969,0.06636932568258562,NA,NA,0.03183702188753204
-97.5,-12.5,5970,0.07226779790803252,NA,NA,0.03027541961695176
-96.5,-12.5,5971,0.05777554616420713,NA,NA,0.027554481066313172
-95.5,-12.5,5972,0.05637652411618054,NA,NA,0.02688968069403368
-94.5,-12.5,5973,0.048701135094098416,NA,NA,0.03229220099617666
-93.5,-12.5,5974,0.04453704651029857,NA,NA,0.009668377702918503
-92.5,-12.5,5975,0.04292923329309916,NA,NA,0.00901047770280182
-91.5,-12.5,5976,0.03523822879526678,NA,NA,0.007482607266649596
-90.5,-12.5,5977,0.039186052747385694,NA,NA,0.009043451960169811
-89.5,-12.5,5978,0.047806049895553586,0.025241685397548657,0.043542381322543136,0.010486294319248956
-88.5,-12.5,5979,0.04719340379866387,0.02423924831193707,0.03924750267100351,0.012245337870931943
-87.5,-12.5,5980,0.05710334632412074,0.024497873737640875,0.032496085261903236,0.015929669742666026
-86.5,-12.5,5981,0.05314164073848935,0.020687793522810072,0.036661156859994874,0.016862706809147577
-85.5,-12.5,5982,0.0432789328541031,0.01703032948548001,0.02303058674197028,0.010173098658052136
-84.5,-12.5,5983,0.03608471651344359,0.013780521682543356,0.02007584900455311,0.015425032501691069
-83.5,-12.5,5984,0.04939089961411868,0.019997360916541404,0.027424805318233225,0.01005121786944772
-82.5,-12.5,5985,0.03997430899097653,0.01797067834355536,0.017413802404038073,0.020006916687705822
-81.5,-12.5,5986,0.04429045593428913,0.014233319495545588,0.017510608684581902,0.0111141656045146
-80.5,-12.5,5987,0.050536267621795514,0.013047900371642369,0.017786667421573064,0.011998838447394966
-79.5,-12.5,5988,0.05050885166540412,0.014018507060874019,0.011965369111293991,0.012153032320421815
-78.5,-12.5,5989,0.04174665205404738,0.011883572876755712,0.01342218208526648,0.01545406265188184
-77.5,-12.5,5990,0.04533275400650184,0.011134508356345524,0.0056920763563959075,0.014841721486206879
-76.5,-12.5,5991,0.05040065080632024,0.012698870787179897,0.008785744642450076,0.01755895245729457
-75.5,-12.5,5992,0.05505456702076593,0.014118701261758982,0.02044325351562031,0.01404863533575511
-74.5,-12.5,5993,0.06557809935652706,0.015686806603893464,0.018129349773489793,0.024625148543472437
-73.5,-12.5,5994,0.07020292247510827,0.013503794550306852,0.01751419415696167,0.026922809631343036
-72.5,-12.5,5995,0.08013019657412902,0.015674647673981495,0.017581183905460394,0.021414555452620037
-71.5,-12.5,5996,0.11174689537415107,0.014929532775698974,0.012997297148466713,0.027647381726337995
-70.5,-12.5,5997,0.11134038165104906,0.01491466587113666,0.012672378811043973,0.037374166957887006
-69.5,-12.5,5998,0.06666650373047361,0.016471554579942142,0.011785017186956497,0.04213641168773997
-68.5,-12.5,5999,0.06621379470329407,0.018185433767686467,0.011795888194287705,0.057347956358471806
-67.5,-12.5,6000,0.08130705047867415,0.023031693629686514,0.014585941585981433,0.07476094999431777
-66.5,-12.5,6001,0.08660394566075082,0.023033470039456393,0.016768242046359752,0.08675352306644882
-65.5,-12.5,6002,0.057821291861760264,0.02296174256185696,0.0163174436676885,0.12351714104911765
-64.5,-12.5,6003,0.04455096066338429,0.019994819857147145,0.015264778077520112,0.1155728637792055
-63.5,-12.5,6004,0.056812858290278365,0.023720038021947297,0.01590821429240715,0.10094728523865651
-62.5,-12.5,6005,0.20286284501763283,0.048861231230250414,0.03288529427112956,0.24663879486888796
-61.5,-12.5,6006,0.07571242641567008,0.018789729465643595,0.014148332938848289,0.12813991558849613
-60.5,-12.5,6007,0.05903458096266152,0.019646063281044367,0.012476760517178461,0.13169568642517898
-59.5,-12.5,6008,0.07435805968098978,0.02111234033618431,0.010726471522780829,0.1343197805448064
-58.5,-12.5,6009,0.052394710186969985,0.011359813120898331,0.007565392306463803,0.07895736840541565
-57.5,-12.5,6010,0.02429363423061287,0.006763787257761858,0.009622960253478379,0.05391940682054986
-56.5,-12.5,6011,0.014501581049467081,0.005167326020294711,0.01043315731474329,0.054602667986246654
-55.5,-12.5,6012,0.014290870291606124,0.004082428572581905,0.008370222885975121,0.03419524884599834
-54.5,-12.5,6013,0.03207991696315296,0.005139472666996353,0.008729779938347884,0.04276708354443039
-53.5,-12.5,6014,0.0198357040640488,0.0057359031945425154,0.011152053209008318,0.027862534834238614
-52.5,-12.5,6015,0.029704542702474725,0.005992131742818432,0.01148595311731635,0.05639728884893966
-51.5,-12.5,6016,0.01604537615425134,0.006837291894527153,0.010411504702836341,0.02865844957084815
-50.5,-12.5,6017,0.008829922884159534,0.003887935241181902,0.007693636111473496,0.02402167010145644
-29.5,-12.5,6031,0.11746170669952234,0.014023083693607222,0.02039155135934083,0.09357993001007121
-28.5,-12.5,6032,0.07351052727153674,0.013818734088522413,0.016699034243177466,0.09269898813116971
-27.5,-12.5,6033,0.05739414598002006,0.014261131971278327,0.017005000185699864,0.0900898080385345
-26.5,-12.5,6034,0.05447323717445972,0.014516912448831038,0.015404594023539244,0.084037806974777
-25.5,-12.5,6035,0.04459487503202845,0.013527605514050512,0.014275897356852457,0.0510481185132114
-24.5,-12.5,6036,0.048226218374291134,0.00953702686402968,0.010487104637304522,0.038027559651366935
-23.5,-12.5,6037,0.04196334007383948,0.0113704192224889,0.00997606548000313,0.02967455939985507
-22.5,-12.5,6038,0.02930615384090948,0.010427891279610827,0.006891025433227683,0.02646928334985343
-21.5,-12.5,6039,0.060093496686406955,0.015185503807499737,0.00714863084402452,0.06113835377238048
-20.5,-12.5,6040,0.06132302324915334,0.01519875746680535,0.007427449498140052,0.07679608253982219
-19.5,-12.5,6041,0.0331732773038094,0.010792296793592861,0.007363102235531989,0.041347521344567435
-18.5,-12.5,6042,0.042491158848437335,0.01638939364473557,0.014478670518434322,0.06864045964274687
-17.5,-12.5,6043,0.09611938902590779,0.023335310256552017,0.01667863442702436,0.10439213460275504
-16.5,-12.5,6044,0.11882318456809282,0.04231901494266954,0.015307499420902948,0.14901558249468286
-15.5,-12.5,6045,0.1432245087805375,0.055465929043955906,0.01377630837959844,0.3010528115142494
-14.5,-12.5,6046,0.12699643995293367,0.06245693086909388,0.022327926307718574,0.33967517788902546
-13.5,-12.5,6047,0.10747163820639917,0.05652156575064051,0.01873865686516856,0.19622857064523694
-12.5,-12.5,6048,0.08624940129998174,0.043036559886586126,0.015419401075001464,0.19633767037233485
-11.5,-12.5,6049,0.23946483954736122,0.13083730909054542,0.02946911303453387,0.323530539632112
-10.5,-12.5,6050,0.19156735170088912,0.09439793186216033,0.017380639626695723,0.28450885084897837
0.5,-12.5,6061,0.08582579105391204,NA,0.027394971172492774,0.08247149713490652
1.5,-12.5,6062,0.08260474437057112,NA,0.018039481796176503,0.048086310797739146
2.5,-12.5,6063,0.07075856173314586,NA,0.03548504911376203,0.028862288828979992
3.5,-12.5,6064,0.15962616424197318,NA,0.02434912613637006,0.03742754172428499
4.5,-12.5,6065,0.16154073810876093,NA,0.02489311259042704,0.03985395477878954
5.5,-12.5,6066,0.16294320215256256,NA,0.024011779374698186,0.0412056990631646
6.5,-12.5,6067,0.18817972130565522,NA,0.028997030516750264,0.049332025597224695
7.5,-12.5,6068,0.14754691174724593,NA,0.04030697803732307,0.07113877896372864
8.5,-12.5,6069,0.15369338879506703,NA,0.027334653394189765,0.05581997769130439
9.5,-12.5,6070,0.1498649427465883,NA,0.019763180837779372,0.04769753092615797
20.5,-12.5,6081,0.028100068314030342,0.03037903114725577,0.028213213071704383,0.028809735065131133
21.5,-12.5,6082,0.030423700890735195,0.031140947971129266,0.03302975345909532,0.024887410327600668
22.5,-12.5,6083,0.02844847804951136,0.03145301598652341,0.03275573891478484,0.024478239694624242
23.5,-12.5,6084,0.028094180603481383,0.03212253788409865,0.032981586472493905,0.02612142866381715
24.5,-12.5,6085,0.04405773599527022,0.03405253548245862,0.03283973043599874,0.03842564190643247
25.5,-12.5,6086,0.013510213824148387,0.034097268355262944,0.02441028271004833,0.041852132085168414
26.5,-12.5,6087,0.016760226121445385,0.034832783018415775,0.03402851219246329,0.03703575908544603
27.5,-12.5,6088,0.02002713918787129,0.03816330540551371,0.034816006022944955,0.04614709800660992
28.5,-12.5,6089,0.01788545421843728,0.05212308557710605,0.03489927590447449,0.04188142154963941
29.5,-12.5,6090,0.020017926475614,0.09000998146228091,0.03184482470095079,0.048916276768413945
40.5,-12.5,6101,0.022549675712867416,0.022326048782630115,0.014794646373688755,0.017296268394783366
41.5,-12.5,6102,0.02231500407531135,0.02135462988343072,0.014716072813972003,0.017360639033376226
42.5,-12.5,6103,0.02366151572257827,0.022336638465496512,0.01532319709248802,0.017531513747184473
43.5,-12.5,6104,0.02555936762034059,0.024933241240703407,0.017070855512254044,0.018311557136149587
44.5,-12.5,6105,0.026221979867332202,0.02500412925263735,0.01906081564911412,0.018887417465499757
45.5,-12.5,6106,0.018647839030590772,0.02093203189313754,0.018443269281748338,0.021722911127029555
46.5,-12.5,6107,0.0201004755837068,0.01888597433161476,0.01764768721826683,0.017002198944706007
47.5,-12.5,6108,0.012483343288152813,0.014070288894263245,0.01172710991714827,0.012784981710417755
48.5,-12.5,6109,0.010390933543028075,0.011623367151333119,0.008319105654995265,0.010885917442916091
49.5,-12.5,6110,0.010448285265694196,0.011623367151333119,0.008106336964231325,0.01190746870027053
50.5,-12.5,6111,0.011991212301357879,0.011592470623544855,NA,0.011193458550451481
51.5,-12.5,6112,0.009918302442915704,0.011366089553034139,NA,0.011352142920497863
52.5,-12.5,6113,0.010590004717092368,0.009853020369606625,NA,0.010159697506775195
53.5,-12.5,6114,0.010611820025801931,0.009677291679854656,NA,0.007486933730525531
54.5,-12.5,6115,0.010146125109454524,0.009756623639301295,NA,0.007004586445282837
55.5,-12.5,6116,0.010182240366310592,0.0096838781387116,NA,0.008595163630024464
56.5,-12.5,6117,0.009878192479750544,0.009275951600135961,NA,0.007782811956281047
57.5,-12.5,6118,0.00907555403295251,0.00902547404526145,NA,0.007513293124122732
58.5,-12.5,6119,0.00847046124318484,0.0090392495166138,NA,0.0073174454485321035
59.5,-12.5,6120,0.008405461869134528,0.008667513811664636,NA,0.005198084452978811
70.5,-12.5,6131,0.004460440209265307,NA,NA,NA
71.5,-12.5,6132,0.004107629845758892,NA,NA,NA
72.5,-12.5,6133,0.004132652797613512,NA,NA,NA
73.5,-12.5,6134,0.0031677120199869236,NA,NA,NA
74.5,-12.5,6135,0.002929240271837934,NA,NA,NA
75.5,-12.5,6136,0.003126065364667956,NA,NA,NA
76.5,-12.5,6137,0.004027873775230171,NA,NA,NA
77.5,-12.5,6138,0.004273994055933948,NA,NA,NA
78.5,-12.5,6139,0.004102548872255958,NA,NA,NA
79.5,-12.5,6140,0.0037352375126105714,NA,NA,NA
80.5,-12.5,6141,0.0037641263274330954,NA,NA,0.004008224865972427
81.5,-12.5,6142,0.004330796477127987,NA,NA,0.004054340536722251
82.5,-12.5,6143,0.004833576698414548,NA,NA,0.005976520614864424
83.5,-12.5,6144,0.005446343694997328,NA,NA,0.005047689970084847
84.5,-12.5,6145,0.005424223371943862,NA,NA,0.006250649299006169
85.5,-12.5,6146,0.0055254551229020595,NA,NA,0.0037452691765724076
86.5,-12.5,6147,0.005735320418075754,NA,NA,0.0037924333935192406
87.5,-12.5,6148,0.006967542828800912,NA,NA,0.0038731309994841615
88.5,-12.5,6149,0.007191652671027619,NA,NA,0.003956981538095603
89.5,-12.5,6150,0.007490089769745404,NA,NA,0.004197230058666463
90.5,-12.5,6151,0.007441766550206186,NA,0.003917343916027688,0.0036696146880293473
91.5,-12.5,6152,0.007441766550206186,NA,0.004019807057666122,0.003679630525639411
92.5,-12.5,6153,0.007301873692339944,NA,0.003647158737223801,0.003602227678989144
93.5,-12.5,6154,0.008111309358648348,NA,0.003819252253818918,0.00400499711256604
94.5,-12.5,6155,0.008297886718464983,NA,0.003171412261368227,0.004127418787267441
95.5,-12.5,6156,0.008358770488552299,NA,0.003775705448766615,0.005464067762453395
96.5,-12.5,6157,0.011670862487708166,NA,0.004481526605509144,0.00647471247532571
97.5,-12.5,6158,0.01400206456129748,NA,0.004682385638435033,0.005264903830703416
98.5,-12.5,6159,0.014182946293309635,NA,0.005048092960864544,0.006969149856585104
99.5,-12.5,6160,0.014277651077628352,NA,0.005135651994358399,0.011087610098844639
-109.5,-11.5,6194,0.06763120436021001,NA,NA,0.019867100514483444
-108.5,-11.5,6195,0.0688071036577784,NA,NA,0.015572768894589487
-107.5,-11.5,6196,0.1157023383181575,NA,NA,0.030100019835212086
-106.5,-11.5,6197,0.05189611355121134,NA,NA,0.01850114436704805
-105.5,-11.5,6198,0.052000652545544694,NA,NA,0.04126615154260783
-104.5,-11.5,6199,0.04270858473839342,NA,NA,0.07455303860406591
-103.5,-11.5,6200,0.03863016955833976,NA,NA,0.06501414996727473
-102.5,-11.5,6201,0.041242174903044694,NA,NA,0.015090750349993184
-101.5,-11.5,6202,0.037835912039514384,NA,NA,0.015308358877101856
-100.5,-11.5,6203,0.038558608845359735,NA,NA,0.019139337116021313
-99.5,-11.5,6204,0.041670222006805084,NA,NA,0.019562066434397063
-98.5,-11.5,6205,0.047489715760880326,NA,NA,0.014522272309164794
-97.5,-11.5,6206,0.037740120570638996,NA,NA,0.014383405376354432
-96.5,-11.5,6207,0.038297368480651364,NA,NA,0.013440448658306783
-95.5,-11.5,6208,0.039007479659348136,NA,NA,0.017814362456492008
-94.5,-11.5,6209,0.036874435814820694,NA,NA,0.01096414810884733
-93.5,-11.5,6210,0.03833342254919057,NA,NA,0.014428915155825442
-92.5,-11.5,6211,0.03512579405628087,NA,NA,0.010235024283550947
-91.5,-11.5,6212,0.029922743502208218,NA,NA,0.010480274026965285
-90.5,-11.5,6213,0.031120451896348836,NA,NA,0.012103186534470822
-89.5,-11.5,6214,0.03428454204602095,0.01959013937990049,0.01661606761435002,0.013721711508594534
-88.5,-11.5,6215,0.029949742499417377,0.01805277160692977,0.015061254940943429,0.011289640265467053
-87.5,-11.5,6216,0.025472144466317074,0.011368184505060542,0.014034963710908328,0.013083981835179045
-86.5,-11.5,6217,0.022339031613478052,0.009391728255198857,0.014158362890970232,0.013107321946688117
-85.5,-11.5,6218,0.02181934025630096,0.00878661363209904,0.010044460054713223,0.013128968655960296
-84.5,-11.5,6219,0.021885342580751588,0.00952121705330979,0.011519300301346125,0.010143022926800714
-83.5,-11.5,6220,0.019360004091706618,0.009265487984621956,0.009940139608822616,0.013180887654157146
-82.5,-11.5,6221,0.017387939192721476,0.008929501682039142,0.008386028529892056,0.013075323382448913
-81.5,-11.5,6222,0.022281082543003344,0.010666104329952844,0.008321444620596084,0.014968568776647503
-80.5,-11.5,6223,0.01993062997768287,0.010541699358271636,0.008095849345332527,0.01452590471478912
-79.5,-11.5,6224,0.02134078423653603,0.011532054407321133,0.008106843805980582,0.016039240011384837
-78.5,-11.5,6225,0.02436888858897535,0.009714300793313311,0.008021982954412402,0.020654527435819386
-77.5,-11.5,6226,0.023505388459303153,0.00978887582252566,0.008240598706690498,0.027355208955190214
-76.5,-11.5,6227,0.02682507557376966,0.010078771928183565,0.009232271099417648,0.018021842254263634
-75.5,-11.5,6228,0.024210827880198037,0.009878150649004795,0.0050079566893411614,0.01733686739133887
-74.5,-11.5,6229,0.028926860514381505,0.008193091882141644,0.0038811376470290204,0.019684151687280285
-73.5,-11.5,6230,0.029478838851837802,0.009072223677413864,0.006945245517744987,0.020036147212998963
-72.5,-11.5,6231,0.03650740860602402,0.008997423287362222,0.005459344577040092,0.017940796422261086
-71.5,-11.5,6232,0.03132700051003729,0.008901639116516964,0.005812563371381819,0.020741147567943517
-70.5,-11.5,6233,0.03425946222414233,0.008715814162977745,0.004317095727347922,0.022197954782432975
-69.5,-11.5,6234,0.03527554522390723,0.008660112981149602,0.004306913580923513,0.021989533265146896
-68.5,-11.5,6235,0.0344384437670795,0.00943635320365687,0.004464207715575109,0.02382566857969652
-67.5,-11.5,6236,0.028699025388337657,0.010904523572912892,0.004771960849641427,0.07871385240640542
-66.5,-11.5,6237,0.03314915296529001,0.014197276606886373,0.0056800774444972805,0.0666080482101623
-65.5,-11.5,6238,0.028691723568263834,0.013219067918194754,0.005876585376750829,0.06773670626803974
-64.5,-11.5,6239,0.030000869097770652,0.014184691057285106,0.007340038366446466,0.07794820228153919
-63.5,-11.5,6240,0.02409529608283784,0.014322101925773564,0.00754695098937805,0.10954146523330263
-62.5,-11.5,6241,0.0241876129761971,0.0144725929990453,0.007156203350020999,0.09788596875890516
-61.5,-11.5,6242,0.025994974395979895,0.01649060753838785,0.006265455525195592,0.0836951908445823
-60.5,-11.5,6243,0.02530286080450926,0.012675279231436418,0.006194811218191263,0.08242589840785855
-59.5,-11.5,6244,0.028244587413167564,0.010941725689195094,0.00518150904995767,0.07026497118781151
-58.5,-11.5,6245,0.021242142647857076,0.008999424555237072,0.004367352726001006,0.04763210500613414
-57.5,-11.5,6246,0.017597062674679614,0.007325363266740489,0.0032058021918008805,0.0414769108257832
-56.5,-11.5,6247,0.015338260676907032,0.0054986444027846255,0.006506244168907411,0.058773680764175676
-55.5,-11.5,6248,0.010766924595863571,0.005298788674328902,0.005987250456566913,0.04330633135378866
-54.5,-11.5,6249,0.012298048982569747,0.004192545889157871,0.007078346030208614,0.04745941042066247
-53.5,-11.5,6250,0.008399305644326019,0.003607410234956574,0.008735838259322209,0.03472705555218195
-52.5,-11.5,6251,0.009834595283270955,0.003710497138915453,0.009190463930911597,0.020573298469136272
-51.5,-11.5,6252,0.010033909649783646,0.00506926604826088,0.01215674513787695,0.02725098563324671
-50.5,-11.5,6253,0.010450287392803088,0.005450213176226995,0.02034330863128788,0.023670646410996074
-29.5,-11.5,6271,0.06642154870596592,0.019563692100092865,0.010808550098414664,0.054117176350257895
-28.5,-11.5,6272,0.040592095988067366,0.014783663220383315,0.009764562287358539,0.05142371250600395
-27.5,-11.5,6273,0.027244644081668296,0.010880058774111218,0.01012401387288785,0.036145336914813864
-25.5,-11.5,6274,0.021365905379864745,0.008691055969514621,0.004863815163102952,0.04190539584979834
-24.5,-11.5,6275,0.03951530325782344,0.013113338585335442,0.006720639793511602,0.08060544203422354
-23.5,-11.5,6276,0.047719554022480966,0.014793260892948048,0.006865060814821666,0.057181145932260494
-22.5,-11.5,6277,0.027800957637715232,0.008147418078724185,0.005024191501307295,0.024890706941284393
-21.5,-11.5,6278,0.054096377141810766,0.011928899463859215,0.009614762900007673,0.04216545744073668
-20.5,-11.5,6279,0.04762952056952826,0.013067619922370693,0.01228888257793349,0.06900156164018585
-19.5,-11.5,6280,0.03386649963320683,0.009739493601836428,0.009326533971895081,0.05119811132941268
-18.5,-11.5,6281,0.05778946946967064,0.017175403590488608,0.011712895003705632,0.07886444150760899
-17.5,-11.5,6282,0.04943176269626055,0.024505196475156064,0.015218614013275416,0.0857793401463256
-16.5,-11.5,6283,0.06812972508998762,0.046690024057910895,0.014533478119643065,0.1666994555568095
-15.5,-11.5,6284,0.1018384370686779,0.04458318367613591,0.015349285172894906,0.13280752611080002
-14.5,-11.5,6285,0.09549181410574227,0.05437149445902601,0.01749070117302582,0.16060115076882875
-13.5,-11.5,6286,0.051309226513712954,0.030920611772949816,0.01022925601708156,0.09406111869279314
-12.5,-11.5,6287,0.07263231949115403,0.04246063356799529,0.01375419788739388,0.11299446598879145
-11.5,-11.5,6288,0.11331452783665251,0.060689627255097175,0.017626162327058926,0.29952011548469887
-10.5,-11.5,6289,0.1939838875740275,0.07472226743964758,0.01263908640196041,0.23900253773994065
0.5,-11.5,6300,0.04330382453638616,NA,0.013472342463318665,0.01584197658422417
1.5,-11.5,6301,0.03303327734064139,NA,0.014426648357006144,0.01827199679207108
2.5,-11.5,6302,0.055670924367562255,NA,0.01988587124184395,0.0484197128506567
3.5,-11.5,6303,0.07620595076430355,NA,0.020121561385993175,0.030407092626600605
4.5,-11.5,6304,0.09427720700255371,NA,0.02148086108682108,0.03196631610899984
5.5,-11.5,6305,0.0883146237171007,NA,0.044628055996543334,0.034207440683071196
6.5,-11.5,6306,0.09599267847708576,NA,0.015105828249579796,0.10373508443287989
7.5,-11.5,6307,0.09203716165726979,NA,0.011208771289702626,0.0934592570872143
8.5,-11.5,6308,0.0803037621205953,NA,0.015563091235928802,0.02828417631144194
9.5,-11.5,6309,0.06264252447613594,NA,0.011695051480682206,0.030998298356139178
20.5,-11.5,6320,0.017437498429516193,0.028068901555865583,0.026583981102584472,0.020667837442574218
21.5,-11.5,6321,0.01843988020150099,0.048074867085487624,0.0260801209185205,0.018874847170597293
22.5,-11.5,6322,0.016857729711404004,0.017980056467160534,0.025287558228303402,0.023179713113702965
23.5,-11.5,6323,0.016464918167316402,0.017156682282306567,0.025067792082321724,0.02320039942567423
24.5,-11.5,6324,0.016945537783509327,0.01962495335844606,0.025978777031552023,0.01796913683535188
25.5,-11.5,6325,0.01733765450248623,0.019278559305234748,0.027430003334091284,0.018386140055021243
26.5,-11.5,6326,0.017008034388407253,0.018678714913794126,0.02642777411052889,0.017602518889034965
27.5,-11.5,6327,0.017970603409443935,0.01986945239937481,0.026790584103368646,0.017970645213115304
28.5,-11.5,6328,0.03667988589825914,0.038768973526910305,0.036224588346199224,0.024403372543289756
29.5,-11.5,6329,0.01891600273829551,0.020268567571794297,0.01785634308604909,0.01801926279670273
40.5,-11.5,6340,0.018233887242273344,0.016804275994059814,0.010387764486029998,0.01403958049924155
41.5,-11.5,6341,0.017607112695397182,0.01624846211518901,0.010151622154288505,0.015381288657362033
42.5,-11.5,6342,0.015997848523772867,0.01520391338296435,0.009859405924667474,0.0127340383414335
43.5,-11.5,6343,0.013491538069122181,0.013016440918463046,0.007191165340412454,0.015177337369920415
44.5,-11.5,6344,0.012263678068980507,0.013455799292422488,0.00742030934782402,0.011021846221912652
45.5,-11.5,6345,0.009720995917403656,0.01082693155746715,0.005762224100632914,0.01294591391572679
46.5,-11.5,6346,0.009177695125032737,0.010469921915358444,0.005396863574198783,0.014037239215695031
47.5,-11.5,6347,0.009209299669020747,0.009662073376497278,0.005234595560432819,0.015449683633813464
48.5,-11.5,6348,0.009211099498476828,0.008293355018585588,0.005942746159218936,0.011278712532392212
49.5,-11.5,6349,0.007589408529355734,0.008207011380693059,0.005570791860938971,0.008883323535049753
50.5,-11.5,6350,0.007131144350588705,0.006540499649754652,NA,0.008627605909479441
51.5,-11.5,6351,0.0072372994621858,0.006491837846567548,NA,0.008141662692843167
52.5,-11.5,6352,0.006915322684875893,0.006256161504582883,NA,0.006191845818498479
53.5,-11.5,6353,0.008273456016070237,0.006249362953315242,NA,0.006821314854422935
54.5,-11.5,6354,0.007949152710682535,0.006472453720066749,NA,0.006510588720523339
55.5,-11.5,6355,0.007949152710682535,0.0064459485406065395,NA,0.006763497744548022
56.5,-11.5,6356,0.005959612642076431,0.006373795191883982,NA,0.005324092415216862
57.5,-11.5,6357,0.005673185593735708,0.006391327723459457,NA,0.005218246289546759
58.5,-11.5,6358,0.005673185593735708,0.006033493447721614,NA,0.005164073019012909
59.5,-11.5,6359,0.005491353261360744,0.006547354520414216,NA,0.004611842658914841
70.5,-11.5,6370,0.0034936808969686295,NA,NA,NA
71.5,-11.5,6371,0.003315838255941824,NA,NA,NA
72.5,-11.5,6372,0.003336053911657816,NA,NA,NA
73.5,-11.5,6373,0.003330940677997947,NA,NA,NA
74.5,-11.5,6374,0.0032824609413593863,NA,NA,NA
75.5,-11.5,6375,0.0031309615026512954,NA,NA,NA
76.5,-11.5,6376,0.003403898151727845,NA,NA,NA
77.5,-11.5,6377,0.003359300000603858,NA,NA,NA
78.5,-11.5,6378,0.0033910723685504525,NA,NA,NA
79.5,-11.5,6379,0.003606031401602949,NA,NA,NA
80.5,-11.5,6380,0.004946475056163507,NA,NA,0.0044498500804566726
81.5,-11.5,6381,0.0038876957914352143,NA,NA,0.004023818787180543
82.5,-11.5,6382,0.0054467962303652966,NA,NA,0.004000591210203946
83.5,-11.5,6383,0.005172904532786781,NA,NA,0.0037889468397109215
84.5,-11.5,6384,0.00514085111702014,NA,NA,0.004693339098768021
85.5,-11.5,6385,0.0053999456524863616,NA,NA,0.003736537696200468
86.5,-11.5,6386,0.006309056543141631,NA,NA,0.0043362781867626815
87.5,-11.5,6387,0.006717219041469618,NA,NA,0.0035034788617978223
88.5,-11.5,6388,0.006997062687176155,NA,NA,0.0035713230686110287
89.5,-11.5,6389,0.006944939300615377,NA,NA,0.0036762472938622216
90.5,-11.5,6390,0.007031518175192239,NA,0.003566532364670781,0.0035840009968708345
91.5,-11.5,6391,0.007523910679152864,NA,0.004388403590667178,0.003901111692681639
92.5,-11.5,6392,0.007294824950419872,NA,0.0038559397910355006,0.004151415153851583
93.5,-11.5,6393,0.0075720702730652486,NA,0.00387950354124498,0.005263622871660465
94.5,-11.5,6394,0.007666421626082332,NA,0.003934724540490104,0.00710239468907943
95.5,-11.5,6395,0.01038694494375253,NA,0.0030790492393897354,0.004816964849674605
96.5,-11.5,6396,0.014022192764479649,NA,0.004538355766271088,0.005360612791578824
97.5,-11.5,6397,0.013363099968354499,NA,0.0048565345037665745,0.007326488528455445
98.5,-11.5,6398,0.011244241375111602,NA,0.005204070636766809,0.00790740024285694
99.5,-11.5,6399,0.010092999688630219,NA,0.00535232626826,0.015904817472824705
-109.5,-10.5,6433,0.05153124024867603,NA,NA,0.012801212016235304
-108.5,-10.5,6434,0.034697090559933676,NA,NA,0.013234227592526682
-107.5,-10.5,6435,0.03779935982307389,NA,NA,0.01617975656215376
-106.5,-10.5,6436,0.030746203182330126,NA,NA,0.017719900532066398
-105.5,-10.5,6437,0.027767170864468498,NA,NA,0.023934016679180225
-104.5,-10.5,6438,0.027237993365872605,NA,NA,0.023284603944308802
-103.5,-10.5,6439,0.02678221208026694,NA,NA,0.019665379790071418
-102.5,-10.5,6440,0.02497219919622922,NA,NA,0.017714353866602767
-101.5,-10.5,6441,0.024359513681231765,NA,NA,0.014391193468540784
-100.5,-10.5,6442,0.023005756079312625,NA,NA,0.012803578048738691
-99.5,-10.5,6443,0.029500485439026142,NA,NA,0.014203825150776126
-98.5,-10.5,6444,0.026487463350025827,NA,NA,0.012089265272134395
-97.5,-10.5,6445,0.0233692209111787,NA,NA,0.011107897494092696
-96.5,-10.5,6446,0.023965293409506146,NA,NA,0.011402585513089421
-95.5,-10.5,6447,0.029944742114407136,NA,NA,0.010523283217695743
-94.5,-10.5,6448,0.024133925308873275,NA,NA,0.010100036044228725
-93.5,-10.5,6449,0.024651632960616007,NA,NA,0.010515799785691494
-92.5,-10.5,6450,0.030654352132429626,NA,NA,0.012016630861209856
-91.5,-10.5,6451,0.020721580597779298,NA,NA,0.010217046493796622
-90.5,-10.5,6452,0.022393704653784607,NA,NA,0.011721798057125197
-89.5,-10.5,6453,0.022931194481240903,0.010288359637409688,0.01890048534118406,0.009905385881818324
-88.5,-10.5,6454,0.025960738791335466,0.00976403807250741,0.008640587214668956,0.009877022574381705
-87.5,-10.5,6455,0.0379908044761789,0.00833843432517417,0.011854192464713201,0.007021377934990154
-86.5,-10.5,6456,0.04037040177270379,0.008958060062941423,0.009313291360241553,0.007532738228062657
-85.5,-10.5,6457,0.01694769646579494,0.007281403733438658,0.007873933306788173,0.006560835869776235
-84.5,-10.5,6458,0.01507439720667123,0.007382113917048386,0.007760422692399489,0.006658569165745201
-83.5,-10.5,6459,0.015950907823386096,0.00708646582062347,0.0037762013149174804,0.006492059231385534
-82.5,-10.5,6460,0.01572600547571892,0.008209208186441514,0.005064669762816176,0.006592161952603977
-81.5,-10.5,6461,0.012578129220882,0.009113391285961439,0.004888547883671064,0.006407567966146529
-80.5,-10.5,6462,0.012938527316086442,0.009167588357767875,0.0035268899079124835,0.0054285594704750785
-79.5,-10.5,6463,0.013870673194292197,0.009111072865731993,0.0037330129966453673,0.004881982527594621
-78.5,-10.5,6464,0.012981751242433177,0.0068850779220579715,0.0034553445434629144,0.004342377155812714
-77.5,-10.5,6465,0.011910940881361732,0.006716897441970123,0.0031702532893071833,0.004403948076604429
-76.5,-10.5,6466,0.011419004204060385,0.008056509619044475,0.0033779746910825668,0.004542523742565291
-75.5,-10.5,6467,0.012897598646694299,0.006338495310629683,0.004851258233371222,0.0049621683717662405
-74.5,-10.5,6468,0.022373214941074356,0.009780449234299826,0.00470176628275361,0.006054965858672963
-73.5,-10.5,6469,0.017671873061102687,0.009945623431933047,0.006468281126221754,0.006299303459986599
-72.5,-10.5,6470,0.011377464280808169,0.0042453878061426255,0.005825336814967367,0.006661137247333718
-71.5,-10.5,6471,0.01826457846880899,0.005643250541143108,0.00741876985938167,0.007692265121810166
-70.5,-10.5,6472,0.01188767382559619,0.004190250912147043,0.0039059345963769814,0.005962765506407359
-69.5,-10.5,6473,0.011717268780757156,0.0036021921781918234,0.0041544794824991274,0.007646903411514639
-68.5,-10.5,6474,0.012395312274338618,0.0038797602786670425,0.0046680121792714285,0.007939804221964324
-67.5,-10.5,6475,0.012609173567881613,0.004276569107919732,0.004818577279351948,0.008167704446141231
-66.5,-10.5,6476,0.009424825455388293,0.004214975235375409,0.004050328338658059,0.007975799715772485
-65.5,-10.5,6477,0.008142641918265152,0.004968234280892487,0.003920781576362977,0.00859240495317173
-64.5,-10.5,6478,0.007278029796003893,0.004903651879397445,0.0034472238090514805,0.012284205728325748
-63.5,-10.5,6479,0.012361098492629471,0.0037897810675794914,0.0038796401515288435,0.01523900407661197
-62.5,-10.5,6480,0.009738003854783328,0.003718548058477706,0.003811562202461522,0.01860792641049381
-61.5,-10.5,6481,0.00890121540506629,0.003491485759085174,0.004944607340863379,0.014992566552044433
-60.5,-10.5,6482,0.007918543696918193,0.0029371414395929682,0.003018784553329596,0.009589482128115598
-59.5,-10.5,6483,0.008614268952841547,0.006113198984510683,0.006496941486824557,0.02480144603439348
-56.5,-10.5,6484,0.005418823525481902,0.005537457165589273,0.0029950675679770193,0.00909110641683673
-55.5,-10.5,6485,0.009478101594945732,0.005896315573319892,0.0075134134272578455,0.02102373898544727
-54.5,-10.5,6486,0.007072553328225131,0.00592249765873005,0.00709461378929442,0.03639257625201837
-53.5,-10.5,6487,0.005175880342059746,0.0037237048105255174,0.00625694788167938,0.019284836236716865
-52.5,-10.5,6488,0.0058359079975600255,0.0023314040227812157,0.003381488077182337,0.01196753098748968
-51.5,-10.5,6489,0.004314739965264509,0.0024678266227273855,0.007119094330442751,0.011155974450813589
-50.5,-10.5,6490,0.0033373513844423873,0.0030143418449510486,0.006958788764343944,0.011235480341269364
-28.5,-10.5,6510,0.011092253793253626,0.01463836504536078,0.010723981469497495,0.04561337235869987
-27.5,-10.5,6511,0.012003245039825848,0.009020875216032771,0.004194453257180634,0.019347987132603297
-26.5,-10.5,6512,0.012492113483761653,0.01164967237029732,0.005588310774263695,0.022745955427404124
-25.5,-10.5,6513,0.0097584918299333,0.008495220140167934,0.005565594460445455,0.02388554559469991
-24.5,-10.5,6514,0.012110360866899955,0.007814682874204207,0.0053832397231901264,0.021307179688892248
-23.5,-10.5,6515,0.01254434283796313,0.007191004024282732,0.0041821350710601795,0.03146637205795201
-22.5,-10.5,6516,0.01217695557919167,0.0056397021600293465,0.0030672039969608304,0.020315096849941802
-21.5,-10.5,6517,0.017894063393766636,0.009925855018687755,0.004316845690452613,0.02698750349920619
-20.5,-10.5,6518,0.02234850465407938,0.012638666474182806,0.004321874407829805,0.027510494183472897
-19.5,-10.5,6519,0.015809778854841645,0.010464402871994587,0.006451102649033202,0.02552171715407573
-18.5,-10.5,6520,0.012492942918373589,0.007960272411270656,0.002736066364058062,0.02401389097288869
-17.5,-10.5,6521,0.014158196496096393,0.009440075149213783,0.005785253029926632,0.03324992702222053
-16.5,-10.5,6522,0.01847858956474784,0.014688621035613478,0.004818487776639093,0.0572654481790414
-15.5,-10.5,6523,0.03135882009825124,0.016656538077485506,0.008732909064170206,0.04276937063876435
-14.5,-10.5,6524,0.019822140739010036,0.012697808319057815,0.007224141923533077,0.024720832367218358
-13.5,-10.5,6525,0.01934246145742023,0.013063216029276209,0.005356954774974161,0.032275722927927686
-12.5,-10.5,6526,0.025217701941957625,0.015968413753623897,0.007134582805452524,0.038892250233239334
-11.5,-10.5,6527,0.035222470616576726,0.05104239957194561,0.010403564379571038,0.07655614591435086
-10.5,-10.5,6528,0.08454161334195479,0.03436368693614399,0.008830478771631978,0.0597623361543156
0.5,-10.5,6539,0.01836023050740298,NA,0.007573720079142384,0.009655325669597958
1.5,-10.5,6540,0.0148934133466517,NA,0.006051059504825405,0.009964379395218197
2.5,-10.5,6541,0.013973390801841982,NA,0.008744410029218407,0.009549747966205236
3.5,-10.5,6542,0.009698526395284932,NA,0.007840494014069792,0.0086285959957019
4.5,-10.5,6543,0.009327344025704263,NA,0.007539780133642588,0.00797301624760593
5.5,-10.5,6544,0.017152334494602208,NA,0.008135365264113188,0.008366917055979483
6.5,-10.5,6545,0.0163553121119929,NA,0.008889897753931186,0.011609955203668046
7.5,-10.5,6546,0.01650506594771988,NA,0.009112795356282205,0.00976175605154083
8.5,-10.5,6547,0.012521107806675789,NA,0.00913922351334642,0.012031004361671427
9.5,-10.5,6548,0.01048955503080844,NA,0.009628458619766326,0.012702094333783722
20.5,-10.5,6559,0.008773847894563674,0.008822038236146058,0.008560196468452061,0.00780699761237962
21.5,-10.5,6560,0.008213248376233436,0.0077895179962958055,0.00828556153759087,0.009123126724458528
22.5,-10.5,6561,0.010391631082053352,0.007875651324310732,0.008388712058941608,0.010137025555195736
23.5,-10.5,6562,0.00995911348744107,0.008463113044390737,0.008175801564399555,0.008873564717363155
24.5,-10.5,6563,0.00963767388174921,0.009165713928661673,0.00835253918599706,0.008920957460472775
25.5,-10.5,6564,0.009550232947730226,0.008761860929774861,0.005842598425914016,0.008754794966618878
26.5,-10.5,6565,0.009208584966759773,0.009070734110603189,0.005547167401639896,0.011055105672390299
27.5,-10.5,6566,0.008837171482121212,0.0087291141399295,0.005800822430877258,0.009271154862336883
28.5,-10.5,6567,0.008853418669749626,0.009885560076869849,0.0043381449050386885,0.008250694777441836
29.5,-10.5,6568,0.008394590992302022,0.009181583748302084,0.004134762393263762,0.007861467173272128
40.5,-10.5,6579,0.00670825988914798,0.005310004975895887,0.004301482633077342,0.006701838369652153
41.5,-10.5,6580,0.006753198670181083,0.005124145614513911,0.005023021334285615,0.007243165072898012
42.5,-10.5,6581,0.005772597778596817,0.004353302926290318,0.004301482633077342,0.00635671991615534
43.5,-10.5,6582,0.006010962509076495,0.004676088343404513,0.004478501053099334,0.006384789557595581
44.5,-10.5,6583,0.004647838386999332,0.004667096257594484,0.004414544360713264,0.006213806527722757
45.5,-10.5,6584,0.003968896344087033,0.004735485839428938,0.00445649309255468,0.0061228934166880486
46.5,-10.5,6585,0.003821390315221061,0.00463032570508685,0.004357501377480465,0.005842601164580873
47.5,-10.5,6586,0.003762049177910381,0.0043082676073197225,0.004316480409257069,0.005741378920140684
48.5,-10.5,6587,0.0033254000888978947,0.003898866612870012,0.0027955025944675165,0.004463195303607727
49.5,-10.5,6588,0.0034088291436922174,0.004169700383972255,0.0037556308538415953,0.004575038817237744
50.5,-10.5,6589,0.003272511496658994,0.0037472871451394085,NA,0.0043477576665614795
51.5,-10.5,6590,0.003310547483940606,0.0037692744485905904,NA,0.004188727523912666
52.5,-10.5,6591,0.0032714114036187045,0.003933138986327955,NA,0.003836706033015227
53.5,-10.5,6592,0.0038276050464571944,0.0038860557188334986,NA,0.003762833166885385
54.5,-10.5,6593,0.0036963006705653793,0.003725211604613986,NA,0.00367076344294636
55.5,-10.5,6594,0.003526061282220563,0.0035860541918225656,NA,0.003450313061023926
56.5,-10.5,6595,0.0035107829933201527,0.0035860541918225656,NA,0.0034615823452372636
57.5,-10.5,6596,0.003529286612126646,0.0035487017078604066,NA,0.0034615823452372636
58.5,-10.5,6597,0.003332398705509876,0.003892611888476418,NA,0.0035264268019913805
59.5,-10.5,6598,0.003362900918774654,0.003777122710588452,NA,0.0033106812059340886
70.5,-10.5,6609,0.002627917625048061,NA,NA,NA
71.5,-10.5,6610,0.00259493081182452,NA,NA,NA
72.5,-10.5,6611,0.002592343066210873,NA,NA,NA
73.5,-10.5,6612,0.0024830891273068447,NA,NA,NA
74.5,-10.5,6613,0.0026209842389714705,NA,NA,NA
75.5,-10.5,6614,0.0024896518477091076,NA,NA,NA
76.5,-10.5,6615,0.0026914153208608266,NA,NA,NA
77.5,-10.5,6616,0.0027462257826659053,NA,NA,NA
78.5,-10.5,6617,0.0027462257826659053,NA,NA,NA
79.5,-10.5,6618,0.0027764208542429935,NA,NA,NA
80.5,-10.5,6619,0.002887869420652411,NA,NA,0.0033512536117544433
81.5,-10.5,6620,0.0026561995078703995,NA,NA,0.0030486610751310613
82.5,-10.5,6621,0.0026311520562678904,NA,NA,0.0030794098921900883
83.5,-10.5,6622,0.0025621900148233637,NA,NA,0.002933902085410686
84.5,-10.5,6623,0.002922963795960849,NA,NA,0.003271366209680109
85.5,-10.5,6624,0.004852336991763191,NA,NA,0.002787483395521748
86.5,-10.5,6625,0.003780987931358761,NA,NA,0.002855097068498122
87.5,-10.5,6626,0.004030628441378161,NA,NA,0.0028398975773983835
88.5,-10.5,6627,0.0040426027781361,NA,NA,0.0028194226603490157
89.5,-10.5,6628,0.004381891138956165,NA,NA,0.0031456633658513812
90.5,-10.5,6629,0.00434293339598116,NA,0.0030648197919761694,0.0031679753959427915
91.5,-10.5,6630,0.0046921567381683635,NA,0.0031221564530784372,0.0037097236447406574
92.5,-10.5,6631,0.004530198014958496,NA,0.003123511257127384,0.0038324016632172117
93.5,-10.5,6632,0.004608404337013728,NA,0.00314675749445913,0.0035170441873917813
94.5,-10.5,6633,0.005721910973426044,NA,0.00314675749445913,0.0035613704433692045
95.5,-10.5,6634,0.0068029431303111045,NA,0.0037376909171513563,0.0048290807190529
96.5,-10.5,6635,0.007201235338402458,NA,0.0037677497298517952,0.00453293659125762
97.5,-10.5,6636,0.006092094757699156,NA,0.003888921738837785,0.004765858617733339
98.5,-10.5,6637,0.007400756601605469,NA,0.003927001389171373,0.006108450373075576
99.5,-10.5,6638,0.008695074163269758,NA,0.004302202601090128,0.006662278915977143
-139.5,-9.5,6641,0.007531020646510734,NA,0.0069336373555713895,0.004552435535347243
-138.5,-9.5,6642,0.05036886486532046,NA,0.004769571142740423,0.00990496661076134
-137.5,-9.5,6643,0.08086635660055043,NA,0.002705320133648942,0.01315646189781122
-136.5,-9.5,6644,0.05682826563340051,NA,0.002694762895356966,0.004835714326180613
-135.5,-9.5,6645,0.07590499992550952,NA,0.002705052691103889,0.004953399643687756
-134.5,-9.5,6646,0.083834352362389,NA,0.0025196238949604173,0.005369058161292572
-133.5,-9.5,6647,0.0907483076384615,NA,0.0026527178929952647,0.00461509650608267
-132.5,-9.5,6648,0.06967065035322004,NA,0.002739042445439083,0.004375860469167112
-131.5,-9.5,6649,0.06332977761273384,NA,0.002625120657827974,0.004455389083826469
-130.5,-9.5,6650,0.06720249436108952,NA,0.0028102686966182612,0.004618757076987705
-129.5,-9.5,6651,0.02186119081952151,0.002390087717198133,0.0017218609807364827,0.002671049778042811
-128.5,-9.5,6652,0.025405894050509685,0.0024829307533091433,0.0026388466333390347,0.003191240780947682
-127.5,-9.5,6653,0.02718483653277387,0.00594877055309308,0.0036529005518518643,0.006910726847285542
-126.5,-9.5,6654,0.02849355548066941,0.006401123244251266,0.004862220454885102,0.006588043832064582
-125.5,-9.5,6655,0.02517053303563676,0.008031054746436271,0.0043143622573379135,0.007462426282290429
-124.5,-9.5,6656,0.023238743441155084,0.007455010458182598,0.0039915259291543265,0.013409573472015183
-123.5,-9.5,6657,0.014606917306662753,0.008181111168625813,0.0038744463205674378,0.007820400804606097
-122.5,-9.5,6658,0.014845024915501333,0.009516597697273553,0.004095087203209411,0.008183315171678536
-121.5,-9.5,6659,0.014524806934882268,0.008968615386521704,0.003048077981301116,0.009729830493411461
-120.5,-9.5,6660,0.02093764885922733,0.007303151924075898,0.0028040910299764648,0.008286853331918434
-119.5,-9.5,6661,0.016104502582708218,0.00790018633843418,NA,0.008098589016913018
-118.5,-9.5,6662,0.01746926330243982,0.009992350390583092,NA,0.0093283755423603
-117.5,-9.5,6663,0.019905740559407872,0.006835076509904368,NA,0.007885237045308089
-116.5,-9.5,6664,0.023950302662933118,0.008096765009581047,NA,0.009728273346331593
-115.5,-9.5,6665,0.025789491773694852,0.008053883365281353,NA,0.00943307276901226
-114.5,-9.5,6666,0.03627076680572905,0.008391038716405655,NA,0.011946314738932932
-113.5,-9.5,6667,0.026596375293109667,0.008296174903857733,NA,0.013721996107111964
-112.5,-9.5,6668,0.03508866810545132,0.008849888835735996,NA,0.01982253236120079
-111.5,-9.5,6669,0.032982819270882265,0.007882028858244317,NA,0.034146325537127785
-110.5,-9.5,6670,0.041696954777981604,0.00802389270953332,NA,0.016539313833263743
-109.5,-9.5,6671,0.02416485575273843,0.00612983312068738,0.005334033651289674,0.012561490517379582
-108.5,-9.5,6672,0.028410255307962186,0.008258506734379945,0.007050994205631562,0.014305795595832121
-107.5,-9.5,6673,0.03287287961234528,0.018576829591100796,0.005226215173765868,0.017888227458854867
-106.5,-9.5,6674,0.03347411958680449,0.01547071912229163,0.006722788988315582,0.016784186199883762
-105.5,-9.5,6675,0.02711501425599562,0.016717397768629513,0.004932778155716828,0.019149154680397032
-104.5,-9.5,6676,0.026228673640653618,0.01659586020769978,0.012855185188759362,0.022253980397325148
-103.5,-9.5,6677,0.025865061075352563,0.015151638910117702,0.014565238461183636,0.021128054757819353
-102.5,-9.5,6678,0.031190283697736947,0.014892255665359606,0.012878489063486813,0.021104086030110603
-101.5,-9.5,6679,0.02201309000114916,0.012724299250804219,0.008815512706105331,0.018487863376052766
-100.5,-9.5,6680,0.022112929775066518,0.012495603792405463,0.011270612477041635,0.022746447513593622
-99.5,-9.5,6681,0.025179232543052005,0.012686988388758478,0.011280995660036937,0.021488523747331494
-98.5,-9.5,6682,0.026819467060487295,0.009895236800669508,0.008560335795770414,0.016778772201771895
-97.5,-9.5,6683,0.024220472685977656,0.010595450940624798,0.008560335795770414,0.011786937804121036
-96.5,-9.5,6684,0.02347693347677929,0.009001159383435656,0.01633926831997704,0.010737770447061134
-95.5,-9.5,6685,0.024644333915107862,0.008427609557032594,0.020281075029244797,0.010553733192482616
-94.5,-9.5,6686,0.03162232709757334,0.008188325637247865,0.020074368958975856,0.008998361360059012
-93.5,-9.5,6687,0.02437630488585828,0.00820320388437955,0.020110846568315473,0.00887917105569761
-92.5,-9.5,6688,0.047063447904802734,0.008095321380664147,0.019689072943409137,0.012434022700306706
-91.5,-9.5,6689,0.0267530065886618,0.007026246075851836,0.016526878266265664,0.010921457590445818
-90.5,-9.5,6690,0.04418186547584069,0.009648959632366715,0.01862697601480455,0.011299659279789423
-89.5,-9.5,6691,0.03369608997240523,0.00884384501275724,0.01611822984984166,0.01023970998565904
-88.5,-9.5,6692,0.04370059282851498,0.010118463643474395,0.011197496917104824,0.008221258764807634
-87.5,-9.5,6693,0.02889309117145019,0.010244750596385627,0.012900285436480592,0.007787987653000587
-86.5,-9.5,6694,0.02880194833979179,0.010571539644795536,0.012882165952683619,0.0076028574788572474
-85.5,-9.5,6695,0.029666321046510232,0.00922468833874208,0.006988388265563056,0.007449284348137501
-84.5,-9.5,6696,0.02830565882232856,0.010741667076234989,0.005001212224554892,0.007518237565514868
-83.5,-9.5,6697,0.023677235613570605,0.009824585193279762,0.0036852684852463,0.006567698662243935
-82.5,-9.5,6698,0.017725313048624687,0.00949120296022344,0.003702306149721697,0.005664051698740892
-81.5,-9.5,6699,0.01859360419882815,0.00901433124061612,0.003604719261302672,0.005063373780827202
-80.5,-9.5,6700,0.019813965516523,0.009170363795296375,0.0034228858698998814,0.00442779518569405
-79.5,-9.5,6701,0.015915297641059756,0.009762615999400657,0.0034026333691116704,0.00480239039817493
-78.5,-9.5,6702,0.010380862894010422,0.00864188655878668,0.0035544832438470283,0.0040008205284491494
-77.5,-9.5,6703,0.013656762669125324,0.008531106982856978,0.003318921820077643,0.004105256086394432
-76.5,-9.5,6704,0.01292377539478965,0.008300134113030431,0.004160576016438445,0.00509576937305132
-75.5,-9.5,6705,0.011525945240265624,0.006941307628140216,0.00350892809991853,0.005551755756116642
-74.5,-9.5,6706,0.008297319839892053,0.005334920261467471,0.0028055067745862273,0.004805822491340218
-73.5,-9.5,6707,0.01006040635324507,0.0044756668205878525,0.003207794559323765,0.004612265298798947
-72.5,-9.5,6708,0.00831790882209564,0.0035289568564658906,0.0025174936436489445,0.003860367848664612
-71.5,-9.5,6709,0.006965555525131681,0.00298278407760902,0.0022128395185849544,0.003430019237839598
-70.5,-9.5,6710,0.005650445338502889,0.0022492657611470797,0.0017457146068581256,0.0020935812675763423
-69.5,-9.5,6711,0.004826410660167232,0.0022049422425197618,0.0015417021276882255,0.0023875884317054448
-68.5,-9.5,6712,0.006716012596424846,0.0033270475041424284,0.0023466086244255894,0.003780810195030473
-67.5,-9.5,6713,0.006724047315109187,0.0036024219309406975,0.0029292754653658173,0.004492656207963845
-66.5,-9.5,6714,0.006402681677948304,0.003181418552078981,0.0032535981663685074,0.005228341850793269
-65.5,-9.5,6715,0.0067119179455765255,0.003888364057872915,0.0034399361308611602,0.011280266413258482
-64.5,-9.5,6716,0.006225718307944972,0.004548659749077154,0.003976461864942742,0.01105173861248503
-63.5,-9.5,6717,0.006527517434699954,0.005295804467118752,0.003826425837558593,0.009214252031606432
-62.5,-9.5,6718,0.007470512855860071,0.004976337990122985,0.002962751931385717,0.009532525401207364
-61.5,-9.5,6719,0.004936412607994168,0.0031297143728973922,0.0021130781602768474,0.010461980579833082
-54.5,-9.5,6720,0.005959264653484165,0.005056808666186588,0.0044932592726479766,0.01605168411719203
-53.5,-9.5,6721,0.005156972316839333,0.006723746154042457,0.0111578194253598,0.014171894696807345
-52.5,-9.5,6722,0.006633122593190878,0.0048468667205307115,0.0037501766733650647,0.01685721140360716
-51.5,-9.5,6723,0.003802534013311595,0.0038750946451277914,0.004931327174656005,0.01879822420380388
-50.5,-9.5,6724,0.0042497333864032994,0.004696283352009025,0.004863066199795732,0.013067043174772548
-49.5,-9.5,6725,0.005019470171266453,NA,NA,0.008666958301423394
-48.5,-9.5,6726,0.004905674220478762,NA,NA,0.005339971398672657
-47.5,-9.5,6727,0.0038203531191918667,NA,NA,0.004002024735443281
-46.5,-9.5,6728,0.0032753862173337213,NA,NA,0.004566006003309155
-45.5,-9.5,6729,0.0030663454831337924,NA,NA,0.0029417835429559553
-44.5,-9.5,6730,0.002652754725625377,NA,NA,0.002534634571635826
-43.5,-9.5,6731,0.0028979352136846155,NA,NA,0.0031407907572029332
-42.5,-9.5,6732,0.003147519915775814,NA,NA,0.007411104209657499
-41.5,-9.5,6733,0.0031825064750854574,NA,NA,0.006046393884686039
-40.5,-9.5,6734,0.0034039818670378347,NA,NA,0.011755587644226276
-39.5,-9.5,6735,0.003501035914347442,0.008220910565339992,0.015830883724429336,0.008791347981800106
-36.5,-9.5,6736,0.0046270872760904745,0.014101980201807628,0.006779537646660415,0.021994929893695638
-35.5,-9.5,6737,0.011256772804863723,0.018715587664154647,0.0030905136176909067,0.03214998225567333
-34.5,-9.5,6738,0.013355774599996473,0.020521503747711486,0.0040366275757190385,0.03350899690231161
-33.5,-9.5,6739,0.003441282302151029,0.006617365359673933,0.003972820322553,0.023218523360092266
-30.5,-9.5,6740,0.0035565946140639648,0.007842632900528359,0.009745871551419054,0.021744531528451495
-28.5,-9.5,6741,0.0073332278240636935,0.010309854432859098,0.004363152620129348,0.015019027391373308
-27.5,-9.5,6742,0.007889337201954878,0.009620096113940737,0.004771583051038244,0.010357298823603285
-26.5,-9.5,6743,0.008832580137950184,0.007796848210083638,0.003190736696717121,0.014783935305782769
-25.5,-9.5,6744,0.01152903651217276,0.010075181854916846,0.004186542055291639,0.023756182505577934
-24.5,-9.5,6745,0.010858778053878063,0.011083671981633058,0.004212478504160734,0.022304936156021356
-23.5,-9.5,6746,0.012031075155274778,0.012367585948172454,0.004344768965686831,0.022188976891243554
-22.5,-9.5,6747,0.015024864534939444,0.011940625804173917,0.0055408946163389575,0.02865309381053722
-21.5,-9.5,6748,0.016088575159401278,0.014050348435822622,0.005882404869076647,0.04278669958918029
-20.5,-9.5,6749,0.014896752192987785,0.013440813650432506,0.007188355297172008,0.03067261137105835
-19.5,-9.5,6750,0.030692531753452754,0.020832711430027923,0.015917061406105975,0.03289654684683519
-18.5,-9.5,6751,0.02787354935969204,0.013861949595148589,0.009178457396237343,0.03526720537545726
-17.5,-9.5,6752,0.020199016581677037,0.016253300996276508,0.006116664289619469,0.048239227777115666
-16.5,-9.5,6753,0.01950247996527484,0.015123500558116626,0.009630301143021939,0.04184054276095794
-15.5,-9.5,6754,0.02437643794950902,0.01661399505382755,0.00967600137405033,0.04534568828490614
-14.5,-9.5,6755,0.036762081155762884,0.018354161454940697,0.010414764998600345,0.04498401830314973
-13.5,-9.5,6756,0.032842287584386586,0.020765616250012622,0.007224977312484876,0.034459815897804995
-12.5,-9.5,6757,0.03653832146242554,0.02562367566083427,0.00920370580237741,0.04054639408171996
-11.5,-9.5,6758,0.03768747017728594,0.04185849678519665,0.00964636657159073,0.05110870681158351
-10.5,-9.5,6759,0.038979186855141845,0.03980061435144714,0.00974759612011808,0.06390016775541262
-9.5,-9.5,6760,0.05823426027387277,0.03254158537692657,0.009699911768949212,NA
-8.5,-9.5,6761,0.06932497356752833,0.03399728927952945,0.0074525520286884365,NA
-7.5,-9.5,6762,0.04458204652045432,0.03374354964396621,0.010119966585773953,NA
-6.5,-9.5,6763,0.04303121854225179,0.03064339955514587,0.01009174504342484,NA
-5.5,-9.5,6764,0.04705148996229468,0.02905645445710064,0.010204710400440024,NA
-4.5,-9.5,6765,0.04470191189581127,0.022983363400443456,0.010169489188380605,NA
-3.5,-9.5,6766,0.03830962602332116,0.019754668988040316,0.010255646876676962,NA
-2.5,-9.5,6767,0.027915248935019822,0.019188151111377526,0.009444004251189254,NA
-1.5,-9.5,6768,0.027847792048080154,0.01866044224109433,0.009254070745399502,NA
-0.5,-9.5,6769,0.023383066864884082,0.014991017858242119,0.011696427100984376,NA
0.5,-9.5,6770,0.021514272861209473,0.01912226585938387,0.009037921856028521,0.01063670817564033
1.5,-9.5,6771,0.017634936584396684,0.01501101800765239,0.009079355158992523,0.010388154187743161
2.5,-9.5,6772,0.016956130691228623,0.015163795194053002,0.009259101752090125,0.01046057574253912
3.5,-9.5,6773,0.013469714986539075,0.015013377781008006,0.00920641935736751,0.009693963195950344
4.5,-9.5,6774,0.01382770576921204,0.013830948428698633,0.00893536411659878,0.009457037915583957
5.5,-9.5,6775,0.014710258760301563,0.013279175841777706,0.008495796158573196,0.009756211778269786
6.5,-9.5,6776,0.01449205495741747,0.011929043844051893,0.008141685906564698,0.009932047282129094
7.5,-9.5,6777,0.011630988104855246,0.010834662126596933,0.00784658737336291,0.007952098317502859
8.5,-9.5,6778,0.021561091090187084,0.025562294204796533,0.010021086781510096,0.008894106235171593
9.5,-9.5,6779,0.007997121773739563,0.008128346536997306,0.00820598293732252,0.012093903366299666
20.5,-9.5,6790,0.00946528330944728,0.00753549238144791,0.006716403470096897,0.007971573656594731
21.5,-9.5,6791,0.009447859295543355,0.007631118661067636,0.006349713891367671,0.007740764344837492
22.5,-9.5,6792,0.008967951173400629,0.007569821827260526,0.00639469822703172,0.008603538843373825
23.5,-9.5,6793,0.008366929624975357,0.007021187299923406,0.006301106789438729,0.007348395812210665
24.5,-9.5,6794,0.00842204998445214,0.007674614804679049,0.006366331220436651,0.0073909256736687445
25.5,-9.5,6795,0.008347515586042728,0.008508524694629127,0.005943356337203785,0.007156646739956209
26.5,-9.5,6796,0.007081063769074815,0.008020225553387945,0.00586915879165613,0.007985254656344233
27.5,-9.5,6797,0.007019620932396564,0.007327218779556371,0.004974202874220187,0.006791134688857354
28.5,-9.5,6798,0.006982167375798932,0.006555787571007373,0.005125717329386895,0.006997603762964789
29.5,-9.5,6799,0.00656538575363622,0.006059924355870307,0.004809012667747582,0.006537762415884467
30.5,-9.5,6800,0.0066173825619814065,0.0065745588244270434,0.0036844989184468334,0.0065895419029364626
31.5,-9.5,6801,0.006499386918931235,0.006091237047804119,0.0036674381401719277,0.00647203945695651
32.5,-9.5,6802,0.006662642319971711,0.006653912192361664,0.004996304524428794,0.006634612515782259
33.5,-9.5,6803,0.006561865846999409,0.0062118073527421625,0.004929920020281035,0.006534257221564438
34.5,-9.5,6804,0.00568374382563993,0.006289304543705988,0.0037448862145912716,0.007382647295558813
35.5,-9.5,6805,0.006682605826067943,0.0066640577860253595,0.005052564764092759,0.006659578261486019
36.5,-9.5,6806,0.006803810209730577,0.006066608463711248,0.004903202016656452,0.0065499760203248086
37.5,-9.5,6807,0.006324623914747806,0.006044172748199617,0.00426447608190797,0.007584492090394048
38.5,-9.5,6808,0.006107200463517152,0.006244742502545422,0.004328213123561398,0.007450207377304966
39.5,-9.5,6809,0.0052588684551911164,0.005130632925245329,0.005549428580758171,0.007281707261509842
40.5,-9.5,6810,0.0049733338512260306,0.005100976183593171,0.005617380465383178,0.0072355147953820104
41.5,-9.5,6811,0.004940492167283579,0.004760169967944293,0.0036086397487918444,0.005959438882469965
42.5,-9.5,6812,0.0049284863894185965,0.004734842575116249,0.0047735108814832665,0.005988633425264134
43.5,-9.5,6813,0.005074663296126093,0.00487530422434998,0.0042120265419647316,0.006121111773186532
44.5,-9.5,6814,0.004298810035351506,0.005116177512745865,0.0054771062531113876,0.005914947052218268
45.5,-9.5,6815,0.004343684621507977,0.004805333493034741,0.004587378313974846,0.005889089592206433
46.5,-9.5,6816,0.004931667343625034,0.005059316027221516,0.00583449981270462,0.006463915698091322
47.5,-9.5,6817,0.004939225630538133,0.0050692547463726985,0.005773863139139247,0.006463915698091322
48.5,-9.5,6818,0.004202300395300502,0.004319319803543024,0.004822242439072488,0.004713275969774
49.5,-9.5,6819,0.004242086037181784,0.004457253770239702,0.004784095144248477,0.0043678543555387
50.5,-9.5,6820,0.004330826179052757,0.004078677782747431,NA,0.004319513486660006
51.5,-9.5,6821,0.004189296403748821,0.0041076661584424174,NA,0.004284383199849901
52.5,-9.5,6822,0.004164816575031726,0.0041328331332852845,NA,0.004157228113088076
53.5,-9.5,6823,0.0038126505419064974,0.00382579499238025,NA,0.003725090546912873
54.5,-9.5,6824,0.003907180935871024,0.0037897603886348124,NA,0.00363621872774036
55.5,-9.5,6825,0.003656021564154842,0.0037897603886348124,NA,0.00363621872774036
56.5,-9.5,6826,0.0034700735443597684,0.0037969615855934684,NA,0.003646440401470658
57.5,-9.5,6827,0.0034249593025220196,0.0038330643978317772,NA,0.0036562392081211227
58.5,-9.5,6828,0.0034249593025220196,0.0038330643978317772,NA,0.003339060098137728
59.5,-9.5,6829,0.0036739374310251114,0.0041548399446095135,NA,0.0038056041314426083
60.5,-9.5,6830,0.003316358964007104,0.004081569218335439,NA,0.0035107801337903137
61.5,-9.5,6831,0.0035601942074174955,0.004229167620052683,NA,0.003892608164496096
62.5,-9.5,6832,0.003438793150433864,0.00468347142864908,NA,0.003435289900648783
63.5,-9.5,6833,0.0031035218795967758,0.004049412665982287,NA,0.0031351969302298847
64.5,-9.5,6834,0.002645056400891019,0.004049412665982287,NA,0.0031351969302298847
65.5,-9.5,6835,0.0028898970765860238,0.0034943400254783324,NA,0.002767259901223231
66.5,-9.5,6836,0.0028898970765860238,0.0034824822614258964,NA,0.0027197351342557884
67.5,-9.5,6837,0.0028822100402552384,0.0034463833611107827,NA,0.0027032440871075994
68.5,-9.5,6838,0.002640750330317264,0.0034463833611107827,NA,0.0027032440871075994
69.5,-9.5,6839,0.0026141942086164507,0.003414034862429538,NA,0.0029603963956437215
70.5,-9.5,6840,0.0025813792120899723,0.0033814999480408416,NA,0.0024978102668151915
71.5,-9.5,6841,0.0025813792120899723,0.0032390748467151682,NA,0.0024978102668151915
72.5,-9.5,6842,0.0025813792120899723,0.0030383408620867788,NA,0.002522944419132378
73.5,-9.5,6843,0.0026161875111972623,0.0029989005533687125,NA,0.0022082417848433263
74.5,-9.5,6844,0.0027033816699292483,0.0031478939281796084,NA,0.0022082417848433263
75.5,-9.5,6845,0.002425952356930971,0.003163886569355864,NA,0.0022392630404163213
76.5,-9.5,6846,0.0025799089213716865,0.0033849607630779517,NA,0.0027098045525930075
77.5,-9.5,6847,0.0023968227474726895,0.003403407014900052,NA,0.0029140193938595816
78.5,-9.5,6848,0.0028061990366327443,0.003403407014900052,NA,0.002885000531068043
79.5,-9.5,6849,0.0024977311105668473,0.0033776254928312385,NA,0.0029150417026671677
80.5,-9.5,6850,0.0024977311105668473,NA,NA,0.003064842279707697
81.5,-9.5,6851,0.0026701666511109567,NA,NA,0.0028182827873480232
82.5,-9.5,6852,0.0026449878413206266,NA,NA,0.0028133232656475994
83.5,-9.5,6853,0.0025556669026820258,NA,NA,0.0026139311654457408
84.5,-9.5,6854,0.003012864454447639,NA,NA,0.0029653848790948422
85.5,-9.5,6855,0.003049340698410305,NA,NA,0.0029656365850987926
86.5,-9.5,6856,0.004482956127451514,NA,NA,0.002764209353194744
87.5,-9.5,6857,0.0039347483137688625,NA,NA,0.002887281215689742
88.5,-9.5,6858,0.004087554159656785,NA,NA,0.002917071619607284
89.5,-9.5,6859,0.004081757179250856,NA,NA,0.0033098593933441074
-139.5,-8.5,6872,0.022239864924310643,NA,0.0041032721011656555,0.004609392293852201
-138.5,-8.5,6873,0.05851658824589947,NA,0.0030974294494986523,0.0071709852745613705
-137.5,-8.5,6874,0.03701693012208272,NA,0.002905963763009736,0.007147378536896044
-136.5,-8.5,6875,0.06124886929955136,NA,0.0026519316872501055,0.008939778271526522
-135.5,-8.5,6876,0.04057288180316799,NA,0.0027606558636027296,0.009459212483732762
-134.5,-8.5,6877,0.03554831833456712,NA,0.002672861161725611,0.008583618371514846
-133.5,-8.5,6878,0.0366234673568577,NA,0.002461166334478287,0.005314155199000393
-132.5,-8.5,6879,0.06276568045999761,NA,0.002445782808185334,0.004295761164395508
-131.5,-8.5,6880,0.08160351521761547,NA,0.0028393023875588523,0.005271629242959178
-130.5,-8.5,6881,0.05658929781289445,NA,0.0030992940265392164,0.007533766618512391
-129.5,-8.5,6882,0.030799165575712224,0.004475047269190111,0.0034969617405613317,0.005674853860163396
-128.5,-8.5,6883,0.027915082289369602,0.005255711193093182,0.0036598782346781733,0.006717935722098385
-127.5,-8.5,6884,0.03405973427892234,0.006190565955498937,0.004213217906410756,0.00877368791473044
-126.5,-8.5,6885,0.02912126150142009,0.0068169085579893145,0.0037168188825177162,0.007728347811106184
-125.5,-8.5,6886,0.024493400308839078,0.008865024425572644,0.004205818997978159,0.011199962158448455
-124.5,-8.5,6887,0.02300655727599317,0.0083185602839774,0.0029338866301172575,0.012451602690256924
-123.5,-8.5,6888,0.023727705510769876,0.008270573866963537,0.003908377239880055,0.013042603354569327
-122.5,-8.5,6889,0.023702366041740794,0.009044478972302388,0.0029550510808053843,0.011625259819979215
-121.5,-8.5,6890,0.01897739624836105,0.006520583482508435,0.003138572714857964,0.009370759264630464
-120.5,-8.5,6891,0.019496411682218075,0.006574079907432773,0.002872026619865969,0.00850594986424209
-119.5,-8.5,6892,0.018652359252121165,0.007203707915326031,NA,0.009433834056229213
-118.5,-8.5,6893,0.019085166465894067,0.010637645021470679,NA,0.013670239453182562
-117.5,-8.5,6894,0.018612389150711495,0.010641650568833195,NA,0.015115118152862133
-116.5,-8.5,6895,0.02763674259158042,0.009810057962556991,NA,0.01833867122953602
-115.5,-8.5,6896,0.025294963701987094,0.008066717825803933,NA,0.00955295720087972
-114.5,-8.5,6897,0.03149546342306035,0.009092087129494648,NA,0.008171053361374992
-113.5,-8.5,6898,0.029339700243407707,0.008897994264297925,NA,0.01250247283637138
-112.5,-8.5,6899,0.029233680152287344,0.009099015108535984,NA,0.011700579271202624
-111.5,-8.5,6900,0.032231008319027366,0.010743175559456055,NA,0.011408855549910713
-110.5,-8.5,6901,0.036606681249126485,0.01082342300585846,NA,0.010990879602713033
-109.5,-8.5,6902,0.028803760898139553,0.008469897102237011,0.004357278244706165,0.009869299853278512
-108.5,-8.5,6903,0.02193263407536954,0.008300043517125355,0.004760989448063623,0.015932960572421863
-107.5,-8.5,6904,0.029637922416911038,0.008806031031934641,0.007033995155233004,0.02766313128535436
-106.5,-8.5,6905,0.03918852457507799,0.010463052770664005,0.009458396692814256,0.03151543939099621
-105.5,-8.5,6906,0.03600917818085497,0.01517018682722608,0.009829655031382606,0.03229326226798247
-104.5,-8.5,6907,0.028506676641991236,0.014533885789515413,0.01130912569610359,0.03794095764016971
-103.5,-8.5,6908,0.02876954344636156,0.013348445858238899,0.01159557706568083,0.04705086284887341
-102.5,-8.5,6909,0.024331102815551182,0.01307689842750908,0.011027432574786708,0.03149155988964082
-101.5,-8.5,6910,0.022401003921435736,0.012897327668938748,0.011008156185002227,0.02437499029624155
-100.5,-8.5,6911,0.01969308340951326,0.011446876936245009,0.007150179539800922,0.019216980500191577
-99.5,-8.5,6912,0.019944128357586202,0.010826346415516892,0.009791846024212889,0.018134777681476172
-98.5,-8.5,6913,0.019975765208023893,0.010514408494877435,0.015379960345497023,0.018090350385370747
-97.5,-8.5,6914,0.02257632085969522,0.009573445791621548,0.012516627021727336,0.01957478578654171
-96.5,-8.5,6915,0.02257046282561597,0.008486501832004445,0.015065091534363596,0.014158477300111359
-95.5,-8.5,6916,0.03602648203800629,0.007063247329154482,0.014880406916510264,0.013957471978449211
-94.5,-8.5,6917,0.04042327995711966,0.006918724590278687,0.01461856691655408,0.010104330131622187
-93.5,-8.5,6918,0.036529481752300245,0.007509337361951786,0.01088485115741857,0.011417204567990422
-92.5,-8.5,6919,0.04508578082045176,0.009442428948347426,0.014902791128969566,0.009473667624881481
-91.5,-8.5,6920,0.03443695994847084,0.008766592577889016,0.018449967145840324,0.014652188424684593
-90.5,-8.5,6921,0.03181362217247589,0.007594028775235287,0.017644740202258074,0.012114615452275393
-89.5,-8.5,6922,0.03167626731314333,0.007214825242808272,0.014861404760804855,0.012997946967478797
-88.5,-8.5,6923,0.02964971675354309,0.007904514821226576,0.008938198252667598,0.023573070834154098
-87.5,-8.5,6924,0.03257562838416191,0.009825543034541803,0.00998849126050536,0.011230264132546424
-86.5,-8.5,6925,0.03386654324675858,0.009592061647801993,0.007670895171459893,0.011896725753686065
-85.5,-8.5,6926,0.023711147190003227,0.00934077580838865,0.009015317240169468,0.010130352881119856
-84.5,-8.5,6927,0.022303343887604028,0.009186762651618533,0.009053070370193487,0.009191681494026934
-83.5,-8.5,6928,0.021136479789117636,0.010250107168950853,0.005249477937134656,0.007570045641764342
-82.5,-8.5,6929,0.017212518188995156,0.01059183312585657,0.0037809604356756716,0.007419540534656477
-81.5,-8.5,6930,0.012278158975809942,0.011054807793498649,0.0049689097701734785,0.006347248274552245
-80.5,-8.5,6931,0.010490528163451385,0.010115209003843493,0.005977873547028719,0.007944772155148454
-79.5,-8.5,6932,0.007347349816286201,0.009909596810254464,0.005275343500345871,0.007091733364740693
-78.5,-8.5,6933,0.007692417439561554,0.007424492896648546,0.0031589739935265378,0.005683617124620165
-77.5,-8.5,6934,0.011104116981080527,0.007983666798864262,0.002688166051690195,0.004845095832062967
-76.5,-8.5,6935,0.019393545672485767,0.010624156005300367,0.0034314576024641595,0.0063021084653656625
-75.5,-8.5,6936,0.009212083399461729,0.004989911741471984,0.004808680381715165,0.005371291416444557
-74.5,-8.5,6937,0.008720723681110307,0.00503899258286314,0.002025153029774411,0.005271305250614208
-73.5,-8.5,6938,0.011829699673715088,0.004144417462947178,0.0014304601863955808,0.004047884847181191
-72.5,-8.5,6939,0.0098962019123114,0.003974172177035686,0.0019417813931980842,0.0062631785639329085
-71.5,-8.5,6940,0.009646977151752367,0.0037956421127594638,0.0015119296152379482,0.007056984518038351
-70.5,-8.5,6941,0.007386244486462563,0.002800095515763755,0.0010785677443002817,0.004258972224248452
-69.5,-8.5,6942,0.005147894269346204,0.004351578336605073,0.004058485225853265,0.0028573111902988973
-68.5,-8.5,6943,0.002736132407702024,0.004151734670238365,0.0035192158430504632,0.0029062764163625856
-67.5,-8.5,6944,0.0028667955922573696,0.004585690129569211,0.003813009431133702,0.002222726028248911
-66.5,-8.5,6945,0.0024601017825591426,0.0033867189441273665,0.0026531513838381976,0.0016873099828689207
-54.5,-8.5,6946,0.005967532022130618,0.006073179738750148,0.008069320099814427,0.01697207983474891
-52.5,-8.5,6947,0.004629001819322017,0.005183009485392182,0.005444839541583674,0.0175584619363356
-51.5,-8.5,6948,0.004538505958381475,0.0046910667413818125,0.00640700935975628,0.018588804551974567
-50.5,-8.5,6949,0.004095370909547367,0.004654524495977171,0.007760193562329811,0.012873701495970702
-49.5,-8.5,6950,0.004663467057312872,NA,NA,0.013499083478066116
-48.5,-8.5,6951,0.004892726257437279,NA,NA,0.017905168302920632
-47.5,-8.5,6952,0.005566740674524747,NA,NA,0.007250881590967089
-46.5,-8.5,6953,0.0035188368198347843,NA,NA,0.0025364562355155093
-45.5,-8.5,6954,0.0036567568365021906,NA,NA,0.0032266218555639893
-44.5,-8.5,6955,0.004038388787587657,NA,NA,0.0027333107735679624
-43.5,-8.5,6956,0.0027096952199758663,NA,NA,0.002256889735083481
-42.5,-8.5,6957,0.0024193980650331764,NA,NA,0.0023340496089838685
-41.5,-8.5,6958,0.0013992152350833958,NA,NA,0.002561619156510958
-40.5,-8.5,6959,0.0017052815519541051,NA,NA,0.0036132742840635657
-31.5,-8.5,6960,0.0020468971781431133,0.0046258347868218044,0.006132950871289599,0.0156208734834203
-30.5,-8.5,6961,0.0015553566180627116,0.0058220889911887366,0.008430619195808977,0.00896785038189648
-29.5,-8.5,6962,0.0042613580374430225,0.009351054393713648,0.0059019370762904404,0.012858887802757851
-28.5,-8.5,6963,0.005165572676894899,0.007543404241521609,0.0038886506726204828,0.010002923907194662
-27.5,-8.5,6964,0.009740151343529683,0.009694171213385654,0.005500274094861261,0.018878185225073646
-26.5,-8.5,6965,0.010083970636577613,0.011924230586024119,0.0069159380341376735,0.03011667059960954
-25.5,-8.5,6966,0.011414463394479988,0.010442562898645563,0.005231313332089811,0.03114700951567414
-24.5,-8.5,6967,0.010948486649959017,0.011221492225007993,0.005250037449232749,0.027950668954277245
-23.5,-8.5,6968,0.013069244515051112,0.014587116310390414,0.005688001751012906,0.03878213857658434
-22.5,-8.5,6969,0.007926938695128052,0.009324354550840836,0.005750099492217576,0.02438685793474614
-21.5,-8.5,6970,0.00951369490442722,0.00800069983756794,0.007097501330978075,0.015808660234464658
-20.5,-8.5,6971,0.01319893214762376,0.009427278627880243,0.005766165832080607,0.01906506543555989
-19.5,-8.5,6972,0.012596987805673638,0.008025470725561585,0.005255981578449166,0.02148677583117716
-18.5,-8.5,6973,0.02732147778147985,0.022770248608169508,0.00828140463415154,0.0705822733602057
-17.5,-8.5,6974,0.014178834297735565,0.013304580939495424,0.006740711359465459,0.04410915357624756
-16.5,-8.5,6975,0.022919111475352985,0.016739143905225455,0.009249468231838486,0.041028753962965424
-15.5,-8.5,6976,0.021567995570102878,0.019386853339015974,0.007194165081686583,0.026065646904267926
-14.5,-8.5,6977,0.026303045641153048,0.03808810035799111,0.009936907689364585,0.029807678013961964
-13.5,-8.5,6978,0.031268065231014316,0.03800826888680442,0.010852054370959641,0.1123350083020704
-12.5,-8.5,6979,0.031020385507509393,0.03306932848826767,0.008913909970684163,0.05181301503390643
-11.5,-8.5,6980,0.03179306748986059,0.025242314695522693,0.009010565856959514,0.03447731881916385
-10.5,-8.5,6981,0.03140263800604292,0.06044669755042037,0.010188032822574659,0.03781311897370703
-9.5,-8.5,6982,0.05259756741625846,0.03364244433678857,0.010141171197589246,NA
-8.5,-8.5,6983,0.0381691837070487,0.0317468094374919,0.010028902087852043,NA
-7.5,-8.5,6984,0.03237957635069991,0.027862784502031914,0.00965794426943034,NA
-6.5,-8.5,6985,0.0329786293619939,0.02272246722204298,0.009949775946870382,NA
-5.5,-8.5,6986,0.025102997307699146,0.021736018554590904,0.009793687705457348,NA
-4.5,-8.5,6987,0.02295905279850146,0.01946327593186209,0.009463568990286091,NA
-3.5,-8.5,6988,0.018494761566946256,0.019618570822722226,0.009497205631249818,NA
-2.5,-8.5,6989,0.017886682773811603,0.018721966338212773,0.008974764261583971,NA
-1.5,-8.5,6990,0.012986363986653269,0.013729037797008266,0.009752262063759872,NA
-0.5,-8.5,6991,0.014663805726571293,0.012406241059354634,0.010116884785323823,NA
0.5,-8.5,6992,0.008548341700301105,0.015235446153348138,0.009304004120720924,0.010214268279460577
1.5,-8.5,6993,0.011730363835226852,0.014741354642731179,0.00912991305983906,0.01063042049270231
2.5,-8.5,6994,0.012400178963261056,0.01460779484231397,0.00884736699307937,0.009427577483070606
3.5,-8.5,6995,0.01225007211238202,0.013687387240950323,0.006605102654726636,0.009868983296801734
4.5,-8.5,6996,0.012036028748843419,0.012897139907661233,0.008862636832324315,0.008482838711534529
5.5,-8.5,6997,0.006933647083965517,0.012692010164061992,0.008290219894134575,0.00964669591175264
6.5,-8.5,6998,0.0060020250323530614,0.008341431489625408,0.005894651384389235,0.009735656650388122
7.5,-8.5,6999,0.006386910633793574,0.009341423903073598,0.008681934362862282,0.01011522123041467
8.5,-8.5,7000,0.005696044808424658,0.008174726715895678,0.008025079935541123,0.008702336328562986
9.5,-8.5,7001,0.005732791579807982,0.007636440314798418,0.008118400901095717,0.007943108239258392
20.5,-8.5,7012,0.006909339896019379,0.007487035089288648,0.005795454185554644,0.007096427952032459
21.5,-8.5,7013,0.006830944225586899,0.007387726432953856,0.006497563688590484,0.0070257799663041255
22.5,-8.5,7014,0.0067828688851082055,0.007141508650280418,0.0063672311157109375,0.006811003933418856
23.5,-8.5,7015,0.0066861045550318954,0.007152930750291579,0.006348223476128282,0.006661673051685168
24.5,-8.5,7016,0.006522172750702821,0.006418089030054329,0.006192524289931498,0.006450982699647853
25.5,-8.5,7017,0.006426073130094613,0.00628998027305649,0.0046292060720103155,0.007260519532139359
26.5,-8.5,7018,0.006441895636869806,0.006305469813720816,0.006136454167869057,0.007278381591740604
27.5,-8.5,7019,0.006441895636869806,0.006305469813720816,0.006136454167869057,0.006441895636869806
28.5,-8.5,7020,0.006251723118016974,0.006273896039095187,0.005917077344961481,0.00621166759866997
29.5,-8.5,7021,0.006483426080663131,0.006323762205843532,0.006136454167869057,0.006441895636869806
30.5,-8.5,7022,0.006428277100013616,0.006691481995616611,0.0061112505545702096,0.0064154456138434904
31.5,-8.5,7023,0.006416736447067932,0.006268301030720518,0.0045652218223301575,0.0071031889485647795
32.5,-8.5,7024,0.006228907890532733,0.0064949854288741905,0.006175596617321998,0.0069466125998466745
33.5,-8.5,7025,0.006273082331026881,0.006132059943699686,0.00603130368641781,0.0061574308124329406
34.5,-8.5,7026,0.006351055504079348,0.006188680332582448,0.006141763354216253,0.006270185850372091
35.5,-8.5,7027,0.00601598614480887,0.005861310221140596,0.004664347496816467,0.00710370348677216
36.5,-8.5,7028,0.004924149109881071,0.00489659754677739,0.004450904893567073,0.005999909866626734
37.5,-8.5,7029,0.0049954517692930335,0.004967503245673533,0.004503402210859653,0.006863389739687665
38.5,-8.5,7030,0.004470958234113345,0.0044173940027801796,0.004068455151892546,0.006170476147666751
39.5,-8.5,7031,0.0035594433147200623,0.0034962414080455676,0.0043292424852065196,0.004400854219147128
40.5,-8.5,7032,0.004917473152871618,0.004695893066782012,0.005824120274950969,0.006110751343378324
41.5,-8.5,7033,0.004700153956528195,0.0045423360757040005,0.004177141292081353,0.005486625279260905
42.5,-8.5,7034,0.004998627254494906,0.00483083612695098,0.00450376592277633,0.005937743698974435
43.5,-8.5,7035,0.004975434324996534,0.005027884702356462,0.005925955962541427,0.005864750110115904
44.5,-8.5,7036,0.0052255527776760785,0.005071806047745098,0.006250174365081994,0.006126855424684161
45.5,-8.5,7037,0.005093675501564036,0.005137317687354396,0.005922642252054167,0.006244944037320872
46.5,-8.5,7038,0.004806851987716965,0.0051290403656044795,0.005877542704360757,0.005811373273814864
47.5,-8.5,7039,0.004657357355830052,0.005009861999049458,0.005633673948121013,0.005012464739103278
48.5,-8.5,7040,0.004139434535852172,0.004451908990550066,0.004983076648257638,0.004425556800061573
49.5,-8.5,7041,0.004108885260338978,0.004419063867867192,0.004917486446755566,0.005617881010758399
50.5,-8.5,7042,0.0041702396085367185,0.0041500964380756554,NA,0.0045601235317780835
51.5,-8.5,7043,0.004042272663131107,0.004198369954828288,NA,0.0038399172598780422
52.5,-8.5,7044,0.003807137255666595,0.004226688916216763,NA,0.0037612318057835396
53.5,-8.5,7045,0.003721931268533126,0.004236616367016245,NA,0.0037480782240599184
54.5,-8.5,7046,0.0036963838876704486,0.004207551101452616,NA,0.003722352040738453
55.5,-8.5,7047,0.003180653073726656,0.004190281748878682,NA,0.003722352040738453
56.5,-8.5,7048,0.003668984898530892,0.004210354594805655,NA,0.0036971963110793656
57.5,-8.5,7049,0.0036438759101437004,0.004210354594805655,NA,0.0033764762091506887
58.5,-8.5,7050,0.003627714811199233,0.004212794391517965,NA,0.0036207389629872373
59.5,-8.5,7051,0.0031033142838865096,0.00425247578551127,NA,0.0033341245600713517
60.5,-8.5,7052,0.003644727110972201,0.004528048243205069,NA,0.0033688266069271024
61.5,-8.5,7053,0.0035318483524149763,0.00425247578551127,NA,0.0036255274642061305
62.5,-8.5,7054,0.0034213611427020042,0.004271673535383824,NA,0.0033164032294294957
63.5,-8.5,7055,0.002907462391418004,0.004187357072647217,NA,0.003024321878576473
64.5,-8.5,7056,0.002654667202709785,0.003956697229924575,NA,0.0027905567248988875
65.5,-8.5,7057,0.0029126712782094194,0.00380009779097177,NA,0.002621545308883031
66.5,-8.5,7058,0.0028723479304973653,0.003701429166000845,NA,0.002585241891782245
67.5,-8.5,7059,0.002889216393904751,0.003688871262883667,NA,0.0025329267278163905
68.5,-8.5,7060,0.0030795595220355168,0.0036506408019202612,NA,0.00222778485142688
69.5,-8.5,7061,0.0028452133775219903,0.0036506408019202612,NA,0.00222778485142688
70.5,-8.5,7062,0.002598207366129025,0.003685222887682601,NA,0.00222778485142688
71.5,-8.5,7063,0.002598207366129025,0.0036501130834712026,NA,0.00222778485142688
72.5,-8.5,7064,0.00261727400896758,0.003567891255108723,NA,0.00222778485142688
73.5,-8.5,7065,0.002708658503205385,0.003568659414876451,NA,0.002235416021281072
74.5,-8.5,7066,0.0024850411433832076,0.0036888399553198395,NA,0.0022490595356231048
75.5,-8.5,7067,0.002569695435112013,0.0034272780947386273,NA,0.0022806528860151477
76.5,-8.5,7068,0.0026407234611380225,0.0034860884091325343,NA,0.002319833507418146
77.5,-8.5,7069,0.00282076554403783,0.003760215852279953,NA,0.002460245866227825
78.5,-8.5,7070,0.0029475625502891575,0.003902623120700981,NA,0.0025503801845683976
79.5,-8.5,7071,0.0025360436419760045,0.0039166024896646065,NA,0.0025609670451622445
80.5,-8.5,7072,0.002748656293460619,NA,NA,0.002400728063953411
81.5,-8.5,7073,0.002760056883180024,NA,NA,0.0027197569776632917
82.5,-8.5,7074,0.002774141772529147,NA,NA,0.002668177683277171
83.5,-8.5,7075,0.0030667160066976534,NA,NA,0.002655786534919417
84.5,-8.5,7076,0.0030889007640347074,NA,NA,0.002717390646674816
85.5,-8.5,7077,0.0031682086144302155,NA,NA,0.0027871866040505506
86.5,-8.5,7078,0.0032358564086893333,NA,NA,0.0028634375888049505
87.5,-8.5,7079,0.003261770625615458,NA,NA,0.003300028722595935
88.5,-8.5,7080,0.0033220708593953534,NA,NA,0.0029205153621810697
89.5,-8.5,7081,0.0036209347935404817,NA,NA,0.003421117498068613
-139.5,-7.5,7093,0.013964142641214226,NA,0.003926106343356908,0.005169427829023683
-138.5,-7.5,7094,0.03874059233088011,NA,0.002913803080072539,0.008577278930657182
-137.5,-7.5,7095,0.0429115490866581,NA,0.002951927626973589,0.009846965018427897
-136.5,-7.5,7096,0.04009785060444321,NA,0.0030374916702349654,0.00986950452002053
-135.5,-7.5,7097,0.047744313600655945,NA,0.0021146698417913753,0.017761364688785707
-134.5,-7.5,7098,0.037965453090210745,NA,0.0028556695098140242,0.0145061743254292
-133.5,-7.5,7099,0.0344132780283728,NA,0.002634933360006407,0.01153296766039406
-132.5,-7.5,7100,0.037212135637577456,NA,0.0026524789070651667,0.01093757358913219
-131.5,-7.5,7101,0.042304139348993845,NA,0.004424074075349991,0.010391926609186372
-130.5,-7.5,7102,0.037459615282347813,NA,0.003301735013793803,0.009157795973618637
-129.5,-7.5,7103,0.03913439875099943,0.0068119139494479345,0.004724645775263495,0.011112681221611473
-128.5,-7.5,7104,0.02977997184926286,0.009784327708182364,0.004233082802883086,0.010922405352680247
-127.5,-7.5,7105,0.0294768138537135,0.008314433316011161,0.003972581444760061,0.009052791996565838
-126.5,-7.5,7106,0.027827178125463807,0.008306007461578483,0.004142737180748959,0.008474302261245386
-125.5,-7.5,7107,0.028228901627224853,0.008494158018054596,0.004053801411850652,0.008715772838590857
-124.5,-7.5,7108,0.021847445366642505,0.008881467171087998,0.0030238530329483276,0.008716653779424887
-123.5,-7.5,7109,0.01638912324188103,0.008702160745083558,0.0032902311672819203,0.006331242089491966
-122.5,-7.5,7110,0.021734556164211813,0.01256498875150747,0.004551033030969664,0.010515112899506875
-121.5,-7.5,7111,0.014230553149565396,0.009242632557765262,0.003653185512837698,0.006991629141908294
-120.5,-7.5,7112,0.01479714639320542,0.010438076772837234,0.0038851425700542584,0.00981300195435664
-119.5,-7.5,7113,0.02041934676781664,0.011392541860326394,NA,0.011413738295892662
-118.5,-7.5,7114,0.026979710445609546,0.013970912032069025,NA,0.012531878196662473
-117.5,-7.5,7115,0.02547282576743703,0.01223241084695362,NA,0.01264466854292064
-116.5,-7.5,7116,0.024248315861015418,0.01074337902331262,NA,0.011883903431128495
-115.5,-7.5,7117,0.027809639481023128,0.012287859464234573,NA,0.012716073857092601
-114.5,-7.5,7118,0.02984028467942643,0.01167759110903227,NA,0.016092741138129536
-113.5,-7.5,7119,0.022374306617014103,0.009348340428895355,NA,0.013125905809476394
-112.5,-7.5,7120,0.022395864330165438,0.009445284802350467,NA,0.0131005738085988
-111.5,-7.5,7121,0.027240145604067286,0.010430046975126788,NA,0.013255811803894159
-110.5,-7.5,7122,0.02827723860879357,0.010660013200277213,NA,0.013281825494147961
-109.5,-7.5,7123,0.03410495680132635,0.011142930394486118,0.004622145757539075,0.015287531434182109
-108.5,-7.5,7124,0.05651897183241189,0.0053009645078191114,0.0037403166998492216,0.011742362917199075
-107.5,-7.5,7125,0.018805767928809582,0.007077294986484,0.0037717011166750916,0.016007082511609358
-106.5,-7.5,7126,0.03552158709602486,0.01195704410622244,0.008066844369046073,0.034629785761064666
-105.5,-7.5,7127,0.03394567875868438,0.014236267772865201,0.008496654912164931,0.03537506960523771
-104.5,-7.5,7128,0.02848662146186263,0.017033224143643017,0.011002550121537516,0.02670532412192239
-103.5,-7.5,7129,0.029009021870989977,0.01722550016714162,0.0120212762441891,0.03529478242356692
-102.5,-7.5,7130,0.027128090069605953,0.01709595499053628,0.013143651828560796,0.03333097720449795
-101.5,-7.5,7131,0.021855770474558108,0.016489586381123297,0.0116930537334907,0.032311043303278636
-100.5,-7.5,7132,0.01978417167590061,0.012006524403086529,0.016230880359517193,0.025872550201728163
-99.5,-7.5,7133,0.016571976590830432,0.011728675444596135,0.012479840504072106,0.024438798967368502
-98.5,-7.5,7134,0.018685492479374642,0.011967667011243603,0.012498787601414475,0.020746684313085434
-97.5,-7.5,7135,0.01384343212721094,0.01217715689287684,0.01283876559928451,0.014363585169983789
-96.5,-7.5,7136,0.019017708851469826,0.011316808087658942,0.009654061071846574,0.014723900346017936
-95.5,-7.5,7137,0.015372106932515854,0.010938901145372291,0.012715818334512127,0.011264184524147534
-94.5,-7.5,7138,0.013668601612992893,0.009984858652942736,0.00959555576910079,0.009826144481005685
-93.5,-7.5,7139,0.009798510830370998,0.009887356747392604,0.013149593788635396,0.008284699252646561
-92.5,-7.5,7140,0.012530319703334345,0.01074701262043128,0.00818774358036733,0.008950026653897863
-91.5,-7.5,7141,0.015785503322403475,0.010616099820713454,0.012791122133104686,0.008954548036871112
-90.5,-7.5,7142,0.012419395211392235,0.009343400298789764,0.01295932417709664,0.007479882294912171
-89.5,-7.5,7143,0.01571206100345709,0.008607183684881347,0.010031117628094359,0.00920325506316
-88.5,-7.5,7144,0.020372793169411,0.009629304451021548,0.00991859782205374,0.010520494369617822
-87.5,-7.5,7145,0.018884382082031036,0.010755521153831972,0.008126999046136266,0.013324201474477495
-86.5,-7.5,7146,0.019617853333565496,0.007798928153008965,0.0061842596156039134,0.0073693527580966575
-85.5,-7.5,7147,0.02131689381445992,0.008429640754932624,0.006664646565554239,0.010325397080534895
-84.5,-7.5,7148,0.019709888494477096,0.009575007067062023,0.006925109586113587,0.008274476098809278
-83.5,-7.5,7149,0.018173985257641388,0.00870575844969061,0.00477666144257892,0.007402767734439403
-82.5,-7.5,7150,0.01605152787437486,0.008909201213083393,0.00424799238807735,0.006503812492387217
-81.5,-7.5,7151,0.0127534051462141,0.009056276659566228,0.004569616286484072,0.005566499512378244
-80.5,-7.5,7152,0.012221368825201662,0.00879233861778478,0.0036662539302040552,0.006366682568041214
-79.5,-7.5,7153,0.01700843936045454,0.00793816691159537,0.002908709972060305,0.006240486294486309
-78.5,-7.5,7154,0.017101486180221066,0.007008953942265154,0.002897618273622962,0.0061546935464778735
-77.5,-7.5,7155,0.01679116199465038,0.011552589993492382,0.003303110734416877,0.006960092074119848
-76.5,-7.5,7156,0.011006238103080273,0.005973885840716634,0.004460536981077464,0.0068441629145830005
-75.5,-7.5,7157,0.00988114904487406,0.005466455161819036,0.0020720199530338567,0.0042829145675473464
-74.5,-7.5,7158,0.010364796770483735,0.01029472569875315,0.002774105170520872,0.0025073176295986434
-73.5,-7.5,7159,0.0029392168883112892,0.0025093794730514448,7.791473093271963e-4,0.0013855983480676529
-66.5,-7.5,7160,0.0037005988889069713,0.0014927900262871141,0.0013095487884326237,0.001535141848313603
-65.5,-7.5,7161,0.00397153615917953,0.0017996983157877579,0.002504360234087961,0.0024850544877404574
-58.5,-7.5,7162,0.004753106980444871,0.006135436950736753,0.004167360675386784,0.006566560864012213
-57.5,-7.5,7163,0.0030684475667955937,0.004538364628557279,0.005821826804010539,0.008343808083025565
-56.5,-7.5,7164,0.0040098159262271895,0.00697281707695015,0.005568203589581071,0.014841192209380466
-55.5,-7.5,7165,0.002782294822571332,0.009966416219263667,0.004404676877829075,0.013992602653294687
-54.5,-7.5,7166,0.004164084469349174,0.01229657157086075,0.006257614052706711,0.017247884067374118
-53.5,-7.5,7167,0.0041201756840556995,0.0045418572770057385,0.0059219309841541095,0.013341147935672289
-52.5,-7.5,7168,0.003504300831744412,0.005487976813003181,0.008516934974057384,0.00855042850147815
-51.5,-7.5,7169,0.005914818828406406,0.007922487089537293,0.007803648474346099,0.016929761447462915
-50.5,-7.5,7170,0.005651395471793911,0.008429036875308151,0.007905483097236267,0.013849198290089201
-49.5,-7.5,7171,0.005131117753402811,NA,NA,0.007704617378254973
-47.5,-7.5,7172,0.0048323680858808745,NA,NA,0.004530585335340305
-46.5,-7.5,7173,0.003452918171909847,NA,NA,0.0024139745144896004
-45.5,-7.5,7174,0.0037811863709839733,NA,NA,0.0026143558044371563
-44.5,-7.5,7175,0.0030040486822616955,NA,NA,0.0024847398626464995
-43.5,-7.5,7176,0.002663466062804642,NA,NA,0.002146794757907423
-42.5,-7.5,7177,0.003843141559870763,NA,NA,0.002023286997593333
-32.5,-7.5,7178,0.0020695826800341925,0.005506529741171214,0.003363776356700554,0.008510398109187065
-31.5,-7.5,7179,0.0032773045355521885,0.00873119904258333,0.01645511532763869,0.010842878489446033
-30.5,-7.5,7180,0.007141375983724083,0.008615681625758409,0.010478811575713351,0.018293475298246143
-29.5,-7.5,7181,0.007575869857760534,0.008820489306594109,0.008322005030760148,0.010959637837267576
-28.5,-7.5,7182,0.009102969045564409,0.010440829281416313,0.007151858696532769,0.011529791782861393
-27.5,-7.5,7183,0.009349247394576503,0.01694897339807544,0.007677071240840168,0.021635879891564624
-26.5,-7.5,7184,0.012498922463416934,0.01674660353053185,0.0081231699198178,0.03089272885532034
-25.5,-7.5,7185,0.01076394216936836,0.013191697303708724,0.01332140667639911,0.03147900128461875
-24.5,-7.5,7186,0.013563147860240043,0.009137323165948664,0.01009383974736908,0.026666925384676687
-23.5,-7.5,7187,0.008499063001820574,0.005988484820010146,0.005836401005130843,0.020067286454435188
-22.5,-7.5,7188,0.008700267647313499,0.006385582301515148,0.007541383253445368,0.01759082167843146
-21.5,-7.5,7189,0.008231344707913979,0.008840867499204388,0.006487372073194889,0.023729931857766118
-20.5,-7.5,7190,0.011598678259143444,0.008606350838295052,0.003689451513809864,0.026439699734576286
-19.5,-7.5,7191,0.014273140628898711,0.00988430529719552,0.00435792100311755,0.016133586756304295
-18.5,-7.5,7192,0.012965353940367186,0.011464584403851844,0.005494722558963106,0.016769874379093937
-17.5,-7.5,7193,0.012358805802256867,0.011133577448226073,0.0053273740631260965,0.0177009825099223
-16.5,-7.5,7194,0.020732649294674704,0.023021068365676568,0.009004061315016229,0.025265842701859956
-15.5,-7.5,7195,0.022208662233634636,0.02255323930294819,0.008037766659959884,0.019752708064834697
-14.5,-7.5,7196,0.02456549374163569,0.021732330615840397,0.00738671449219117,0.019325190709055994
-13.5,-7.5,7197,0.025982318365748314,0.026751476917095358,0.006447601140720637,0.012249479996112008
-12.5,-7.5,7198,0.031010200593554697,0.019391901607888732,0.007415776800720822,0.0168795349205732
-11.5,-7.5,7199,0.024828141011434622,0.021546372926718457,0.008946293563843912,0.01346904635827271
-10.5,-7.5,7200,0.048240320174356206,0.06144251867121098,0.0074074027482041735,0.012035344291007371
-9.5,-7.5,7201,0.048852168940909366,0.026638104456697127,0.009402903539329127,NA
-8.5,-7.5,7202,0.024324719398330946,0.02046194956491101,0.009320242843681,NA
-7.5,-7.5,7203,0.018070374775738265,0.018946274796504094,0.009376260490439707,NA
-6.5,-7.5,7204,0.018061479071368996,0.019214582485255437,0.009256020444036723,NA
-5.5,-7.5,7205,0.01703914596960839,0.02132231728355857,0.008939533785346168,NA
-4.5,-7.5,7206,0.01433820213808743,0.015424369703412974,0.008948405131968888,NA
-3.5,-7.5,7207,0.007993946136767214,0.012895618447902386,0.009586072788631234,NA
-2.5,-7.5,7208,0.008572617869860749,0.01347694992007632,0.015911920683406734,NA
-1.5,-7.5,7209,0.0057294928268559545,0.009127434620930321,0.012995070054047828,NA
-0.5,-7.5,7210,0.004520713328949781,0.007036714550280152,0.008861845460793832,NA
0.5,-7.5,7211,0.004789823846010466,0.01067727081838963,0.009036337229121288,0.009192163811679517
1.5,-7.5,7212,0.0055274776703637795,0.012101031853780649,0.007857515634795665,0.008087775851234954
2.5,-7.5,7213,0.006679093422733335,0.009968478033762771,0.009679864681781745,0.009186510061787606
3.5,-7.5,7214,0.008475745856448788,0.009298646711662431,0.009389964946155516,0.009111184249862259
4.5,-7.5,7215,0.010383150620241375,0.009525903597028205,0.009579152504822025,0.012229589295210657
5.5,-7.5,7216,0.007120698797648838,0.007705577974363864,0.007801025221178344,0.008374810478819548
6.5,-7.5,7217,0.008560653130405778,0.007858802997183702,0.007969698963457474,0.008283964041051781
7.5,-7.5,7218,0.011840260701594156,0.007649510264581586,0.006642888204693477,0.00746861651213259
8.5,-7.5,7219,0.009846687361339129,0.009291006461215626,0.006106799343504114,0.007221177683316621
9.5,-7.5,7220,0.009508991744590417,0.00774862935372117,0.006009063127388871,0.007189083897909671
20.5,-7.5,7231,0.006558560613070835,0.006537876376721802,0.004736517185093469,0.006558560613070835
21.5,-7.5,7232,0.006849833525487853,0.0068447713453840256,0.006831356295917564,0.006849833525487853
22.5,-7.5,7233,0.00678495811456916,0.007272961667360391,0.006641031638177724,0.006818204406215098
23.5,-7.5,7234,0.0064869759788995975,0.0064821802083850875,0.0063217379148739535,0.006558560613070835
24.5,-7.5,7235,0.006528795142692563,0.006520109544935758,0.0047370373656844406,0.006425924664068774
25.5,-7.5,7236,0.006543949443452353,0.006535243817756412,0.006354274089199336,0.007293267771733673
26.5,-7.5,7237,0.006481337708423265,0.0068255960388696685,0.006312505332551879,0.006309570674556028
27.5,-7.5,7238,0.006454726790802233,0.006379186572730804,0.0062865832165531045,0.006295989183229997
28.5,-7.5,7239,0.006224043050436453,0.006151185829537145,0.006061872050163856,0.006070943858715501
29.5,-7.5,7240,0.006463592677931181,0.006303866681441161,0.006255288544478271,0.0062404692332707415
30.5,-7.5,7241,0.006318855401373213,0.00684549815328641,0.006226247921883964,0.0061827730180074245
31.5,-7.5,7242,0.0063312526641445994,0.006890915633856547,0.006226247921883964,0.00698584824624605
32.5,-7.5,7243,0.006079703505033883,0.00661727839479996,0.006032642414419376,0.005990511215934432
33.5,-7.5,7244,0.006394808216832463,0.0074191087573505276,0.006291754593254683,0.006195192183960746
34.5,-7.5,7245,0.006015936827494724,0.006979977240509314,0.006374364659844259,0.0062933516938060916
35.5,-7.5,7246,0.005126877476889866,0.005939311590078047,0.004653684502785788,0.0069293421869312775
36.5,-7.5,7247,0.004954981974652447,0.00588029393367275,0.006536590097553482,0.006766894063056599
37.5,-7.5,7248,0.004968793984422587,0.006387587135490191,0.006903818231409783,0.00679357065572932
38.5,-7.5,7249,0.00397872270867318,0.005189636549480516,0.004791773290474728,0.006307674329337196
39.5,-7.5,7250,0.004337996491190331,0.005043745484613358,0.005962590250671141,0.005699356056201787
40.5,-7.5,7251,0.004338252002539808,0.004814989662560092,0.006043343642128617,0.0057590057563518555
41.5,-7.5,7252,0.00472365300551307,0.005208728737198646,0.0065081080332747825,0.005331516497028272
42.5,-7.5,7253,0.004185657709614904,0.005671329883117539,0.006796629655399164,0.005813838629067003
43.5,-7.5,7254,0.004166645466350127,0.004928259074296846,0.006062527959497548,0.0050781055772066725
44.5,-7.5,7255,0.004826098132138358,0.005074772578396756,0.0060376261310258585,0.005036938217558929
45.5,-7.5,7256,0.004776722003205412,0.005288885274173821,0.006219183421400967,0.005617858905342042
46.5,-7.5,7257,0.004669241302541795,0.005324520678622808,0.005914393851562244,0.0055199481040314555
47.5,-7.5,7258,0.003332730626106804,0.004689686836729411,0.005194267916661008,0.004303228529198527
48.5,-7.5,7259,0.003799775878412721,0.004681326322335936,0.0050312010376507834,0.003960052266006885
49.5,-7.5,7260,0.003813709854252252,0.004719447124782517,0.004986396634881408,0.004224349736224204
50.5,-7.5,7261,0.003800565314167282,0.004758531844466983,NA,0.004166940395354769
51.5,-7.5,7262,0.003800565314167282,0.004803328884214789,NA,0.004150824044131609
52.5,-7.5,7263,0.0037593971184938044,0.004803328884214789,NA,0.0041925216950126805
53.5,-7.5,7264,0.0036947037303910824,0.004706231141759468,NA,0.004177866154209859
54.5,-7.5,7265,0.0036947037303910824,0.004727467639185635,NA,0.00409763512635718
55.5,-7.5,7266,0.003669342551350864,0.0049991593506657096,NA,0.003245951554735422
56.5,-7.5,7267,0.003694106340097722,0.004935552248617445,NA,0.0028936117874811492
57.5,-7.5,7268,0.003681513927752093,0.004458503754174213,NA,0.0028936117874811492
58.5,-7.5,7269,0.003667268132021349,0.004458503754174213,NA,0.002730797261234834
59.5,-7.5,7270,0.003648979117569402,0.004793091641005141,NA,0.002781272163835358
60.5,-7.5,7271,0.0030960970359103206,0.004458503754174213,NA,0.0026731510819401213
61.5,-7.5,7272,0.003556163202746537,0.004458503754174213,NA,0.0026731510819401213
62.5,-7.5,7273,0.003444583536081951,0.00439749083078716,NA,0.0026731510819401213
63.5,-7.5,7274,0.0029490152109581365,0.0044114585125998905,NA,0.0026731510819401213
64.5,-7.5,7275,0.0028977278471411126,0.004362729467911504,NA,0.0024586637747848273
65.5,-7.5,7276,0.0026877719240531567,0.0043498799067370935,NA,0.0024586637747848273
66.5,-7.5,7277,0.003047144714549299,0.003959600776312987,NA,0.0023948477475572148
67.5,-7.5,7278,0.0029600271431061286,0.0037720342837774456,NA,0.0022989844882893252
68.5,-7.5,7279,0.00251819880937893,0.0037550935059166555,NA,0.0022458722835929134
69.5,-7.5,7280,0.0030397002156415547,0.0037550935059166555,NA,0.002237169298420643
70.5,-7.5,7281,0.002669438600536187,0.0036967909749878796,NA,0.0022446528049328627
71.5,-7.5,7282,0.00313921183720187,0.0036135215017426984,NA,0.0022446528049328627
72.5,-7.5,7283,0.0029623776839186777,0.0036647218129360237,NA,0.0022446528049328627
73.5,-7.5,7284,0.002705227697113363,0.0035976667074924273,NA,0.002259823405362612
74.5,-7.5,7285,0.0027696853185464145,0.0034892285761216908,NA,0.0025518358032891393
75.5,-7.5,7286,0.0027696853185464145,0.0036932403009337002,NA,0.002522437163087818
76.5,-7.5,7287,0.002427320808688081,0.003483555382969643,NA,0.002557860902676527
77.5,-7.5,7288,0.0029614223204723696,0.003673005528186762,NA,0.002638353643637525
78.5,-7.5,7289,0.0029559355455894705,0.003673005528186762,NA,0.0026136153152765177
79.5,-7.5,7290,0.003566981183373387,0.0037079341106327486,NA,0.0023701358649884
80.5,-7.5,7291,0.00352692771526845,NA,NA,0.0023477795885774463
81.5,-7.5,7292,0.0033449868293428525,NA,NA,0.0022265305886538904
82.5,-7.5,7293,0.003662726853740135,NA,NA,0.0022265305886538904
83.5,-7.5,7294,0.003320236175308584,NA,NA,0.002364567727679057
84.5,-7.5,7295,0.0036730437131685927,NA,NA,0.0030444476391407456
85.5,-7.5,7296,0.003658601163883804,NA,NA,0.0029075447408811574
86.5,-7.5,7297,0.003671958362149977,NA,NA,0.0029673021813606945
87.5,-7.5,7298,0.003677000829913911,NA,NA,0.0035062596573810305
88.5,-7.5,7299,0.003677000829913911,NA,NA,0.0031231625988767738
89.5,-7.5,7300,0.0036936102420310722,NA,NA,0.0031343586913204617
-139.5,-6.5,7311,0.013284376986953084,NA,0.0021651160085597787,0.005765866702602167
-138.5,-6.5,7312,0.01581844547708323,NA,0.002841296421850607,0.009740742209766881
-137.5,-6.5,7313,0.01569899137398009,NA,0.0027319849952927317,0.010020551175711738
-136.5,-6.5,7314,0.016736386610365233,NA,0.0022307697386502534,0.005348922427772824
-135.5,-6.5,7315,0.013089919189073145,NA,0.003210014660530369,0.006932613459241977
-134.5,-6.5,7316,0.01608703116383531,NA,0.005523685492011697,0.00879698039573632
-133.5,-6.5,7317,0.023834951995631248,NA,0.0033358090797262333,0.007728081218483299
-132.5,-6.5,7318,0.04815688830573564,NA,0.004473177355786379,0.008965800354717267
-131.5,-6.5,7319,0.05071946465684496,NA,0.0037918803198076475,0.010655003921510418
-130.5,-6.5,7320,0.054392137841214536,NA,0.002471539678437151,0.010521360998902721
-129.5,-6.5,7321,0.040197884919872924,0.007137390255316562,0.0031954853653187597,0.011856883792410672
-128.5,-6.5,7322,0.03987938407037757,0.006840685819330723,0.0035886609241610225,0.010222239810643158
-127.5,-6.5,7323,0.02280774474997316,0.004968231977974148,0.0038457949482317757,0.006949790240993044
-126.5,-6.5,7324,0.01360793429698225,0.005393133804589331,0.0038048743462026596,0.008208713558255077
-125.5,-6.5,7325,0.013296233820527003,0.0062704515191850845,0.003865350481280184,0.010087020639029158
-124.5,-6.5,7326,0.024962518744486992,0.0049495422772212,0.002926094950238927,0.009844977814688665
-123.5,-6.5,7327,0.018081340572802338,0.004430319163953329,0.0029652895764708037,0.008259075809252135
-122.5,-6.5,7328,0.017114122519448487,0.0056272351832528,0.002776563520519767,0.006319311429588571
-121.5,-6.5,7329,0.016303145173069973,0.0062441667709138785,0.0030500613928316,0.008115178242600708
-120.5,-6.5,7330,0.02221479642995884,0.005828577949188626,0.0046672053209808086,0.010187314930823105
-119.5,-6.5,7331,0.02146976702597985,0.005722314121756517,NA,0.011601179882598678
-118.5,-6.5,7332,0.023240686853303803,0.00757445856767788,NA,0.013873786488452451
-117.5,-6.5,7333,0.015256968132459922,0.009270422753028001,NA,0.011704690087507038
-116.5,-6.5,7334,0.01842890136851542,0.01115187120117494,NA,0.010800029512745347
-115.5,-6.5,7335,0.01701858225596634,0.00909476363833354,NA,0.013313792324759037
-114.5,-6.5,7336,0.023693840990698076,0.008136373190300656,NA,0.01462966652749164
-113.5,-6.5,7337,0.014298475061030944,0.008499225212650117,NA,0.017248568991228203
-112.5,-6.5,7338,0.013444474413156698,0.008028254995991729,NA,0.01659837319982861
-111.5,-6.5,7339,0.013381326634336704,0.00708305745732112,NA,0.01700665368542678
-110.5,-6.5,7340,0.013900385916582967,0.006374670722819859,NA,0.02122968249753196
-109.5,-6.5,7341,0.015311737856050509,0.005628469318327425,0.005512270954345268,0.02420443156664687
-108.5,-6.5,7342,0.00854114031811189,0.004739527491397045,0.003426347741057808,0.012839659963869167
-107.5,-6.5,7343,0.008577306930783386,0.004642876396259618,0.0037113691176150535,0.014142796732026881
-106.5,-6.5,7344,0.019487946564631743,0.005785459015939242,0.007554641956201648,0.030266495966911246
-105.5,-6.5,7345,0.018246193613526182,0.008326906348415156,0.009129621494899428,0.03504072121569165
-104.5,-6.5,7346,0.01666035663790644,0.00798866892124863,0.009068245606167294,0.03158261565403208
-103.5,-6.5,7347,0.019132266664169544,0.00822100322310657,0.00891713302866977,0.03395476654798871
-102.5,-6.5,7348,0.019599565059657466,0.008873318835800118,0.010406796669685393,0.03139043248876417
-101.5,-6.5,7349,0.020877446131322582,0.009223929779068102,0.01214452196273179,0.026139473822104322
-100.5,-6.5,7350,0.02255823305892585,0.009850676289909991,0.008546251241382526,0.020245200266192476
-99.5,-6.5,7351,0.022782576724830857,0.011374397423257137,0.008477301765607721,0.019254589063324133
-98.5,-6.5,7352,0.02579060994738172,0.010146311808698589,0.011730877273765351,0.0184854330199188
-97.5,-6.5,7353,0.024572606396396666,0.010400860765164936,0.013402040634730782,0.017100231626522005
-96.5,-6.5,7354,0.015653151535871115,0.010469985581937106,0.012858258868381952,0.012261341909039382
-95.5,-6.5,7355,0.014285441512189795,0.009499958274709572,0.013363282889805572,0.011145243249716726
-94.5,-6.5,7356,0.013480613351789477,0.009325497537984643,0.011850125181038307,0.008485575576400914
-93.5,-6.5,7357,0.01382946101978327,0.009072980686130652,0.009815406455815667,0.007754856377588099
-92.5,-6.5,7358,0.015102224333714203,0.008170323717800798,0.009673492732421124,0.007719407184530794
-91.5,-6.5,7359,0.013993749535347398,0.007769142382379545,0.00890168211124706,0.008612114410301555
-90.5,-6.5,7360,0.011479787219632989,0.0063420545516870925,0.00893631656735937,0.006163675839055298
-89.5,-6.5,7361,0.016774071511269247,0.008100713164161348,0.010014990271182595,0.006237017934876133
-88.5,-6.5,7362,0.016547248647406095,0.008970553160567406,0.010333329084641208,0.006452757511130622
-87.5,-6.5,7363,0.016143642228270142,0.008853133643314129,0.008068897212891581,0.007553647130928244
-86.5,-6.5,7364,0.012788131714027382,0.009398946217999277,0.005897174905160467,0.006738740998073861
-85.5,-6.5,7365,0.015244255650330085,0.011256754400667854,0.007599555096061084,0.007419855846117537
-84.5,-6.5,7366,0.013573772858704045,0.009726200882924524,0.006333502804253597,0.008260826892215722
-83.5,-6.5,7367,0.009037190883974965,0.009179054102010583,0.005184193001735496,0.006656375293535877
-82.5,-6.5,7368,0.009532093661579137,0.009018686635466237,0.004573983939122334,0.00695181818652003
-81.5,-6.5,7369,0.01313226541843123,0.008634076009576963,0.005356663731971276,0.007025224730970471
-80.5,-6.5,7370,0.019484113470411735,0.007058727313741587,0.005236779340550674,0.006446450160737307
-79.5,-6.5,7371,0.012331598702116335,0.004611724649950375,0.003834728598863063,0.005555282572809412
-78.5,-6.5,7372,0.011193669488971342,0.007002822592992853,0.003903303630152344,0.006362891905102648
-77.5,-6.5,7373,0.008778796434418765,0.0043281525162775815,0.0017867416297144066,0.004677819356520149
-76.5,-6.5,7374,0.006135397723540046,0.0037299605413673833,0.0013601749137321796,0.0034700389744351324
-75.5,-6.5,7375,0.01065651895551771,0.006194155109388534,0.0023561278275326964,0.0034112502581959206
-74.5,-6.5,7376,0.006139094285314082,0.004482419121116352,0.003736307793023456,0.0035550095238532213
-70.5,-6.5,7377,0.007387506665206424,0.001882158690347276,0.003118710542948771,0.0020394493276489033
-69.5,-6.5,7378,0.0022461464818496653,0.0013651638177510548,0.001875926149861108,0.0014246753860767483
-68.5,-6.5,7379,0.0030304304022295966,0.0016338688203536037,0.002743200915693421,0.0017937076545387002
-67.5,-6.5,7380,0.004029521205085414,0.002941723152159463,0.011402592295057285,0.002979099211033672
-66.5,-6.5,7381,0.0031240398684708862,0.003988229662119859,0.00736403184898244,0.004261310454856299
-65.5,-6.5,7382,0.003996552974848779,0.003732951902973173,0.0033628628790457952,0.004731907526508801
-64.5,-6.5,7383,0.0033525327899996704,0.005837923440856417,0.003549461151176424,0.0026265893703471136
-63.5,-6.5,7384,0.004612822954469243,0.007757541019094512,0.0035543233518450573,0.003731283702340568
-62.5,-6.5,7385,0.008078287162483246,0.004278173394473699,0.004072532937853469,0.004006929031156578
-61.5,-6.5,7386,0.010155585116014573,0.003321048034153436,0.003943694955697762,0.004355172859250617
-59.5,-6.5,7387,0.004940605295954911,0.0038995414572958963,0.003480751854828262,0.00389316301712592
-58.5,-6.5,7388,0.004519918200363678,0.0034591686929810682,0.0034417369091079195,0.004371682685161974
-57.5,-6.5,7389,0.0038581192710350825,0.0032186141639629594,0.0038358758624085177,0.004948497290565406
-56.5,-6.5,7390,0.0034856164733744516,0.0049353680067569655,0.005438620701315008,0.008289630849585684
-55.5,-6.5,7391,0.002975673646888189,0.006834547042635873,0.004200097951481472,0.008283726522477922
-54.5,-6.5,7392,0.0023827800739315667,0.007076876677159442,0.004223176421952106,0.008464558119005407
-53.5,-6.5,7393,0.0030729758087828115,0.006096490726023913,0.005046465413164933,0.007731062749731584
-52.5,-6.5,7394,0.0030608212974406273,0.006152457860338494,0.007273076695567951,0.006440194861940969
-51.5,-6.5,7395,0.005402620301656702,0.007186097854386179,0.007895706527708837,0.008876559050548372
-50.5,-6.5,7396,0.006308923437620895,0.007390774848063283,0.007079365227858685,0.009717318292992813
-49.5,-6.5,7397,0.01021361707189102,NA,NA,0.02503940278723116
-48.5,-6.5,7398,0.006152048725004423,NA,NA,0.00712803847285954
-47.5,-6.5,7399,0.003064468837842546,NA,NA,0.001946559469163154
-46.5,-6.5,7400,0.002124160158842037,NA,NA,0.0012965985995707736
-44.5,-6.5,7401,0.001178610704944994,NA,NA,9.970783566788553e-4
-43.5,-6.5,7402,0.0015857761108507332,NA,NA,0.0010551522956785025
-42.5,-6.5,7403,0.004922046256546413,NA,NA,0.0011107713250383042
-41.5,-6.5,7404,0.0012360183716934514,NA,NA,0.001352200946455775
-31.5,-6.5,7405,0.0029149157576623653,0.0036550350788344312,0.006971379620617592,0.008935711948316027
-30.5,-6.5,7406,0.0044208682423140895,0.00799389392798356,0.005114250080979174,0.012227958412817
-29.5,-6.5,7407,0.007050277753562443,0.007279905563941095,0.014959155287178488,0.015465137938795817
-28.5,-6.5,7408,0.013789379521509429,0.01337741044294828,0.01293611184545777,0.022613977305263305
-27.5,-6.5,7409,0.006972208531359787,0.009610894992771398,0.007826633147865454,0.017850005930356298
-26.5,-6.5,7410,0.006223351494905055,0.008570278878084857,0.007791604655111275,0.023198281505077613
-25.5,-6.5,7411,0.006295836325204736,0.012504618034153786,0.013675851808834375,0.019883462136259324
-23.5,-6.5,7412,0.021560927713214714,0.020211271461703234,0.01268627317320628,0.021641991457404024
-22.5,-6.5,7413,0.010369549435823609,0.008213154539911694,0.006124509943375518,0.030107545850969884
-21.5,-6.5,7414,0.010249371486892714,0.009197576986429012,0.004210956875059711,0.0227466322362352
-20.5,-6.5,7415,0.01135667846227698,0.011767139636394313,0.003673935321189032,0.011581465662357395
-19.5,-6.5,7416,0.009809629948879196,0.008392319182790594,0.003278631955890603,0.008881775124898492
-18.5,-6.5,7417,0.010301646928813753,0.013424159552100762,0.003756749532050988,0.012535981615361437
-17.5,-6.5,7418,0.020649788783124755,0.015294836038917401,0.006541156736350028,0.01570821676949567
-16.5,-6.5,7419,0.02339962051519459,0.015375571398778532,0.006754615714434433,0.012278463313880128
-15.5,-6.5,7420,0.020889996278440126,0.013741776800802831,0.005283668412141508,0.01095551329437612
-14.5,-6.5,7421,0.01427461010575636,0.011227770669358917,0.004857751418983034,0.00997515994909846
-13.5,-6.5,7422,0.014702109648327275,0.010718626444488252,0.00487688113037711,0.006688466610413816
-12.5,-6.5,7423,0.014994786950460703,0.011685621159272934,0.00512294794744202,0.006560511674964586
-11.5,-6.5,7424,0.011541771292462474,0.01169269977376896,0.004307071154250653,0.006919288105681581
-10.5,-6.5,7425,0.0266527663439526,0.008226318889145658,0.004639270408839721,0.0072557133685203536
-9.5,-6.5,7426,0.027345917917109254,0.007059789161661906,0.004941573886164785,NA
-8.5,-6.5,7427,0.007880534738648646,0.0074322310540508455,0.004762499478079046,NA
-7.5,-6.5,7428,0.007042447640099426,0.0067567989137585095,0.006131163808741212,NA
-6.5,-6.5,7429,0.005721932439271611,0.00539358785010601,0.006079341328664857,NA
-5.5,-6.5,7430,0.005974952733765577,0.006051833099398476,0.00608432171763657,NA
-4.5,-6.5,7431,0.0065884683449452695,0.006119791850554052,0.006116110639395839,NA
-3.5,-6.5,7432,0.009578002199550944,0.007875710921115237,0.008277595603874057,NA
-2.5,-6.5,7433,0.010774710688576905,0.008914846603812204,0.009498017586836554,NA
-1.5,-6.5,7434,0.006555789120733084,0.004948177479134857,0.005148435438636143,NA
-0.5,-6.5,7435,0.006341512215522044,0.004844594125815775,0.00543524235718197,NA
0.5,-6.5,7436,0.005856328615994227,0.004825845724701539,0.005614239222551083,0.005651447161315874
1.5,-6.5,7437,0.006427606861797062,0.005413350148460347,0.0053901493904692935,0.005170910697618744
2.5,-6.5,7438,0.009410781479928278,0.006602392630012753,0.006093037740376052,0.0059991664952948375
3.5,-6.5,7439,0.007259444633044413,0.006769999949616204,0.004014747855639983,0.006973398448994517
4.5,-6.5,7440,0.007270958776987906,0.00754561975241891,0.007012416146240704,0.007020612734540228
5.5,-6.5,7441,0.0071482438477862295,0.006859970529856795,0.0073701844285712645,0.00792817674735156
6.5,-6.5,7442,0.006377397787277415,0.006511236882986598,0.005106854451442223,0.005155151629355647
7.5,-6.5,7443,0.006109420796195722,0.00674395405891708,0.005270428707961415,0.005335994527533696
8.5,-6.5,7444,0.005514719571422171,0.006634309343508156,0.005333635856855735,0.005200833616181114
9.5,-6.5,7445,0.0055752339903554675,0.006352972679235816,0.005216382219699757,0.005111528052439267
20.5,-6.5,7456,0.005049801877986153,0.006522250727052789,0.0037825714293565848,0.005146055380619439
21.5,-6.5,7457,0.005084342696054454,0.006116014585322787,0.005046540719822501,0.005289209507479041
22.5,-6.5,7458,0.005122914647344142,0.006183390113877362,0.0051021951417716096,0.005138626305264668
23.5,-6.5,7459,0.005221002030909428,0.0063016535890364385,0.005199887886744302,0.005247298886051378
24.5,-6.5,7460,0.005319823457244029,0.005946026222471951,0.005755803955618748,0.005247298886051378
25.5,-6.5,7461,0.005225088784792624,0.005840205693096977,0.005690902844815422,0.006488649734906566
26.5,-6.5,7462,0.005236286059426173,0.005878928678263956,0.005691918323360677,0.005728024699040453
27.5,-6.5,7463,0.004954603385612687,0.006255641507354492,0.005445358156467154,0.005375568066550455
28.5,-6.5,7464,0.005235307122029969,0.0063370399379018075,0.006142974399195326,0.005679152563449019
29.5,-6.5,7465,0.004923570625086899,0.005988940037888402,0.005785837111309636,0.006132794487130279
30.5,-6.5,7466,0.004899439804821959,0.003944012176376501,0.00625918627784457,0.006067202397142248
31.5,-6.5,7467,0.004966379217998143,0.003475428180564086,0.0035107685641699573,0.003432928664731639
32.5,-6.5,7468,0.004999598498693105,0.0035031681726093,0.0026650638750987127,0.0033460032171489496
33.5,-6.5,7469,0.004825452162289422,0.004247842665896058,0.0040124172527277015,0.003794762108520562
34.5,-6.5,7470,0.005493768127528593,0.0038154243814572824,0.003906800465305531,0.003666364765134529
35.5,-6.5,7471,0.006059176516659637,0.0037850040903974736,0.0038756544692069798,0.0036024753262775258
36.5,-6.5,7472,0.005732116007279645,0.0038466606628549914,0.0038514513541104654,0.0034485493262005075
37.5,-6.5,7473,0.004659037945600676,0.0037327996846203276,0.0038842915751816113,0.003647146763115283
38.5,-6.5,7474,0.005428484475862138,0.004023202783726147,0.0038779785908992785,0.0037350660513027264
39.5,-6.5,7475,0.0056986367948215705,0.004041788200443352,0.002917977378067767,0.003735066051302726
40.5,-6.5,7476,0.005109935553152902,0.003457000364712604,0.0026838986537525166,0.0029591261421317468
41.5,-6.5,7477,0.005178671727258242,0.0037045425733422265,0.0038225649254249768,0.003141559586230898
42.5,-6.5,7478,0.004056978430167868,0.003928420916617728,0.003931584848856434,0.0031258841047448528
43.5,-6.5,7479,0.0046803422297404095,0.0038482353973918184,0.003731653002885862,0.0034388407077916416
44.5,-6.5,7480,0.004741646571097324,0.0034851471845622046,0.0037139573638236864,0.0034189971680747195
45.5,-6.5,7481,0.0048105047626030295,0.0033547907095371004,0.0037238165188476385,0.003318441997388388
46.5,-6.5,7482,0.004520351098366556,0.003448616229045393,0.003524674018523476,0.0027698755956570326
47.5,-6.5,7483,0.003780717165139382,0.0033376215832077293,0.002344264682391682,0.0025314266124737907
48.5,-6.5,7484,0.0035809461345802074,0.003185371099501113,0.0028773845089346585,0.0026946596127836444
49.5,-6.5,7485,0.0035579431755803992,0.0031792047121070198,0.0027168620131016855,0.002461726048135143
50.5,-6.5,7486,0.004115889469186466,0.0031553442575251206,NA,0.002458588813009308
51.5,-6.5,7487,0.004115889469186466,0.003012530184068728,NA,0.0022298772958075433
52.5,-6.5,7488,0.0037061656587740674,0.00307966111114762,NA,0.0022741031809862845
53.5,-6.5,7489,0.004594525798908329,0.00317998656596714,NA,0.002082542010630767
54.5,-6.5,7490,0.004060153843165921,0.003285457303818336,NA,0.0020683286825380976
55.5,-6.5,7491,0.0041411946683376525,0.003056009297210276,NA,0.0020899685049591728
56.5,-6.5,7492,0.004098403394023808,0.0030243972700146776,NA,0.0020683286825380976
57.5,-6.5,7493,0.004077973067449862,0.0030243972700146776,NA,0.0021918320177697044
58.5,-6.5,7494,0.004078889430011878,0.0030349479037698208,NA,0.0018837539000894775
59.5,-6.5,7495,0.003751499636691983,0.0033866775426919455,NA,0.0018837539000894775
60.5,-6.5,7496,0.004018938629625266,0.0032276615765582557,NA,0.002112556986241675
61.5,-6.5,7497,0.003523154088972387,0.0032276615765582557,NA,0.001657492982763828
62.5,-6.5,7498,0.003100259904557528,0.0029817980095414847,NA,0.001652663876946964
63.5,-6.5,7499,0.0027766600998835687,0.0029904992293910224,NA,0.001657492982763828
64.5,-6.5,7500,0.003140200877023765,0.002958791045279409,NA,0.0023180694358784612
65.5,-6.5,7501,0.003044362431238192,0.0028127208881663602,NA,0.002509807107201393
66.5,-6.5,7502,0.0028609937215172067,0.002889023024254437,NA,0.0023193418830809768
67.5,-6.5,7503,0.0024679523505242254,0.0027631671872856848,NA,0.0022293644667871104
68.5,-6.5,7504,0.002925320078741329,0.0027843135617290253,NA,0.0020439569349422486
69.5,-6.5,7505,0.002694972511924206,0.0024849554443357384,NA,0.00205310144548514
70.5,-6.5,7506,0.0023887957640756886,0.00243400984548759,NA,0.0020569618667827414
71.5,-6.5,7507,0.002360912779032914,0.003083213289830154,NA,0.0020462656242596065
72.5,-6.5,7508,0.0026643619739526994,0.003238955718895677,NA,0.0018479640718264147
73.5,-6.5,7509,0.0023739024700814063,0.0029755261927477696,NA,0.002138074824254023
74.5,-6.5,7510,0.002433372663786609,0.0031228689383041145,NA,0.002151125512586796
75.5,-6.5,7511,0.003934119549262147,0.0027406526705191555,NA,0.0023402419960598716
76.5,-6.5,7512,0.0029210100050209185,0.0029459115153203145,NA,0.002165171249625368
77.5,-6.5,7513,0.0029960201973064132,0.0027945397218869664,NA,0.002128437812124467
78.5,-6.5,7514,0.0029210100050209185,0.0027245601328530137,NA,0.0018447300307306248
79.5,-6.5,7515,0.002609149518349544,0.0027642386825000617,NA,0.0018889706604785696
80.5,-6.5,7516,0.0029960201973064132,NA,NA,0.0019167035567989096
81.5,-6.5,7517,0.0028805715485511634,NA,NA,0.0018427684260341672
82.5,-6.5,7518,0.0029210100050209185,NA,NA,0.001819043499138486
83.5,-6.5,7519,0.002916862575249895,NA,NA,0.001850633690539336
84.5,-6.5,7520,0.0029554560091263823,NA,NA,0.0019076164153198321
85.5,-6.5,7521,0.002595354886223779,NA,NA,0.001958160395039115
86.5,-6.5,7522,0.0030952291246329083,NA,NA,0.002036310612574454
87.5,-6.5,7523,0.003421916844632873,NA,NA,0.002562249903930036
88.5,-6.5,7524,0.0036910950886168575,NA,NA,0.0032605244080038493
89.5,-6.5,7525,0.003910214163450046,NA,NA,0.0029965673557499966
-139.5,-5.5,7536,0.009773915469712633,NA,0.0022275111560407486,0.00611841254955766
-138.5,-5.5,7537,0.007068378195543977,NA,0.002693099548204175,0.009951413855521085
-137.5,-5.5,7538,0.00717401330487156,NA,0.00317199789132106,0.0043427014571295695
-136.5,-5.5,7539,0.0075755092834392974,NA,0.0035932575972025625,0.007224077805412479
-135.5,-5.5,7540,0.01159033969755,NA,0.005142331708179856,0.005913401395099235
-134.5,-5.5,7541,0.017726209833359426,NA,0.0042389568206145966,0.008349752671616662
-133.5,-5.5,7542,0.024256490873856038,NA,0.004099401250757249,0.00770062328206534
-132.5,-5.5,7543,0.019764816548982104,NA,0.003998652575982814,0.008219220734460192
-131.5,-5.5,7544,0.01835531446012894,NA,0.004630826767046435,0.00911099048954462
-130.5,-5.5,7545,0.01906202561407081,NA,0.004357640828259252,0.010467031889163196
-129.5,-5.5,7546,0.0197549599225362,0.008199176943683618,0.004641176460600421,0.008181752300060578
-128.5,-5.5,7547,0.0381673646254836,0.007527532023074019,0.0035542548539790647,0.00832990940445084
-127.5,-5.5,7548,0.039135429476859114,0.006560076863089824,0.004576838094679084,0.009140045316363934
-126.5,-5.5,7549,0.018497036315940366,0.0038868038059661804,0.0028646171433757157,0.006258896591282575
-125.5,-5.5,7550,0.019163711551768926,0.006271141364967387,0.004259871627625019,0.004878141632321871
-124.5,-5.5,7551,0.010893601768503937,0.00231501707800649,0.0032072215696060296,0.003769082727522439
-123.5,-5.5,7552,0.008666110538590276,0.005846702662360544,0.0029608653994535705,0.0064264207034819875
-122.5,-5.5,7553,0.00994198242661225,0.0057783901266747284,0.002766613193718828,0.005466060537897236
-121.5,-5.5,7554,0.01966315711230855,0.006752241034452264,0.004268333569886274,0.008399153595862416
-120.5,-5.5,7555,0.02346178208310354,0.007879629537738254,0.004985267552712242,0.009457458815034072
-119.5,-5.5,7556,0.022311239473549207,0.008816268617539291,NA,0.00824615224981944
-118.5,-5.5,7557,0.018667397059518823,0.009984741951425083,NA,0.00852316887019352
-117.5,-5.5,7558,0.020618591620564054,0.010602529726977774,NA,0.014613981892758967
-116.5,-5.5,7559,0.016214004566687288,0.009269564865451784,NA,0.017543005972356557
-115.5,-5.5,7560,0.013792604125387478,0.00957026254438874,NA,0.015299860196486149
-114.5,-5.5,7561,0.014197388385537676,0.012617246292947883,NA,0.01734865401424999
-113.5,-5.5,7562,0.013350796132522281,0.012203913137126484,NA,0.01738438304028618
-112.5,-5.5,7563,0.012935043908248955,0.012138613961388845,NA,0.019343073415442762
-111.5,-5.5,7564,0.012957650264415848,0.011443722586275884,NA,0.02072815755758048
-110.5,-5.5,7565,0.013061523068405094,0.011756854650093993,NA,0.0204902060333925
-109.5,-5.5,7566,0.013056937641338029,0.011709010575829105,0.009410208729894358,0.025325649753810738
-108.5,-5.5,7567,0.009494439549840297,0.007059727395346982,0.006700838350100059,0.014852266649981303
-107.5,-5.5,7568,0.00901138121774491,0.0055287446172744585,0.006635661529043026,0.014768630648129428
-106.5,-5.5,7569,0.013963294603194298,0.008415255406916752,0.011231666260681743,0.022017351537815512
-105.5,-5.5,7570,0.020165233639395815,0.010778751680186651,0.012143771200444973,0.03957070055902218
-104.5,-5.5,7571,0.0219430784558026,0.010136504724369678,0.011906221597151068,0.030824191834521026
-103.5,-5.5,7572,0.02194458213628805,0.01043891427860349,0.011871862226863393,0.03567757727598116
-102.5,-5.5,7573,0.018666672561870188,0.011695135246181968,0.012092891965505101,0.032739412229601195
-101.5,-5.5,7574,0.02080213136880436,0.011259036458564343,0.012008307392616173,0.02695033603325099
-100.5,-5.5,7575,0.01397113851162861,0.008784586077197417,0.008433432606891734,0.014087180467153773
-99.5,-5.5,7576,0.011723299985274594,0.008615719952902315,0.008874597784149812,0.015508070001686863
-98.5,-5.5,7577,0.013177267685464752,0.008552419127869648,0.008889412690321993,0.015574977103228542
-97.5,-5.5,7578,0.011187852621493197,0.00919711638256338,0.012347815581567601,0.011999459916372988
-96.5,-5.5,7579,0.010659810723257777,0.011338640734943296,0.009231133544980223,0.01149498912243497
-95.5,-5.5,7580,0.01094086464853845,0.011843326950932088,0.01348802312712909,0.012455706688915982
-94.5,-5.5,7581,0.011973519693365582,0.011855064224482558,0.010600899672827459,0.01303154171432622
-93.5,-5.5,7582,0.012258943715506739,0.011441669125007931,0.009625382283694741,0.008364343983847713
-92.5,-5.5,7583,0.012309316354979142,0.011039405140139845,0.009762889850191954,0.007940825433070274
-91.5,-5.5,7584,0.010266894497098515,0.009645852375997988,0.009000062899979946,0.006987154448401412
-90.5,-5.5,7585,0.011889382007597293,0.01125382731696128,0.008989603891071542,0.006681568922054943
-89.5,-5.5,7586,0.010788090862834422,0.009706959660858699,0.010136156708307061,0.0059325826141092145
-88.5,-5.5,7587,0.011446505692889056,0.00989885894615191,0.01350715518621227,0.007271318476348111
-87.5,-5.5,7588,0.009177738433731781,0.009881140798024405,0.013238707042700732,0.007256148330808793
-86.5,-5.5,7589,0.010786902778585029,0.01019369489532086,0.008156196232100309,0.007558044178924624
-85.5,-5.5,7590,0.012315324068869907,0.011696965624180733,0.009054491310657435,0.008562878053573704
-84.5,-5.5,7591,0.01514627866487564,0.011023810398457394,0.008988548377944324,0.008655296256341613
-83.5,-5.5,7592,0.015266031280490524,0.010272182598453965,0.006894363117578075,0.006977081872338061
-82.5,-5.5,7593,0.014253314866145807,0.009613550686023847,0.006077069799497895,0.006299301684986326
-81.5,-5.5,7594,0.01002358944893494,0.0063706480928687696,0.003828982052591072,0.005884140509512103
-80.5,-5.5,7595,0.009862126794082625,0.010509452579745745,0.003871668594578389,0.005723402336360184
-79.5,-5.5,7596,0.005996364379917984,0.004837126080794259,0.003076228434318095,0.005171934626374708
-78.5,-5.5,7597,0.0040486203874465195,0.0035262342201405577,0.002148324092505409,0.003898710912711282
-77.5,-5.5,7598,0.003083588432595152,0.0028049351602753856,0.0014192056705783233,0.002840424145170916
-76.5,-5.5,7599,0.0034449288268302305,0.0025603887555104886,0.0014710834189190947,0.001691638901814431
-73.5,-5.5,7600,0.004391134721088457,0.005278690643104661,0.009604350456721712,0.004337663545185243
-72.5,-5.5,7601,0.005144842586321125,0.002706363178797106,0.00863729576769346,0.002926697541293319
-71.5,-5.5,7602,0.003617076439842137,0.00239658284479301,0.00303828134409178,0.0018050139801646635
-70.5,-5.5,7603,0.00294120067179397,0.0022710868574563176,0.0033747034276489676,0.0032709554519862083
-69.5,-5.5,7604,0.0032656263616174844,0.0028956722361672084,0.003444454688629563,0.00316263543563758
-68.5,-5.5,7605,0.006356964237009216,0.0031738910810800137,0.006000545139644305,0.003289098849068787
-67.5,-5.5,7606,0.0043146644374813595,0.002480430654908928,0.007012635692730408,0.0045760941564772385
-66.5,-5.5,7607,0.0034259498028945995,0.002932936659594842,0.009508335768771886,0.0036708645347504677
-65.5,-5.5,7608,0.0031787024314695444,0.0031672112636192728,0.006725632871517442,0.003508650799241042
-64.5,-5.5,7609,0.005637755544885363,0.005147693046714517,0.0033710029693633328,0.003988936801029125
-63.5,-5.5,7610,0.006362484558608431,0.01186802924514365,0.0035548808904894893,0.0034922549638837152
-62.5,-5.5,7611,0.013869958329844785,0.008987878053890739,0.003992585166264005,0.004586636881407566
-61.5,-5.5,7612,0.01579388436807413,0.006834387370263433,0.004059235601343334,0.0034651940279806733
-59.5,-5.5,7613,0.00640605132986054,0.0062474579592725005,0.005509983459596391,0.005570141439722005
-58.5,-5.5,7614,0.004915636923835415,0.0029783866051196974,0.0034881836635973847,0.005036080155944395
-57.5,-5.5,7615,0.007351240177237469,0.004040809005557658,0.007118332615708655,0.006497404126515036
-56.5,-5.5,7616,0.00405131854567008,0.0037632409967127472,0.006880470821918136,0.009198833241564713
-55.5,-5.5,7617,0.004100493696790661,0.004078454502978698,0.003782475855803431,0.00459526002229254
-54.5,-5.5,7618,0.00562208014285577,0.004880414140919678,0.004011173626980855,0.006890676755115544
-53.5,-5.5,7619,0.005159347102712744,0.005719071804651301,0.0040719796883303076,0.00582545552098113
-52.5,-5.5,7620,0.006823939110258564,0.007279253699844742,0.0049481315796235424,0.005272522293902929
-51.5,-5.5,7621,0.007564563836702013,0.007587813619263025,0.0053888493818631264,0.007421487433284058
-50.5,-5.5,7622,0.007457183219583407,0.0076321626773024915,0.0037634177051125667,0.008104062726716672
-49.5,-5.5,7623,0.0076138085726477995,NA,NA,0.00938530131635386
-48.5,-5.5,7624,0.014838144137603532,NA,NA,0.01776133761725372
-47.5,-5.5,7625,0.0035678289886379062,NA,NA,0.0027551260895306894
-46.5,-5.5,7626,0.002851564355880931,NA,NA,0.0016423209098552056
-44.5,-5.5,7627,0.0016500717627627138,NA,NA,0.0018969998891129939
-43.5,-5.5,7628,0.0026736573739660555,NA,NA,9.646506666119721e-4
-42.5,-5.5,7629,0.001311924880191962,NA,NA,0.0011233343247527238
-33.5,-5.5,7630,0.002425018357421511,0.002938377543120206,0.003247522088829584,0.0021174226137271623
-32.5,-5.5,7631,0.002446115179843516,0.002963927143991946,0.006429620514936153,0.0021358491887594456
-30.5,-5.5,7632,0.003982268440907616,0.0044699286450893185,0.0037511092499031905,0.0070670467808079855
-27.5,-5.5,7633,0.02389752229613524,0.02243771862818638,0.04957705937393162,0.06605391990391025
-26.5,-5.5,7634,0.006687659332475077,0.007881566791758427,0.006335677518770153,0.015283246678788135
-25.5,-5.5,7635,0.002889189636655648,0.0051956942631526315,0.007302987681669782,0.009744665073784254
-24.5,-5.5,7636,0.004897202746572443,0.004909470008090585,0.006281631905685708,0.007502323558363194
-23.5,-5.5,7637,0.007208362075243956,0.0054632938961632,0.006327368943874658,0.0184639570412607
-22.5,-5.5,7638,0.0062345902730319555,0.005999031974737901,0.004215161160001282,0.011435748049360019
-21.5,-5.5,7639,0.009728417871249307,0.006768595771794504,0.004313931144648785,0.010519646589897867
-20.5,-5.5,7640,0.00984377524657837,0.0072791515234760466,0.004004794708356703,0.009512735305113408
-19.5,-5.5,7641,0.014232868911763794,0.008886935116267505,0.004397128333419951,0.006054370173745553
-18.5,-5.5,7642,0.014911704005494119,0.009045043585541646,0.004388369275275393,0.006850839958209659
-17.5,-5.5,7643,0.01492782243404184,0.013647700185210663,0.008151291403064405,0.011234032381528041
-16.5,-5.5,7644,0.012140370824249843,0.010594339591295368,0.007321619807012982,0.009537682973665421
-15.5,-5.5,7645,0.013985081665932111,0.010295859268914248,0.00500413041685173,0.007756366754207889
-14.5,-5.5,7646,0.00916114277661395,0.007658819870032098,0.0029567726461774864,0.0051551670962918005
-13.5,-5.5,7647,0.011220882068058161,0.012962871715995129,0.005274644189220376,0.0069592141250731905
-12.5,-5.5,7648,0.007292145237393243,0.006874359939191262,0.004145487177883187,0.00542640287965037
-11.5,-5.5,7649,0.008983426676871504,0.007492113438874904,0.004108972821134596,0.00617015642013218
-10.5,-5.5,7650,0.007703822097428542,0.006771365905426252,0.005264280782900394,0.006091735898419596
-9.5,-5.5,7651,0.004685658587947003,0.005598915458037139,0.004830744059110452,NA
-8.5,-5.5,7652,0.004658046064636268,0.005833153231051009,0.0032820406880695136,NA
-7.5,-5.5,7653,0.005553419717567209,0.006379031330869552,0.0033783923700822296,NA
-6.5,-5.5,7654,0.006134499475624038,0.006788499073967765,0.0046255473207080285,NA
-5.5,-5.5,7655,0.006076264535197143,0.006012561434490294,0.0046327120350510825,NA
-4.5,-5.5,7656,0.005409691242148273,0.006653446763975298,0.00510015515723258,NA
-3.5,-5.5,7657,0.008725162723705776,0.010049350851504208,0.00699672665332258,NA
-2.5,-5.5,7658,0.006261266023934356,0.008064434758187843,0.004850972244127442,NA
-1.5,-5.5,7659,0.007914201207083537,0.00983169203216574,0.0056169280599251015,NA
-0.5,-5.5,7660,0.006208219951706549,0.008975694214411334,0.004939972340408884,NA
0.5,-5.5,7661,0.006279485973034078,0.007668585877041719,0.005184665947240295,0.005185670442596603
1.5,-5.5,7662,0.007545587318379484,0.006072490778233788,0.007164177537742239,0.006251907328341582
2.5,-5.5,7663,0.007055831502282886,0.0061707402352995195,0.00795013863082082,0.007696952476134599
3.5,-5.5,7664,0.00783013482657494,0.006007055636059626,0.00845266358418915,0.009193967418477509
4.5,-5.5,7665,0.006685439611538663,0.006179060595032527,0.006790349894151752,0.009498584349290688
5.5,-5.5,7666,0.005333411317620929,0.0041349170422196315,0.005600265957340842,0.006120611842767309
6.5,-5.5,7667,0.005588883157967397,0.004149053836247706,0.00535820556889355,0.005938124729329275
7.5,-5.5,7668,0.006329588397007641,0.005009653345480797,0.0059838966089018585,0.008028096127913229
8.5,-5.5,7669,0.006123378397980249,0.004820351435239692,0.004449333312069884,0.008028096127913229
9.5,-5.5,7670,0.005402966912405274,0.004468212939872483,0.005104530271802125,0.005277356672993771
20.5,-5.5,7681,0.005755751806705116,0.004304927615583567,0.004028342134132639,0.004061105731427563
21.5,-5.5,7682,0.0059206359080381165,0.004341617646201326,0.004062684500724869,0.004603379966270233
22.5,-5.5,7683,0.006081451845282155,0.004144840782431986,0.004165057368378715,0.004745252621515814
23.5,-5.5,7684,0.007190465292919758,0.004685474289262912,0.004419655456357626,0.004431958072033474
24.5,-5.5,7685,0.010419921702342991,0.006778955590580472,0.006590112331494214,0.0075784587075809475
25.5,-5.5,7686,0.004222896838570269,0.004171624454590487,0.004029079126425353,0.0046351288817826405
26.5,-5.5,7687,0.004143482833014442,0.004378110104735973,0.004013727291601582,0.004044330396395782
27.5,-5.5,7688,0.004084290848865286,0.004034694533470369,0.003998925062907523,0.004109650756523604
28.5,-5.5,7689,0.0040250824500325764,0.004006245011727451,0.003978535556901405,0.003880280052171973
29.5,-5.5,7690,0.004036981257204576,0.00430926267160886,0.003010577265544429,0.0038503719377845323
30.5,-5.5,7691,0.0034724211191527517,0.0040256009750050566,0.003983116008277967,0.0038157833231825056
31.5,-5.5,7692,0.003818990237253573,0.003843933024670549,0.0028603098304492854,0.00348425967678803
32.5,-5.5,7693,0.00332609845386519,0.00339125773240276,0.003322385218595909,0.002901937568585789
33.5,-5.5,7694,0.003275874072439921,0.0039178433594630685,0.00383831768989311,0.0032892357552758563
34.5,-5.5,7695,0.0038038307647393767,0.003927701603155912,0.003811619030786502,0.0032476553042440452
35.5,-5.5,7696,0.003774389443258625,0.003934783395963827,0.0038184923247438175,0.0032182533317676207
36.5,-5.5,7697,0.0031796853380933756,0.003934783395963827,0.0028808327869181824,0.003203973858198351
37.5,-5.5,7698,0.003474077451286824,0.004237383398468243,0.0038342767754337608,0.003598461934126864
38.5,-5.5,7699,0.0034381557500408767,0.004169150207913172,0.0037426824019089274,0.003561258702818848
39.5,-5.5,7700,0.0034381557500408767,0.004155953689085716,0.003719709020233719,0.003561258702818848
40.5,-5.5,7701,0.0034008998180635837,0.0038477446041091275,0.0037087462945218407,0.0031422703869410998
41.5,-5.5,7702,0.0034146779295379562,0.004145049468158649,0.003680151044594122,0.0030740608678921557
42.5,-5.5,7703,0.00297810184241235,0.00421038010301794,0.002793833643503257,0.0033837362251185237
43.5,-5.5,7704,0.003450114289086867,0.0042326712172764775,0.003578921963496346,0.003343230213978654
44.5,-5.5,7705,0.003414439516177406,0.0038756873442651204,0.0032952530485281686,0.003267153200482506
45.5,-5.5,7706,0.00328389448560413,0.0037394146611534752,0.003043177093889423,0.0028091856683028255
46.5,-5.5,7707,0.002965384379642689,0.0036161016059313325,0.0026335631701768234,0.002536601142399899
47.5,-5.5,7708,0.0029979078696565275,0.0036394791998211034,0.0019772877479291313,0.0025860208623623994
48.5,-5.5,7709,0.0030038225340452587,0.0036126062398776594,0.002533558067908717,0.0021690245310388477
49.5,-5.5,7710,0.002994846401703019,0.0035070917923241155,0.001878521192713517,0.0021477794399039412
50.5,-5.5,7711,0.0029845157454269798,0.0034950003510712023,NA,0.0021657142513999274
51.5,-5.5,7712,0.0029845157454269798,0.0034950003510712023,NA,0.0021657142513999274
52.5,-5.5,7713,0.0025868064504570073,0.0034950003510712023,NA,0.0021657142513999274
53.5,-5.5,7714,0.002765541370458,0.003491634823996801,NA,0.0021281631893872313
54.5,-5.5,7715,0.0029365259931951825,0.003443807363270815,NA,0.0020599208035200454
55.5,-5.5,7716,0.003079801754933352,0.0034604202874316437,NA,0.0020956000250349853
56.5,-5.5,7717,0.0026646282452089877,0.0034486455759058466,NA,0.0021166934206819214
57.5,-5.5,7718,0.003046479972478804,0.0034898578150292735,NA,0.002133617855756563
58.5,-5.5,7719,0.0030663363146919637,0.0034898578150292735,NA,0.002082110238004973
59.5,-5.5,7720,0.0027521900812161482,0.0037896021296551993,NA,0.002082110238004973
60.5,-5.5,7721,0.00276179374859067,0.003789602129655199,NA,0.002318319880071932
61.5,-5.5,7722,0.0027507875739323164,0.003924694571910255,NA,0.0020915304797034183
62.5,-5.5,7723,0.0023535403136383973,0.003600961037881661,NA,0.002075451715398797
63.5,-5.5,7724,0.002550357796195329,0.0033808124525248513,NA,0.001967157884844729
64.5,-5.5,7725,0.0026349400090959606,0.0034761639904032668,NA,0.002090157655096491
65.5,-5.5,7726,0.0024072173105548944,0.003345465177133904,NA,0.0021910805662993535
66.5,-5.5,7727,0.0037087826846358605,0.0031971386892200382,NA,0.0021910805662993535
67.5,-5.5,7728,0.004350703138695162,0.0028933779691257826,NA,0.0020210815806130868
68.5,-5.5,7729,0.0037169209599654156,0.002734121531911077,NA,0.0019241073824300874
69.5,-5.5,7730,0.0037464578511870144,0.0026962633626418965,NA,0.002064931146811315
70.5,-5.5,7731,0.003971056219281489,0.0026962633626418965,NA,0.0017647866894976347
71.5,-5.5,7732,0.0036507110049948145,0.0026799142535571434,NA,0.0017904549870262853
72.5,-5.5,7733,0.0036507110049948145,0.0026782763902543152,NA,0.0018172534384004494
73.5,-5.5,7734,0.003696375344842113,0.002693234096724207,NA,0.0029666750610084286
74.5,-5.5,7735,0.004027876651591529,0.0026568054039607,NA,0.0028072383682486565
75.5,-5.5,7736,0.0040058830902068975,0.0028894093651849733,NA,0.0029256934850289454
76.5,-5.5,7737,0.003646544754081142,0.0026480752149137554,NA,0.00288226173446337
77.5,-5.5,7738,0.0036247498514351355,0.0026480752149137554,NA,0.002300429725650932
78.5,-5.5,7739,0.0035854365669787842,0.004424955231917702,NA,0.003048165767091931
79.5,-5.5,7740,0.0030865170945291063,0.003847306467763104,NA,0.0020427596314268586
80.5,-5.5,7741,0.0029036308487441886,NA,NA,0.002014197511768225
81.5,-5.5,7742,0.0028574810468983253,NA,NA,0.0019946660202858953
82.5,-5.5,7743,0.002903861951950449,NA,NA,0.0019792265775536943
83.5,-5.5,7744,0.0029254782814301834,NA,NA,0.00199397369177201
84.5,-5.5,7745,0.003015241276871699,NA,NA,0.002275522753500704
85.5,-5.5,7746,0.003459801981231591,NA,NA,0.002329364358325917
86.5,-5.5,7747,0.0032622571179897024,NA,NA,0.002483798791404797
87.5,-5.5,7748,0.0037510832475932342,NA,NA,0.0024897011197665487
88.5,-5.5,7749,0.00406137049178591,NA,NA,0.0024897011197665487
89.5,-5.5,7750,0.004234751293437693,NA,NA,0.0028096400474260695
-139.5,-4.5,7760,0.005299075943982004,NA,0.0031321523574197136,0.0026623610576777417
-138.5,-4.5,7761,0.0022648735565655664,NA,0.002238299404220383,0.008634841632256012
-137.5,-4.5,7762,0.0029384749655280333,NA,0.003158015488434622,0.005544005210543195
-136.5,-4.5,7763,0.0031923858474109928,NA,0.003236201298304514,0.004553630591644825
-135.5,-4.5,7764,0.003945856295519133,NA,0.003756953074851219,0.004934803457351748
-134.5,-4.5,7765,0.004056767418982313,NA,0.0032697614666655143,0.009475416917109434
-133.5,-4.5,7766,0.00626947666836786,NA,0.005053534814307828,0.009260057997382602
-132.5,-4.5,7767,0.007647008055202869,NA,0.004534373235370351,0.010342362735787786
-131.5,-4.5,7768,0.036534795440035545,NA,0.004544347604032134,0.00913317020423665
-130.5,-4.5,7769,0.02832269554653446,NA,0.005996656620071374,0.007833545309644998
-129.5,-4.5,7770,0.01880911395482112,0.010551554915826725,0.004569027443863269,0.008720719845482736
-128.5,-4.5,7771,0.02386939102086682,0.014397395256164267,0.0035106870538091617,0.010416105613696188
-127.5,-4.5,7772,0.019117812818232126,0.010381820467453439,0.004440526880784018,0.013762586748034624
-126.5,-4.5,7773,0.02098253765443858,0.009399583328675081,0.003857706801832522,0.00987757982808149
-125.5,-4.5,7774,0.014567377900088226,0.007254410472989548,0.003087018160419368,0.006462090371714249
-124.5,-4.5,7775,0.011888407586599066,0.0052694012506245775,0.0026596073295581217,0.004290068556757747
-123.5,-4.5,7776,0.009587900284514195,0.005013789275837618,0.004052540232540993,0.007383203668132809
-122.5,-4.5,7777,0.012968609282342265,0.00734881360206538,0.0037639318333921217,0.00917983061956426
-121.5,-4.5,7778,0.013692036555123268,0.007433007001258204,0.004690251307603999,0.009584733303858369
-120.5,-4.5,7779,0.012496169252784446,0.007716624532678708,0.004668390660505918,0.009286916762972695
-119.5,-4.5,7780,0.0120859868829421,0.008456648187726581,NA,0.00896793571677409
-118.5,-4.5,7781,0.020020839158018187,0.0078644452365062,NA,0.009063536218349605
-117.5,-4.5,7782,0.022154677318492372,0.008036651955501415,NA,0.011245899401215696
-116.5,-4.5,7783,0.019355318292290504,0.0078105574720553845,NA,0.011766484552171332
-115.5,-4.5,7784,0.02102043688097671,0.007796970298611079,NA,0.014698865894459226
-114.5,-4.5,7785,0.016396939437052935,0.009783984625058289,NA,0.020311901975531038
-113.5,-4.5,7786,0.012357116160564448,0.009786299487581711,NA,0.015804489633246863
-112.5,-4.5,7787,0.012349802403112295,0.009795283880050722,NA,0.01729376076225038
-111.5,-4.5,7788,0.01737087464280594,0.009971840406717643,NA,0.01591793505444023
-110.5,-4.5,7789,0.016293905827499417,0.010249120498343992,NA,0.016450612222596247
-109.5,-4.5,7790,0.017116417250822837,0.011247663989047297,0.010279946599053966,0.02055784851985523
-108.5,-4.5,7791,0.01690096305869881,0.01102034427516322,0.009905511943026104,0.016700372680427893
-107.5,-4.5,7792,0.011038855228196389,0.007009681855845889,0.006396208672666311,0.011299777622020894
-106.5,-4.5,7793,0.01578699741003362,0.010609689614401771,0.009249110699793853,0.014771690276257259
-105.5,-4.5,7794,0.02279469741506356,0.011412068403352816,0.011253888671185562,0.02545370384787409
-104.5,-4.5,7795,0.023460440482309466,0.011417336939332907,0.01098968415625547,0.020085025445041337
-103.5,-4.5,7796,0.025184383517931595,0.01135322034551387,0.010944766892294934,0.02127117392869506
-102.5,-4.5,7797,0.02542619820887606,0.011489166733265164,0.010654675290776398,0.02471772438744206
-101.5,-4.5,7798,0.022791381877309447,0.011966893249992346,0.010894915173651584,0.021423192900972072
-100.5,-4.5,7799,0.017872278468805465,0.009985875257779822,0.011222115361621716,0.013477018310302628
-99.5,-4.5,7800,0.01370253835725521,0.009985875257779822,0.009979001333592695,0.013526788482902743
-98.5,-4.5,7801,0.010352180772248504,0.009912608376506553,0.009978040877742738,0.015085054983939227
-97.5,-4.5,7802,0.012239888468002051,0.009155237635490221,0.010217075491870236,0.01463050455496124
-96.5,-4.5,7803,0.010246634143635852,0.009942974911032779,0.010886810759101891,0.011448718413285156
-95.5,-4.5,7804,0.013772106718187146,0.012594373606712601,0.01020903053732842,0.009249013031174029
-94.5,-4.5,7805,0.013854142652500387,0.013888082251161714,0.009165477378327805,0.008131067129656023
-93.5,-4.5,7806,0.013498229144312649,0.013287899888056074,0.009311291659684268,0.007695799939699349
-92.5,-4.5,7807,0.015049835613031425,0.012990403909226424,0.009042564684792165,0.007368943332216515
-91.5,-4.5,7808,0.01429764422073272,0.012561657160372762,0.008208883307558834,0.006916954979634515
-90.5,-4.5,7809,0.0130086643111383,0.011606352238989256,0.007209098042387729,0.006390861753047013
-89.5,-4.5,7810,0.01399082802396407,0.013997380434709,0.009479943120966696,0.006977108178418173
-88.5,-4.5,7811,0.012827580297808663,0.013888836478463274,0.009300746115334588,0.007255328336648954
-87.5,-4.5,7812,0.013364093031470568,0.013358545332484229,0.006514227745693192,0.008577371665385513
-86.5,-4.5,7813,0.01428116141738725,0.014963022303845434,0.007287963398124448,0.009441640677103137
-85.5,-4.5,7814,0.013497273476686921,0.014667888751777028,0.007347170552220986,0.008095787305707978
-84.5,-4.5,7815,0.013427083632609424,0.010766317521686544,0.005735413383902728,0.005923098998110691
-83.5,-4.5,7816,0.010641346406137866,0.006400675073271684,0.00730383959723373,0.0059824380096746115
-82.5,-4.5,7817,0.010088556730487858,0.0064316374346305135,0.004111501588040288,0.005761822037705812
-81.5,-4.5,7818,0.00818036483567617,0.0061645026113994845,0.003791448993317962,0.0069865608368434706
-80.5,-4.5,7819,0.005238027330423819,0.005037767824880529,0.0027203487500708037,0.007088092484584159
-79.5,-4.5,7820,0.004165892496185098,0.004123453741823064,0.0032423873194049593,0.0043276175687563525
-78.5,-4.5,7821,0.0044488426834376,0.002375926177263733,0.002024506519692674,0.0021636517016803618
-77.5,-4.5,7822,0.004530422083124595,0.0020648868424158646,0.0010455258869460395,0.0011257236046222107
-73.5,-4.5,7823,0.002609611140424637,0.00343765568728952,0.002978598050636677,0.002884905458013999
-72.5,-4.5,7824,0.0037741802310594934,0.0026214021700843807,0.007367556523299882,0.0021348557756188133
-71.5,-4.5,7825,0.0026251027603809074,0.002353371890770995,0.0036311071302134114,0.003411525824032761
-70.5,-4.5,7826,0.0032531423598673006,0.002383658471177123,0.0033619151004434097,0.003265214117491532
-69.5,-4.5,7827,0.0037838337011438013,0.0025050530580240107,0.0033906979828209013,0.0034562465981624923
-68.5,-4.5,7828,0.004509260219176093,0.002871946238958059,0.004739128264348594,0.004087335265892713
-67.5,-4.5,7829,0.006075793970393495,0.003838117854229887,0.008792081275540953,0.0041501580504231675
-66.5,-4.5,7830,0.007024701578513379,0.003824343220982694,0.008432444544247466,0.0052417449541077386
-65.5,-4.5,7831,0.007045198778056075,0.004733157410735867,0.0044096961102456375,0.005491877425717494
-64.5,-4.5,7832,0.010578915122350459,0.008573075648525295,0.0035418797446562233,0.0038256316236323995
-63.5,-4.5,7833,0.011152817836361692,0.01016096163963273,0.0035944766059192467,0.006625841490501816
-62.5,-4.5,7834,0.01844975716611394,0.016308392772028512,0.0032089632799379535,0.0038012820107634444
-61.5,-4.5,7835,0.023296291360785124,0.014840411150550785,0.002871502468415249,0.004290003567379221
-60.5,-4.5,7836,0.005268024638172289,0.0026607418291482586,0.002717539234076047,0.0022160581884693494
-59.5,-4.5,7837,0.003142009639073677,0.0030319022636282615,0.005414938346092756,0.0027123837408395742
-58.5,-4.5,7838,0.005907703713239762,0.0035387025987382447,0.004034856306698265,0.004139903212901929
-57.5,-4.5,7839,0.003584544979363413,0.0016945942473098748,0.002838668048700326,0.004811493108668043
-56.5,-4.5,7840,0.008654769409416114,0.0071228513300537,0.009035488250779445,0.01185143524291039
-55.5,-4.5,7841,0.008001854885459354,0.004852136582454574,0.005597471718708264,0.00785645316430755
-54.5,-4.5,7842,0.00691630774846895,0.0043586166847206795,0.004305111381346166,0.007182015578772983
-53.5,-4.5,7843,0.00581808064750582,0.0032894886141810525,0.004851517165986274,0.006235370877373903
-52.5,-4.5,7844,0.006235964576827256,0.004763365382088958,0.004110373710727934,0.006645672183699199
-51.5,-4.5,7845,0.006148292592928661,0.006176593836646993,0.004593169384158877,0.006546779830010134
-50.5,-4.5,7846,0.0073465059219857175,0.006925031883704206,0.0036195620972035757,0.006112056025480794
-49.5,-4.5,7847,0.008412170163176254,NA,NA,0.007562777505079452
-48.5,-4.5,7848,0.0035090901722300413,NA,NA,0.004046662909585415
-47.5,-4.5,7849,0.0042003105101180195,NA,NA,0.0028495409096472623
-46.5,-4.5,7850,0.006230311188943563,NA,NA,0.0025760355317367128
-45.5,-4.5,7851,0.0040272689907905135,NA,NA,0.002256240075138957
-44.5,-4.5,7852,0.0012886446435546974,NA,NA,9.97856542652318e-4
-34.5,-4.5,7853,0.00498519348967148,0.005250019182049824,0.0025735028110524974,0.010666490825456034
-33.5,-4.5,7854,0.003757683691531747,0.0045302381837823945,0.005748499266571833,0.004920844103102145
-32.5,-4.5,7855,0.005975228125237011,0.0058992687621714675,0.006298901441248567,0.006561528471367008
-31.5,-4.5,7856,0.005110839785338134,0.006113405982948164,0.004754705925870151,0.004100922617870118
-30.5,-4.5,7857,0.004809564079882576,0.004364127445695397,0.004012318573066691,0.005228261902873224
-29.5,-4.5,7858,0.0038728576898545593,0.003294544007345032,0.0034549748757711747,0.0051941651383944545
-28.5,-4.5,7859,0.005949382764903949,0.005727169375237444,0.004915309139353473,0.007039952133222078
-27.5,-4.5,7860,0.009045820407232511,0.017048093913686363,0.009189991400349201,0.01019671329219259
-26.5,-4.5,7861,0.019040576324150668,0.032398586654521486,0.01754987247790688,0.02370053198705332
-25.5,-4.5,7862,0.004432643827515489,0.006457465490747774,0.003731046981319947,0.015561552964854708
-24.5,-4.5,7863,0.005419317207344272,0.007619103541327048,0.0029637301373161688,0.011507396744588528
-23.5,-4.5,7864,0.006879699434114378,0.01051956438812925,0.0035703449244375057,0.010891922209841788
-22.5,-4.5,7865,0.008759476789452223,0.011905068087505211,0.004019197528688705,0.011359301896059966
-21.5,-4.5,7866,0.010879136590057112,0.010013369557654717,0.0029509517929183437,0.008994375477485592
-20.5,-4.5,7867,0.00950967825511645,0.010130011925596732,0.003187328226005875,0.007679538114652592
-19.5,-4.5,7868,0.010842648168833175,0.011073383212581587,0.00492110135284773,0.004865809609184388
-18.5,-4.5,7869,0.011753521628486072,0.012191429205112337,0.0037115402287704203,0.005162511515143501
-17.5,-4.5,7870,0.013064075486795872,0.008101495337838648,0.004264714216019744,0.006184018779090742
-16.5,-4.5,7871,0.010946819511846267,0.0055692771101414325,0.0027152081602275537,0.005325064922761704
-15.5,-4.5,7872,0.004905987107216738,0.004759578163570755,0.002454710956369238,0.004972547148823693
-14.5,-4.5,7873,0.007153370017704845,0.005602129488943492,0.00443135751480077,0.006269144069289781
-13.5,-4.5,7874,0.006786014560290284,0.006043957357509564,0.003211028852552402,0.005775902109815569
-12.5,-4.5,7875,0.007390548524225858,0.006582823092243909,0.0034356895734065315,0.006347604013336604
-11.5,-4.5,7876,0.005966806150841767,0.004788585300181699,0.0033906588288329363,0.006854328960057587
-10.5,-4.5,7877,0.006560294344355912,0.005175189283274666,0.0033754071120471497,0.006883266919028667
-9.5,-4.5,7878,0.005627323962575645,0.004588760458637002,0.004146438479317905,NA
-8.5,-4.5,7879,0.005302267177369162,0.0049632519779850785,0.00376408178594706,NA
-7.5,-4.5,7880,0.006028983699079541,0.004625544572261016,0.004224817384996887,NA
-6.5,-4.5,7881,0.006576931597796685,0.005263313378832593,0.0034321829901528753,NA
-5.5,-4.5,7882,0.006025122536511264,0.005098282562341042,0.005108690312717402,NA
-4.5,-4.5,7883,0.006994776824748864,0.005184900186154364,0.005379038354982375,NA
-3.5,-4.5,7884,0.006670136245731162,0.005515487638828927,0.005397698498312948,NA
-2.5,-4.5,7885,0.005154460984210288,0.005223616386528528,0.004949164079614721,NA
-1.5,-4.5,7886,0.00552431853194101,0.004855820002642468,0.005925959713639979,NA
-0.5,-4.5,7887,0.006020047821404606,0.00589172616252073,0.006979840617678726,NA
0.5,-4.5,7888,0.007009311095402549,0.005971830278426636,0.006937001660435317,0.005968024318457993
1.5,-4.5,7889,0.006816739665376037,0.005340010912940614,0.009307965112813876,0.0077953910636957445
2.5,-4.5,7890,0.006705991467507561,0.005253127500358872,0.009033323940419481,0.00900185637124519
3.5,-4.5,7891,0.008286247023315563,0.0056517395528293095,0.009291787504128162,0.008345124402829081
4.5,-4.5,7892,0.006091894151807939,0.004156783097933554,0.004461432721363897,0.0057700682028039635
5.5,-4.5,7893,0.013678353931709939,0.009264435454008386,0.01245208004649295,0.012182100203654903
6.5,-4.5,7894,0.00543717451299173,0.004420755217011995,0.004804622499964399,0.005770090622840089
7.5,-4.5,7895,0.008864819869377701,0.009264435454008386,0.011962012866221724,0.01255914049262795
8.5,-4.5,7896,0.008802613084096052,0.008980242244183572,0.00648230760544672,0.0132823250792223
9.5,-4.5,7897,0.006656276851393376,0.0065885523866842065,0.004773749425897914,0.008424341125085699
20.5,-4.5,7908,0.004084290848865286,0.004304927615583567,0.003998925062907523,0.004016669821799519
21.5,-4.5,7909,0.004071361835327587,0.004304927615583567,0.003998925062907523,0.0044585404800638485
22.5,-4.5,7910,0.0040181040132502765,0.004038213061587521,0.00402827955654769,0.004015813204014576
23.5,-4.5,7911,0.004179249358332976,0.004439174134013926,0.004134646075254869,0.0046351288817826405
24.5,-4.5,7912,0.004191236237814441,0.004171624454590487,0.0031174287398116765,0.004040480704209834
25.5,-4.5,7913,0.0034370893175752616,0.003980638902597307,0.00395310585115837,0.004322956261744517
26.5,-4.5,7914,0.003602090425314932,0.004462000828840948,0.0031174287398116765,0.003997525106848817
27.5,-4.5,7915,0.004088222561784113,0.004363944894342632,0.0030488303308369995,0.003899253888143009
28.5,-4.5,7916,0.003973634721583791,0.004034694533470369,0.0030230321831735316,0.004186515219911073
29.5,-4.5,7917,0.003299244787009901,0.003906855379309806,0.0038722148567915133,0.0033423643121908908
30.5,-4.5,7918,0.0032988688884969804,0.003954045318456789,0.0038652452373716642,0.0033363451793125385
31.5,-4.5,7919,0.0032558875604675134,0.003914956125178928,0.003786299348241184,0.0032928771817170755
32.5,-4.5,7920,0.0027490010854818825,0.0034095565949672953,0.0024910633736645055,0.0028364629964488333
33.5,-4.5,7921,0.002599469109884693,0.0036770818659011026,0.0025012354354886626,0.0028353999371967618
34.5,-4.5,7922,0.0029756905879211775,0.003941132755689518,0.003811619030786502,0.0032644353730939915
35.5,-4.5,7923,0.0029756905879211775,0.003941132755689518,0.0037363492830645747,0.0032644353730939915
36.5,-4.5,7924,0.0029877512079159734,0.003941132755689518,0.0028104884446568026,0.0036512447232751113
37.5,-4.5,7925,0.0034358406574000653,0.0039248821766665895,0.0027649260970225293,0.0032203557442676226
38.5,-4.5,7926,0.003420599056266521,0.004242916150608708,0.0027649260970225293,0.0035726454639412293
39.5,-4.5,7927,0.003420599056266521,0.003961862441156781,0.0026768165268881384,0.003094180823675801
40.5,-4.5,7928,0.0029472933244536295,0.003961862441156781,0.0034968251160867637,0.003055900296628611
41.5,-4.5,7929,0.0029472933244536295,0.004217124352209034,0.003262098960016122,0.0029868025615670166
42.5,-4.5,7930,0.0030102949695204727,0.004016120451421029,0.003284569612625614,0.00339144390285469
43.5,-4.5,7931,0.003005658601082745,0.004009941170666209,0.0030971991512733295,0.0030125860210998157
44.5,-4.5,7932,0.003316467835211103,0.004096921265859743,0.0028835549854852945,0.00293094626964067
45.5,-4.5,7933,0.0030400278339166665,0.003462402754472712,0.0025739480519192124,0.002216135780625578
46.5,-4.5,7934,0.003050550052810949,0.003474381812993847,0.0025713937482452435,0.0022379614730022295
47.5,-4.5,7935,0.003037087610192007,0.003733803288573875,0.0025564181948351822,0.0022280770666297154
48.5,-4.5,7936,0.0030508153158957303,0.003697725667928259,0.0025564181948351822,0.0022510812859830006
49.5,-4.5,7937,0.0032857430588712393,0.003583647219782668,0.002531530765400865,0.002198768130654712
50.5,-4.5,7938,0.0030151298008440474,0.0035712927834183226,NA,0.0021963526389513657
51.5,-4.5,7939,0.0031613965205710423,0.003972166764572147,NA,0.002142836748465359
52.5,-4.5,7940,0.003124840600106819,0.00362860353831459,NA,0.0021555953902162427
53.5,-4.5,7941,0.0030925187755320898,0.0035761670832829113,NA,0.0023854792815202874
54.5,-4.5,7942,0.003141253822798168,0.0035761670832829113,NA,0.002443282994752256
55.5,-4.5,7943,0.002851910868216847,0.0035761670832829113,NA,0.002181779652515471
56.5,-4.5,7944,0.002797409830593881,0.003542092580184694,NA,0.002459652173266122
57.5,-4.5,7945,0.002797409830593881,0.003462295547862526,NA,0.002188547690308211
58.5,-4.5,7946,0.0027826733244694004,0.003426742030473633,NA,0.002291672851525868
59.5,-4.5,7947,0.0027742731823056943,0.003262640950188152,NA,0.002291672851525868
60.5,-4.5,7948,0.002834753233344922,0.00351627104872339,NA,0.0022983648514663837
61.5,-4.5,7949,0.003027364822378962,0.0032007819768744383,NA,0.002291672851525868
62.5,-4.5,7950,0.0030532210235845398,0.003210120158950242,NA,0.0022983648514663837
63.5,-4.5,7951,0.003044337864323097,0.0032007819768744383,NA,0.002291672851525868
64.5,-4.5,7952,0.0035045007417610265,0.003210120158950242,NA,0.0023063885746692878
65.5,-4.5,7953,0.003035397946905212,0.0035036730861660566,NA,0.0023063885746692878
66.5,-4.5,7954,0.0033998009048346912,0.003145564703587315,NA,0.0021860712160894414
67.5,-4.5,7955,0.0030760178458096345,0.002833292774730395,NA,0.0021212668295440226
68.5,-4.5,7956,0.003034606576684893,0.0028065800669540065,NA,0.0021012530628319753
69.5,-4.5,7957,0.0027803147424723196,0.00266169993784835,NA,0.0020073424924723286
70.5,-4.5,7958,0.002747149535162043,0.002706892274771535,NA,0.0020043303954875784
71.5,-4.5,7959,0.0028280138478316012,0.0027206906563895746,NA,0.0019412882711738902
72.5,-4.5,7960,0.002879413097398766,0.0027206906563895746,NA,0.0019412882711738902
73.5,-4.5,7961,0.002891197018909119,0.0027206906563895746,NA,0.0018989701673054358
74.5,-4.5,7962,0.002891197018909119,0.00266546098160606,NA,0.0018843689264816635
75.5,-4.5,7963,0.002859525292221232,0.002698792988856773,NA,0.0018870407390149447
76.5,-4.5,7964,0.002859525292221232,0.005312675613072984,NA,0.0019011297275939815
77.5,-4.5,7965,0.002865240887697132,0.0032944637186945696,NA,0.0019127368887169446
78.5,-4.5,7966,0.002865240887697132,0.0033129292851040164,NA,0.0019524002792256838
79.5,-4.5,7967,0.0035725767573522795,0.0033129292851040164,NA,0.0019524002792256838
80.5,-4.5,7968,0.004445595660618572,NA,NA,0.0018813452769786284
81.5,-4.5,7969,0.004618245774376368,NA,NA,0.0019661872817595613
82.5,-4.5,7970,0.004174978246353064,NA,NA,0.0019622521279981575
83.5,-4.5,7971,0.004278297729101791,NA,NA,0.0034078374500709713
84.5,-4.5,7972,0.003992517475695936,NA,NA,0.0036275489962355268
85.5,-4.5,7973,0.003432464694465156,NA,NA,0.003255884353885999
86.5,-4.5,7974,0.00357554225471756,NA,NA,0.0027518895560722867
87.5,-4.5,7975,0.003881888543681176,NA,NA,0.0028757433889288007
88.5,-4.5,7976,0.0036244794086802688,NA,NA,0.0029725810848537154
89.5,-4.5,7977,0.0035471805440495255,NA,NA,0.0028748176884207687
-139.5,-3.5,7987,0.004320657420639662,NA,0.006749886729057601,0.005144214875440393
-138.5,-3.5,7988,0.0029331571494400415,NA,0.002286936891706607,0.006582450790748781
-137.5,-3.5,7989,0.00309888838817664,NA,0.0027893379286206624,0.007946465044238234
-136.5,-3.5,7990,0.0031566754335783523,NA,0.0032746074279705246,0.004643578380960583
-135.5,-3.5,7991,0.004086404182078831,NA,0.0037628133586277866,0.0037875215926413915
-134.5,-3.5,7992,0.002853504845422848,NA,0.00726503231177566,0.005349792068283186
-133.5,-3.5,7993,0.004975525256564858,NA,0.0045226967713330336,0.0069047301848681256
-132.5,-3.5,7994,0.007579346315168145,NA,0.0032685477342094013,0.008276992043843188
-131.5,-3.5,7995,0.009881413646085352,NA,0.004725857112609168,0.006751196769323453
-130.5,-3.5,7996,0.009295018707876693,NA,0.004644488357820199,0.009791512002555326
-129.5,-3.5,7997,0.009986130621013946,0.007529047068219874,0.004430788704569524,0.008357781976612823
-128.5,-3.5,7998,0.02321182485192497,0.00883261576965744,0.0045771515418590505,0.010107975391139572
-127.5,-3.5,7999,0.018004504408537316,0.009439284181646797,0.004888384287043171,0.00983618102054916
-126.5,-3.5,8000,0.015950758418582574,0.008842155901201233,0.003690683427467774,0.008434300058569258
-125.5,-3.5,8001,0.0193409031847651,0.008541113557650803,0.0044344476002065045,0.007956125351758901
-124.5,-3.5,8002,0.012838300834449194,0.007221035165069916,0.002860013910150292,0.0065841621628263125
-123.5,-3.5,8003,0.017574420307635646,0.01245681512053645,0.0041456401696880986,0.010130906194126458
-122.5,-3.5,8004,0.01759156686406723,0.01387740563244336,0.0041392022190769005,0.010999185275875045
-121.5,-3.5,8005,0.019755702928231145,0.014075206324520537,0.004045328971556558,0.008658199331645662
-120.5,-3.5,8006,0.024811722629684004,0.013455041899458975,0.0053221297400810625,0.00818389790027902
-119.5,-3.5,8007,0.02676301228406751,0.014681106280520563,NA,0.008695775587843652
-118.5,-3.5,8008,0.027574573962935816,0.0182425877709419,NA,0.008991024419490823
-117.5,-3.5,8009,0.027675716236587173,0.01654195238310198,NA,0.009419219559824252
-116.5,-3.5,8010,0.02680023269579404,0.013885932112478993,NA,0.010280431121744133
-115.5,-3.5,8011,0.02206521534863263,0.015196946006564519,NA,0.009399296108214673
-114.5,-3.5,8012,0.026990787585666438,0.014431036741275863,NA,0.009002415599433818
-113.5,-3.5,8013,0.020613398112333037,0.0180477443279793,NA,0.00992363063276147
-112.5,-3.5,8014,0.01650744237091128,0.02019388433314727,NA,0.009534257858169535
-111.5,-3.5,8015,0.01423511056090031,0.018949053491765455,NA,0.010930685674790747
-110.5,-3.5,8016,0.014526230487978594,0.018105336443095248,NA,0.009911871506038651
-109.5,-3.5,8017,0.01927594888041345,0.018747350719530792,0.010495274247587867,0.010821010848235713
-108.5,-3.5,8018,0.020226034097309154,0.02149687898738059,0.011591409708826913,0.01202289518966219
-107.5,-3.5,8019,0.019149129074586033,0.017237422080438214,0.010859837728287792,0.011602821989980968
-106.5,-3.5,8020,0.022418266187397732,0.016271736076183468,0.011560844005189246,0.012884670985080332
-105.5,-3.5,8021,0.02975308159423839,0.01841119706294484,0.015609823234076947,0.018988969126025764
-104.5,-3.5,8022,0.03520215999543617,0.01717508609774194,0.01453463629573298,0.019685366370050177
-103.5,-3.5,8023,0.03435767068501777,0.017039029000205808,0.016032990029128835,0.01644998384727011
-102.5,-3.5,8024,0.034788661431068124,0.01694632360938716,0.015144428306498037,0.018988280108130334
-101.5,-3.5,8025,0.03515259639300461,0.016654621468891663,0.013692272176881438,0.014318254166209845
-100.5,-3.5,8026,0.02808738566509258,0.014138418626006934,0.009888138231635712,0.012138920907367642
-99.5,-3.5,8027,0.02328808405500033,0.01453132493982346,0.009947890130192549,0.01111605302127173
-98.5,-3.5,8028,0.01886918797535429,0.015559107818596069,0.010949051053307228,0.010793941383458846
-97.5,-3.5,8029,0.015191297810698152,0.01568968001305139,0.008714443300594555,0.008815530664126136
-96.5,-3.5,8030,0.015493285430692698,0.017201167974256106,0.008579145763592684,0.007360069440154809
-95.5,-3.5,8031,0.01578594277116326,0.018742455790927356,0.008534726239517152,0.009240672770519756
-94.5,-3.5,8032,0.016116581865845685,0.02014377313858221,0.010143321103592812,0.008034105519188053
-93.5,-3.5,8033,0.01448344994780186,0.018693402998630072,0.008281990885151332,0.00734882134268811
-92.5,-3.5,8034,0.01797490441481799,0.017344403207055263,0.0075434986525075125,0.006903551981274946
-91.5,-3.5,8035,0.011438876940260103,0.015941543552941202,0.0068540362779441555,0.006154924720972444
-90.5,-3.5,8036,0.00859163290946236,0.014476852077031999,0.005303102777213942,0.006601798308138727
-89.5,-3.5,8037,0.009143840783967745,0.01242615179566781,0.005997808166342744,0.0076941081324746
-88.5,-3.5,8038,0.006394070237055291,0.011686167100725904,0.006289021426973631,0.00791974986220955
-87.5,-3.5,8039,0.006960487648557011,0.010774042114764334,0.006984610925506962,0.009077833210513695
-86.5,-3.5,8040,0.007464309210246185,0.011609801326083947,0.0069621013484926515,0.010178582033762111
-85.5,-3.5,8041,0.009363421413304828,0.009263548033481226,0.007288982262637907,0.010759771295620906
-84.5,-3.5,8042,0.008383976266648642,0.00938557098811716,0.007129846307793545,0.009782229266701187
-83.5,-3.5,8043,0.009353164077334233,0.007556981148097958,0.005237428808845502,0.008893969107832151
-82.5,-3.5,8044,0.009214097268234918,0.00512891900626449,0.0033790372493371313,0.007282618418558366
-81.5,-3.5,8045,0.007295107898103984,0.005151049382837874,0.003209564910581526,0.00784414007500191
-80.5,-3.5,8046,0.0045331212625678305,0.0052525974224745114,0.0030087092627943545,0.006001035159367943
-79.5,-3.5,8047,0.0032032124448881922,0.002243977062551526,0.0015099164107988357,0.002081923994737772
-78.5,-3.5,8048,0.004832562735330281,0.002425008965506209,0.0017259859813678678,0.0018449799064424839
-73.5,-3.5,8049,0.0019793777962906047,0.002418985674163372,0.0033536419093239452,0.006028986145130466
-72.5,-3.5,8050,0.004770778174764022,0.003389066592798456,0.0034032428369968866,0.002807807922572927
-71.5,-3.5,8051,0.002805999189371803,0.0032972851783468243,0.0036957354489583166,0.003286572442138218
-70.5,-3.5,8052,0.0020760595731022648,0.0025705723426733863,0.004272379517961969,0.0027119266930603334
-69.5,-3.5,8053,0.006235700318175643,0.003572610321397425,0.0038481651310367806,0.003287843200783425
-68.5,-3.5,8054,0.003201929757879881,0.0024631506062178232,0.004446171310892886,0.0016124228314015098
-67.5,-3.5,8055,0.003823755996307685,0.0036494842595758015,0.006844117167067789,0.0020920774182187035
-66.5,-3.5,8056,0.003481250849030896,0.003000195638926635,0.004851453868750144,0.003101548356243386
-65.5,-3.5,8057,0.01102714840323436,0.00382023089307064,0.017645583057708972,0.006829214645440053
-63.5,-3.5,8058,0.005477766849567636,0.003949631909936673,0.006601104314578571,0.0020649884931596744
-62.5,-3.5,8059,0.01566358734256034,0.02264904192028122,0.009074175405550729,0.0032681371420505362
-61.5,-3.5,8060,0.01958161043280234,0.018244233103249796,0.01000767639551008,0.005613517637852089
-59.5,-3.5,8061,0.0029774651660418815,0.002736121300209232,0.004752549363532371,0.0022661042533554283
-57.5,-3.5,8062,0.004882068504100384,0.0033614333817924024,0.0021328962080279443,0.004986132925273474
-56.5,-3.5,8063,0.01062882815326636,0.00832860953133936,0.004072299886621629,0.009539609866209735
-55.5,-3.5,8064,0.008603612292480389,0.004945004731786968,0.005686887892637827,0.007089781944158697
-54.5,-3.5,8065,0.009805485998955109,0.005309035933624437,0.005528138210856943,0.01115765710765918
-52.5,-3.5,8066,0.004964771283556673,0.002564906767556632,0.0037223597051682777,0.005497592849117518
-51.5,-3.5,8067,0.004210083908498797,0.004423913677804016,0.003271865225872507,0.003845047246338063
-50.5,-3.5,8068,0.0036332542948912766,0.0037704655666699455,0.0022772705085038632,0.003836773692877762
-48.5,-3.5,8069,0.0015365993286969892,NA,NA,0.0030568059287644027
-47.5,-3.5,8070,0.0018173242349088371,NA,NA,0.00240832401015294
-35.5,-3.5,8071,0.0043082779531461455,0.008066498440967044,0.005221547190435683,0.0107874696316116
-34.5,-3.5,8072,0.011916326725659584,0.013860530751427794,0.007979428624979556,0.027743779353206866
-33.5,-3.5,8073,0.00592311702219012,0.004852568521418083,0.004459579177028552,0.008259065926295956
-32.5,-3.5,8074,0.00510107145734283,0.004985244704432033,0.004810283884658879,0.005286459854591503
-31.5,-3.5,8075,0.005885917038666496,0.006010192953498109,0.005570008228185148,0.0028109505713673727
-30.5,-3.5,8076,0.0051519214772500245,0.005002136379397274,0.006829520841671198,0.005701024909265231
-29.5,-3.5,8077,0.006763723426856434,0.007770603210822162,0.006829520841671198,0.005324015060567396
-28.5,-3.5,8078,0.0051354295861264524,0.006468285408275654,0.0046018475549639256,0.006998324849193987
-27.5,-3.5,8079,0.004866716773020626,0.0068298298023806315,0.004001315163902564,0.010669398273261917
-26.5,-3.5,8080,0.005721975713063206,0.011008413412229892,0.003930557418349805,0.014722587232543658
-25.5,-3.5,8081,0.007377919720283728,0.012720252644941782,0.0051614826948922585,0.015626515518154218
-24.5,-3.5,8082,0.006897420876922334,0.011073312777080015,0.0049985741878715954,0.013909805734092617
-23.5,-3.5,8083,0.007937296832267446,0.01395752929437335,0.004725910640785319,0.008865265737200761
-22.5,-3.5,8084,0.010215473675595839,0.011805055409725483,0.0037398134725133898,0.008766321814792198
-21.5,-3.5,8085,0.010000108026838726,0.006442489460405893,0.002983176718216931,0.0076735489714959875
-20.5,-3.5,8086,0.010233607186158872,0.00839458988776403,0.0026803486748027223,0.0060163017199730195
-19.5,-3.5,8087,0.010844792252595107,0.00853519426755881,0.0028192380953786884,0.006225295188681091
-18.5,-3.5,8088,0.009161200291068086,0.007775625557793632,0.003136246830246194,0.006239771742360257
-17.5,-3.5,8089,0.009358418633458947,0.008237808812760395,0.0029706916247110382,0.005400626699190633
-16.5,-3.5,8090,0.007416370773516703,0.005170443021218718,0.002847386932487294,0.005432929959073208
-15.5,-3.5,8091,0.006635035919098507,0.005721537283926056,0.00285252645575853,0.005442710905200909
-14.5,-3.5,8092,0.00666512907264084,0.005349757706541292,0.002940018065904864,0.005845946752023859
-13.5,-3.5,8093,0.00679273694039907,0.005200268303353517,0.003025774516631998,0.005086719718896425
-12.5,-3.5,8094,0.006475687228897441,0.005309012850094728,0.0044124011089397884,0.006206306708897718
-11.5,-3.5,8095,0.00707995281269047,0.004812349856765362,0.00466445910357893,0.0066354877270429265
-10.5,-3.5,8096,0.0060749873286309805,0.004711633392332615,0.004682560361772954,0.005021231462726829
-9.5,-3.5,8097,0.005538402837604851,0.004437563943239848,0.0044900173100236255,NA
-8.5,-3.5,8098,0.005940875193847229,0.005114618591403356,0.00433554308373712,NA
-7.5,-3.5,8099,0.006784145683073641,0.004929053703085845,0.004196370642231843,NA
-6.5,-3.5,8100,0.007453743229258627,0.004328976071360354,0.004046682516681964,NA
-5.5,-3.5,8101,0.0067748541316156536,0.004780122427777816,0.004327567529671163,NA
-4.5,-3.5,8102,0.00654584833518504,0.004672890215158366,0.0058586412643305144,NA
-3.5,-3.5,8103,0.007135591844439337,0.004709822467242571,0.006113899696702408,NA
-2.5,-3.5,8104,0.004322953187922303,0.004618990665419328,0.00504104427884192,NA
-1.5,-3.5,8105,0.004172260392957288,0.004500220366112375,0.004021111467225149,NA
-0.5,-3.5,8106,0.0035439339854523486,0.004372915430287699,0.0030015480102855586,NA
0.5,-3.5,8107,0.0037063326267344795,0.004384281803076068,0.0029931520216031644,0.00527932015126915
1.5,-3.5,8108,0.004213346958700025,0.0047573066184031084,0.004592780016186138,0.006619526933492542
2.5,-3.5,8109,0.0035401633432141236,0.004015181926543239,0.0051792809992303466,0.005312414418126207
3.5,-3.5,8110,0.004281292093916437,0.004597826558454925,0.005488388194976626,0.005135216988173548
4.5,-3.5,8111,0.004269527768529445,0.005503361061286026,0.0046939072038218906,0.006791663879133826
5.5,-3.5,8112,0.004190688665062648,0.004510601462469923,0.0031113047801962315,0.005924232743699322
6.5,-3.5,8113,0.0041133691254861444,0.004398987026486322,0.003034210280390871,0.005138677740622393
7.5,-3.5,8114,0.0035993352831298433,0.004478811306466527,0.003089346087130193,0.005791167600234338
8.5,-3.5,8115,0.0035175979025752957,0.004066700358993999,0.0030191549697255074,0.006465492690218286
9.5,-3.5,8116,0.0042177673482610275,0.0042177673482610275,0.003111304780196231,0.006600594171616849
20.5,-3.5,8127,0.004014123383026956,0.003980518904405561,0.003970726754049468,0.004427115611610776
21.5,-3.5,8128,0.003958437802799947,0.003980518904405561,0.003001694616774347,0.0044271156116107765
22.5,-3.5,8129,0.0039890786237816046,0.004014455212382824,0.0016163610194132375,0.0039133651216038436
23.5,-3.5,8130,0.004088877642448735,0.004384006715261901,0.0030725884030121903,0.00397068256094191
24.5,-3.5,8131,0.004025742881731298,0.0043163347321168374,0.00302509810190645,0.004362426168547673
25.5,-3.5,8132,0.004066592762611056,0.004447900068192626,0.004142775899872385,0.003997525106848817
26.5,-3.5,8133,0.003478179222685519,0.004439707618681715,0.0031116791848676715,0.004444395082378716
27.5,-3.5,8134,0.003416543190204513,0.004077092287318458,0.0030488303308369995,0.003690628734485737
28.5,-3.5,8135,0.003287336787835332,0.004235695734197362,0.003859059378596735,0.0037538274926208317
29.5,-3.5,8136,0.0032425936831515004,0.0039332157751193145,0.00384317329971399,0.003738372982197389
30.5,-3.5,8137,0.003150627953258999,0.00396660326555312,0.0038362557510335142,0.0033363451793125385
31.5,-3.5,8138,0.0030173110707274377,0.00432924295757588,0.0015519042525816817,0.003314442911437723
32.5,-3.5,8139,0.0025679204768224583,0.003447299334716584,0.0024418073096834263,0.0028238727373838097
33.5,-3.5,8140,0.0025679204768224583,0.003721116899577903,0.002441807309683426,0.0028238727373838097
34.5,-3.5,8141,0.0026055690009240975,0.0036821758134339797,0.002419076590975819,0.002815432819093248
35.5,-3.5,8142,0.002880246079175914,0.004097917264646551,0.003553736489784708,0.003122549684192811
36.5,-3.5,8143,0.002994920850898149,0.004262581051601813,0.0036966149998946323,0.003603467911759293
37.5,-3.5,8144,0.003488304418527867,0.003972513926231927,0.002699931290269682,0.0034907480679877735
38.5,-3.5,8145,0.0034522361211180774,0.004237372922672951,0.003335792208809881,0.0034119296252927128
39.5,-3.5,8146,0.0029745658584599904,0.0042711810872334294,0.002436279239015748,0.003377168857365369
40.5,-3.5,8147,0.0029745658584599904,0.00396850074389328,0.0032168664016964,0.0036214815370305925
41.5,-3.5,8148,0.003005658601082745,0.0040479130380555155,0.003058881396718129,0.0033696541345634282
42.5,-3.5,8149,0.002998042178719094,0.0044662054013639985,0.0029740026845128252,0.0029713488628744936
43.5,-3.5,8150,0.0026635690765549006,0.0034633601356065906,0.002620117570190136,0.002422202497489749
44.5,-3.5,8151,0.003842590241492949,0.004310764491939383,0.0025783150228126553,0.0024535881677361275
45.5,-3.5,8152,0.0030672962837874165,0.003482461641849939,0.002685575121068125,0.00239272901531719
46.5,-3.5,8153,0.0029290464968776183,0.003314274926601775,0.002325946391190872,0.0022692230848484116
47.5,-3.5,8154,0.003128667598997877,0.003316776626768471,0.0023179177263474684,0.002261389772809002
48.5,-3.5,8155,0.002897014520162968,0.0033501900812014395,0.0023227282781047116,0.00228140444016001
49.5,-3.5,8156,0.00297595444697294,0.0033501900812014395,0.0023080619854592265,0.002251322296677463
50.5,-3.5,8157,0.0030563060033570234,0.0033095623966754445,NA,0.0022752453504797042
51.5,-3.5,8158,0.002579222382761962,0.0032792984422348407,NA,0.0022752453504797042
52.5,-3.5,8159,0.0030303174914370367,0.0032674079922700543,NA,0.0022752453504797042
53.5,-3.5,8160,0.002753029989534584,0.0031225314503625663,NA,0.002269064694006328
54.5,-3.5,8161,0.002753029989534584,0.00306332075896034,NA,0.002239121453577655
55.5,-3.5,8162,0.002706377782757922,0.00306332075896034,NA,0.0023001759933179993
56.5,-3.5,8163,0.002782055271348648,0.0030653184359307013,NA,0.002327129195375678
57.5,-3.5,8164,0.0042284480453584836,0.0030780197287113044,NA,0.002327129195375678
58.5,-3.5,8165,0.003453641069351924,0.003065646930995879,NA,0.002327129195375678
59.5,-3.5,8166,0.003453641069351924,0.003066987083739226,NA,0.0023408936475988493
60.5,-3.5,8167,0.0034907974699631833,0.0030999965625585725,NA,0.0023408936475988493
61.5,-3.5,8168,0.0030412769567817665,0.0033806166303827776,NA,0.0023490654916921623
62.5,-3.5,8169,0.0030324284423487273,0.0030729094158978474,NA,0.002342226216544397
63.5,-3.5,8170,0.003480645653662366,0.0030729094158978474,NA,0.002342226216544397
64.5,-3.5,8171,0.0034796450232771653,0.003108817104160367,NA,0.0023696159898919126
65.5,-3.5,8172,0.003446714525451222,0.003108817104160367,NA,0.0023696159898919126
66.5,-3.5,8173,0.0034366904675140596,0.003099772694447453,NA,0.0023627170239227955
67.5,-3.5,8174,0.003170355628930041,0.0028694501647341434,NA,0.0021085602072205053
68.5,-3.5,8175,0.0031404750505893684,0.0029098108168462943,NA,0.002098702269396028
69.5,-3.5,8176,0.003054889899085197,0.003479738283617083,NA,0.0025574337409187482
70.5,-3.5,8177,0.002572682868180894,0.003394654029653801,NA,0.0025073635519733137
71.5,-3.5,8178,0.002581492412935983,0.0033670201210965938,NA,0.0025073635519733137
72.5,-3.5,8179,0.0029784102120394523,0.0033670201210965938,NA,0.0025073635519733137
73.5,-3.5,8180,0.0032456140793086473,0.003213779241258471,NA,0.002472637415053534
74.5,-3.5,8181,0.0038570849554674554,0.003142919461880537,NA,0.002472637415053534
75.5,-3.5,8182,0.0033735862709237275,0.0031109805813838826,NA,0.002457640946599238
76.5,-3.5,8183,0.0038852996720183356,0.003092035360196897,NA,0.002457640946599238
77.5,-3.5,8184,0.0038852996720183356,0.0030821529437330074,NA,0.002457640946599238
78.5,-3.5,8185,0.0032158832419348703,0.0032467617327891383,NA,0.0024497811278413125
79.5,-3.5,8186,0.0036996552716463283,0.0033455887308548576,NA,0.0024413806319117603
80.5,-3.5,8187,0.003741425076785475,NA,NA,0.0024719557840921706
81.5,-3.5,8188,0.0054450842279810925,NA,NA,0.002450075631725172
82.5,-3.5,8189,0.00469248421350708,NA,NA,0.002460094907580613
83.5,-3.5,8190,0.005483351728148422,NA,NA,0.002724792393757561
84.5,-3.5,8191,0.003791133235305447,NA,NA,0.0028159954125946914
85.5,-3.5,8192,0.004379226416677184,NA,NA,0.0024598399376210816
86.5,-3.5,8193,0.004523719121423386,NA,NA,0.0024902207469190032
87.5,-3.5,8194,0.0042230105284399725,NA,NA,0.003223795414404495
88.5,-3.5,8195,0.00341741773879601,NA,NA,0.0034237157912543332
89.5,-3.5,8196,0.003320125215361399,NA,NA,0.0030580460007854702
-138.5,-2.5,8206,0.0053173775178780094,NA,0.006973888903256217,0.005318019874611664
-137.5,-2.5,8207,0.003755484327171119,NA,0.002939923412092473,0.006456709720081987
-136.5,-2.5,8208,0.0037549448819148255,NA,0.0031730621002027588,0.004911275465091701
-135.5,-2.5,8209,0.0025486396329361307,NA,0.0035202063573003778,0.003369102868753678
-134.5,-2.5,8210,0.0027612702675223325,NA,0.003641202959272359,0.0036901415369139184
-133.5,-2.5,8211,0.004091450530438442,NA,0.0052856959661911835,0.00615023310599368
-132.5,-2.5,8212,0.004319772727322172,NA,0.0047183472113637714,0.008193405813742876
-131.5,-2.5,8213,0.004853516615294678,NA,0.0032603231438980314,0.006971690930115086
-130.5,-2.5,8214,0.007626145322523894,NA,0.004624209606556104,0.006871508639611095
-129.5,-2.5,8215,0.007895873519917404,0.009158532800836982,0.0044904461944839215,0.008655852208070216
-128.5,-2.5,8216,0.0069843824005278166,0.008230340059011085,0.005178806725883328,0.008451732911156263
-127.5,-2.5,8217,0.00803733826964226,0.012821772336981223,0.0036468574654353143,0.008531051222268734
-126.5,-2.5,8218,0.011717347312372626,0.014193449621896604,0.003689257818508008,0.007661415738239705
-125.5,-2.5,8219,0.012755489543895411,0.014199932841585775,0.0036456407229016907,0.008022985246939422
-124.5,-2.5,8220,0.011489563606822368,0.024218156876274738,0.0036598958948413016,0.007981971097478897
-123.5,-2.5,8221,0.011915646701228527,0.027470431720539375,0.004688041964116999,0.009377882716292918
-122.5,-2.5,8222,0.012561198864176273,0.03467434279302214,0.005271034051511484,0.00949557076424455
-121.5,-2.5,8223,0.015855278829879204,0.03583577352352349,0.004490286656381626,0.009041271487590753
-120.5,-2.5,8224,0.01736851114886781,0.036759382563354814,0.006212660271663234,0.0074725058833868974
-119.5,-2.5,8225,0.013591164079081244,0.03774179929430992,NA,0.007328792516181184
-118.5,-2.5,8226,0.014534250608609198,0.03290687799276758,NA,0.007403623586090597
-117.5,-2.5,8227,0.013742058587219242,0.02861633948853487,NA,0.006447688332285359
-116.5,-2.5,8228,0.013726713187968882,0.028107454777853563,NA,0.00622986881870341
-115.5,-2.5,8229,0.010850357981410926,0.029167310309190942,NA,0.005897095429825
-114.5,-2.5,8230,0.009305398630755933,0.01876603883737102,NA,0.004323208224850955
-113.5,-2.5,8231,0.013135320928551962,0.022131917762581086,NA,0.0050400552867110055
-112.5,-2.5,8232,0.011904916807739818,0.01949738014029347,NA,0.005956590246493202
-111.5,-2.5,8233,0.012238309632425953,0.01959679805000362,NA,0.00491063014885265
-110.5,-2.5,8234,0.01281018894518814,0.020349695316056775,NA,0.0048644520929981535
-109.5,-2.5,8235,0.01408845583689056,0.022401833605682205,0.011573025313298908,0.005820241000390994
-108.5,-2.5,8236,0.016196835719496414,0.022381103778648694,0.01157053550882917,0.004882713732537347
-107.5,-2.5,8237,0.02220275967956868,0.020396648548421773,0.011075118216756417,0.0045706730922241085
-106.5,-2.5,8238,0.01738608949637475,0.02170323862114184,0.01099083252309591,0.007908136231348908
-105.5,-2.5,8239,0.021347975128330917,0.02236885503792529,0.013400082273362493,0.013778913898078114
-104.5,-2.5,8240,0.028774324673782378,0.025788810215812412,0.013017904285383713,0.013849315663158814
-103.5,-2.5,8241,0.029859541283495914,0.024108574811825184,0.0133159621591845,0.014857195354640385
-102.5,-2.5,8242,0.02498946840178479,0.028848276367508422,0.013381763101434243,0.017392811326420385
-101.5,-2.5,8243,0.025029953388189034,0.0273625472822148,0.014363420030558323,0.014807367059684762
-100.5,-2.5,8244,0.022064041841686158,0.02210399444241506,0.019450499281820823,0.011879064111443334
-99.5,-2.5,8245,0.019467252306534573,0.02069329408232887,0.013882168927067624,0.011129844217016053
-98.5,-2.5,8246,0.018986944030624155,0.01659690756658732,0.006805677173459079,0.008164221020196151
-97.5,-2.5,8247,0.017966469035752337,0.015606359371896085,0.006382610789117743,0.0076459230398980655
-96.5,-2.5,8248,0.017789198867474876,0.015794098207549904,0.0048456151279130995,0.006555197723342964
-95.5,-2.5,8249,0.018313858113541436,0.015870529215471905,0.006408091096758858,0.00613551596014128
-94.5,-2.5,8250,0.015037671379721918,0.015515457889841327,0.004305851324700851,0.0059116595672307586
-93.5,-2.5,8251,0.014039473598076148,0.01497203954872208,0.005418270009594945,0.0059497593212414
-92.5,-2.5,8252,0.010918811122265046,0.014492892868932813,0.0049001657986938,0.005789598518753403
-91.5,-2.5,8253,0.007873755029534826,0.012905970328607269,0.004620698677062081,0.005576743714492721
-90.5,-2.5,8254,0.004457774766950189,0.006994860240734782,0.004066071258240317,0.004415559833866752
-89.5,-2.5,8255,0.004550895873062732,0.007260248044373547,0.004149892912716978,0.0055935814774101065
-88.5,-2.5,8256,0.0050055888507479045,0.007274372517209959,0.003954633065610852,0.007131464258335661
-87.5,-2.5,8257,0.005096073970645912,0.00798594378733105,0.005550196789942972,0.008843256220646708
-86.5,-2.5,8258,0.005096073970645912,0.007543105530779556,0.006216046017165861,0.009767460751512297
-85.5,-2.5,8259,0.005524329528424708,0.006024760451951945,0.0030653034263606257,0.00888402879907267
-84.5,-2.5,8260,0.006585056669442252,0.00596445881168754,0.004974811159253393,0.010233050429914483
-83.5,-2.5,8261,0.007927539899614512,0.005982646269244411,0.0037942608167025726,0.010178986074290908
-82.5,-2.5,8262,0.008945796278543203,0.00602550278190028,0.002699835744156958,0.010606202893772142
-81.5,-2.5,8263,0.007059218323422127,0.007872810605954461,0.0027099635331027127,0.009035993501144821
-80.5,-2.5,8264,0.0028668226795604945,0.0025173318325801344,0.001444767726460739,0.0030729275843006023
-79.5,-2.5,8265,0.0033151394082997577,0.002728583915754009,0.0011975682444488411,0.0031159716400367835
-72.5,-2.5,8266,0.008602645862673135,0.0015737026344850495,0.0054499632707389455,0.006182141787846497
-71.5,-2.5,8267,0.005982391472850022,0.0017804309446360549,0.0034111601690276715,0.0023073450783317353
-70.5,-2.5,8268,0.002191701105222403,0.002532470294348076,0.0033121853120782864,0.003858363941576971
-62.5,-2.5,8269,0.007805854523007531,0.018843544032128443,0.008038449218492685,0.003090768296295477
-61.5,-2.5,8270,0.006782444563342144,0.005187885539370757,0.004250453225012164,0.005553165572567404
-57.5,-2.5,8271,0.0029462771078668307,0.0027944284737320504,0.0024388958599585175,0.004292663767838316
-56.5,-2.5,8272,0.007189582928827565,0.0064498831181966886,0.003993835638313321,0.00884445002736356
-55.5,-2.5,8273,0.006884842283986417,0.0063299790102082434,0.0042708509354995525,0.008955903418695295
-54.5,-2.5,8274,0.0072480249383503285,0.005814286396457966,0.004689998092113221,0.007718174988605854
-53.5,-2.5,8275,0.011420402302714164,0.012147983942227122,0.004512003536946317,0.008748962524554893
-52.5,-2.5,8276,0.008700480975340978,0.0066546887753235464,0.0039773584244545,0.00923045011148701
-51.5,-2.5,8277,0.005243975393076685,0.0035207824939678858,0.003279042015666197,0.00500750555054529
-50.5,-2.5,8278,0.0038165499068579024,0.0035853752042509257,0.001752981121982381,0.003758566953925449
-49.5,-2.5,8279,0.0035079904662233554,NA,NA,0.002935934058550288
-48.5,-2.5,8280,0.001888714852451959,NA,NA,0.0029851030889244193
-47.5,-2.5,8281,0.003894741470976381,NA,NA,0.003593549152874423
-46.5,-2.5,8282,0.004137475205174293,NA,NA,0.0013879959166851834
-45.5,-2.5,8283,0.0022861235637775803,NA,NA,0.001627637548586454
-44.5,-2.5,8284,0.007999670606195716,NA,NA,0.00401533657374383
-38.5,-2.5,8285,0.004660369912566524,0.0068080259001224615,0.007247281219609204,0.004306113265322284
-37.5,-2.5,8286,0.0057151552749370275,0.006868257752082037,0.005240539752760646,0.007901479944560807
-36.5,-2.5,8287,0.003569565302579468,0.003568959861902977,0.0031277867155304145,0.003560573384938887
-35.5,-2.5,8288,0.003187321808338375,0.0037413142437856487,0.003022749332915138,0.0032797600570953654
-34.5,-2.5,8289,0.0034382190013717293,0.003666715016690049,0.003984606085981279,0.0028811236448118946
-33.5,-2.5,8290,0.005055573292900756,0.005103757350469478,0.006125694422663833,0.005065054630059607
-32.5,-2.5,8291,0.005743337002967698,0.004995232554675979,0.007464775702744415,0.005371330417559162
-31.5,-2.5,8292,0.004576675606419006,0.004917641655981124,0.007866043584186633,0.0036241396677925944
-30.5,-2.5,8293,0.004277280729890912,0.006498997676886284,0.010499847383963982,0.009274782269946054
-29.5,-2.5,8294,0.0048791054447246875,0.00601610056509774,0.006536543338023755,0.010680067083771045
-28.5,-2.5,8295,0.004869738253726267,0.008150169004352545,0.006347774934323864,0.007790787225746504
-27.5,-2.5,8296,0.0061594145339246556,0.009262856830549178,0.006135782390892156,0.012764580131457263
-26.5,-2.5,8297,0.008160700791899492,0.019746777215109472,0.010587767920426741,0.019100991532938018
-25.5,-2.5,8298,0.008370614991770857,0.018714499046651418,0.0068188711306689815,0.014011495677397554
-24.5,-2.5,8299,0.0055304234172604255,0.010306090809814865,0.00446619937035624,0.009622759976541898
-23.5,-2.5,8300,0.007047118058579214,0.01347126635201706,0.003965078556394339,0.008582947636861023
-22.5,-2.5,8301,0.008064356774464647,0.009792950415113664,0.0027655153744803743,0.006271416174200364
-21.5,-2.5,8302,0.009587770986760533,0.012647508409614892,0.0025469039103610145,0.005335251594951263
-20.5,-2.5,8303,0.010774771981966306,0.009948347546395815,0.0026695143157132403,0.0054500153571111366
-19.5,-2.5,8304,0.011902101812746308,0.012581822121478795,0.0032412501264866334,0.0067732870092034065
-18.5,-2.5,8305,0.009341544240517568,0.010111919618357102,0.0028783356267826454,0.003772642068213072
-17.5,-2.5,8306,0.008785204206212616,0.0075166360527894145,0.0029576132370780464,0.004384586325128103
-16.5,-2.5,8307,0.007015881763063055,0.00709828755147723,0.0032158105160737,0.004787907908701894
-15.5,-2.5,8308,0.006575542949579051,0.007338932132010932,0.003256423661838913,0.005215949545556927
-14.5,-2.5,8309,0.007318295894470966,0.0066149151056706336,0.003297290911335118,0.005184623850600587
-13.5,-2.5,8310,0.007244686324618005,0.007258813040673281,0.003296436944319221,0.005174920116599734
-12.5,-2.5,8311,0.006344244845566096,0.007460822067649278,0.003692936060026894,0.005300318668831102
-11.5,-2.5,8312,0.006855902159525327,0.006012250981484143,0.004778747802695973,0.004867079843122874
-10.5,-2.5,8313,0.007831750701110403,0.006075255742903026,0.00489237470490621,0.005229034471206094
-9.5,-2.5,8314,0.0036836754708527686,0.005850491344410609,0.004694111292313238,NA
-8.5,-2.5,8315,0.004043316733337652,0.005900214850301017,0.003482367028696424,NA
-7.5,-2.5,8316,0.004081752377105891,0.005959706643730823,0.0038984299438517855,NA
-6.5,-2.5,8317,0.004483882567855287,0.006091531021666587,0.0056553684204082594,NA
-5.5,-2.5,8318,0.004674487512661204,0.006785623522562216,0.005941475809410199,NA
-4.5,-2.5,8319,0.0059552661124778585,0.00825692704097182,0.008185849249208343,NA
-3.5,-2.5,8320,0.005497757683491626,0.0076003345611921885,0.006684712569162281,NA
-2.5,-2.5,8321,0.004283974393908344,0.005920244528339807,0.0030148647504282255,NA
-1.5,-2.5,8322,0.004230014258371793,0.006256864278111277,0.0029474176852195173,NA
-0.5,-2.5,8323,0.004072332903170237,0.006252409571945411,0.002955569535837019,NA
0.5,-2.5,8324,0.004033273295486838,0.006449725032994921,0.0029092638341182307,0.005101790584771644
1.5,-2.5,8325,0.003481484287957462,0.006469977321541089,0.002903123961261329,0.005062153762678228
2.5,-2.5,8326,0.004468143217900103,0.007754327899689071,0.003740001959667995,0.007066762874121599
3.5,-2.5,8327,0.005101930395163629,0.007683635765133122,0.005018166356294327,0.0070667628741216
4.5,-2.5,8328,0.004032299866225751,0.004351725435303466,0.002974030263839508,0.005649117650846234
5.5,-2.5,8329,0.004092430392303778,0.004436103666375637,0.003019271478963561,0.005701360787058948
6.5,-2.5,8330,0.004082886324350302,0.004394605921303759,0.0030311842658712184,0.005133563750085306
7.5,-2.5,8331,0.003580905936793251,0.004478811306466527,0.0030893460871301926,0.0058825383647593535
8.5,-2.5,8332,0.0049153123088735125,0.006145753786085947,0.004241354894972857,0.00806769188770679
9.5,-2.5,8333,0.0035809059367932516,0.004501840898104739,0.003089346087130193,0.0058825383647593535
20.5,-2.5,8344,0.004040992301298325,0.004416637205047304,0.0040170672035394215,0.0044699722059426015
21.5,-2.5,8345,0.0034532511802195646,0.004032470732512071,0.003978535556901405,0.004427115611610776
22.5,-2.5,8346,0.004002232087665087,0.0043519097779129165,0.0016026644461699432,0.004339744326493954
23.5,-2.5,8347,0.0034493393712875207,0.004434500817256527,0.003058739840413497,0.003952802218690107
24.5,-2.5,8348,0.0033373427788921236,0.004325461312768952,0.002968142249180178,0.00380625374510881
25.5,-2.5,8349,0.003412646845728981,0.004457303588992661,0.003058739840413497,0.004410874366894928
26.5,-2.5,8350,0.003366439397666868,0.004397013831901968,0.0029946607497966203,0.003832394492224242
27.5,-2.5,8351,0.00378153085084813,0.004275029390449,0.0029114674091749873,0.004018672538849299
28.5,-2.5,8352,0.0036658072722205145,0.004287968083781332,0.003815517063541963,0.003738372982197389
29.5,-2.5,8353,0.0036095439713421354,0.004339102602642078,0.0038800764899536203,0.0038523897424560544
30.5,-2.5,8354,0.0034301070383496975,0.004203165432718312,0.003781604270305623,0.0033363451793125385
31.5,-2.5,8355,0.002724797019814295,0.003566258508658697,0.002576795997644761,0.0030386525234253193
32.5,-2.5,8356,0.0025609835613691957,0.003652581310927302,0.002406973207779435,0.0028364629964488333
33.5,-2.5,8357,0.002555840690362217,0.0036256119604636994,0.002382128163024187,0.0027890141418964744
34.5,-2.5,8358,0.002540788788553945,0.003629119864329182,0.0023660270591929823,0.003065009491967764
35.5,-2.5,8359,0.0025673393103953493,0.003412289750271887,0.0023660270591929823,0.0029906223367827645
36.5,-2.5,8360,0.00258699507871476,0.003379180831623763,0.0023401393931523928,0.0029536192167093018
37.5,-2.5,8361,0.002627830728095896,0.0034236281194477865,0.0022834673544090763,0.002969645798251375
38.5,-2.5,8362,0.002723987067256483,0.0035437839875360317,0.002189849082661162,0.0030782710697698896
39.5,-2.5,8363,0.0027361656402086283,0.003833237547661192,0.002769153354293998,0.0030782710697698896
40.5,-2.5,8364,0.0030771950789715056,0.0033967942965318454,0.0026182885834208536,0.002937785152655604
41.5,-2.5,8365,0.002595933992148648,0.0035752428989233778,0.0025212827454702165,0.002336396428814087
42.5,-2.5,8366,0.00300858062357524,0.0035752428989233778,0.0025212827454702165,0.0025056063693426494
43.5,-2.5,8367,0.0025959339921486483,0.0033101861967146824,0.0024770624881782174,0.002641221392086512
44.5,-2.5,8368,0.003104179664860598,0.003432458072984982,0.002250720159251376,0.002639839345519594
45.5,-2.5,8369,0.003092819160462423,0.0034268963077598654,0.0024141200870452556,0.0026050160294386576
46.5,-2.5,8370,0.002995543548926414,0.0034846161790869656,0.001757379330815086,0.0023497066566668377
47.5,-2.5,8371,0.0032135049260837577,0.0030167201258401977,0.0017452930353238161,0.002180073528458688
48.5,-2.5,8372,0.003140535883253486,0.0031102028079279917,0.003069968552309471,0.0022197515427683375
49.5,-2.5,8373,0.0029018917677197846,0.003157012368982275,0.0016388276526110954,0.002212240875071337
50.5,-2.5,8374,0.002917166189370824,0.0028998254149208177,NA,0.0022046038298287204
51.5,-2.5,8375,0.002877324872171853,0.002910874866342606,NA,0.0022144803724983395
52.5,-2.5,8376,0.002603249267288367,0.0034092051060053605,NA,0.002239121453577655
53.5,-2.5,8377,0.0027895996357453065,0.002769986271214224,NA,0.0023514703295974978
54.5,-2.5,8378,0.003463707503501195,0.0027879091524164817,NA,0.002366691677695379
55.5,-2.5,8379,0.0034593792606500014,0.0030249191071585685,NA,0.0023840634305151353
56.5,-2.5,8380,0.003425130386001463,0.0030019102686726275,NA,0.002357094786494369
57.5,-2.5,8381,0.003401613294147791,0.0027654694474021926,NA,0.0023408936475988493
58.5,-2.5,8382,0.0051414553566134545,0.0030003908444302756,NA,0.0023408936475988493
59.5,-2.5,8383,0.005318608029167809,0.0027654694474021926,NA,0.0023696159898919126
60.5,-2.5,8384,0.004349235443272438,0.0030463006685551093,NA,0.0027022027526676646
61.5,-2.5,8385,0.004322755111673935,0.0029441234230592516,NA,0.0023627170239227955
62.5,-2.5,8386,0.0045209185334888465,0.00446894358479474,NA,0.0023696159898919126
63.5,-2.5,8387,0.004106798617930686,0.0036646338035093108,NA,0.002418781298571128
64.5,-2.5,8388,0.004765344179871361,0.003686848056898136,NA,0.0033357567280221483
65.5,-2.5,8389,0.004798993799249967,0.003682695405423495,NA,0.0029339581497433947
66.5,-2.5,8390,0.0047850557999752075,0.003671987574601046,NA,0.0029254209603021596
67.5,-2.5,8391,0.004412656628952783,0.0033002934965038213,NA,0.002698600925355439
68.5,-2.5,8392,0.005541659908027065,0.003180359940025954,NA,0.0026886959463273408
69.5,-2.5,8393,0.005176749867656083,0.003161985789109426,NA,0.0026731547081967405
70.5,-2.5,8394,0.005631308393773688,0.003034738472613619,NA,0.002591957104448518
71.5,-2.5,8395,0.005160026218633334,0.00443806513348981,NA,0.0025460921478334597
72.5,-2.5,8396,0.005095039471023876,0.0033147519184317147,NA,0.002503099738799952
73.5,-2.5,8397,0.004930102423889354,0.0029873408587322388,NA,0.0024684325081169183
74.5,-2.5,8398,0.004769528074450117,0.0029873408587322388,NA,0.0024684325081169183
75.5,-2.5,8399,0.004960728136729202,0.0029873408587322388,NA,0.0024413806319117603
76.5,-2.5,8400,0.005229949274050927,0.0029491508263619335,NA,0.002426573273718768
77.5,-2.5,8401,0.005026317831225337,0.0027081756458620446,NA,0.002426573273718768
78.5,-2.5,8402,0.003489604283755936,0.0026931458991106454,NA,0.0026559729121669747
79.5,-2.5,8403,0.0045706144367950235,0.002784163485101557,NA,0.0027561788125698497
80.5,-2.5,8404,0.0040745177527890435,NA,NA,0.0027494820455321377
81.5,-2.5,8405,0.004673406409447785,NA,NA,0.002806447779505564
82.5,-2.5,8406,0.005042529098939382,NA,NA,0.003340864232278747
83.5,-2.5,8407,0.004241188244127953,NA,NA,0.0032876315317715613
84.5,-2.5,8408,0.0037048072865111226,NA,NA,0.004798335296190515
85.5,-2.5,8409,0.003742794757876253,NA,NA,0.0037705203321327413
86.5,-2.5,8410,0.003683810326134426,NA,NA,0.002554425099273492
87.5,-2.5,8411,0.004342826398392696,NA,NA,0.0021445031244350992
88.5,-2.5,8412,0.003921579403395895,NA,NA,0.002133622307102161
89.5,-2.5,8413,0.003777927291055999,NA,NA,0.0030171783757893095
-137.5,-1.5,8423,0.006554402401405502,NA,0.007856046730993146,0.005866861424153751
-136.5,-1.5,8424,0.0027225644495788123,NA,0.003063594576550744,0.004465798999442948
-135.5,-1.5,8425,0.002548648660440584,NA,0.0037357551191953505,0.004822957824417617
-134.5,-1.5,8426,0.0027630431962288792,NA,0.0036622674499018214,0.006334517915973922
-133.5,-1.5,8427,0.002859895470197668,NA,0.0036901715239480532,0.004403849284111593
-132.5,-1.5,8428,0.0045305118973225965,NA,0.004593499955497607,0.00639114993766744
-131.5,-1.5,8429,0.004303261020780194,NA,0.0048307900824028135,0.00698245274424792
-130.5,-1.5,8430,0.004843798329281997,NA,0.003377407053219712,0.006476327861073507
-129.5,-1.5,8431,0.008302677204384452,0.008362375869915567,0.004550851304062794,0.008723938141304658
-128.5,-1.5,8432,0.009325838076594897,0.009035706111435667,0.0033239882221862012,0.00788973026442332
-127.5,-1.5,8433,0.008370270036392317,0.012114183954040797,0.002935053928441263,0.00830403081273445
-126.5,-1.5,8434,0.007777259385839876,0.01651177484858578,0.0028186852555435195,0.008112470096950746
-125.5,-1.5,8435,0.007865557206311281,0.01693766903373955,0.004439256897794323,0.007406437474533561
-124.5,-1.5,8436,0.008075944955319448,0.02322979451989863,0.004216920012976271,0.007654192830678934
-123.5,-1.5,8437,0.010080193331634837,0.03389100800256777,0.004773331751608295,0.007984260991690901
-122.5,-1.5,8438,0.012570723310002491,0.021962749154258027,0.004494612896734505,0.008465776354034905
-121.5,-1.5,8439,0.011181340022631117,0.02202453892397827,0.004711299996778166,0.010200439545159493
-120.5,-1.5,8440,0.007906099102907953,0.021955500370410053,0.0063095210235764474,0.009173118847873774
-119.5,-1.5,8441,0.0076867108206719725,0.0254619278649409,NA,0.009171324066929202
-118.5,-1.5,8442,0.010264985817730566,0.029111536617168428,NA,0.01622010905471544
-117.5,-1.5,8443,0.008942027991713425,0.02438932161145642,NA,0.006599093264682216
-116.5,-1.5,8444,0.00941383181752597,0.025583811090731327,NA,0.007004693623744579
-115.5,-1.5,8445,0.009292332090277447,0.024310742615661435,NA,0.007154853927338882
-114.5,-1.5,8446,0.008464272646496875,0.02437410898933243,NA,0.00502197029195013
-113.5,-1.5,8447,0.010911076104521784,0.026511420313186356,NA,0.006353243351051687
-112.5,-1.5,8448,0.011866824070253572,0.030182596291479413,NA,0.004225801300045134
-111.5,-1.5,8449,0.011522824101181349,0.031181753962193567,NA,0.0038460252232263366
-110.5,-1.5,8450,0.011976929633651275,0.03246843522588524,NA,0.004451425396340357
-109.5,-1.5,8451,0.015647646752071313,0.03670622889662462,0.005566481961058613,0.005292882336918033
-108.5,-1.5,8452,0.021566862476868492,0.038703542227585604,0.008420370284478281,0.005993304221869479
-107.5,-1.5,8453,0.01803234109781608,0.03283003233690583,0.0076265928137635745,0.0063185189874522315
-106.5,-1.5,8454,0.0218248359768218,0.02727057789932865,0.005745568113201887,0.005896784763131785
-105.5,-1.5,8455,0.019288216956383514,0.030503054316045424,0.004177276267075108,0.007397362263053288
-104.5,-1.5,8456,0.020863300921037345,0.01787965056849403,0.006119003019734239,0.0068950948256710064
-103.5,-1.5,8457,0.024336213884636606,0.01670160330277275,0.007085450917070956,0.00831844197104502
-102.5,-1.5,8458,0.026753607498936433,0.024891532549729513,0.0035274889780946765,0.008240521752494935
-101.5,-1.5,8459,0.02540028774408324,0.028847906798943203,0.0044891492440794125,0.009111071763561514
-100.5,-1.5,8460,0.02281638220865023,0.02056874767047345,0.004210186410603827,0.009265626016226259
-99.5,-1.5,8461,0.02024104833400706,0.015640066528731008,0.003405894452145032,0.006593663421860189
-98.5,-1.5,8462,0.019466773056881968,0.01510368394710546,0.003599083710742825,0.006404584111033257
-97.5,-1.5,8463,0.014683559438553328,0.014928555657795646,0.005559175027161706,0.0061585298619349525
-96.5,-1.5,8464,0.016741423217471428,0.01570214268834713,0.0057222678822288035,0.005610584607874379
-95.5,-1.5,8465,0.012514446364884371,0.015081180821119729,0.0047229497111803504,0.005610584607874379
-94.5,-1.5,8466,0.008542591508849494,0.014964081075123948,0.0031977553406186514,0.005331414780925925
-93.5,-1.5,8467,0.007353813621516022,0.014625382520628004,0.003092185749664341,0.005320032887958267
-92.5,-1.5,8468,0.006223566065371277,0.012485644472025877,0.002279267258673894,0.004120647922959228
-91.5,-1.5,8469,0.005627321218999788,0.00876490401556467,0.002204672478925998,0.003127969018292276
-90.5,-1.5,8470,0.004234641741842987,0.007439166487014563,0.0022867183773491394,0.0026122235366392126
-89.5,-1.5,8471,0.004718488745139175,0.008001770310685503,0.003054816283425634,0.00410053213227773
-88.5,-1.5,8472,0.0053010863646812244,0.006005432810981116,0.003522182133346524,0.005051896850623859
-87.5,-1.5,8473,0.005422816569163642,0.005864104951673736,0.0036623581588168257,0.006330960820469307
-86.5,-1.5,8474,0.0055327423393488895,0.0060684432092574835,0.0036904927283475017,0.007449582537960094
-85.5,-1.5,8475,0.005553055920983036,0.006151128097697752,0.002247472129207588,0.006024167511707332
-84.5,-1.5,8476,0.0061627466728759565,0.007394268057758524,0.0029045839507835505,0.00937707123688075
-83.5,-1.5,8477,0.008402276227288999,0.007191126168777632,0.0029453466930301963,0.014734970416057406
-82.5,-1.5,8478,0.010246079010223686,0.008795194637898594,0.004951856451417005,0.016604856161449313
-81.5,-1.5,8479,0.003091615649830902,0.002545073718876011,0.0013938805900715987,0.004069783929444525
-80.5,-1.5,8480,0.005545505202008297,0.003369871702885865,0.0016873237855587644,0.004269034007508846
-79.5,-1.5,8481,0.002844458801406073,0.0028894877950889765,0.001081522240106069,0.002187764209449355
-75.5,-1.5,8482,0.004149235429361069,9.763908452960574e-4,0.00361800617942113,0.002733889643551203
-74.5,-1.5,8483,0.009493982080576968,0.0011843790110813103,0.0055845227495802075,0.004078008782989629
-73.5,-1.5,8484,0.005725849901591147,0.001547286342246356,0.0034194334815612665,0.003891426279691165
-72.5,-1.5,8485,0.0033292795292496824,0.002141236012765531,0.0034492709684628533,0.0028347108403599082
-71.5,-1.5,8486,0.0030602099574961786,0.002405707542232665,0.0026381131096121246,0.0024588106859730935
-70.5,-1.5,8487,0.0018931124664766268,0.0023123754261897534,0.0029949137307253198,0.0029243422967773175
-62.5,-1.5,8488,0.018485076443817992,0.013050077183619804,0.02020333420790386,0.02078879230205454
-61.5,-1.5,8489,0.007938747814422421,0.005295085794279126,0.004779576135187879,0.006645192976583373
-57.5,-1.5,8490,0.003158004464516254,0.003353865786899399,0.0020155818076558574,0.002896962188775546
-56.5,-1.5,8491,0.004341923972151166,0.005044913238773528,0.004141073318127888,0.01036328231676894
-55.5,-1.5,8492,0.006670737326449635,0.004240373215900335,0.0074043335487900845,0.01182983849968508
-54.5,-1.5,8493,0.007535223472195878,0.006913595351239323,0.01022080324392983,0.014027783932521474
-53.5,-1.5,8494,0.013344897368460607,0.00855871335131818,0.010229313535802245,0.020877450707144942
-51.5,-1.5,8495,0.0046987491156719905,0.00362234557031626,0.011823032025941763,0.0066743065889172054
-50.5,-1.5,8496,0.004985680231787553,0.005302654712095293,0.0074350692787952775,0.006426801189202739
-49.5,-1.5,8497,0.00393075104789422,NA,NA,0.004388611527356751
-48.5,-1.5,8498,0.0047958206553276326,NA,NA,0.007077882771953294
-45.5,-1.5,8499,0.0053539206248661994,NA,NA,0.0029678243773198706
-44.5,-1.5,8500,0.004582861258956964,NA,NA,0.0028774235990598803
-43.5,-1.5,8501,0.007607698616256293,NA,NA,0.005153211355473297
-42.5,-1.5,8502,0.00275652644337278,NA,NA,0.0018666640919936135
-41.5,-1.5,8503,0.0023116811616294506,NA,NA,0.0023870398342659906
-40.5,-1.5,8504,0.00593248523431963,NA,NA,0.0032719105653732992
-39.5,-1.5,8505,0.005930955219292745,0.006257763622921528,0.004512894077168434,0.004432792041702143
-38.5,-1.5,8506,0.0074775490164427725,0.008320792618926934,0.0052297704226488585,0.0060337038716850415
-37.5,-1.5,8507,0.006499006695625594,0.006239364152191587,0.007828559470109025,0.006499271712926055
-36.5,-1.5,8508,0.004331432627327695,0.0039881083800712,0.0038079851716385266,0.0035678868015796526
-35.5,-1.5,8509,0.005826382800834545,0.004067922413554928,0.004794361339139451,0.0035423543771728747
-34.5,-1.5,8510,0.005942430229422771,0.004083037328565208,0.005013978893671201,0.0043519245497154625
-33.5,-1.5,8511,0.004616133773984766,0.005019743138504682,0.006189108415117357,0.006926993706137356
-32.5,-1.5,8512,0.004094152047487814,0.004303875182058276,0.005187271033096476,0.005751659390285288
-31.5,-1.5,8513,0.004461401090080144,0.005055153268127921,0.007688646242706139,0.0066107838717916565
-30.5,-1.5,8514,0.004320509324699297,0.006446612229943619,0.006254545805633522,0.006870033355568767
-29.5,-1.5,8515,0.006929298208871503,0.009631763417873973,0.01032163585606711,0.007930505052403048
-28.5,-1.5,8516,0.007811423142429858,0.01096645979263976,0.008323742412824364,0.009032129659453292
-27.5,-1.5,8517,0.008234439484792988,0.016371690797860924,0.0064712258090549955,0.012297691456516779
-26.5,-1.5,8518,0.00745051944707565,0.013820409818754875,0.005219472252066795,0.013635287623776565
-25.5,-1.5,8519,0.007724868544620464,0.019980328314496178,0.00675469666261752,0.009291406550347065
-24.5,-1.5,8520,0.005191507803729088,0.011906497158634172,0.0034345826705413475,0.0063332677674565055
-23.5,-1.5,8521,0.006143678080307482,0.008645676736266929,0.0026226956671957192,0.006418197110514669
-22.5,-1.5,8522,0.00709734411490717,0.0077354086455695865,0.0025896663799383724,0.005701438274475178
-21.5,-1.5,8523,0.00793429103156822,0.005619576612796889,0.0025469039103610145,0.005624424261787819
-20.5,-1.5,8524,0.009408191374240142,0.0060108696532975995,0.00281486869406823,0.004588232100842738
-19.5,-1.5,8525,0.011338087127350124,0.006030836493353517,0.0029564555326859064,0.0041135637202008215
-18.5,-1.5,8526,0.005548023115098689,0.005344827432827413,0.0030011255430795534,0.004170862056121954
-17.5,-1.5,8527,0.005224332718084813,0.005843203920476876,0.003264992949763138,0.004410428916011789
-16.5,-1.5,8528,0.004605598036719292,0.004632824247035261,0.003564248771799831,0.004671945976298279
-15.5,-1.5,8529,0.0052141690834561875,0.005621565806430837,0.004707281736291772,0.0050894546287568575
-14.5,-1.5,8530,0.0058910528549561084,0.005981270220994587,0.00494769448110133,0.00514454553147285
-13.5,-1.5,8531,0.004003650276794408,0.006193830680476361,0.003734223188284796,0.006159798454824527
-12.5,-1.5,8532,0.004485272877227985,0.005688658727333903,0.0039258258656945265,0.00634994410402999
-11.5,-1.5,8533,0.00451367908457586,0.005694257151922523,0.005357754214958068,0.007164483858505937
-10.5,-1.5,8534,0.004938775945494365,0.006278233510738237,0.0058097945400641445,0.007834729271781376
-9.5,-1.5,8535,0.004592000666564343,0.006286596822906633,0.003986208850780655,NA
-8.5,-1.5,8536,0.0041447630955653274,0.0049801934906294355,0.004741957164628698,NA
-7.5,-1.5,8537,0.0045887893323206,0.005445065903695701,0.005653122394958507,NA
-6.5,-1.5,8538,0.00470418927841856,0.005522343632895387,0.005849046639085731,NA
-5.5,-1.5,8539,0.004521422868266044,0.005276439229664338,0.005792094572967798,NA
-4.5,-1.5,8540,0.004858711504678136,0.0058461691279946305,0.007053220256832061,NA
-3.5,-1.5,8541,0.0060448286454861284,0.007344372056579503,0.005469268846925824,NA
-2.5,-1.5,8542,0.00370428637778742,0.005397814585402466,0.00407767657491689,NA
-1.5,-1.5,8543,0.003604987372302777,0.005296423096158485,0.003010623493494181,NA
-0.5,-1.5,8544,0.003557837636069931,0.005659502572665479,0.002983890803917524,NA
0.5,-1.5,8545,0.004077892135185206,0.005851464270225935,0.0029929481547837735,0.005792801288394988
1.5,-1.5,8546,0.0034959642099890676,0.005851464270225935,0.003966954060728734,0.00577449526390646
2.5,-1.5,8547,0.003537238258249792,0.00638006735702977,0.0030283015428157626,0.005122914647344142
3.5,-1.5,8548,0.00411042953772697,0.005880534780009284,0.0040244524017195825,0.005122914647344142
4.5,-1.5,8549,0.0041294625028404095,0.006025660222633447,0.0030836006388143596,0.005817554496001257
5.5,-1.5,8550,0.004204931619600812,0.006235238118846991,0.003058034457196766,0.00512909574893673
6.5,-1.5,8551,0.003949580112579494,0.006125630762334954,0.004082886324350302,0.0051667033333631564
7.5,-1.5,8552,0.003953519320879412,0.0043622680180801275,0.003075383200460398,0.0058317497132180105
8.5,-1.5,8553,0.004053920322621706,0.004161196001674804,0.004190733407747936,0.005869903841419688
9.5,-1.5,8554,0.003438061481210126,0.004408289786498846,0.0030801094664953572,0.006507572746927727
20.5,-1.5,8565,0.003604790185068714,0.004744935175389059,0.0031359606620701254,0.0046351288817826405
21.5,-1.5,8566,0.0035369587434506103,0.004636987343777222,0.0030040657148708463,0.004547998022178419
22.5,-1.5,8567,0.0034266355701344647,0.004230812549126601,0.0029689944212738855,0.004596149517687694
23.5,-1.5,8568,0.003834151006865979,0.0044188539828519105,0.0028625274122642493,0.0037678321947127616
24.5,-1.5,8569,0.0032489393612634095,0.004390906107595401,0.0028329111166952893,0.0037178947903338862
25.5,-1.5,8570,0.003335569967792316,0.004390568930378806,0.002881047340500663,0.004214431764320837
26.5,-1.5,8571,0.0033461702517941583,0.004357656731915749,0.003790134149554818,0.0037518611184451794
27.5,-1.5,8572,0.003947273106468783,0.004472002236424816,0.002930414961515024,0.0038503719377845323
28.5,-1.5,8573,0.003310850026737262,0.004472002236424816,0.0038841497462721807,0.004169286788861551
29.5,-1.5,8574,0.003661725806054629,0.004463957894463376,0.002925135514746508,0.0036407160148998175
30.5,-1.5,8575,0.0030485569110563996,0.006250545979962337,0.0028384839168429598,0.0032523511572910458
31.5,-1.5,8576,0.0026440216446670345,0.004960695966538181,0.0032339473699314904,0.0027725596724675937
32.5,-1.5,8577,0.002627021349122199,0.005223985679556872,0.002496665794145653,0.00300469545122232
33.5,-1.5,8578,0.0029908383742439414,0.00514951276518147,0.003098547389556612,0.0028865449868427846
34.5,-1.5,8579,0.00257024037300252,0.005308334357294993,0.0023117216617817744,0.002871858943765607
35.5,-1.5,8580,0.0025334196213182285,0.004649655239782105,0.002239318036437863,0.0028794576426114066
36.5,-1.5,8581,0.0030747579272238064,0.004401017305160684,0.0023163433681208704,0.002714699967664061
37.5,-1.5,8582,0.002567488406869757,0.004207135356511325,0.0029307126673042763,0.0029101157691177244
38.5,-1.5,8583,0.0025674884068697564,0.004207135356511325,0.0029027702790280726,0.0023829064861154202
39.5,-1.5,8584,0.002567488406869757,0.0041747135191050186,0.0028373350277977613,0.0023829064861154202
40.5,-1.5,8585,0.002982496228198911,0.0044855012448497605,0.0025455827317251473,0.0024185509096713966
41.5,-1.5,8586,0.0029582074981303105,0.004139297133837068,0.0024465631039789306,0.0027290885602175834
42.5,-1.5,8587,0.0029496237617557303,0.004435193861146981,0.002382395651948706,0.002730789257529914
43.5,-1.5,8588,0.0029378877700586927,0.0042334718710900195,0.0023180304309640444,0.0026493873412508626
44.5,-1.5,8589,0.0028572981227678405,0.004105161151576158,0.0023357819391314257,0.0026456390028036956
45.5,-1.5,8590,0.0029893543642661403,0.0039960209388530035,0.0022449401628489777,0.002354083305700509
46.5,-1.5,8591,0.0029588860144689976,0.003791229644892833,0.0016864612551314056,0.002354083305700509
47.5,-1.5,8592,0.0026388358432982363,0.0035545404019318326,0.0016748970161814616,0.0025545991836238516
48.5,-1.5,8593,0.004373931086442407,0.0035715950221047446,0.0022256643116443245,0.0023521802030833008
49.5,-1.5,8594,0.004057243874965346,0.004519276222904241,0.002248946543325971,0.0024415817299266534
50.5,-1.5,8595,0.005398786526066912,0.004544575597425045,NA,0.0024960215504041114
51.5,-1.5,8596,0.005238415827584158,0.004497634982637193,NA,0.002470187805928495
52.5,-1.5,8597,0.0052764065551394335,0.004546534296648051,NA,0.0025178544301956395
53.5,-1.5,8598,0.0041802864152560015,0.0045446121647764745,NA,0.0025843950621361753
54.5,-1.5,8599,0.004729357589263016,0.004528473474534241,NA,0.002432514040896816
55.5,-1.5,8600,0.004145336229150035,0.004537526766979169,NA,0.0029999971348761293
56.5,-1.5,8601,0.003995416987992555,0.004485941848462284,NA,0.00299742714355224
57.5,-1.5,8602,0.003927189462898878,0.00440350150078064,NA,0.002966419299819966
58.5,-1.5,8603,0.003927189462898878,0.00440350150078064,NA,0.002966419299819966
59.5,-1.5,8604,0.003927189462898878,0.004252244931198731,NA,0.002966419299819966
60.5,-1.5,8605,0.0037363279835266666,0.004279397295124823,NA,0.0031903132812728164
61.5,-1.5,8606,0.004610043110828153,0.00410566332413106,NA,0.003287520416921317
62.5,-1.5,8607,0.004118944531588212,0.0041242010360682275,NA,0.002893359616998871
63.5,-1.5,8608,0.004699645147317605,0.0041242010360682275,NA,0.0028608619587362914
64.5,-1.5,8609,0.004303558032546086,0.003920822948412951,NA,0.0027196131961181322
65.5,-1.5,8610,0.005073845431546385,0.004136222085633536,NA,0.0032554658226578276
66.5,-1.5,8611,0.004902904998861064,0.0041242010360682275,NA,0.0028608619587362914
67.5,-1.5,8612,0.004271622807198616,0.003861921447693361,NA,0.003005417395828376
68.5,-1.5,8613,0.0033880923518162668,0.00415935293153157,NA,0.002746749135379905
69.5,-1.5,8614,0.0035029264628822034,0.004352238183657926,NA,0.0029793517061572268
70.5,-1.5,8615,0.0034099663477180466,0.004008516725470224,NA,0.0028544108110810026
71.5,-1.5,8616,0.0033629131764490333,0.004351783464053372,NA,0.002873321252412052
72.5,-1.5,8617,0.003284094234878015,0.003939960692465126,NA,0.0028248190170786307
73.5,-1.5,8618,0.003284094234878015,0.003925564421703621,NA,0.0028144858628297662
74.5,-1.5,8619,0.0032790398325310923,0.0038712729116715267,NA,0.0027755180212612513
75.5,-1.5,8620,0.0032790398325310923,0.0038712729116715267,NA,0.0028870144153238567
76.5,-1.5,8621,0.003259168538149986,0.003861238531400119,NA,0.0028679814674609956
77.5,-1.5,8622,0.003259168538149986,0.0038617900733921386,NA,0.002996884107835651
78.5,-1.5,8623,0.002841413199422609,0.004021856446966628,NA,0.0022647155933598747
79.5,-1.5,8624,0.0032874208114485005,0.0040197137678618065,NA,0.0020107291350177164
80.5,-1.5,8625,0.0033533232927768298,NA,NA,0.001993478534229286
81.5,-1.5,8626,0.002862056875996862,NA,NA,0.001884888464716278
82.5,-1.5,8627,0.0037456779920897938,NA,NA,0.0021544064306425904
83.5,-1.5,8628,0.004101323010236204,NA,NA,0.002883592241774946
84.5,-1.5,8629,0.004155062225927794,NA,NA,0.0028887969261772225
85.5,-1.5,8630,0.004159523352170966,NA,NA,0.0021391327588987197
86.5,-1.5,8631,0.003664233396214844,NA,NA,0.0025534067002837596
87.5,-1.5,8632,0.004300671434503796,NA,NA,0.002697660407782437
88.5,-1.5,8633,0.004250865338150407,NA,NA,0.0019206721337952264
89.5,-1.5,8634,0.0024570970316475076,NA,NA,0.0013036311316306619
-137.5,-0.5,8644,0.003569793265878076,NA,0.0066710180887834996,0.00332270058285636
-136.5,-0.5,8645,0.004454099074084217,NA,0.006240248354593152,0.005859551931608056
-135.5,-0.5,8646,0.002938724282639663,NA,0.003242803187644125,0.004324472591505535
-134.5,-0.5,8647,0.002692865025888933,NA,0.0035413824359726283,0.004463491571212649
-133.5,-0.5,8648,0.003080980458825774,NA,0.0035428905001344342,0.005066087513380372
-132.5,-0.5,8649,0.0029049060554034254,NA,0.0036245053181762337,0.005207829337228952
-131.5,-0.5,8650,0.0029644159453775173,NA,0.0057075552226952195,0.007574107529515297
-130.5,-0.5,8651,0.00340882543814837,NA,0.004675790650992217,0.008235695702793379
-129.5,-0.5,8652,0.0036407992336713077,0.008274021684327478,0.0046975465588293555,0.007511164676976773
-128.5,-0.5,8653,0.004271004862928581,0.009395946160996978,0.002925921897015131,0.011830436523513533
-127.5,-0.5,8654,0.004421100290063483,0.011149066781085773,0.0029153257119832474,0.007972380070847317
-126.5,-0.5,8655,0.004152952205871297,0.011877697517815318,0.003467028726582844,0.008178876065862943
-125.5,-0.5,8656,0.004461500864992553,0.01282304784416541,0.0035780184681926683,0.00807797938798583
-124.5,-0.5,8657,0.00445431919244364,0.013213347959535658,0.00480420879120346,0.007730100414052712
-123.5,-0.5,8658,0.004932714491719981,0.015045208112729339,0.005133541868411464,0.008312346719107046
-122.5,-0.5,8659,0.0048072048827579855,0.017251502211036662,0.005148894979615953,0.007497740414281082
-121.5,-0.5,8660,0.004791866983609346,0.01383173176541188,0.008758850592930275,0.007497740414281082
-120.5,-0.5,8661,0.004692402770112553,0.024422097752279385,0.011981102957364152,0.0057920499028190145
-119.5,-0.5,8662,0.004565503872876849,0.026037898931818147,NA,0.006395503175792657
-118.5,-0.5,8663,0.004493152860097545,0.022784051943297214,NA,0.006836392703901566
-117.5,-0.5,8664,0.0037462899300292354,0.022895501732192094,NA,0.006750502005658123
-116.5,-0.5,8665,0.0045085620355996975,0.029009826644106874,NA,0.007372718485828982
-115.5,-0.5,8666,0.00469106712838295,0.02761450920855244,NA,0.007794573274185437
-114.5,-0.5,8667,0.004394821715361438,0.020636533617238162,NA,0.004060154641344678
-113.5,-0.5,8668,0.005648602788640918,0.026874527398241557,NA,0.004513253125404209
-112.5,-0.5,8669,0.005402295330772142,0.017324761822418405,NA,0.004127159821809604
-111.5,-0.5,8670,0.0058206234954880885,0.01684777463848822,NA,0.0034609374370602563
-110.5,-0.5,8671,0.006906886614492867,0.017514374006477807,NA,0.003263657721008507
-109.5,-0.5,8672,0.0076034976596166684,0.018155450710336415,0.006137597860288256,0.0034406233764110025
-108.5,-0.5,8673,0.007931423797792743,0.018790966924462454,0.006000623998261844,0.0037651690817666218
-107.5,-0.5,8674,0.0065149773461088455,0.017167551644612367,0.005281363957623374,0.003948267706714324
-106.5,-0.5,8675,0.005620313935235784,0.014913039297820967,0.003848060784026683,0.0027109753839089424
-105.5,-0.5,8676,0.008135864592046039,0.017959752266056932,0.004078486183837148,0.0036058074539635047
-104.5,-0.5,8677,0.010135848006486516,0.02102507849024587,0.0045314896344221525,0.004558522119059011
-103.5,-0.5,8678,0.009053003473997356,0.021411510618732088,0.003504292339543083,0.004678761155297625
-102.5,-0.5,8679,0.010249345630011522,0.01893297774882045,0.0046114759830873,0.0035769357003582443
-101.5,-0.5,8680,0.010543147494683226,0.019570206257935978,0.00440187303936552,0.0032959691244216307
-100.5,-0.5,8681,0.01155345052227374,0.015797776954762918,0.003682741641970828,0.003460776313028114
-99.5,-0.5,8682,0.007219950827249647,0.012718306542923533,0.002227295519817158,0.003288873879186988
-98.5,-0.5,8683,0.007440262366115983,0.014236945245956563,0.002937411057218774,0.0032796445006369216
-97.5,-0.5,8684,0.006493052802039506,0.01301758346431277,0.0028461735506452247,0.0032868177942476672
-96.5,-0.5,8685,0.008384647822444784,0.012689695390686111,0.004472035311846151,0.003286817794247667
-95.5,-0.5,8686,0.007196706737146871,0.011984410643653562,0.0034682995912603803,0.0032625402670817165
-94.5,-0.5,8687,0.007273594221520577,0.011729593353997283,0.0028667479769707038,0.0032625402670817165
-93.5,-0.5,8688,0.006121773406722218,0.015653879188899687,0.0019241887967108167,0.0049594232422010736
-92.5,-0.5,8689,0.005541735474513222,0.012950599563255585,0.002690243381586853,0.004005112675359124
-91.5,-0.5,8690,0.004727835804180698,0.010497878845685475,0.0025450621814173784,0.003226767766130052
-90.5,-0.5,8691,0.0030419524207559224,0.00556643478646277,0.003559767341464973,0.002652895730605589
-89.5,-0.5,8692,0.005767874640704064,0.005096429760299241,0.002622109562911776,0.003358090285601468
-88.5,-0.5,8693,0.005559253174392573,0.005554264242251584,0.0028998726820784974,0.004264492133255119
-87.5,-0.5,8694,0.006172144129424353,0.005554264242251584,0.0031372509629392998,0.006267678858579991
-86.5,-0.5,8695,0.006467182939760047,0.005491156461964005,0.0033945909708652812,0.005653989627536075
-85.5,-0.5,8696,0.006453300164070977,0.005469040959643131,0.0034236494863318615,0.006117388678795288
-84.5,-0.5,8697,0.006445521604640308,0.007266719391022615,0.004393694741384314,0.016194787354009303
-83.5,-0.5,8698,0.00953295963337982,0.007684000098469413,0.004943506470317662,0.01619470957008629
-82.5,-0.5,8699,0.004509725733813326,0.003950215063547243,0.002139368370980387,0.0071761365048573006
-81.5,-0.5,8700,0.0031074354704838008,0.002198529636012307,0.0010280141053203612,0.0021031388012368968
-80.5,-0.5,8701,0.0023380543550552356,0.0020008922578729467,0.0011739037241308668,0.002391612264047534
-76.5,-0.5,8702,0.008238419476372437,0.0021397235856722243,0.003409513797124702,0.0035997782936574288
-74.5,-0.5,8703,0.0036214951122522207,0.0021340771148199243,0.0029937411676187924,0.004689661589965472
-73.5,-0.5,8704,0.0032964702321871364,0.0013690799759328697,0.0032934793135518184,0.0026429507825296693
-72.5,-0.5,8705,0.003169735231442094,0.0021737854353991704,0.0022167550327693497,0.00211484572199741
-71.5,-0.5,8706,0.002681756585913475,0.0017255679268203454,0.0017928008018716132,0.0018766279160347368
-61.5,-0.5,8707,0.008144453272700122,0.011954910601734398,0.009783212170371234,0.006956372863641169
-60.5,-0.5,8708,0.008904145068784137,0.003670242617920817,0.0019961119430919982,0.0029193293209274916
-56.5,-0.5,8709,0.004470032405957214,0.0029487019254418718,0.0033617700149244922,0.0048962039377412414
-55.5,-0.5,8710,0.0068629882008867755,0.007116743565375654,0.004570017035214445,0.010572766175855444
-54.5,-0.5,8711,0.007256443609029605,0.011449867248988551,0.0034419863894669246,0.005916606558021558
-53.5,-0.5,8712,0.004710357547343242,0.008635604361543831,0.003697319980770785,0.005565785382874458
-46.5,-0.5,8713,0.004385274404271386,NA,NA,0.006681208216941353
-45.5,-0.5,8714,0.007287141220305543,NA,NA,0.006732864454756056
-44.5,-0.5,8715,0.0032721594488894176,NA,NA,0.0034939436971160387
-43.5,-0.5,8716,0.004564966670494148,NA,NA,0.004426367297232087
-42.5,-0.5,8717,0.005775475170248791,NA,NA,0.004872950268550261
-41.5,-0.5,8718,0.006350858329014655,NA,NA,0.005304806593594188
-40.5,-0.5,8719,0.005513534969671702,NA,NA,0.004427834332099935
-39.5,-0.5,8720,0.005563232891001029,0.004887388079389665,0.007050656799733563,0.00643946704923756
-38.5,-0.5,8721,0.0067093530283604316,0.006173531408801651,0.007241976957068937,0.009786921915980573
-37.5,-0.5,8722,0.011105720433377151,0.006459670928058542,0.008021957189534551,0.007015538940991813
-36.5,-0.5,8723,0.00723328479245097,0.005874343525378109,0.008515165418403995,0.012321830079267092
-35.5,-0.5,8724,0.006368579509855141,0.005994943201074811,0.006659133108721656,0.008533258739074455
-34.5,-0.5,8725,0.007543930357704969,0.009273259545966047,0.006624613821304616,0.01082150520707445
-33.5,-0.5,8726,0.0057469830559166366,0.007105763740394529,0.006433742832925581,0.007984755419626672
-32.5,-0.5,8727,0.0061302954404383525,0.006922050277993562,0.006173712469331324,0.009875427412017168
-31.5,-0.5,8728,0.007125639518855154,0.010763440557525773,0.006423554371006957,0.008332604187081273
-30.5,-0.5,8729,0.009628295783964604,0.01253607900223779,0.011621537222186692,0.011268811276937235
-29.5,-0.5,8730,0.005086623466608674,0.01441528114729032,0.009355433746106583,0.010968808588524826
-28.5,-0.5,8731,0.005275249552606473,0.015978271664075904,0.009403554277611133,0.01169808347048503
-27.5,-0.5,8732,0.005111872914935421,0.01882074283833706,0.008746643605661892,0.012576063242400721
-26.5,-0.5,8733,0.005782124317762788,0.015969647697161547,0.00683010449699322,0.00907491953060165
-25.5,-0.5,8734,0.0065267306440419245,0.014976790075198324,0.008042959618909473,0.009231470689561719
-24.5,-0.5,8735,0.005244693815726135,0.011911494198419395,0.0036228788311261674,0.007754111386138901
-23.5,-0.5,8736,0.00601208024580153,0.0092835465514412,0.0027821658089023926,0.0063657675843915166
-22.5,-0.5,8737,0.004962635382351599,0.006592898020822372,0.00268324100635573,0.0045631877892583226
-21.5,-0.5,8738,0.004296184935442982,0.005467697204303356,0.002683312441555646,0.004645047399730852
-20.5,-0.5,8739,0.0050104483816080046,0.004176518220997594,0.0031650434042742696,0.005116960119299975
-19.5,-0.5,8740,0.004691451336882303,0.00527706474002467,0.0030707901726693752,0.006113373780642444
-18.5,-0.5,8741,0.004450135826870606,0.005395636244302531,0.0030245407399869476,0.004758754480924996
-17.5,-0.5,8742,0.004715344229646094,0.005711331916256058,0.0034923915997975654,0.005576639219400831
-16.5,-0.5,8743,0.00462403261455294,0.005255175857639512,0.004645503655323551,0.004984343416896287
-15.5,-0.5,8744,0.00426086041765487,0.005822377284308248,0.0046251376131060985,0.00586424114754473
-14.5,-0.5,8745,0.00401985632509718,0.006277821917039077,0.0037399504651704184,0.00545178153177216
-13.5,-0.5,8746,0.005064891165648431,0.007108167159743481,0.006112859888778929,0.00786081800098763
-12.5,-0.5,8747,0.004826050199593718,0.0067831674731383875,0.006356932544078424,0.008614094509308506
-11.5,-0.5,8748,0.004350905868758242,0.006526734818652722,0.0055341075147691265,0.007640757142600541
-10.5,-0.5,8749,0.0056410406944125595,0.008230860792171219,0.007976986413626564,0.008738205362657157
-9.5,-0.5,8750,0.003984791205889747,0.00651278684969569,0.005526056217876819,NA
-8.5,-0.5,8751,0.0045523609235106665,0.005534219315539867,0.0039911744153403135,NA
-7.5,-0.5,8752,0.004687990006797084,0.005511329432485887,0.005433623498222197,NA
-6.5,-0.5,8753,0.004639574978309804,0.005486407005769405,0.003985547955291872,NA
-5.5,-0.5,8754,0.004746760690862063,0.005580089009250236,0.005309625905588924,NA
-4.5,-0.5,8755,0.005133462674019172,0.00569136619356969,0.005774618325350938,NA
-3.5,-0.5,8756,0.004784218225213914,0.00569136619356969,0.005596146416844254,NA
-2.5,-0.5,8757,0.004285260357513974,0.005343579148303492,0.0053634545302278765,NA
-1.5,-0.5,8758,0.004124198548593173,0.00524320103637175,0.004386642711740326,NA
-0.5,-0.5,8759,0.0035419894966769077,0.005263929300309922,0.0043355005622199225,NA
0.5,-0.5,8760,0.004009436816871487,0.0051337846933741495,0.0043355005622199225,0.005955722231698432
1.5,-0.5,8761,0.003495727875216956,0.005246225378445585,0.004474356674846304,0.005360708030686476
2.5,-0.5,8762,0.004145513106664494,0.005346661078492403,0.006831536927435512,0.0054633233923211885
3.5,-0.5,8763,0.0042212823834982365,0.005881159913610101,0.005836242404713522,0.00557075510062068
4.5,-0.5,8764,0.003574959140114916,0.005346661078492403,0.004334049494342671,0.005552981957701977
5.5,-0.5,8765,0.004081455814895881,0.005246225378445585,0.004252554125887412,0.00547402415049538
6.5,-0.5,8766,0.0035427676391434825,0.0056397917498560044,0.0042020726451771845,0.005360654557418356
7.5,-0.5,8767,0.005240029827578034,0.007228818417823996,0.004047905958562335,0.0068011154119363626
8.5,-0.5,8768,0.004110205523626216,0.005678345087330489,0.003152736778952223,0.005464701656675802
9.5,-0.5,8769,0.0040722847422724915,0.005189023714677656,0.004164333356879837,0.00541435222588241
20.5,-0.5,8780,0.006806243268059733,0.009368116916326302,0.005024170122527432,0.00745949624468646
21.5,-0.5,8781,0.0037438558507890893,0.005583143235189363,0.0032093684575546784,0.004681889359670981
22.5,-0.5,8782,0.00408253601709628,0.005639962602806134,0.0030517968591864736,0.0042184992980669415
23.5,-0.5,8783,0.0037234048868128836,0.005144536010946725,0.00283510139078986,0.0038474540020585423
24.5,-0.5,8784,0.003157553495476427,0.005165126166602183,0.0034439908087766516,0.003901689291968476
25.5,-0.5,8785,0.003982029597212171,0.00561195166909849,0.0037800953874714484,0.004239683002428649
26.5,-0.5,8786,0.0039795077068963255,0.005649934117790256,0.0032184554801328383,0.0036360476155602563
27.5,-0.5,8787,0.003970612771845787,0.00563978288824575,0.0027966659636575893,0.003223137399903793
28.5,-0.5,8788,0.0039043434893632823,0.005512839665373874,0.003211503342282324,0.0031335177306424274
29.5,-0.5,8789,0.0039043434893632823,0.005643229528634161,0.003211503342282324,0.0030945304683092038
30.5,-0.5,8790,0.003738437997579257,0.007302721190720306,0.0029693607821442798,0.002759406608307202
31.5,-0.5,8791,0.0032897843050538095,0.006058553898535271,0.0027240552840064334,0.002471102893788727
32.5,-0.5,8792,0.003165556286944038,0.0055691633262108485,0.002581397085811533,0.0023975186224445325
33.5,-0.5,8793,0.0030652822202044236,0.0060219030220924116,0.0019365492999844235,0.002519771505343771
34.5,-0.5,8794,0.0030071538368829694,0.005569882577777858,0.0025550760967087455,0.002242685351874889
35.5,-0.5,8795,0.0030071538368829694,0.005985996221130045,0.002520044919539926,0.0025077577129816327
36.5,-0.5,8796,0.0029969055466421497,0.005494238472916268,0.002504557480282176,0.002051886927090981
37.5,-0.5,8797,0.0031437911115312495,0.0058733557624465514,0.0022869316097904263,0.002051886927090981
38.5,-0.5,8798,0.0035961434069944945,0.005212485700511772,0.0022801819009577767,0.0022910851333020673
39.5,-0.5,8799,0.003678017416119835,0.005373239017798,0.0034785584892314107,0.00205664711420924
40.5,-0.5,8800,0.0034820303039003408,0.004946671612088041,0.0038443021914090604,0.002042128810937792
41.5,-0.5,8801,0.00340088746498852,0.005223980612621868,0.003545703293062143,0.002339083372676099
42.5,-0.5,8802,0.0033315633353957173,0.004781865961809442,0.0034321619393252903,0.0023286956856980712
43.5,-0.5,8803,0.0033315633353957173,0.004775096158101406,0.0037514527477772145,0.0035973659021843823
44.5,-0.5,8804,0.004120345194362002,0.004759860215272826,0.004889203607012878,0.0025162623379742753
45.5,-0.5,8805,0.00470552977918435,0.004768328772322818,0.002753552325566262,0.0025162623379742753
46.5,-0.5,8806,0.0042536449372297756,0.0047255290211900775,0.002597237076122994,0.0025162623379742753
47.5,-0.5,8807,0.004118446756846591,0.004630103888120949,0.0025933207614762333,0.0025162623379742753
48.5,-0.5,8808,0.0036400770679526798,0.004072146691507158,0.002406476818079773,0.0025250448285623756
49.5,-0.5,8809,0.003615475336435161,0.004039020059707074,0.002406476818079773,0.0025250448285623756
50.5,-0.5,8810,0.0033363228254699494,0.004081193855712411,NA,0.002543291743324334
51.5,-0.5,8811,0.003313970778169635,0.003892766928270208,NA,0.0025102897422916775
52.5,-0.5,8812,0.0038834126199598818,0.004143601842022976,NA,0.003927443256307979
53.5,-0.5,8813,0.0043301280133072224,0.0037990205055222583,NA,0.0036297873880180073
54.5,-0.5,8814,0.004289326071649468,0.0036710160669614616,NA,0.0035815779311146488
55.5,-0.5,8815,0.004599321914735978,0.005005486838077043,NA,0.0035815779311146488
56.5,-0.5,8816,0.004153755069081207,0.0050730639019232245,NA,0.0033942803295637486
57.5,-0.5,8817,0.004071318888608767,0.005008911751372631,NA,0.003161932608713172
58.5,-0.5,8818,0.004231143829326547,0.0034659762429510685,NA,0.003929080976355889
59.5,-0.5,8819,0.003921942509989302,0.003212691279805567,NA,0.003667880281084335
60.5,-0.5,8820,0.0028205873613216972,0.0027713895443307584,NA,0.0031233196674417736
61.5,-0.5,8821,0.0026374857909705726,0.0028064639957336894,NA,0.0031233196674417736
62.5,-0.5,8822,0.002779784028779865,0.0026674416772938963,NA,0.003568707600328852
63.5,-0.5,8823,0.0022883379642815315,0.002636371778992157,NA,0.003072854771751688
64.5,-0.5,8824,0.002542412733776102,0.0026228667576404323,NA,0.0030812574614142788
65.5,-0.5,8825,0.002311563272726769,0.0027278576237988934,NA,0.0032045383177224697
66.5,-0.5,8826,0.002311563272726769,0.002740037644749916,NA,0.0033166825809713635
67.5,-0.5,8827,0.0022710663513849493,0.0022013765016513625,NA,0.0034675981274408683
68.5,-0.5,8828,0.0022379457098481745,0.0021726047502379684,NA,0.0036132618677934673
69.5,-0.5,8829,0.0021120956354790366,0.002102605778172734,NA,0.0032953563322540877
70.5,-0.5,8830,0.0021120956354790366,0.002095427038222319,NA,0.002331245582264935
71.5,-0.5,8831,0.002354261405105229,0.002102743787065108,NA,0.0022839034879435847
72.5,-0.5,8832,0.002354261405105229,0.002090457455625265,NA,0.0022806710515830687
73.5,-0.5,8833,0.002416762833957879,0.002056461805053046,NA,0.002277157444660351
74.5,-0.5,8834,0.0027689294396661167,0.0017700955328035914,NA,0.002277157444660351
75.5,-0.5,8835,0.0029637446474452796,0.0017700955328035914,NA,0.00220998672193374
76.5,-0.5,8836,0.002724437015331774,0.0017593524438574031,NA,0.0023102461370878885
77.5,-0.5,8837,0.0023933425386545807,0.0017593524438574031,NA,0.0022156413555724877
78.5,-0.5,8838,0.0024050001304902974,0.0026303445348028866,NA,0.0022198877910570318
79.5,-0.5,8839,0.0024778180498060314,0.002698708812086313,NA,0.003026327792214697
80.5,-0.5,8840,0.0024962708511493455,NA,NA,0.003398058436066928
81.5,-0.5,8841,0.0022404765453653192,NA,NA,0.0027340793811335886
82.5,-0.5,8842,0.0028285458873208735,NA,NA,0.0027297967653945026
83.5,-0.5,8843,0.0031029710449872305,NA,NA,0.002734724620935287
84.5,-0.5,8844,0.003124096342915113,NA,NA,0.002734724620935287
85.5,-0.5,8845,0.003096381862013043,NA,NA,0.0020196388895698035
86.5,-0.5,8846,0.0031286353339059726,NA,NA,0.002000890594029502
87.5,-0.5,8847,0.0031886610482980463,NA,NA,0.001996102377160448
88.5,-0.5,8848,0.0039358212860371574,NA,NA,0.003090171955915454
89.5,-0.5,8849,0.002997563494293426,NA,NA,0.0025387933691406748
-119.5,0.5,8877,0.004603618158640411,0.015566978497017991,NA,0.005751611715257606
-118.5,0.5,8878,0.0038415642094363593,0.011951591574161544,NA,0.007036045266567445
-117.5,0.5,8879,0.003980777898414871,0.013615208110826378,NA,0.006525052026930998
-116.5,0.5,8880,0.005364115188740263,0.013929211814957071,NA,0.008151312241187892
-115.5,0.5,8881,0.004139467293272344,0.012744556446678912,NA,0.0061096975551586516
-114.5,0.5,8882,0.0034626578040966474,0.013317971997275104,NA,0.004737730933053665
-113.5,0.5,8883,0.003916367486926302,0.01651395831704899,NA,0.004624041290138542
-112.5,0.5,8884,0.00449080456860507,0.016749751519820687,NA,0.003612008441098915
-111.5,0.5,8885,0.004602422486295216,0.01536779412386053,NA,0.0032131172644665803
-110.5,0.5,8886,0.004671443209820484,0.01571184624103748,NA,0.003325680209955075
-109.5,0.5,8887,0.005632178430025114,NA,NA,0.003325899778259461
-108.5,0.5,8888,0.004737281515948561,NA,NA,0.0032059382248750424
-107.5,0.5,8889,0.004811946705477464,NA,NA,0.003171769901308911
-106.5,0.5,8890,0.00313457804960571,NA,NA,0.0021798086557365554
-105.5,0.5,8891,0.0043390972578630695,NA,NA,0.0029570507724790674
-104.5,0.5,8892,0.004390638848804703,NA,NA,0.003600824812602428
-103.5,0.5,8893,0.004554550749026297,NA,NA,0.003911539862217728
-102.5,0.5,8894,0.004653975965556022,NA,NA,0.004030989948257932
-101.5,0.5,8895,0.004722661979371868,NA,NA,0.003164747731645173
-100.5,0.5,8896,0.004703448596708611,NA,NA,0.002705910624080304
-99.5,0.5,8897,0.0046746005052070855,0.011832880921350377,0.00434260416466596,0.002604170220189779
-98.5,0.5,8898,0.005654168254645454,0.01419630302281722,0.003271161050350914,0.002182669545218923
-97.5,0.5,8899,0.004898036126798002,0.010690005995761682,0.004071563032103172,0.0020633539898810855
-96.5,0.5,8900,0.005859664339014933,0.010623523286273378,0.0038287678306552857,0.0021609159167696747
-95.5,0.5,8901,0.006032875034208113,0.010477033210075903,0.003690100040524692,0.0020560990387582505
-94.5,0.5,8902,0.00484545524888253,0.009426868984157254,0.0035364690321335367,0.0020560990387582505
-93.5,0.5,8903,0.005724193588762517,0.007653370750179275,0.003454196734452513,0.002259070333919158
-92.5,0.5,8904,0.004734408997919227,0.00955699290066843,0.002857452852818257,0.0030587791589153502
-91.5,0.5,8905,0.004356378453861917,0.006384383018415078,0.0021683173903797354,0.003888658792155123
-90.5,0.5,8906,0.003216174526650505,0.00441091544862131,0.002816259988295312,0.0027775265571383483
-89.5,0.5,8907,0.008772724657005019,NA,0.004199848358931596,0.003665764470850064
-88.5,0.5,8908,0.006689139189608132,NA,0.004600995021583995,0.0045199426419123764
-87.5,0.5,8909,0.005937550798756849,NA,0.0034679917641909034,0.005634665098882004
-86.5,0.5,8910,0.005915898860033014,NA,0.0034583148318438704,0.005077611151207624
-85.5,0.5,8911,0.005857516598839711,NA,0.004093648452489261,0.01282891351046513
-84.5,0.5,8912,0.006349041569441457,NA,0.006896819713619102,0.01335967813474079
-83.5,0.5,8913,0.009457714141537461,NA,0.004050595505573171,0.023353499959437356
-82.5,0.5,8914,0.003168687837345321,NA,0.0014917242724773322,0.005063076136095411
-81.5,0.5,8915,0.0019591091355141937,NA,0.0010780024919435102,0.009252584699965325
-76.5,0.5,8916,0.0056918679894664165,0.002156590414067879,0.0014651471114846047,0.0016366563708141648
-75.5,0.5,8917,0.009047764310210354,0.002057589797801669,0.0034212678572129486,0.004434393021661487
-74.5,0.5,8918,0.00374645616649911,0.0030453917478528944,0.0023766427700235102,0.0022809463909745464
-73.5,0.5,8919,0.003570728682890414,0.0042570140266269775,0.002515297589741411,0.002369117053847567
-72.5,0.5,8920,0.003985720134606984,0.0016022303913200058,0.0015579519677548568,0.0021282568186964932
-71.5,0.5,8921,0.0015176427014379067,0.0026415679662772284,0.0024440615999012476,0.0020926716811516914
-61.5,0.5,8922,0.007976784322760095,NA,0.006635424009290632,0.007433739855478864
-60.5,0.5,8923,0.0076598399242571455,NA,0.006781931993752233,0.005839236973403128
-55.5,0.5,8924,0.0029092544895797548,0.003440094117586845,0.002646057429396974,0.004802649901081502
-54.5,0.5,8925,0.0064817886261646996,0.007767030649703141,0.0053064408758496644,0.005872537091064561
-53.5,0.5,8926,0.003352779893923829,0.006045283726002862,0.003800914740553259,0.0062769423018785315
-52.5,0.5,8927,0.005760239594026701,0.00565050103226486,0.0025179835844249543,0.007971763127582417
-49.5,0.5,8928,0.003557424411202411,0.006257302902225302,0.0041027543040999155,0.005106441384338937
-48.5,0.5,8929,0.005371752118140865,0.008721869022324944,0.006614904761103698,0.007315317427596273
-47.5,0.5,8930,0.005644818772788894,0.006926184556734622,0.007713116520456791,0.008292883323793939
-46.5,0.5,8931,0.006043465595187511,0.005302365109206674,0.006229566678480947,0.006712819624156496
-45.5,0.5,8932,0.006756694149804864,0.005598064621350125,0.006899184917485761,0.008073199784613735
-44.5,0.5,8933,0.006106054645593157,0.006876188975749608,0.007505020883246958,0.008366287914819458
-43.5,0.5,8934,0.006961142125489125,0.00675213727106778,0.007189383621686235,0.006986655235704491
-42.5,0.5,8935,0.006761685921425485,0.008003429119644936,0.007053753042459302,0.008769760869618027
-41.5,0.5,8936,0.0063919436131777115,0.006207456756762279,0.0061851017438415146,0.0069263780632613505
-40.5,0.5,8937,0.007366736680431703,0.0062805569409491386,0.0065448126254623595,0.007572888238107885
-39.5,0.5,8938,0.007228616192598676,0.006351652819925395,0.006460854571648303,0.012067561581862589
-38.5,0.5,8939,0.007855992126082536,0.0062639401421788685,0.006506055484390792,0.012463729298293688
-37.5,0.5,8940,0.008386753714039017,0.006274998746631625,0.0065281180609375496,0.011415571465093791
-36.5,0.5,8941,0.0046229121835731045,0.009190095855042697,0.006730948743295379,0.009676824631354131
-35.5,0.5,8942,0.004670018208529607,0.008693117555358643,0.005682654209817797,0.009129469019163535
-34.5,0.5,8943,0.004531070915517271,0.007437212312361355,0.0051502525000983995,0.006785888907070986
-33.5,0.5,8944,0.004874778902519155,0.008796685123038571,0.005316525843188713,0.00903047860446235
-32.5,0.5,8945,0.006499217177680409,0.009234974555733006,0.00582512274913344,0.009408733615062503
-31.5,0.5,8946,0.005972525214672119,0.009435820260294877,0.006058396290543284,0.009333991564009029
-30.5,0.5,8947,0.0062570506998121285,0.009608493045231311,0.006727326337398157,0.009911132501452133
-29.5,0.5,8948,0.006524078790591051,0.012293499141520167,0.005771507079336751,0.010908646593933433
-28.5,0.5,8949,0.007436675987952625,0.014845021426315875,0.0070133447274518595,0.01334449414389128
-27.5,0.5,8950,0.006629555461319659,0.016600188070654918,0.004898963427889225,0.0104606166256293
-26.5,0.5,8951,0.005994967991937746,0.01735996848530978,0.005089897674752616,0.008912111155273772
-25.5,0.5,8952,0.00708867801634531,0.013322123334333186,0.00605832324580068,0.009848885729267447
-24.5,0.5,8953,0.005283952395005369,0.007991987470654553,0.003811173683959734,0.007152186415602369
-23.5,0.5,8954,0.006919617553869469,0.0043486253294868354,0.0025127930891782994,0.005393746680442122
-22.5,0.5,8955,0.0042584035196774304,0.004664026730889495,0.0031113825472292296,0.004649633600419085
-21.5,0.5,8956,0.003342556133323965,0.004226965717212535,0.002321650714292326,0.005034355197518384
-20.5,0.5,8957,0.0035316378800499307,0.004036413312758109,0.0028147247181280997,0.0052394241469416614
-19.5,0.5,8958,0.003901996289586244,0.005138754984937188,0.0032891444192060582,0.00582963840978208
-18.5,0.5,8959,0.003639000241007261,0.00493294007593922,0.0019815864491930786,0.005398484231179007
-17.5,0.5,8960,0.003715876777271493,0.004665536642157009,0.003173320046989021,0.006325620172299636
-16.5,0.5,8961,0.004199998700531503,0.004806738870771641,0.0020508114566432107,0.005201246859254523
-15.5,0.5,8962,0.004292933484727626,0.00498269556735939,0.003429099797164073,0.005221940855886842
-14.5,0.5,8963,0.003778309222104926,0.004719228814066692,0.004028222090537555,0.0054450479785699635
-13.5,0.5,8964,0.003893413178235526,0.005277671613035016,0.004226248761666716,0.006430760071449419
-12.5,0.5,8965,0.004267307224448841,0.005812475878293154,0.004622610523603255,0.007220006954954712
-11.5,0.5,8966,0.004295460402621814,0.0063296604411749394,0.006720116639632911,0.0073394090752566706
-10.5,0.5,8967,0.004299743093738742,0.005914844977468382,0.005330300849100787,0.00666711566203095
-9.5,0.5,8968,0.003951303962974668,0.00541738403368847,0.004888888337572534,0.0063882411886828526
-8.5,0.5,8969,0.00406909887785653,0.005719294135615568,0.005277988643174531,0.006321990450684948
-7.5,0.5,8970,0.004640668422543386,0.005974348036846039,0.005284908226379553,0.00629148426606984
-6.5,0.5,8971,0.004447349127780666,0.004991500040566505,0.004800312845711729,0.0059612766080771725
-5.5,0.5,8972,0.005231449033519481,0.005230022975166973,0.0050681774522447565,0.005940224291612368
-4.5,0.5,8973,0.005098203943761789,0.005379370524989926,0.005175276644309488,0.006065188529794141
-3.5,0.5,8974,0.004902600196063058,0.005619716760867175,0.004614644049646723,0.006201575451470131
-2.5,0.5,8975,0.004386680105124938,0.0045370299614187525,0.004379736835882838,0.005691111017134107
-1.5,0.5,8976,0.00426991176228679,0.0043241248617255715,0.0032723059540920836,0.005683148797251139
-0.5,0.5,8977,0.0036535278322163225,0.0038703441641558174,0.0032335402581162805,0.005374312627982226
0.5,0.5,8978,0.003608375388936292,0.0038279875116180345,0.004291984392324964,0.005417351129238942
1.5,0.5,8979,0.004195721551236195,0.003977133807778963,0.004354173235550828,0.005438669236574863
2.5,0.5,8980,0.004276132465127706,0.003709644105047733,0.004437607340023261,0.005407635430867427
3.5,0.5,8981,0.00860130389216808,0.007393573119629736,0.008924641554338473,0.010833513256506389
4.5,0.5,8982,0.004276132465127706,0.0036734596434296624,0.006711150757481763,0.006084415033384524
5.5,0.5,8983,0.0036059475386935234,0.0033272855977210343,0.005001870404776823,0.005519611854525003
6.5,0.5,8984,0.004165196464217533,0.003225225225359183,0.004916161978424393,0.005252521596767935
7.5,0.5,8985,0.004446865564050717,0.004560928473202104,0.004424533590023487,0.007071348738900139
8.5,0.5,8986,0.005447328881350025,0.005965623604662545,0.0061981883647587955,0.0073414619460053215
9.5,0.5,8987,0.00526334972854201,0.006505309307462391,0.006523402241943692,0.007296698427631658
10.5,0.5,8988,0.0041609880752091835,0.0053139209787410385,0.005176436555356153,0.005230586165594226
11.5,0.5,8989,0.004272842268882821,0.005188092649382041,0.005191141591674078,0.0049895955926663365
12.5,0.5,8990,0.0041433568950129205,0.0051288625258589324,0.00480784254882993,0.00550326150418603
13.5,0.5,8991,0.004114499862621424,0.0058553694618155355,0.0036757244909988627,0.00492785669245396
14.5,0.5,8992,0.004212767327548861,0.006179831370121885,0.0036894230467735124,0.005026946456986053
15.5,0.5,8993,0.004100883583685344,0.005704193731048697,0.0036960768086264514,0.004876921067017109
16.5,0.5,8994,0.004117830526109709,0.0061953855636270715,0.0037486566632938,0.004831294652288913
17.5,0.5,8995,0.00414602319202454,0.006222672049933731,0.0037817554045712475,0.004864348180577424
18.5,0.5,8996,0.0041454583358112775,0.006136486651283336,0.0033031574273690626,0.004947313868481626
19.5,0.5,8997,0.004219535302954388,0.006229945458901189,0.0033665201991365953,0.005027561459707533
20.5,0.5,8998,0.0036755600787190816,0.006400136734700179,0.0033796016783720845,0.005027561459707533
21.5,0.5,8999,0.0038607889425141977,0.006210718233995719,0.003202500773420845,0.004272573043063711
22.5,0.5,9000,0.0035698184752422186,0.0049531315410997895,0.002952036701335086,0.004433307100642385
23.5,0.5,9001,0.0024515578614446847,0.0039015262103840463,0.0027237621451726003,0.003634453634305268
24.5,0.5,9002,0.003299568045878063,0.004532849972142721,0.003172106496466588,0.005401903157883601
25.5,0.5,9003,0.00327663964697641,0.004539830574881791,0.004198226590415371,0.0051672286125673175
26.5,0.5,9004,0.0032132698205235384,0.004539830574881791,0.004198226590415371,0.004728023109028668
27.5,0.5,9005,0.0031872191546303526,0.0045278694990952195,0.004167061862219545,0.004715994040326455
28.5,0.5,9006,0.002525791154842323,0.00496872306408465,0.0038262677922312246,0.00427387515486641
29.5,0.5,9007,0.0026952817209527314,0.00437342681667208,0.0033638490446280898,0.003702995799228609
30.5,0.5,9008,0.0028525786137382158,0.004648324344210896,0.003557683046542184,0.0038125324705239536
31.5,0.5,9009,0.002478437279206053,0.004614036832023162,0.004024201140497171,0.003661475128480614
32.5,0.5,9010,0.0029724848748952297,0.004614036832023162,0.0036317196853006793,0.003517433383130524
33.5,0.5,9011,0.0027928853697816083,0.004579457198102239,0.003592396219883724,0.0037468063890121594
34.5,0.5,9012,0.003308082793995215,0.004599893060900164,0.0035283832138970385,0.0023787679545123125
35.5,0.5,9013,0.0030999430027031055,0.004299793590239764,0.0035283832138970385,0.002172167996434834
36.5,0.5,9014,0.0030411593357845997,0.004659070071205851,0.0030594356529524028,0.002167401327264776
37.5,0.5,9015,0.004132662181608387,0.004628926333633774,0.0037452019748236078,0.002167401327264776
38.5,0.5,9016,0.004294995699774665,0.004292693326369467,0.0034968225551073825,0.002157774417869853
39.5,0.5,9017,0.0036097638897341663,0.004292693326369467,0.002177502355716071,0.002157774417869853
40.5,0.5,9018,0.0038665895145772585,0.004312071851587705,0.002136173284155494,0.0021537733851468384
41.5,0.5,9019,0.003621183815408744,0.004226961371408291,0.002176416827137331,0.0024747973560876207
42.5,0.5,9020,0.0037249712686073105,0.004226961371408291,0.004118832996564897,0.002783391959909686
43.5,0.5,9021,0.0035727202975004615,0.004693565830768764,0.0023964016611348325,0.0024702763864831332
44.5,0.5,9022,0.0035936870202658354,0.004428277150505969,0.0024047668115171833,0.0024702763864831332
45.5,0.5,9023,0.0031852078725995822,0.003931965303000904,0.0021225634406152965,0.0021892100007364396
46.5,0.5,9024,0.0035936870202658354,0.004435784365198661,0.002378681977041273,0.0024702763864831332
47.5,0.5,9025,0.003581607999757605,0.004379673117375341,0.002378681977041273,0.0024702763864831332
48.5,0.5,9026,0.003270881900155374,0.004344055691348544,0.0023681188531674015,0.003230318496915718
49.5,0.5,9027,0.0032829184274634675,0.004344055691348544,0.0023681188531674015,0.0023647545904409077
50.5,0.5,9028,0.003277886367726435,0.004689643680930621,0.0023726568277955234,0.002338180199580431
51.5,0.5,9029,0.004165871182485139,0.0046355059447310346,0.0023898051684294284,0.0023626366505451785
52.5,0.5,9030,0.00428959511231807,0.0046355059447310346,0.0023671641446748053,0.0023626366505451785
53.5,0.5,9031,0.004215606932932861,0.004468364524667204,0.002398406645868754,0.0023626366505451785
54.5,0.5,9032,0.0042906659780353506,0.004448759140511245,0.002398406645868754,0.0023671641446748053
55.5,0.5,9033,0.0038929514177581327,0.005493378667792448,0.0024139310832040697,0.0023824868381083844
56.5,0.5,9034,0.003915772281333619,0.0058699408081040825,0.0023735808085264816,0.0023391023978391705
57.5,0.5,9035,0.0036040063339367965,0.003569831704214727,0.0023735808085264816,0.002352411974856055
58.5,0.5,9036,0.003748123694596887,0.004114889771280752,0.0023735808085264816,0.002923730434674617
59.5,0.5,9037,0.003454288898482038,0.003373610898561177,0.0023406320189378643,0.002794470603575372
60.5,0.5,9038,0.0023393361936223252,0.0028446589860709687,0.0021433675234870174,0.0023885276536633002
61.5,0.5,9039,0.002260612344531179,0.002597700978558175,0.0021433675234870174,0.0023885276536633002
62.5,0.5,9040,0.002006800483661154,0.0025861677681251636,0.002404206410944192,0.002457371181412855
63.5,0.5,9041,0.003533474193885262,0.0025861677681251636,0.002404206410944192,0.0023946964489517703
64.5,0.5,9042,0.0027988740854912237,0.002552379701413083,0.002504400057181018,0.002186978924866663
65.5,0.5,9043,0.0027187301280922334,0.0025430405854070964,0.002504400057181018,0.002233086280046695
66.5,0.5,9044,0.002618717089981783,0.0025430405854070964,0.0022975100042749628,0.0029316193246263387
67.5,0.5,9045,0.002612914904729245,0.0025430405854070964,0.0022975100042749628,0.0022854283281918608
68.5,0.5,9046,0.002555000394117925,0.004152799431493067,0.002262419601522951,0.0022605755602826015
69.5,0.5,9047,0.0024264344684211906,0.0034631783430067293,0.0021905685004833327,0.0029468047400852565
70.5,0.5,9048,0.0024264344684211906,0.0034103692506991384,0.0022573197038052166,0.0017404335372614807
71.5,0.5,9049,0.002422696843345282,0.003442475472792021,0.0022260488613541013,0.001781991585572406
72.5,0.5,9050,0.002422696843345282,0.002660669693542227,0.0022260488613541013,0.001781991585572406
73.5,0.5,9051,0.002422696843345282,0.0025005311219735158,0.002235993304714382,0.001781991585572406
74.5,0.5,9052,0.002309318595749739,0.002495616332702773,0.0023040295946948333,0.0023353148108279684
75.5,0.5,9053,0.0023128672052972203,0.002495616332702773,0.0019555165759760173,0.001750199420903004
76.5,0.5,9054,0.002013493893048504,0.0025082012842088546,0.001842872715744141,0.0023211492616879623
77.5,0.5,9055,0.002010403683477484,0.0025132151637508324,0.002001550715533653,0.0017395768752887799
78.5,0.5,9056,0.0022953103716231884,0.0025093599354340025,0.0021145379931927356,0.0017350025302200914
79.5,0.5,9057,0.002289278035786123,0.0026393583609358655,0.0023392965981947934,0.0022128363600059557
80.5,0.5,9058,0.002307681657370868,NA,0.002287131601130602,0.002014186334627933
81.5,0.5,9059,0.0023802762846256748,NA,0.0027043090679662652,0.002202363519229893
82.5,0.5,9060,0.002505269465967541,NA,0.002616200996314683,0.0015260051376590283
83.5,0.5,9061,0.002281157538486282,NA,0.0025742035238516866,0.0014897950842164916
84.5,0.5,9062,0.002348771766551074,NA,0.0025241892782337885,0.0022124044887382095
85.5,0.5,9063,0.0024142378335114227,NA,0.001739998451885521,0.002352136046881281
86.5,0.5,9064,0.0024074041222951295,NA,0.0018513191193745885,0.001929132216877688
87.5,0.5,9065,0.001976760348279613,NA,0.0021348538232487473,0.0014977903780078368
88.5,0.5,9066,0.0014564713280052451,NA,0.0015211935242485555,0.0011064398738241373
89.5,0.5,9067,0.0014967259111320986,NA,0.0013504200675132703,0.0012681574282835382
90.5,0.5,9068,0.0014443587820342403,NA,NA,0.0015280499515256004
91.5,0.5,9069,0.0015479598504454452,NA,NA,0.0012678095639618388
92.5,0.5,9070,0.0014226762546946012,NA,NA,0.002906128574369662
93.5,0.5,9071,0.0019261998694421667,NA,NA,0.0028646407550019255
94.5,0.5,9072,0.0013085572190936656,NA,NA,0.002847543316382031
95.5,0.5,9073,0.0011605252557847902,NA,NA,0.002191615739594779
96.5,0.5,9074,0.0015754736907949841,NA,NA,0.002212581433552159
97.5,0.5,9075,0.0016398659593741774,NA,NA,0.001968749554551318
98.5,0.5,9076,0.0018139901706206703,NA,NA,0.002250828188868458
99.5,0.5,9077,0.001074042454311921,NA,NA,0.0017241990374767305
-119.5,1.5,9094,0.0027007157983818236,0.013627339810767893,NA,0.0049630397000123274
-118.5,1.5,9095,0.002854910372089323,0.01756698196817773,NA,0.005655328521376448
-117.5,1.5,9096,0.002645361975820697,0.02606431302306775,NA,0.008248944333796904
-116.5,1.5,9097,0.0027538414589233103,0.01757880098941907,NA,0.005487161315075642
-115.5,1.5,9098,0.0030645673585968916,0.01727496058316271,NA,0.004166343588250965
-114.5,1.5,9099,0.0033489254681353955,0.019960771044068633,NA,0.0042928849826886755
-113.5,1.5,9100,0.003452896140789712,0.017080751998102817,NA,0.0042981738376818195
-112.5,1.5,9101,0.003955360531607987,0.017275204783444773,NA,0.004238689558614344
-111.5,1.5,9102,0.004056625100164004,0.01755125460795901,NA,0.003779370448234472
-110.5,1.5,9103,0.004165203158602147,0.01856687567246744,NA,0.003921258309680354
-109.5,1.5,9104,0.0041792738405697135,NA,NA,0.003387120443929454
-108.5,1.5,9105,0.004150674167340374,NA,NA,0.0029676761847218258
-107.5,1.5,9106,0.0047444025439926825,NA,NA,0.0024746153568977122
-106.5,1.5,9107,0.003200131768088634,NA,NA,0.001828771993970442
-105.5,1.5,9108,0.0032024696938104877,NA,NA,0.0018944094910979005
-104.5,1.5,9109,0.0037315176695267697,NA,NA,0.0027561848604563707
-103.5,1.5,9110,0.0042899908270709166,NA,NA,0.0025917741296033955
-102.5,1.5,9111,0.004108582813320015,NA,NA,0.003029878024674224
-101.5,1.5,9112,0.0041295230847452485,NA,NA,0.0031925930389151754
-100.5,1.5,9113,0.004172928595961801,NA,NA,0.00319474391690593
-99.5,1.5,9114,0.004172928595961801,0.013485960510449113,0.0032005686931825005,0.00319474391690593
-98.5,1.5,9115,0.004703051432970762,0.013768308323536597,0.003158120491270515,0.003169783417653963
-97.5,1.5,9116,0.0061088687673690216,0.009831334301657186,0.0030062256291838495,0.002820757775825216
-96.5,1.5,9117,0.0067820471549805295,0.009225509789364185,0.002236188052790711,0.0027412857629444407
-95.5,1.5,9118,0.0069018557974540855,0.010163024963361515,0.002685353690405295,0.0027075427363492588
-94.5,1.5,9119,0.00557260430188377,0.008314725049297275,0.0022617990880840874,0.0024061762633561337
-93.5,1.5,9120,0.006065188862990083,0.008234523776913586,0.0022113257805133693,0.0024162398146903895
-92.5,1.5,9121,0.0044457003524576355,0.004999880394990265,0.002576409273547427,0.0031084269414478733
-91.5,1.5,9122,0.0031993295912195324,0.0051737445016726055,0.0023660938585592134,0.005156988364994815
-90.5,1.5,9123,0.004634981407592968,0.004475643038312699,0.003013972434807292,0.004092200985947237
-89.5,1.5,9124,0.0053118938561469,NA,0.0034635300476222545,0.00589701777990743
-88.5,1.5,9125,0.007150762284431256,NA,0.004129304372225296,0.004507600055451124
-87.5,1.5,9126,0.0068304643879257285,NA,0.0043401471403518655,0.004054182348828102
-86.5,1.5,9127,0.0067529200728161055,NA,0.0042590919790624505,0.00843111117620269
-85.5,1.5,9128,0.005256996377183397,NA,0.005852806213545754,0.009951194416537669
-84.5,1.5,9129,0.006037906634040698,NA,0.006309622361633715,0.008678339531145558
-83.5,1.5,9130,0.004310989451661408,NA,0.00471850538528685,0.009810881938545702
-82.5,1.5,9131,0.0029463947297292976,NA,0.0017270109824561088,0.005646513055058465
-81.5,1.5,9132,0.002346666119612603,NA,0.0011204859101538772,0.006264193763316029
-77.5,1.5,9133,0.002202179219553861,0.0022406880426482922,0.002352472476512281,0.0016684224131859934
-75.5,1.5,9134,0.004012613767429199,0.0038093241645664414,0.0029772594827366127,0.003683651837468371
-74.5,1.5,9135,0.003886101726125793,0.0033635453760609167,0.0020107515803988113,0.0024143861571917775
-73.5,1.5,9136,0.0032721185415159125,0.008617312604701164,0.001831642538811852,0.0022144599314322063
-72.5,1.5,9137,0.0038897691504081655,0.0031320596139315215,0.002080958956968735,0.0018895190346979247
-71.5,1.5,9138,0.00315408500537222,0.003115785210357834,0.0034119356177979903,0.0027069878304430235
-61.5,1.5,9139,0.00926488483175636,NA,0.02057052370980002,0.005763259915316817
-60.5,1.5,9140,0.00907277728242742,NA,0.005314536914291888,0.00712472530356997
-59.5,1.5,9141,0.008982491738660298,0.004423457412534978,0.0027662160655937008,0.004147066269024951
-58.5,1.5,9142,0.01023535750716935,0.0037300088872679765,0.0014353546751518964,0.003751006290864039
-57.5,1.5,9143,0.008073892387249825,0.008770853460305114,0.0030289915867202713,0.00818326030961957
-56.5,1.5,9144,0.00915864702446599,0.008155246389808241,0.005924447574015032,0.006574955509764358
-55.5,1.5,9145,0.006460613051769286,0.004274194042162571,0.004842722381239904,0.0029061159476788247
-54.5,1.5,9146,0.004765321959615966,0.004833711202278725,0.005827393442563432,0.005516811859836069
-53.5,1.5,9147,0.003109560561728085,0.005270338963211041,0.005538953750958476,0.004469004944406105
-52.5,1.5,9148,0.0069297083048377554,0.005463389953284581,0.003000276345826298,0.006123787555758594
-50.5,1.5,9149,0.005480103350507448,0.007195742262429919,0.005841126039719766,0.005040043218503658
-49.5,1.5,9150,0.005485349247180996,0.006504341993054505,0.00724147708461821,0.006525795954275691
-48.5,1.5,9151,0.005450791580778023,0.007048140384475984,0.0057134097597332295,0.008201362359476822
-47.5,1.5,9152,0.007276608721653954,0.007676126811008246,0.006186018694681174,0.009238472993671292
-46.5,1.5,9153,0.006457984250102256,0.005647771750345935,0.006449441951666878,0.00954301833795059
-45.5,1.5,9154,0.00785924386559256,0.00866382237238617,0.007299812242242414,0.010248065879280387
-44.5,1.5,9155,0.008402109866684737,0.00878563326150013,0.010696574429176956,0.009279253581797316
-43.5,1.5,9156,0.008465465498276675,0.009223668466871601,0.008380982935385011,0.007499976999308204
-42.5,1.5,9157,0.009572189645051075,0.011693285828731343,0.008534327525985371,0.011127334852268972
-41.5,1.5,9158,0.00626210696091788,0.008594866649294266,0.008317491510661258,0.008699882115432905
-40.5,1.5,9159,0.006381220639240312,0.00775336969392042,0.00734926911906691,0.008305479339056928
-39.5,1.5,9160,0.006049744208602572,0.00691282297078702,0.005303353398642409,0.009261825143453892
-38.5,1.5,9161,0.004702164092067633,0.006539312198629858,0.0031737304622458393,0.009314030460747703
-37.5,1.5,9162,0.0050927412784553885,0.006224036142548361,0.005276214814769948,0.00899605076145865
-36.5,1.5,9163,0.0054871947022017194,0.006738997276111906,0.005208816563207752,0.010388305398972895
-35.5,1.5,9164,0.006859759117720139,0.0075587178600994,0.004907326398207945,0.008281492714268304
-34.5,1.5,9165,0.007208561143715709,0.00782176202365067,0.005133397229708679,0.011048507617906522
-33.5,1.5,9166,0.0068238939548729725,0.009070756878833889,0.009519538006969834,0.01035787200241873
-32.5,1.5,9167,0.006561732161230625,0.008282831561185573,0.005518347194381854,0.010387827050506044
-31.5,1.5,9168,0.0066944655572966985,0.010457744917524325,0.005366900814760181,0.010429788769081473
-30.5,1.5,9169,0.005298349656705053,0.009830577613194948,0.0047590508957880435,0.009313596761078461
-29.5,1.5,9170,0.006299203088880226,0.011738338118083594,0.006057607055240521,0.010955011432067209
-28.5,1.5,9171,0.007018202801163445,0.01189399625914108,0.005412312376119102,0.011647940509752333
-27.5,1.5,9172,0.0056921903800938424,0.012734947514619312,0.004562921238002536,0.011048541114372989
-26.5,1.5,9173,0.007024409981727507,0.012494972768766216,0.004451001464342515,0.009264478056196693
-25.5,1.5,9174,0.005943542878508815,0.009612098893598832,0.004735933491989107,0.00874429836932308
-24.5,1.5,9175,0.0034870710703053345,0.008815872004900343,0.0037908140121604,0.0072524209003668955
-23.5,1.5,9176,0.0029452368230781048,0.007091202177642803,0.0033912140859742204,0.006297425748391164
-22.5,1.5,9177,0.0031734052991410576,0.008366577267167863,0.0029980728409782125,0.005273640244148018
-21.5,1.5,9178,0.0030617638553715517,0.0061152337893107065,0.00260399545476594,0.005181729145355719
-20.5,1.5,9179,0.004510603466081241,0.00656475878689227,0.004512830302855995,0.006348054236504033
-19.5,1.5,9180,0.004005753604554998,0.005862169656363961,0.004401650654865479,0.004838350759327075
-18.5,1.5,9181,0.003213540538778429,0.006251692730275806,0.004586788238114997,0.004522828559376389
-17.5,1.5,9182,0.0034380722998892227,0.0058599405354217045,0.004794906424477781,0.0032027892248503243
-16.5,1.5,9183,0.003587236307598822,0.005370724198444027,0.004164537260873911,0.0034716878753969197
-15.5,1.5,9184,0.0035538316768035957,0.005142342783927703,0.003354608712293308,0.004417401000449832
-14.5,1.5,9185,0.003707059433840763,0.005855088240129346,0.0036010488125588973,0.004460585966910547
-13.5,1.5,9186,0.004332064717977453,0.006109695845677277,0.005053398191150645,0.004612707780213446
-12.5,1.5,9187,0.0041179592190711805,0.006673729936227768,0.0055527922167369825,0.005388999644508949
-11.5,1.5,9188,0.004096627660817617,0.00784856795655508,0.003868420662583926,0.006464580998763545
-10.5,1.5,9189,0.004151424521740136,0.006674973001934588,0.003839992456137622,0.0063215278765852275
-9.5,1.5,9190,0.0038513267002652295,0.006370909787218248,0.004834363080931164,0.006932384743428375
-8.5,1.5,9191,0.00395400849859123,0.0071421678134712535,0.0032891567928510198,0.007258165314524283
-7.5,1.5,9192,0.0043791196071131366,0.006363009878619551,0.0041450787595330866,0.007075347835969531
-6.5,1.5,9193,0.004342005261929384,0.0063169688697874175,0.004203193975248424,0.005989158822812324
-5.5,1.5,9194,0.004792785306013674,0.006436977505514906,0.0033256159233037855,0.007131992017052016
-4.5,1.5,9195,0.004623580257191758,0.006794537926658341,0.0032285065557118332,0.005820259877571143
-3.5,1.5,9196,0.00469644462925183,0.006706573511016423,0.003733019050504352,0.005868765774406051
-2.5,1.5,9197,0.004065507556818409,0.006472108704823256,0.003751013082293626,0.005709800401923748
-1.5,1.5,9198,0.004362213155289795,0.005746934064581435,0.0035179600989870903,0.005669477822102026
-0.5,1.5,9199,0.0036013137329626898,0.005913687381095494,0.003907945835900433,0.0062739928568544285
0.5,1.5,9200,0.0040891000668143735,0.0059190284739024795,0.002984679761349894,0.00625620428886877
1.5,1.5,9201,0.004123748563373934,0.0059366046781623195,0.003122089447220361,0.005553292626537493
2.5,1.5,9202,0.003572153637684434,0.005973434748361128,0.003971189092247924,0.006569231754998907
3.5,1.5,9203,0.003531001712645038,0.005931396154962534,0.004175844692488502,0.006456801038259116
4.5,1.5,9204,0.004162908118365225,0.005508749686279736,0.003982432572018053,0.006330088072473362
5.5,1.5,9205,0.004107620916630281,0.005859995100171083,0.004429440749887035,0.00619822895921423
6.5,1.5,9206,0.005066397262194825,0.007230452336238033,0.004602196770399223,0.007554719295680588
7.5,1.5,9207,0.0034720238767862316,0.005720485791703452,0.0037342681231556387,0.006085002075998957
8.5,1.5,9208,0.003475071281579095,0.0056313989362780795,0.0037340032336627637,0.006074073935396819
9.5,1.5,9209,0.003463652151254049,0.005652764893289344,0.0037434685774026476,0.005426084401776037
10.5,1.5,9210,0.003424041429146046,0.005588259615534531,0.003739732875734734,0.005433860125241397
11.5,1.5,9211,0.0039618191484126425,0.005581160204326364,0.003739732875734734,0.005444530587244259
12.5,1.5,9212,0.0036230751208727744,0.005160235121863988,0.0034249174863438393,0.006205280567297907
13.5,1.5,9213,0.0030467648471256157,0.005020522190307053,0.003292549868276068,0.005948990366282757
14.5,1.5,9214,0.0038243842117746773,0.00535897578756454,0.003720587348742587,0.0073258396523673405
15.5,1.5,9215,0.0037924522787618673,0.005303882452610782,0.003720587348742587,0.007477671209650974
16.5,1.5,9216,0.003915109669278297,0.005374967648321526,0.0037612730623620277,0.0045608771576958595
17.5,1.5,9217,0.0035312488183403515,0.004698099234390358,0.0038232197312324683,0.004546336701830923
18.5,1.5,9218,0.0035554397990198348,0.004730245831421598,0.004289906409170342,0.004577449644280979
19.5,1.5,9219,0.003628763610195067,0.004753498226270251,0.004330464434206739,0.004637547608675697
20.5,1.5,9220,0.0030755692969665666,0.00461306671814489,0.004607893601564616,0.004471515261876939
21.5,1.5,9221,0.002649931322982756,0.003963456569819248,0.002567837312763576,0.003997844684152137
22.5,1.5,9222,0.002508687973907981,0.003739429104736535,0.0025440295902054684,0.003179239481232634
23.5,1.5,9223,0.0030660646190001565,0.003963456569819248,0.002696635070872049,0.0033598847537392954
24.5,1.5,9224,0.0031006632266476655,0.004880992109532629,0.003115761537560763,0.0038534846655759653
25.5,1.5,9225,0.0034441618287865583,0.004736788754595082,0.0030959881703791045,0.004205527984261469
26.5,1.5,9226,0.002962425180217323,0.004674994864260747,0.0030555336677903604,0.0036808883490311315
27.5,1.5,9227,0.003354457869817956,0.004642936130262223,0.002874880791398109,0.0035580478937956087
28.5,1.5,9228,0.003066564202782995,0.004263390339074971,0.0027211037279547133,0.003219483602530689
29.5,1.5,9229,0.0026686146909579087,0.0038987368234741204,0.003408446091967518,0.0031001204732528497
30.5,1.5,9230,0.0028678047016983984,0.0037028848758344306,0.0024464107756428204,0.0028884280252170665
31.5,1.5,9231,0.0027700914401606303,0.003997499034820221,0.0024453369250162687,0.0028593905759065194
32.5,1.5,9232,0.002589547166486358,0.003995284467557786,0.002410854302066265,0.0028798768022693915
33.5,1.5,9233,0.002258647262412242,0.003981315640272037,0.003178968644184705,0.003041424832414761
34.5,1.5,9234,0.0022665856970210192,0.004003067582344157,0.0031896700140403383,0.0023604434791722195
35.5,1.5,9235,0.002243121266440375,0.0039616979075874185,0.0030701416817333757,0.0023121849591812775
36.5,1.5,9236,0.0022340970113437744,0.003638663725035575,0.0028641878813513884,0.0026988189525607824
37.5,1.5,9237,0.0022077046208666363,0.0035888295556474686,0.0020875408017351454,0.0022165507217549113
38.5,1.5,9238,0.0025124247165606585,0.0035667971744375217,0.0027447196862371037,0.0022165507217549113
39.5,1.5,9239,0.0025124247165606585,0.0038834760384819323,0.0027264810312902345,0.0022165507217549113
40.5,1.5,9240,0.002461412379224676,0.0035562835018235262,0.0027155174739037814,0.0022015487403907645
41.5,1.5,9241,0.0024977853947098236,0.0036780101469094132,0.002765282662425816,0.0019914482726250122
42.5,1.5,9242,0.002541998500945255,0.0037930805357490574,0.002765282662425816,0.0019914482726250122
43.5,1.5,9243,0.002866971074319183,0.003483747211908937,0.0026312233612980226,0.0022648128129768436
44.5,1.5,9244,0.0028629157832693176,0.003491476380185617,0.00234669877781069,0.0020099168283494555
45.5,1.5,9245,0.0028629157832693176,0.0034582060280322923,0.0023225010621491615,0.0020364539032942464
46.5,1.5,9246,0.0028337324686718416,0.0034656086085289328,0.0023225010621491615,0.0020364539032942464
47.5,1.5,9247,0.00301444641200657,0.00327089050041107,0.0023225010621491615,0.0020364539032942464
48.5,1.5,9248,0.0028583074027655744,0.00330340801800398,0.00233954921211069,0.002244062281793217
49.5,1.5,9249,0.0028583074027655744,0.004330546459697817,0.001772874606181148,0.002135781631074292
50.5,1.5,9250,0.0028881884314584678,0.004025122418484041,0.003010632254142477,0.00198705949198494
51.5,1.5,9251,0.0030873380107784842,0.004025122418484041,0.00199644175798934,0.00198705949198494
52.5,1.5,9252,0.0036438342711084715,0.003949912302976256,0.001975768407098552,0.0019664831039475634
53.5,1.5,9253,0.0026900430280824747,0.004002044330524547,0.002006858337982363,0.0019800981202256606
54.5,1.5,9254,0.0027088403367459503,0.0040121059150030084,0.00153148023054924,0.0020315139774287885
55.5,1.5,9255,0.003759054785608056,0.004024118664243236,0.0016319587557023123,0.003000027829257906
56.5,1.5,9256,0.0037205162054466654,0.004024118664243236,0.0019827172044075067,0.0024350880460317576
57.5,1.5,9257,0.0035355856629220566,0.0039783471046839275,0.00196996050694855,0.0024674038813667708
58.5,1.5,9258,0.003863648167485383,0.003937231893634221,0.001949560836348403,0.0022595967255188837
59.5,1.5,9259,0.0035867330222567116,0.0039051984808190832,0.001986295770168097,0.002204157988331244
60.5,1.5,9260,0.004105370153447659,0.0039051984808190832,0.002374768536316351,0.002204157988331244
61.5,1.5,9261,0.003609505184864824,0.003895590304073435,0.002183269412566184,0.002027225084678164
62.5,1.5,9262,0.0034896124291395937,0.0037340602751262833,0.0023006894655806832,0.0020080967992191587
63.5,1.5,9263,0.003103780561643287,0.0033804751253667612,0.002155047841785488,0.001983797693802619
64.5,1.5,9264,0.0030139494667774254,0.003288135770393526,0.002104311750977485,0.001937085502628034
65.5,1.5,9265,0.0030449582623009288,0.003159545962560552,0.0016642998227426444,0.002184080651557219
66.5,1.5,9266,0.0026304181841770844,0.0031333319983442233,0.0021460526101041736,0.001880615673255467
67.5,1.5,9267,0.002830228544622271,0.003098912920194461,0.0020319245581739446,0.0018594839834636637
68.5,1.5,9268,0.0030914699836844264,0.0029752732927458116,0.001952269858407703,0.001721184185799188
69.5,1.5,9269,0.0026563134115091883,0.0032093191255189372,0.001952269858407703,0.0016028828416564708
70.5,1.5,9270,0.003016183298699456,0.0029142656854210147,0.0020805693264213916,0.0017522072294312199
71.5,1.5,9271,0.0023005175847721536,0.0029187411661226177,0.0021113741023402023,0.0015133044839419029
72.5,1.5,9272,0.0023143173207295815,0.0029187411661226177,0.002003711742619301,0.001429449515496687
73.5,1.5,9273,0.0021672619764634094,0.0029187411661226177,0.002003711742619301,0.0014191100651936488
74.5,1.5,9274,0.001880002238099088,0.0029187411661226177,0.0015184547367844004,0.001533117602798078
75.5,1.5,9275,0.0017131721940625512,0.0029187411661226177,0.002003711742619301,0.0015026024695602431
76.5,1.5,9276,0.0016945262571364452,0.002988245506768864,0.0019915536156197076,0.0013320684555019951
77.5,1.5,9277,0.0018777645463129535,0.002988245506768864,0.001986317997629215,0.001503749410797915
78.5,1.5,9278,0.0018176383550431985,0.0034244236947021155,0.0018985915252841727,0.0016436315044884443
79.5,1.5,9279,0.0018586742616846562,0.002425520673568039,0.0018025711522875534,0.0014349207292604132
80.5,1.5,9280,0.0019111869814817687,NA,0.0016796138130660062,0.0016207670214198268
81.5,1.5,9281,0.0022021938014038706,NA,0.0015978986148813253,0.0018772951513756641
82.5,1.5,9282,0.002210729996147694,NA,0.0014591177310065543,0.001661858217884387
83.5,1.5,9283,0.00223919572767892,NA,0.0018508732908031143,0.001872587296251677
84.5,1.5,9284,0.00223919572767892,NA,0.0018140450472716944,0.001872587296251677
85.5,1.5,9285,0.0022382686228931666,NA,0.0016844799844999603,0.0021052822533164845
86.5,1.5,9286,0.0023508474726019767,NA,0.0017692541570311587,0.0018138620015511683
87.5,1.5,9287,0.0018903846827710298,NA,0.001070000359953522,0.0016381940907813069
88.5,1.5,9288,0.001695537928776074,NA,0.0012597525671209154,0.0014804235440459132
89.5,1.5,9289,0.0016398379382159293,NA,0.0012450344518217188,0.0017851066824923825
90.5,1.5,9290,0.0016105298266650948,NA,NA,0.001743088012369148
91.5,1.5,9291,0.0017894191030772195,NA,NA,0.0020432529787422866
92.5,1.5,9292,0.002119739056948062,NA,NA,0.0028759983990328626
93.5,1.5,9293,0.0022443633165974584,NA,NA,0.0031159415436834126
94.5,1.5,9294,0.0022911847299768545,NA,NA,0.0031031050301506434
95.5,1.5,9295,0.002448653177990766,NA,NA,0.003199795615785419
96.5,1.5,9296,0.0020037140350586753,NA,NA,0.0025396140776193783
97.5,1.5,9297,0.002113636517612844,NA,NA,0.0027472765965317015
98.5,1.5,9298,0.0025687294634180297,NA,NA,0.0029865690059730867
99.5,1.5,9299,0.0021373753528331108,NA,NA,0.0027698285306365865
100.5,1.5,9300,0.0015550585047178992,NA,0.002097044276112064,0.0018051020329982461
-119.5,2.5,9315,0.0026591443003411023,0.020203744198018746,NA,0.004394745557053865
-118.5,2.5,9316,0.003191351174351607,0.015082917154301071,NA,0.004371826936973033
-117.5,2.5,9317,0.0029071958605829044,0.015126946451721735,NA,0.005133868185008843
-116.5,2.5,9318,0.002567292048079484,0.021439607142989484,NA,0.004681459330684424
-115.5,2.5,9319,0.0026871731737467502,0.01755451173913797,NA,0.004202648524950938
-114.5,2.5,9320,0.002951272258705945,0.015920539930017793,NA,0.003508645174752641
-113.5,2.5,9321,0.0030159662715087683,0.019058816432565996,NA,0.004700689999887891
-112.5,2.5,9322,0.0035087188872844257,0.022588631256444152,NA,0.004124002782448088
-111.5,2.5,9323,0.0025469535594242034,0.018641311171160385,NA,0.0038756700397850927
-110.5,2.5,9324,0.0038019797978352896,0.024705738601745443,NA,0.003805371783106941
-109.5,2.5,9325,0.004026552298595593,NA,NA,0.0034361922042724334
-108.5,2.5,9326,0.004005891012144502,NA,NA,0.0032699898332542434
-107.5,2.5,9327,0.004660686175055338,NA,NA,0.0029868394713500265
-106.5,2.5,9328,0.002519749197968415,NA,NA,0.0019777732274595256
-105.5,2.5,9329,0.002571227469587115,NA,NA,0.0019617585887318446
-104.5,2.5,9330,0.003308857375939042,NA,NA,0.002913824941053329
-103.5,2.5,9331,0.0035478958677868243,NA,NA,0.003024158690747477
-102.5,2.5,9332,0.003764011391706283,NA,NA,0.0031730344501202227
-101.5,2.5,9333,0.0029595013088857154,NA,NA,0.002628552394593343
-100.5,2.5,9334,0.004429497900970992,NA,NA,0.005877967781996699
-99.5,2.5,9335,0.004841003233484316,0.011385699250969548,0.004252828533782341,0.008034695979522012
-98.5,2.5,9336,0.0064368629635260695,0.010312493012060395,0.00430432087687986,0.007963411191868825
-97.5,2.5,9337,0.007480081254499089,0.008845254506946414,0.00430432087687986,0.0067862927629776795
-96.5,2.5,9338,0.008532671117810413,0.008910240882986675,0.004356541173141946,0.006201813928752787
-95.5,2.5,9339,0.00836691759238999,0.010269180400885897,0.00436025690877628,0.006230233739474331
-94.5,2.5,9340,0.00816875156336066,0.008756094476868464,0.003963463139753285,0.004201715058626942
-93.5,2.5,9341,0.008058362814023043,0.006918337917996557,0.002244963496482936,0.004651764390329062
-92.5,2.5,9342,0.007452820480160396,0.004664767997144676,0.0022113257805133693,0.005320919112337378
-91.5,2.5,9343,0.004795458847552593,0.004662570189512327,0.001953274867188906,0.005934473033496906
-90.5,2.5,9344,0.004922293397271351,0.004520677529915644,0.0025604979294248206,0.005370564122066514
-89.5,2.5,9345,0.005033920081729764,NA,0.002354829988720268,0.0035486381199101888
-88.5,2.5,9346,0.005921725328940496,NA,0.0033798574232916778,0.003982542826416928
-87.5,2.5,9347,0.006658434485171353,NA,0.0038041793917666803,0.0053990731405387255
-86.5,2.5,9348,0.007200505166752521,NA,0.004892584486101249,0.0032967193163214946
-85.5,2.5,9349,0.004220610236556522,NA,0.004004769620806143,0.003429459216803081
-84.5,2.5,9350,0.004124191251609528,NA,0.004398427574208669,0.004104684113951046
-83.5,2.5,9351,0.004015748269817148,NA,0.004559983967481911,0.0021998664636983197
-82.5,2.5,9352,0.004077950114498353,NA,0.0018147836236181074,0.0025104551080405444
-79.5,2.5,9353,0.0013800209213343548,0.0014821111863158542,0.0015586327054982567,0.0017349115248859047
-78.5,2.5,9354,8.520771079169197e-4,0.0025219950133605717,0.0015490928553586172,0.0013136025647622674
-75.5,2.5,9355,0.0034905209112400816,0.0037717023900839704,0.0043186149627455865,0.003582731825204671
-74.5,2.5,9356,0.003272408781648586,0.0048943433048635535,0.0022116503348700817,0.002294966456027731
-73.5,2.5,9357,0.003136218508400349,0.00477106434530831,0.0024506665922392505,0.0016082907309284457
-72.5,2.5,9358,0.002632034945700278,0.0049919497021506136,0.004386715799811065,0.0019091952580144358
-71.5,2.5,9359,0.00239265135114644,0.0030366142182963614,0.003338940976800717,0.005348143021636489
-70.5,2.5,9360,0.003064813871455116,0.0014484465756815453,0.0037849136912029143,0.0018725209766755344
-69.5,2.5,9361,0.003018411927979195,NA,0.002365275950885502,0.002303150692856849
-61.5,2.5,9362,0.009044336763498636,NA,0.0025909844179250433,0.004966204279168733
-60.5,2.5,9363,0.009795516408665682,NA,0.007088450412801139,0.007885136020352517
-59.5,2.5,9364,0.013754288822376776,0.030756779357203622,0.0061949054884232425,0.011244136636864605
-58.5,2.5,9365,0.013776589482851547,0.01307510511000494,0.006662917084667563,0.018898001490582888
-57.5,2.5,9366,0.0078823770494376,0.008646853669760536,0.006907499240045826,0.016895208214611306
-56.5,2.5,9367,0.007582363787094367,0.01502189405829197,0.009872113411488375,0.01086129331431961
-55.5,2.5,9368,0.009448778240410568,0.009617871170672863,0.008890973840051363,0.007619210587114499
-54.5,2.5,9369,0.00888275072142739,0.0044101863125589015,0.008773522317808044,0.006474191325839021
-53.5,2.5,9370,0.007053085717044824,0.006668526715269172,0.008895226442328184,0.009765636642818232
-52.5,2.5,9371,0.006952266986003457,0.006416264995724753,0.007468243610349875,0.0075137985403387255
-50.5,2.5,9372,0.004316162729967604,0.005904302718717732,0.007267654641843916,0.00826187425001894
-49.5,2.5,9373,0.004264289679554698,0.007837587617456716,0.007073957747516693,0.008491261401088251
-48.5,2.5,9374,0.0061687623414248,0.007419475796487758,0.007904059690911782,0.007953656217654734
-47.5,2.5,9375,0.006577529656734732,0.0072551307846106935,0.007615244338400028,0.010932450141556622
-46.5,2.5,9376,0.006890024760967601,0.008206417968282616,0.008325483837903918,0.01109074352577315
-45.5,2.5,9377,0.00771194684082963,0.009696380057524575,0.008173334823368936,0.01181952644194967
-44.5,2.5,9378,0.008181719613041078,0.010205279318859116,0.009481596740767543,0.012110754621933834
-43.5,2.5,9379,0.008383628164212384,0.010136868840372442,0.00998158346223737,0.014464642673630073
-42.5,2.5,9380,0.008428804463758478,0.010200748231985692,0.009355854965691843,0.014671227118067948
-41.5,2.5,9381,0.008394265242073078,0.010097860826662704,0.00949084394687051,0.01480948672798482
-40.5,2.5,9382,0.008177711804027609,0.008785538134852548,0.010130694624085763,0.012426212000559643
-39.5,2.5,9383,0.008161030272473481,0.007980943692709715,0.010966889319835745,0.013056337058910681
-38.5,2.5,9384,0.007387541255624697,0.008039787046842628,0.008268448370047584,0.025281110838490623
-37.5,2.5,9385,0.006240150155186064,0.00749051493399118,0.004696284898213013,0.014909973572721877
-36.5,2.5,9386,0.008027690286857458,0.009093491243210051,0.00887733117722734,0.03341045145228977
-35.5,2.5,9387,0.008164918715199301,0.009138383070245937,0.006654326017357419,0.01460960829185295
-34.5,2.5,9388,0.007889640511812849,0.009891553076127975,0.006609697127186607,0.012959878433932766
-33.5,2.5,9389,0.008936383886204756,0.010172904144347112,0.006480818402518296,0.017339735422930144
-32.5,2.5,9390,0.00879320957100506,0.012202826534405402,0.006502035002091241,0.014358354836232204
-31.5,2.5,9391,0.00899284113923705,0.009213257111480947,0.005367496349868936,0.013451819286003364
-30.5,2.5,9392,0.007628037103229551,0.009785250771674503,0.004950924458540371,0.01283972261153068
-29.5,2.5,9393,0.007971782845398153,0.011359168160457804,0.009278047319631742,0.011665018260815004
-28.5,2.5,9394,0.007662565518823751,0.013502028256605533,0.0046105616503908054,0.01013039831359658
-27.5,2.5,9395,0.007546984604852714,0.015475961199266286,0.0038805618814713324,0.009891037278181516
-26.5,2.5,9396,0.0060334593938544965,0.011590302756126741,0.0036918300025537668,0.009624917985366665
-25.5,2.5,9397,0.0058352215345568925,0.01049336272926091,0.006020708105238431,0.008241536100116223
-24.5,2.5,9398,0.005503960905851209,0.00955718441691906,0.004924333205315454,0.008407137395235333
-23.5,2.5,9399,0.005204934321999217,0.009898707593223376,0.0042926070034317925,0.007614729851543824
-22.5,2.5,9400,0.005692529881982448,0.010712002520174744,0.004483217904867298,0.00716932271456537
-21.5,2.5,9401,0.005269586195701201,0.009012691262656334,0.005689481390158336,0.006084142825266215
-20.5,2.5,9402,0.0048844095244411755,0.008617509627175732,0.005653634337965064,0.006302859442337984
-19.5,2.5,9403,0.0042925814112943625,0.006952365674640362,0.004022937242236179,0.006369729059907401
-18.5,2.5,9404,0.004755615459027569,0.006629686767825133,0.00391328180406238,0.004718123364293454
-17.5,2.5,9405,0.005493634792168666,0.007237314685405712,0.0034656939993572755,0.00563983688328876
-16.5,2.5,9406,0.005340604894727138,0.007499987635395763,0.0034052902598883483,0.005761053818190169
-15.5,2.5,9407,0.005147734415361544,0.0061368664692897194,0.003395386265409017,0.004970987958638838
-14.5,2.5,9408,0.004870069216921866,0.005982155176073657,0.0036172006128927245,0.004685374969857266
-13.5,2.5,9409,0.005222327821605935,0.0055447611920224306,0.0036957583676806914,0.005311283566225997
-12.5,2.5,9410,0.00584958456690426,0.005947980160023707,0.005554656444392873,0.0068139743591238
-11.5,2.5,9411,0.006014327640835363,0.006040068721572349,0.0036189641381606076,0.004656493816848213
-10.5,2.5,9412,0.005639120292434551,0.005964709594691849,0.00370400714406572,0.0048062568854567314
-9.5,2.5,9413,0.004824917549694721,0.005123984298355438,0.003084231218553513,0.005057070216838188
-8.5,2.5,9414,0.0052519998532035836,0.0055874477373542755,0.0031678997829357805,0.006018281889710017
-7.5,2.5,9415,0.005580989030763694,0.005889908354902376,0.004159820106769649,0.005144471989419689
-6.5,2.5,9416,0.005280926504035873,0.006338030464315363,0.0034040661497050533,0.005861322389708492
-5.5,2.5,9417,0.005768529574543072,0.005780445069071698,0.0034067753844323925,0.006181433916039901
-4.5,2.5,9418,0.007101731656061827,0.006206795039927078,0.0034852027012319538,0.005614223303060744
-3.5,2.5,9419,0.005794708563802778,0.005684484986844955,0.004543197149686929,0.005576861584201416
-2.5,2.5,9420,0.00571663134767197,0.005402249125258544,0.004454554943911402,0.005337275187702127
-1.5,2.5,9421,0.005706360971004461,0.005319349764081197,0.004411124195505319,0.006027836835380243
-0.5,2.5,9422,0.005350267692874917,0.005846555255475828,0.003421596913367298,0.005955222435548825
0.5,2.5,9423,0.005275706765131853,0.005944836916731915,0.003455171659945165,0.00597978643958867
1.5,2.5,9424,0.005932364790586724,0.005944658152300489,0.003628887791129155,0.006154152828645486
2.5,2.5,9425,0.005715532590228656,0.005934328348165445,0.005861552774610917,0.006298786168967097
3.5,2.5,9426,0.005525232557426227,0.0059531380337912694,0.00442673796125551,0.006298786168967097
4.5,2.5,9427,0.003670949895230202,0.0059531380337912694,0.00489232481871127,0.005480489332511185
5.5,2.5,9428,0.0036281213216227547,0.005857827851930319,0.004450456803379047,0.006099006205723495
6.5,2.5,9429,0.003744065427428158,0.0058393175417584256,0.004359457818142088,0.006143530894852069
7.5,2.5,9430,0.0036413214787225073,0.005833761893999882,0.004175493849392738,0.006146724673373044
8.5,2.5,9431,0.0036347659290499696,0.005824693338126837,0.004134001370769513,0.006135686368587741
9.5,2.5,9432,0.003671881090279364,0.005849787217059898,0.004151483930212962,0.006865443939616419
10.5,2.5,9433,0.003194163561484366,0.005054281429714469,0.00360756272048762,0.005992672924194636
11.5,2.5,9434,0.003122949145015287,0.004941800972309235,0.00348358286866216,0.006477940858155928
12.5,2.5,9435,0.003452552457764011,0.0054623182717455044,0.003767217909537157,0.0045817860693629295
13.5,2.5,9436,0.004181912844371582,0.005778762882136624,0.003944038603556264,0.004826846905889844
14.5,2.5,9437,0.004186235983665435,0.005739359063335474,0.003970796626353729,0.004837035560635825
15.5,2.5,9438,0.0036929715263523603,0.005790446734356217,0.004006205250652708,0.004880130815637221
16.5,2.5,9439,0.0036952851163460716,0.005794066718549091,0.003977955810785666,0.004845748940320444
17.5,2.5,9440,0.0037369198332179855,0.005859209307103792,0.004022762514342705,0.004900282159943506
18.5,2.5,9441,0.003773120324572637,0.005976698126070783,0.0040697077669368375,0.004910628578447917
19.5,2.5,9442,0.0036691153708700817,0.005812306579685541,0.003991427594116333,0.0048144390903817344
20.5,2.5,9443,0.003185625514189553,0.005113662220660965,0.0035046987808325845,0.004212240966817287
21.5,2.5,9444,0.0030913078460647015,0.004937170162229388,0.003770944825320567,0.004066733234033112
22.5,2.5,9445,0.0031101588799125482,0.004989299068699311,0.0038698327846555074,0.0035722713871088278
23.5,2.5,9446,0.0037065604252046616,0.005943894493666538,0.0031852480546159024,0.004209292668075629
24.5,2.5,9447,0.0038122966353701837,0.00586992633471696,0.003145500946338915,0.004655897195663262
25.5,2.5,9448,0.003717314575735858,0.006019009666166188,0.003201406677449213,0.004653032755599461
26.5,2.5,9449,0.0036811448498491823,0.005978157279897435,0.003179616828608193,0.0040927980464377225
27.5,2.5,9450,0.003622473052440551,0.005928701331465805,0.003123633524922851,0.003892827106720278
28.5,2.5,9451,0.0035570635979266614,0.005787290107293991,0.0030672036757285097,0.003767107021135991
29.5,2.5,9452,0.003406706351189366,0.005407231103235091,0.002808843017533161,0.0032298126451297876
30.5,2.5,9453,0.0030207952440078605,0.005121789753546341,0.0026037977853155445,0.003417200297063753
31.5,2.5,9454,0.0028809642350790528,0.005129353012155897,0.002611236909444562,0.0030830310494119532
32.5,2.5,9455,0.003185906610023126,0.005045943551833802,0.0025610902255959983,0.0030206042504768126
33.5,2.5,9456,0.0027719472805589475,0.004929001109634363,0.0033538770766115794,0.002986724504063065
34.5,2.5,9457,0.0027623833795235274,0.00449958813017447,0.0033423121037627805,0.002984296315803493
35.5,2.5,9458,0.002733800354000618,0.00486131399319525,0.0032762229644659243,0.0029480271311115376
36.5,2.5,9459,0.0027228074449618354,0.004854451465226687,0.0023094722445406294,0.0033009361900846407
37.5,2.5,9460,0.002789429859681363,0.005183093178391727,0.002199141107428781,0.002932528627118323
38.5,2.5,9461,0.0031657467401952325,0.00504790125802882,0.002836470110348978,0.002832491842302868
39.5,2.5,9462,0.0031657467401952325,0.0050476838230193435,0.002836470110348978,0.0027974397889967404
40.5,2.5,9463,0.003392255792255644,0.004618111563421559,0.002142570689967985,0.002768922054744096
41.5,2.5,9464,0.003216610561910631,0.004605709707181203,0.0021232915847321492,0.002795175155779484
42.5,2.5,9465,0.003070950897672101,0.004899800475208821,0.002102330759872466,0.002795175155779484
43.5,2.5,9466,0.003070950897672101,0.00448837946247306,0.002700378483138464,0.0036864834839632835
44.5,2.5,9467,0.003070950897672101,0.0043031239060733785,0.0026543948948368483,0.0030513565507719214
45.5,2.5,9468,0.0030934163297316034,0.004262152427371201,0.0026544469847542686,0.0027543981364587496
46.5,2.5,9469,0.0030934163297316034,0.00437015419837271,0.0026595321810428587,0.0031364484479828704
47.5,2.5,9470,0.003077980327564477,0.0038136836914103704,0.0026595321810428587,0.0027642759266365
48.5,2.5,9471,0.0032114661830261832,0.0038873894427496267,0.002684750911369586,0.002745577051349373
49.5,2.5,9472,0.0031013056185411753,0.0036973169587654945,0.002720173583507109,0.0025071991771440467
50.5,2.5,9473,0.0031227530354225835,0.0037228707644071167,0.0027389924820633606,0.0025245483908514113
51.5,2.5,9474,0.0037229345932388515,0.0036926109097284473,0.0020685754490178832,0.0026938966338404843
52.5,2.5,9475,0.003992160617978354,0.004074371787763122,0.0025142441875328227,0.0024804675783953955
53.5,2.5,9476,0.003437567906626729,0.003559883250183934,0.002531642027286026,0.0024976322790494247
54.5,2.5,9477,0.002979485887597078,0.0037351558676894567,0.0025496503160306167,0.0025394841710049765
55.5,2.5,9478,0.0033787029420090185,0.003505098322316552,0.0025496503160306167,0.0025712847769614384
56.5,2.5,9479,0.0033787029420090185,0.0035409803556621993,0.002712296933648763,0.0025180216699762776
57.5,2.5,9480,0.0034484264072599693,0.0036140404604340813,0.002571767962801362,0.0028309498115883613
58.5,2.5,9481,0.004461495539538584,0.003576676746369289,0.0025451522456652704,0.0027942999552121824
59.5,2.5,9482,0.0031971828122018195,0.003504369316056799,0.0025451522456652704,0.0024732020148084104
60.5,2.5,9483,0.0028164840277388804,0.00338840579117129,0.0025451522456652704,0.0024429291206220258
61.5,2.5,9484,0.002634001337849716,0.0033468952956746474,0.002537743518576375,0.0024284416945010985
62.5,2.5,9485,0.002477900827473367,0.002835542376909778,0.001787834733902732,0.002211179358909325
63.5,2.5,9486,0.0021868556327093347,0.0031340664037551227,0.0017736865530530485,0.0021948101224454827
64.5,2.5,9487,0.0020567038960296906,0.0028088085192907244,0.0017286579236531767,0.0023232738752232886
65.5,2.5,9488,0.0019166568225820783,0.0026638136612269644,0.00216976486063773,0.0020874696178407115
66.5,2.5,9489,0.0018853053223291038,0.002713970429045593,0.00216976486063773,0.0016153779513004855
67.5,2.5,9490,0.0017531058947131662,0.002713970429045593,0.0016267222590344416,0.0015641810359874391
68.5,2.5,9491,0.0027436343443264697,0.005264002194943337,0.0021503412118974623,0.001518658268751086
69.5,2.5,9492,0.0024677095645602863,0.00327208042146211,0.002167442525594207,0.001518658268751086
70.5,2.5,9493,0.0025013275185788645,0.0032707322758369064,0.0015251632297366316,0.001518658268751086
71.5,2.5,9494,0.0022783159136564165,0.0032707322758369064,0.0017656229336255975,0.0017026415107134062
72.5,2.5,9495,0.0022467548638935822,0.003225467927000447,0.001724811392614911,0.0018236390751305818
73.5,2.5,9496,0.0021924290039707028,0.0035308090905308304,0.0017195850369773572,0.001516663600988374
74.5,2.5,9497,0.0022074932494148885,0.0035308090905308304,0.0016931977022460042,0.0017004056033802534
75.5,2.5,9498,0.0019334657869126244,0.0035308090905308304,0.0016861329469491835,0.001516663600988374
76.5,2.5,9499,0.0022074932494148885,0.0035308090905308304,0.001598017311928182,0.001516663600988374
77.5,2.5,9500,0.001914697057994695,0.003509417422507956,0.0011657358624326706,0.001507456321942568
78.5,2.5,9501,0.002213833280618821,0.003509417422507956,0.0014964624863055495,0.0018397770839054584
79.5,2.5,9502,0.002281291789626088,0.003418188792954637,0.0016389000772957997,0.0016509386075645408
80.5,2.5,9503,0.002366868744183109,NA,0.001259676786837236,0.0018774215798387944
81.5,2.5,9504,0.00264169690762309,NA,0.001399159801739387,0.002103156326537683
82.5,2.5,9505,0.0027911534025904425,NA,0.001925007175679457,0.0030128754000149673
83.5,2.5,9506,0.0028762640357242538,NA,0.0019284850266629123,0.002462533355172797
84.5,2.5,9507,0.002399219892990844,NA,0.0014841641211431795,0.002750182284334398
85.5,2.5,9508,0.0021259952653630704,NA,0.001772317096349958,0.0024427953421635893
86.5,2.5,9509,0.001959171851138237,NA,0.0026743259288402343,0.002241681076005067
87.5,2.5,9510,0.0020555698110140174,NA,0.001745559540832208,0.0021061795371302024
88.5,2.5,9511,0.001880127594722984,NA,0.001157599731848962,0.0022156484043348804
89.5,2.5,9512,0.0014538509170845164,NA,0.0019647614458819496,0.0021418796760962634
90.5,2.5,9513,0.00165940699838885,NA,NA,0.001831901091150135
91.5,2.5,9514,0.001804490691812135,NA,NA,0.002146729057030727
92.5,2.5,9515,0.0017711864574930238,NA,NA,0.0020942436802047137
93.5,2.5,9516,0.00232310354324498,NA,NA,0.002583231592897179
94.5,2.5,9517,0.0020179088752356527,NA,NA,0.0025912285005421495
95.5,2.5,9518,0.002283354304450428,NA,NA,0.004466061744557015
96.5,2.5,9519,0.002556250187960008,NA,NA,0.0026133513532773894
97.5,2.5,9520,0.0021999342954881038,NA,NA,0.0027485382512106734
98.5,2.5,9521,0.002796002050920896,NA,NA,0.00309130330795639
99.5,2.5,9522,0.0021733250632827708,NA,NA,0.002513229298520909
100.5,2.5,9523,0.001982540705924934,NA,0.0015142782711992395,0.0015147200086696247
101.5,2.5,9524,0.0011581991314278642,NA,0.001258190968603542,0.0012165589308638519
-119.5,3.5,9538,0.002834775177804725,0.017566102519842024,NA,0.0071098472535188455
-118.5,3.5,9539,0.002874851288708023,0.022262471929076464,NA,0.009558770329966382
-117.5,3.5,9540,0.002769802950350692,0.03217137743058258,NA,0.015967762192790044
-116.5,3.5,9541,0.003509370217513413,0.02800659386803685,NA,0.00955492172180017
-115.5,3.5,9542,0.0037909083537430717,0.02191849854093153,NA,0.010570823938632425
-114.5,3.5,9543,0.003779867078450571,0.01931195061871989,NA,0.0070116472597581345
-113.5,3.5,9544,0.004224769047424972,0.024763432361681225,NA,0.00914006287746857
-112.5,3.5,9545,0.004201077344959659,0.02249513231834111,NA,0.008791537225949811
-111.5,3.5,9546,0.003720616391785315,0.03235724718130914,NA,0.007172881367581555
-110.5,3.5,9547,0.003885596920578736,0.01957247655086078,NA,0.0061051546408027214
-109.5,3.5,9548,0.005695924597966145,NA,NA,0.00522384417000613
-108.5,3.5,9549,0.005700296163657708,NA,NA,0.004284042002039113
-107.5,3.5,9550,0.0037689984471920685,NA,NA,0.0031846941729205816
-106.5,3.5,9551,0.0036345626094714647,NA,NA,0.002452202822038934
-105.5,3.5,9552,0.003428940763435924,NA,NA,0.0026448566082939214
-104.5,3.5,9553,0.003190366118074015,NA,NA,0.0032972394773378034
-103.5,3.5,9554,0.0032181779315443022,NA,NA,0.0038170986044770926
-102.5,3.5,9555,0.003255188526717136,NA,NA,0.004455330588027335
-101.5,3.5,9556,0.0028491897845944135,NA,NA,0.004487728384799172
-100.5,3.5,9557,0.003740250682508642,NA,NA,0.005223569391939159
-99.5,3.5,9558,0.004509369388515116,0.007678428394571878,0.0033503998063350387,0.0055340464248908915
-98.5,3.5,9559,0.0047324930822804315,0.0075155787979536625,0.0033288711338461644,0.005511836159187365
-97.5,3.5,9560,0.006797731255210871,0.007772293131960059,0.0033288711338461644,0.005487458926926133
-96.5,3.5,9561,0.008683866956956169,0.006944792117959331,0.004703082931016812,0.008226294763736113
-95.5,3.5,9562,0.008039269453051084,0.006573489161665205,0.004073344001790646,0.007693629630779721
-94.5,3.5,9563,0.010543340929139715,0.005331359178068852,0.003965545407246208,0.005078428209880335
-93.5,3.5,9564,0.009773949467046095,0.006475825719204589,0.004059804098194451,0.007254783121020309
-92.5,3.5,9565,0.005930764798242022,0.004193493661101355,0.0032709870090505216,0.008100406477193
-91.5,3.5,9566,0.005085560770705086,0.0035353102258450287,0.002445658175483994,0.00642582135570738
-90.5,3.5,9567,0.005249108987715453,0.004030214588141557,0.0019169170661168498,0.007433916142735446
-89.5,3.5,9568,0.003995271493189297,NA,0.002359916491513457,0.004335926097290302
-88.5,3.5,9569,0.006766691394865298,NA,0.0031520836702359028,0.0074148825073442216
-87.5,3.5,9570,0.006806503977004374,NA,0.0034427901660488993,0.006585542986852572
-86.5,3.5,9571,0.005690728813087587,NA,0.003249447944351358,0.006090838260259332
-85.5,3.5,9572,0.00340683288409795,NA,0.001935169310478779,0.003654002746909248
-84.5,3.5,9573,0.0029023094352276495,NA,0.0034521722000198547,0.0023358094804281555
-83.5,3.5,9574,0.004068296089409999,NA,0.0027958766472379057,0.00812934102280953
-80.5,3.5,9575,0.0035539334392800438,NA,0.0012594950100752772,0.005242615109468183
-79.5,3.5,9576,0.001279013632320591,0.0014185646055867654,0.001074883090361533,9.730769373121754e-4
-76.5,3.5,9577,0.005869490624188024,0.0024864287712026132,0.0023320127315717737,0.0027713097500416885
-75.5,3.5,9578,0.0032801615612618653,0.003107816977738236,0.0029814539450064843,0.0028791011870931394
-74.5,3.5,9579,0.002378019901999805,0.0022967668903098844,0.0018787427154514445,0.0018121817227384994
-73.5,3.5,9580,0.0027141339982916022,0.0035823513731834773,0.003044659069331555,0.0042120144149453646
-72.5,3.5,9581,0.0022000240036691115,0.0042402866721704974,0.004777464960149301,0.0028513229460117822
-71.5,3.5,9582,0.0025467787505793907,0.004245118007839189,0.006691236807484879,0.002656885508647073
-70.5,3.5,9583,0.0024205243118804384,0.00348518162758281,0.005674571130760953,0.00368847706503186
-69.5,3.5,9584,0.008901186487798144,NA,0.004133466840681746,0.005336480482892943
-68.5,3.5,9585,0.00731560737557079,NA,0.0029804851639237857,0.009415147340770643
-67.5,3.5,9586,0.003884556515883947,NA,0.004426694938501354,0.002552514274726633
-62.5,3.5,9587,0.00946172827526002,NA,0.0020286173452809964,0.0036033415718105697
-61.5,3.5,9588,0.009285504037705507,NA,0.0027790616789490226,0.005015218215788101
-60.5,3.5,9589,0.015046378431126807,NA,0.007670870850210231,0.008223303884655787
-59.5,3.5,9590,0.014098989948772855,0.034405570364526565,0.00668746163799477,0.010473010256455691
-58.5,3.5,9591,0.014306417390619428,0.017642902305728063,0.007233057860021155,0.01505423161818032
-57.5,3.5,9592,0.02254378943267363,0.020054620867800146,0.005384493139272927,0.011711252641005634
-56.5,3.5,9593,0.018623313323645342,0.01370910347804462,0.005735217177321492,0.012079168240474386
-55.5,3.5,9594,0.01767535482694777,0.012937656417854963,0.008270194323727435,0.008794830828051154
-54.5,3.5,9595,0.011324360882992197,0.00426093470347314,0.008899527948949054,0.01112569772163092
-53.5,3.5,9596,0.009020364138160685,0.0058917872408333636,0.00897919759246775,0.009596152105271023
-52.5,3.5,9597,0.005480702857528479,0.004794183566554398,0.0036227088031769825,0.010414488489071397
-51.5,3.5,9598,0.004868136904962127,0.007268960346598156,0.005554777540714755,0.005986543867046899
-50.5,3.5,9599,0.005520918538863662,0.006934726261624383,0.0066007477343215035,0.007272538939578228
-49.5,3.5,9600,0.004684091125782735,0.006783241082452795,0.006252060876562663,0.006872046450880649
-48.5,3.5,9601,0.004704296203010674,0.0062196774645121465,0.0056337555504092,0.006129600496928651
-47.5,3.5,9602,0.004798493571548801,0.00864021055080477,0.006267667525051075,0.006376234524608724
-46.5,3.5,9603,0.00783597439463531,0.00939540341419812,0.005604335992948882,0.00769117755181832
-45.5,3.5,9604,0.008018202025903032,0.01189530686528094,0.00861193575514466,0.010777160411788545
-44.5,3.5,9605,0.0077175220103165845,0.010669987930842026,0.006219805789741586,0.010207141677296878
-43.5,3.5,9606,0.007858903913722966,0.008596333872643329,0.0060329621249531765,0.010996523489202608
-42.5,3.5,9607,0.007808635950447716,0.008541389688251131,0.007524054987979064,0.011085789666096097
-41.5,3.5,9608,0.007768671315769318,0.010728890475184815,0.00727456447490221,0.010952421880186542
-40.5,3.5,9609,0.008753883942446576,0.011042035786065775,0.00731022373398264,0.010915358504027993
-39.5,3.5,9610,0.006677715467483369,0.008805449373162706,0.00842124472692165,0.009562149820298304
-38.5,3.5,9611,0.005647056670927274,0.0065917490169485286,0.005605512160008956,0.011254935083396315
-37.5,3.5,9612,0.005817826562260017,0.007238955694535845,0.006417486633875923,0.012310676574139973
-36.5,3.5,9613,0.006219005403286828,0.008669589403705626,0.006854347103751598,0.01373049200290614
-35.5,3.5,9614,0.006948352560201122,0.012762190739140082,0.0076688260299221074,0.01524892844281074
-34.5,3.5,9615,0.006948352560201122,0.013630535972224866,0.008481754485424039,0.010931385106413076
-33.5,3.5,9616,0.006711955628350497,0.013593248916608519,0.008461701892066494,0.02176052990097779
-32.5,3.5,9617,0.007219308995842743,0.013147479700332169,0.008159452009186082,0.015120943227230519
-31.5,3.5,9618,0.007112793330303541,0.011346732005262868,0.007403653026530289,0.015193891702235644
-30.5,3.5,9619,0.006382099585572207,0.01161763425952647,0.007676408169562446,0.01514851068978853
-29.5,3.5,9620,0.005797692152399123,0.011115459732275571,0.0074502833783566475,0.014800013314931573
-28.5,3.5,9621,0.006410222725170378,0.014044548622011134,0.007472702433331386,0.014804189812196758
-27.5,3.5,9622,0.005695317018259458,0.014169208924429803,0.007671232484670193,0.012435696190997101
-26.5,3.5,9623,0.005446939645626533,0.01176995188024816,0.013228008849999395,0.011440653633264864
-25.5,3.5,9624,0.0056153926927011485,0.010907609434098698,0.008740562588437792,0.009693979634373483
-24.5,3.5,9625,0.004644598163637748,0.008905072971070677,0.009812506046024468,0.008767456099774341
-23.5,3.5,9626,0.004616310043308384,0.009870180326556257,0.0076498951661939756,0.0076617307688917
-22.5,3.5,9627,0.0046160233592822736,0.009962913524442792,0.007335381696110787,0.007103751578616945
-21.5,3.5,9628,0.004232757113877373,0.009282558343007587,0.005784746412870493,0.0061310993953862785
-20.5,3.5,9629,0.003811425762296996,0.010015701618714996,0.006283532067968302,0.006146127309892817
-19.5,3.5,9630,0.003811425762296996,0.009456955382908845,0.0058300164785833174,0.005803126080245482
-18.5,3.5,9631,0.003925534690447649,0.008877961289286737,0.005465640819030593,0.0050879086361626845
-17.5,3.5,9632,0.004021563002035785,0.008202237039171938,0.005892198703452692,0.005692571868959665
-16.5,3.5,9633,0.004371795959139014,0.007716447121321177,0.007225294079908741,0.005704043645072477
-15.5,3.5,9634,0.004379593541588884,0.007536672090174844,0.006835540904131765,0.005086596053565253
-14.5,3.5,9635,0.004497091319387398,0.007623734399868389,0.006907316821136232,0.005436862786394985
-13.5,3.5,9636,0.004606962097225896,0.006552045029996518,0.008515442271203977,0.0058703757123083735
-12.5,3.5,9637,0.004816577422172456,0.006896021498632851,0.00687300451201874,0.005952667222398999
-11.5,3.5,9638,0.004808174389743609,0.006636562080923409,0.004738621673704337,0.005486995762359692
-10.5,3.5,9639,0.005065217101799769,0.006843880692952453,0.006151149629934232,0.005837378116386458
-9.5,3.5,9640,0.005339483414562386,0.0061111010860442835,0.004201157690909041,0.005363427986567097
-8.5,3.5,9641,0.004742906542684642,0.006582376986227124,0.005817819493834858,0.004850625227161756
-7.5,3.5,9642,0.004053080550346095,0.005570152668128942,0.0028907794673458847,0.004591029154352845
-6.5,3.5,9643,0.005012598751182254,0.006450999415111568,0.0036232531112502936,0.0048423158955530525
-5.5,3.5,9644,0.005225322830557442,0.006296612679568482,0.003796669580606049,0.005498415318222767
-4.5,3.5,9645,0.005131286768356362,0.006136187464872368,0.0034468412124375454,0.005232940631354285
-3.5,3.5,9646,0.005245708956839931,0.005866010655992866,0.004427002532708284,0.005014764688266444
-2.5,3.5,9647,0.006410497674538022,0.006727460027293857,0.0039007613452761228,0.005237123120849768
-1.5,3.5,9648,0.005172639854408011,0.00591803939381775,0.0032775643014300217,0.004275045950897381
-0.5,3.5,9649,0.004801438716974362,0.005897173286445975,0.0032725404215556684,0.004831995554460576
0.5,3.5,9650,0.006850657811704542,0.007791033623338255,0.004151441281381975,0.0061680370561626825
1.5,3.5,9651,0.005408821114620858,0.005254169834162048,0.003289753633477641,0.00489822088105601
2.5,3.5,9652,0.005271139985881435,0.005129089870176285,0.0032721555474720435,0.004368562525449704
3.5,3.5,9653,0.00530852402307351,0.0051654716894972315,0.0034395495778018546,0.005026006784317996
4.5,3.5,9654,0.004614317586283562,0.0051654716894972315,0.0033189831771084162,0.0060014563915719256
5.5,3.5,9655,0.004595336778497484,0.005144235448534446,0.0033503755090997806,0.005984403559830349
6.5,3.5,9656,0.005174308101018543,0.005232570856171587,0.003326735154376386,0.0059881440687059705
7.5,3.5,9657,0.005231296049314137,0.0054740022083939605,0.0038176712719573055,0.006159644906520347
8.5,3.5,9658,0.005252654286357621,0.005192103015466191,0.0037445666515795984,0.0060837356081043315
9.5,3.5,9659,0.005153921306433067,0.004426693591574244,0.0035626044496989656,0.005296151429691896
10.5,3.5,9660,0.005741613916183975,0.00583210656740401,0.004363070309403073,0.006623842737666027
11.5,3.5,9661,0.00452868895753243,0.00492221025172718,0.0035523342335240103,0.005352681900626672
12.5,3.5,9662,0.005586192163793562,0.00566818518040064,0.004148406760565171,0.006790964986350848
13.5,3.5,9663,0.006038452559926692,0.00566818518040064,0.004148406760565172,0.006836023148853667
14.5,3.5,9664,0.0053111513094331615,0.005741678053643606,0.004155203191121521,0.0068617415583848524
15.5,3.5,9665,0.005333072912442322,0.005765366342010428,0.004169196556800864,0.007928060528413201
16.5,3.5,9666,0.005473827534000005,0.005905870678675996,0.004036832891275694,0.004865759007004567
17.5,3.5,9667,0.005346953639855302,0.005932747073939868,0.003978836099597633,0.004795910459665766
18.5,3.5,9668,0.0061327825626966564,0.00577561844898087,0.004062960165188703,0.004819663857618667
19.5,3.5,9669,0.005375867368182661,0.005885339278241346,0.0041232703397974975,0.004861256715994775
20.5,3.5,9670,0.005909218695277877,0.005593733373823449,0.003890002384395425,0.00458553079754152
21.5,3.5,9671,0.004531580550059476,0.004975441776072334,0.003379646019123849,0.003984288231540885
22.5,3.5,9672,0.005590598666109149,0.005808658069151213,0.0039050713685329567,0.00463824072213558
23.5,3.5,9673,0.005606589989078335,0.005850654775346931,0.003945852068270992,0.004686641892911349
24.5,3.5,9674,0.00562452910586862,0.005899532132923708,0.003958498560777478,0.004663541012829417
25.5,3.5,9675,0.006399939756701274,0.005849753869927669,0.0039250334197531225,0.004532901100655852
26.5,3.5,9676,0.005427796467018006,0.006003016142232357,0.0040223817288226405,0.0046381264920697905
27.5,3.5,9677,0.005311218803475138,0.0060221254475211275,0.004015142912734149,0.004587633718483852
28.5,3.5,9678,0.005350096054578805,0.0060129200586371894,0.004036942301722743,0.004587633718483852
29.5,3.5,9679,0.005250611929050585,0.005288166668326583,0.0035217958912022664,0.003963278338630743
30.5,3.5,9680,0.004945343202758092,0.005307443481440604,0.003855883980304678,0.003764640996649521
31.5,3.5,9681,0.004745305215354029,0.005268319831307621,0.0039039950321651355,0.0031008821968781944
32.5,3.5,9682,0.0031933697395066726,0.005300424049400189,0.0027004921805289157,0.0031008821968781944
33.5,3.5,9683,0.0032182081948487016,0.005143772023899513,0.0025845521885422664,0.003009040147981969
34.5,3.5,9684,0.002802954195778396,0.00510524268214316,0.0025686693278838975,0.00304236282895935
35.5,3.5,9685,0.0027949218569841396,0.00507249793094348,0.0025446217946708274,0.0029900403473090286
36.5,3.5,9686,0.0027660030820874644,0.005020131941103763,0.0024988467460100097,0.0029782531606160905
37.5,3.5,9687,0.0029424105045133347,0.005020131941103763,0.0033077483240317837,0.00296503540641407
38.5,3.5,9688,0.003202490604622541,0.005020131941103763,0.002475011689964558,0.00296503540641407
39.5,3.5,9689,0.003224935046436143,0.005100859119587701,0.0023929656845479937,0.0033471201877969706
40.5,3.5,9690,0.0032028551793705125,0.0051008591195877,0.0022350201701467607,0.0029502381231926666
41.5,3.5,9691,0.0031886438092452152,0.005100859119587701,0.002836470110348978,0.0029515858874608696
42.5,3.5,9692,0.003153723996349949,0.004951471575979691,0.002836470110348978,0.0033486486517033793
43.5,3.5,9693,0.0031768542489449413,0.004821432982427726,0.002836470110348978,0.0032759739850614605
44.5,3.5,9694,0.0031768542489449413,0.004424059345819324,0.002836470110348978,0.00324387384213885
45.5,3.5,9695,0.0031768542489449413,0.004685234224939142,0.002825065524550256,0.002845948336708013
46.5,3.5,9696,0.0031768542489449413,0.004842000431792361,0.0028057157012731696,0.002759694626699617
47.5,3.5,9697,0.003204623289031529,0.004804709681225079,0.0027793191189484047,0.0027315606211670705
48.5,3.5,9698,0.003204623289031529,0.00444100187797045,0.002774518907710738,0.0027315606211670705
49.5,3.5,9699,0.003204623289031529,0.00444100187797045,0.002774518907710738,0.0027315606211670705
50.5,3.5,9700,0.003139600770128584,0.00444100187797045,0.0020475127308489196,0.002872394370805509
51.5,3.5,9701,0.003139600770128584,0.004398723416608463,0.0026876594195962477,0.00261862612249051
52.5,3.5,9702,0.004746068036059111,0.004299711290780698,0.0026543948948368483,0.002647734406860553
53.5,3.5,9703,0.004483992104070326,0.004685968425552073,0.00280027325166734,0.00261862612249051
54.5,3.5,9704,0.005607037029760745,0.004077591228203311,0.002655198205795639,0.00261862612249051
55.5,3.5,9705,0.005585618433034357,0.003922988794097393,0.0026829616239519927,0.00264600814831992
56.5,3.5,9706,0.005570987079484919,0.003922988794097393,0.0026829616239519927,0.00264600814831992
57.5,3.5,9707,0.005384566165194918,0.004151225888866022,0.002690232010577353,0.0026117463005449777
58.5,3.5,9708,0.004562794765425282,0.0038088780767539707,0.002690232010577353,0.0029689029132805604
59.5,3.5,9709,0.00448515208382391,0.0038088780767539707,0.00202936728247536,0.0030714405490225023
60.5,3.5,9710,0.004430063075230558,0.004187476181113878,0.002690232010577353,0.003038405246207942
61.5,3.5,9711,0.004165530243017789,0.0038309806940982918,0.002682402104035537,0.0027121292481627475
62.5,3.5,9712,0.0037842755500384385,0.0038519523063630665,0.001866438990949296,0.0024733335004819084
63.5,3.5,9713,0.003748026463824007,0.0038519523063630656,0.001866438990949296,0.002794544481123608
64.5,3.5,9714,0.0037377996674452566,0.0038593227189566144,0.0024743775704980874,0.002648658040250351
65.5,3.5,9715,0.0035902364345374283,0.0036999501944233702,0.0017891521749794346,0.0022410689184019024
66.5,3.5,9716,0.00324643701438806,0.003326653821167397,0.0023095194247616264,0.002388374856732472
67.5,3.5,9717,0.003172704249802364,0.003412045113386688,0.0017983767966278873,0.0021470976405620038
68.5,3.5,9718,0.003109656463469674,0.0034501401769536223,0.0017983767966278875,0.0021470976405620038
69.5,3.5,9719,0.0032355963223391526,0.0035463037305246995,0.0024781140939827296,0.0022130474701763316
70.5,3.5,9720,0.0031809983203670913,0.0037631803139539875,0.0018373963504414181,0.0024438517270584793
71.5,3.5,9721,0.0030271615264857938,0.0036486583344070935,0.0017831681695308678,0.0020929215239906688
72.5,3.5,9722,0.003153938843717396,0.0033750930960740155,0.0022860289179364285,0.002396855757711431
73.5,3.5,9723,0.0031483833000316877,0.004917680796083284,0.002288010603732071,0.002363656489696768
74.5,3.5,9724,0.0028330842730453225,0.0035135441851043246,0.0021034372704988014,0.002965262491442444
75.5,3.5,9725,0.0032926636481368943,0.003560579893830641,0.0017896548890971487,0.0026661147187751933
76.5,3.5,9726,0.003981143474193578,0.0038390879498663966,0.0013194588911469227,0.0026823369729406937
77.5,3.5,9727,0.004075174357995407,0.0035703774695969187,0.0017412331144316003,0.0029539180533805576
78.5,3.5,9728,0.0033411859454106716,0.0032362951027456632,0.0017665863755315966,0.0025248833915251416
79.5,3.5,9729,0.0039027911410238433,0.002997572300940672,0.0013386791353732549,0.0024609802697270447
80.5,3.5,9730,0.0037797217008309005,NA,0.0019801582333014364,0.0024662452622186077
81.5,3.5,9731,0.0029876874333037264,NA,0.002410382557955486,0.0023293489783552867
82.5,3.5,9732,0.003827792497687667,NA,0.002669440883500511,0.002939161868781625
83.5,3.5,9733,0.0039808228891579055,NA,0.0028226930863348583,0.0029510656963124653
84.5,3.5,9734,0.003313864101026569,NA,0.0021492156709280626,0.0029203257974644557
85.5,3.5,9735,0.003400512121949998,NA,0.002926426644926677,0.0025834360211327654
86.5,3.5,9736,0.003731320012113432,NA,0.0029579452760266803,0.002609007610868616
87.5,3.5,9737,0.002810811399554057,NA,0.0029177093871498323,0.0026349147078422227
88.5,3.5,9738,0.0024807293510853254,NA,0.001948404999718404,0.0023665224765019293
89.5,3.5,9739,0.0019167013046418697,NA,0.0021369142446068207,0.001982699081820006
90.5,3.5,9740,0.0017822427674838075,NA,NA,0.0018602019266679725
91.5,3.5,9741,0.0017865077152070584,NA,NA,0.0018729668415185378
92.5,3.5,9742,0.0017894920294388532,NA,NA,0.0018760953120056988
93.5,3.5,9743,0.0018950722477295721,NA,NA,0.002054044592751814
94.5,3.5,9744,0.0022146049391352433,NA,NA,0.0026909964918609853
95.5,3.5,9745,0.002049264696412395,NA,NA,0.0026909964918609853
96.5,3.5,9746,0.0023528337188851605,NA,NA,0.002721322731918095
97.5,3.5,9747,0.0024142546457274687,NA,NA,0.0032235351236841957
98.5,3.5,9748,0.0017339978911766044,NA,NA,0.002060140897528327
99.5,3.5,9749,0.002088963612691852,NA,NA,0.0028099346164246327
100.5,3.5,9750,0.0019583082953430163,NA,0.0018001716941179438,0.0022818158582549406
101.5,3.5,9751,0.0013090115519435992,NA,0.0012125753134103556,0.001338653094960216
102.5,3.5,9752,0.001218622824143603,NA,0.0012921751592203932,0.0013036120946769917
-119.5,4.5,9765,0.0039586505134794866,0.014513753287699634,NA,0.008323896660900063
-118.5,4.5,9766,0.0045087828945676155,0.015195352461588391,NA,0.015741226105788902
-117.5,4.5,9767,0.005977645235468786,0.01534811218241662,NA,0.00963822764950529
-116.5,4.5,9768,0.00686113331112041,0.017145724652157985,NA,0.011037497927355694
-115.5,4.5,9769,0.007964800303520616,0.023104236329238782,NA,0.012498672907889946
-114.5,4.5,9770,0.008929286707721381,0.022699270164182002,NA,0.012368563136671604
-113.5,4.5,9771,0.007199942990273256,0.025859232097890185,NA,0.009748892284539835
-112.5,4.5,9772,0.009096776672101674,0.019726886030784596,NA,0.009068812332993066
-111.5,4.5,9773,0.010577355876176418,0.019271085315714625,NA,0.008389944090857155
-110.5,4.5,9774,0.009514595813001231,0.01976280610498435,NA,0.007808659134356259
-109.5,4.5,9775,0.007412667989789674,NA,NA,0.00718540168154171
-108.5,4.5,9776,0.0056860348726735285,NA,NA,0.006767960949649533
-107.5,4.5,9777,0.0038575795376409906,NA,NA,0.003874388788411851
-106.5,4.5,9778,0.004265407358180894,NA,NA,0.004122295505877065
-105.5,4.5,9779,0.003320598395020538,NA,NA,0.0034447771679183723
-104.5,4.5,9780,0.0027912096186640746,NA,NA,0.0037207032294627137
-103.5,4.5,9781,0.003420735244084074,NA,NA,0.004705354617036856
-102.5,4.5,9782,0.004553436723122265,NA,NA,0.005639844851333588
-101.5,4.5,9783,0.004967159975258012,NA,NA,0.005985763400525871
-100.5,4.5,9784,0.005428283292645085,NA,NA,0.00641525302453984
-99.5,4.5,9785,0.004260720209723853,0.004776069370560522,0.002994075278299224,0.004443134191981924
-98.5,4.5,9786,0.003995427089957427,0.004689242866176596,0.003061599044796432,0.004684460532416701
-97.5,4.5,9787,0.003857672443561458,0.0037683997262986267,0.003069000891922923,0.0071058958454730085
-96.5,4.5,9788,0.005090587933301734,0.0034814431461909073,0.0029837635868151546,0.006723586705644596
-95.5,4.5,9789,0.006457904588375826,0.00298106358156673,0.0029837635868151546,0.007798726705464799
-94.5,4.5,9790,0.005460340720010019,0.0029356155697846287,0.0029727904703041063,0.007551756252216288
-93.5,4.5,9791,0.003994276626453741,0.0031667531918946703,0.003852998954470029,0.007687817983367701
-92.5,4.5,9792,0.004440022696203388,0.0031916899059967565,0.003800351253519284,0.00822239593919982
-91.5,4.5,9793,0.0034367583066389875,0.0038541730857068104,0.0033332773319456744,0.007492844252477932
-90.5,4.5,9794,0.003054373436186031,0.0036113668056913014,0.0026386024434492165,0.005886252682985454
-89.5,4.5,9795,0.003016554590240066,NA,0.0027497012550557125,0.007403940825429175
-88.5,4.5,9796,0.0034064099682492442,NA,0.002959794696759454,0.00837536800882597
-87.5,4.5,9797,0.004067382179053747,NA,0.0026100071767844275,0.008576664888643025
-86.5,4.5,9798,0.002836403298825346,NA,0.0017884565877058043,0.003954770787050117
-85.5,4.5,9799,0.0028567286184756776,NA,0.002269821660968732,0.007727253084417771
-84.5,4.5,9800,0.0020609351195261293,NA,8.463403443401331e-4,0.001650890312617282
-81.5,4.5,9801,0.002876262519345331,NA,9.993095780410992e-4,0.0019335173029003123
-80.5,4.5,9802,0.00154346090243286,NA,0.0012451021029140715,9.174707503696299e-4
-79.5,4.5,9803,9.053964206775479e-4,0.0013936661296178798,0.0010515356237170955,9.60756342880511e-4
-76.5,4.5,9804,0.0017778727793227851,0.003101107869553919,0.0022742991164636144,0.0020641623812496287
-75.5,4.5,9805,0.00272283364373855,0.0016257676867540928,0.003727086923394709,0.001955821215840514
-74.5,4.5,9806,0.0031058063215325636,0.004161526341967462,0.006532503118827001,0.0035513024780958694
-73.5,4.5,9807,0.0035303485024365494,0.004240678437550221,0.0034061816905745766,0.004108303944045052
-72.5,4.5,9808,0.00525775024107438,0.008857941373948224,0.009936052697501056,0.004662852532464449
-71.5,4.5,9809,0.0027081616455332564,0.0028051201477140683,0.009300357232287792,0.0037160250111719488
-70.5,4.5,9810,0.004298884232699358,0.0026904719789902854,0.008319227036093205,0.006751703656622874
-69.5,4.5,9811,0.005369618239214531,NA,0.006339420892663483,0.006451346538025359
-68.5,4.5,9812,0.003991260351130235,NA,0.005271109893453148,0.008292585589904639
-67.5,4.5,9813,0.004486295090690791,NA,0.00728638481303132,0.014977473407647442
-66.5,4.5,9814,0.0036328162217875433,NA,0.003619890654214246,0.00899322255330598
-60.5,4.5,9815,0.008161401456597099,NA,0.013663948880770636,0.014275877813968269
-59.5,4.5,9816,0.009174898481572036,0.012591656087016569,0.010451782180561173,0.016035575627117857
-58.5,4.5,9817,0.011869960779567205,0.017956581388495547,0.01406938553472403,0.011084079201160427
-57.5,4.5,9818,0.023416652393445102,0.014930971850660122,0.01452784468803872,0.012642236561868822
-56.5,4.5,9819,0.015145560596635764,0.013861676315702082,0.014800255039075397,0.01084452548820884
-55.5,4.5,9820,0.01676739118728561,0.018061123915218108,0.007594766251470919,0.015511293342972148
-54.5,4.5,9821,0.007946612240313951,0.005559889208215182,0.006837098826197439,0.0058108878583608345
-53.5,4.5,9822,0.0076113047471619245,0.006725723442160507,0.005038396315938431,0.0050916648007354815
-52.5,4.5,9823,0.004695066202207086,0.007286605456012292,0.004293316829840076,0.009846030197754345
-51.5,4.5,9824,0.01155430760520241,0.013456719264775117,0.013406232917609031,0.012847345811431148
-50.5,4.5,9825,0.006769859432065383,0.011077565683298358,0.005149911532550953,0.011312768440605395
-49.5,4.5,9826,0.006532246435822875,0.011532992892580616,0.006835678381452057,0.014223261408262997
-48.5,4.5,9827,0.007866387029838374,0.0134442628420492,0.0066305217317496066,0.006925400003229995
-47.5,4.5,9828,0.006710837071272592,0.018053910384896617,0.006004736322339286,0.0057405943139920215
-46.5,4.5,9829,0.006112508311177639,0.0157372530966249,0.007387901779563603,0.00818779732136655
-45.5,4.5,9830,0.007940648377988548,0.01583704522591118,0.011582695790602901,0.011652897693034844
-44.5,4.5,9831,0.007654528117158061,0.013751324757436645,0.010979070618796988,0.010958000355296302
-43.5,4.5,9832,0.007754005567007342,0.010896653735752,0.008207300885027875,0.013691316487147403
-42.5,4.5,9833,0.008075245440569397,0.010582616321756779,0.011750182448217883,0.013548796967977414
-41.5,4.5,9834,0.008503249413518233,0.009911915194814231,0.008828114377258224,0.01350316971386267
-40.5,4.5,9835,0.00880260987488066,0.012701370780513225,0.012661196227881637,0.020304445960785174
-39.5,4.5,9836,0.0066108432843993755,0.011610860209344777,0.018370181392615162,0.017769634626560563
-38.5,4.5,9837,0.005931732846232025,0.008490437362534497,0.016617020599358545,0.016242847188857882
-37.5,4.5,9838,0.005021988276721943,0.007773361094148307,0.01068567305423782,0.01465129498996696
-36.5,4.5,9839,0.005505449831408515,0.008669874314268938,0.011601902574488671,0.01337106312585086
-35.5,4.5,9840,0.006525459457568588,0.010139644810669878,0.011021094580626964,0.014682623699467283
-34.5,4.5,9841,0.006972741152941389,0.01114801005834111,0.011994993883039472,0.015784051257793637
-33.5,4.5,9842,0.006017773051471973,0.014428782807044951,0.013327873214939633,0.015784051257793637
-32.5,4.5,9843,0.004331801529966907,0.012744751186864241,0.01595853521220729,0.014317606724501991
-31.5,4.5,9844,0.0037838514414858834,0.010659767203105188,0.009347025121556125,0.013672414664977128
-30.5,4.5,9845,0.004978973838124005,0.012618305997303146,0.009017896485013496,0.01544908571055038
-29.5,4.5,9846,0.00450066179909864,0.011446178341396683,0.008298557858651419,0.015085451570843404
-28.5,4.5,9847,0.004902065477955202,0.013270085766218092,0.009035631176926691,0.016818188105589646
-27.5,4.5,9848,0.005598000462259198,0.01707667872069718,0.009180200138777043,0.014332462198403274
-26.5,4.5,9849,0.005920026329550956,0.015983072544962815,0.008332874602327487,0.012170082585568145
-25.5,4.5,9850,0.004662150070875897,0.010165316214120063,0.007896219749245106,0.009932561203051846
-24.5,4.5,9851,0.004249587054598092,0.00981770811005463,0.008351675537071173,0.009717863290780566
-23.5,4.5,9852,0.0037190092991086585,0.009517485224821064,0.008351351588118951,0.009585478757264348
-22.5,4.5,9853,0.0037409405121209736,0.009634590751899076,0.009184168454137963,0.010923063318479618
-21.5,4.5,9854,0.0037325765787950952,0.010350575081065133,0.009412046324732288,0.007966325294458057
-20.5,4.5,9855,0.0038633453039005577,0.010188860472986748,0.006763100296577576,0.00715231573301849
-19.5,4.5,9856,0.003753044702767631,0.010009454053869788,0.006789255708813355,0.005014937240819153
-18.5,4.5,9857,0.003754437104038155,0.010306528511019224,0.0064760947188831595,0.005393096452350874
-17.5,4.5,9858,0.004271785732547783,0.01137992888303483,0.006524527099227257,0.0060638817880824415
-16.5,4.5,9859,0.0043760534116176544,0.01009041782483181,0.006901547548548434,0.006231836786487903
-15.5,4.5,9860,0.004421832810635618,0.007966771077792636,0.007808701882910184,0.005959913891622291
-14.5,4.5,9861,0.004666400694128904,0.008338532908113597,0.008653017762985063,0.006215587132357906
-13.5,4.5,9862,0.004757684411653146,0.008283035666965323,0.00915628168747654,0.006529310651788435
-12.5,4.5,9863,0.004972413276163467,0.009236327282328037,0.009685108409293102,0.007315418031258533
-11.5,4.5,9864,0.005452988866610391,0.00806096686585086,0.009792697448748293,0.007446858600827406
-10.5,4.5,9865,0.005270263033728359,0.007525364745441946,0.012534463970471796,0.005501412870091908
-9.5,4.5,9866,0.004633295896651574,0.0064060058048266665,0.008094415467664028,0.00401124930205032
-8.5,4.5,9867,0.006025301375334117,0.009104468624801547,0.006157288453850116,0.004399277288796502
-7.5,4.5,9868,0.004748940865964746,0.006051767223373968,0.006272306834464323,0.0038995858085030663
-6.5,4.5,9869,0.005107424321086352,0.00676192198637313,0.007229082644641384,0.004811096144589289
-5.5,4.5,9870,0.005264428393348231,0.006629724979158091,0.00552404983035865,0.005694236254643761
-4.5,4.5,9871,0.005206360688434477,0.006444440217208234,0.005190707899984892,0.005418565124425222
-3.5,4.5,9872,0.005184957221115168,0.006166634240727745,0.0039159472907634545,0.005506004861471398
-2.5,4.5,9873,0.004314485839525131,0.005548101874254059,0.0031631821757698397,0.004730468751504484
-1.5,4.5,9874,0.005622550140472455,0.007236574467714248,0.004540126636884527,0.005965853132871432
-0.5,4.5,9875,0.0057993003819810564,0.008615334925820346,0.0045245925463652595,0.005492117795230078
0.5,4.5,9876,0.0057437090957573956,0.008329124483330065,0.004518960268324228,0.006204018748381537
1.5,4.5,9877,0.00465813421120381,0.005949345952176418,0.0037162224176380343,0.0049646407868268235
2.5,4.5,9878,0.0046049263786616555,0.005880051626660555,0.0034996473763778137,0.004941156501637634
3.5,4.5,9879,0.004637607516829228,0.005921728485037377,0.003253847172830707,0.0049762119339237685
4.5,4.5,9880,0.004610578409360544,0.005903017452478817,0.003366491699189417,0.004986521166187074
5.5,4.5,9881,0.004569852575265356,0.005775192692772511,0.003219744703633266,0.00482905808221667
6.5,4.5,9882,0.00462745766847897,0.005870588043903579,0.0032373040445222113,0.004848503974690307
7.5,4.5,9883,0.004684945072228289,0.005885714322350388,0.0032448296501233517,0.0048362581174894006
8.5,4.5,9884,0.004111095151264149,0.0051655478073958615,0.0028214356549928973,0.004225938765583087
9.5,4.5,9885,0.004632101434954636,0.005843151105682957,0.0032435024817121,0.005600700330300018
10.5,4.5,9886,0.004656660855386126,0.005838966671867546,0.0032435024817121,0.005669130960806787
11.5,4.5,9887,0.005649249522231111,0.007248056279379012,0.004042554905431304,0.0073565568868911
12.5,4.5,9888,0.0045043270916428095,0.0057514552304457605,0.0032681377273272782,0.005919134319818062
13.5,4.5,9889,0.005051095625946935,0.005712342352514839,0.0033119897973339788,0.0059881440687059705
14.5,4.5,9890,0.004500149091773339,0.005735910309583554,0.0033119897973339788,0.0060128430459561325
15.5,4.5,9891,0.004614317586283561,0.005782638966318674,0.003335525719676038,0.006055455375382953
16.5,4.5,9892,0.004549176395158619,0.005649715271472535,0.0032749804028406318,0.005873066161650373
17.5,4.5,9893,0.00475543185504117,0.005589523519820477,0.0034236636841457296,0.006138975392432063
18.5,4.5,9894,0.004818241870330807,0.004768194000936317,0.0030323092481259668,0.004790162340528738
19.5,4.5,9895,0.0053224185650839065,0.005879362887339861,0.0036989357653402772,0.005831859601122305
20.5,4.5,9896,0.004022709044882527,0.004987044284125907,0.003212771128726887,0.004964500802958304
21.5,4.5,9897,0.004967087131481283,0.005083789272542676,0.0034541646178635243,0.00541785343645124
22.5,4.5,9898,0.004585922405796291,0.005097884354097105,0.003684519180980399,0.0057784049759751505
23.5,4.5,9899,0.004579769989269932,0.0050910486086358855,0.0036795716055738775,0.005723936312344824
24.5,4.5,9900,0.0046093487448362475,0.005123912494236354,0.003628252875972174,0.005760861977063689
25.5,4.5,9901,0.004590388281918976,0.0051028462346770454,0.003650910722008723,0.005759432188808852
26.5,4.5,9902,0.004710862679947091,0.005258258465298412,0.003963214826259211,0.005917676541835937
27.5,4.5,9903,0.004702390699788564,0.005227841013781117,0.0039319721479662536,0.006087171544176165
28.5,4.5,9904,0.004555952379288684,0.005113035330747659,0.004005246836832712,0.005825162835077305
29.5,4.5,9905,0.004048346025148828,0.004543644283632158,0.0034109059456790087,0.006732416463483295
30.5,4.5,9906,0.004048346025148828,0.004641851486070618,0.0034109059456790087,0.004842663367552567
31.5,4.5,9907,0.003939127974572336,0.00460761149871235,0.0033857149756716946,0.004271003274415542
32.5,4.5,9908,0.003939127974572336,0.004642815054843167,0.004589749246544123,0.004243983144100667
33.5,4.5,9909,0.003947727281214471,0.005105288868915454,0.0034255705368029434,0.004755884021750486
34.5,4.5,9910,0.004545426054921176,0.005302993791647678,0.0033998673726199505,0.004225607318413257
35.5,4.5,9911,0.004256323016388979,0.005302993791647677,0.003405086052229018,0.004185370798599933
36.5,4.5,9912,0.004495014211174044,0.004698865873136698,0.003167726632028884,0.004449843081887421
37.5,4.5,9913,0.003854466943258917,0.005153020697197347,0.003147369690813635,0.004112955923512956
38.5,4.5,9914,0.00427940525712143,0.0051439534697666845,0.00311481556445132,0.004597287581852146
39.5,4.5,9915,0.00406869793262726,0.005143953469766684,0.004065857625071963,0.004064384306215538
40.5,4.5,9916,0.003662062963771099,0.005327447318090099,0.003053263732850499,0.004637085446211189
41.5,4.5,9917,0.004072184886587116,0.004677388956561117,0.0040290030344733215,0.004099587925687219
42.5,4.5,9918,0.0040821979589229646,0.005135337898072916,0.003997948443300504,0.004618474664020968
43.5,4.5,9919,0.004124820733697048,0.004753998452210297,0.0030523459585820047,0.0040874853068253005
44.5,4.5,9920,0.004124820733697048,0.004746722258455944,0.004039695125741715,0.003963753231579238
45.5,4.5,9921,0.004124820733697048,0.004746722258455944,0.004162330730753724,0.004483521624311736
46.5,4.5,9922,0.004037991449066116,0.004732103992348123,0.00387069880854177,0.003990251065330182
47.5,4.5,9923,0.004067580691348275,0.005182652603413888,0.002898380360147232,0.004007734293886022
48.5,4.5,9924,0.00404954804018116,0.005182652603413887,0.0027595115951979336,0.0039877541382289895
49.5,4.5,9925,0.003528330291443777,0.004732103992348123,0.003583260270477395,0.0039877541382289895
50.5,4.5,9926,0.00404954804018116,0.004732103992348123,0.003811590697937392,0.003955311307482021
51.5,4.5,9927,0.00404954804018116,0.004732103992348123,0.003614311762672687,0.003955311307482021
52.5,4.5,9928,0.0051172541748293835,0.006038246086523589,0.003614311762672687,0.003955311307482021
53.5,4.5,9929,0.003917326041700679,0.004623361181806974,0.0036619540509515657,0.0038970957177139353
54.5,4.5,9930,0.004004017920549475,0.004844883568715278,0.0036619540509515657,0.003854305463018443
55.5,4.5,9931,0.003941174018846904,0.004396433636237422,0.0036619540509515657,0.003854305463018443
56.5,4.5,9932,0.0039042466252739013,0.004396433636237422,0.002766672793360776,0.0034649958934459156
57.5,4.5,9933,0.0039578598419486325,0.004463609068552897,0.002766672793360776,0.0034649958934459156
58.5,4.5,9934,0.0039716358658062724,0.004941782363989613,0.002766672793360776,0.0043157989750419855
59.5,4.5,9935,0.0034132210887493956,0.00446410026453507,0.0036619540509515657,0.004014970289717623
60.5,4.5,9936,0.003338631227884226,0.004798281504095545,0.003696978065276422,0.003663771998445699
61.5,4.5,9937,0.0037664774973635994,0.004797721167320217,0.003613220484852023,0.00356614940934209
62.5,4.5,9938,0.00400120861521718,0.004380488826836597,0.003613220484852023,0.0035697056737610112
63.5,4.5,9939,0.004070595910125843,0.004728260980135484,0.0027021099439901554,0.0035610529427325113
64.5,4.5,9940,0.003601926054769118,0.004394108763534737,0.002346220954141843,0.0036869109502811665
65.5,4.5,9941,0.003644637848366874,0.004584185937208411,0.002060331629530369,0.0030394119822636572
66.5,4.5,9942,0.0035814231648077176,0.0037054717556406795,0.002734909910984871,0.0031938444277725127
67.5,4.5,9943,0.0034512637591867677,0.0035543549142754583,0.0020670309832374325,0.0033522663230391683
68.5,4.5,9944,0.003411188979325647,0.003542631556401752,0.002161620580863171,0.0035265915621787596
69.5,4.5,9945,0.0033625079052583976,0.003819866490770421,0.0021481643180615998,0.002580761773589107
70.5,4.5,9946,0.0034268752830383742,0.0037984569671772766,0.0021305441615280117,0.002200550869733089
71.5,4.5,9947,0.0032826858473541222,0.0038482543842651216,0.002249810616803071,0.001381080626599005
72.5,4.5,9948,0.0032005215583026446,0.003751987433080115,0.001730481248503329,0.002077951731499057
73.5,4.5,9949,0.0032005215583026446,0.004393749587186953,0.0016224266693253956,0.0030158112192019736
74.5,4.5,9950,0.002735676423002713,0.0038240235309660213,0.0010929774104441942,0.002643658827979685
75.5,4.5,9951,0.0031377200292682277,0.0038497278277671715,0.0012715096926507192,0.0025050630525352124
76.5,4.5,9952,0.003118702466704946,0.003826411386548109,0.0016307683150930047,0.002493591503756406
77.5,4.5,9953,0.0030955721653724397,0.004264294870509147,0.001883051726036404,0.0022277488945587815
78.5,4.5,9954,0.00305642907823865,0.004610160617701707,0.0025068085572433185,0.002497422567065677
79.5,4.5,9955,0.003597204664888789,0.004669727176906332,0.00185697615733778,0.0026242609357268656
80.5,4.5,9956,0.003172436039573388,NA,0.0019046187141487515,0.0026402714245099797
81.5,4.5,9957,0.0028469588683387964,NA,0.0025201988341802956,0.0026438014357574786
82.5,4.5,9958,0.0031425025237077266,NA,0.0027921299789288798,0.0029752336619019407
83.5,4.5,9959,0.0035076109578252865,NA,0.002901744021322918,0.0027472854653045405
84.5,4.5,9960,0.003417504584060492,NA,0.003049054182289955,0.002771778397982742
85.5,4.5,9961,0.0029130482378942326,NA,0.0023220836680359854,0.003074446072478699
86.5,4.5,9962,0.0033814558213592243,NA,0.003061117389162457,0.0031695794245027433
87.5,4.5,9963,0.0027686823565351852,NA,0.0030562723374213986,0.003638891760523523
88.5,4.5,9964,0.0025247095691441623,NA,0.003055012835393391,0.0038395798585254704
89.5,4.5,9965,0.002528276586607043,NA,0.0029287447000837592,0.003431314262902793
90.5,4.5,9966,0.002535884393650146,NA,NA,0.0034179923132201654
91.5,4.5,9967,0.002075089009368492,NA,NA,0.0026377696148955888
92.5,4.5,9968,0.0018346897623454249,NA,NA,0.002517338337652076
93.5,4.5,9969,0.0016116834662148888,NA,NA,0.002360374143160627
94.5,4.5,9970,0.00225071153497015,NA,NA,0.0021705651552448232
95.5,4.5,9971,0.002634055791244937,NA,NA,0.0026917805701210844
96.5,4.5,9972,0.0020769996872566404,NA,NA,0.002872506430670416
97.5,4.5,9973,0.0020988961122220826,NA,NA,0.0030356673740087065
98.5,4.5,9974,0.0019255604588751065,NA,NA,0.0022780716180515813
99.5,4.5,9975,0.0018428701718538009,NA,NA,0.002185621585996073
100.5,4.5,9976,0.0029066762718631158,NA,0.0020217314715853703,0.0022197055101382643
101.5,4.5,9977,0.0024101866567495757,NA,0.0018594067788754384,0.0028281466270392948
102.5,4.5,9978,0.001182322004289691,NA,0.0011547259891816195,0.0012138518247903057
-119.5,5.5,9990,0.004954115097276174,0.018303048261692278,NA,0.004712588954524722
-118.5,5.5,9991,0.0049065660694952665,0.013788062725749341,NA,0.007041682887184739
-117.5,5.5,9992,0.006785924808373769,0.013800871155744776,NA,0.010250252683224916
-116.5,5.5,9993,0.007545767980712123,0.02157176669406602,NA,0.01279852468615278
-115.5,5.5,9994,0.008807570240872984,0.01538383820654621,NA,0.011844678456717656
-114.5,5.5,9995,0.012707066485179162,0.0214086790197162,NA,0.013290044661858218
-113.5,5.5,9996,0.014716078350929078,0.025948968217993224,NA,0.015972900052433705
-112.5,5.5,9997,0.012182792198835642,0.017879055298416883,NA,0.010680794816157156
-111.5,5.5,9998,0.015441178198316424,0.01944239697073484,NA,0.010773613925969054
-110.5,5.5,9999,0.015784911247033632,0.01606570501608974,NA,0.010181074274329377
-109.5,5.5,10000,0.013889766747168606,NA,NA,0.010110387697534954
-108.5,5.5,10001,0.010011961384105216,NA,NA,0.00879257308451337
-107.5,5.5,10002,0.007609091505413467,NA,NA,0.006400554370584093
-106.5,5.5,10003,0.005574387365154314,NA,NA,0.007141484975531225
-105.5,5.5,10004,0.008158958103079449,NA,NA,0.006574333420403981
-104.5,5.5,10005,0.005161888870017202,NA,NA,0.004878238028722047
-103.5,5.5,10006,0.004844181459597358,NA,NA,0.005203442745717142
-102.5,5.5,10007,0.005558185537674608,NA,NA,0.00722108510080365
-101.5,5.5,10008,0.005405845528403822,NA,NA,0.009772007083691258
-100.5,5.5,10009,0.006089735005618436,NA,NA,0.01009079755590704
-99.5,5.5,10010,0.005668354772619854,0.002310118002476475,0.0026299397999530933,0.00760127835991509
-98.5,5.5,10011,0.004544624089695858,0.0022312079803042837,0.002560871933149357,0.004483700408817951
-97.5,5.5,10012,0.003610350551335771,0.004516895887273018,0.0031588434465199254,0.005804280178237071
-96.5,5.5,10013,0.004905780424350299,0.004816759675460823,0.0030466861829063167,0.006582267545223206
-95.5,5.5,10014,0.003950762310649966,0.0031085939643317527,0.003018687411248626,0.006986319394089856
-94.5,5.5,10015,0.0044352864414929265,0.0031002910594499214,0.003018687411248626,0.0072574177520497215
-93.5,5.5,10016,0.00474392925834517,0.0033449010165145314,0.0029537505515226064,0.008740025358425359
-92.5,5.5,10017,0.0031473119406252546,0.004281927967384344,0.0038381803934598962,0.010819471167571978
-91.5,5.5,10018,0.0028604743454821355,0.003543898705966132,0.0031612543987790077,0.008165018844591494
-90.5,5.5,10019,0.0023286287166882727,0.0036455619328583768,0.0030518090357157324,0.010026742754225057
-89.5,5.5,10020,0.0033715745844043465,NA,0.002866112542493581,0.014205097792459064
-88.5,5.5,10021,0.0028565022920206714,NA,0.0027811877278581154,0.009668888298588947
-87.5,5.5,10022,0.002704941977370595,NA,0.003361312441705293,0.006493835916005232
-86.5,5.5,10023,0.002895713478789532,NA,0.001908794595241343,0.005306309147902999
-85.5,5.5,10024,0.00872980668970178,NA,0.0028176068458724136,0.005169837850735658
-83.5,5.5,10025,0.004535055306638955,NA,0.0018410516011524033,0.0036001422153921253
-82.5,5.5,10026,0.0036863334530152694,NA,0.003618903854868015,0.008125737222973457
-81.5,5.5,10027,0.002265641655223046,NA,0.0027660288267836093,0.004037166050644039
-80.5,5.5,10028,0.002386604878237232,NA,0.0028863710619835897,0.002350232853364318
-76.5,5.5,10029,0.001054112753846876,0.0021590871281739073,0.002786381934970529,0.0017638352173957224
-75.5,5.5,10030,0.004296228238443364,0.0028784325106859907,0.0036958057316309914,0.00197037574364555
-74.5,5.5,10031,0.004558551110496613,0.002898403815091971,0.0038053875081017975,0.0036194643620176097
-73.5,5.5,10032,0.0048513916716416495,0.005021723863676276,0.005037301053921902,0.0040372667112349245
-72.5,5.5,10033,0.0067627884286754515,0.008680237203679012,0.004968916610723186,0.004522984417651873
-71.5,5.5,10034,0.0036571036485934056,0.006405915406794533,0.0041809884481592945,0.004672593991792745
-70.5,5.5,10035,0.0043071592642158745,0.0055840457705070585,0.0063511845792410294,0.009203530766845153
-69.5,5.5,10036,0.0045348396240920625,NA,0.015146769252459355,0.011168818422696247
-68.5,5.5,10037,0.004506151688859835,NA,0.008720096363065305,0.005990582440430229
-67.5,5.5,10038,0.004732270073425251,NA,0.008879253456667228,0.011148358472913901
-66.5,5.5,10039,0.005875418250789094,NA,0.005483952264209176,0.008425900180598125
-65.5,5.5,10040,0.0052813729316660086,NA,0.004576820513971596,0.018124395262844414
-60.5,5.5,10041,0.00225842995779967,NA,0.004978588025474804,0.009833433808946824
-59.5,5.5,10042,0.0038328314832610975,0.005746805025559311,0.004325071618105609,0.006841242795353438
-58.5,5.5,10043,0.010610313113771322,0.011764389580257571,0.013276888835973352,0.008982177589945944
-57.5,5.5,10044,0.009926853221622572,0.013525151901280213,0.008762986122658493,0.008202945851235538
-56.5,5.5,10045,0.00974745085669096,0.016451413292709768,0.011444851671896017,0.009841252286587481
-55.5,5.5,10046,0.014967944445875715,0.011556301170732726,0.013559156662039508,0.009103854239818228
-54.5,5.5,10047,0.011846251347740004,0.010754473788206086,0.00683849832840855,0.01851727652702888
-53.5,5.5,10048,0.013854107083015684,0.011727282772841935,0.01005646821570717,0.02485656207277646
-52.5,5.5,10049,0.02472319455827623,0.02215259808990132,0.01993204280335356,0.03397276471773984
-51.5,5.5,10050,0.009114009687775078,0.013591885156202977,0.009359524908984292,0.01859638267357019
-50.5,5.5,10051,0.00821969861755703,0.012293158686743803,0.009634794523444123,0.010835121753284724
-49.5,5.5,10052,0.005710908656994135,0.012558187112167869,0.009754488896490188,0.013024597647566647
-48.5,5.5,10053,0.006126737382838211,0.014051098414488981,0.012611924124053413,0.01000488812259687
-47.5,5.5,10054,0.006689679084663257,0.012052097658903705,0.014800627638529736,0.00965679753171036
-46.5,5.5,10055,0.006084947516998093,0.018517917020903604,0.014588692565037724,0.014711993967247667
-45.5,5.5,10056,0.00747171048013902,0.02028387309059295,0.018762357979326447,0.018749429454372354
-44.5,5.5,10057,0.0069287059367666715,0.014961963782916723,0.023766208106616893,0.016614125077591736
-43.5,5.5,10058,0.006741284208662884,0.011294812429241132,0.019239050305516703,0.016297369393777638
-42.5,5.5,10059,0.006518967473480805,0.011148416656961611,0.019103727799411982,0.016102949736655395
-41.5,5.5,10060,0.007139604160616571,0.01085395041166597,0.014426027174428672,0.01658768950998504
-40.5,5.5,10061,0.006035784252251716,0.012984904167325576,0.01336706995340345,0.012242287641431355
-39.5,5.5,10062,0.005476059313386841,0.012345487786139534,0.012459137033854628,0.011294803674130233
-38.5,5.5,10063,0.005200400060713691,0.009082440579697931,0.015775184524441876,0.013849470828369202
-37.5,5.5,10064,0.003925162937198167,0.006577094200805377,0.008357730700914175,0.01023533812562379
-36.5,5.5,10065,0.004350548162577827,0.009064868061208606,0.015170013927544931,0.013493145775027953
-35.5,5.5,10066,0.005840885763508712,0.012920376073473044,0.0162844995979887,0.014503412115495074
-34.5,5.5,10067,0.004338665781781384,0.012423248542334862,0.011670197480332763,0.010802084418356813
-33.5,5.5,10068,0.0052886750533831526,0.012679841979643716,0.012565467213375188,0.014708494325542611
-32.5,5.5,10069,0.00485951618709992,0.01556382432390585,0.012387754122045912,0.01726083715930856
-31.5,5.5,10070,0.004477231519864431,0.01352126303716032,0.011238704104248506,0.014393557901428617
-30.5,5.5,10071,0.004471294177401779,0.011438284532326584,0.010728621189172534,0.014399751717910724
-29.5,5.5,10072,0.004775239248532141,0.01682985270800836,0.012149039949722811,0.017350400992884454
-28.5,5.5,10073,0.00450737488727039,0.014330331972356834,0.011466731328578929,0.01781123833665143
-27.5,5.5,10074,0.004057045712142148,0.014983295038349694,0.00901991306769423,0.015530965368644272
-26.5,5.5,10075,0.0028588362693386274,0.008451140533945934,0.007866270741044706,0.00773792723280557
-25.5,5.5,10076,0.004437729702568447,0.013387861974089295,0.007993172492659953,0.012491277961713206
-24.5,5.5,10077,0.003707681063397176,0.009930165976999477,0.007835213285137593,0.012090070295935574
-23.5,5.5,10078,0.0037796748029288456,0.010933130593807142,0.007883070192196613,0.012036158117163812
-22.5,5.5,10079,0.004589593937230741,0.011215145887991282,0.009200974989314603,0.010574850826193947
-21.5,5.5,10080,0.003642962409321941,0.010598721130457706,0.008052073549717683,0.00936299597697415
-20.5,5.5,10081,0.00433931883667636,0.012190705044446375,0.009703292259931407,0.010259905455382842
-19.5,5.5,10082,0.004752834649319822,0.012171105399377689,0.010512657334237367,0.011021536994270154
-18.5,5.5,10083,0.00470627572516105,0.012499316030679726,0.01530667035688491,0.010121438565848203
-17.5,5.5,10084,0.005271554590403648,0.012424146400013705,0.013910366832871416,0.009409926190928184
-16.5,5.5,10085,0.008330843886781722,0.02016982250990628,0.01921646597124399,0.013594848455505529
-15.5,5.5,10086,0.0048970358352083436,0.010222619398617789,0.01151200831304118,0.007843233956114935
-14.5,5.5,10087,0.00504437885864678,0.009356551295986972,0.015809837523215745,0.007078696640008547
-13.5,5.5,10088,0.005198496873628113,0.009610102201711535,0.013266305005322186,0.007491921218331008
-12.5,5.5,10089,0.0055407185177297185,0.01042481999460941,0.013710614363398205,0.00647271398227239
-11.5,5.5,10090,0.007833925221180312,0.010097247751603913,0.022666448424700347,0.008055060606397496
-10.5,5.5,10091,0.005097566717195714,0.005814354280690902,0.010147037642522835,0.005922157447591513
-9.5,5.5,10092,0.004263277913058622,0.0059262962233490694,0.040971697682786086,0.006304991425706892
-8.5,5.5,10093,0.004263277913058622,0.00512151929179664,0.01344152164399219,0.005742448702867774
-7.5,5.5,10094,0.004217250819202144,0.005409553344994746,0.011355078204841584,0.0047014467287598794
-6.5,5.5,10095,0.005348279976829409,0.007024803001208182,0.010549877347729936,0.004548778685788276
-5.5,5.5,10096,0.004734257860031765,0.0070862547334226795,0.009161621172143171,0.0057530672994779335
-4.5,5.5,10097,0.0045672838850189575,0.0064684578117430785,0.005948812201544115,0.005949329356464131
-3.5,5.5,10098,0.005580827211714009,0.008176464008133238,0.006320138359055664,0.006710088926104834
-2.5,5.5,10099,0.005455039253535842,0.007338461822058545,0.005178990285568276,0.006505707460555582
-1.5,5.5,10100,0.005455039253535842,0.007361689146062912,0.005043829927707494,0.006505707460555581
-0.5,5.5,10101,0.004760693021980079,0.006416859877511448,0.004254616853393054,0.0057269614856967225
0.5,5.5,10102,0.0053909668240720125,0.007941043578631611,0.004837876993426788,0.006206676406376172
1.5,5.5,10103,0.004576983260027083,0.006744634231962255,0.0041908755239120675,0.005372992238372957
2.5,5.5,10104,0.004645085699216483,0.006723627597655704,0.003825542270442536,0.005155258448654282
3.5,5.5,10105,0.004612352106626936,0.0064178805543280565,0.0037851402962652946,0.005885821135710954
4.5,5.5,10106,0.004612352106626936,0.0064178805543280565,0.00390999301817698,0.005371237270711657
5.5,5.5,10107,0.005886838751208937,0.007574315040679381,0.004624079662631712,0.006235887626577199
6.5,5.5,10108,0.004419132644192254,0.005551397815620743,0.003551269893699595,0.0047344034301777084
7.5,5.5,10109,0.004869306987076247,0.006116206725844912,0.003755777710346719,0.00501600942261922
8.5,5.5,10110,0.004732505433214542,0.005944583205230432,0.003650145638925235,0.004875106504159262
9.5,5.5,10111,0.004660585813739806,0.005872071136169576,0.003546505670930006,0.004815576722443456
10.5,5.5,10112,0.00479036057173967,0.006052391442598818,0.0033640572527237466,0.004963616049811598
11.5,5.5,10113,0.0045345708167889845,0.005774127189488122,0.002915962602965613,0.0048362581174894006
12.5,5.5,10114,0.0045345708167889845,0.005774127189488122,0.003206977740709841,0.0048362581174894006
13.5,5.5,10115,0.004539900068697252,0.0057809047694407315,0.0032352424463263398,0.004878546758571299
14.5,5.5,10116,0.004423826185837939,0.005633281057920519,0.003139433442558515,0.004734303812782635
15.5,5.5,10117,0.0044137014890554445,0.00564334180669072,0.0031579220039331416,0.004856363049898143
16.5,5.5,10118,0.004387797456736693,0.0057119387205236734,0.003221308526862878,0.004915441232970534
17.5,5.5,10119,0.003960433222370843,0.004912311002721079,0.0027835445315778622,0.004226843053708758
18.5,5.5,10120,0.002865064003129489,0.00381242367686575,0.002160815945454959,0.0036997791848083993
19.5,5.5,10121,0.003777665213418485,0.004833724195388126,0.0027443852549335988,0.0036185046406301377
20.5,5.5,10122,0.0037053607962460023,0.005057652888994365,0.00287180186288208,0.004247375391068503
21.5,5.5,10123,0.003601234953520344,0.005182684347478982,0.0029342618104958636,0.004346927111950433
22.5,5.5,10124,0.003944772722603544,0.0057053011813352015,0.0031834306996557996,0.004626956372816126
23.5,5.5,10125,0.004562905125027542,0.005999190241792409,0.0033486648633272767,0.00491270971031332
24.5,5.5,10126,0.0043513377051025886,0.0057468201300503036,0.0032064253835791764,0.004704348702558496
25.5,5.5,10127,0.004449517648592197,0.005841376756211365,0.0032006502716193917,0.0046679468752167325
26.5,5.5,10128,0.0046051784608160925,0.005937856259580813,0.0032536567777672804,0.0047544623333091235
27.5,5.5,10129,0.004597302045200038,0.00627888301156689,0.0032753302931439465,0.004786085129085152
28.5,5.5,10130,0.004010109563512918,0.005163266450125294,0.0028390083574032494,0.004129901619793514
29.5,5.5,10131,0.004010109563512918,0.005173408311766562,0.0028390083574032494,0.004662733759684055
30.5,5.5,10132,0.003980510899168744,0.005191782955576136,0.002818029147525772,0.004723729414974993
31.5,5.5,10133,0.0039506603445674405,0.005191782955576136,0.002760828983902196,0.004676773332902132
32.5,5.5,10134,0.0042023032909405105,0.0051615407272948355,0.002743918967921139,0.005795859310670999
33.5,5.5,10135,0.004567246946273832,0.005239518424945922,0.002749321798893435,0.004762805271751313
34.5,5.5,10136,0.003984882886413175,0.005245472455202744,0.0027493217988934352,0.005034366030376393
35.5,5.5,10137,0.0045805199365646365,0.005264236549037246,0.0027714149968853857,0.004810987162129702
36.5,5.5,10138,0.004567246946273832,0.0052428314646484845,0.002788493989499447,0.004292915986735911
37.5,5.5,10139,0.004107933210601957,0.0051494616557866465,0.002788493989499447,0.004810987162129701
38.5,5.5,10140,0.003980170890285818,0.004758337062212618,0.0035339386725253934,0.004292915986735911
39.5,5.5,10141,0.004379807841317013,0.0046176318382241234,0.004096583844127102,0.00416591577300862
40.5,5.5,10142,0.004379807841317013,0.004215994563915267,0.0030697629082882534,0.004190473775254582
41.5,5.5,10143,0.004364958474548765,0.004215994563915267,0.003888364179238074,0.004658156251011193
42.5,5.5,10144,0.004346063384027515,0.004115678044702082,0.00385747574284513,0.004100044976245305
43.5,5.5,10145,0.004419202886561445,0.00449155404168712,0.0029163162623902805,0.0041125440148467715
44.5,5.5,10146,0.0043908389377974,0.004074508781193179,0.0040724406975534005,0.00406844504757491
45.5,5.5,10147,0.004345479326752862,0.004061952251464173,0.0038217986651437512,0.004531794468571117
46.5,5.5,10148,0.004409910418332078,0.0045626549231194535,0.0029215538659427974,0.004550634938146169
47.5,5.5,10149,0.0044202516912774225,0.004920847441454485,0.002854122877778064,0.004646975093779816
48.5,5.5,10150,0.004157027086272717,0.004862177717611468,0.0024165687031123856,0.004574818802623627
49.5,5.5,10151,0.004258132845087395,0.004972727231342474,0.0031356989449489348,0.004003365009756875
50.5,5.5,10152,0.00546853035990696,0.005939977566342371,0.003323987619823005,0.0046258197398732995
51.5,5.5,10153,0.003651621322697668,0.005064878331124191,0.003333684048402244,0.004639296075570191
52.5,5.5,10154,0.004019008077007717,0.004581220051094475,0.0032880130155242453,0.004121964981897153
53.5,5.5,10155,0.004019008077007717,0.004581220051094475,0.003267821337089856,0.004297420369650955
54.5,5.5,10156,0.004298924325180954,0.004878049392666757,0.003267821337089856,0.00481257477019617
55.5,5.5,10157,0.004143749256560879,0.005149772520562561,0.0032728379961929253,0.004329854329544051
56.5,5.5,10158,0.004124757363673134,0.005090020350405694,0.002517032655952933,0.0043617516585604905
57.5,5.5,10159,0.003936378097078846,0.0044187697100910904,0.0023150428440012055,0.004359717191707354
58.5,5.5,10160,0.004324287209276461,0.004586199419448336,0.0033063489596083157,0.004149920303685392
59.5,5.5,10161,0.004337937177795218,0.00479472526311513,0.0033063489596083157,0.004138802184862164
60.5,5.5,10162,0.0035110130843217977,0.004391711825223208,0.003050084343394206,0.004510054749645134
61.5,5.5,10163,0.0041207668265724725,0.004442581995295652,0.003143174589100804,0.004499396676931194
62.5,5.5,10164,0.00443049516493905,0.004624256102148255,0.002641131105514793,0.0038088587381441994
63.5,5.5,10165,0.004316341837588206,0.004425124095898724,0.0025418782919465243,0.003568457785746689
64.5,5.5,10166,0.004125189310762336,0.004238244597076153,0.002426965501483862,0.002862095449041194
65.5,5.5,10167,0.0039742506498335545,0.003796199601149403,0.003078966862168994,0.002681721709342195
66.5,5.5,10168,0.004007340808248974,0.0046748636941420785,0.0030400281140818687,0.00267767129324362
67.5,5.5,10169,0.005323832157267442,0.00458097951348819,0.003305128761449108,0.00307009411922732
68.5,5.5,10170,0.004457430342850656,0.004561303476679859,0.003105753487247335,0.0030858625999358007
69.5,5.5,10171,0.004350189906216383,0.004568333374652221,0.0023316761230355067,0.003090071837928791
70.5,5.5,10172,0.004133000343481109,0.004735849435228649,0.0023462599523894974,0.0033658745088919867
71.5,5.5,10173,0.003601718426332617,0.004285506818458745,0.0023230573471490824,0.003481248351928163
72.5,5.5,10174,0.0031174318738490265,0.00430214384165872,0.0025975835198291672,0.003450171698651308
73.5,5.5,10175,0.0032246634305386577,0.003948847717315859,0.0024423001197843787,0.0033881417999033106
74.5,5.5,10176,0.0030806036706730253,0.0041025646505224835,0.001588894149399982,0.002103537635044252
75.5,5.5,10177,0.003125110686095276,0.004421548280534028,0.002206430011715156,0.00209373891135434
76.5,5.5,10178,0.003268750092183504,0.0050520732206539515,0.001655974659264515,0.002058423928314769
77.5,5.5,10179,0.003246566281182295,0.0028560491877371126,0.002095250433904282,0.0020198156993676913
78.5,5.5,10180,0.00311515231401697,0.0030971856680503786,0.0020823682038928733,0.002286250977858481
79.5,5.5,10181,0.003074025268276691,0.0028463053702531983,0.0020823682038928733,0.0031492718063899578
80.5,5.5,10182,0.0037215821329687837,NA,0.00211046188651332,0.0019208233637337331
81.5,5.5,10183,0.0038971647483148192,NA,0.002126184745023529,0.0019351361624080435
82.5,5.5,10184,0.003420013499690316,NA,0.0016175899924157436,0.0019351361624080435
83.5,5.5,10185,0.003703562720865951,NA,0.0023226603401626253,0.0021120331260373127
84.5,5.5,10186,0.004029083046309003,NA,0.001856425616777333,0.002560766567575837
85.5,5.5,10187,0.002884413440604321,NA,0.0024520006853324785,0.002876416583826306
86.5,5.5,10188,0.0029871255297541765,NA,0.002455475352661295,0.002823497327248189
87.5,5.5,10189,0.002576574076175541,NA,0.002459909222033198,0.0040573684158909246
88.5,5.5,10190,0.0022323943149254507,NA,0.004355018976079417,0.004293215431933573
89.5,5.5,10191,0.0025297576981525914,NA,0.0038906890689515963,0.003915838064351865
90.5,5.5,10192,0.0023863200772216812,NA,NA,0.004438526053259334
91.5,5.5,10193,0.002244569264892365,NA,NA,0.004512591964490245
92.5,5.5,10194,0.0018969956632437707,NA,NA,0.002944663135325466
93.5,5.5,10195,0.0017974133772428681,NA,NA,0.0028708993534209606
94.5,5.5,10196,0.0018330778219962174,NA,NA,0.002135421841784528
95.5,5.5,10197,0.002315115342058412,NA,NA,0.002874760667543074
96.5,5.5,10198,0.002304995725008437,NA,NA,0.0025926966908248793
97.5,5.5,10199,0.002309676021891807,NA,NA,0.002574471236407579
98.5,5.5,10200,0.0016120843778241515,NA,NA,0.001784428647168721
99.5,5.5,10201,0.0025188916858102793,NA,NA,0.0021494905647998852
100.5,5.5,10202,0.0025449580601896787,NA,0.0019458183297333253,0.002728450365038054
101.5,5.5,10203,0.002327721133349101,NA,0.0018307965519927124,0.0027108247459704865
102.5,5.5,10204,0.0011863762495630654,NA,0.0011380267346804195,0.0013836214913189734
-119.5,6.5,10216,0.0054973546261738535,0.01172943699310232,NA,0.008010827247464622
-118.5,6.5,10217,0.005153814789068055,0.015444942809059005,NA,0.0059979581456160915
-117.5,6.5,10218,0.005264977770620481,0.0132063069494829,NA,0.0039677255077877295
-116.5,6.5,10219,0.007055633108633426,0.013764559828467278,NA,0.007860635420069989
-115.5,6.5,10220,0.008409971150066654,0.013234528429827735,NA,0.012918599483055298
-114.5,6.5,10221,0.013473009620813312,0.020829726988648576,NA,0.01861512325853689
-113.5,6.5,10222,0.012825914334047641,0.018889759970888976,NA,0.025832851064080915
-112.5,6.5,10223,0.014951623561438728,0.01863694019523925,NA,0.025418616308295238
-111.5,6.5,10224,0.015283579692936177,0.018311726834300938,NA,0.0224616204240087
-110.5,6.5,10225,0.012893523349748621,0.020002538238874268,NA,0.024127490507306365
-109.5,6.5,10226,0.01649011048675049,NA,NA,0.039260924641947845
-108.5,6.5,10227,0.01686479214440202,NA,NA,0.01990781974139817
-107.5,6.5,10228,0.008140810407134836,NA,NA,0.022521074192591046
-106.5,6.5,10229,0.011011428270790833,NA,NA,0.023450994131424912
-105.5,6.5,10230,0.0112887715153423,NA,NA,0.01001476421878605
-104.5,6.5,10231,0.007363338782082723,NA,NA,0.007207538140611069
-103.5,6.5,10232,0.007419417203425949,NA,NA,0.007061741703473776
-102.5,6.5,10233,0.008012298559064511,NA,NA,0.010043563332671021
-101.5,6.5,10234,0.01032233101133984,NA,NA,0.013559025823244796
-100.5,6.5,10235,0.005114226486466478,NA,NA,0.0122326623361997
-97.5,6.5,10236,0.00576436630989393,0.002601902096337606,0.005133516487160372,0.006017825081357748
-96.5,6.5,10237,0.00623708687416166,0.0033672197125006118,0.004003414060113558,0.005924014457579172
-95.5,6.5,10238,0.006385324912890889,0.003041415840133411,0.0038235161032225224,0.004270324010427509
-94.5,6.5,10239,0.006132958516731668,0.002931040580020565,0.003873473052089116,0.009315848563561487
-93.5,6.5,10240,0.00730417197001695,0.0029435925002070907,0.0037260542886365933,0.008370810302529542
-92.5,6.5,10241,0.00402868824427187,0.003057759772124911,0.003495920581021335,0.010350221471491563
-91.5,6.5,10242,0.0029123318166890872,0.0067241731639187214,0.002759858223039718,0.00768580123306088
-90.5,6.5,10243,0.0027634284997997824,0.0038224952144104577,0.002763944949815818,0.009042747820546405
-89.5,6.5,10244,0.002301308264937935,NA,0.002737566730347674,0.008013907197883726
-88.5,6.5,10245,0.002068252453041756,NA,0.003315417462931528,0.007263051730534074
-87.5,6.5,10246,0.002027702469880447,NA,0.004485554277557984,0.006507205457658541
-86.5,6.5,10247,0.0016320919311321926,NA,0.0029446424889959964,0.004456467974357517
-85.5,6.5,10248,0.001936833008332101,NA,0.0033652404702363263,0.008657907852134267
-84.5,6.5,10249,0.0022209695987460624,NA,0.003095514757750398,0.00601805194258187
-83.5,6.5,10250,0.00221817979799533,NA,0.0035062389652592576,0.006842570233177821
-82.5,6.5,10251,0.0029108220285564866,NA,0.0035218178376201464,0.00598984773442825
-81.5,6.5,10252,0.00221270131943736,NA,0.0031690322244387788,0.006071798243344494
-80.5,6.5,10253,0.002985631266936432,NA,0.003399917664198461,0.0035461468727270755
-77.5,6.5,10254,9.417952456122311e-4,0.0014086700882736667,0.0010311088969937737,0.001493460686731834
-76.5,6.5,10255,0.002799025808544783,0.0031252970557992233,0.0032742694454825968,0.001984206477233048
-75.5,6.5,10256,0.003397248137261227,0.004395606701648356,0.0021534863349411144,0.0019898683883326487
-74.5,6.5,10257,0.00424808506474538,0.004819402402794812,0.0028994086996406454,0.0024106854858858538
-73.5,6.5,10258,0.004935885266926267,0.007443006744815971,0.0034136319027334083,0.0021723274828669794
-72.5,6.5,10259,0.004675928155168418,0.010596194897643135,0.004972899771224251,0.00370212672645951
-71.5,6.5,10260,0.004885746066451591,0.00781810667857023,0.004702839233713615,0.004910724471781752
-70.5,6.5,10261,0.008375385018488692,0.007051174480551325,0.0062417464972494,0.009763638671132346
-69.5,6.5,10262,0.01092688191746244,NA,0.0053868290568110004,0.009520798144769776
-68.5,6.5,10263,0.007385151159275506,NA,0.013599396750106707,0.009993128148320141
-67.5,6.5,10264,0.0051812208500482465,NA,0.013302508402282757,0.018120115816679497
-66.5,6.5,10265,0.0037205424588230562,NA,0.01089621671015056,0.010926546394962355
-65.5,6.5,10266,0.003635439053092983,NA,0.007182398974138617,0.01253038004829972
-64.5,6.5,10267,0.0035088453352813613,NA,0.0034613357172695977,0.005664190006789538
-61.5,6.5,10268,0.002603667723406131,NA,0.005455060019839513,0.007880922274057641
-60.5,6.5,10269,0.005836040574673757,NA,0.004475694239584557,0.011505059080097423
-59.5,6.5,10270,0.005576574972455692,0.006881732349806102,0.006463346271557223,0.005286191861835762
-58.5,6.5,10271,0.003479124478242118,0.0026664422742599565,0.0035329466162872234,0.0028646849137122592
-57.5,6.5,10272,0.004175864339408846,0.004512660268520554,0.004815043337478947,0.004795898981209644
-56.5,6.5,10273,0.0089889129459174745,0.006658029917439595,0.00786058965005829,0.006333571470423239
-53.5,6.5,10274,0.018469387553956402,0.010910137473267294,0.00975765194000251,0.014352080668253383
-52.5,6.5,10275,0.030975098776408604,0.023664207786404004,0.014669925052501316,0.05859477449270178
-51.5,6.5,10276,0.013382999668568662,0.011908379058517203,0.010314943008248659,0.02198512002915781
-50.5,6.5,10277,0.008756746856651093,0.018101455496451258,0.0096798379386586,0.013399606349419882
-49.5,6.5,10278,0.010220585341126761,0.022523769425085063,0.011768700292135278,0.02487712347500353
-48.5,6.5,10279,0.00898751745594175,0.013085147715403514,0.01327433873510906,0.013977928585736014
-47.5,6.5,10280,0.009500918099206515,0.01565568424984569,0.014666038836486256,0.027369088172704465
-46.5,6.5,10281,0.007266848855002852,0.01069127652093164,0.014314247886309429,0.025601642995653213
-45.5,6.5,10282,0.010023444274718952,0.022532309550151897,0.02232197880183048,0.023628601379654137
-44.5,6.5,10283,0.00852467580861564,0.018574922445479643,0.018887828802555146,0.019902153900039337
-43.5,6.5,10284,0.006919823528561034,0.014249534797201459,0.0212989800708036,0.030768787439411072
-42.5,6.5,10285,0.006624948235629898,0.013469501681126154,0.016590286044085495,0.02444463562501727
-41.5,6.5,10286,0.0059278634711527,0.012380330408185309,0.024587794943075576,0.022238687647044106
-40.5,6.5,10287,0.0063234897826979245,0.015361481563451141,0.017686346558361106,0.021657729083959295
-39.5,6.5,10288,0.005950557462363791,0.012186624346353985,0.014005424994335918,0.016241061186576762
-38.5,6.5,10289,0.005481749140844557,0.011097743954216878,0.012840887120798828,0.018931448380975865
-37.5,6.5,10290,0.003948636112866642,0.010443516246211728,0.011687761619375032,0.014926986731086538
-36.5,6.5,10291,0.005099332032367049,0.013825352941378823,0.010587657567339448,0.019959697318223044
-35.5,6.5,10292,0.005174160082041073,0.013880520230102882,0.008649402715559326,0.019921292683164515
-34.5,6.5,10293,0.0052436857921658794,0.01192714892133875,0.010991004916657967,0.02040767386521827
-33.5,6.5,10294,0.0052436857921658794,0.014860746637017376,0.013929189395549825,0.019043040027069913
-32.5,6.5,10295,0.005718501579859411,0.013386521727948518,0.010036935244712558,0.023946555556221428
-31.5,6.5,10296,0.005886256649996865,0.01382339164391034,0.008752500354927906,0.019252490850865105
-30.5,6.5,10297,0.007146366376641312,0.012500660818543874,0.010411826096653238,0.021387559994832276
-29.5,6.5,10298,0.006422882888058056,0.01686565319806835,0.01225317589430979,0.016342502070382074
-28.5,6.5,10299,0.007254629438156818,0.02120978383542633,0.007799247206401237,0.015675549576154406
-27.5,6.5,10300,0.0048346151156989595,0.01498432981125963,0.0065959919635203805,0.012278592076412622
-26.5,6.5,10301,0.005303494106074256,0.009694023377162696,0.004942052813922114,0.010585775138737907
-25.5,6.5,10302,0.005762159955733508,0.012079214826946265,0.005586894725454772,0.014504086170629484
-24.5,6.5,10303,0.005557540488234097,0.011520609556471087,0.007950090291722597,0.011499336683947576
-23.5,6.5,10304,0.004822758156393673,0.011315417589330915,0.0063109931723291015,0.01297476576523695
-22.5,6.5,10305,0.004373815882749508,0.008726319161086817,0.0047499322197723124,0.01158453272453567
-21.5,6.5,10306,0.005177227645527476,0.010698668013253986,0.007817093730099294,0.012108828645308187
-20.5,6.5,10307,0.00500334309567746,0.011981954581571993,0.013972504691128639,0.0133870403678854
-19.5,6.5,10308,0.004960197555100181,0.010699011824292993,0.014235453076924193,0.013485611536209611
-18.5,6.5,10309,0.005075631008511364,0.01219004768560185,0.0099460612375942975,0.011412527150344751
-17.5,6.5,10310,0.005308066727712183,0.012997561807534103,0.010511314950396734,0.014153318769249775
-16.5,6.5,10311,0.005308066727712183,0.011170088584376878,0.014867018293594497,0.011992757333779813
-15.5,6.5,10312,0.005336326268275707,0.012193077482868669,0.010778065028675258,0.014206494844371085
-14.5,6.5,10313,0.005449349771415505,0.010089267687478715,0.013273241081196313,0.012224647583727866
-13.5,6.5,10314,0.0051575508747427135,0.008895569115324242,0.013316185841738106,0.012523931919543414
-12.5,6.5,10315,0.005533530540044121,0.009638962965953436,0.01637003836884499,0.011415862226966245
-11.5,6.5,10316,0.005477664630736219,0.009558577042770867,0.019806758949254023,0.010474829435015867
-10.5,6.5,10317,0.0043543807120580745,0.00524439676724726,0.01238280910078195,0.007250640352397655
-9.5,6.5,10318,0.004548213720139845,0.006014016238330322,0.02164900980489273,0.007697784795916273
-8.5,6.5,10319,0.003352208414219412,0.003931315047211015,0.012964624857057835,0.005518805641424058
-7.5,6.5,10320,0.003586675658460402,0.004983609027094985,0.013931410392376265,0.005668042631678095
-6.5,6.5,10321,0.004086276534978655,0.006011966114195712,0.014449161075938632,0.006597561938120371
-5.5,6.5,10322,0.0039682634024089825,0.005838664422942686,0.008018339236239494,0.007463990069579455
-4.5,6.5,10323,0.003962659629947346,0.005812010573633991,0.007794036499003907,0.007916171182708029
-3.5,6.5,10324,0.0048925802643708894,0.007271894237889659,0.009342070676613988,0.008842211708386467
-2.5,6.5,10325,0.0038708817959901085,0.005751708989940251,0.006610215934962866,0.006358035420357162
-1.5,6.5,10326,0.004939318175581798,0.006727576347841809,0.007152622158258529,0.008028590026057889
-0.5,6.5,10327,0.003858245461862743,0.00524950548814483,0.007407899067448493,0.006109635730556322
0.5,6.5,10328,0.004420371992411893,0.006919474674429881,0.005409980881762706,0.0056432042794075515
1.5,6.5,10329,0.003666665558781942,0.005423861718974329,0.004680862687569713,0.004225333402206468
2.5,6.5,10330,0.003172699638379528,0.004694285161775648,0.004064942579099472,0.0044667213090247215
3.5,6.5,10331,0.003736130187790389,0.005526431610018306,0.004472150812312454,0.004306241611220805
4.5,6.5,10332,0.003987295780526757,0.0058972398237500745,0.004266033282189089,0.0049001560422732866
5.5,6.5,10333,0.004745249170542674,0.006965374374604853,0.005950392153516685,0.00541479292232552
6.5,6.5,10334,0.004648796691173388,0.00670731680038438,0.003949246494653106,0.005682066981011711
7.5,6.5,10335,0.004648796691173388,0.007350357645562616,0.0038876937419947996,0.005500961342158992
8.5,6.5,10336,0.004614505710957752,0.00682377423556361,0.003864915821247385,0.005207825629765731
9.5,6.5,10337,0.004751290357067312,0.007025584498736403,0.005274955556166684,0.00507947230662748
10.5,6.5,10338,0.004936386832998299,0.007004160284141387,0.005364487507657289,0.0055137017003932046
11.5,6.5,10339,0.004612352106626936,0.006488379864428296,0.0038120632794700167,0.0056449418871237726
12.5,6.5,10340,0.004629266665454058,0.006491257433506554,0.003839139174978282,0.0057081616820173105
13.5,6.5,10341,0.004500456152411641,0.005701737038403691,0.0037131244541027436,0.005548599144110058
14.5,6.5,10342,0.0046567621049661825,0.005899517588685257,0.0038040550052346085,0.005682592780437706
15.5,6.5,10343,0.00457234418303973,0.005792702071047657,0.003706176454210483,0.005625237608700503
16.5,6.5,10344,0.0045945335569494445,0.00587110608642736,0.003756931719560245,0.00569614006130493
17.5,6.5,10345,0.0047834858898304,0.0057468819371957695,0.00370659182884824,0.005582689552845682
18.5,6.5,10346,0.0030274005528449933,0.0038370026846970633,0.002333489964567624,0.0036962156180555153
19.5,6.5,10347,0.0038149925781253372,0.004859043129163337,0.0027222037689236317,0.00474098260648362
20.5,6.5,10348,0.004184013061019152,0.005303850854524445,0.002853394529502534,0.004547527768939572
21.5,6.5,10349,0.0038867345513789306,0.004908357333165495,0.002820077287591169,0.0050366196313452235
22.5,6.5,10350,0.004464344803100347,0.005636932476524526,0.002862102382567667,0.0054588767730580304
23.5,6.5,10351,0.0045770645035144,0.005767764495453617,0.002929072061004398,0.005451100480116813
24.5,6.5,10352,0.004636738773142095,0.005884324542534143,0.0032485100728334737,0.004468342502109886
25.5,6.5,10353,0.004636738773142095,0.005884324542534143,0.0033022196085384196,0.005010037622512584
26.5,6.5,10354,0.0044718369414469515,0.00573788172820022,0.003195878645277599,0.004767063979385666
27.5,6.5,10355,0.004004289651761737,0.005138647974244466,0.002839374143720964,0.004216187226300521
28.5,6.5,10356,0.003976053665665613,0.005102454112636397,0.0028193292310027,0.004180052133048021
29.5,6.5,10357,0.003966162468105597,0.005089775096691302,0.0028203073217532497,0.004149204346164451
30.5,6.5,10358,0.004021495097378717,0.005160702223275788,0.002857040309700473,0.004178664804874565
31.5,6.5,10359,0.0039024930392544217,0.005008158832412522,0.0027724002943699975,0.004055030795538989
32.5,6.5,10360,0.004117904561711564,0.005209514147905896,0.002866820770676121,0.0037386057067104413
33.5,6.5,10361,0.00400203341422303,0.005209514147905896,0.0028668207706761205,0.0037157291446898734
34.5,6.5,10362,0.00400203341422303,0.005313895686169047,0.002866820770676121,0.004161272713980115
35.5,6.5,10363,0.003954438798058856,0.004895858433420243,0.0028535192573843023,0.004076918955565826
36.5,6.5,10364,0.003954438798058856,0.004913378065920922,0.0028535192573843023,0.0036699938231761855
37.5,6.5,10365,0.003978779150200528,0.004913378065920922,0.0028591372747901757,0.00410830209420878
38.5,6.5,10366,0.003978779150200527,0.005354466441087543,0.0028591372747901757,0.004108302094208779
39.5,6.5,10367,0.004541699601399429,0.005354466441087543,0.003766280226292774,0.004102498181613508
40.5,6.5,10368,0.004460760286966461,0.004913378065920922,0.00287246490070233,0.003670430697049926
41.5,6.5,10369,0.0044259131981156455,0.005354466441087543,0.00287246490070233,0.003670430697049926
42.5,6.5,10370,0.004400423981035775,0.004846949452130686,0.002833550753546992,0.0036207455209550606
43.5,6.5,10371,0.0038453146791359093,0.004768110204848109,0.00273078967362746,0.003981108702263509
44.5,6.5,10372,0.004414130347880585,0.005220541595706739,0.00273078967362746,0.003561780008872441
45.5,6.5,10373,0.0039386180670397,0.005187061179119022,0.0035742495914465066,0.003512349217421309
46.5,6.5,10374,0.004254822028705079,0.005092619343594737,0.0026813583685924183,0.0038853062415880398
47.5,6.5,10375,0.004006717725062786,0.004665847173344407,0.0026813583685924183,0.0038853062415880398
48.5,6.5,10376,0.0038187969943502893,0.0050891444955648395,0.0026813583685924183,0.0038853062415880398
49.5,6.5,10377,0.0038187969943502893,0.005000787116570355,0.00296882390376129,0.0038853062415880398
50.5,6.5,10378,0.00385816140729012,0.0045715581694065486,0.0029885984073435377,0.00388530624158804
51.5,6.5,10379,0.003846792210261591,0.00492310493773589,0.0029885984073435372,0.00388530624158804
52.5,6.5,10380,0.00393192931089102,0.004687897549371356,0.003936654437615288,0.003476033169329733
53.5,6.5,10381,0.0038730358173195605,0.004753080737994516,0.003936654437615288,0.003476033169329733
54.5,6.5,10382,0.0038552798719912475,0.0042360863620751485,0.004004872063961996,0.003875111446514066
55.5,6.5,10383,0.003942778719453011,0.004158510726481852,0.004004872063961996,0.0034510080390617085
56.5,6.5,10384,0.003823459702105474,0.003964606208574875,0.003274832614201015,0.003857346022305118
57.5,6.5,10385,0.003930858158696282,0.003964606208574875,0.0030347151748299946,0.003440569157498384
58.5,6.5,10386,0.003915319699069905,0.004064106549700156,0.0026279586167568935,0.0034263043787555064
59.5,6.5,10387,0.0035709655695221046,0.0037493314811005854,0.002378555495917696,0.003135828011656909
60.5,6.5,10388,0.003504250006757607,0.0037413488746303194,0.0033478625748540962,0.002974535544732255
61.5,6.5,10389,0.00332571690254167,0.004050118003604616,0.0017797503299757187,0.0029369026025953347
62.5,6.5,10390,0.0029897111721932895,0.004340222639737255,0.0017760226877852542,0.003280378920886928
63.5,6.5,10391,0.003596800935909949,0.004714154164629759,0.0017754413732635793,0.002991615945791932
64.5,6.5,10392,0.002944196982336321,0.003863635056694429,0.0017192248278596535,0.0029442910166198656
65.5,6.5,10393,0.0030211270921644906,0.004044803167476187,0.0023999565478807416,0.003127413590736501
66.5,6.5,10394,0.0029555551160223353,0.003867496012884807,0.0026075041888756942,0.0037866618800229588
67.5,6.5,10395,0.0029798637921477117,0.00393337808057694,0.002607408848532538,0.0037563029841074847
68.5,6.5,10396,0.002982451456815882,0.003580450529170105,0.0026465097501997457,0.003666862863230624
69.5,6.5,10397,0.0033279604945902364,0.003943894171449963,0.0019029148813950575,0.0026690715451867745
70.5,6.5,10398,0.0035671104771175894,0.004102022936224649,0.0024795803549866133,0.0025026745471773857
71.5,6.5,10399,0.0036158412035040147,0.003818141281114127,0.002517966627851578,0.002547694997991262
72.5,6.5,10400,0.003759282258438929,0.004270288607044719,0.0025565977320335257,0.0025791486130977044
73.5,6.5,10401,0.003652196865753201,0.003746382468045599,0.002513428376435178,0.0025355994432482566
74.5,6.5,10402,0.003651597016990923,0.0037049980285541956,0.002496809702838894,0.0024880431046993812
75.5,6.5,10403,0.0033937055228753545,0.0034873881989654484,0.002221743956737124,0.0022130278593678
76.5,6.5,10404,0.0033349231071789455,0.0037582650065488715,0.0021589845136888684,0.00215051409648747
77.5,6.5,10405,0.002925458363058894,0.0035878186952961887,0.002151360480267609,0.0023621195329513642
78.5,6.5,10406,0.0031393458460786242,0.0035434906745260538,0.0022066052931784394,0.002059490789011989
79.5,6.5,10407,0.0030798172984223423,0.0035434906745260538,0.0022180299516957663,0.001999636358114169
80.5,6.5,10408,0.0033144805409172865,NA,0.002123661829998164,0.0019005427639102886
81.5,6.5,10409,0.0038624704898172647,NA,0.002123661829998164,0.002217603985393738
82.5,6.5,10410,0.0038122949172660144,NA,0.0021124285458559624,0.0021167482764868186
83.5,6.5,10411,0.003804191369542941,NA,0.0016112801718574717,0.0024095141635291
84.5,6.5,10412,0.0035041621339127514,NA,0.0019841458199104005,0.0023965136011361993
85.5,6.5,10413,0.0036776390371197325,NA,0.0022539608146906554,0.005895734401230549
86.5,6.5,10414,0.0034605058100222,NA,0.003541022790502695,0.005898905366190317
87.5,6.5,10415,0.0024925522993628118,NA,0.0034850965907321316,0.00644231154931646
88.5,6.5,10416,0.0021839595899275296,NA,0.003963915595372929,0.0035467178177821064
89.5,6.5,10417,0.0021839595899275296,NA,0.004213255798840446,0.0038302374377856153
90.5,6.5,10418,0.002676084693047773,NA,NA,0.0038379098717334138
91.5,6.5,10419,0.002467748367806164,NA,NA,0.003822116245498895
92.5,6.5,10420,0.002422753311193909,NA,NA,0.0038999622765875474
93.5,6.5,10421,0.0019124164750462312,NA,NA,0.0025631072838385696
94.5,6.5,10422,0.0015089901102694145,NA,NA,0.0016442375831024958
95.5,6.5,10423,0.0017797547468847365,NA,NA,0.0017810535648340644
96.5,6.5,10424,0.0017678657512286934,NA,NA,0.0014461898271812645
97.5,6.5,10425,0.0021514083684535793,NA,NA,0.0017406425582300997
98.5,6.5,10426,0.0016465283351965116,NA,NA,0.001564331431663088
99.5,6.5,10427,0.0023515792705900034,NA,NA,0.002165582643133293
100.5,6.5,10428,0.0025737066986608556,NA,0.0028914817663868316,0.00293771944312701
101.5,6.5,10429,0.002614367090040266,NA,0.0023758258664794965,0.0027265994811183254
102.5,6.5,10430,0.0015315830114353978,NA,0.00195360507151886,0.001909340022292666
-119.5,7.5,10441,0.005212451220872769,0.010643621825666852,NA,0.005937874174026361
-118.5,7.5,10442,0.0056031983499544675,0.011820048546538519,NA,0.005799170264932031
-117.5,7.5,10443,0.006048733431307908,0.015301083410711154,NA,0.007253977355309209
-116.5,7.5,10444,0.009106392266385124,0.014237636606616434,NA,0.008340335053219605
-115.5,7.5,10445,0.01170632449363258,0.014425067169492512,NA,0.009218352135421706
-114.5,7.5,10446,0.01696850603377376,0.016635506823623226,NA,0.00975328979120557
-113.5,7.5,10447,0.01659662678784162,0.019371602869639962,NA,0.013952355950136677
-112.5,7.5,10448,0.014310555828619242,0.01862076429860934,NA,0.018518563811685734
-111.5,7.5,10449,0.018115960452167533,0.017962889439224673,NA,0.027754585056045878
-110.5,7.5,10450,0.02475481870994023,0.018295881575594496,NA,0.03964135663980817
-109.5,7.5,10451,0.024950508760635707,NA,NA,0.04150347236294075
-108.5,7.5,10452,0.020786850638916783,NA,NA,0.046490743571998165
-107.5,7.5,10453,0.012205119269290377,NA,NA,0.02904381697298092
-106.5,7.5,10454,0.012744321889110578,NA,NA,0.008618017700141282
-105.5,7.5,10455,0.02265107523046863,NA,NA,0.017838720672461852
-104.5,7.5,10456,0.006414467079182859,NA,NA,0.008160771159893257
-103.5,7.5,10457,0.01577948771690381,NA,NA,0.011114390598496669
-102.5,7.5,10458,0.018356186976306137,NA,NA,0.00629282588546406
-101.5,7.5,10459,0.008086215325724963,NA,NA,0.005901004090354043
-100.5,7.5,10460,0.010505925826982076,NA,NA,0.009806621709988824
-97.5,7.5,10461,0.004116622964909626,0.0037691021863645938,0.0024154987502185304,0.005999617177921575
-96.5,7.5,10462,0.006830692463244437,0.0038604562808648196,0.0034134028914601096,0.004993539098780817
-95.5,7.5,10463,0.0095840913488146,0.006659409381481189,0.0036999618309275302,0.005335826815979895
-94.5,7.5,10464,0.007322868744425991,0.003721725100110261,0.003754572212140603,0.008399612043891174
-93.5,7.5,10465,0.006915987056693596,0.004454740285013012,0.003838586453319056,0.009068785979589756
-92.5,7.5,10466,0.007952152128536512,0.004379402973927693,0.003279247876895661,0.008416497307149592
-91.5,7.5,10467,0.008086409146601456,0.004724595016605196,0.0031360635756727488,0.009483412696907762
-90.5,7.5,10468,0.009551304476191312,0.004738434449045514,0.002743921657773578,0.0068321959647991495
-89.5,7.5,10469,0.007518509947666328,NA,0.0031125040337223993,0.007232098273627133
-88.5,7.5,10470,0.00622823435704355,NA,0.0034589088053376535,0.007143843103936397
-87.5,7.5,10471,0.004454009315865855,NA,0.004111666328983178,0.007100269145617868
-86.5,7.5,10472,0.0034462171781069915,NA,0.003497842049595882,0.005398627583950236
-85.5,7.5,10473,0.003997336053263483,NA,0.0036046676701494617,0.005654712798467335
-84.5,7.5,10474,0.0033227561823622703,NA,0.00494864300935339,0.007551192228923692
-83.5,7.5,10475,0.00340903554011025,NA,0.004700174905890113,0.0050742418389683715
-82.5,7.5,10476,0.003922068838475273,NA,0.0050546308271325465,0.004662825226895817
-81.5,7.5,10477,0.0025917736582421773,NA,0.0016377473456020148,0.00326474053080957
-79.5,7.5,10478,0.002306889334088168,0.002234894902402448,0.0016121229601635978,0.0014875977333440185
-78.5,7.5,10479,0.004928277993386673,0.002104839902672365,0.003968400289324101,0.0026416778539731334
-77.5,7.5,10480,0.002343485280866564,0.0024288213443832947,0.0028060003600251155,0.0015697501837408962
-76.5,7.5,10481,0.0019711492635067418,0.0030041038069303755,0.0019889886440968944,0.001982683297335151
-75.5,7.5,10482,0.0029358377773444377,0.00402900918653387,0.0016144381597469662,0.0018435185890419497
-74.5,7.5,10483,0.002540314708071979,0.004130813042390915,0.0012944819177299525,0.0020729588630203958
-73.5,7.5,10484,0.003807725187213843,0.0053277031565488,0.0011952457792851333,0.0029387852596973085
-72.5,7.5,10485,0.004486221416285659,0.008512488800833036,0.002021605085512347,0.0029974957883126233
-71.5,7.5,10486,0.004497775849410825,0.004596348497231039,0.0023868816336614857,0.0047769071392369305
-70.5,7.5,10487,0.005602702744126127,0.009451639204274893,0.003482588963678559,0.007399419535089398
-69.5,7.5,10488,0.008313896350762975,NA,0.005485325415081031,0.009473002501626138
-68.5,7.5,10489,0.006648385411871755,NA,0.006673419099404308,0.010568241842422277
-67.5,7.5,10490,0.006006496113865196,NA,0.00852464315987514,0.014355964339990927
-66.5,7.5,10491,0.004342002445519435,NA,0.01397832714577155,0.010468995284499317
-65.5,7.5,10492,0.00386671199846184,NA,0.013083220266627171,0.013819007533722982
-64.5,7.5,10493,0.0034141753400826983,NA,0.011737612859736238,0.009325440734748048
-63.5,7.5,10494,0.003969521456211966,NA,0.014983119728953718,0.01958153079503613
-62.5,7.5,10495,0.004673728025317631,NA,0.005976203161420514,0.008607600798467601
-61.5,7.5,10496,0.004455851807999591,NA,0.004694922802373051,0.0068415042312882
-60.5,7.5,10497,0.006868078430246298,NA,0.006740754275473015,0.011076322592077803
-59.5,7.5,10498,0.008195928307735491,0.009607951414241488,0.011949022034627638,0.014296923680841091
-58.5,7.5,10499,0.0074474981423564126,0.008491079164517759,0.013345980942475376,0.0076899425771368045
-57.5,7.5,10500,0.006298814770943168,0.002571784462676438,0.005143623863942995,0.003324109972305592
-56.5,7.5,10501,0.004948568939663048,0.002812837337796739,0.0051814098181108045,0.0048282455914376654
-52.5,7.5,10502,0.025872140569386668,0.03487979409779412,0.015284332550547921,0.0298543113826727
-51.5,7.5,10503,0.01900113009644275,0.014904415054196379,0.01917284816830276,0.023507549124158814
-50.5,7.5,10504,0.012969200782570448,0.018014025412571147,0.009961416750160924,0.01903459692621023
-49.5,7.5,10505,0.013867094673569617,0.022618407033438523,0.019217749581776116,0.020292690703092715
-48.5,7.5,10506,0.009369094808833757,0.015868431063960464,0.013754129428297226,0.02552965465462521
-47.5,7.5,10507,0.011779110203030877,0.012485952498761358,0.011637566644583399,0.021611874340497047
-46.5,7.5,10508,0.009461035929131341,0.012355343992591234,0.014395467945184147,0.020416638601578187
-45.5,7.5,10509,0.011216652351712077,0.017092235002349597,0.02225042001830398,0.018564435440052776
-44.5,7.5,10510,0.012046552691211748,0.020107117042582622,0.018253519803352936,0.02344631710227163
-43.5,7.5,10511,0.011782122177234573,0.01549692989191796,0.016229604372765005,0.023667811158984874
-42.5,7.5,10512,0.011378001368111545,0.015788011188395318,0.014397444014126374,0.02368646664826633
-41.5,7.5,10513,0.009368245654562207,0.012474651431840305,0.016291810798052173,0.025346590383985436
-40.5,7.5,10514,0.009298659186601083,0.015340350764962415,0.011781600573695228,0.028608812690460426
-39.5,7.5,10515,0.009272666131661046,0.012291721455537658,0.010975627290058408,0.025149915889284214
-38.5,7.5,10516,0.009417909441299017,0.015867655077389162,0.011058335169535267,0.02430894556302049
-37.5,7.5,10517,0.008903371957956341,0.01523871992920049,0.009757559321505791,0.02390070328599131
-36.5,7.5,10518,0.007281984674126108,0.012051719300759383,0.005513900768211822,0.015747325395438196
-35.5,7.5,10519,0.007707842008150931,0.008689611070837064,0.0044864286623773645,0.016416674753626997
-34.5,7.5,10520,0.006919965612487501,0.012505881315860633,0.004858650060871408,0.014048866896170508
-33.5,7.5,10521,0.006969213339638495,0.011739182698809915,0.0041144771186500334,0.012640372307643291
-32.5,7.5,10522,0.0062242653596222275,0.010969011554793144,0.005349304851278511,0.01601324303642543
-31.5,7.5,10523,0.0065410441226752825,0.010862376720158712,0.008915726395650286,0.01395346077312644
-30.5,7.5,10524,0.005348240309396421,0.015633028518721014,0.006361456916813376,0.014879114789462427
-29.5,7.5,10525,0.006810600193336548,0.025040555774363014,0.010959989816207046,0.01292112548150209
-28.5,7.5,10526,0.005382400251505846,0.017613678365224428,0.005904309369101898,0.011887909416824716
-27.5,7.5,10527,0.006968437511884573,0.01840279507505536,0.009888429678042016,0.012287103642262721
-26.5,7.5,10528,0.0075499266155776385,0.020269388808410817,0.011987554733520374,0.013864038825885152
-25.5,7.5,10529,0.006608775670979104,0.021789058649477985,0.011864652384576117,0.013341387502670388
-24.5,7.5,10530,0.005227037240756389,0.012675394741780813,0.009804428368120694,0.010501958101899272
-23.5,7.5,10531,0.006327994879676124,0.017079645104508535,0.01049393177178671,0.014548486299809303
-22.5,7.5,10532,0.006246098688703314,0.014286995054711246,0.010654020028561417,0.014212712019294268
-21.5,7.5,10533,0.006160891623715893,0.016338648269895985,0.010635603938989966,0.01395010475950694
-20.5,7.5,10534,0.006533534405644567,0.01758244740572186,0.013104061806909215,0.012550641258688405
-19.5,7.5,10535,0.006417524970246763,0.017329887457462563,0.012739259561792532,0.015437580845198239
-18.5,7.5,10536,0.00637494230928384,0.017477449385218363,0.012948738604638311,0.01481407453797761
-17.5,7.5,10537,0.006834224373245199,0.015991835595367335,0.01460885847417529,0.015342169466900996
-16.5,7.5,10538,0.006692366555317603,0.014950744850685085,0.013867536180241644,0.012762619387145792
-15.5,7.5,10539,0.006098757321726553,0.01579201098773666,0.01064808074257631,0.012684580896501116
-14.5,7.5,10540,0.00727739432660266,0.012413401687604278,0.013764072055554319,0.013880663444037104
-13.5,7.5,10541,0.006563976707071178,0.011168950530244741,0.013680180971361752,0.014462027085546296
-12.5,7.5,10542,0.00723077636193574,0.011096398815679852,0.02013352853668042,0.015510585227898058
-11.5,7.5,10543,0.007960497826862091,0.007852844760534685,0.014512016732841,0.014787600612149496
-10.5,7.5,10544,0.006998039329739642,0.009087318289626877,0.02032985519407069,0.012637790947554186
-9.5,7.5,10545,0.005759265176665574,0.00678146438682969,0.03797736847439801,0.011821946042830331
-8.5,7.5,10546,0.006793180821578981,0.006792466821402239,0.015819385493535155,0.01398266147009201
-7.5,7.5,10547,0.006027325363558931,0.0068138852245863725,0.014743967460034839,0.01026637860568694
-6.5,7.5,10548,0.005278510731666603,0.0059982785649282085,0.017888532530244066,0.010097636539931803
-5.5,7.5,10549,0.004734860600658043,0.005930922424938158,0.007661558724073502,0.010105874576420593
-4.5,7.5,10550,0.004105904960646542,0.005943361831714122,0.010002692596391218,0.008951540601532252
-3.5,7.5,10551,0.004076955373878765,0.005901533622705449,0.007367332274047102,0.009089095181436987
-2.5,7.5,10552,0.003930002290735733,0.00572232233315953,0.007191474114200021,0.00916108356219344
-1.5,7.5,10553,0.003807525094514753,0.005105847076874389,0.005876898259103981,0.00889919805903301
-0.5,7.5,10554,0.003948335377923342,0.005895470725947386,0.006064913108231495,0.00804810448924127
0.5,7.5,10555,0.004464131169532609,0.0067715314324281245,0.008106936158179938,0.009695967324464908
1.5,7.5,10556,0.004528073289837445,0.006703191638280494,0.007863696805962755,0.007759338369290222
2.5,7.5,10557,0.0038844150285006858,0.005150488684500159,0.006239481927249968,0.0056832980566904725
3.5,7.5,10558,0.0030746138771253744,0.0036272662811111895,0.004037250611197787,0.00484863320103138
4.5,7.5,10559,0.0037598610399195297,0.004747240597860181,0.006492145487464264,0.005866403049923559
5.5,7.5,10560,0.003309415709259859,0.004602871235951691,0.004064495685333557,0.005354199094394522
6.5,7.5,10561,0.0033034687142454674,0.004594610625983093,0.004025247679335809,0.004970696565272585
7.5,7.5,10562,0.006854158842482746,0.008749039397528772,0.005094489195848226,0.006255262659804015
8.5,7.5,10563,0.004282339460473294,0.005577583938955118,0.004209140840793991,0.005381798269709279
9.5,7.5,10564,0.0062711311421854675,0.009191258586583753,0.0050344756272900455,0.006830644155261375
10.5,7.5,10565,0.0045826951116430745,0.006667412613905128,0.0034447072758290636,0.005537687594321781
11.5,7.5,10566,0.005399209528703414,0.008024301665294602,0.004038770381793746,0.0064732650952167604
12.5,7.5,10567,0.005479478797815119,0.007684524418276405,0.004067449932489629,0.006519118982639571
13.5,7.5,10568,0.005522174044674239,0.00821677041316821,0.004099188218994301,0.007419321330005941
14.5,7.5,10569,0.005544961781718128,0.007429969502169503,0.004099188218994301,0.007226117909506537
15.5,7.5,10570,0.005592161017042334,0.00788936647689735,0.004077617472672159,0.007257950430032368
16.5,7.5,10571,0.005359126168703426,0.006995617197060136,0.005194215071082781,0.006888025950469431
17.5,7.5,10572,0.00519961865640582,0.006787734028330332,0.005039591056510694,0.0066833184664179465
18.5,7.5,10573,0.004591941773248391,0.00552376307731136,0.0033754953531925577,0.00594882783522452
19.5,7.5,10574,0.005297347632416997,0.006371397414709806,0.00515637025843367,0.00674929779407291
20.5,7.5,10575,0.005250887320946527,0.006315576974195584,0.0038278407646630203,0.005853363295667207
21.5,7.5,10576,0.005254514274619336,0.005668861269676906,0.0038278407646630203,0.005358659045021317
22.5,7.5,10577,0.005321612815426211,0.006234387360652656,0.005153803111896779,0.005449477701483739
23.5,7.5,10578,0.0054495870434777705,0.0064125061798137335,0.003980952612402175,0.006648511156151049
24.5,7.5,10579,0.005436188497655275,0.006396755394320094,0.00394047273600226,0.005617624662275259
25.5,7.5,10580,0.0053705077724704895,0.006329214539677307,0.003804273228024197,0.004905201653565039
26.5,7.5,10581,0.004684924576511821,0.005077410257287316,0.0033044463690171267,0.004272515139605402
27.5,7.5,10582,0.00453924939355639,0.005511211217010257,0.003066953852456965,0.00467380751679771
28.5,7.5,10583,0.0041131622763312765,0.005470593760567074,0.0026345797794993554,0.004716445463627042
29.5,7.5,10584,0.004073020368760812,0.005516393148097805,0.002653314652643727,0.004836074725690278
30.5,7.5,10585,0.0038572149773825055,0.004963829023038578,0.002528443265310859,0.004647872105801778
31.5,7.5,10586,0.00397484184241475,0.005555542793836891,0.002605654853292783,0.004789494356116156
32.5,7.5,10587,0.00397484184241475,0.005573158596703442,0.0025858576771568826,0.004803410108494153
33.5,7.5,10588,0.003946812682768848,0.005095113262821049,0.0025297623905046556,0.004792742356024337
34.5,7.5,10589,0.003945033632685286,0.0050973760943220725,0.0025238186674386965,0.004826749959711616
35.5,7.5,10590,0.003945033632685286,0.004641773695233548,0.002661234014748245,0.004826749959711616
36.5,7.5,10591,0.003945033632685286,0.004641773695233548,0.003661405645224164,0.004826749959711616
37.5,7.5,10592,0.003945033632685286,0.004717708318888566,0.0028318240841095793,0.0048140968151271345
38.5,7.5,10593,0.003975538563247605,0.005229444190904741,0.003765069284806234,0.004842313227053472
39.5,7.5,10594,0.004548823492789068,0.005191597610286211,0.003765069284806234,0.004842313227053472
40.5,7.5,10595,0.004548823492789068,0.004715709485001221,0.0039034653884699577,0.0048366032248269904
41.5,7.5,10596,0.0045712353832464536,0.004738939702408414,0.00383806476363324,0.0048461065691811555
42.5,7.5,10597,0.003976420307437806,0.00469587563051646,0.002840244110442626,0.004702818242683543
43.5,7.5,10598,0.004501298169827125,0.005143301969940901,0.0037977972374042194,0.004732404770486331
44.5,7.5,10599,0.003927309981153256,0.005083624493139353,0.0028793038514755205,0.004111191974043546
45.5,7.5,10600,0.004501298169827125,0.005064643639163558,0.0028909749440565154,0.0044681628312558935
46.5,7.5,10601,0.004501298169827125,0.005080503156813204,0.0038152659855020354,0.004049942176613099
47.5,7.5,10602,0.003927309981153256,0.004815856812566352,0.0037709392368185015,0.0040977164345632495
48.5,7.5,10603,0.004640220735937333,0.004387072766427314,0.004159127114120159,0.0040535907794559695
49.5,7.5,10604,0.004617446986221035,0.004264905266544707,0.003951997457422819,0.004082401585236012
50.5,7.5,10605,0.004399638664323168,0.0041534077153979046,0.0038982889689545474,0.003630104818590503
51.5,7.5,10606,0.00435261402245898,0.004145718036706742,0.0038267651462018447,0.003614987711099453
52.5,7.5,10607,0.004543156842736327,0.004843992622391298,0.00396785345968463,0.0036015161127914055
53.5,7.5,10608,0.004264891139051957,0.004559289890453426,0.0037350647557416305,0.003390987423064493
54.5,7.5,10609,0.004320417900230009,0.004162554643142711,0.00425954464614433,0.0036015403774384467
55.5,7.5,10610,0.004227207973916665,0.00451600623733591,0.003906543042325577,0.003302681727354534
56.5,7.5,10611,0.0042440635580631055,0.004202128224977437,0.0019581087743762724,0.0037016449134612745
57.5,7.5,10612,0.00403878104605286,0.004226269231632181,0.0019581087743762724,0.003285571509338874
58.5,7.5,10613,0.003401166000992575,0.0033408673200746243,0.0025759836873003286,0.003276014561992528
59.5,7.5,10614,0.0028232656647524308,0.0033882876828685835,0.00237619240734166,0.003022093939796214
60.5,7.5,10615,0.002990791262218228,0.0034267144192179225,0.002353779137458732,0.003240609658776677
61.5,7.5,10616,0.0029592445180894418,0.003149798286969541,0.00237619240734166,0.00383509228748898
62.5,7.5,10617,0.002571541111283716,0.0033063564552273375,0.0017838946830182585,0.003396720106593515
63.5,7.5,10618,0.0026287332691424764,0.0029398255149323906,0.0018276365873607363,0.0033925397310202127
64.5,7.5,10619,0.003239105668726186,0.0030154186411711905,0.0025230298693786784,0.0035493376201235507
65.5,7.5,10620,0.003396523551255395,0.0030183101796685975,0.002771773998803728,0.003914017367036594
66.5,7.5,10621,0.003249259018271706,0.003047337930473589,0.0025843433260136803,0.003677213923152535
67.5,7.5,10622,0.003435170413096688,0.0031812968985028404,0.0027299435928244773,0.003941677740645011
68.5,7.5,10623,0.003307521384971603,0.003011946495767483,0.0026658467786250025,0.004179724077302723
69.5,7.5,10624,0.0033076903041404032,0.0033965918763666186,0.0026658467786250025,0.003684470508623321
70.5,7.5,10625,0.0031997087107822017,0.003500968106494132,0.002599081460120712,0.0025607093054823057
71.5,7.5,10626,0.003185839974160547,0.0032468442437356498,0.002599081460120712,0.002530108869932596
72.5,7.5,10627,0.0027704692399202857,0.0032579547544604594,0.0025858284364796186,0.0025226432561741745
73.5,7.5,10628,0.0031431414588398254,0.0032579547544604594,0.002605194506930024,0.002514074548656904
74.5,7.5,10629,0.0029825470849571185,0.003187968826887423,0.002564486729058109,0.002519635222198641
75.5,7.5,10630,0.0032369394434751462,0.0036938560033378766,0.002530568322879681,0.003021937356952961
76.5,7.5,10631,0.003087748017224682,0.0035236796151889536,0.0022220760792326304,0.0031274028209700108
77.5,7.5,10632,0.0030656591447256747,0.0035497895249275396,0.0025616076695125227,0.002729949281531667
78.5,7.5,10633,0.0034672611880698515,0.003734032743156216,0.0026940441793957474,0.0035601504271000587
79.5,7.5,10634,0.0035366567832269017,0.003950116400042967,0.0027588118987936783,0.003824455191510383
80.5,7.5,10635,0.0035614348388049058,NA,0.0029778607159424712,0.0037653789496332845
81.5,7.5,10636,0.005642359826335886,NA,0.003118768151072216,0.00353560976640079
82.5,7.5,10637,0.004633233714629352,NA,0.003515090313185596,0.003306805564152712
83.5,7.5,10638,0.004285162266920827,NA,0.003529763511052764,0.0033908567301983938
84.5,7.5,10639,0.0037956790585876197,NA,0.004640581535472409,0.0038709481864618706
85.5,7.5,10640,0.0034695462571011524,NA,0.004736542325334714,0.002897635838170306
86.5,7.5,10641,0.0025085674001285004,NA,0.004775433616488697,0.0026386680561608805
87.5,7.5,10642,0.0025478133587773797,NA,0.004999083930809951,0.0029794060792800413
88.5,7.5,10643,0.002496084287555384,NA,0.0054009213142400736,0.004178284303410104
89.5,7.5,10644,0.0024970529512525607,NA,0.004048877147748129,0.0034915913045895875
90.5,7.5,10645,0.0021839595899275296,NA,NA,0.0035635210910286283
91.5,7.5,10646,0.0026541005334924177,NA,NA,0.00352167698251475
92.5,7.5,10647,0.0021425625142301313,NA,NA,0.0031259467742662654
93.5,7.5,10648,0.002360892224076599,NA,NA,0.00309434977957345
94.5,7.5,10649,0.0016143486259312292,NA,NA,0.0018383336355463535
95.5,7.5,10650,0.002019826059567552,NA,NA,0.0016602947351799324
96.5,7.5,10651,0.002649585290140524,NA,NA,0.0012698859845457387
97.5,7.5,10652,0.0011008179496873377,NA,NA,0.001556185582225229
98.5,7.5,10653,0.0012306785553632944,NA,NA,0.00156925456744861
100.5,7.5,10654,0.0020363256527059165,NA,0.0013296585100106312,0.001299133456345067
101.5,7.5,10655,0.0017801018623327522,NA,0.00145333077155282,0.0011884400649596805
-119.5,8.5,10666,0.006114699076532002,0.00939510041654607,NA,0.004185982631324306
-118.5,8.5,10667,0.0066194835927269,0.01314423264533214,NA,0.005559416050803846
-117.5,8.5,10668,0.011623550557214412,0.013749173855979893,NA,0.007004106403517095
-116.5,8.5,10669,0.01386258696545889,0.01436973453990696,NA,0.011417669162198255
-115.5,8.5,10670,0.015909693696921606,0.014767690217269187,NA,0.009682747353281701
-114.5,8.5,10671,0.020387176932053257,0.0166520341138491,NA,0.012073608798001956
-113.5,8.5,10672,0.05052241258794875,0.020997854325675084,NA,0.011377431415531877
-112.5,8.5,10673,0.020647004731560507,0.0205690173246541,NA,0.014497022892085215
-111.5,8.5,10674,0.018229300019045054,0.02038223973652426,NA,0.027715826891959217
-110.5,8.5,10675,0.024414466994010897,0.01960239992115516,NA,0.07876104007658122
-109.5,8.5,10676,0.02341615594111158,NA,NA,0.05123547351607438
-108.5,8.5,10677,0.022601040413363506,NA,NA,0.04615597490156687
-107.5,8.5,10678,0.00981104715425851,NA,NA,0.031348449710842344
-106.5,8.5,10679,0.01578301778456741,NA,NA,0.014849765702319108
-105.5,8.5,10680,0.034489777286094654,NA,NA,0.019522929199352404
-104.5,8.5,10681,0.022489578076736357,NA,NA,0.029219840098289325
-103.5,8.5,10682,0.004062522673069815,NA,NA,0.006576194234517269
-101.5,8.5,10683,0.00599628689386915,NA,NA,0.003269539449047705
-100.5,8.5,10684,0.0074790091592923155,NA,NA,0.005060497977609976
-98.5,8.5,10685,0.0035472451107117138,0.0030533693161222016,0.0015782705281540397,0.0021221580691878038
-97.5,8.5,10686,0.005382190984513985,0.0039056164361085783,0.0029443451854065774,0.003962496891908769
-96.5,8.5,10687,0.006993769602373508,0.005266877533710751,0.00282388172936172,0.004384331881916021
-95.5,8.5,10688,0.010804707630251667,0.008034929860777576,0.0035257199639612854,0.004129266219894439
-94.5,8.5,10689,0.007715862245420805,0.005265964702092818,0.003383428462124413,0.006071263741568019
-93.5,8.5,10690,0.01119134164148915,0.004897082226462441,0.0033065891168648862,0.005296199320563792
-92.5,8.5,10691,0.014225521701218172,0.0050654746926149284,0.003257115818068273,0.006349825204702846
-91.5,8.5,10692,0.013996218648821402,0.006546150484276009,0.0032489289845839754,0.00569620660585946
-90.5,8.5,10693,0.012859272993686994,0.006356922460395955,0.00321945083777729,0.00549593238494415
-89.5,8.5,10694,0.011552180063622684,NA,0.003950293977837476,0.006341266915394146
-88.5,8.5,10695,0.008974307169963764,NA,0.005155573395388178,0.007398073542680733
-87.5,8.5,10696,0.006132883274134339,NA,0.004124385995596027,0.010447653862712044
-86.5,8.5,10697,0.00459793418376671,NA,0.004255731096604448,0.006627965541915261
-85.5,8.5,10698,0.005092315880549007,NA,0.004286144488489302,0.007653865062953852
-84.5,8.5,10699,0.003451787822925454,NA,0.0049392973468437825,0.006489575510305179
-83.5,8.5,10700,0.0039481041224897345,NA,0.005273654684294025,0.005213697822324569
-82.5,8.5,10701,0.0015633273158775676,NA,0.0017120454810088004,0.0025331243783545997
-79.5,8.5,10702,0.002141668976658432,0.0041286951772160595,0.0019695221571523684,0.0015317266330978927
-78.5,8.5,10703,0.003313649234483737,0.004895753649593861,0.00408173934001797,0.0021820134315060917
-77.5,8.5,10704,0.0031938065592658944,0.002157384004707911,0.002410983048025323,0.001971621115883937
-76.5,8.5,10705,0.0020728955470124583,0.002185598076632734,0.0019490733719758871,0.002672563094119363
-75.5,8.5,10706,0.004961650458933587,0.0019057755763904624,0.0016661007607297615,0.0053777404877999304
-74.5,8.5,10707,0.00481190162086333,0.0021757417481441162,0.0016955072745750406,0.010279734598355255
-73.5,8.5,10708,0.0036642009473776813,0.0029753551438854303,0.0016511788948874208,0.012104011556318161
-72.5,8.5,10709,0.0034539192234606967,0.0020939835788252024,0.0033988352489640107,0.003433849442876909
-71.5,8.5,10710,0.004544017879030875,0.00521710404801176,0.004067423741695096,0.0027424603809991987
-70.5,8.5,10711,0.007765749704482436,0.006175653719811398,0.003144255974590487,0.005088703555931001
-69.5,8.5,10712,0.006804854295678377,NA,0.0036622021108635577,0.008906721626338028
-68.5,8.5,10713,0.010583041230875084,NA,0.011176609037416475,0.009679289914873221
-67.5,8.5,10714,0.007667964813032847,NA,0.008657727616283807,0.013782391512791448
-66.5,8.5,10715,0.007739032150123529,NA,0.008435148525114624,0.014364919779812193
-65.5,8.5,10716,0.006105891246905262,NA,0.016368526059885792,0.01610752455647396
-64.5,8.5,10717,0.005446233525970505,NA,0.0171921908510908,0.016665433582514395
-63.5,8.5,10718,0.002312151214985133,NA,0.006463677008744431,0.01455689234636957
-62.5,8.5,10719,0.0025320618073599106,NA,0.003080440364243911,0.004203217268446786
-61.5,8.5,10720,0.002551799289884939,NA,0.004106141232376516,0.004790694874052552
-60.5,8.5,10721,0.005031798904129623,NA,0.006840559776009163,0.006982793842193834
-59.5,8.5,10722,0.006546679700267487,0.01400599482386774,0.006946337127417707,0.011911419953037806
-58.5,8.5,10723,0.006724526040003189,0.016633597483607092,0.011675524820301071,0.02784070367235109
-57.5,8.5,10724,0.005154185062357828,0.004643229011316061,0.004833923638785696,0.006547258128116129
-53.5,8.5,10725,0.016707248176943575,0.004933915371509522,0.007548148242923919,0.008319484710291463
-52.5,8.5,10726,0.04398138103164915,0.02532573164904984,0.012264771405192712,0.07344631358856171
-51.5,8.5,10727,0.031062003915923404,0.02330530296893806,0.01351549252342913,0.046277921223138674
-50.5,8.5,10728,0.018692048005986124,0.02543312812930855,0.014539695637298311,0.027457356431628117
-49.5,8.5,10729,0.013280644001881186,0.013980140943393764,0.011987215320178336,0.02635510909519662
-48.5,8.5,10730,0.012658396949219084,0.016412103189281185,0.017656942126592953,0.027106427407979992
-47.5,8.5,10731,0.01161729165423822,0.013573485496499251,0.009104210328815018,0.03271126774671284
-46.5,8.5,10732,0.011599769833725938,0.013827202695497635,0.01864611038103997,0.03582918263185496
-45.5,8.5,10733,0.01168373120001199,0.016091150561568332,0.017178351480310015,0.03178258766182773
-44.5,8.5,10734,0.010449037541783335,0.01277432675608905,0.020626547064902117,0.03203568745050273
-43.5,8.5,10735,0.010000864904558286,0.013517252664080517,0.012729749855608267,0.030281593008095877
-42.5,8.5,10736,0.010853304411269138,0.014142704555352156,0.01192869282003535,0.023413616648009474
-41.5,8.5,10737,0.00962599641558483,0.01730159632648559,0.010645158622368275,0.031387186522969915
-40.5,8.5,10738,0.009533540272739097,0.02617378214864787,0.013007469335600439,0.030268055453052705
-39.5,8.5,10739,0.01072299711033026,0.022260546169381116,0.012903174604361769,0.03218989157525351
-38.5,8.5,10740,0.010376815380873306,0.02017500863149553,0.011917759327527548,0.027173892965134058
-37.5,8.5,10741,0.0061544991837280795,0.0162511925664794,0.0043769181272707795,0.018798676135610346
-36.5,8.5,10742,0.008964573364764018,0.02516073933254622,0.009554644047834113,0.02447626899360662
-35.5,8.5,10743,0.010145687969276064,0.019305258971363877,0.012768888601905353,0.023150865454628303
-34.5,8.5,10744,0.009112988240133514,0.015827022905521328,0.005882015364408611,0.020730143312884412
-33.5,8.5,10745,0.010227677166691852,0.0213108533210543,0.009302398632668562,0.01958802743308417
-32.5,8.5,10746,0.007364066502537458,0.01376859645834461,0.005009360504117674,0.012982680127177884
-31.5,8.5,10747,0.006600064017613896,0.011114081264772774,0.0038223255469433965,0.013643021502811447
-30.5,8.5,10748,0.009390967635005281,0.019610097154627103,0.008680320613120079,0.02132633605356864
-29.5,8.5,10749,0.0064194530136139315,0.0251518196178171,0.008793227957954354,0.02206212027979084
-28.5,8.5,10750,0.006493166434087716,0.018967949461778343,0.00692624940448113,0.01720985652448957
-27.5,8.5,10751,0.0057840698568564055,0.020779380881137267,0.008269745387144313,0.017313308329119252
-26.5,8.5,10752,0.008133744305496378,0.021061112546221013,0.010237882839479417,0.015967929847688293
-25.5,8.5,10753,0.009730573312738966,0.023776572659227654,0.01702594898310385,0.020782510563893755
-24.5,8.5,10754,0.007082228741049936,0.01985079104617249,0.0091848018315953,0.015962103528522186
-23.5,8.5,10755,0.007139367123948874,0.021827060747943702,0.008828643084796747,0.01935580220706274
-22.5,8.5,10756,0.007234106339510277,0.017762850980035317,0.012749586752021848,0.01649851696805613
-21.5,8.5,10757,0.007023728204418902,0.015263364942943503,0.010291382956720427,0.017458556996239532
-20.5,8.5,10758,0.007102993125672493,0.015883079947080755,0.013626395356320367,0.01800628073310841
-19.5,8.5,10759,0.009107216204613244,0.020212256377435834,0.009353754802909937,0.020812407181459606
-18.5,8.5,10760,0.007145218219177652,0.01835185982256282,0.009172034700870841,0.021787079002406538
-17.5,8.5,10761,0.006625581379343336,0.01789321272220977,0.009488194913067375,0.021787079002406538
-16.5,8.5,10762,0.006737726409175185,0.018224640125451757,0.009444684727787464,0.01804447849257758
-15.5,8.5,10763,0.007928410335657736,0.01977898006585688,0.011931169126145249,0.01826098227100222
-14.5,8.5,10764,0.007374141268691336,0.016407380850916142,0.02376728777128694,0.01685193106762624
-13.5,8.5,10765,0.007631044411212366,0.016331450055498707,0.01586406200953739,0.014828294918184512
-12.5,8.5,10766,0.007937976874918604,0.014457634531402835,0.013293103559457538,0.012950791613094582
-11.5,8.5,10767,0.006516971545400609,0.01128240871342001,0.012610644713203157,0.011898722335833042
-10.5,8.5,10768,0.007487619914642236,0.011440926329976295,0.01914091853940746,0.011863223330944795
-9.5,8.5,10769,0.006384512894883491,0.009183478668630637,0.011840364890011236,0.010122058612975427
-8.5,8.5,10770,0.006393390736573333,0.006833867645160885,0.01130262452592163,0.009953476526610135
-7.5,8.5,10771,0.006769605483447666,0.009285832682136279,0.01342422875904618,0.012077532540872345
-6.5,8.5,10772,0.006861756931320356,0.00825087426037788,0.008573370182533091,0.024952002862423644
-5.5,8.5,10773,0.006607658445003525,0.007461300059482765,0.007533651438443363,0.016356372653395967
-4.5,8.5,10774,0.006580532318018412,0.007393938135114786,0.007560990399188057,0.016559022459231562
-3.5,8.5,10775,0.00653360686724631,0.00727197058153298,0.009253076433030622,0.013278810827910678
-2.5,8.5,10776,0.006202583269986036,0.006435430086644894,0.00793333964728593,0.009557237479120809
-1.5,8.5,10777,0.006778968698880473,0.007686378592381756,0.006262214074419846,0.01016082121860791
-0.5,8.5,10778,0.004208564813376004,0.004879597154025098,0.003958543971384589,0.008970022560947501
0.5,8.5,10779,0.004490095755762193,0.005066379966292724,0.005267667217927395,0.005915960730614296
1.5,8.5,10780,0.006911163539601854,0.0065073682964727365,0.007281218618905701,0.009645245323410807
2.5,8.5,10781,0.007790383251998024,0.006927013681865009,0.010077491589771658,0.010070926156610238
3.5,8.5,10782,0.005743452606083154,0.005646994993610268,0.004642509675671913,0.007341742335987356
4.5,8.5,10783,0.007863758408821014,0.0068748356231382425,0.007768277830789672,0.008333497786133248
5.5,8.5,10784,0.004655341634979113,0.004559871306925438,0.005216318949504001,0.004918925633091628
6.5,8.5,10785,0.004865288431663625,0.004836228492118771,0.006401123997747444,0.005145139522120575
7.5,8.5,10786,0.005755639984751594,0.00679260712040315,0.005096403208036922,0.006916345691249364
8.5,8.5,10787,0.004537886193230785,0.005693245911256352,0.00437018717626268,0.006568877109088558
9.5,8.5,10788,0.004492769140602453,0.0056477734925999435,0.00437018717626268,0.0062643111681618124
10.5,8.5,10789,0.004566097694312943,0.005689698927426738,0.004457698650512188,0.005475964074303171
11.5,8.5,10790,0.005454171678051093,0.006824985200181676,0.004893648203160876,0.005434776922325243
12.5,8.5,10791,0.005640251157142533,0.00796095503381046,0.005077924198182156,0.006354559207536369
13.5,8.5,10792,0.005768673445747583,0.008147135615555186,0.0051143072329149384,0.006485441421645776
14.5,8.5,10793,0.005768673445747583,0.008147135615555186,0.005107806845346229,0.006515562303807088
15.5,8.5,10794,0.006079655608948534,0.0068559433699067075,0.006613481174945323,0.006217936497459534
16.5,8.5,10795,0.0061332091854084565,0.007510734257257798,0.00498002180454472,0.006260417121276992
17.5,8.5,10796,0.005854618923064605,0.007170023745196296,0.006099518353640247,0.006020806735607594
18.5,8.5,10797,0.0062904752874167885,0.00765919174295141,0.008517201784524815,0.006432078448497833
19.5,8.5,10798,0.0064605690121627745,0.00745983318296955,0.004080242936651205,0.00626445838128953
20.5,8.5,10799,0.006126522646517379,0.00745983318296955,0.003953942915918589,0.0055334130000027765
21.5,8.5,10800,0.006169307854772915,0.007554879093342758,0.0052995366888900705,0.005627176633865618
22.5,8.5,10801,0.007155248780971255,0.007728719131917472,0.004053040562519803,0.006510548466860264
23.5,8.5,10802,0.00626350642387139,0.008126624533015998,0.003993658718681805,0.005710469393970938
24.5,8.5,10803,0.006594276274272102,0.0068808316747662485,0.003801351890902789,0.005380422180082049
25.5,8.5,10804,0.005258110155731632,0.006228508592252182,0.00343784945013431,0.004781564424722023
26.5,8.5,10805,0.005254823253602809,0.006178043747996727,0.003365692557149653,0.0047662250368732135
27.5,8.5,10806,0.006143777912528148,0.005607402673988782,0.0033234547737545864,0.0048102783496251885
28.5,8.5,10807,0.004645930724093762,0.005639984205900062,0.0032263624872973296,0.0046945513952864
29.5,8.5,10808,0.005304171656034839,0.005977417495064208,0.004266154616755936,0.005253313870202125
30.5,8.5,10809,0.00468278591541667,0.0060247711578100245,0.0029856361547215336,0.004654745553912252
31.5,8.5,10810,0.0050454731061776595,0.004984117918169193,0.0029610777108195654,0.005191955452312901
32.5,8.5,10811,0.004492634500261409,0.004916728195408645,0.0028873785579436578,0.004469760231060609
33.5,8.5,10812,0.0052570718397263495,0.005556305526427373,0.002835837524518819,0.005084421489793984
34.5,8.5,10813,0.0052570718397263495,0.005142019334766875,0.0032237950058754926,0.00378149754913307
35.5,8.5,10814,0.005236087347819695,0.005121491729920948,0.0024437829300364873,0.003760813450792222
36.5,8.5,10815,0.005393057158865126,0.005298570595436702,0.0023938242136460975,0.004174218313917713
37.5,8.5,10816,0.004339386087227058,0.004854403421567477,0.0023765258790674764,0.004431048570389264
38.5,8.5,10817,0.004776178895019683,0.004832170218122074,0.0023765258790674764,0.004273740362259354
39.5,8.5,10818,0.004295263907507972,0.004926855348576116,0.003164086525030026,0.004213316913301708
40.5,8.5,10819,0.004274951530540748,0.005299876378132372,0.0023660036150848695,0.0034592529436778714
41.5,8.5,10820,0.004171925924105653,0.004473857281863649,0.0025087446535844993,0.0034592529436778714
42.5,8.5,10821,0.0035608198371866913,0.00473274868399169,0.002572200089435237,0.003852621551280016
43.5,8.5,10822,0.00433726694764496,0.004964004831474844,0.003444489316697832,0.003457959601670289
44.5,8.5,10823,0.004430689229278477,0.004703261985538285,0.0025499942475948616,0.00390401662005837
45.5,8.5,10824,0.0044375620168052585,0.004650633769288933,0.0025941852602356812,0.0035152124231800958
46.5,8.5,10825,0.0043699025236878354,0.004627957012543525,0.0034690063454972547,0.0035147137983314574
47.5,8.5,10826,0.004375467956427048,0.0042179622095442374,0.0034949636319902585,0.00386525308367
48.5,8.5,10827,0.004362244936256823,0.0045133347740723105,0.0026495154541848445,0.003935429791675872
49.5,8.5,10828,0.004362244936256823,0.0045133347740723105,0.002649515454184845,0.004478271662223799
50.5,8.5,10829,0.004282259746142378,0.0043912583747904655,0.003391489372220571,0.004366039170256176
51.5,8.5,10830,0.004266258137270012,0.004028056462899947,0.003391489372220571,0.0038673982949281893
52.5,8.5,10831,0.004013729784400214,0.004153166830758868,0.002554475487015997,0.0038425623464150805
53.5,8.5,10832,0.003336763199688128,0.003318874404972474,0.0033696993127798674,0.0039008619754022987
54.5,8.5,10833,0.003327362299066657,0.003355857226090636,0.0033696993127798674,0.0039008619754022987
55.5,8.5,10834,0.002841844278441446,0.003381228800242614,0.003381228800242614,0.0038827813861261875
56.5,8.5,10835,0.0032412367673237768,0.0033693996504211682,0.0025542481355016852,0.003891904239922255
57.5,8.5,10836,0.0031988087766075153,0.003346263923336342,0.003346263923336342,0.0038652006761515085
58.5,8.5,10837,0.0032704806515126243,0.0033040001445904764,0.003346263923336342,0.0038652006761515085
59.5,8.5,10838,0.003260967456273923,0.00329438976989647,0.0025293111659654833,0.0038539642444115458
60.5,8.5,10839,0.003240377051176647,0.00330902749902654,0.0030792032415633513,0.0037675972408820198
61.5,8.5,10840,0.003341804258899392,0.002995533751110479,0.0030489221463452227,0.0049742383960658
62.5,8.5,10841,0.0032749403994245013,0.0029355777729800255,0.0029879007952778786,0.0029603249069264934
63.5,8.5,10842,0.0032574403636271886,0.00298158533997037,0.0030716149764955236,0.00309291031986525
64.5,8.5,10843,0.003242969397533929,0.0033890458458601153,0.003505615154261441,0.00342057375137415
65.5,8.5,10844,0.0034519750438575317,0.00304781353327021,0.003503731314110202,0.003444580768589777
66.5,8.5,10845,0.003399009426741905,0.0030164051250300772,0.0034676409119044557,0.0034090975658437983
67.5,8.5,10846,0.0033629803400957716,0.0030164051250300772,0.0034676409119044557,0.0034090975658437983
68.5,8.5,10847,0.003326580718254926,0.002848492579685686,0.0033289781591991294,0.0032247978535587148
69.5,8.5,10848,0.0031709966551936534,0.003249224092116748,0.004182426579610584,0.0031850247012756706
70.5,8.5,10849,0.003206795465434109,0.003391437523575358,0.0044970742628833455,0.00408214183437849
71.5,8.5,10850,0.0025298037388684887,0.0032872054317516553,0.00429334987047715,0.004079137861161441
72.5,8.5,10851,0.0032046135476463873,0.0032546454588211903,0.0042308411694952025,0.004034009900726349
73.5,8.5,10852,0.003467972957112083,0.0036376151169260915,0.004106244700121953,0.003973172107990838
74.5,8.5,10853,0.002729749842666107,0.004643512938397391,0.0042442319162485495,0.004028786610590904
75.5,8.5,10854,0.002299050384841111,0.004481417822134827,0.004236595549243991,0.005891511128494436
76.5,8.5,10855,0.0025062305650983075,0.004796686924922138,0.006319670693508784,0.004949417055856251
77.5,8.5,10856,0.0018845755027714875,0.00432770156504175,0.004795972196076781,0.0042974961262065335
78.5,8.5,10857,0.0021597001039435526,0.004321589045723591,0.004816699671756674,0.0053719939172321585
79.5,8.5,10858,0.002427335248144546,0.0047787313295700315,0.005275848833948768,0.0041764379474457545
80.5,8.5,10859,0.0020717259763644524,NA,0.00364917395296803,0.004847703841786207
81.5,8.5,10860,0.0025375274880488183,NA,0.0038037831998295637,0.003083694714744122
82.5,8.5,10861,0.0032143867403019036,NA,0.003985177242807033,0.0032223116595795536
83.5,8.5,10862,0.003923790966871797,NA,0.0037855160234543947,0.002663110985673254
84.5,8.5,10863,0.003338250118280856,NA,0.0035137711418606245,0.0030563521409198856
85.5,8.5,10864,0.003972018071813778,NA,0.0051268649097784,0.0037572301318209928
86.5,8.5,10865,0.002937611669007995,NA,0.005948572113532105,0.0037528751962728883
87.5,8.5,10866,0.0028976686862085604,NA,0.006573294449135802,0.003560810619065828
88.5,8.5,10867,0.0037563656743397397,NA,0.006694696434795733,0.00405283975952023
89.5,8.5,10868,0.0022114877588196875,NA,0.006394407684903218,0.004932693655492848
90.5,8.5,10869,0.0021997996540762655,NA,NA,0.003571179080260645
91.5,8.5,10870,0.0021159481173735786,NA,NA,0.0026230008881783463
92.5,8.5,10871,0.0024544365923484072,NA,NA,0.002830814877633995
93.5,8.5,10872,0.002535942236427055,NA,NA,0.0023082894156715816
94.5,8.5,10873,0.0021905488835869892,NA,NA,0.0025369092967924907
95.5,8.5,10874,0.001842825864562856,NA,NA,0.0019047332979691203
100.5,8.5,10875,0.0018898060664831308,NA,0.0014429035997824823,0.0012193320644725294
101.5,8.5,10876,0.0013160056686596212,NA,0.001430570933533083,0.0012193320644725294
-119.5,9.5,10886,0.0055099210030203835,0.015716315268494895,NA,0.003443484034967982
-118.5,9.5,10887,0.007242852169149108,0.023476686015433835,NA,0.005727999263675596
-117.5,9.5,10888,0.009853626901247279,0.022508067851858913,NA,0.00785761162223916
-116.5,9.5,10889,0.01302234199976332,0.017530069532762385,NA,0.008851478909875744
-115.5,9.5,10890,0.013469330763948698,0.017886333741836773,NA,0.011923063823599986
-114.5,9.5,10891,0.01779751583222429,0.016389339428095378,NA,0.010727514336236591
-113.5,9.5,10892,0.02659652085133606,0.019255297064385345,NA,0.01607854367359367
-112.5,9.5,10893,0.07457230737170659,0.020000053766193696,NA,0.018122680921771758
-111.5,9.5,10894,0.06596893132916798,0.01971278174182789,NA,0.03636720050324791
-110.5,9.5,10895,0.0630667718977187,0.023096117407796053,NA,0.07874363311380868
-109.5,9.5,10896,0.07133680140131493,NA,NA,0.055058908937123605
-108.5,9.5,10897,0.02609481017773926,NA,NA,0.05532289944461678
-107.5,9.5,10898,0.015663817094756144,NA,NA,0.027219275336380938
-106.5,9.5,10899,0.021433188411861648,NA,NA,0.008732597556922324
-105.5,9.5,10900,0.024660534711620656,NA,NA,0.01559351281936188
-104.5,9.5,10901,0.020775770787826497,NA,NA,0.018155173587436322
-98.5,9.5,10902,0.003127961717960397,0.0038227139444281205,0.001996088733167989,0.004708185461035123
-97.5,9.5,10903,0.006698705710351989,0.005294745653174383,0.003296503024597241,0.004237055771833531
-96.5,9.5,10904,0.006787020305939288,0.0070427506113168855,0.002403249102452602,0.003948494718463333
-95.5,9.5,10905,0.009610509138686954,0.011272829373682194,0.003019161447522295,0.0035900921713939637
-94.5,9.5,10906,0.0061417045806891855,0.005962646499681767,0.0038081225804753724,0.005068120731678179
-93.5,9.5,10907,0.009857783780540936,0.00551191105923767,0.004471407503533844,0.005636937987494901
-92.5,9.5,10908,0.011700958472233215,0.005341489029428137,0.004351548566401109,0.007584359327949004
-91.5,9.5,10909,0.010923902580016508,0.005349564410645452,0.004436252699598171,0.005894632339037745
-90.5,9.5,10910,0.011053223096700418,0.005229965421991612,0.004750821785834107,0.006311558735230005
-89.5,9.5,10911,0.018044251479386007,NA,0.005724024870995531,0.0068093900183675395
-88.5,9.5,10912,0.013615787602204847,NA,0.006163874870117864,0.007878525781876155
-87.5,9.5,10913,0.010061863107732504,NA,0.004450224684249787,0.006616581817450761
-86.5,9.5,10914,0.010055949422498697,NA,0.005163267277748148,0.00729315287453274
-85.5,9.5,10915,0.00644906328945099,NA,0.005064940405355161,0.006891987311497352
-84.5,9.5,10916,0.0037578635411665965,NA,0.005701262124948047,0.006885759702747121
-83.5,9.5,10917,0.002885799021152206,NA,0.005310828871020276,0.005132228564818074
-82.5,9.5,10918,0.0017270538208889684,NA,0.0015982283470019171,0.001776270883754579
-80.5,9.5,10919,0.002312027076241974,NA,0.002007436906161462,0.0018707200160731619
-79.5,9.5,10920,0.0037237239451453612,0.002802242052338276,0.0024663366635563934,0.001983151890365386
-78.5,9.5,10921,0.0027890296358876487,0.004382943837871198,0.0031191634930988503,0.002225521915819194
-77.5,9.5,10922,0.005588611651334725,0.0033259911150884994,0.002206187045687632,0.0020420881692505386
-76.5,9.5,10923,0.002214459722070443,0.0014540269074339585,0.0020258449615454966,0.0029211930944586083
-75.5,9.5,10924,0.002896847753763693,0.0010135305641439834,0.002440612673130769,0.0026820688903039474
-73.5,9.5,10925,0.0030126105352642403,0.0017026723581874655,0.00979354351683344,0.007455292047695754
-72.5,9.5,10926,0.003094972162468245,0.002335532266514727,0.018598764140767044,0.008001918685185473
-71.5,9.5,10927,0.004466108409875223,0.005649813420453089,0.007030778794371042,0.0030816527889653356
-70.5,9.5,10928,0.005822807732934159,0.007463560694182684,0.008422974251632393,0.0031717176335863315
-69.5,9.5,10929,0.006482769387248142,NA,0.0041808631971140655,0.005571379652222156
-68.5,9.5,10930,0.009314444743495687,NA,0.003461515499149853,0.01096972484740102
-67.5,9.5,10931,0.007014113118299922,NA,0.005431088570929245,0.010706803689046694
-66.5,9.5,10932,0.007855571305150947,NA,0.008344320084108339,0.008612138769726269
-65.5,9.5,10933,0.006762064421236641,NA,0.008967716157946842,0.01373824204188085
-64.5,9.5,10934,0.0053249867141018,NA,0.015120217791986643,0.012723726317147147
-63.5,9.5,10935,0.0040760408357228845,NA,0.019677604762794062,0.012462354154549665
-62.5,9.5,10936,0.00418953789864064,NA,0.011531173616397094,0.01435217358059655
-60.5,9.5,10937,0.0023501102596892765,NA,0.0034995539227995883,0.0024259394937372644
-59.5,9.5,10938,0.004877176389122022,0.009166504998642853,0.006599588887518601,0.0064885386871822645
-58.5,9.5,10939,0.011381653693883116,0.014960797015904225,0.014853253056704131,0.008900619178547358
-57.5,9.5,10940,0.004908640586271499,0.0028251212799954516,0.00331283245101388,0.0018184331295379465
-53.5,9.5,10941,0.03521773212010769,0.015714790652685863,0.014259809022369003,0.03194683921593625
-52.5,9.5,10942,0.01943778069796839,0.07392007556704015,0.010807996350448998,0.05423462807788084
-51.5,9.5,10943,0.025904160037380032,0.0232397192583802,0.013866826266229149,0.047649994664141056
-50.5,9.5,10944,0.02539362860458247,0.020282284336613356,0.015434827151442317,0.038218630642102014
-49.5,9.5,10945,0.01721351932625225,0.012066920907491925,0.010786403070560563,0.02261754999751029
-48.5,9.5,10946,0.025936040215708195,0.014389882528846432,0.017303612700195755,0.02681979989685988
-47.5,9.5,10947,0.01943718576649838,0.02094025000589804,0.02637469494226584,0.035827893142663
-46.5,9.5,10948,0.013486255463849448,0.021262771757578687,0.033836785078242615,0.031210238300231744
-45.5,9.5,10949,0.011639480148127058,0.029981547730020368,0.023390812800302998,0.022301798429465072
-44.5,9.5,10950,0.011384828486536349,0.031422057561325184,0.02395696668184469,0.027569329116375753
-43.5,9.5,10951,0.014563657115762038,0.03042526849622039,0.02577351453066984,0.03418611000522822
-42.5,9.5,10952,0.013395186827557044,0.027704012305694067,0.025177017250232733,0.029291465920200887
-41.5,9.5,10953,0.01944580388050502,0.04150005262770761,0.04041521830685785,0.05239674064686464
-40.5,9.5,10954,0.019788311855094793,0.03377349545398828,0.019057481440384615,0.03320751281038619
-39.5,9.5,10955,0.013280052889041806,0.01805440027786452,0.008897042799030377,0.027522060459922365
-38.5,9.5,10956,0.011481070311404341,0.01831586091730947,0.0070629896912447745,0.026357487784259562
-37.5,9.5,10957,0.014596813254998757,0.028010696831972656,0.0123373711039944,0.026737351963243037
-36.5,9.5,10958,0.017523034272758198,0.026263465020114396,0.014680635607965207,0.026815787191829154
-35.5,9.5,10959,0.01693554538563096,0.026924293549091077,0.020677305625870643,0.021556074081883002
-34.5,9.5,10960,0.014159081254561409,0.022610346337557517,0.01597343915770567,0.019888102714222658
-33.5,9.5,10961,0.014977540226135826,0.01976047360318288,0.01486305763581799,0.02197279412098114
-32.5,9.5,10962,0.018179951565049847,0.020654205593132594,0.01592193710176619,0.02245017951003581
-31.5,9.5,10963,0.010726180198379695,0.01905391724751493,0.01416593507544848,0.01918444305271445
-30.5,9.5,10964,0.010898164832743674,0.028540318087297442,0.017174104522115135,0.022567615759700822
-29.5,9.5,10965,0.011569065003377907,0.030971668169458604,0.013812038456395262,0.02653158047855693
-28.5,9.5,10966,0.012321181098525247,0.030005877212286387,0.012866605028568267,0.024756362065827413
-27.5,9.5,10967,0.010876439193423331,0.038182701152820936,0.012149622692603512,0.023413809996267684
-26.5,9.5,10968,0.01093420512622514,0.031074109513920027,0.011502509209654338,0.023226526289758367
-25.5,9.5,10969,0.009665329302490673,0.032668594324321815,0.009855913584560817,0.023049851135454148
-24.5,9.5,10970,0.01188017138780389,0.032424584074382326,0.009911650345342955,0.025219053753730923
-23.5,9.5,10971,0.009456002471593027,0.02373066154800489,0.010040327143446827,0.025203632922867893
-22.5,9.5,10972,0.009456002471593027,0.025591505920457433,0.01062421435930235,0.0237131715610882
-21.5,9.5,10973,0.009456002471593025,0.02747007371308126,0.010959894738833456,0.0237131715610882
-20.5,9.5,10974,0.00953026534670601,0.026589347693680314,0.01119399526079298,0.023955489730350835
-19.5,9.5,10975,0.00835306496537264,0.023474839959889332,0.01158604917270974,0.021198587950156157
-18.5,9.5,10976,0.009171647211898629,0.02435275781359378,0.012746581819104508,0.022025031671632878
-17.5,9.5,10977,0.00823518470066719,0.01691974813554145,0.007964393053912978,0.02424920138300341
-16.5,9.5,10978,0.009517331499636525,0.023440366042347473,0.009377591587838878,0.017672628142620765
-15.5,9.5,10979,0.010280911279885499,0.019591545882446746,0.0144169887740573,0.014374658375783597
-14.5,9.5,10980,0.008921376208110328,0.022070992215493114,0.01314141637959203,0.014232953037902849
-13.5,9.5,10981,0.008534456450094667,0.016375216241275505,0.013011722275125192,0.010534359466631029
-12.5,9.5,10982,0.008857088298079446,0.014240581238845093,0.012215453577264107,0.009376063913378542
-11.5,9.5,10983,0.010513999271539428,0.017967677975632666,0.016140059653334194,0.012073893550122899
-10.5,9.5,10984,0.00883814011984403,0.011291078039653273,0.017472219769253422,0.009297736608255827
-9.5,9.5,10985,0.008351060381858883,0.011984268115493628,0.014423323063804266,0.010596681037713069
-8.5,9.5,10986,0.010084309163629013,0.013348899233472801,0.015499843786983648,0.012488902389841176
-7.5,9.5,10987,0.00884931371208278,0.012362577790669651,0.013674549903522515,0.014632318471335207
-6.5,9.5,10988,0.008770793648507275,0.010490508056320492,0.010569703925345366,0.014030186494617052
-5.5,9.5,10989,0.00877105664902848,0.011086804767551188,0.010239408076349923,0.014198654121941932
-4.5,9.5,10990,0.008831753080761943,0.010025768943723356,0.0074984829480147595,0.012764980081752059
-3.5,9.5,10991,0.009025744809600103,0.010007834786476311,0.007485035434298784,0.011078199052618525
-2.5,9.5,10992,0.009631536769423238,0.0096612125836272,0.00589749741058666,0.009398742263649604
-1.5,9.5,10993,0.011126642473444295,0.00986167932630666,0.005921226115502207,0.00933981467573467
-0.5,9.5,10994,0.007492109610744432,0.005999487287859294,0.005596032078875703,0.005927929234903929
0.5,9.5,10995,0.008264747063968283,0.006500880734293575,0.006232971045567496,0.007194224891848533
1.5,9.5,10996,0.007180228608618504,0.005087295677109835,0.006741316254062655,0.0064832815451367
2.5,9.5,10997,0.006758183333674415,0.006272339553765763,0.008348979812499638,0.008787759639167834
3.5,9.5,10998,0.008316871199585263,0.00750790695653087,0.0073002793989536815,0.009664117155562124
4.5,9.5,10999,0.008223080610128136,0.009758813214204734,0.009981191719805348,0.008734854241985618
5.5,9.5,11000,0.00624071427398033,0.007561519024345982,0.007907510466421696,0.007060031942725875
6.5,9.5,11001,0.0079894679961906,0.009422126114542382,0.011772719176525653,0.007903265363873431
7.5,9.5,11002,0.008097864028518125,0.009472260963611943,0.0068618821761778715,0.006963968030174948
8.5,9.5,11003,0.006414138162545929,0.007037582524616864,0.00438880276772441,0.005832183284879959
9.5,9.5,11004,0.006405996301492412,0.007028654885413288,0.005783324659099111,0.0057684807961721615
10.5,9.5,11005,0.007893924003875605,0.006860101234966293,0.00421978272679327,0.006407839754644216
11.5,9.5,11006,0.006969959373108512,0.006606425883306479,0.004341447987171643,0.006598284736134568
12.5,9.5,11007,0.0093258457878227,0.007936638903434375,0.006975859628073594,0.00690537848987303
13.5,9.5,11008,0.007901199769707098,0.007625443362760112,0.006702081732528881,0.007595520684883385
14.5,9.5,11009,0.006985904035763382,0.0068143121415866915,0.004549290207829101,0.006758761537583082
15.5,9.5,11010,0.006837448105706978,0.006495673326610679,0.005798041055980182,0.006244318211675778
16.5,9.5,11011,0.007347280241374774,0.006928010960089114,0.006112590412501316,0.006718772731121655
17.5,9.5,11012,0.008289261250874164,0.008869486114872802,0.006565563726917267,0.007382524145315346
18.5,9.5,11013,0.008457595281464851,0.006918656628060585,0.006703771444906941,0.00660917143659427
19.5,9.5,11014,0.00853616331079108,0.007075961644173868,0.006882783091095739,0.006647915785101513
20.5,9.5,11015,0.008199160218825205,0.006817295797645891,0.004822873602424957,0.006850292853067281
21.5,9.5,11016,0.00922830502092386,0.006824843084424005,0.004742644687166796,0.005962431372613946
22.5,9.5,11017,0.009496554076761948,0.007112898646771825,0.00473649854707864,0.006310534790826046
23.5,9.5,11018,0.008295950802277784,0.006220824782941582,0.004187417766214338,0.006271142453787998
24.5,9.5,11019,0.008280338052277335,0.005590830976990849,0.004064614311762464,0.0052943689680889664
25.5,9.5,11020,0.007077013845293156,0.005481839363502736,0.005370409138356117,0.004702483667956201
26.5,9.5,11021,0.007855536249426915,0.005372374757395308,0.004383269928864224,0.0047009237671669065
27.5,9.5,11022,0.00685870534340988,0.00597914906990449,0.005474390978511376,0.005255341187109906
28.5,9.5,11023,0.007716420873133396,0.005739505613579687,0.004015342259791449,0.005384542417890978
29.5,9.5,11024,0.007610612862179794,0.005579924669476317,0.004869420939913504,0.005588508917309514
30.5,9.5,11025,0.006536067487264907,0.005392416281792989,0.00360786232469558,0.005302659624828351
31.5,9.5,11026,0.006448309430784244,0.004961083515257113,0.0035112508766895274,0.004402251867489818
32.5,9.5,11027,0.006506699792642354,0.004548076954428772,0.004433954027867283,0.004402251867489818
33.5,9.5,11028,0.0060746140430332045,0.0044384984124807595,0.0043587702617984185,0.0043148763485746965
34.5,9.5,11029,0.004997137125237284,0.004491658438296953,0.004026209605816695,0.0042732546292654555
35.5,9.5,11030,0.005483491611258813,0.004178389787860151,0.0035216221286578173,0.0042732546292654555
36.5,9.5,11031,0.004916926157104659,0.004214403612225513,0.00264143436630194,0.004357266658759981
37.5,9.5,11032,0.0042339990275617615,0.003659343201415804,0.0034659213967047323,0.00436801767045587
38.5,9.5,11033,0.004260052768570846,0.003683001224646671,0.003451803126560003,0.004376604349669783
39.5,9.5,11034,0.004193676200917625,0.003968497203759538,0.0030826290954677764,0.004376604349669783
40.5,9.5,11035,0.004227244533266447,0.0036749717388769214,0.002998336094921152,0.004376604349669783
41.5,9.5,11036,0.004227244533266447,0.003646833482828643,0.002988752251714078,0.004376604349669783
42.5,9.5,11037,0.004157294756367078,0.003650611631056243,0.002988752251714078,0.004408663866708909
43.5,9.5,11038,0.003965790533790229,0.003633670248376339,0.0029940792024988495,0.0052303406175931684
44.5,9.5,11039,0.003965790533790229,0.0034957338179634335,0.002960453640009676,0.004118817543964187
45.5,9.5,11040,0.003950966789654491,0.003482937426134256,0.002960453640009676,0.00409479963209819
46.5,9.5,11041,0.003906809075410777,0.0037069863658242374,0.0029904001729246354,0.00409479963209819
47.5,9.5,11042,0.004029591754903853,0.0033468762197856224,0.003043684892543507,0.004192959067129077
48.5,9.5,11043,0.0038194778368772246,0.0033468762197856224,0.003043684892543507,0.004078954302286395
49.5,9.5,11044,0.003772298613499638,0.0037964060759843304,0.003043684892543507,0.004023190966241184
50.5,9.5,11045,0.0037170699304290033,0.0032715898090937795,0.0029535318965612056,0.0039041389215330176
51.5,9.5,11046,0.0033343309108084447,0.0034406577493415486,0.0029535318965612056,0.003888242557495944
52.5,9.5,11047,0.0036559757697543094,0.003613876676595585,0.0029535318965612056,0.0038189040676453933
53.5,9.5,11048,0.003681970983495528,0.003613876676595585,0.0032482842616036655,0.0034725535152517564
54.5,9.5,11049,0.0035055404565961148,0.003608184084486224,0.003310905530502117,0.0034445426938426713
55.5,9.5,11050,0.0036853094304727437,0.004077352507416947,0.0032994882433034947,0.0033388336230846254
56.5,9.5,11051,0.003740538894551251,0.00337875766605622,0.0034049660904156153,0.003365206548786895
57.5,9.5,11052,0.0037168651343613404,0.0036407722246294127,0.003369756579032512,0.003243326858411039
58.5,9.5,11053,0.0037168651343613404,0.0033438182571120197,0.0032878269121575134,0.00291322682308282
59.5,9.5,11054,0.0036267658500135215,0.0033438182571120197,0.0033031955616555472,0.0032233816615567868
60.5,9.5,11055,0.0035091276638478473,0.0033438182571120197,0.0033031955616555472,0.0028394333609001146
61.5,9.5,11056,0.003281658451239407,0.0033331338109648862,0.0033031955616555472,0.0028394333609001146
62.5,9.5,11057,0.003228996563069877,0.0031744943636904596,0.003154343069676319,0.0027114226151328576
63.5,9.5,11058,0.0029693903870378923,0.003059430514813387,0.003076203684350185,0.0026310856589577413
64.5,9.5,11059,0.003321988155250201,0.003504231521064559,0.004443237692760296,0.00304039839995407
65.5,9.5,11060,0.0030278840327226646,0.0033486379292499975,0.004374172019607388,0.0030229774964004147
66.5,9.5,11061,0.002925596326078888,0.00338624578825514,0.00454837911675885,0.0040824812824838755
67.5,9.5,11062,0.0037324037471751113,0.0033080577594255607,0.00466965575475217,0.004670399246999865
68.5,9.5,11063,0.0033221031729991106,0.003316480205967966,0.004709973999894434,0.005238779748154622
69.5,9.5,11064,0.003344591494208693,0.0039092717429427635,0.004783631794455353,0.004865099216099316
70.5,9.5,11065,0.003170157418376478,0.0038401271444937005,0.004663412565333245,0.003956532799825617
71.5,9.5,11066,0.002515663971494909,0.0048756531314818625,0.005264451448585505,0.003808806546502356
72.5,9.5,11067,0.0025744449934207267,0.0052739235509385776,0.005187330895242016,0.0036547117427503826
73.5,9.5,11068,0.002921915336306116,0.0034046372373095924,0.005306198908795231,0.003937507791203193
74.5,9.5,11069,0.0029497746618571434,0.0033533733733513557,0.004236198644772036,0.0040548899108191795
75.5,9.5,11070,0.00295987163655474,0.0032756558595756846,0.005275119363669011,0.004997237361918781
76.5,9.5,11071,0.002557049024736803,0.003254050796193896,0.00521522319276988,0.004476054194654177
77.5,9.5,11072,0.0023567707963583558,0.0029819759043359442,0.004807544013364605,0.003963249394080444
78.5,9.5,11073,0.002608441995589506,0.0032277378273972805,0.0042207914192378465,0.003457403753616802
79.5,9.5,11074,0.0021851478161548934,0.0034771408672141877,0.0034473732277476377,0.0030580956950617103
80.5,9.5,11075,0.0021204796131456673,NA,0.0034473732277476377,0.002963557943878552
81.5,9.5,11076,0.002205532388263969,NA,0.003500964592454072,0.0030729615278862797
82.5,9.5,11077,0.0026680613467283255,NA,0.0035653134147162003,0.0031164553095629722
83.5,9.5,11078,0.002591024282242346,NA,0.003910182797004375,0.003444621786761843
84.5,9.5,11079,0.002485037794695048,NA,0.005040836585722948,0.0058548897416439635
85.5,9.5,11080,0.0029718835225392617,NA,0.0038917062274302235,0.0035959714303796663
86.5,9.5,11081,0.0021288832272608155,NA,0.0038557126065257514,0.003291446399612424
87.5,9.5,11082,0.002373146646380822,NA,0.0034611821491358366,0.003391375475150991
88.5,9.5,11083,0.002448731538962666,NA,0.0034819254445295532,0.0032519653320546792
89.5,9.5,11084,0.003021016493815459,NA,0.0033448290674606045,0.002604269739287325
90.5,9.5,11085,0.0031650687340287124,NA,NA,0.002604269739287325
91.5,9.5,11086,0.002528404840749113,NA,NA,0.0024129045642001896
92.5,9.5,11087,0.002190420942792612,NA,NA,0.00257527925719464
93.5,9.5,11088,0.0023917996999695324,NA,NA,0.00272294097566046
94.5,9.5,11089,0.001865515966369176,NA,NA,0.001884833755930064
95.5,9.5,11090,0.0022855553439655027,NA,NA,0.0013108631947777556
-128.5,10.5,11091,0.003865468535350866,NA,NA,0.0036113504794705728
-127.5,10.5,11092,0.0034449587333576955,NA,NA,0.003829004766005422
-126.5,10.5,11093,0.004528377228721322,NA,NA,0.0038379659190075077
-125.5,10.5,11094,0.00773534689583586,NA,NA,0.004111052566314367
-124.5,10.5,11095,0.005789783234532239,NA,NA,0.0029934283136393075
-123.5,10.5,11096,0.004935902367981432,NA,NA,0.0026433078331304064
-122.5,10.5,11097,0.007640833237560527,NA,NA,0.0028169261728937614
-121.5,10.5,11098,0.005394013890318536,NA,NA,0.0023487782937039524
-120.5,10.5,11099,0.006199272846000204,NA,NA,0.003751611315569422
-99.5,10.5,11116,0.003844010249262592,NA,NA,NA
-98.5,10.5,11117,0.004403690917490473,NA,NA,NA
-97.5,10.5,11118,0.004900581532358181,NA,NA,NA
-96.5,10.5,11119,0.005302812473737013,NA,NA,NA
-95.5,10.5,11120,0.0061303192203425215,NA,NA,NA
-94.5,10.5,11121,0.008326894987818481,NA,NA,NA
-93.5,10.5,11122,0.006130675235389446,NA,NA,NA
-92.5,10.5,11123,0.009431927725815796,NA,NA,NA
-91.5,10.5,11124,0.010776347942635968,NA,NA,NA
-90.5,10.5,11125,0.010755762917846797,NA,NA,NA
-89.5,10.5,11126,0.010731298145303826,NA,NA,NA
-88.5,10.5,11127,0.011326330520605441,NA,NA,NA
-87.5,10.5,11128,0.009871391686714779,NA,NA,NA
-86.5,10.5,11129,0.008514850313800988,NA,NA,NA
-85.5,10.5,11130,0.009333408649598746,NA,NA,NA
-84.5,10.5,11131,0.006354615966252664,NA,NA,NA
-83.5,10.5,11132,0.0028723925597695936,NA,NA,NA
-82.5,10.5,11133,0.0029664738613672877,NA,NA,NA
-80.5,10.5,11134,0.005761684040306355,NA,NA,NA
-69.5,10.5,11142,0.005815063655626414,0.004589038436001727,0.00536206577811224,0.003939163883992464
-68.5,10.5,11143,0.01074705106092967,0.015538557704142352,0.0031039169779444147,0.010835848270626777
-67.5,10.5,11144,0.020839304657135425,0.025260888422048808,0.004555956871511332,0.01701809607069784
-66.5,10.5,11145,0.013762095304739437,0.02267096570159715,0.0083397855876038,0.011459402029205897
-65.5,10.5,11146,0.007983921659037715,0.00917613730581839,0.008053642060314233,0.006942869551566482
-64.5,10.5,11147,0.005323384205926916,0.008777001546013853,0.01291109111692946,0.007825883067579077
-63.5,10.5,11148,0.00496709802674234,0.009304023546935462,0.01581238112159047,0.007973136820636557
-62.5,10.5,11149,0.004931989500203369,0.0094100178759579,0.015370961672802455,0.010571214045472942
-61.5,10.5,11150,0.004855059132108144,0.004883729291629319,0.0061131271061288465,0.005762340814344781
-59.5,10.5,11151,0.0035451517084179787,0.0020145842017205234,0.0051572937418082245,0.0055341888442502485
-58.5,10.5,11152,0.0037039562213463297,0.004630598623774577,0.004022320293873879,0.0038756397960242888
-57.5,10.5,11153,0.0041684907708412116,0.006640574810422364,0.003476853599868835,0.0044033643037865895
-53.5,10.5,11154,0.06105962052354317,0.0685374112482916,0.039114305268479865,0.0474315478558278
-52.5,10.5,11155,0.034709532020537365,0.05182789490957994,0.029542121954468478,0.07555536815982751
-51.5,10.5,11156,0.03331788475684701,0.05409496520083103,0.018747196184077292,0.03996032059317737
-50.5,10.5,11157,0.02163930506715608,0.05081814879008922,0.02236485972491231,0.037233871583712684
-49.5,10.5,11158,0.018091199712308915,0.08448612417760012,0.03115276396675089,0.03684808338746339
-48.5,10.5,11159,0.016230091510307472,0.059628142964796814,0.015410870359506652,0.02786649844820158
-47.5,10.5,11160,0.014193207490954143,0.0362468747129387,0.013852105513334654,0.032449767458565704
-46.5,10.5,11161,0.020609712546688568,0.09208547788368346,0.033087431058736905,0.04000247557823684
-45.5,10.5,11162,0.01188036719956776,0.07367709629597909,0.018714569915674086,0.03379267520552198
-44.5,10.5,11163,0.012328325845846632,0.07262795770982669,0.019242733414676944,0.03189528646198717
-43.5,10.5,11164,0.013705771439402206,0.054990820192037146,0.019275114261275792,0.03332240307631961
-42.5,10.5,11165,0.013398057595263173,0.06049135301795707,0.025224826962385444,0.035501378586713685
-41.5,10.5,11166,0.01325685020132571,0.060759794200555516,0.017620435797141846,0.03865412441624802
-40.5,10.5,11167,0.012253896210748553,0.054763212045660495,0.020114929660403666,0.038496413320380264
-39.5,10.5,11168,0.011281140802431354,0.03879060360418789,0.012622955563917264,0.03553940953752017
-38.5,10.5,11169,0.01350282295228666,0.0470596722371433,0.015328614037234928,0.04179542575783006
-37.5,10.5,11170,0.013215433244142576,0.029724501927579704,0.01575207596726317,0.03244380179672693
-36.5,10.5,11171,0.014524175497288754,0.04012129121738585,0.0156355675957604,0.02811339196747229
-35.5,10.5,11172,0.011499744462473952,0.032871800478153385,0.012533911700912262,0.022554202231771302
-34.5,10.5,11173,0.010410232978822959,0.025429147272677043,0.013282747397163857,0.022481764706357238
-33.5,10.5,11174,0.010088337569517462,0.03690447096933342,0.022685843858764747,0.02822234625131122
-32.5,10.5,11175,0.010061237933754316,0.035447921505423974,0.018139826937870272,0.025312810179428085
-31.5,10.5,11176,0.009949668726446882,0.035333723780743044,0.02029942422501842,0.025205340760074496
-30.5,10.5,11177,0.012910558400567488,0.029002970212605776,0.019891421895208594,0.028754901707040845
-29.5,10.5,11178,0.014393277387526727,0.04057087867542003,0.020143525307637498,0.028565284155329152
-28.5,10.5,11179,0.012910558400567488,0.0544841434213393,0.018411112806561703,0.023907078870355054
-27.5,10.5,11180,0.01310581352118336,0.04317593427488281,0.018927784453718868,0.02357127004216652
-26.5,10.5,11181,0.01310581352118336,0.043873916653588516,0.013054766308118783,0.023655731658304317
-25.5,10.5,11182,0.013380424569388184,0.04908210207711472,0.012727796814106138,0.028675112694106445
-24.5,10.5,11183,0.01443768097881841,0.05253699791590086,0.0177729724195558,0.031248765521605285
-23.5,10.5,11184,0.019470438154479706,0.03888285684284024,0.013088582717473932,0.023544470190194382
-22.5,10.5,11185,0.014555004957223333,0.04104940491189716,0.017708084020750085,0.019920575304969594
-21.5,10.5,11186,0.01484507687457565,0.04127539165601909,0.012155305713544453,0.018546564490600645
-20.5,10.5,11187,0.013755793934648207,0.07216809297645126,0.01185297312558504,0.018227532722721707
-19.5,10.5,11188,0.011164680454326665,0.03608180004555292,0.012985290567306169,0.014735850872093033
-18.5,10.5,11189,0.01322609096781538,0.029579790467600797,0.011161097879917356,0.014894675137049266
-17.5,10.5,11190,0.007622590766214007,0.0365775059111419,0.0083872598507248,0.012701717813540814
-16.5,10.5,11191,0.009073195757686737,0.055251973602289936,0.013760862504957384,0.01844999440350959
-15.5,10.5,11192,0.009117370477559972,0.037029164792123245,0.016752622279364974,0.015624277378368879
-14.5,10.5,11193,0.009514688531259485,0.0324213568178986,0.015000157747900674,0.014058264489923067
-13.5,10.5,11194,0.01035603829735115,0.026601548221799616,0.013430778690427147,0.010423709310017598
-12.5,10.5,11195,0.009806163904822848,0.031048908118038832,0.016743824879398714,0.011988849498681538
-11.5,10.5,11196,0.009738264373969506,0.025563350873351043,0.019214550696978236,0.012731457046637529
-10.5,10.5,11197,0.008095319115999944,0.019220638360498938,0.01647720394261817,0.010946644189150711
-9.5,10.5,11198,0.010858954024606253,0.02068218287487439,0.022312158348283612,0.011572420604839212
-8.5,10.5,11199,0.010667676375848768,0.018668108753591407,0.016499965445995423,0.013501911852594674
-7.5,10.5,11200,0.012364145551033486,0.018623317577719702,0.012195874320019373,0.014566629223727819
-6.5,10.5,11201,0.010208297718525498,0.013961558420439777,0.010023384640467932,0.014915313694615942
-5.5,10.5,11202,0.025138016679983236,0.029863906325625047,0.015249646008346796,0.028875055695902704
-4.5,10.5,11203,0.009987829017854671,0.010823636747911543,0.007557271426673696,0.012734453597146152
-3.5,10.5,11204,0.009995745560100428,0.01095763172157599,0.00746931093885922,0.012257663245481464
-2.5,10.5,11205,0.009329493600783978,0.010181336799955577,0.007077918520595512,0.009970388378722725
-1.5,10.5,11206,0.014774377390383106,0.01505933268124903,0.007419485648567192,0.012618681058221668
-0.5,10.5,11207,0.007208907352702039,0.006704126443665359,0.0039269838140039105,0.0069329872547435915
0.5,10.5,11208,0.009354133045072136,0.008629849931116072,0.0045675466658637335,0.011285493826009293
1.5,10.5,11209,0.0078086481279006255,0.0070746556600438356,0.0040664311518699954,0.010304582334614
2.5,10.5,11210,0.012081132227786152,0.01183541154531795,0.005708102338260637,0.012434546065904821
3.5,10.5,11211,0.012469034117036867,0.010829228503405652,0.005669161386401627,0.009204815873725082
4.5,10.5,11212,0.009485851848496115,0.00909164214934727,0.004693169927315582,0.007160414491368486
5.5,10.5,11213,0.009378018676228488,0.008988249605455176,0.00625289137313386,0.0070259761101051435
6.5,10.5,11214,0.013180039611137341,0.011496851489445226,0.005858441185759302,0.008348105897660595
7.5,10.5,11215,0.009555994896078928,0.009158897170478792,0.006343977264062285,0.008571590995868043
8.5,10.5,11216,0.009746936037099493,0.009118718959211923,0.007538290360086408,0.008704052706237768
9.5,10.5,11217,0.009523450397602872,0.008251963684039165,0.005803600853681444,0.007972681316104744
10.5,10.5,11218,0.007631480134111347,0.007679378439736541,0.003821024700064147,0.007419329874803017
11.5,10.5,11219,0.008550800034537166,0.009050686212187927,0.006034334425888918,0.007451247560679146
12.5,10.5,11220,0.0081609698408493,0.008638264815144014,0.004290936271675787,0.008384986828882519
13.5,10.5,11221,0.008970391263661462,0.0102392313213287,0.005090330876749671,0.00968651230049009
14.5,10.5,11222,0.007331393815730159,0.008848271428618352,0.004418170501094811,0.006662454629594215
15.5,10.5,11223,0.008279731360227227,0.01002638465255663,0.006646092768193052,0.007165781381803725
16.5,10.5,11224,0.008651505497418461,0.010195501114107103,0.005053171510179774,0.008040682876997017
17.5,10.5,11225,0.009116520331422668,0.010504377582776864,0.005245189628311153,0.006754625118910564
18.5,10.5,11226,0.009050301824181248,0.009448316601986403,0.00514782211561467,0.006594533719478883
19.5,10.5,11227,0.009009025348318945,0.008986704837712656,0.006765780811996802,0.006594533719478883
20.5,10.5,11228,0.009974268953071795,0.009635385493399796,0.004775875115761039,0.006255183441937443
21.5,10.5,11229,0.010573257079094015,0.008917650326398619,0.004699036287136605,0.006509716665345785
22.5,10.5,11230,0.00734939543978058,0.006992354807395548,0.004135413795148306,0.006617257417599733
23.5,10.5,11231,0.00805763827793507,0.006448076537285543,0.004043299167505855,0.005649110112981085
24.5,10.5,11232,0.008402744949873777,0.0061461648225732,0.005633854463702459,0.005891672816404464
25.5,10.5,11233,0.007811854100066663,0.007510144300853517,0.00531035858550985,0.005654055475520866
26.5,10.5,11234,0.007770710800641392,0.005872456072665921,0.005209964114152516,0.005720993969085661
27.5,10.5,11235,0.006826692149824351,0.00576124521121523,0.006720055319770975,0.00564559873542839
28.5,10.5,11236,0.007792859069195873,0.005537648369401496,0.005243795428857816,0.0064496150847046605
29.5,10.5,11237,0.007371770799150582,0.005641953308134673,0.00497371763196078,0.005619668663963276
30.5,10.5,11238,0.006960061132634063,NA,NA,0.005560062468765207
31.5,10.5,11239,0.006740663627012422,NA,NA,0.005667705907335175
32.5,10.5,11240,0.006392925217957359,NA,NA,0.005690615122665426
33.5,10.5,11241,0.006134664268333593,NA,NA,0.0054011196028820145
34.5,10.5,11242,0.0056441487390558225,NA,NA,0.0054011196028820145
35.5,10.5,11243,0.005354234987170434,NA,NA,0.005359734828120586
36.5,10.5,11244,0.004334450125304046,NA,NA,0.005359734828120586
37.5,10.5,11245,0.004518401827569693,NA,NA,0.005382639396517418
38.5,10.5,11246,0.003607946624360111,NA,NA,0.005382639396517418
39.5,10.5,11247,0.004075660139159732,NA,NA,0.005425306888470252
40.5,10.5,11248,0.004752527408414214,NA,NA,NA
41.5,10.5,11249,0.003337850720315069,NA,NA,NA
42.5,10.5,11250,0.003072005811753295,NA,NA,NA
43.5,10.5,11251,0.002648506684241527,NA,NA,NA
44.5,10.5,11252,0.003015372380915489,NA,NA,NA
45.5,10.5,11253,0.0041185644451498925,NA,NA,NA
46.5,10.5,11254,0.003087590981912466,NA,NA,NA
47.5,10.5,11255,0.0030364419682068324,NA,NA,NA
48.5,10.5,11256,0.0030364419682068324,NA,NA,NA
49.5,10.5,11257,0.002994887947474946,NA,NA,NA
50.5,10.5,11258,0.0029614952180130206,NA,NA,0.004580139089785527
51.5,10.5,11259,0.002980655080664856,NA,NA,0.004057145722176238
52.5,10.5,11260,0.0030394686836153558,NA,NA,0.004057145722176238
53.5,10.5,11261,0.003135114098449866,NA,NA,0.004057145722176238
54.5,10.5,11262,0.0031476354637220427,NA,NA,0.003924435380102178
55.5,10.5,11263,0.0032076238938584687,NA,NA,0.003975832527959313
56.5,10.5,11264,0.003169409267659879,NA,NA,0.0035977584509365675
57.5,10.5,11265,0.002939012700490589,NA,NA,0.0035120167165030233
58.5,10.5,11266,0.002886235940291668,NA,NA,0.003870508067379028
59.5,10.5,11267,0.0029584140305057506,NA,NA,0.0030120151517323123
60.5,10.5,11268,0.0032972951823475073,NA,NA,NA
61.5,10.5,11269,0.0033214749157550235,NA,NA,NA
62.5,10.5,11270,0.0033461895207989607,NA,NA,NA
63.5,10.5,11271,0.003336456840285984,NA,NA,NA
64.5,10.5,11272,0.0036847675016283316,NA,NA,NA
65.5,10.5,11273,0.0035447407509896266,NA,NA,NA
66.5,10.5,11274,0.003030503244208611,NA,NA,NA
67.5,10.5,11275,0.004549343822051879,NA,NA,NA
68.5,10.5,11276,0.002522627906721863,NA,NA,NA
69.5,10.5,11277,0.0022354539170227135,NA,NA,NA
70.5,10.5,11278,0.0032404869044455327,0.005451559344475865,NA,NA
71.5,10.5,11279,0.002963382348742514,0.004596592020557853,NA,NA
72.5,10.5,11280,0.002960518035741424,0.00456740831600964,NA,NA
73.5,10.5,11281,0.002832801859310884,0.004363057290376595,NA,NA
74.5,10.5,11282,0.0029068154266185375,0.004606409427908037,NA,NA
75.5,10.5,11283,0.0024510169305087554,0.0051199385980983565,NA,NA
76.5,10.5,11284,0.0029224956538126006,0.005631838965945482,NA,NA
77.5,10.5,11285,0.002447420763969911,0.005010398068073633,NA,NA
78.5,10.5,11286,0.0025581536686079265,0.004434648991169492,NA,NA
79.5,10.5,11287,0.002352439281278846,0.004892089832077253,NA,NA
80.5,10.5,11288,0.0043781254580226485,0.006076797414957818,NA,NA
81.5,10.5,11289,0.004105571078262601,0.00840870497711625,NA,NA
82.5,10.5,11290,0.00393275789467687,0.006739234594404387,NA,NA
83.5,10.5,11291,0.003923762596140608,0.006992613348323657,NA,NA
84.5,10.5,11292,0.003826453400926753,0.006764913720927203,NA,NA
85.5,10.5,11293,0.0034848384418066118,0.007066042320482379,NA,NA
86.5,10.5,11294,0.0032731738311561685,0.005604358527976746,NA,NA
87.5,10.5,11295,0.003240590002255497,0.00437967089944349,NA,NA
88.5,10.5,11296,0.003408552520054167,0.0046778051988835235,NA,NA
89.5,10.5,11297,0.003633802252263556,0.005183888696677687,NA,NA
90.5,10.5,11298,0.0036705928607226874,NA,NA,NA
91.5,10.5,11299,0.003617296562644893,NA,NA,NA
92.5,10.5,11300,0.0028510840282578416,NA,NA,NA
93.5,10.5,11301,0.0015985450158655054,NA,NA,NA
-128.5,11.5,11302,0.004365331781588435,NA,NA,0.006032629056502589
-127.5,11.5,11303,0.0034894778836271727,NA,NA,0.005589138505225554
-126.5,11.5,11304,0.004092020774934985,NA,NA,0.00538744942552508
-125.5,11.5,11305,0.006951266363607012,NA,NA,0.00651570347035325
-124.5,11.5,11306,0.008652683409916782,NA,NA,0.0073911185930326685
-123.5,11.5,11307,0.007949414731010898,NA,NA,0.0054231031612012185
-122.5,11.5,11308,0.009711955510454505,NA,NA,0.005023464536755406
-121.5,11.5,11309,0.011156282644763716,NA,NA,0.0059826705105648905
-120.5,11.5,11310,0.012689716843826918,NA,NA,0.007317353167109468
-99.5,11.5,11327,0.007053408006522377,NA,NA,NA
-98.5,11.5,11328,0.00972921066147759,NA,NA,NA
-97.5,11.5,11329,0.013966282752521514,NA,NA,NA
-96.5,11.5,11330,0.01844372405462217,NA,NA,NA
-95.5,11.5,11331,0.021016988656158992,NA,NA,NA
-94.5,11.5,11332,0.021900902374927072,NA,NA,NA
-93.5,11.5,11333,0.02232687701692394,NA,NA,NA
-92.5,11.5,11334,0.02481090757933175,NA,NA,NA
-91.5,11.5,11335,0.03327310432781316,NA,NA,NA
-90.5,11.5,11336,0.037848065466660474,NA,NA,NA
-89.5,11.5,11337,0.04075656629016485,NA,NA,NA
-88.5,11.5,11338,0.026033182269358725,NA,NA,NA
-87.5,11.5,11339,0.013140251757662326,NA,NA,NA
-86.5,11.5,11340,0.010033198595593259,NA,NA,NA
-85.5,11.5,11341,0.01080376956240465,NA,NA,NA
-84.5,11.5,11342,0.013253475167444129,NA,NA,NA
-83.5,11.5,11343,0.005816575755547679,NA,NA,NA
-82.5,11.5,11344,0.0037724245759577653,NA,NA,NA
-81.5,11.5,11345,0.0023715567210994552,NA,NA,NA
-69.5,11.5,11350,0.008766120749687611,0.008250819817997782,0.005402220499911086,0.009989892931255604
-68.5,11.5,11351,0.019017250886264124,0.031125049354729616,0.006560683604764139,0.012618131902851921
-67.5,11.5,11352,0.04817596528446309,0.056043247266552715,0.008315659228712333,0.029379976168763026
-66.5,11.5,11353,0.03103221733271113,0.04831623936171982,0.010782798884915751,0.02352565692810629
-65.5,11.5,11354,0.014941315054487996,0.02728142546812166,0.012332023205780274,0.010905994814523907
-64.5,11.5,11355,0.01558685194009353,0.031173543605105165,0.03242744648610323,0.015152974828361542
-63.5,11.5,11356,0.0070838249918800545,0.014063534846474272,0.027734852506759947,0.016302986426107946
-62.5,11.5,11357,0.008351255733636124,0.016587756061585572,0.027235019038038624,0.011923155500868384
-61.5,11.5,11358,0.006430120551258233,0.015035198415963864,0.024355069911074858,0.011941213395008827
-60.5,11.5,11359,0.0074361740416329656,0.007653718475403949,0.009954176973588674,0.007402334881978817
-59.5,11.5,11360,0.0035638440828291416,0.006724031634270911,0.005415050333254004,0.0036106676631267316
-58.5,11.5,11361,0.00452383887205146,0.0074352067948213465,0.005902647387953134,0.00641161236404356
-53.5,11.5,11362,0.1501789324527688,0.2576292905631477,0.06689315619401301,0.10195870412358242
-52.5,11.5,11363,0.08841900077012158,0.07291366421663473,0.03795393734247329,0.10302946631832578
-51.5,11.5,11364,0.057932536585911396,0.07993138388243179,0.03529440108737765,0.07386166652528704
-50.5,11.5,11365,0.03551522351682683,0.08021042887035966,0.03910892243944846,0.06924097982774889
-49.5,11.5,11366,0.03458894232534943,0.18909674473060326,0.03808035739638953,0.11744097478877737
-48.5,11.5,11367,0.028943517957287994,0.06987327169797998,0.02499673698661843,0.11867879597768477
-47.5,11.5,11368,0.02639785195765554,0.06871452883371726,0.024378013783099384,0.12279597577305104
-46.5,11.5,11369,0.04111064359815034,0.11175066299890439,0.05160461679584738,0.1512287158281961
-45.5,11.5,11370,0.03346975116471728,0.1338874881623047,0.029533686067797722,0.14533164830937106
-44.5,11.5,11371,0.03719060423884622,0.12215984213303017,0.03514384429164886,0.13915293213572247
-43.5,11.5,11372,0.03826833483715968,0.10355512265623025,0.03262550694555428,0.11998472281727336
-42.5,11.5,11373,0.04004591177624115,0.16045668798116225,0.02168094717068457,0.1603557482700434
-41.5,11.5,11374,0.03342368056413843,0.1411077850780878,0.03133230429286473,0.17518334497697607
-40.5,11.5,11375,0.030201189640522753,0.1520530720917963,0.029483413558109104,0.15183101073241623
-39.5,11.5,11376,0.02767912512692483,0.13203440009768802,0.01962616421289071,0.11414224861183137
-38.5,11.5,11377,0.04324183433934964,0.09724365703208833,0.026910652447551878,0.13746752912032717
-37.5,11.5,11378,0.05562457385599405,0.12436236786087577,0.014388954885403366,0.1265086598226567
-36.5,11.5,11379,0.06017328378639098,0.07682674585785457,0.014027239535430966,0.12474049956198512
-35.5,11.5,11380,0.03507646947049438,0.0623909455534486,0.023027659977493408,0.15397141066112588
-34.5,11.5,11381,0.036012603906509136,0.10099009333104113,0.03042424636844725,0.17835489470751423
-33.5,11.5,11382,0.06148444127335904,0.08137912068235321,0.030548655466692335,0.19162908165777903
-32.5,11.5,11383,0.029180205103062313,0.103356522442092,0.029039399739876605,0.09531395075056007
-31.5,11.5,11384,0.03447821451052786,0.12094466596218874,0.052152153404357,0.09967201696502764
-30.5,11.5,11385,0.03578846236471911,0.160374975350471,0.05171746634782231,0.09186328001345655
-29.5,11.5,11386,0.02843320727584268,0.12103072246738984,0.016526534333773737,0.06660754948012297
-28.5,11.5,11387,0.033884071803321425,0.1864160782129599,0.023387837435862802,0.06085714702823854
-27.5,11.5,11388,0.030712540986684723,0.15471318321306501,0.043981498660752155,0.0588307822702849
-26.5,11.5,11389,0.030001620861183364,0.11942451781314611,0.01273381867867671,0.06207395854399269
-25.5,11.5,11390,0.039632692512249254,0.18293344991703192,0.024287923262185755,0.11823647663271285
-24.5,11.5,11391,0.03414629223272115,0.11851382236424783,0.028439363785278237,0.08713853887936895
-23.5,11.5,11392,0.02126857767500592,0.08974034806717276,0.02227351696500692,0.056276136745324175
-22.5,11.5,11393,0.03083509767999539,0.09474039410580931,0.022427717641488303,0.06773686941919844
-21.5,11.5,11394,0.03087423137608422,0.09195387242414976,0.053543991021850534,0.0662942965642891
-20.5,11.5,11395,0.025156509334740906,0.08746943456528103,0.03765459786462492,0.05823190852732243
-19.5,11.5,11396,0.021441311043960215,0.06937921699728127,0.03670813677179721,0.05893597123142714
-18.5,11.5,11397,0.07015699102287405,0.053245578929725285,0.02309472615939703,0.04434193374250541
-17.5,11.5,11398,0.032461818757855546,0.08004739952486452,0.02459078957202872,0.02928940136587573
-16.5,11.5,11399,0.03837606633228128,0.05885697475379904,0.028983997833771116,0.036018202133800754
-15.5,11.5,11400,0.03658757909993285,0.04669174450401716,0.019355421980153296,0.031792628932815335
-14.5,11.5,11401,0.04360128169645286,0.05577027265651011,0.03221134427878984,0.034998635308596995
-13.5,11.5,11402,0.04401713236394294,0.03505449306989456,0.020970900971025195,0.0212377942366096
-12.5,11.5,11403,0.05494427762533697,0.05446234064269764,0.03089244083376897,0.03459668755786076
-11.5,11.5,11404,0.06040400303860425,0.0641547948380322,0.030720688029563847,0.03769171649145283
-10.5,11.5,11405,0.05226956324609571,0.0738595474861651,0.01948316233447291,0.04003601535135421
-9.5,11.5,11406,0.0504380210277812,0.052925406179721544,0.016391566900769233,0.03494166034192809
-8.5,11.5,11407,0.05492104675024724,0.04481750424265896,0.017994841131012882,0.02942715397822155
-7.5,11.5,11408,0.0439195718216255,0.039810420149320104,0.02496819926691932,0.032712943882953247
-6.5,11.5,11409,0.04704906763743778,0.04658685121143032,0.01762652219589419,0.03652213670943684
-5.5,11.5,11410,0.04725632038176852,0.0436857672105287,0.016199071850481278,0.0367745224534239
-4.5,11.5,11411,0.03829496803522163,0.03945646981665011,0.016182762524604738,0.03946440756204521
-3.5,11.5,11412,0.03519012126877333,0.03147915358452918,0.011233654694565618,0.029369500574538313
-2.5,11.5,11413,0.01449391684993949,0.025847180610662518,0.009686386102178056,0.031446899048979904
-1.5,11.5,11414,0.015851815307281907,0.02002670541832069,0.011329824732870886,0.028142356114243455
-0.5,11.5,11415,0.01795379562410904,0.028790068659929256,0.008471934458669507,0.023676064264586558
0.5,11.5,11416,0.018451808213982505,0.02245397716849629,0.007852679044307885,0.026440639189304324
1.5,11.5,11417,0.01056932994022576,0.011516317519175036,0.005721497396098458,0.018680459201477283
2.5,11.5,11418,0.010449309950575832,0.01093000989760003,0.005749010804414409,0.01850181556934013
3.5,11.5,11419,0.010478520258576667,0.010763950862336733,0.005713832647923402,0.018261580955688143
4.5,11.5,11420,0.010478520258576669,0.010761914250673374,0.005728505951308574,0.0181237886461807
5.5,11.5,11421,0.010507854872794792,0.010841389853194005,0.005686255874299142,0.01807083192463553
6.5,11.5,11422,0.010241238760368703,0.010566401318717207,0.005771027213685257,0.015396115087204341
7.5,11.5,11423,0.01362841301755594,0.01405959175825684,0.005902269757703062,0.015093884964571315
8.5,11.5,11424,0.01189410526171432,0.012271096213810145,0.006443978794495593,0.01579783992483143
9.5,11.5,11425,0.012282714095277977,0.013008761760167707,0.008897141782247557,0.01183290592358323
10.5,11.5,11426,0.012942040738019418,0.013447995981628012,0.006881941046351588,0.01242688578415235
11.5,11.5,11427,0.012571615017771624,0.013063280518910115,0.007954403189946476,0.012075519015519686
12.5,11.5,11428,0.011553630810477397,0.01200596786180643,0.007468685746977513,0.011088051471609243
13.5,11.5,11429,0.010746737236764552,0.011112900727749089,0.005319431442840407,0.010279393434782482
14.5,11.5,11430,0.010440384714819803,0.01058449167397428,0.005166984656990576,0.009986228792034342
15.5,11.5,11431,0.012228225176031735,0.012156792760016643,0.005838035977323348,0.01149624012280996
16.5,11.5,11432,0.012123709175658477,0.012350867180984952,0.0060477396092289346,0.009648626246453943
17.5,11.5,11433,0.01198984286866036,0.012309326739460022,0.0060477396092289346,0.011738435803646755
18.5,11.5,11434,0.011540427057146078,0.012170744439009966,0.005822009222056202,0.011292669994909974
19.5,11.5,11435,0.011193550611735475,0.012098184882303416,0.005787077822468288,0.011225285856015512
20.5,11.5,11436,0.010274950827282142,0.010704379024377222,0.005311581472040383,0.010367632932046924
21.5,11.5,11437,0.0108051614049081,0.009737041062332136,0.004968015612869142,0.008402080186298098
22.5,11.5,11438,0.010702947319755386,0.00947637734624885,0.00479878835876293,0.009871622166799664
23.5,11.5,11439,0.010305395060475177,0.008992171887132392,0.006362352847256292,0.008295591447116243
24.5,11.5,11440,0.009553569381637176,0.00870536033916725,0.004765489239481151,0.0083337651847623009
25.5,11.5,11441,0.008950159427327343,0.008689456834349667,0.006335929995586331,0.007745687612749055
26.5,11.5,11442,0.009364715134895665,0.008679518037699866,0.006072298889281693,0.007241033215456747
27.5,11.5,11443,0.00975026154735712,0.00861860025726887,0.0060295687508244745,0.007528374166875288
28.5,11.5,11444,0.007214811001381141,0.007887502537541124,0.0060295687508244745,0.006304339061414354
29.5,11.5,11445,0.006546247125189879,0.00897792477753385,0.0043902380274968575,0.007488442776960484
30.5,11.5,11446,0.005930432606495775,NA,NA,0.0064356251296442775
31.5,11.5,11447,0.006462890942645054,NA,NA,0.006403758117052734
32.5,11.5,11448,0.005565522022363163,NA,NA,0.007333748566771138
33.5,11.5,11449,0.006554221582730499,NA,NA,0.006236834378969535
34.5,11.5,11450,0.007876159647545766,NA,NA,0.0062705445192009655
35.5,11.5,11451,0.005352130869952644,NA,NA,0.0062705445192009655
36.5,11.5,11452,0.00522731595672839,NA,NA,0.0062705445192009655
37.5,11.5,11453,0.004556174709412934,NA,NA,0.006314971546625451
38.5,11.5,11454,0.005095145909873495,NA,NA,0.006281024078480742
39.5,11.5,11455,0.003951070852953236,NA,NA,0.006261587758059665
40.5,11.5,11456,0.003951070852953236,NA,NA,NA
41.5,11.5,11457,0.003889489776973966,NA,NA,NA
42.5,11.5,11458,0.0037012882216474804,NA,NA,NA
43.5,11.5,11459,0.003440510822624352,NA,NA,NA
44.5,11.5,11460,0.00306131710811574,NA,NA,NA
45.5,11.5,11461,0.0030461072884485044,NA,NA,NA
46.5,11.5,11462,0.0030461072884485044,NA,NA,NA
47.5,11.5,11463,0.004180968788671206,NA,NA,NA
48.5,11.5,11464,0.0031192688266579427,NA,NA,NA
49.5,11.5,11465,0.003396698751820648,NA,NA,NA
50.5,11.5,11466,0.003419816913658753,NA,NA,0.006109263901621713
51.5,11.5,11467,0.0034550828776763924,NA,NA,0.006859975593795859
52.5,11.5,11468,0.0033847906618602536,NA,NA,0.0052308251011167935
53.5,11.5,11469,0.0031887077792383096,NA,NA,0.004970651568508397
54.5,11.5,11470,0.0030099453927588155,NA,NA,0.004953979593352441
55.5,11.5,11471,0.003037229600144646,NA,NA,0.005072802234218716
56.5,11.5,11472,0.004241068564882635,NA,NA,0.00504026450018645
57.5,11.5,11473,0.005029653815464645,NA,NA,0.005697662505898938
58.5,11.5,11474,0.005244413252343891,NA,NA,0.0049822235865701146
59.5,11.5,11475,0.005244413252343891,NA,NA,0.005755347599051647
60.5,11.5,11476,0.005393000756258256,NA,NA,NA
61.5,11.5,11477,0.006173550711556504,NA,NA,NA
62.5,11.5,11478,0.006482710032513119,NA,NA,NA
63.5,11.5,11479,0.007247075701721476,NA,NA,NA
64.5,11.5,11480,0.007652760749890712,NA,NA,NA
65.5,11.5,11481,0.007812806926917904,NA,NA,NA
66.5,11.5,11482,0.004360926682856637,NA,NA,NA
67.5,11.5,11483,0.004173724565522968,NA,NA,NA
68.5,11.5,11484,0.004092315758897217,NA,NA,NA
69.5,11.5,11485,0.004800258900659921,NA,NA,NA
70.5,11.5,11486,0.006330399800265439,0.005826204391319896,NA,NA
71.5,11.5,11487,0.00760735273492616,0.006888985460845934,NA,NA
72.5,11.5,11488,0.00644730432545536,0.006185066623622517,NA,NA
73.5,11.5,11489,0.006033878691193636,0.008653227415030386,NA,NA
74.5,11.5,11490,0.005750473238036808,0.00886859803429114,NA,NA
75.5,11.5,11491,0.0057542629019284395,0.011583765822596778,NA,NA
76.5,11.5,11492,0.007319614989330288,0.0093856247094207,NA,NA
77.5,11.5,11493,0.005460316316709019,0.008620466294361138,NA,NA
78.5,11.5,11494,0.005562014257240901,0.008921425047602686,NA,NA
79.5,11.5,11495,0.004036072811675887,0.012436827472211948,NA,NA
80.5,11.5,11496,0.004283315626917795,0.013121684765456554,NA,NA
81.5,11.5,11497,0.004120527943752596,0.012184562019686247,NA,NA
82.5,11.5,11498,0.004432529066123888,0.011027868943602498,NA,NA
83.5,11.5,11499,0.003915248084706347,0.011837255662308503,NA,NA
84.5,11.5,11500,0.004228467391516921,0.009764619996862392,NA,NA
85.5,11.5,11501,0.003957967150399261,0.008711376986272846,NA,NA
86.5,11.5,11502,0.0034642961109091165,0.008832528800349453,NA,NA
87.5,11.5,11503,0.004128106961174985,0.00790364944385025,NA,NA
88.5,11.5,11504,0.0029020404378407288,0.008277019584882778,NA,NA
89.5,11.5,11505,0.00231549043214634,0.010513771740566858,NA,NA
90.5,11.5,11506,0.0032754467727779102,NA,NA,NA
91.5,11.5,11507,0.004274684313515895,NA,NA,NA
92.5,11.5,11508,0.0031296011144996616,NA,NA,NA
93.5,11.5,11509,0.0011636304871470232,NA,NA,NA
-128.5,12.5,11510,0.0027515818611635176,NA,NA,0.004955437033541271
-127.5,12.5,11511,0.0030777826740213616,NA,NA,0.0031604828650515114
-125.5,12.5,11512,0.006038769743470964,NA,NA,0.0069896400760556705
-124.5,12.5,11513,0.010606044104468398,NA,NA,0.006865802753839983
-123.5,12.5,11514,0.007173643432697445,NA,NA,0.0060686927900981185
-122.5,12.5,11515,0.0072903389755696645,NA,NA,0.006143553073753122
-121.5,12.5,11516,0.014333592176478099,NA,NA,0.0056407586174870294
-120.5,12.5,11517,0.01236911626250589,NA,NA,0.006256989928767893
-99.5,12.5,11533,0.004524166452788853,NA,NA,NA
-98.5,12.5,11534,0.009060002721376402,NA,NA,NA
-97.5,12.5,11535,0.011298072639832431,NA,NA,NA
-96.5,12.5,11536,0.0187200235716272,NA,NA,NA
-95.5,12.5,11537,0.017166994186966687,NA,NA,NA
-94.5,12.5,11538,0.020806355173811648,NA,NA,NA
-93.5,12.5,11539,0.020349532683149145,NA,NA,NA
-92.5,12.5,11540,0.03125345602303776,NA,NA,NA
-91.5,12.5,11541,0.03742456174610802,NA,NA,NA
-90.5,12.5,11542,0.0785066206742915,NA,NA,NA
-89.5,12.5,11543,0.049751349984314644,NA,NA,NA
-88.5,12.5,11544,0.03307134231905867,NA,NA,NA
-87.5,12.5,11545,0.01507649075689912,NA,NA,NA
-86.5,12.5,11546,0.014272914488640267,NA,NA,NA
-85.5,12.5,11547,0.011252725940082163,NA,NA,NA
-84.5,12.5,11548,0.008930210046813058,NA,NA,NA
-83.5,12.5,11549,0.008937521856645904,NA,NA,NA
-82.5,12.5,11550,0.0056220434788319,NA,NA,NA
-81.5,12.5,11551,0.006982886910487492,NA,NA,NA
-69.5,12.5,11555,0.012060966761594042,0.0158023313644606,0.004361500922767239,0.01151363373107211
-68.5,12.5,11556,0.02085125582567264,0.01635045846280908,0.0066537433534944726,0.011696562604364616
-67.5,12.5,11557,0.03559054853349519,0.038693948543965254,0.009884657813927826,0.02029315597636197
-66.5,12.5,11558,0.01894450221266782,0.057170970382308124,0.015340571001154438,0.02208756681028596
-65.5,12.5,11559,0.019612074891060684,0.045605228123766536,0.019042184019051677,0.015079217353353568
-64.5,12.5,11560,0.023081349510528718,0.049004139097602685,0.042075826927079445,0.014517604562371505
-63.5,12.5,11561,0.018677842464725838,0.04190471571963312,0.039349451777415875,0.014506363579979337
-62.5,12.5,11562,0.01565138026379515,0.03325355119505791,0.040282531360945034,0.02173055561955114
-61.5,12.5,11563,0.006334780469438099,0.022020614997345308,0.027515574303641325,0.0215937430255538
-60.5,12.5,11564,0.007045959346678193,0.016846947055561497,0.013444934620254357,0.00843713369620746
-59.5,12.5,11565,0.004770737466760559,0.007767572222510463,0.009076656432781818,0.005125599673977971
-54.5,12.5,11566,0.04519050828665462,0.04729982379350759,0.025406698039961345,0.02632091419009559
-53.5,12.5,11567,0.09705517522590297,0.08219273963036897,0.10279471235738452,0.11871456878438812
-52.5,12.5,11568,0.09808920102588417,0.053780372679619104,0.03428716500858158,0.06574112546467291
-51.5,12.5,11569,0.054717800969105605,0.08380116646807745,0.032877407945823674,0.07603149902133244
-50.5,12.5,11570,0.0698711674025951,0.1873425590449879,0.0392334386846463,0.11607215553501571
-49.5,12.5,11571,0.05897621533056091,0.11209367318471282,0.03173149736094825,0.14914219939430493
-48.5,12.5,11572,0.05986193589644807,0.10405253475079053,0.02826014924334337,0.1067096603319857
-47.5,12.5,11573,0.08731985636958689,0.12483770844554938,0.04660182566192482,0.11404496102773969
-46.5,12.5,11574,0.0984069318638529,0.12813520644747284,0.037320528493666016,0.2051366172615704
-45.5,12.5,11575,0.13221773905099815,0.245626890678462,0.02925901671402521,0.1276356235680087
-44.5,12.5,11576,0.03557686481870505,0.1810374941541036,0.041146302816082087,0.12923124437005593
-43.5,12.5,11577,0.035924572414712586,0.1923074957976269,0.04056539183066373,0.11207800140610803
-42.5,12.5,11578,0.039322021348451454,0.17702893101386089,0.034663524838167245,0.1468937157438391
-41.5,12.5,11579,0.04049165489171911,0.18574169049913813,0.031595242119572375,0.16228164619053614
-40.5,12.5,11580,0.0394772476520737,0.20384858915865556,0.023192786992472226,0.1616770661732327
-39.5,12.5,11581,0.02688293689273621,0.09327079602959823,0.018889400490252752,0.1410575362954237
-38.5,12.5,11582,0.027857803102957344,0.07079718913795899,0.017953977091083116,0.16727337678812468
-37.5,12.5,11583,0.030903730863561237,0.08959514230975739,0.0285057676040581,0.1529191887163744
-36.5,12.5,11584,0.03728813907344207,0.07246796570224284,0.03604981508427445,0.1560387053363563
-35.5,12.5,11585,0.04606868621952355,0.09110177194028983,0.02737662863875528,0.18542144696179438
-34.5,12.5,11586,0.1462929773955585,0.168475441269605,0.03161627723764135,0.5177350110735983
-33.5,12.5,11587,0.09329108345272939,0.12405591371105497,0.02207908759481132,0.33110861458877394
-32.5,12.5,11588,0.10391987158206131,0.13749308702614962,0.03060798760341666,0.18378440474131164
-31.5,12.5,11589,0.053551368910279624,0.13671006758831514,0.028523114568290507,0.22342783542990283
-30.5,12.5,11590,0.04536846021703697,0.1895942966991179,0.03210353187293441,0.17605316949136343
-29.5,12.5,11591,0.037997879528526096,0.127193308603547,0.01654549706973942,0.10347385742301639
-28.5,12.5,11592,0.03668662001742098,0.1116199718114344,0.019786845315349397,0.08197761688823318
-27.5,12.5,11593,0.03662275903314399,0.10312375831067105,0.016390391418090414,0.07941674450630343
-26.5,12.5,11594,0.09314929093592081,0.15634995524987166,0.0284645374232029,0.249881124052069
-25.5,12.5,11595,0.08053447424074409,0.08681136443349965,0.03650730386502635,0.09061353044152431
-24.5,12.5,11596,0.1200661863735569,0.11728547621905931,0.026235557856324088,0.1262885948940457
-23.5,12.5,11597,0.0659822761483362,0.0964233883918678,0.03868496609895593,0.07630658519884766
-22.5,12.5,11598,0.06867146357235408,0.1815497861687546,0.040540892092323665,0.08421767113917976
-21.5,12.5,11599,0.05061778676398239,0.13732803425912704,0.023230800895021667,0.06644672037857169
-20.5,12.5,11600,0.050073061717926276,0.14063950472272085,0.03334095345589558,0.05477836457465278
-19.5,12.5,11601,0.06251633715220747,0.13502938534343384,0.031998351035639666,0.07858458451724058
-18.5,12.5,11602,0.043481619076684394,0.08651147138757136,0.037681835346092284,0.05670270982430868
-17.5,12.5,11603,0.04247402433993682,0.08668886137279577,0.03881971479393225,0.06625572218361855
-16.5,12.5,11604,0.041779122173687344,0.08237258836827926,0.03885596585145953,0.07099347624322049
-15.5,12.5,11605,0.04031650768450697,0.08334425712067182,0.0876667581369356,0.05180491267114385
-14.5,12.5,11606,0.050188452384890565,0.1013127942246989,0.04695115373822614,0.05355973579702421
-13.5,12.5,11607,0.040442245716436176,0.09337547733475424,0.045175585760667214,0.05950110218531605
-12.5,12.5,11608,0.051357443748538706,0.13285216960288182,0.05361944249323711,0.08538825108585364
-11.5,12.5,11609,0.048920702244943444,0.16385300219446086,0.03847963895088205,0.061025842728985764
-10.5,12.5,11610,0.04962005706745223,0.12732731216780438,0.03250716011136975,0.05667170441520939
-9.5,12.5,11611,0.03658035563687144,0.05904820890070074,0.03297791232531553,0.03305994209238794
-8.5,12.5,11612,0.05704367853952494,0.07608296734610326,0.02495655489238713,0.024992370305857388
-7.5,12.5,11613,0.06388408594036857,0.07729183977260488,0.01632875537044523,0.019106737636399425
-6.5,12.5,11614,0.08604002856703678,0.07766080270381925,0.020761421036810904,0.026838813381318424
-5.5,12.5,11615,0.09196114684188662,0.05284668306849356,0.021061831396456506,0.024103188170923717
-4.5,12.5,11616,0.05031098598057806,0.040119504669618826,0.014323270368600715,0.020139071154895254
-3.5,12.5,11617,0.07581760511802951,0.04864743739368428,0.017826106864292986,0.026502092569127434
-2.5,12.5,11618,0.04892828224050237,0.032817362829286434,0.012278760556094614,0.019939254500679945
-1.5,12.5,11619,0.05819990343293044,0.026121316018445674,0.011366132819879473,0.02053590816708749
-0.5,12.5,11620,0.028093233249232765,0.025643179543675693,0.009887294318260685,0.017262891718013842
0.5,12.5,11621,0.02000591180104511,0.019645540085215,0.0076884679395167735,0.017128006432140793
1.5,12.5,11622,0.01733805699515528,0.019822584579315256,0.0077234574625161985,0.015275378276516519
2.5,12.5,11623,0.016421800437251846,0.014815388508295418,0.007780805404599292,0.012679813265945354
3.5,12.5,11624,0.016346911487005015,0.014848332953646985,0.007176777065247875,0.012834526934731652
4.5,12.5,11625,0.016844496267467788,0.015523204621470004,0.006465870535345477,0.013722813066359325
5.5,12.5,11626,0.016402229456707745,0.014764715460192306,0.006832133861761508,0.013903730783737052
6.5,12.5,11627,0.01909169184401655,0.01844907970227835,0.008523465470443055,0.016291424076215835
7.5,12.5,11628,0.01880986098544477,0.0198158711237205,0.008272545362267495,0.015870039074536477
8.5,12.5,11629,0.01880986098544477,0.018701760126668354,0.008272545362267495,0.015211111746583867
9.5,12.5,11630,0.018510320439373736,0.01870176012666835,0.0081835540687722,0.01515489362786339
10.5,12.5,11631,0.026564462593778364,0.03235320900677398,0.00954679358631126,0.029411051090589387
11.5,12.5,11632,0.01116634619806269,0.016687296097950294,0.007426185205888873,0.02366060294445906
12.5,12.5,11633,0.011114965684314557,0.016438477254711696,0.0074962634860401235,0.024361336799852047
13.5,12.5,11634,0.010985777265970205,0.015961572837754096,0.0070742277901160895,0.020714420882627604
14.5,12.5,11635,0.010494622460376295,0.015297112967523053,0.008062141707872091,0.019410663516216065
15.5,12.5,11636,0.00911077719344833,0.012288349963660638,0.005269462302061667,0.017208206638096402
16.5,12.5,11637,0.009481588455105838,0.01272875869825599,0.005239387686858715,0.014603308082886485
17.5,12.5,11638,0.009376265332897198,0.012122121048369025,0.0051589362105113066,0.01721458065888952
18.5,12.5,11639,0.009312527580144954,0.010998506250141205,0.005171994872457714,0.014314369155821453
19.5,12.5,11640,0.008583914280643189,0.01036086830872824,0.005135315442132754,0.011631261388918467
20.5,12.5,11641,0.009180270450230928,0.01036086830872824,0.005135315442132754,0.010060755102411717
21.5,12.5,11642,0.009050766426085627,0.010951786869167132,0.00501911644171973,0.008573862218480232
22.5,12.5,11643,0.008669208063097391,0.009206036130472802,0.004959046521061554,0.009960775068335674
23.5,12.5,11644,0.007375867916901348,0.00906168046794238,0.004967066581399848,0.008441765449216203
24.5,12.5,11645,0.00777780111972197,0.008545539988360782,0.006524241235121799,0.008450001265394155
25.5,12.5,11646,0.006813801238357688,0.008124474991541217,0.006494080493274084,0.008450001265394155
26.5,12.5,11647,0.007647342071424123,0.007940039651960324,0.006358998554811821,0.00840467356846297
27.5,12.5,11648,0.007602704569217837,0.006887355917819001,0.006215188782030375,0.00801975545253446
28.5,12.5,11649,0.006710097046640658,0.007620708425840607,0.0046432407044292865,0.008249083055423278
29.5,12.5,11650,0.007861644843361175,0.00785971237542963,0.006168426761749607,0.00805424412104914
30.5,12.5,11651,0.00659430852417605,NA,NA,0.007933461773785502
31.5,12.5,11652,0.0069797606067629366,NA,NA,0.007199070369501968
32.5,12.5,11653,0.0062410583022310465,NA,NA,0.007229743448740853
33.5,12.5,11654,0.005862282652933845,NA,NA,0.006959947561840069
34.5,12.5,11655,0.00603339692466393,NA,NA,0.006789485653376765
35.5,12.5,11656,0.004855259810041213,NA,NA,0.006331824106617612
36.5,12.5,11657,0.005317339657875901,NA,NA,0.0063403288967325
37.5,12.5,11658,0.005317339657875901,NA,NA,0.006271111157401825
38.5,12.5,11659,0.005987796669055332,NA,NA,0.006483858493321887
39.5,12.5,11660,0.005677347747727043,NA,NA,0.006626715816616552
40.5,12.5,11661,0.004523493018680625,NA,NA,NA
41.5,12.5,11662,0.004438034128319153,NA,NA,NA
42.5,12.5,11663,0.0042981822781288665,NA,NA,NA
43.5,12.5,11664,0.004292714726054361,NA,NA,NA
44.5,12.5,11665,0.004265015838928326,NA,NA,NA
45.5,12.5,11666,0.004199773287965113,NA,NA,NA
46.5,12.5,11667,0.0044758508519616245,NA,NA,NA
47.5,12.5,11668,0.003255437687608806,NA,NA,NA
48.5,12.5,11669,0.0029872476101312963,NA,NA,NA
49.5,12.5,11670,0.002769634662878956,NA,NA,NA
50.5,12.5,11671,0.002769634662878956,NA,NA,0.005149294798821172
51.5,12.5,11672,0.0027893453375864696,NA,NA,0.005776112341630776
52.5,12.5,11673,0.0027603035783017567,NA,NA,0.005059847934960681
53.5,12.5,11674,0.003692692435597413,NA,NA,0.0050910558845583915
54.5,12.5,11675,0.004166229579329554,NA,NA,0.005077709942462665
55.5,12.5,11676,0.0048201484104448775,NA,NA,0.005077709942462665
56.5,12.5,11677,0.005379469322800897,NA,NA,0.0058637338672504575
57.5,12.5,11678,0.005583297439386253,NA,NA,0.00665285580298275
58.5,12.5,11679,0.0059728915317487545,NA,NA,0.005735830202888288
59.5,12.5,11680,0.006239464630134309,NA,NA,0.005948208333207042
60.5,12.5,11681,0.00603866220384256,NA,NA,NA
61.5,12.5,11682,0.005694303288237484,NA,NA,NA
62.5,12.5,11683,0.005470408390061187,NA,NA,NA
63.5,12.5,11684,0.004557165828460121,NA,NA,NA
64.5,12.5,11685,0.00499193409272681,NA,NA,NA
65.5,12.5,11686,0.004419055981834618,NA,NA,NA
66.5,12.5,11687,0.0037882424500101375,NA,NA,NA
67.5,12.5,11688,0.004459571907742844,NA,NA,NA
68.5,12.5,11689,0.0037352606145789405,NA,NA,NA
69.5,12.5,11690,0.004191015247951825,NA,NA,NA
70.5,12.5,11691,0.004091208823952531,0.0061929155658791,NA,NA
71.5,12.5,11692,0.004148571913769193,0.00868592288420173,NA,NA
72.5,12.5,11693,0.004053420250683963,0.009446402153874114,NA,NA
73.5,12.5,11694,0.0035430309317851503,0.011146401555330861,NA,NA
74.5,12.5,11695,0.0040516328836015265,0.009984761067017582,NA,NA
75.5,12.5,11696,0.003977742421418798,0.007568634112172205,NA,NA
76.5,12.5,11697,0.0035786062109828226,0.010752930127633408,NA,NA
77.5,12.5,11698,0.004175413098904162,0.011003821224788267,NA,NA
78.5,12.5,11699,0.0035189619134637896,0.011069049862708631,NA,NA
79.5,12.5,11700,0.0039885751020295465,0.011519152424391964,NA,NA
80.5,12.5,11701,0.0040936522583385985,0.012987785263263184,NA,NA
81.5,12.5,11702,0.004059926022628149,0.013753171808823713,NA,NA
82.5,12.5,11703,0.004170846312469813,0.016159777469519004,NA,NA
83.5,12.5,11704,0.004348071610890368,0.01627800925579498,NA,NA
84.5,12.5,11705,0.0037463334809751036,0.011186609914752855,NA,NA
85.5,12.5,11706,0.0020189769532969557,0.009891497717021636,NA,NA
86.5,12.5,11707,0.0035621956518599894,0.008374043224616922,NA,NA
87.5,12.5,11708,0.004001484627021895,0.0079673464398518,NA,NA
88.5,12.5,11709,0.005021688342541349,0.009665538247557207,NA,NA
89.5,12.5,11710,0.0019473094904390155,0.004306283591936229,NA,NA
90.5,12.5,11711,0.001861393575671983,NA,NA,NA
91.5,12.5,11712,0.0021040069471802876,NA,NA,NA
92.5,12.5,11713,0.0017206286323939739,NA,NA,NA
-128.5,13.5,11714,0.005506678235794175,NA,NA,0.004098859960166873
-127.5,13.5,11715,0.005468561533931399,NA,NA,0.005881620681575845
-126.5,13.5,11716,0.007258797693432723,NA,NA,0.009059666604146269
-125.5,13.5,11717,0.007179135428857255,NA,NA,0.006482381042057551
-124.5,13.5,11718,0.007369716481003362,NA,NA,0.005421873606142808
-123.5,13.5,11719,0.008363223320312623,NA,NA,0.004765460776072596
-122.5,13.5,11720,0.010586392692404367,NA,NA,0.004767927018034368
-121.5,13.5,11721,0.00956703876567096,NA,NA,0.005914742260263468
-120.5,13.5,11722,0.009675965160728463,NA,NA,0.007385950645454423
-99.5,13.5,11738,0.009049404843477061,NA,NA,NA
-98.5,13.5,11739,0.008802325287539605,NA,NA,NA
-97.5,13.5,11740,0.011642952313184783,NA,NA,NA
-96.5,13.5,11741,0.011536875418281902,NA,NA,NA
-95.5,13.5,11742,0.014122201217392208,NA,NA,NA
-94.5,13.5,11743,0.01628773783660184,NA,NA,NA
-93.5,13.5,11744,0.013446094506329928,NA,NA,NA
-92.5,13.5,11745,0.027068600620647257,NA,NA,NA
-91.5,13.5,11746,0.02706168966842241,NA,NA,NA
-90.5,13.5,11747,0.04304012363074683,NA,NA,NA
-89.5,13.5,11748,0.04694131014529819,NA,NA,NA
-88.5,13.5,11749,0.028004514961459226,NA,NA,NA
-87.5,13.5,11750,0.007268481576268408,NA,NA,NA
-86.5,13.5,11751,0.015543177726663445,NA,NA,NA
-85.5,13.5,11752,0.034068127970255206,NA,NA,NA
-84.5,13.5,11753,0.01328063238665152,NA,NA,NA
-83.5,13.5,11754,0.008087997974278716,NA,NA,NA
-82.5,13.5,11755,0.004140496392230869,NA,NA,NA
-69.5,13.5,11758,0.01526399922749583,0.01547666507116876,0.005556935290043419,0.009168864840389496
-68.5,13.5,11759,0.013287436508972567,0.014939421898369368,0.009727298307356498,0.009430203235684633
-67.5,13.5,11760,0.019016043716311617,0.020797447469530463,0.008958454285695031,0.011418261345435292
-66.5,13.5,11761,0.023260965489402374,0.03784807793871559,0.02226842229579047,0.016011652388223697
-65.5,13.5,11762,0.018619056818174193,0.04208091263315993,0.026459666701841796,0.016205780573367533
-64.5,13.5,11763,0.01791361424512593,0.0465833376961316,0.03542645074430704,0.014905008426186979
-63.5,13.5,11764,0.022562747487829587,0.06297880445410076,0.049782281894221486,0.019427452771993155
-62.5,13.5,11765,0.022964119365829098,0.050381356532259836,0.04899920740006444,0.022284671791742292
-61.5,13.5,11766,0.0190879231159174,0.03742594099094129,0.04501854529603993,0.022741514614224502
-60.5,13.5,11767,0.011993136266201873,0.025152092857319668,0.024691276760520638,0.023114965310263927
-55.5,13.5,11768,0.0540584927075783,0.023303177876308395,0.010823522002435058,0.007703222663402645
-54.5,13.5,11769,0.04924677367309916,0.05764838216245491,0.04673397941330461,0.044434684486026964
-53.5,13.5,11770,0.06800092900138102,0.09214258159841662,0.05614620858504753,0.05500567194828699
-52.5,13.5,11771,0.0996048708733323,0.08286689670690989,0.0369493914909816,0.056443944530038925
-51.5,13.5,11772,0.09358584653758464,0.09524775385459794,0.03930959564409633,0.0750607416075941
-50.5,13.5,11773,0.0884690578267283,0.22436062520873196,0.03574301296968176,0.11725062708825516
-49.5,13.5,11774,0.0750680691137988,0.1583022599142067,0.02736693434209185,0.1177837566275414
-48.5,13.5,11775,0.08351064673236033,0.15873195459025605,0.02763853990018789,0.12609870697138942
-47.5,13.5,11776,0.08552937765830819,0.1718414105770229,0.042988867384908105,0.15956097909678482
-46.5,13.5,11777,0.06792264809624445,0.1821493066462419,0.03278250763381271,0.14425351154550253
-45.5,13.5,11778,0.0693214576714521,0.2635222016592395,0.038466491554571006,0.20681666522728656
-44.5,13.5,11779,0.061864799812697206,0.30329791444682347,0.03093782937003224,0.18828930815488193
-43.5,13.5,11780,0.06772869507046439,0.24132446376468247,0.030497273813781766,0.16331978933209462
-42.5,13.5,11781,0.06473477878781465,0.23637244501664567,0.042720691821439234,0.23036206443413765
-41.5,13.5,11782,0.08089318563730459,0.22427697939783364,0.053007440437980995,0.1986347426467095
-40.5,13.5,11783,0.09890518975653323,0.23243678519049454,0.0704335007562699,0.22507479561935795
-39.5,13.5,11784,0.08916022948909758,0.10284521762898463,0.06903400727665145,0.199643598897304
-38.5,13.5,11785,0.08944233098700935,0.09386891681617339,0.04767400081012866,0.19005280459463952
-37.5,13.5,11786,0.09294521778151557,0.09301393240059627,0.036913195480763966,0.20982954605582865
-36.5,13.5,11787,0.09532867126795276,0.10524284449212051,0.0373124260389878,0.24439019281880422
-35.5,13.5,11788,0.07790928242739249,0.05730911699559398,0.05107726192970781,0.15827706183083787
-34.5,13.5,11789,0.10015755212890802,0.13992007243258975,0.04121479774284464,0.25486626885458485
-33.5,13.5,11790,0.48555157328865395,0.21530361635473352,0.04438239293300145,0.6389464070254057
-32.5,13.5,11791,0.15734145038216196,0.3870706262982253,0.055299580821420884,0.3159411347653921
-31.5,13.5,11792,0.0625343230744575,0.20953560593441692,0.0487455482230373,0.18606431269652035
-30.5,13.5,11793,0.08546926880524591,0.3027886975240793,0.06427608958940621,0.19746039864435092
-29.5,13.5,11794,0.06466004749125492,0.13425654014214855,0.02763923217107219,0.11662000595199448
-28.5,13.5,11795,0.06139334894562991,0.1644321340182539,0.02995594262158753,0.1063145681175977
-27.5,13.5,11796,0.12183185066480162,0.1427707546901117,0.023233369530814552,0.13039415995623677
-26.5,13.5,11797,0.1028551671889784,0.179112290248082,0.032704579869118185,0.18752581347915717
-25.5,13.5,11798,0.2653424259434942,0.18725048021700344,0.06697129058910768,0.08215792945249889
-24.5,13.5,11799,0.41558616654890346,0.17466334396470612,0.07366603105909503,0.09627857741030971
-23.5,13.5,11800,0.1343945661701214,0.2333199863201595,0.05481611481738341,0.07118684782245405
-22.5,13.5,11801,0.09306679853723271,0.1383335542537814,0.03562797530839869,0.0627044135742892
-21.5,13.5,11802,0.11234499134646524,0.2408508450636578,0.047169735479171186,0.06373897604601339
-20.5,13.5,11803,0.12269208344668615,0.4085135784738915,0.054347346013691525,0.10486365934986035
-19.5,13.5,11804,0.07195102325382345,0.33390440644266434,0.03826913312835142,0.07007123541557525
-18.5,13.5,11805,0.05777400365540065,0.1794992377293677,0.04461751450749688,0.056223904871222606
-17.5,13.5,11806,0.06133062891853967,0.13776586807995134,0.06735147151805013,0.05885641831812206
-16.5,13.5,11807,0.07057110996912842,0.133915875671129,0.05467133934932939,0.05659299355318373
-15.5,13.5,11808,0.07578595103720745,0.17613720764923219,0.06196566090683665,0.06437091447518005
-14.5,13.5,11809,0.07193310120328526,0.21730671422449618,0.06514130686956045,0.06127792240841559
-13.5,13.5,11810,0.0550654444663052,0.13265969314193968,0.04839594475930186,0.07313000621608214
-12.5,13.5,11811,0.04626188098546272,0.12503880900466238,0.051617587066810446,0.07279898139486471
-11.5,13.5,11812,0.07499106989504813,0.1513145405759166,0.060472331837343234,0.08504154153099516
-10.5,13.5,11813,0.07641849927112347,0.1152324338859846,0.0764982092778155,0.14849792444225315
-9.5,13.5,11814,0.05553778342826293,0.10074147380555874,0.02849057024905242,0.04789469804592548
-8.5,13.5,11815,0.070370819951812,0.1269955521504173,0.029926168952782724,0.045972340102218484
-7.5,13.5,11816,0.0700243975212625,0.07318817225300844,0.021804416167166822,0.039161010849218185
-6.5,13.5,11817,0.09970105097435114,0.10168825858149343,0.028586782153750604,0.049304511756561094
-5.5,13.5,11818,0.10021971271670733,0.06524404115681527,0.030142717988732772,0.041542692615311724
-4.5,13.5,11819,0.07394664925186839,0.05109950699735064,0.015983185001489483,0.030881431068932944
-3.5,13.5,11820,0.05149574918847978,0.059917797490467065,0.022287001552928915,0.029566419158539668
-2.5,13.5,11821,0.04681965413611514,0.044446730989404715,0.02038678315823897,0.02624579423888377
-1.5,13.5,11822,0.051197303929968935,0.03493216058312572,0.02059075272457826,0.02716999782941685
-0.5,13.5,11823,0.01225605211039054,0.03055113531931153,0.015860278826939682,0.017201803365053368
0.5,13.5,11824,0.01239656423353256,0.027330274877663128,0.015985960444808482,0.016576465944832836
1.5,13.5,11825,0.012070868164241522,0.023415289984965813,0.014787805303618985,0.016535090973615718
2.5,13.5,11826,0.022640700855182702,0.019506928294400004,0.013325919421856812,0.01651600380213464
3.5,13.5,11827,0.021948828802722666,0.01920876751333472,0.011657783499055708,0.016766582704943186
4.5,13.5,11828,0.020528559183596667,0.019411770463449943,0.009317275513572615,0.01694422193774447
5.5,13.5,11829,0.019004555280751883,0.02219165337758742,0.010686218601944785,0.02002313262364562
6.5,13.5,11830,0.01845348873268156,0.015763277922858466,0.010581144321210736,0.017897103247638026
7.5,13.5,11831,0.02369260178763547,0.021769442155452907,0.013379818585890164,0.01970672016262567
8.5,13.5,11832,0.0345954053934105,0.021769442155452907,0.01225621732811165,0.020068683656010954
9.5,13.5,11833,0.02681304715521877,0.015706077742950988,0.008482343604468525,0.014479838418344231
10.5,13.5,11834,0.03277162581357326,0.0208982060764426,0.010433625025828829,0.018289338518909657
11.5,13.5,11835,0.022178453465426046,0.014855936291576579,0.0083978305755803909,0.013918706548455706
12.5,13.5,11836,0.022575530381185132,0.014859928317707943,0.008457201228797829,0.013974606537517626
13.5,13.5,11837,0.020884618902384227,0.014339820546648662,0.008667058758090106,0.013540909724042711
14.5,13.5,11838,0.017643310756287254,0.013238582517034594,0.009575890550048583,0.013899381043936199
15.5,13.5,11839,0.01274679696463008,0.012857224208946708,0.007541950730431351,0.02060551141245754
16.5,13.5,11840,0.020807114630365834,0.011210281394057829,0.006540957062851564,0.020313585933741145
17.5,13.5,11841,0.009960913703638425,0.015358255877505958,0.008000780947696821,0.022253250344606925
18.5,13.5,11842,0.009546864067591124,0.014725847185078023,0.007731139645745671,0.021588386994097555
19.5,13.5,11843,0.012045721314735231,0.018167305832841447,0.007608690654510103,0.02045736348331758
20.5,13.5,11844,0.0070306279160212825,0.01024313065468549,0.006228162289191878,0.01435269463025591
21.5,13.5,11845,0.013864528002561934,0.017291546643525998,0.007849524758577444,0.018262986719728168
22.5,13.5,11846,0.011985292093180052,0.014526183748981703,0.008115359292383155,0.02081610008522647
23.5,13.5,11847,0.00859458017532302,0.010562408176885696,0.007067410525079555,0.013766952033420727
24.5,13.5,11848,0.011404723438541955,0.012626034893876599,0.01069009984416697,0.016392934697409968
25.5,13.5,11849,0.010368262420316942,0.014854803792395042,0.0089719140374795309,0.010927046123896706
26.5,13.5,11850,0.012266007894123293,0.01717029952895446,0.007993071922104458,0.012474188580833432
27.5,13.5,11851,0.00752913808905803,0.013932674756305633,0.005384341148964133,0.010110804782242622
28.5,13.5,11852,0.008625418855589838,0.010760941060551855,0.005538105634895014,0.009972148962107184
29.5,13.5,11853,0.0063940083361437635,0.005877184471933979,0.005875471899652532,0.008243181419537119
30.5,13.5,11854,0.006308796476624162,NA,NA,0.008223131834613349
31.5,13.5,11855,0.006248517681410607,NA,NA,0.008009165621951815
32.5,13.5,11856,0.006204592065029553,NA,NA,0.008009165621951815
33.5,13.5,11857,0.006352580563324784,NA,NA,0.007985662341316316
34.5,13.5,11858,0.005698388415129419,NA,NA,0.007985662341316316
35.5,13.5,11859,0.005738785106900836,NA,NA,0.00804214269642845
36.5,13.5,11860,0.006167395657080079,NA,NA,0.008600459290426198
37.5,13.5,11861,0.005071512424138053,NA,NA,0.007423050455022442
38.5,13.5,11862,0.004711623198182599,NA,NA,0.007423050455022442
39.5,13.5,11863,0.004631893767017892,NA,NA,0.007336454540412791
40.5,13.5,11864,0.004622683604661845,NA,NA,NA
41.5,13.5,11865,0.004581387555494447,NA,NA,NA
42.5,13.5,11866,0.004414496674909594,NA,NA,NA
43.5,13.5,11867,0.004297959598928968,NA,NA,NA
44.5,13.5,11868,0.004281201669637502,NA,NA,NA
45.5,13.5,11869,0.004061578158018505,NA,NA,NA
46.5,13.5,11870,0.0073371872708377145,NA,NA,NA
47.5,13.5,11871,0.0052138506663655755,NA,NA,NA
48.5,13.5,11872,0.0044263014230658355,NA,NA,NA
49.5,13.5,11873,0.004379180985414843,NA,NA,NA
50.5,13.5,11874,0.004379180985414843,NA,NA,0.004659577565256184
51.5,13.5,11875,0.004354111211641986,NA,NA,0.004256811155974707
52.5,13.5,11876,0.004153320378768886,NA,NA,0.0041933764369448895
53.5,13.5,11877,0.003248512593197798,NA,NA,0.003910942520306221
54.5,13.5,11878,0.003238807644397381,NA,NA,0.0037341825934425954
55.5,13.5,11879,0.003227638173564606,NA,NA,0.004091878191010625
56.5,13.5,11880,0.003227638173564606,NA,NA,0.004837416515001436
57.5,13.5,11881,0.004389027735894195,NA,NA,0.004386234973339407
58.5,13.5,11882,0.003693192989128865,NA,NA,0.004782847909095756
59.5,13.5,11883,0.0029774942930198573,NA,NA,0.0044644398753111636
60.5,13.5,11884,0.003418154943133298,NA,NA,NA
61.5,13.5,11885,0.003806110158235074,NA,NA,NA
62.5,13.5,11886,0.004029878271386697,NA,NA,NA
63.5,13.5,11887,0.003465625973451599,NA,NA,NA
64.5,13.5,11888,0.004146908558563969,NA,NA,NA
65.5,13.5,11889,0.004176588918388565,NA,NA,NA
66.5,13.5,11890,0.004197511220369344,NA,NA,NA
67.5,13.5,11891,0.003633406577822395,NA,NA,NA
68.5,13.5,11892,0.00403933894643997,NA,NA,NA
69.5,13.5,11893,0.00403933894643997,NA,NA,NA
70.5,13.5,11894,0.004240000383709761,0.004907293175831701,NA,NA
71.5,13.5,11895,0.0042354367003778984,0.007218249991694776,NA,NA
72.5,13.5,11896,0.004110374563023172,0.011104084335672126,NA,NA
73.5,13.5,11897,0.004296657040321048,0.008883774287733478,NA,NA
74.5,13.5,11898,0.004316648154675153,0.00734464554861303,NA,NA
75.5,13.5,11899,0.004910334344932223,0.007803109582275398,NA,NA
76.5,13.5,11900,0.004096847008504726,0.012714741042822811,NA,NA
77.5,13.5,11901,0.0046639147763347655,0.01099235712176233,NA,NA
78.5,13.5,11902,0.004417320512137119,0.022285158061329295,NA,NA
79.5,13.5,11903,0.006263882672079725,0.023916287415462725,NA,NA
80.5,13.5,11904,0.008382381108419962,0.023500243457828116,NA,NA
81.5,13.5,11905,0.006471407335256707,0.016609215153821678,NA,NA
82.5,13.5,11906,0.004884857649420594,0.011342599273479512,NA,NA
83.5,13.5,11907,0.004084697083375174,0.014079812149976039,NA,NA
84.5,13.5,11908,0.004375286461826341,0.018986112436933676,NA,NA
85.5,13.5,11909,0.0036503382094584375,0.011215881194745418,NA,NA
86.5,13.5,11910,0.003386853404406706,0.011815472254585893,NA,NA
87.5,13.5,11911,0.0033518560140993656,0.006538469595094068,NA,NA
88.5,13.5,11912,0.001905767364232455,0.003231230581860425,NA,NA
89.5,13.5,11913,0.0033559714111188383,0.00606183472064389,NA,NA
90.5,13.5,11914,0.002028637210059388,NA,NA,NA
-128.5,14.5,11915,0.003182457996628625,NA,NA,0.0034398775410091503
-127.5,14.5,11916,0.0047251695884863954,NA,NA,0.0031384408454193783
-126.5,14.5,11917,0.005102370067158871,NA,NA,0.0033141826328103845
-125.5,14.5,11918,0.006473353446152694,NA,NA,0.003351659503164221
-124.5,14.5,11919,0.0053944047588838535,NA,NA,0.003566277112874401
-123.5,14.5,11920,0.006875032783807887,NA,NA,0.005459657792023173
-122.5,14.5,11921,0.006787215931362401,NA,NA,0.004537016475064185
-121.5,14.5,11922,0.0070293394796908555,NA,NA,0.00459899378282554
-120.5,14.5,11923,0.008098870012594414,NA,NA,0.004073099271896805
-99.5,14.5,11938,0.011039633927334504,NA,NA,NA
-98.5,14.5,11939,0.009241836989951853,NA,NA,NA
-97.5,14.5,11940,0.01477523304829944,NA,NA,NA
-96.5,14.5,11941,0.012455505154125383,NA,NA,NA
-95.5,14.5,11942,0.01091082276853013,NA,NA,NA
-94.5,14.5,11943,0.016283622486924415,NA,NA,NA
-93.5,14.5,11944,0.019237969786962517,NA,NA,NA
-92.5,14.5,11945,0.025260251728120936,NA,NA,NA
-91.5,14.5,11946,0.030598543307878964,NA,NA,NA
-90.5,14.5,11947,0.042106562414788974,NA,NA,NA
-89.5,14.5,11948,0.03699168000718359,NA,NA,NA
-88.5,14.5,11949,0.029649696198588635,NA,NA,NA
-87.5,14.5,11950,0.015222966874391525,NA,NA,NA
-86.5,14.5,11951,0.019513721605950243,NA,NA,NA
-85.5,14.5,11952,0.025469386906711265,NA,NA,NA
-84.5,14.5,11953,0.02033696240552188,NA,NA,NA
-83.5,14.5,11954,0.016117694102643288,NA,NA,NA
-82.5,14.5,11955,0.0030442094783274067,NA,NA,NA
-69.5,14.5,11957,0.007562809932749061,0.009512880639369725,0.008729722357738482,0.011180584976661462
-68.5,14.5,11958,0.009887968171991663,0.01572870067338071,0.012543461617304342,0.006789325956779543
-67.5,14.5,11959,0.01662581131873686,0.03068412959282198,0.020338962133373613,0.00893994821119033
-66.5,14.5,11960,0.022269028072444658,0.03811394054433343,0.028065643570773548,0.014569846157445117
-65.5,14.5,11961,0.023090250082247195,0.06583770357227538,0.04213172105422839,0.0173075314744806
-64.5,14.5,11962,0.024120693018948085,0.04154274900579665,0.036283097959008394,0.017254027028093578
-63.5,14.5,11963,0.01682813829768699,0.04542111176178263,0.04734458673468568,0.01960291151902219
-62.5,14.5,11964,0.023502771028325705,0.05266340617418748,0.09794486563899679,0.027935167806688362
-61.5,14.5,11965,0.019915952603606814,0.04014087109565871,0.030971706764938826,0.02052253283491143
-60.5,14.5,11966,0.019122882357013878,0.03264270851939058,0.020538994989236475,0.013945012697321107
-57.5,14.5,11967,0.017714777312717516,0.017250683611549127,0.0032285461740971444,0.00783283632800263
-56.5,14.5,11968,0.02506189916140201,0.024322412837572933,0.005441481553871564,0.010925578365869921
-55.5,14.5,11969,0.07878647004655466,0.15908777521539538,0.04054876358657248,0.027982109712895786
-54.5,14.5,11970,0.16050322011534945,0.1464547087341715,0.041427692950045655,0.03702383139858762
-53.5,14.5,11971,0.08954883070882795,0.09460850850115222,0.05597018680298631,0.057094066575900757
-52.5,14.5,11972,0.08615702412456056,0.14931225943235452,0.03422747940582877,0.07024065734132451
-51.5,14.5,11973,0.11340591186270697,0.34085301879825997,0.0435850855928195,0.13962165781801475
-50.5,14.5,11974,0.0915613499356933,0.2946029067186439,0.041069440007199295,0.09928500627969548
-49.5,14.5,11975,0.08906171552270857,0.298038429574713,0.04197684043656494,0.0973441898184574
-48.5,14.5,11976,0.08975488283604445,0.22326347994718113,0.03880703458841243,0.09341427141536733
-47.5,14.5,11977,0.09129782542259668,0.19103389738258508,0.0596375410377379,0.1313385082492798
-46.5,14.5,11978,0.07055661805838935,0.17567284075335682,0.03864171320211246,0.19746539000002264
-45.5,14.5,11979,0.06819204661006419,0.21634068455639865,0.041941612842974124,0.1896886324510105
-44.5,14.5,11980,0.07490103417382864,0.3905087620142045,0.050140108229342686,0.24658666257527212
-43.5,14.5,11981,0.08049528402511108,0.2770786096862334,0.0829843262471617,0.2145696138205677
-42.5,14.5,11982,0.0881591142881273,0.30471304063090215,0.06673190425373204,0.17565008174745783
-41.5,14.5,11983,0.09194736312374789,0.2942878656435526,0.1378297384549692,0.17807849869461703
-40.5,14.5,11984,0.09745527979192241,0.43506851414036973,0.11817132935181622,0.24156599676986348
-39.5,14.5,11985,0.11107330103991135,0.2531370884040766,0.14734770083958465,0.22819478619429287
-38.5,14.5,11986,0.10371420874048323,0.15436963623986882,0.20934849052490012,0.3768515692260623
-37.5,14.5,11987,0.13381784858092027,0.14714527675815514,0.12826949563521528,0.3133768325887452
-36.5,14.5,11988,0.15731921919832584,0.13253753529467557,0.06877390465608789,0.3456168232506661
-35.5,14.5,11989,0.15291197895840739,0.12169744540636585,0.0954722292023607,0.30203248078114137
-34.5,14.5,11990,0.1153211884422218,0.08829874502601424,0.0495318825265154,0.22942128936185904
-33.5,14.5,11991,0.19621935339039898,0.13602738922463953,0.12654090642589694,0.39876197142140074
-32.5,14.5,11992,0.2544359916899577,0.07280030119260941,0.04415366992079704,0.1834763605687121
-31.5,14.5,11993,0.18179958661539322,0.15936262541088125,0.0760377972946889,0.17423446057799824
-30.5,14.5,11994,0.3873094294439523,0.18553817484192392,0.09593681456448458,0.13902001169962558
-29.5,14.5,11995,0.13757779136195603,0.07484996922403406,0.03295624664917418,0.056628241019663406
-28.5,14.5,11996,0.11735522775502336,0.10902706092255639,0.05719877646086141,0.056244624645127535
-27.5,14.5,11997,0.1203226938005454,0.07528462789676432,0.037513231029830486,0.07492559382507617
-26.5,14.5,11998,0.2467938106595613,0.08996577949882671,0.06668296191113753,0.054329225879259015
-25.5,14.5,11999,0.3296620182532615,0.18534390879316892,0.15342090209072884,0.06015038141542336
-24.5,14.5,12000,0.14428107124792117,0.23453289214738474,0.08867777431883737,0.04774907282806339
-23.5,14.5,12001,0.10117353336221477,0.17733722517788117,0.06335218549496462,0.048826712473295744
-22.5,14.5,12002,0.12119564148118625,0.23575010416685854,0.06764394439550267,0.05646767994716261
-21.5,14.5,12003,0.1273257221346708,0.1811900666564967,0.054535186250855676,0.0544598197471356
-20.5,14.5,12004,0.10509039013717483,0.11551470958880099,0.039980315926118254,0.055229047982759814
-19.5,14.5,12005,0.0906103553539401,0.10547388397999508,0.048785757000479664,0.04619282794821349
-18.5,14.5,12006,0.10190985905474292,0.1347601293702531,0.06899733829140699,0.05092712711401397
-17.5,14.5,12007,0.09722250973531182,0.13429378848991547,0.04176913866357269,0.05211579032777449
-16.5,14.5,12008,0.08373260778392111,0.1452297659813067,0.05857225492205005,0.05055939848247472
-15.5,14.5,12009,0.08276467727810072,0.14775468726083513,0.06774871759306371,0.05010755099559359
-14.5,14.5,12010,0.09019081726439841,0.14637953325871988,0.04676050481510442,0.05345923822293521
-13.5,14.5,12011,0.07555710844045886,0.14172338864429465,0.06222288085416281,0.0636907733496514
-12.5,14.5,12012,0.08432534483314996,0.13509854197727,0.06829366142748258,0.07413847619218875
-11.5,14.5,12013,0.1642427069562703,0.37644398703344545,0.18958729340189456,0.1706859898283223
-10.5,14.5,12014,0.19801471964740652,0.3965233438993903,0.2789802085330106,0.1783252673602712
-9.5,14.5,12015,0.07676893434919763,0.15355185416872436,0.06735287601913796,0.06944690655179762
-8.5,14.5,12016,0.07042220422310656,0.12897552973925233,0.044874205799273446,0.10788262113398903
-7.5,14.5,12017,0.05057583062620661,0.0946108080916465,0.0323619294706938,0.03362065584735181
-6.5,14.5,12018,0.05635658046835295,0.09267816670707307,0.03670769498427745,0.03973669817654854
-5.5,14.5,12019,0.05797481167290363,0.08788153522391952,0.0282502307255904,0.0370992295561523
-4.5,14.5,12020,0.10397385598615089,0.08987226267240016,0.0255071818393496,0.03587725126269855
-3.5,14.5,12021,0.08080785730679506,0.04090655267747565,0.01704259876090729,0.02475625435375219
-2.5,14.5,12022,0.04863255189131309,0.04501308561866029,0.01982068655718845,0.030039972645219182
-1.5,14.5,12023,0.04374272082251854,0.047193378177210595,0.021980000606464583,0.03134851923645739
-0.5,14.5,12024,0.04253112807294286,0.05040123945129811,0.03432691312259427,0.03261058562626004
0.5,14.5,12025,0.035076446660455764,0.05113872894203229,0.022737887566857438,0.0317837498079632
1.5,14.5,12026,0.023144326666636874,0.04354890896846076,0.026179905461863034,0.03041669380404636
2.5,14.5,12027,0.026627687905117308,0.03138560809829887,0.020677565218451655,0.029833725962764998
3.5,14.5,12028,0.02183302176865253,0.030586074830820577,0.021985077289969145,0.02590070436059711
4.5,14.5,12029,0.02414074188620811,0.03407876943700897,0.02658470293963806,0.03099533378111619
5.5,14.5,12030,0.02166083362593622,0.027265338923287103,0.02562513824023961,0.02679906357176251
6.5,14.5,12031,0.02332248761051808,0.023975718626859974,0.018116822506157843,0.02349370653062818
7.5,14.5,12032,0.020622153512562882,0.01707717134942095,0.024072973216789847,0.02337179384361245
8.5,14.5,12033,0.020076260885982675,0.01669994331354688,0.016279576220172377,0.02464935625029819
9.5,14.5,12034,0.019448474035121746,0.017870016831562016,0.01454250036647829,0.022960801788980773
10.5,14.5,12035,0.022289445368766033,0.017320411543721645,0.01192996717865465,0.02228403810813952
11.5,14.5,12036,0.019429571075775812,0.016790252234689485,0.010579202076044146,0.023536135192823295
12.5,14.5,12037,0.01904748484296564,0.013857603403960651,0.015031056658838193,0.01969781025093252
13.5,14.5,12038,0.01823962636846432,0.013406574185497948,0.012482220729277665,0.01912382965720128
14.5,14.5,12039,0.01870272896933901,0.013732538816586376,0.009855448895865985,0.019586042821363836
15.5,14.5,12040,0.01575267253790369,0.012981529746650743,0.007410623469318649,0.020289587181112713
16.5,14.5,12041,0.011002213616643443,0.01202174128869669,0.007168663165211074,0.01744742761691317
17.5,14.5,12042,0.013434228846850658,0.014461598337867728,0.00791447406614215,0.020613095155927047
18.5,14.5,12043,0.012322384814361959,0.012678120652376858,0.007375819030412712,0.014846494232868003
19.5,14.5,12044,0.01250510506669367,0.012596593803745695,0.007436199499949125,0.017129331006566127
20.5,14.5,12045,0.014693775144149645,0.014359211513433886,0.008778063636750936,0.020071513655237322
21.5,14.5,12046,0.013226225882938291,0.014765702294569468,0.008794541152601474,0.02069879523312816
22.5,14.5,12047,0.014218289242388854,0.013763485132809273,0.007778096826584057,0.016703006779481392
23.5,14.5,12048,0.015177027030177866,0.013932079725464876,0.007741560910588853,0.01659293994275746
24.5,14.5,12049,0.010287653728695613,0.013500884748276615,0.007930457095517507,0.016980372593277084
25.5,14.5,12050,0.00931387205708423,0.010559952766160959,0.007930457095517507,0.012140765240700582
26.5,14.5,12051,0.012572650335593776,0.01278064712913384,0.009993792427828614,0.011863178745662934
27.5,14.5,12052,0.010031078409266658,0.013544168181863417,0.007660223635167267,0.011247533466603135
28.5,14.5,12053,0.008318262045093254,0.008551039004639046,0.008876544351844963,0.009749345814336372
29.5,14.5,12054,0.005806202936868189,0.007267546536680849,0.007420141405216728,0.008269924339949653
30.5,14.5,12055,0.0059449054343910165,NA,NA,0.010715558315986695
31.5,14.5,12056,0.005033716946758286,NA,NA,0.01122735053353027
32.5,14.5,12057,0.00573678240186598,NA,NA,0.011148223725562335
33.5,14.5,12058,0.005791997136819915,NA,NA,0.01103072251614594
34.5,14.5,12059,0.005961826911201241,NA,NA,0.010616798684865163
35.5,14.5,12060,0.006484111678322353,NA,NA,0.009025324052499912
36.5,14.5,12061,0.006506858865265345,NA,NA,0.008172724186176204
37.5,14.5,12062,0.004958030329829025,NA,NA,0.0063727936185213755
38.5,14.5,12063,0.004890308167440704,NA,NA,0.006324108130432469
39.5,14.5,12064,0.004948174893963633,NA,NA,0.0053733931476805516
40.5,14.5,12065,0.004948174893963633,NA,NA,NA
41.5,14.5,12066,0.004322267602855605,NA,NA,NA
42.5,14.5,12067,0.0045274252166222755,NA,NA,NA
43.5,14.5,12068,0.0043551604838873124,NA,NA,NA
44.5,14.5,12069,0.004338671326528407,NA,NA,NA
45.5,14.5,12070,0.0040748798863891374,NA,NA,NA
46.5,14.5,12071,0.003848169015844253,NA,NA,NA
47.5,14.5,12072,0.003599786054777132,NA,NA,NA
48.5,14.5,12073,0.0036479186546093706,NA,NA,NA
49.5,14.5,12074,0.0036479186546093706,NA,NA,NA
50.5,14.5,12075,0.0039123559851326,NA,NA,0.0034435494137087332
51.5,14.5,12076,0.003912155930378544,NA,NA,0.003496596941240858
52.5,14.5,12077,0.0032641080382405895,NA,NA,0.004241890474691899
53.5,14.5,12078,0.003744578971740051,NA,NA,0.004374053784334878
54.5,14.5,12079,0.0032624852417406486,NA,NA,0.004039738715481107
55.5,14.5,12080,0.0036802000462556757,NA,NA,0.004604324654032616
56.5,14.5,12081,0.0030534046890314703,NA,NA,0.004092380152170364
57.5,14.5,12082,0.0028362995462405728,NA,NA,0.004528393009387109
58.5,14.5,12083,0.003201698326809432,NA,NA,0.004623463404035183
59.5,14.5,12084,0.0031086230112055578,NA,NA,0.004748886223724059
60.5,14.5,12085,0.004294441924109478,NA,NA,NA
61.5,14.5,12086,0.004193484144274518,NA,NA,NA
62.5,14.5,12087,0.004481903181278639,NA,NA,NA
63.5,14.5,12088,0.004212666670560458,NA,NA,NA
64.5,14.5,12089,0.003512779241546595,NA,NA,NA
65.5,14.5,12090,0.003370337207215504,NA,NA,NA
66.5,14.5,12091,0.0030535497722615117,NA,NA,NA
67.5,14.5,12092,0.0027092272222123516,NA,NA,NA
68.5,14.5,12093,0.003181644087009998,NA,NA,NA
69.5,14.5,12094,0.003512982053957372,NA,NA,NA
70.5,14.5,12095,0.0028116328027604338,0.007796010430444629,NA,NA
71.5,14.5,12096,0.0035297477417861297,0.006457270000686278,NA,NA
72.5,14.5,12097,0.004381536495001173,0.007200010632837533,NA,NA
73.5,14.5,12098,0.004491372202218407,0.008599921278088863,NA,NA
74.5,14.5,12099,0.006033123277838543,0.006655517875925473,NA,NA
75.5,14.5,12100,0.007027297071686446,0.008399587502623493,NA,NA
76.5,14.5,12101,0.006678524767468659,0.00935800614208283,NA,NA
77.5,14.5,12102,0.008521550793496315,0.013165836573609594,NA,NA
78.5,14.5,12103,0.009873104539324466,0.019387120743630998,NA,NA
79.5,14.5,12104,0.010409645276808873,0.010049971590632286,NA,NA
80.5,14.5,12105,0.00970423841142036,0.011064855777834828,NA,NA
81.5,14.5,12106,0.008850630542764614,0.011603496937937307,NA,NA
82.5,14.5,12107,0.006842115696548018,0.010925383496269132,NA,NA
83.5,14.5,12108,0.00502383482238826,0.011398008857341426,NA,NA
84.5,14.5,12109,0.004355236764450023,0.011904437544341825,NA,NA
85.5,14.5,12110,0.004068917623107108,0.00771367176137976,NA,NA
86.5,14.5,12111,0.001577485322048976,0.002941280086236633,NA,NA
87.5,14.5,12112,0.00108807409411871,0.0020103705001936864,NA,NA
-127.5,15.5,12113,0.005454348168492648,NA,NA,0.005489979163225343
-126.5,15.5,12114,0.005011267147477994,NA,NA,0.004918259261547923
-125.5,15.5,12115,0.00841182486829501,NA,NA,0.005384385359201825
-124.5,15.5,12116,0.008289863970794023,NA,NA,0.007299909672707608
-123.5,15.5,12117,0.0062485987826961615,NA,NA,0.006485212198460238
-122.5,15.5,12118,0.0046191282899055615,NA,NA,0.00659532738375319
-121.5,15.5,12119,0.004701286006415026,NA,NA,0.007324035671918858
-120.5,15.5,12120,0.004372293669464758,NA,NA,0.007786375352345992
-99.5,15.5,12135,0.008505886774858952,NA,NA,NA
-98.5,15.5,12136,0.007491893211783384,NA,NA,NA
-97.5,15.5,12137,0.007379591317116393,NA,NA,NA
-96.5,15.5,12138,0.014687320457872681,NA,NA,NA
-95.5,15.5,12139,0.018892525938115756,NA,NA,NA
-94.5,15.5,12140,0.019997321004133938,NA,NA,NA
-93.5,15.5,12141,0.019483211361557243,NA,NA,NA
-92.5,15.5,12142,0.02780182442912792,NA,NA,NA
-91.5,15.5,12143,0.028790330287291988,NA,NA,NA
-90.5,15.5,12144,0.040345598886877124,NA,NA,NA
-89.5,15.5,12145,0.023098861268359656,NA,NA,NA
-88.5,15.5,12146,0.020462066534934587,NA,NA,NA
-87.5,15.5,12147,0.02430010351247783,NA,NA,NA
-86.5,15.5,12148,0.033486134845815786,NA,NA,NA
-85.5,15.5,12149,0.016713987679200418,NA,NA,NA
-84.5,15.5,12150,0.0027870057892556855,NA,NA,NA
-69.5,15.5,12152,0.004464958540804317,0.008634214619308111,0.013128694704967293,0.007746029540882623
-68.5,15.5,12153,0.006970730256225857,0.012888234720097345,0.019822535505172996,0.006868266217116861
-67.5,15.5,12154,0.007329194407603674,0.009269200672434894,0.026850365623636605,0.006561511434084609
-66.5,15.5,12155,0.009685048086873486,0.011460541538225271,0.05325041345280981,0.016148961329971224
-65.5,15.5,12156,0.010373411287888764,0.01348235324815581,0.026859284960082587,0.008399329321845474
-64.5,15.5,12157,0.014123323222722419,0.04234855387043236,0.031710234811113486,0.01829472586065018
-63.5,15.5,12158,0.02032036170700323,0.04476163576830062,0.03217084102446164,0.022028080632118485
-62.5,15.5,12159,0.01950819540337483,0.06219485489621602,0.030675463036446145,0.026554937448483834
-61.5,15.5,12160,0.016541084070884685,0.05687491932460314,0.034745854907451926,0.034152460465746
-60.5,15.5,12161,0.013448377553856769,0.040053704279923205,0.027557894656292332,0.011836318769492796
-58.5,15.5,12162,0.03308166594535294,0.015820966764608778,0.00837076048499278,0.010831323717011829
-57.5,15.5,12163,0.03864731676669077,0.05427416527400981,0.01870043105798259,0.01683745757568968
-56.5,15.5,12164,0.08673408166710175,0.15266546856033347,0.0389808384205983,0.03792148754542904
-55.5,15.5,12165,0.08899838441227005,0.27306437482316054,0.03902217096304526,0.05815020992767837
-54.5,15.5,12166,0.16482959806119268,0.4793352526591829,0.05738751778891169,0.05922511519952245
-53.5,15.5,12167,0.15696821273691905,0.5604216026689323,0.05149894953506885,0.057461935985560424
-52.5,15.5,12168,0.17082817065221792,0.43563701439445585,0.04395005561351641,0.06659711483156482
-51.5,15.5,12169,0.12436523196450187,0.3154031441648984,0.04124770664935723,0.06574726821116937
-50.5,15.5,12170,0.15274675321581085,0.36889539844983477,0.051146775558765345,0.08818041885159855
-49.5,15.5,12171,0.12123912457025929,0.45605532377615354,0.04927538675763145,0.07604564071402678
-48.5,15.5,12172,0.101692297825295,0.4781343393914989,0.0404207268713473,0.07784683592570774
-47.5,15.5,12173,0.12724930049023273,0.3613666587903291,0.04009209296248497,0.1140861270058166
-46.5,15.5,12174,0.09445508143261364,0.2908581428503082,0.04909674793536707,0.1800412828081581
-45.5,15.5,12175,0.0974753462772159,0.3231109408055032,0.08199428316326407,0.20982510238000376
-44.5,15.5,12176,0.095455073551562,0.3995491515384558,0.08846848429324759,0.2340102681486768
-43.5,15.5,12177,0.08437087088780941,0.31117197871851854,0.13651604743180484,0.23116299599686405
-42.5,15.5,12178,0.08503438200056411,0.31188742436439604,0.39972089321581433,0.2390950383717423
-41.5,15.5,12179,0.10175072683776157,0.3473517911284373,0.2982210832298853,0.28381338826468056
-40.5,15.5,12180,0.1416382080107627,0.3521878709820413,0.21311604960485087,0.3592294854682591
-39.5,15.5,12181,0.15009638996897015,0.38627794050176134,0.2742849854898374,0.3293905316199539
-38.5,15.5,12182,0.144916150782122,0.2372926333422382,0.3926729835279627,0.31247606789314275
-37.5,15.5,12183,0.13124011018497908,0.1958903989520399,0.11666838418979196,0.19843523575038371
-36.5,15.5,12184,0.1478634809277643,0.12754907083262745,0.09793788279377436,0.19322709482083386
-35.5,15.5,12185,0.17183845058644742,0.13094637511809132,0.08927184747923628,0.11961235391085763
-34.5,15.5,12186,0.08738564992629873,0.05515921146032845,0.04952040325121351,0.105277282822506
-33.5,15.5,12187,0.134233441335836,0.16681789753732654,0.08797554619166448,0.1425501054242093
-32.5,15.5,12188,0.1621828766972071,0.18392378673597204,0.08941678581458393,0.1337127585344527
-31.5,15.5,12189,0.11816781471378127,0.1399754957682746,0.06961866206506144,0.09691254040789464
-30.5,15.5,12190,0.1013329989902847,0.1251783914161563,0.06792172299945815,0.0771097225797387
-29.5,15.5,12191,0.12411911401056958,0.21168204063424845,0.10549072479446306,0.10557054819008407
-28.5,15.5,12192,0.16785749028998215,0.24089126587963744,0.08846997709612012,0.09581908441319785
-27.5,15.5,12193,0.12984280856604113,0.15700512205396858,0.10588408121448113,0.06750652461598747
-26.5,15.5,12194,0.13914965024625892,0.229018493023143,0.11326704949260324,0.06412774139451012
-25.5,15.5,12195,0.09889535067618183,0.17994029134507508,0.07574243237648969,0.05375759146533315
-24.5,15.5,12196,0.09130551780595302,0.15580044933308823,0.07706163028395366,0.03390189925401506
-23.5,15.5,12197,0.07916214102954221,0.08769082116274693,0.0305689905765555,0.04748075412583054
-22.5,15.5,12198,0.06405926097436627,0.07197703975045787,0.034901074491748854,0.031755022293277264
-21.5,15.5,12199,0.08672894721513245,0.1297968622195599,0.07123623973390322,0.03828897502479117
-20.5,15.5,12200,0.14028633270024699,0.18196387979747786,0.04584616473021707,0.03607154033935542
-19.5,15.5,12201,0.05557033851716855,0.1344121487173586,0.07760256369703596,0.03968198654457883
-18.5,15.5,12202,0.06254008638199776,0.15844209665884892,0.07216548019752163,0.051259423646172496
-17.5,15.5,12203,0.062957927160149807,0.19594279638152154,0.05594619690022632,0.04621767759652387
-16.5,15.5,12204,0.05280972965483276,0.18590955133969334,0.06954506257084395,0.04648918401493071
-15.5,15.5,12205,0.05299159658901257,0.14566776823775088,0.04063457291910417,0.03924938718231578
-14.5,15.5,12206,0.053114230552404745,0.2109327572726342,0.08370036321649457,0.050352113080811466
-13.5,15.5,12207,0.053062855271295783,0.17065017344562644,0.03481189199532482,0.05062229498854851
-12.5,15.5,12208,0.08366674967972933,0.237886491015273,0.033058837209328173,0.0799294373429752
-11.5,15.5,12209,0.059101756044125785,0.2445433927433384,0.02857255191131119,0.06522639788911554
-10.5,15.5,12210,0.07843884919900686,0.28116666725584333,0.04499011447894153,0.08454049315878684
-9.5,15.5,12211,0.032530068961480176,0.10434610806630591,0.014692991208694417,0.0376678969136149
-8.5,15.5,12212,0.031584082301029326,0.11444569838656443,0.014746364537227625,0.0372970743177616
-7.5,15.5,12213,0.030592227750204044,0.10671917927765168,0.0192550255293583,0.03167134416582917
-6.5,15.5,12214,0.02899313229829855,0.0829804510599956,0.014775556140092103,0.037195902581494994
-5.5,15.5,12215,0.029235243631629982,0.0725338893692146,0.014686091906234456,0.028415011502540503
-4.5,15.5,12216,0.02559554071765254,0.06856138064828489,0.03009712084380864,0.028644505110346493
-3.5,15.5,12217,0.018712193782773452,0.04499129173336537,0.04023340660343202,0.02368276152055775
-2.5,15.5,12218,0.01875067069689439,0.04787195036429868,0.029118084021275373,0.02431523614030657
-1.5,15.5,12219,0.01604808654447633,0.04884631999988302,0.028385600318483875,0.025374571379590708
-0.5,15.5,12220,0.013922286614095586,0.047699936928626174,0.01863491840096887,0.023738329814951005
0.5,15.5,12221,0.013692175401869207,0.05005655197767585,0.02676236069697929,0.023738329814951005
1.5,15.5,12222,0.014711337077971957,0.05511558590437084,0.02954945770827269,0.02378408515651291
2.5,15.5,12223,0.013303409148309107,0.031871883616891895,0.03657745567713834,0.024311693327879417
3.5,15.5,12224,0.014496405535410962,0.03037302302767661,0.022377116501668657,0.02331943872702571
4.5,15.5,12225,0.014621138817736032,0.035101413650090375,0.039515102624345856,0.028313683522830847
5.5,15.5,12226,0.013916456830317317,0.03451332908459253,0.04091014570251637,0.026477235893325145
6.5,15.5,12227,0.015316124599118507,0.03847249259417213,0.04376190844829904,0.02658087417207913
7.5,15.5,12228,0.02085855954964021,0.042041912593879044,0.05105375299313765,0.022665628927067978
8.5,15.5,12229,0.020683541212093298,0.022012083079159764,0.028054443449404793,0.024585114414336248
9.5,15.5,12230,0.01842441638501019,0.025097057361013354,0.024327787241723402,0.019479608769764636
10.5,15.5,12231,0.019037405669943497,0.02360306555574206,0.023479282378473493,0.026171844155723465
11.5,15.5,12232,0.019298900841464624,0.020099830258616894,0.031202878991058454,0.024886610827431415
12.5,15.5,12233,0.018281547257988712,0.01619766804397478,0.024798989081480833,0.025200148938458664
13.5,15.5,12234,0.013208900127214412,0.014210646370302822,0.020642889267101113,0.023061552914694982
14.5,15.5,12235,0.008210136059361847,0.013705734863700358,0.02221974712568468,0.02257663791241922
15.5,15.5,12236,0.00809635573256179,0.013159012219041878,0.01638832678423618,0.023277032781399684
16.5,15.5,12237,0.008059017500810584,0.012818494926764337,0.013614096361160587,0.025879332467217398
17.5,15.5,12238,0.006693343387618105,0.010024475818890459,0.009645224901490987,0.017948828539492884
18.5,15.5,12239,0.007023702254975774,0.008904357478931849,0.008981951908558791,0.016633153231848503
19.5,15.5,12240,0.012040648040210282,0.014231901992272124,0.011728002365302229,0.021572385475993938
20.5,15.5,12241,0.01271977340025688,0.014285641776572199,0.010775100355048663,0.012444982897209956
21.5,15.5,12242,0.013060849357154557,0.014561840788761606,0.01005092693870405,0.012939466388677465
22.5,15.5,12243,0.010600458391440552,0.00890667940391626,0.006652380231494753,0.010397016507918652
23.5,15.5,12244,0.010327875091061423,0.008726071927234126,0.006614134509054005,0.008710154180048073
24.5,15.5,12245,0.008616413374565928,0.009353705669150923,0.006351420444965283,0.008449820846167206
25.5,15.5,12246,0.009055608897410196,0.008676189019321665,0.006269580538524285,0.008320020350765095
26.5,15.5,12247,0.011312249979736098,0.012270895446683956,0.011005551032237612,0.010596743870426273
27.5,15.5,12248,0.01184547815794304,0.00990678543942086,0.00740404408444678,0.009386647538156436
28.5,15.5,12249,0.012230556837981322,0.009621274516876232,0.01005317828010656,0.00968541206226483
29.5,15.5,12250,0.007351587932414363,0.006898987333890215,0.007738719617381568,0.006783887897954925
30.5,15.5,12251,0.007527581947029848,NA,NA,0.005845526136168781
31.5,15.5,12252,0.007143094061767777,NA,NA,0.005839983082590901
32.5,15.5,12253,0.0068061530482041496,NA,NA,0.006477835074635924
33.5,15.5,12254,0.00675991950782643,NA,NA,0.00607391504469459
34.5,15.5,12255,0.00675991950782643,NA,NA,0.006187226117920402
35.5,15.5,12256,0.0064296442724809345,NA,NA,0.006541035574983849
36.5,15.5,12257,0.006475260157165879,NA,NA,0.005315310707970387
37.5,15.5,12258,0.006386947044614016,NA,NA,0.005315310707970387
38.5,15.5,12259,0.006341949322864536,NA,NA,0.0053434639366275564
39.5,15.5,12260,0.006386879004276168,NA,NA,0.005244993310203261
40.5,15.5,12261,0.0054577242487550935,NA,NA,NA
41.5,15.5,12262,0.005422652613251752,NA,NA,NA
42.5,15.5,12263,0.005422652613251752,NA,NA,NA
43.5,15.5,12264,0.00558255559759286,NA,NA,NA
44.5,15.5,12265,0.00558255559759286,NA,NA,NA
45.5,15.5,12266,0.00558255559759286,NA,NA,NA
46.5,15.5,12267,0.005618577266490364,NA,NA,NA
47.5,15.5,12268,0.0058455834323933925,NA,NA,NA
48.5,15.5,12269,0.005860155848972749,NA,NA,NA
49.5,15.5,12270,0.004404637687534877,NA,NA,NA
50.5,15.5,12271,0.003878710387097267,NA,NA,0.004355579636711837
51.5,15.5,12272,0.004346063543517125,NA,NA,0.004450688597963828
52.5,15.5,12273,0.0042872719463076855,NA,NA,0.004429172653886532
53.5,15.5,12274,0.004190422904532295,NA,NA,0.0052956728648308376
54.5,15.5,12275,0.003612843453607629,NA,NA,0.006786645429852567
55.5,15.5,12276,0.004154274447593891,NA,NA,0.004044469543585297
56.5,15.5,12277,0.004710566975536336,NA,NA,0.004083513823992885
57.5,15.5,12278,0.003989484994050423,NA,NA,0.004099411098041218
58.5,15.5,12279,0.003604815192899638,NA,NA,0.004354018069912796
59.5,15.5,12280,0.004579284866126391,NA,NA,0.006420677442418237
60.5,15.5,12281,0.004587562755675343,NA,NA,NA
61.5,15.5,12282,0.0044580464522531536,NA,NA,NA
62.5,15.5,12283,0.004899930506573282,NA,NA,NA
63.5,15.5,12284,0.004883953147766707,NA,NA,NA
64.5,15.5,12285,0.004972526023777517,NA,NA,NA
65.5,15.5,12286,0.004973373548133824,NA,NA,NA
66.5,15.5,12287,0.004363641162960271,NA,NA,NA
67.5,15.5,12288,0.0037826349139612413,NA,NA,NA
68.5,15.5,12289,0.004555764547025101,NA,NA,NA
69.5,15.5,12290,0.004371304386721955,NA,NA,NA
70.5,15.5,12291,0.004764068173844935,0.006098741948680518,NA,NA
71.5,15.5,12292,0.010881416588261725,0.0061501335083186445,NA,NA
72.5,15.5,12293,0.0068436564240907235,0.0058982433495049355,NA,NA
73.5,15.5,12294,0.006926322005954617,0.005526283297681167,NA,NA
74.5,15.5,12295,0.007755931216355462,0.00565862297315733,NA,NA
75.5,15.5,12296,0.005949898884242746,0.007310291033483442,NA,NA
76.5,15.5,12297,0.006224864720546991,0.006924395338728972,NA,NA
77.5,15.5,12298,0.005850623598064557,0.00623715532856552,NA,NA
78.5,15.5,12299,0.005878616822117278,0.010094604598434089,NA,NA
79.5,15.5,12300,0.014004552239019244,0.0065569640867621055,NA,NA
80.5,15.5,12301,0.00997058082107219,0.006679794894730801,NA,NA
81.5,15.5,12302,0.010085966629348327,0.008258230304973082,NA,NA
82.5,15.5,12303,0.009676436013283414,0.012966088347258667,NA,NA
83.5,15.5,12304,0.004325126480306925,0.006380693668611678,NA,NA
84.5,15.5,12305,0.0024462790407634902,0.0061935814726157305,NA,NA
-126.5,16.5,12306,0.0033032132665493418,NA,NA,0.004088871577827424
-125.5,16.5,12307,0.0025821959004433256,NA,NA,0.0022476184511667037
-124.5,16.5,12308,0.006894254459318087,NA,NA,0.005507035413858418
-123.5,16.5,12309,0.00707611276896447,NA,NA,0.00593125782655586
-122.5,16.5,12310,0.008835712598322647,NA,NA,0.007687344775710858
-121.5,16.5,12311,0.0071976026539468385,NA,NA,0.007208232476927466
-120.5,16.5,12312,0.006276853210090769,NA,NA,0.007456409780657321
-97.5,16.5,12326,0.008183167551986911,NA,NA,NA
-96.5,16.5,12327,0.01454838131785126,NA,NA,NA
-95.5,16.5,12328,0.018898179192979606,NA,NA,NA
-94.5,16.5,12329,0.02100341643957111,NA,NA,NA
-93.5,16.5,12330,0.028317426141869773,NA,NA,NA
-92.5,16.5,12331,0.0215285628956187,NA,NA,NA
-91.5,16.5,12332,0.01971880967971866,NA,NA,NA
-90.5,16.5,12333,0.017762587732605112,NA,NA,NA
-89.5,16.5,12334,0.015541240131314532,NA,NA,NA
-88.5,16.5,12335,0.014852120295383719,NA,NA,NA
-87.5,16.5,12336,0.015888775019200285,NA,NA,NA
-86.5,16.5,12337,0.009072764969622222,NA,NA,NA
-69.5,16.5,12340,0.004065222999342792,0.009017690488120256,0.009416070719898964,0.012171289091323452
-68.5,16.5,12341,0.004889727541382587,0.011096294803301559,0.011855273631471876,0.00723103854551048
-67.5,16.5,12342,0.005399358448673174,0.010559687849800622,0.025643193229225213,0.007588740000536661
-66.5,16.5,12343,0.006078392450815228,0.009184899679611348,0.030253566072429385,0.007883887644462293
-65.5,16.5,12344,0.005980663153798425,0.00945310999456424,0.025914378514961818,0.006991908475456929
-64.5,16.5,12345,0.010441426311034204,0.020754995951484636,0.03601942754975225,0.015237226553679798
-63.5,16.5,12346,0.009913305064538996,0.02933641497906921,0.030367967212833608,0.01759956539459622
-62.5,16.5,12347,0.011433370313960434,0.04764644838546789,0.043927738406492674,0.02408430781969153
-61.5,16.5,12348,0.016061974907508055,0.05225382153156662,0.02989069955839049,0.023576318332759753
-60.5,16.5,12349,0.011503795986746954,0.01866114503546678,0.026369001047901845,0.016343148482687146
-57.5,16.5,12350,0.024051054051850602,0.10515479044290099,0.016882002068260262,0.01775288016352841
-56.5,16.5,12351,0.10453563329591026,0.32642744981917216,0.059611263342978296,0.0615755723317194
-55.5,16.5,12352,0.09267106857722301,0.29896559913574944,0.044890231605606824,0.06360741826403137
-54.5,16.5,12353,0.11239243131793676,0.5177573194873607,0.04767917577242089,0.06678832184407853
-53.5,16.5,12354,0.1987835789550396,0.3337480988510767,0.06071901071951601,0.10135660589663265
-52.5,16.5,12355,0.13736515137338387,0.41979741559628514,0.06791767989475508,0.09635125005402281
-51.5,16.5,12356,0.1574201511491484,0.4640355955219584,0.04526150651333043,0.1288926887791448
-50.5,16.5,12357,0.18561591966276847,0.5378256197961201,0.05678918948851399,0.09925055572719968
-49.5,16.5,12358,0.12921760791669026,0.4148073339381856,0.07328875073923102,0.08692938735112515
-48.5,16.5,12359,0.24508152364954933,0.6857270944053742,0.08188722452880492,0.059637576851090376
-47.5,16.5,12360,0.1379891727684418,0.27822444258138007,0.06379861570859569,0.03815586881001726
-46.5,16.5,12361,0.2114415508911282,0.4364441022190402,0.11547479171052549,0.07746763077766648
-45.5,16.5,12362,0.15466900470847345,0.4689032206607282,0.1495801029853939,0.09722965561142277
-44.5,16.5,12363,0.14482372131272087,0.46989972810483494,0.1292550754117396,0.08418147149862548
-43.5,16.5,12364,0.16094101938598146,0.3802242489317014,0.15419206604499947,0.08861481076410928
-42.5,16.5,12365,0.14544133894808867,0.35330925071307506,0.1492866842597352,0.07130567085045621
-41.5,16.5,12366,0.1537306231752514,0.42048918045522665,0.3222990472971886,0.09948927254310204
-40.5,16.5,12367,0.1422219426237756,0.38134625436838043,0.3930103259969723,0.136591879706686
-39.5,16.5,12368,0.10987855945361909,0.37150747458331856,0.405641223488373,0.12702756392184011
-38.5,16.5,12369,0.11342945832761844,0.30230404326798765,0.5075654813963043,0.17301073592093097
-37.5,16.5,12370,0.12347822233648317,0.18648076888725434,0.14415315658740677,0.14549584595900197
-36.5,16.5,12371,0.10027296242904685,0.16886988531549504,0.27843167244571915,0.14432423457710017
-35.5,16.5,12372,0.11403665951436148,0.14202495680384236,0.2555290214447434,0.1498725767054901
-34.5,16.5,12373,0.08250328675346275,0.11199328742261067,0.05524671136080283,0.13898537611668368
-33.5,16.5,12374,0.10665851495565531,0.14198448260270397,0.18803330568703489,0.1387651052971699
-32.5,16.5,12375,0.13965162994629837,0.1958531189560709,0.16648242764532373,0.13144292491794543
-31.5,16.5,12376,0.1376740784565038,0.1811930721463731,0.1493786542551593,0.12435367281789401
-30.5,16.5,12377,0.13380572199596755,0.2006434000904112,0.15439659529364363,0.11724814142640665
-29.5,16.5,12378,0.12187435422920101,0.217769372547694,0.14275969454130677,0.0814663505117161
-28.5,16.5,12379,0.11639561781108694,0.17566464675837162,0.08725532905431084,0.09521393499739211
-27.5,16.5,12380,0.1170922363937245,0.21972656369928428,0.08662829922716256,0.06895727490184984
-26.5,16.5,12381,0.1620877884176285,0.26721618997481866,0.16305955006515396,0.07012874540480189
-25.5,16.5,12382,0.13469685131169862,0.23932200979542223,0.09894497596054319,0.061271699626631586
-24.5,16.5,12383,0.14007812395146146,0.27114120807834646,0.0829638132373332,0.044128933577359315
-23.5,16.5,12384,0.07137240356605454,0.10738741468262858,0.03525412117838847,0.03254830113536078
-22.5,16.5,12385,0.10968305829316631,0.14695572363903292,0.0694344326439145,0.0522172509606887
-21.5,16.5,12386,0.09879792905721928,0.18328305342159898,0.054936205457114265,0.07608449569168411
-20.5,16.5,12387,0.10732569239658989,0.3139557948700987,0.06306800800757109,0.0685652203944901
-19.5,16.5,12388,0.10215076715864986,0.2562414288886186,0.07895561519535256,0.06008503173403633
-18.5,16.5,12389,0.11274819426734486,0.296519644541866,0.10228900100521877,0.07555736432187672
-17.5,16.5,12390,0.10241359588690271,0.18057386751451024,0.08438498945193366,0.06659011153077272
-16.5,16.5,12391,0.08133936250150837,0.27192735297335374,0.09460621595334169,0.0692413924243534
-15.5,16.5,12392,0.07917006078788996,0.19228203405229904,0.05473751536554161,0.0583857280785711
-14.5,16.5,12393,0.08291912269819124,0.17654999608147512,0.05919842268980938,0.055654496507200196
-13.5,16.5,12394,0.08373352474485923,0.10099857410364134,0.02072670535396261,0.048887308862266755
-12.5,16.5,12395,0.09263188561630513,0.10700496008492015,0.031426319159900795,0.08257562507000578
-11.5,16.5,12396,0.07024608685125187,0.24085350551600915,0.022782487043329795,0.07982674223421725
-10.5,16.5,12397,0.0683153015200942,0.2208831918408946,0.02683984134600264,0.06513307762198284
-9.5,16.5,12398,0.0435824650410849,0.1444894483144864,0.013853852990068204,0.04487896843740034
-8.5,16.5,12399,0.04301359910236705,0.11876657499267952,0.021178816766589503,0.044676541778931024
-7.5,16.5,12400,0.040867407664681055,0.11666784717882764,0.014481604158943482,0.04491771261307165
-6.5,16.5,12401,0.03412692735308279,0.10050790826556394,0.018178332351274498,0.0442921980434209
-5.5,16.5,12402,0.03058938963821316,0.08734656403841176,0.014170414604628869,0.04527670414623994
-4.5,16.5,12403,0.02761285254616745,0.07748291264302185,0.013291806236531112,0.0414223150042556
-3.5,16.5,12404,0.01649022567984761,0.0529291312901146,0.011030755302787361,0.0313787673034666
-2.5,16.5,12405,0.014924992731985637,0.054638760591919786,0.010265256390030906,0.03139377877743293
-1.5,16.5,12406,0.016057476199665535,0.0596589165304906,0.01583047975582319,0.053971813613141455
-0.5,16.5,12407,0.01663068374355434,0.061660012030419674,0.015725898173012325,0.02639917761668951
0.5,16.5,12408,0.017458882182923616,0.047508252809594136,0.012000885827360362,0.026403356050774814
1.5,16.5,12409,0.01733742350604225,0.09626807960040581,0.0157617646493299,0.02468766408965062
2.5,16.5,12410,0.017586934938884035,0.05560514077517049,0.01622185238075599,0.03210829436888413
3.5,16.5,12411,0.018693870746394167,0.05705407726763914,0.0300374778242095,0.049855048967270256
4.5,16.5,12412,0.02022797929535837,0.05884600465694148,0.02411265915474433,0.047402817735658166
5.5,16.5,12413,0.017700576569556915,0.052068142399477914,0.03202384663631251,0.033172492264773853
6.5,16.5,12414,0.019223546514999284,0.05036627317473572,0.03701444291385079,0.03545195800603506
7.5,16.5,12415,0.016969147605879028,0.048981492207142374,0.0333198910478598,0.04823919403744688
8.5,16.5,12416,0.019081567014349415,0.03886164045296429,0.046879942126348946,0.036472007678820896
9.5,16.5,12417,0.019392057717899612,0.04255241635264592,0.051023200013364425,0.03827325252493382
10.5,16.5,12418,0.01817728953143536,0.06503830813738738,0.08172042426692544,0.04644462596121835
11.5,16.5,12419,0.014373486198372767,0.02916180039472926,0.05299219735934894,0.03461306500830679
12.5,16.5,12420,0.012919869216783323,0.027808076899844273,0.048501864144309084,0.027284703949504635
13.5,16.5,12421,0.011765342778177463,0.04071242667502441,0.03023618805036757,0.022090973516657474
14.5,16.5,12422,0.010122433391262937,0.06495985533987789,0.038135097676988645,0.01980391838989777
15.5,16.5,12423,0.010159303508026959,0.07935213449311511,0.03470099550144251,0.023121976322424583
16.5,16.5,12424,0.009688926813150629,0.030322081125541616,0.02682233984127575,0.019025138186220165
17.5,16.5,12425,0.008441673158064942,0.02713665712763067,0.03715007983258588,0.017388302348241236
18.5,16.5,12426,0.008866640105875028,0.023699101525454003,0.018051161143579637,0.013840268822279638
19.5,16.5,12427,0.010605317984235836,0.02509096903691347,0.018249985030128587,0.01942150646148115
20.5,16.5,12428,0.009421737666594933,0.01903031548420632,0.020002026818229837,0.018732714297985186
21.5,16.5,12429,0.006065061625697483,0.014529095954176145,0.013678411274639054,0.011673128766095298
22.5,16.5,12430,0.007825503416542319,0.009353997426545305,0.013356829103643879,0.00975933666690722
23.5,16.5,12431,0.009433447397537138,0.009300974443766343,0.00889612026506274,0.007913539340028869
24.5,16.5,12432,0.011518579929647534,0.010560232572174415,0.007562119139560351,0.008262168276446252
25.5,16.5,12433,0.011402790524589137,0.010283874394880278,0.0077139906002988284,0.0074407145084895146
26.5,16.5,12434,0.01204305724826213,0.009173926935298041,0.0099298709190405,0.00837910629870256
27.5,16.5,12435,0.010545192382745292,0.008337292849635537,0.0060295499210997255,0.007584189501871262
28.5,16.5,12436,0.008963908226844515,0.00820290604816601,0.007770314638581475,0.009337353481273644
29.5,16.5,12437,0.008833913796046089,0.008120113519769502,0.007367369098395027,0.00802407491577155
30.5,16.5,12438,0.008563464585318033,NA,NA,0.008937429867604338
31.5,16.5,12439,0.007015624479966343,NA,NA,0.006518945030310205
32.5,16.5,12440,0.00777512122930201,NA,NA,0.006526376307278171
33.5,16.5,12441,0.006455044882291677,NA,NA,0.00643844485906842
34.5,16.5,12442,0.006535662095373016,NA,NA,0.006427369642464379
35.5,16.5,12443,0.006216275024779373,NA,NA,0.0067771458707342296
36.5,16.5,12444,0.006130212447551374,NA,NA,0.005824021784852925
37.5,16.5,12445,0.005673847900345559,NA,NA,0.0057903838715966105
38.5,16.5,12446,0.006536903578726156,NA,NA,0.0056500153363619465
39.5,16.5,12447,0.0058704736071912185,NA,NA,0.0049455899549277925
40.5,16.5,12448,0.005545995932915318,NA,NA,NA
41.5,16.5,12449,0.0045818236917226345,NA,NA,NA
42.5,16.5,12450,0.0045818236917226345,NA,NA,NA
43.5,16.5,12451,0.004003980575421337,NA,NA,NA
44.5,16.5,12452,0.004644832272492636,NA,NA,NA
45.5,16.5,12453,0.00465957387801659,NA,NA,NA
46.5,16.5,12454,0.004125615199805217,NA,NA,NA
47.5,16.5,12455,0.004720929075821899,NA,NA,NA
48.5,16.5,12456,0.004720929075821899,NA,NA,NA
49.5,16.5,12457,0.004688003500809591,NA,NA,NA
50.5,16.5,12458,0.004760623477988801,NA,NA,0.004782889636157609
51.5,16.5,12459,0.0047323657254695105,NA,NA,0.004443390448827033
52.5,16.5,12460,0.005415791948201911,NA,NA,0.0042634797441093225
53.5,16.5,12461,0.004686026458237716,NA,NA,0.005051634413853528
54.5,16.5,12462,0.00485496921121336,NA,NA,0.006120262799915959
55.5,16.5,12463,0.004942115241701403,NA,NA,0.005619905465070796
56.5,16.5,12464,0.005137666014971569,NA,NA,0.006616427233391904
57.5,16.5,12465,0.004812327667149129,NA,NA,0.005819422298439565
58.5,16.5,12466,0.006394698534571564,NA,NA,0.005631830992669054
59.5,16.5,12467,0.006194740655100766,NA,NA,0.005350054954728346
60.5,16.5,12468,0.00651014534355875,NA,NA,NA
61.5,16.5,12469,0.013622792587283246,NA,NA,NA
62.5,16.5,12470,0.005158845165898969,NA,NA,NA
63.5,16.5,12471,0.006250703969060995,NA,NA,NA
64.5,16.5,12472,0.005461869287721859,NA,NA,NA
65.5,16.5,12473,0.007092015811306252,NA,NA,NA
66.5,16.5,12474,0.00697696799122284,NA,NA,NA
67.5,16.5,12475,0.005002914987946546,NA,NA,NA
68.5,16.5,12476,0.005924072950823273,NA,NA,NA
69.5,16.5,12477,0.008776042542173564,NA,NA,NA
70.5,16.5,12478,0.007400275266739635,0.004914918570631148,NA,NA
71.5,16.5,12479,0.009959984617630941,0.006481005862878506,NA,NA
72.5,16.5,12480,0.006054505964746416,0.00845191372793598,NA,NA
73.5,16.5,12481,0.005840921243964357,0.009583772082409812,NA,NA
74.5,16.5,12482,0.009037296031097063,0.010804766226275646,NA,NA
75.5,16.5,12483,0.0065737986079452285,0.0121819861750126,NA,NA
76.5,16.5,12484,0.006754091260061014,0.0084540747889359745,NA,NA
77.5,16.5,12485,0.008080929729514299,0.00841407397430172,NA,NA
78.5,16.5,12486,0.008677077123552097,0.009686533843295018,NA,NA
79.5,16.5,12487,0.009448510066345292,0.008017104849688013,NA,NA
80.5,16.5,12488,0.0026855506624918445,0.0020610383693493764,NA,NA
-124.5,17.5,12489,0.0036128884283187493,NA,NA,0.0034427148887900385
-123.5,17.5,12490,0.004325238050648058,NA,NA,0.004045384923742241
-122.5,17.5,12491,0.004535112981787227,NA,NA,0.0048783522492129704
-121.5,17.5,12492,0.00816012789400103,NA,NA,0.006667895384863932
-120.5,17.5,12493,0.007222547989548649,NA,NA,0.009837458511144469
-96.5,17.5,12507,0.005895927288026699,NA,NA,NA
-95.5,17.5,12508,0.015382006291847966,NA,NA,NA
-94.5,17.5,12509,0.015731626854175822,NA,NA,NA
-93.5,17.5,12510,0.020952508900515775,NA,NA,NA
-92.5,17.5,12511,0.012963696162822138,NA,NA,NA
-91.5,17.5,12512,0.009405336678448853,NA,NA,NA
-90.5,17.5,12513,0.010661845583893,NA,NA,NA
-89.5,17.5,12514,0.012690962882630448,NA,NA,NA
-88.5,17.5,12515,0.012678267862638367,NA,NA,NA
-87.5,17.5,12516,0.013474866976354773,NA,NA,NA
-86.5,17.5,12517,0.011073134401357718,NA,NA,NA
-85.5,17.5,12518,0.0017012910724916292,NA,NA,NA
-69.5,17.5,12522,0.003942823507196966,0.011419253952824913,0.01090825949723531,0.014342094314935784
-68.5,17.5,12523,0.005045183033839168,0.009062810728569553,0.009588716698290783,0.015000469227739772
-67.5,17.5,12524,0.0050081352791957415,0.010547272042235975,0.017003382011094737,0.012587135894397437
-66.5,17.5,12525,0.0056753186168632,0.015483138956505117,0.024940616553765494,0.012952927352183136
-65.5,17.5,12526,0.007938133858385087,0.021333546162885568,0.03710589923136512,0.0143141186740841
-64.5,17.5,12527,0.00818401904623983,0.021586686459433707,0.03274444136885975,0.01698218840967701
-63.5,17.5,12528,0.010229300989898932,0.026231308021001893,0.03947004028766853,0.02045433774304357
-62.5,17.5,12529,0.015388926381358064,0.03392648473325503,0.03396264734058516,0.02380827549939423
-61.5,17.5,12530,0.01140368319348679,0.031848071123863855,0.03466022816218282,0.02789022150652017
-60.5,17.5,12531,0.010029127788749637,0.02744006336304479,0.02363944029916903,0.026153586154467782
-57.5,17.5,12532,0.04213308101961832,0.07102218515572178,0.014275435939711997,0.02571949465686749
-56.5,17.5,12533,0.0718264814476322,0.3751278201585315,0.06442859497064486,0.07777863898224255
-55.5,17.5,12534,0.05540028385247662,0.32947106039957935,0.07310006758282786,0.06232832397668584
-54.5,17.5,12535,0.07405749000404493,0.47731385603200155,0.050698621259839725,0.08831693204898255
-53.5,17.5,12536,0.07658168135526776,0.46803817961413763,0.07484024998539178,0.0597295113324069
-52.5,17.5,12537,0.07132885000541064,0.44302293282879995,0.08603893184332768,0.07042669394425631
-51.5,17.5,12538,0.07200271500872883,0.4587273830761597,0.051196179298240725,0.07104759581747026
-50.5,17.5,12539,0.07509385714977625,0.42351015138930986,0.04503526130850827,0.05630217296775702
-49.5,17.5,12540,0.10532105390282677,0.6152717674168106,0.0528971114436912,0.06820635159243708
-48.5,17.5,12541,0.10958081155779324,0.5786343479152662,0.045362783619224245,0.06127208949370479
-47.5,17.5,12542,0.07931022557840364,0.3025197280200448,0.024611450502672265,0.03461649991349138
-46.5,17.5,12543,0.12444554250351543,0.579696720390758,0.09136781295217054,0.05555319695479249
-45.5,17.5,12544,0.11221085822530849,0.5458347155739609,0.18366624991437186,0.07098363594735778
-44.5,17.5,12545,0.12606997757211094,0.49171096703170597,0.1415504528362783,0.06726157427007264
-43.5,17.5,12546,0.12221115456139352,0.4221666448432571,0.23341959619865865,0.07312292129514647
-42.5,17.5,12547,0.15322426249662205,0.42798875872738384,0.1983902458150524,0.06917541248527988
-41.5,17.5,12548,0.10921084737388514,0.4232651708180224,0.31129600739146,0.08912170410463932
-40.5,17.5,12549,0.11372027860255994,0.5508039639591062,0.4896233074440059,0.11864274097744228
-39.5,17.5,12550,0.10767257331662608,0.4121033180638056,0.5359392157483547,0.1362706970850311
-38.5,17.5,12551,0.11009869763318988,0.44046525287947,0.5865115844572929,0.1292178309705962
-37.5,17.5,12552,0.08724405868432296,0.2221776331348968,0.5365432832486643,0.11156828423048679
-36.5,17.5,12553,0.07968686353171915,0.187401390497474,0.3957534988050672,0.12780406235442732
-35.5,17.5,12554,0.08941850278447955,0.2467499398872607,0.17490769382733698,0.12754896571038704
-34.5,17.5,12555,0.12866228127330348,0.21541182860640004,0.10348674140413676,0.14155095833056894
-33.5,17.5,12556,0.13002905197404593,0.261147237962883,0.22967343222842995,0.12729332961501388
-32.5,17.5,12557,0.20954342528796452,0.32173109501168484,0.2091168478288584,0.16918297762520998
-31.5,17.5,12558,0.15536383114111352,0.14492322161773627,0.09857930909567555,0.08005193752459833
-30.5,17.5,12559,0.1904312515519929,0.26026657008788207,0.17918220253215283,0.11593875646322463
-29.5,17.5,12560,0.1405977253958621,0.21908018183000777,0.12339853504023571,0.08785794962029253
-28.5,17.5,12561,0.12899665082520193,0.20912314939497204,0.15064444657055934,0.10004441314286598
-27.5,17.5,12562,0.14981435130542975,0.19140862109971238,0.13999030301731852,0.10120425386057393
-26.5,17.5,12563,0.14354122187937524,0.1992172159923957,0.14839539906607516,0.08644738709860605
-25.5,17.5,12564,0.13012090210859492,0.24963637848017592,0.14983846038705786,0.06707480967224395
-24.5,17.5,12565,0.13899381707251993,0.20370387636546053,0.10427396929217357,0.07437522724546462
-23.5,17.5,12566,0.1368276534979242,0.1503722020742842,0.1517647939164721,0.07111485480585703
-22.5,17.5,12567,0.14723533799590507,0.1869419196802985,0.108910737721088,0.07363720759759851
-21.5,17.5,12568,0.12582837264566774,0.23140108281360183,0.12922956032738073,0.07259181226748707
-20.5,17.5,12569,0.13821966948421613,0.18039469252152085,0.08496190588997886,0.07322133018117714
-19.5,17.5,12570,0.14696121856522185,0.2739741571425636,0.09516231666787457,0.0837949174255683
-18.5,17.5,12571,0.15075927920997875,0.23663433695519762,0.10786414388240308,0.14245730881431728
-17.5,17.5,12572,0.11616038537557606,0.29721811208583243,0.09783682109936359,0.12871251401367897
-16.5,17.5,12573,0.10405605690518775,0.28177031638137384,0.08715699864143905,0.08252675478789367
-15.5,17.5,12574,0.10497099647740996,0.2635103787986119,0.08958854850322234,0.06405415387250817
-14.5,17.5,12575,0.11444208029550425,0.25858799592786064,0.0940543151166731,0.06608370442300723
-13.5,17.5,12576,0.11169751426122607,0.2709160596527334,0.05657572422218965,0.08547577226133908
-12.5,17.5,12577,0.11202532560341268,0.3586684398471906,0.05929810908770041,0.11279131974056344
-11.5,17.5,12578,0.12158143959991513,0.27975905958372227,0.08200475886503998,0.09658559436391499
-10.5,17.5,12579,0.08541422028987404,0.22143626593083357,0.10143494922542157,0.0938442386705405
-9.5,17.5,12580,0.05112510056713163,0.10420309682035109,0.02120906290503687,0.06120327691360455
-8.5,17.5,12581,0.03372356735390929,0.0957962789762402,0.010561681217343955,0.048034109184439726
-7.5,17.5,12582,0.032083892282650336,0.06793495309520613,0.009844470409294774,0.04120527254742814
-6.5,17.5,12583,0.021570286037239563,0.07994477224047301,0.011131762349618055,0.045875762896320636
-5.5,17.5,12584,0.017836414032834383,0.07253686224862056,0.01020415569166404,0.04110376917536361
-4.5,17.5,12585,0.015242462296697689,0.0526820194227528,0.008516367074317618,0.03574951453848661
-3.5,17.5,12586,0.016363932291241046,0.05576327899202685,0.016264750222257086,0.03226989963457024
-2.5,17.5,12587,0.015730612183354337,0.055640198096474414,0.015551409597083413,0.024400794588858906
-1.5,17.5,12588,0.014220716154717435,0.05352057465805834,0.011579497058053646,0.033997826569567714
-0.5,17.5,12589,0.017719870314377613,0.06630966607397468,0.013691434717248136,0.03799733310195724
0.5,17.5,12590,0.018289717423913672,0.06562786872508751,0.014879746524427863,0.024830119102393505
1.5,17.5,12591,0.0167002376343799,0.0649609291090997,0.011048911339009504,0.03152732878426367
2.5,17.5,12592,0.015665110957314037,0.03653502833401214,0.011083836992260197,0.020222691944768532
3.5,17.5,12593,0.01685272997245499,0.037727922701086374,0.008967698161374434,0.0247714182939147
4.5,17.5,12594,0.018573267874201545,0.052153425069163484,0.013479160484272897,0.030696186290217035
5.5,17.5,12595,0.020162559607033552,0.06449840638108417,0.015105312490918081,0.03880963398979195
6.5,17.5,12596,0.018565125410642168,0.05894733028420006,0.016808760988496114,0.03317319512616422
7.5,17.5,12597,0.018713976111254204,0.05765563929867408,0.017749198012126034,0.0344269958427417
8.5,17.5,12598,0.01761092648289973,0.05337176873006763,0.019541861706537184,0.051918944632905896
9.5,17.5,12599,0.01820495269001862,0.05232953479259095,0.03535511657093532,0.068407014099148
10.5,17.5,12600,0.01840360948323793,0.043189124090919837,0.016498823744273194,0.03194832171150939
11.5,17.5,12601,0.017495772252344704,0.04214307218423243,0.017367073652803783,0.03919489358727646
12.5,17.5,12602,0.01728351318127299,0.04404002752903109,0.013625922795617055,0.03900787375679838
13.5,17.5,12603,0.014458893266356274,0.04647765339222502,0.013296175447071531,0.034801919677971
14.5,17.5,12604,0.015574109791702543,0.04086318406478745,0.03317163709930548,0.023838995624893132
15.5,17.5,12605,0.014336873805210289,0.032042236676687104,0.027380370187895558,0.023980105414072795
16.5,17.5,12606,0.013527129852928256,0.029356583598942783,0.03706921767384849,0.024031185439701005
17.5,17.5,12607,0.01922254462803248,0.04412193465777582,0.044438242195637544,0.038020214571108685
18.5,17.5,12608,0.01093640430810872,0.04704997050611044,0.033021463990520146,0.016469419669529205
19.5,17.5,12609,0.010673193365586984,0.027680081835594415,0.028977968051635782,0.020830153003035153
20.5,17.5,12610,0.00948957091766842,0.025467608173632257,0.032952699270820174,0.020876147842598048
21.5,17.5,12611,0.009782903564667775,0.026500956356017322,0.03325135677414451,0.02224455486327851
22.5,17.5,12612,0.009694152293006884,0.016129457437930535,0.027604588625468975,0.012233137397667635
23.5,17.5,12613,0.010037264917569802,0.01632275244523105,0.03111229102271846,0.012722888725079528
24.5,17.5,12614,0.008660532188623771,0.009990036540088874,0.020420813522637308,0.01290676437158605
25.5,17.5,12615,0.006343971876766338,0.009075488893943889,0.024532276352371395,0.011681531375519805
26.5,17.5,12616,0.007357338667989515,0.01023117048404692,0.01684739640016606,0.010290825612446805
27.5,17.5,12617,0.00805921739678449,0.007406405997865284,0.01672258332840115,0.010566111190883036
28.5,17.5,12618,0.007759439509338582,0.007156980220360903,0.01478716684106114,0.01116638566243485
29.5,17.5,12619,0.007648229117264607,0.007144140737134352,0.011958776556319538,0.010484244588813797
30.5,17.5,12620,0.007648229117264607,NA,NA,0.009263885158106422
31.5,17.5,12621,0.006943110091124268,NA,NA,0.00771677342697947
32.5,17.5,12622,0.006503017494153352,NA,NA,0.006025067840087606
33.5,17.5,12623,0.006418509902037641,NA,NA,0.005980686051222544
34.5,17.5,12624,0.005996677021578062,NA,NA,0.005693629788406451
35.5,17.5,12625,0.0052998440388568185,NA,NA,0.005693629788406451
36.5,17.5,12626,0.0060015096127983445,NA,NA,0.0067783780587272685
37.5,17.5,12627,0.006691453997076502,NA,NA,0.00676412798543302
38.5,17.5,12628,0.005308802709488796,NA,NA,0.005718135141334683
39.5,17.5,12629,0.004484712026302,NA,NA,0.005747901361452372
40.5,17.5,12630,0.01167012449417659,NA,NA,NA
41.5,17.5,12631,0.004372887574839302,NA,NA,NA
42.5,17.5,12632,0.004927713397094519,NA,NA,NA
43.5,17.5,12633,0.004515245837304126,NA,NA,NA
44.5,17.5,12634,0.004515245837304126,NA,NA,NA
45.5,17.5,12635,0.004573994260695948,NA,NA,NA
46.5,17.5,12636,0.00460049766277995,NA,NA,NA
47.5,17.5,12637,0.00460049766277995,NA,NA,NA
48.5,17.5,12638,0.004697720324335556,NA,NA,NA
49.5,17.5,12639,0.004634193813353258,NA,NA,NA
50.5,17.5,12640,0.004772895429056966,NA,NA,0.006092679524009191
51.5,17.5,12641,0.004618665347092441,NA,NA,0.005909032627272354
52.5,17.5,12642,0.005120236079530155,NA,NA,0.007439736428835329
53.5,17.5,12643,0.005260648369369982,NA,NA,0.006857728096774748
54.5,17.5,12644,0.005483904972275661,NA,NA,0.006896914853867063
55.5,17.5,12645,0.00565853824660111,NA,NA,0.008787846911428272
56.5,17.5,12646,0.005464841506171594,NA,NA,0.006680412499237448
57.5,17.5,12647,0.005964070317409592,NA,NA,0.006941133514226153
58.5,17.5,12648,0.007083748761013559,NA,NA,0.008027940773558435
59.5,17.5,12649,0.006836582282667539,NA,NA,0.006296027895364512
60.5,17.5,12650,0.007383940130621812,NA,NA,NA
61.5,17.5,12651,0.007688961280695209,NA,NA,NA
62.5,17.5,12652,0.007585626967536325,NA,NA,NA
63.5,17.5,12653,0.00783901951970519,NA,NA,NA
64.5,17.5,12654,0.0077631387797337074,NA,NA,NA
65.5,17.5,12655,0.005138467166844465,NA,NA,NA
66.5,17.5,12656,0.005957840759487961,NA,NA,NA
67.5,17.5,12657,0.005802680802990686,NA,NA,NA
68.5,17.5,12658,0.005700017539626858,NA,NA,NA
69.5,17.5,12659,0.008123106363434182,NA,NA,NA
70.5,17.5,12660,0.011608331474311132,0.017184232239860098,NA,NA
71.5,17.5,12661,0.016941858545778673,0.02039827551877727,NA,NA
72.5,17.5,12662,0.014596717478997576,0.01727302502019626,NA,NA
73.5,17.5,12663,0.011057766057916007,0.02408333825606722,NA,NA
74.5,17.5,12664,0.01020640127885787,0.024534289261777514,NA,NA
75.5,17.5,12665,0.010244761854913534,0.022061446980032748,NA,NA
76.5,17.5,12666,0.009370555373451776,0.013136672387176375,NA,NA
77.5,17.5,12667,0.005396770839888772,0.009983354127179867,NA,NA
78.5,17.5,12668,0.004015191831684043,0.004803353134378699,NA,NA
-122.5,18.5,12669,0.007396873144062806,NA,NA,0.012485842713089335
-121.5,18.5,12670,0.005874362314747944,NA,NA,0.007674326887441506
-120.5,18.5,12671,0.008001178120342123,NA,NA,0.006638615622063538
-95.5,18.5,12685,0.008570951968392825,NA,NA,NA
-94.5,18.5,12686,0.014898877933727983,NA,NA,NA
-93.5,18.5,12687,0.017936895740641414,NA,NA,NA
-92.5,18.5,12688,0.009891628069077854,NA,NA,NA
-91.5,18.5,12689,0.009750645564853519,NA,NA,NA
-90.5,18.5,12690,0.00935110320099125,NA,NA,NA
-89.5,18.5,12691,0.010615157745878437,NA,NA,NA
-88.5,18.5,12692,0.010886830733112257,NA,NA,NA
-87.5,18.5,12693,0.010603975769276328,NA,NA,NA
-86.5,18.5,12694,0.012570499178432257,NA,NA,NA
-69.5,18.5,12698,0.001861456694178504,0.007715089623050416,0.004126733431169662,0.0032889668167983303
-68.5,18.5,12699,0.004335227322091898,0.015618363438479423,0.015735542359516772,0.009448163965964495
-67.5,18.5,12700,0.004790817590900338,0.009919139218314785,0.010474566575119689,0.012906922205430766
-66.5,18.5,12701,0.004931443204312466,0.008679301027887604,0.020033340231919865,0.01806463910985015
-65.5,18.5,12702,0.006951858139319744,0.012741965092597726,0.03329768734808209,0.014672907430476861
-64.5,18.5,12703,0.007679169988072229,0.018126695839419175,0.043340509969512844,0.017901912372179515
-63.5,18.5,12704,0.007897534815003984,0.01999765450006316,0.036783358641541766,0.031158243314197857
-62.5,18.5,12705,0.008761185439706392,0.02448390539157292,0.04037093474513483,0.033977730693229825
-61.5,18.5,12706,0.009052710559914275,0.02384430545040838,0.02377457753015342,0.03674090146890813
-60.5,18.5,12707,0.008028028948756788,0.02845639289608162,0.023178925636260374,0.05881140329691725
-59.5,18.5,12708,0.008935345332196792,0.014636782005735456,0.012823521205513902,0.014388742191548839
-58.5,18.5,12709,0.019626403517753525,0.01712271913530518,0.012039820294112706,0.035016469357623446
-57.5,18.5,12710,0.04947638483443024,0.18674768215803506,0.029104074315330603,0.038719754730194574
-56.5,18.5,12711,0.06094912862862285,0.38682326417833846,0.10396726093702544,0.07384162242320587
-55.5,18.5,12712,0.03733347429051151,0.478243239480401,0.09741130394325725,0.06994614938537938
-54.5,18.5,12713,0.03903643253423358,0.5239787447577925,0.05273181090551952,0.07045384281986689
-53.5,18.5,12714,0.033136476749546444,0.40500680382332727,0.05521015457582378,0.05978512584212566
-52.5,18.5,12715,0.033531672688337844,0.4376738638179477,0.07274741669302436,0.0535894355705245
-51.5,18.5,12716,0.029563281354885656,0.3668909013179503,0.04371497866104099,0.05520771831527167
-50.5,18.5,12717,0.037852604492771835,0.37926895300913216,0.04502033735626321,0.08333616436770128
-49.5,18.5,12718,0.028244934426339196,0.30418131762229283,0.043206786045919515,0.03785967428516984
-48.5,18.5,12719,0.03889895936307204,0.2672963830059972,0.04936829081330263,0.05737174215425238
-47.5,18.5,12720,0.04077625121430477,0.3997094964952007,0.05687285275414028,0.06832686926914461
-46.5,18.5,12721,0.02853372236270309,0.21920060438630168,0.04730630267583053,0.03992302543716485
-45.5,18.5,12722,0.09264991987852753,0.5417959307353261,0.08643128823425533,0.05535351884096641
-44.5,18.5,12723,0.06702534292744416,0.549998197452728,0.22244417439150505,0.061857939931589376
-43.5,18.5,12724,0.08059417979940463,0.4459592676411171,0.23595385655653217,0.056833252922380444
-42.5,18.5,12725,0.0770773068785162,0.44860287947209726,0.173873230432328,0.08388484080492013
-41.5,18.5,12726,0.08161274716021172,0.46765165537956793,0.21750125955439573,0.08308504448852046
-40.5,18.5,12727,0.09519965574017063,0.5801051624807269,0.4443741898467427,0.09466713673049179
-39.5,18.5,12728,0.09521563536968972,0.5308987527260354,0.48176539498046783,0.08161340536618111
-38.5,18.5,12729,0.12690028650508792,0.44972482900715094,0.34315564901806117,0.09152572119685468
-37.5,18.5,12730,0.11254412872671864,0.3021700822474848,0.30514792695216114,0.09335456490130452
-36.5,18.5,12731,0.09964470074769434,0.331286031611879,0.4621419762069782,0.09269987567315206
-35.5,18.5,12732,0.11235138475265852,0.3006119232186033,0.31471315111389125,0.09672175637164297
-34.5,18.5,12733,0.12502167366461878,0.2961652561723242,0.18156486236972386,0.10329674166188946
-33.5,18.5,12734,0.10598057721817229,0.234254218344987,0.14492738108654452,0.10335430656262362
-32.5,18.5,12735,0.1302459953057041,0.32844434873988454,0.38329639164711876,0.11234874321940891
-31.5,18.5,12736,0.17451074276972495,0.3754454545750426,0.4599016844990233,0.12099312168655879
-30.5,18.5,12737,0.13359548683995248,0.3135047831859188,0.17030604107550926,0.1152499373939495
-29.5,18.5,12738,0.15612380988521263,0.30168675112750154,0.22168615452780602,0.1369103743318449
-28.5,18.5,12739,0.14913773351419118,0.295493697994184,0.1702649848519644,0.09565161628228533
-27.5,18.5,12740,0.16178845472120898,0.25466740163297363,0.19675381909069248,0.10391167640300492
-26.5,18.5,12741,0.18661035668787412,0.35305628182201365,0.11901926273370622,0.10054246741579526
-25.5,18.5,12742,0.19377515604289514,0.2754258801576984,0.11159804323831947,0.09869469465860886
-24.5,18.5,12743,0.11043130839126192,0.21669033929268988,0.1017867084097343,0.07541997133627873
-23.5,18.5,12744,0.130626673173703,0.3087035590836869,0.059514450190195536,0.07781902418893556
-22.5,18.5,12745,0.12832009398881689,0.35719805920634895,0.06013352830933364,0.1259038982044825
-21.5,18.5,12746,0.13309792821846317,0.23713085218469204,0.08393912112387523,0.09459855308901453
-20.5,18.5,12747,0.143422937212769,0.27264770810306194,0.09066832525205239,0.08644495529819904
-19.5,18.5,12748,0.2337135004864584,0.4305216946729397,0.14284832615717066,0.19480298843287075
-18.5,18.5,12749,0.12068721108343412,0.23123315015985885,0.08103425758404736,0.09250258221684442
-17.5,18.5,12750,0.1275232309635606,0.3057438404261459,0.09183113333271287,0.08876102318185158
-16.5,18.5,12751,0.12739390063849854,0.3179709852553844,0.0774416482246094,0.10756059859201209
-15.5,18.5,12752,0.13982694512035937,0.3820331264990302,0.07908592259430143,0.07859430777189393
-14.5,18.5,12753,0.1591834213524276,0.3946335876910566,0.09148926313226395,0.10602589970910853
-13.5,18.5,12754,0.14225805699708613,0.3847617142527518,0.07585789367203154,0.08619211925315451
-12.5,18.5,12755,0.182439361911301,0.4008532793848485,0.10958770696078671,0.11509402819286402
-11.5,18.5,12756,0.15626578693533724,0.3658418154167403,0.10279936145188569,0.07255023140062242
-10.5,18.5,12757,0.10985652249310913,0.42620830467202575,0.07578603201418835,0.07902622124461588
-9.5,18.5,12758,0.04296399102962811,0.13557595297016228,0.023364838749737483,0.0584951788653803
-8.5,18.5,12759,0.02325303203771808,0.05728186048451359,0.011337397992940751,0.03467222899280567
-7.5,18.5,12760,0.031648623681562134,0.10876246690208284,0.032598528428871953,0.04140862969077941
-6.5,18.5,12761,0.029251085105256456,0.08169847091532292,0.02592757684233297,0.041412962465537946
-5.5,18.5,12762,0.024599460618492695,0.07059734314781223,0.014184549660336993,0.036644080947896854
-4.5,18.5,12763,0.02352776744584332,0.06949698344452535,0.02037248991239114,0.035973250822723145
-3.5,18.5,12764,0.03045276145119933,0.0935290021378786,0.012710384811856124,0.043563447107622826
-2.5,18.5,12765,0.031719960552642305,0.025939100855981653,0.012243570224546446,0.033022135511544266
-1.5,18.5,12766,0.04003044610141074,0.03840309967307722,0.010460914112450847,0.02752797584633474
-0.5,18.5,12767,0.017816612709279964,0.0357113116609807,0.015920270118571993,0.038237584148813696
0.5,18.5,12768,0.016146123274844618,0.017337406017768335,0.011552508687523397,0.02796555789918705
1.5,18.5,12769,0.014292353497828945,0.016615832980818788,0.008269527415638854,0.0216526167111952
2.5,18.5,12770,0.014173423863138343,0.02878255245354082,0.014086344813723261,0.03174782194037506
3.5,18.5,12771,0.012997217617034908,0.026127594506980895,0.010902852377074432,0.02877406485704837
4.5,18.5,12772,0.01553803526282917,0.022936685171335677,0.013311361701832433,0.03307282235473269
5.5,18.5,12773,0.014368524449386098,0.022386173961936838,0.010600678886608182,0.03175641919729594
6.5,18.5,12774,0.015934524277999514,0.02171796089755948,0.010743781857929256,0.030943785534997582
7.5,18.5,12775,0.01748919375008385,0.07438557985934982,0.014193375627551,0.03722957637715367
8.5,18.5,12776,0.019150490530017102,0.05941451360824086,0.014195827279032605,0.028856236017488664
9.5,18.5,12777,0.042331778263205826,0.03541454533287954,0.013530402455623645,0.03580074803705682
10.5,18.5,12778,0.046363692419103944,0.022355961500538483,0.015035701552392276,0.03873083358942536
11.5,18.5,12779,0.018776381192346536,0.05529255391563368,0.015850355351941285,0.040011184480497966
12.5,18.5,12780,0.01810087688678257,0.017815666921908252,0.015307474993054127,0.03833448550518297
13.5,18.5,12781,0.01886156457954924,0.059329462312224635,0.015064161577348962,0.028533998693663878
14.5,18.5,12782,0.01959089656670913,0.04655968910632728,0.01135102435458672,0.033029455796852174
15.5,18.5,12783,0.020545258430526944,0.05330212380956543,0.011593237936602817,0.03218144804550166
16.5,18.5,12784,0.016795157488312694,0.0546549893470573,0.010818989340463327,0.026751649750510698
17.5,18.5,12785,0.014801773851732232,0.052813747040133606,0.01366245834177454,0.020942790564099575
18.5,18.5,12786,0.011961106348346386,0.04617442795952253,0.0110359923312533,0.016838968102658572
19.5,18.5,12787,0.011874298009548331,0.04291759968397232,0.00854457404342299,0.018211079866721824
20.5,18.5,12788,0.017948452539867023,0.06335016141892012,0.008287798638681612,0.020842739085687224
21.5,18.5,12789,0.014473935835200473,0.04118201993996019,0.009164653537122022,0.02008585714412493
22.5,18.5,12790,0.010695830595779061,0.023886283700354664,0.007770788873344746,0.01706317690409973
23.5,18.5,12791,0.01260952405461172,0.026690127737082354,0.022245997509965695,0.014452013996009266
24.5,18.5,12792,0.0073619849700755574,0.009590966872279906,0.014903578821932165,0.010834232756530891
25.5,18.5,12793,0.007143974814725836,0.007914527515269245,0.014514292679946915,0.009764309945837036
26.5,18.5,12794,0.006044567795372114,0.007656037929277552,0.011372587335907885,0.006978261886220624
27.5,18.5,12795,0.010136573416622068,0.013720792135852606,0.03136619521030026,0.014863805597059595
28.5,18.5,12796,0.0097246714104912,0.016165278812293123,0.03287987237662833,0.018734376562198694
29.5,18.5,12797,0.009835843428000916,0.01054083251477663,0.019023430012087464,0.014818823301353177
30.5,18.5,12798,0.007350700653231219,NA,NA,0.013498023582282501
31.5,18.5,12799,0.008192162278349452,NA,NA,0.011935856858262461
32.5,18.5,12800,0.006350709414408202,NA,NA,0.008437083559331102
33.5,18.5,12801,0.00704590047879375,NA,NA,0.0073950782852792865
34.5,18.5,12802,0.006994051955296247,NA,NA,0.0073402398935513
35.5,18.5,12803,0.00679057927390093,NA,NA,0.007010514717153771
36.5,18.5,12804,0.007883964016728607,NA,NA,0.007113187119900499
37.5,18.5,12805,0.006400663212670279,NA,NA,0.00905886774908798
38.5,18.5,12806,0.006273054005004299,NA,NA,0.013066562455598622
39.5,18.5,12807,0.006273054005004299,NA,NA,0.00924652289111983
40.5,18.5,12808,0.006201930817202982,NA,NA,NA
41.5,18.5,12809,0.007325021692588511,NA,NA,NA
42.5,18.5,12810,0.005874387252874555,NA,NA,NA
43.5,18.5,12811,0.005804874802021067,NA,NA,NA
44.5,18.5,12812,0.005579255210759209,NA,NA,NA
45.5,18.5,12813,0.005575494699171509,NA,NA,NA
46.5,18.5,12814,0.005575494699171509,NA,NA,NA
47.5,18.5,12815,0.005555127629232865,NA,NA,NA
48.5,18.5,12816,0.0056320042649378186,NA,NA,NA
49.5,18.5,12817,0.005568049196898947,NA,NA,NA
50.5,18.5,12818,0.00593014417705679,NA,NA,0.012793032998814078
51.5,18.5,12819,0.006905072637513752,NA,NA,0.01467762727761007
52.5,18.5,12820,0.006768359055960716,NA,NA,0.01217294440949734
53.5,18.5,12821,0.00775979527780804,NA,NA,0.012110844928741897
54.5,18.5,12822,0.007850083905127859,NA,NA,0.012299929313262029
55.5,18.5,12823,0.007962904810414352,NA,NA,0.0114520841389802
56.5,18.5,12824,0.00938898818418374,NA,NA,0.011246770188726017
57.5,18.5,12825,0.0076804354442540496,NA,NA,0.011505395050264574
58.5,18.5,12826,0.011283174576604882,NA,NA,0.013788861685348241
59.5,18.5,12827,0.007037877216866243,NA,NA,0.009952147273064198
60.5,18.5,12828,0.007919686595645525,NA,NA,NA
61.5,18.5,12829,0.008132746314434053,NA,NA,NA
62.5,18.5,12830,0.010080105027371949,NA,NA,NA
63.5,18.5,12831,0.0072715344069540794,NA,NA,NA
64.5,18.5,12832,0.006483038852456829,NA,NA,NA
65.5,18.5,12833,0.006917035026551958,NA,NA,NA
66.5,18.5,12834,0.005788259816584652,NA,NA,NA
67.5,18.5,12835,0.006366138263800089,NA,NA,NA
68.5,18.5,12836,0.005116367534882564,NA,NA,NA
69.5,18.5,12837,0.0065513319788086,NA,NA,NA
70.5,18.5,12838,0.01105901501255232,0.03167909194932364,NA,NA
71.5,18.5,12839,0.01814633291966888,0.021072871190410295,NA,NA
72.5,18.5,12840,0.01959857043467055,0.018342049743221563,NA,NA
73.5,18.5,12841,0.014094834969853153,0.026776564698338553,NA,NA
74.5,18.5,12842,0.01254307367265958,0.022877366383026926,NA,NA
75.5,18.5,12843,0.005231830096371664,0.00721979664948499,NA,NA
-121.5,19.5,12844,0.006576943080801195,NA,NA,0.00899466308926646
-120.5,19.5,12845,0.004625030604169332,NA,NA,0.0057897695685460585
-94.5,19.5,12859,0.007894350024719981,NA,NA,NA
-93.5,19.5,12860,0.013032366479046348,NA,NA,NA
-92.5,19.5,12861,0.010763964450496266,NA,NA,NA
-91.5,19.5,12862,0.01042744039536814,NA,NA,NA
-90.5,19.5,12863,0.010121324774279858,NA,NA,NA
-89.5,19.5,12864,0.02098900918318639,NA,NA,NA
-88.5,19.5,12865,0.02799611524427942,NA,NA,NA
-87.5,19.5,12866,0.01738290236375449,NA,NA,NA
-86.5,19.5,12867,0.004755528969242452,NA,NA,NA
-68.5,19.5,12871,0.001767567078438352,0.005419049020841917,0.0019724074022019933,0.002944257411649268
-67.5,19.5,12872,0.004321719837851913,0.01215959575431876,0.009759139388000259,0.008270528084676255
-66.5,19.5,12873,0.00559722940335388,0.017173194579508628,0.010317853016774885,0.014043249458500896
-65.5,19.5,12874,0.005977919115972365,0.01277886191578673,0.011979576430155944,0.02659985707428815
-64.5,19.5,12875,0.004979818431527744,0.01180708627593411,0.01650019830130963,0.036713430177573766
-63.5,19.5,12876,0.005536039711204951,0.013115762578217397,0.01595181193290686,0.02139480094514627
-62.5,19.5,12877,0.008770317762476084,0.01834415852328763,0.023930888156407423,0.03267176285638731
-61.5,19.5,12878,0.010013153470715738,0.023207528843179656,0.015498758337646603,0.03390972309876844
-60.5,19.5,12879,0.00947391589064946,0.040133840236055936,0.0156163138842054,0.034334262368568486
-59.5,19.5,12880,0.011504951527953205,0.0810544248847273,0.018800043692169865,0.039126351205248204
-58.5,19.5,12881,0.024820890748831363,0.07411614389880859,0.020026009087068506,0.02512647584198133
-57.5,19.5,12882,0.06365412935790461,0.27814111411015946,0.05623080617775857,0.05836031750541492
-56.5,19.5,12883,0.026702254414719594,0.4620828964057681,0.06875251964778178,0.0826951183407738
-55.5,19.5,12884,0.042622824652603974,0.6760204822166772,0.06121206009578974,0.19385749774256172
-54.5,19.5,12885,0.03728056136089687,0.660558211069296,0.06485265224884963,0.18417339576730113
-53.5,19.5,12886,0.021898322976990132,0.5213953501251163,0.04253471589203371,0.11848861793847706
-52.5,19.5,12887,0.024455425008769998,0.48828091276746133,0.07092642376910176,0.23415573774497286
-51.5,19.5,12888,0.03233154016222193,0.6120137572824469,0.0679992563345546,0.06977600597602987
-50.5,19.5,12889,0.02453812414773797,0.48236181197829686,0.06581954947611106,0.05869426877808738
-49.5,19.5,12890,0.02442909284502438,0.5331709424165155,0.07109017732644271,0.0613183425981078
-48.5,19.5,12891,0.01827866383695071,0.35896239490320364,0.029699301605915544,0.03586642991437671
-47.5,19.5,12892,0.018337268326755484,0.21779376492372518,0.019439596783746627,0.034000694261260914
-46.5,19.5,12893,0.018126237781086834,0.22864785859132794,0.038306295069374226,0.03493705306101305
-45.5,19.5,12894,0.03810879416471094,0.6104046498264736,0.09983029223903533,0.06113527591373214
-44.5,19.5,12895,0.02612899112613814,0.47609652131623154,0.11128842783182617,0.051934075454625445
-43.5,19.5,12896,0.02723781642544717,0.4367299797246784,0.1327486690664757,0.0589828679266236
-42.5,19.5,12897,0.03846736759049916,0.36469458278277406,0.10562326827322428,0.06146777934492412
-41.5,19.5,12898,0.048320813331577166,0.39143229752657555,0.26029561335119145,0.08550884934238862
-40.5,19.5,12899,0.05411161911626159,0.40367682640334235,0.27175024540003395,0.1014581330683555
-39.5,19.5,12900,0.06138910078657315,0.4439509971148201,0.4483321473993358,0.09095307842606598
-38.5,19.5,12901,0.07011262811062066,0.35121780964808,0.4499037602488499,0.08089854599020845
-37.5,19.5,12902,0.06224031583005861,0.24479717682994592,0.3237454606110811,0.0779871566115074
-36.5,19.5,12903,0.06056956467497635,0.2757495879458523,0.3121731931155275,0.05983668160233376
-35.5,19.5,12904,0.061308478679960594,0.31501972654309435,0.576208862729897,0.08552882456440547
-34.5,19.5,12905,0.0645055622319061,0.2452498389557008,0.1400875938342891,0.06915724968234496
-33.5,19.5,12906,0.07214334857516741,0.2713078431294548,0.19016515014578195,0.07425880783871491
-32.5,19.5,12907,0.1008278451763851,0.3206055684009196,0.4581359205140549,0.09086613688011069
-31.5,19.5,12908,0.09927696000533,0.28970458381558817,0.22307582980112584,0.07149975330134668
-30.5,19.5,12909,0.07715570219221583,0.23669539878184295,0.25554381413634,0.09854751739786759
-29.5,19.5,12910,0.09856482637137637,0.21513371202953105,0.17490206351138327,0.0773263737068642
-28.5,19.5,12911,0.17575435897294855,0.29472506178850066,0.1992104829631237,0.13475971552172816
-27.5,19.5,12912,0.09323349013611215,0.3202880987916183,0.19406916693855306,0.09266669791981981
-26.5,19.5,12913,0.15617154626983817,0.26120375509816557,0.11720877213098545,0.0825609142305354
-25.5,19.5,12914,0.15073613997698102,0.37549375268453594,0.09247933301064848,0.10629624615016904
-24.5,19.5,12915,0.14158142885093794,0.305322519447564,0.11060517626477198,0.09648947344279508
-23.5,19.5,12916,0.09600886362297528,0.23568495365498687,0.09299870966535918,0.08476027366796783
-22.5,19.5,12917,0.10097588744039825,0.18276983312217004,0.07124722245315955,0.07265843339249273
-21.5,19.5,12918,0.0757409876646868,0.15482329414969512,0.07711814566904267,0.061285903667348304
-20.5,19.5,12919,0.07036994075704976,0.20117504851491239,0.07577543724558934,0.0537145106676229
-19.5,19.5,12920,0.07769042376451743,0.17289681153944023,0.0864633695900486,0.07831655004090872
-18.5,19.5,12921,0.07148481742447463,0.17144084295147882,0.08167865956939907,0.07773501337758629
-17.5,19.5,12922,0.05295324923033429,0.145247560315185,0.1250379810987159,0.08361213828530231
-16.5,19.5,12923,0.05491015122787846,0.15606422259578465,0.1049591236438304,0.09388708384415455
-15.5,19.5,12924,0.05067644531536142,0.16495412714658433,0.1136330047897835,0.09650600543747588
-14.5,19.5,12925,0.05216772455117568,0.2326259874286891,0.20055595979425023,0.1215289436463423
-13.5,19.5,12926,0.060797039705965554,0.43422002416072636,0.2864494459201852,0.14421637669268458
-12.5,19.5,12927,0.043981911545576735,0.17040868438114745,0.07899669020561578,0.1257324456759649
-11.5,19.5,12928,0.047858604297697525,0.14897369027715993,0.05823960020367302,0.12129499384864371
-10.5,19.5,12929,0.04130532450388917,0.2625887288445589,0.064062854101534,0.12181222341472271
-9.5,19.5,12930,0.02813941755504368,0.12202587619200224,0.03538415269882408,0.058758043634876064
-8.5,19.5,12931,0.02829384543623322,0.07854848810987297,0.021766356724417325,0.060319149429817163
-7.5,19.5,12932,0.025697534501118117,0.09093633883128617,0.024257119680668272,0.06944483244279874
-6.5,19.5,12933,0.02324161106511461,0.071805167885916385,0.017445725146082284,0.043127778924435735
-5.5,19.5,12934,0.013772129659015106,0.06379885926813593,0.023509320503009214,0.03239661692123524
-4.5,19.5,12935,0.01285697036771769,0.06216416097856103,0.02358496221132423,0.0395622828282181
-3.5,19.5,12936,0.012334023315758929,0.05793281537162486,0.028344582363512554,0.026778937227664626
-2.5,19.5,12937,0.01287631395015095,0.05096381644312507,0.020605615846503895,0.03715475286525283
-1.5,19.5,12938,0.012222125913295969,0.07196015662425578,0.026186910156436826,0.034694345420242995
-0.5,19.5,12939,0.013369099083931675,0.07199335808689294,0.01835430095452616,0.03455537492475037
0.5,19.5,12940,0.012258811110534451,0.07449079882955874,0.02398236943568737,0.021077625674828473
1.5,19.5,12941,0.01447482887699523,0.0490308541485627,0.017945937785163967,0.029331585213522884
2.5,19.5,12942,0.014514105121392102,0.03236594432056273,0.008002309904695378,0.031159624250563907
3.5,19.5,12943,0.02122793948609312,0.031566215385372166,0.009386316613280751,0.023660700257988762
4.5,19.5,12944,0.022748339928224906,0.036552908271416974,0.014809440954105744,0.03341496702351473
5.5,19.5,12945,0.02441730710420659,0.037642964584979906,0.013371376369042495,0.03737134729473187
6.5,19.5,12946,0.019832351656697934,0.02063066328858275,0.007693620133557599,0.0310170268369257
7.5,19.5,12947,0.0162358399914229,0.026612578289743796,0.00819029137552019,0.033022888298483655
8.5,19.5,12948,0.015798483040862177,0.07157531765331779,0.008039117409375907,0.03652003257953425
9.5,19.5,12949,0.0169704824557179,0.036501438279026424,0.009777743642764798,0.038498030900185734
10.5,19.5,12950,0.018127427841968715,0.043568018870849656,0.010852304704160924,0.034386545324969806
11.5,19.5,12951,0.01702995470769662,0.044949523087074346,0.012112069370874197,0.0346720758936683
12.5,19.5,12952,0.017212052221707193,0.04991350287146593,0.010830246264157213,0.039845328937083
13.5,19.5,12953,0.020337075238946952,0.05163036045131249,0.010443648689348212,0.03937804182894137
14.5,19.5,12954,0.02100847771066006,0.042821598258099496,0.0114440738545449,0.03607872962352901
15.5,19.5,12955,0.018708711969015978,0.041413192632609,0.011095396021748853,0.030046349715672327
16.5,19.5,12956,0.016683044921734592,0.04136697539204364,0.011219340957813193,0.022458898776557965
17.5,19.5,12957,0.017869942143715217,0.02684578009888155,0.010310425977043514,0.026630269722518946
18.5,19.5,12958,0.015978993710332852,0.021206496739937703,0.010173628917521356,0.020861347740948492
19.5,19.5,12959,0.01845036597621137,0.02046961799841938,0.010471573612226214,0.02688787948838941
20.5,19.5,12960,0.01329196503251224,0.016757629044989508,0.010929752611180538,0.020797544180259676
21.5,19.5,12961,0.015497463061680268,0.022649304863721877,0.01026768147222513,0.023049377510378655
22.5,19.5,12962,0.012811868907273014,0.025036109415662505,0.013954159705818361,0.020080350446538407
23.5,19.5,12963,0.016514754469544708,0.027952540584674047,0.012865163431178644,0.02583196975047128
25.5,19.5,12964,0.011931651302997568,0.013943924905377731,0.032847101802844975,0.015466770081428346
26.5,19.5,12965,0.005659539146022099,0.009261425072964116,0.015070660564528115,0.009632009417146174
27.5,19.5,12966,0.009004190735907905,0.03147037206148219,0.03597052240860055,0.013208611702482236
28.5,19.5,12967,0.012073994993936245,0.018095334901179757,0.042215734394216636,0.015540827620396965
29.5,19.5,12968,0.011392841066310794,0.019182084393636892,0.02958157254951329,0.018715142592158285
30.5,19.5,12969,0.011445957513767752,NA,NA,0.014683491374447473
31.5,19.5,12970,0.010890350193366162,NA,NA,0.015679079073804413
32.5,19.5,12971,0.008723348401521658,NA,NA,0.013550807643324439
33.5,19.5,12972,0.008604376443266268,NA,NA,0.013630644233009822
34.5,19.5,12973,0.008355733315392862,NA,NA,0.017734385403886308
35.5,19.5,12974,0.010933304684548397,NA,NA,0.013874050439778943
36.5,19.5,12975,0.007954604632971343,NA,NA,0.01188897499890781
37.5,19.5,12976,0.008011397987897217,NA,NA,0.011376520106824821
38.5,19.5,12977,0.008049209511812639,NA,NA,0.014493065675199958
39.5,19.5,12978,0.008049209511812639,NA,NA,0.015473246304563126
40.5,19.5,12979,0.0072192571543506,NA,NA,NA
41.5,19.5,12980,0.007219567453707956,NA,NA,NA
42.5,19.5,12981,0.008009102899152196,NA,NA,NA
43.5,19.5,12982,0.007828520545358823,NA,NA,NA
44.5,19.5,12983,0.007935069748739173,NA,NA,NA
45.5,19.5,12984,0.007950190537655697,NA,NA,NA
46.5,19.5,12985,0.007933803012055669,NA,NA,NA
47.5,19.5,12986,0.007977186730377334,NA,NA,NA
48.5,19.5,12987,0.007999856606083093,NA,NA,NA
49.5,19.5,12988,0.010278390386232867,NA,NA,NA
50.5,19.5,12989,0.010348149850889951,NA,NA,0.014439904061965131
51.5,19.5,12990,0.010144466889834055,NA,NA,0.023968384112331934
52.5,19.5,12991,0.010316110700716388,NA,NA,0.02054324461800172
53.5,19.5,12992,0.009304968900655582,NA,NA,0.02285634686702296
54.5,19.5,12993,0.007395921427236854,NA,NA,0.021856865692413414
55.5,19.5,12994,0.006906360233371772,NA,NA,0.027242237488731325
56.5,19.5,12995,0.006896309168409985,NA,NA,0.01646636767554323
57.5,19.5,12996,0.007294942102396527,NA,NA,0.012015269302579155
58.5,19.5,12997,0.007666894369479868,NA,NA,0.008614144609138046
59.5,19.5,12998,0.010143388791545197,NA,NA,0.008908490880679796
60.5,19.5,12999,0.010642517391387378,NA,NA,NA
61.5,19.5,13000,0.006798483896635041,NA,NA,NA
62.5,19.5,13001,0.007491571669279094,NA,NA,NA
63.5,19.5,13002,0.005106516313140569,NA,NA,NA
64.5,19.5,13003,0.004554734640001209,NA,NA,NA
65.5,19.5,13004,0.005201463288744495,NA,NA,NA
66.5,19.5,13005,0.005672985315043239,NA,NA,NA
67.5,19.5,13006,0.00457099077777112,NA,NA,NA
68.5,19.5,13007,0.006246634923412004,NA,NA,NA
69.5,19.5,13008,0.0078944303774509,NA,NA,NA
70.5,19.5,13009,0.01097299459808465,0.04534054692263661,NA,NA
71.5,19.5,13010,0.015710844799419543,0.030433169946527037,NA,NA
72.5,19.5,13011,0.009192671505190576,0.02167255387607943,NA,NA
73.5,19.5,13012,0.008815600483481286,0.013737540444156933,NA,NA
74.5,19.5,13013,0.005560303065647522,0.00486700584675178,NA,NA
-59.5,20.5,13044,0.011319679074286838,0.05707047533334365,0.014559617890191461,0.046577187356595745
-58.5,20.5,13045,0.023143879677637102,0.04489650366035911,0.013182878144682567,0.05559218098291602
-57.5,20.5,13046,0.028160352457416486,0.18302128138675242,0.03900628328793088,0.074921105725105
-56.5,20.5,13047,0.0263464274116298,0.45877382174703546,0.04114292505884314,0.0971328298083175
-55.5,20.5,13048,0.02740500178710294,0.6404310483939549,0.06090878028614639,0.1498005289479442
-54.5,20.5,13049,0.02285283808661241,0.3518463509751574,0.04351336670191405,0.12490925597701902
-53.5,20.5,13050,0.024005660357694313,0.506221593225514,0.04262219104535321,0.12242924030738533
-52.5,20.5,13051,0.01969785348826534,0.4514366803322069,0.029340921090053453,0.06432976768251454
-51.5,20.5,13052,0.01982775943731216,0.4817328763206857,0.05669474120845501,0.0814641200221663
-50.5,20.5,13053,0.03501941645390913,0.6455371349646037,0.06274868555779615,0.14374513912340103
-49.5,20.5,13054,0.031826167748844725,0.6623676946622861,0.096315065759244,0.14746068848058
-48.5,20.5,13055,0.027978816829417115,0.48313116070902146,0.03942714737900536,0.10982175026860701
-47.5,20.5,13056,0.033472936881558064,0.28914838830830314,0.035908476707468516,0.05761442510868885
-46.5,20.5,13057,0.016611413534355805,0.44101886603544727,0.04294769844008992,0.042821825211159716
-45.5,20.5,13058,0.022488639159478435,0.6920636766954533,0.06059511994027555,0.06156211858887838
-44.5,20.5,13059,0.02579810167479839,0.6913395618824986,0.08685751519811935,0.054069277825812216
-43.5,20.5,13060,0.026513189374691916,0.4326340885721351,0.10350655712060981,0.051290787115859
-42.5,20.5,13061,0.01926316074069714,0.48928643978500774,0.1055233017460902,0.07896851693503763
-41.5,20.5,13062,0.02154986698213896,0.455987809249758,0.18229336187514647,0.08751614937009321
-40.5,20.5,13063,0.020880477121886384,0.5218339971147631,0.2005551613833717,0.05628773911938533
-39.5,20.5,13064,0.01868760480848788,0.4582280027195442,0.4082367930853837,0.05121434180713378
-38.5,20.5,13065,0.01752368515891002,0.3161592544605585,0.3004922102824515,0.059181426772486445
-37.5,20.5,13066,0.020930359253495102,0.26774030292406603,0.23378045525644708,0.09399539069579643
-36.5,20.5,13067,0.02190985897331883,0.30956415012907906,0.23701155484437061,0.05698978921347338
-35.5,20.5,13068,0.02334306651849014,0.357494777625834,0.3859490928487623,0.07580626188912674
-34.5,20.5,13069,0.018935116808175587,0.1646958642125066,0.12400705202716933,0.058705469093898115
-33.5,20.5,13070,0.023989095432753415,0.2865762609175305,0.21877746841774087,0.059665861411054566
-32.5,20.5,13071,0.033121474018649136,0.3883733803009693,0.3153121836007731,0.06403692640818244
-31.5,20.5,13072,0.03748285321938253,0.36166570631333156,0.23892005624457194,0.08076335154811175
-30.5,20.5,13073,0.030083530512765074,0.27163150103330624,0.2290699660580804,0.056969860863084164
-29.5,20.5,13074,0.032723677941346105,0.27980011709044467,0.25664239724592014,0.0711794853387596
-28.5,20.5,13075,0.0379738680270569,0.36905765739080476,0.2476024510764871,0.10028672680361339
-27.5,20.5,13076,0.04358898042576138,0.34961506547578775,0.16736843915284702,0.09268516285756714
-26.5,20.5,13077,0.05501658778627003,0.38630806408411467,0.1661655383292589,0.09760229921158782
-25.5,20.5,13078,0.06692988128308282,0.47823380871147275,0.1207166864873144,0.09361156755210201
-24.5,20.5,13079,0.03355437166331859,0.1963334188639593,0.08806841384289195,0.059666817568432694
-23.5,20.5,13080,0.02548960187220758,0.0884553697674792,0.14057076372361796,0.03561690292185817
-22.5,20.5,13081,0.026876524417040526,0.10798156784703147,0.08129672438534143,0.050983173508014595
-21.5,20.5,13082,0.020033816876582365,0.11207340854857645,0.09829784687337419,0.04791885442623084
-20.5,20.5,13083,0.028130362467072626,0.15985507519850273,0.11561017201407336,0.053119513184566626
-19.5,20.5,13084,0.01978338959609525,0.15343452950323175,0.15744159406033842,0.04609408440746507
-18.5,20.5,13085,0.019383743729134765,0.1612951044187271,0.08575724617220815,0.04960082819009745
-17.5,20.5,13086,0.0178888183952712,0.17741595738510246,0.10634280955322503,0.04778261467032502
-16.5,20.5,13087,0.01626491060415193,0.12291941314345128,0.11789366012663857,0.0390549227997077
-15.5,20.5,13088,0.02596188127321346,0.10098087230656347,0.09697711566380703,0.04059785040729994
-14.5,20.5,13089,0.023246162276725574,0.14079714846315955,0.09133611296071292,0.05421890382075132
-13.5,20.5,13090,0.0308453471626728,0.11831110631455448,0.08929053946385017,0.0852773817505853
-12.5,20.5,13091,0.023408854461226737,0.13526529749590588,0.0895727532903512,0.09781535853272937
-11.5,20.5,13092,0.022172353002959937,0.11142828656588132,0.08015227371954989,0.07332988075931124
-10.5,20.5,13093,0.021871716337667227,0.1065851979123888,0.08840721330029466,0.07317742420476739
-9.5,20.5,13094,0.022046961196299335,0.08319509184712356,0.053921825001212106,0.07560018719001681
-8.5,20.5,13095,0.01298202746855157,0.07087097093918059,0.044387799849718135,0.062046266965977315
-7.5,20.5,13096,0.013370578084338322,0.05920362229298105,0.047421143089242807,0.05991337264997373
-6.5,20.5,13097,0.010036190072583141,0.03329392614391379,0.039560531448386685,0.044944888319335456
-5.5,20.5,13098,0.010523634224318878,0.06506248417949304,0.048827720150721995,0.03240296030791431
-4.5,20.5,13099,0.010006195687585857,0.04367830342635193,0.0394638560390652,0.032082809226136925
-3.5,20.5,13100,0.009676347495079568,0.04063756772864199,0.022849446185961922,0.028562627179764898
-2.5,20.5,13101,0.00962637202512048,0.05219636932327238,0.01730244429648316,0.0327095398633953
-1.5,20.5,13102,0.01169760217565907,0.05384375575764149,0.026365061236187405,0.02651765908879687
-0.5,20.5,13103,0.010754978564457602,0.04379366617114381,0.02654698086537382,0.03102116680003561
0.5,20.5,13104,0.009039846135337919,0.04880574139092483,0.036155406725291515,0.02494743962326544
1.5,20.5,13105,0.0097453392916147,0.035834450402900335,0.025611997417726073,0.029097580262367053
2.5,20.5,13106,0.01036958899147136,0.027817679303805517,0.024673467836854576,0.023236336994628726
3.5,20.5,13107,0.010390726545013088,0.03529571301900025,0.026652756183203466,0.02098551209054734
4.5,20.5,13108,0.01182884876750638,0.034933434642476856,0.026849534924006845,0.028051221644202828
5.5,20.5,13109,0.012962739951597675,0.06527378744890257,0.027964644304029118,0.030497448467341395
6.5,20.5,13110,0.012252262644619025,0.06163575644503716,0.023169414635791464,0.025774905766899316
7.5,20.5,13111,0.012278253603695728,0.0712691891466385,0.023381539245763475,0.02857624678467362
8.5,20.5,13112,0.014554490449830076,0.0812762249806404,0.02124484798610785,0.03606855365720352
9.5,20.5,13113,0.015602696223900918,0.05774709553822597,0.0168805315785789,0.04152790994411307
10.5,20.5,13114,0.011873641620115534,0.02039210402597325,0.028516405760021325,0.03305706431957601
11.5,20.5,13115,0.011674065371848587,0.025168777261426918,0.01128072321432933,0.03815461720231416
12.5,20.5,13116,0.013156031336915336,0.021057426520634984,0.011629669068845386,0.03802506797407404
13.5,20.5,13117,0.015426149265143326,0.03721683272303633,0.012216603373743787,0.04568351284438484
14.5,20.5,13118,0.0160154573214377,0.04335052796747529,0.013417664864214942,0.045567768962666254
15.5,20.5,13119,0.017798187003071345,0.04720670607155592,0.013649272112736779,0.03012033572009838
16.5,20.5,13120,0.020294832400560656,0.04865134660130211,0.013782739457851275,0.03169645312589658
17.5,20.5,13121,0.022670243558554026,0.05741047154326096,0.01579554928426511,0.03205543482189351
18.5,20.5,13122,0.01938135335414511,0.0423219996414765,0.015492348021758565,0.039429170446946916
19.5,20.5,13123,0.022855227089864292,0.031071254554832384,0.02254543568699607,0.038481099684563015
20.5,20.5,13124,0.016999454746772554,0.03963550058643111,NA,0.033852712795851544
21.5,20.5,13125,0.014402540789720815,0.040461273482574195,NA,0.04052353349123125
22.5,20.5,13126,0.011217845516800704,0.023710677854376486,NA,0.06027912200507736
23.5,20.5,13127,0.008209590947396974,0.01408676433682971,NA,0.01900798485955305
24.5,20.5,13128,0.00852222688854616,0.00923073021921009,NA,0.014480073036211412
25.5,20.5,13129,0.01720991132470865,0.044371348913464344,NA,0.027386981149733255
26.5,20.5,13130,0.00835837351932247,0.029527269382230985,NA,0.01084902859526065
27.5,20.5,13131,0.014140074757307247,0.030444258752496678,NA,0.020099806785950067
28.5,20.5,13132,0.02347087271812455,0.04189939237286614,NA,0.02714815739572667
29.5,20.5,13133,0.018164427528508165,0.10271262302157712,NA,0.031924795257599135
30.5,20.5,13134,0.021190659854627373,NA,NA,0.04590913690032415
31.5,20.5,13135,0.023661646968480877,NA,NA,0.03695361485543783
32.5,20.5,13136,0.01953755239590919,NA,NA,0.026891005559229388
33.5,20.5,13137,0.0138206509393091,NA,NA,0.025791654910628976
34.5,20.5,13138,0.014273670129743279,NA,NA,0.023346334347882153
35.5,20.5,13139,0.013086440338572557,NA,NA,0.0191921812707056
36.5,20.5,13140,0.026461935048732392,NA,NA,0.02546599536401686
37.5,20.5,13141,0.014584911672722703,NA,NA,0.01458738025014826
38.5,20.5,13142,0.012245900012881599,NA,NA,0.01458738025014826
39.5,20.5,13143,0.013610833356439447,NA,NA,0.017052583808774703
40.5,20.5,13144,0.012962339611374137,NA,NA,NA
41.5,20.5,13145,0.0158682873443637,NA,NA,NA
42.5,20.5,13146,0.014677102151135006,NA,NA,NA
43.5,20.5,13147,0.016498819607450695,NA,NA,NA
44.5,20.5,13148,0.015232752654598803,NA,NA,NA
45.5,20.5,13149,0.016104203279385557,NA,NA,NA
46.5,20.5,13150,0.016287363414470922,NA,NA,NA
47.5,20.5,13151,0.015296515795436493,NA,NA,NA
48.5,20.5,13152,0.01733160804360443,NA,NA,NA
49.5,20.5,13153,0.015380150700844048,NA,NA,NA
-59.5,21.5,13205,0.014854603455395262,0.07471156521647611,0.018227400221312164,0.03718665766188835
-58.5,21.5,13206,0.008430602572330321,0.05696524012043712,0.0067605768602521715,0.043115078610430464
-57.5,21.5,13207,0.01810061430372374,0.1178722246792624,0.015545981596140087,0.08321690934876458
-56.5,21.5,13208,0.017941038880108045,0.3076256872040049,0.017293025438139813,0.06358820408220493
-55.5,21.5,13209,0.015468655452639826,0.5634345818317278,0.03921804036586102,0.0874004460494557
-54.5,21.5,13210,0.013871837384744005,0.5933508095529344,0.0647005581453493,0.062286854060714616
-53.5,21.5,13211,0.014459248152454826,0.7349476359006549,0.03455490205953012,0.056692560531562665
-52.5,21.5,13212,0.014620084952676558,0.8141113841236909,0.02969130584070012,0.08723852041203255
-51.5,21.5,13213,0.009156790195924582,0.678165591880816,0.03316552352673825,0.06284475105533582
-50.5,21.5,13214,0.01985596208369177,0.588727806378656,0.05619247577458413,0.07183150022458741
-49.5,21.5,13215,0.035786781661484,0.7377274655318858,0.06312818543966073,0.08831323789868273
-48.5,21.5,13216,0.03522180805910778,0.7250399307824299,0.08187259476864717,0.11919768438196461
-47.5,21.5,13217,0.034386579067572864,0.6910254810986094,0.10336957213724127,0.13572661954515794
-46.5,21.5,13218,0.023113974730112657,0.5202845473345055,0.08324004477833569,0.13944815026729077
-45.5,21.5,13219,0.020136028155537312,0.5923538245179668,0.13215493267779846,0.06691086750054694
-44.5,21.5,13220,0.018380521123139155,0.6464134100862836,0.08652080784994248,0.057206946874489656
-43.5,21.5,13221,0.018302885110902948,0.5542792718919759,0.11928955604724585,0.04680632287536509
-42.5,21.5,13222,0.020687419725764825,0.7242340132570507,0.1259673911938141,0.061303240285702935
-41.5,21.5,13223,0.021714955054798608,0.648610068781659,0.16683087065146904,0.0604347589404217
-40.5,21.5,13224,0.01934100604947094,0.6882074990990347,0.16425390370446302,0.07509008960841816
-39.5,21.5,13225,0.01980443206554596,0.781873672360137,0.32809718184413356,0.06981498413413448
-38.5,21.5,13226,0.014097763941296495,0.5153156535684756,0.18031423552671483,0.05105896864707694
-37.5,21.5,13227,0.014329685264020904,0.32964484522372256,0.1612285229377568,0.04789631098368157
-36.5,21.5,13228,0.013813658027347851,0.2709394719769444,0.1497559158004382,0.04693421682264648
-35.5,21.5,13229,0.016427266252811382,0.212800220551665,0.35698967124119513,0.06494792356117907
-34.5,21.5,13230,0.02945518822486616,0.2821959843992418,0.2899369796501496,0.06975595366069548
-33.5,21.5,13231,0.043688496190497264,0.2592132735027523,0.19850586383092264,0.05642082800280047
-32.5,21.5,13232,0.02755680165339282,0.24757047876394284,0.219565834683497,0.07872994112961801
-31.5,21.5,13233,0.025147504613126065,0.2856949254793455,0.2444702820424312,0.059913499759221174
-30.5,21.5,13234,0.024432281210214124,0.2620530032954096,0.11692206769408867,0.0617356341293684
-29.5,21.5,13235,0.022968234794813778,0.3015680957335157,0.17368729520634507,0.06443490107050816
-28.5,21.5,13236,0.03195456985344849,0.38623578496281247,0.17508764416167572,0.06886645119810071
-27.5,21.5,13237,0.024576388293989015,0.2567419175507659,0.13278250143759845,0.08194113081351118
-26.5,21.5,13238,0.01731350052069096,0.2094576548922049,0.20671799417927364,0.04499786383907226
-25.5,21.5,13239,0.018423191303109654,0.29656617891880094,0.14856233725376541,0.050832945545986566
-24.5,21.5,13240,0.014895772151839917,0.19102582551775601,0.0841733160537022,0.041480906432978394
-23.5,21.5,13241,0.014397139260163673,0.20133694797695173,0.10533555335812263,0.03966203468196916
-22.5,21.5,13242,0.014352074578353708,0.1527449066116622,0.10609032763970998,0.04067557989386601
-21.5,21.5,13243,0.014968816811870383,0.11865807522038717,0.07480299145030696,0.04039679960924765
-20.5,21.5,13244,0.012668344344884393,0.09322918417490426,0.08287439629468178,0.04184864516532636
-19.5,21.5,13245,0.015614480725980913,0.09371384928219396,0.06276512341606577,0.04659111766134865
-18.5,21.5,13246,0.014709806258381428,0.09550912257382438,0.08860565081997267,0.048550556968974215
-17.5,21.5,13247,0.01829082703020348,0.10049469357982085,0.23727833892201708,0.06121534547106765
-16.5,21.5,13248,0.016623246796561218,0.08977242629136796,0.10565439114047569,0.046197361263125555
-15.5,21.5,13249,0.02084965849428637,0.2222656177400012,0.10183976427034794,0.039137790328986594
-14.5,21.5,13250,0.025586423302184726,0.20640713510869238,0.179257547043215,0.05103691317178509
-13.5,21.5,13251,0.01843521814611502,0.14484755870216554,0.13109324054690033,0.04401457479998416
-12.5,21.5,13252,0.030657916584907987,0.21326510080073427,0.17045985368418023,0.06316555341091942
-11.5,21.5,13253,0.029627722182416157,0.15305970607949923,0.20184354154072737,0.07955188083659859
-10.5,21.5,13254,0.028898805335253342,0.14956446203782678,0.23818224580020814,0.07605873401554045
-9.5,21.5,13255,0.018532215585234147,0.07647944304168083,0.08215750434669913,0.05018830752118451
-8.5,21.5,13256,0.013361772690199327,0.05321235165807906,0.05785186581290245,0.03211039813606156
-7.5,21.5,13257,0.012105625087298757,0.04610097742806836,0.0720698538632252,0.035526673170953524
-6.5,21.5,13258,0.010191075869831928,0.03733031713956135,0.05107546601227841,0.028474682949701683
-5.5,21.5,13259,0.00948367425056105,0.020962070371396833,0.07884154813496233,0.028150046399334043
-4.5,21.5,13260,0.010211181470374446,0.035934894022328946,0.07435645899296901,0.03250167126920258
-3.5,21.5,13261,0.00893711404050944,0.02838441558057038,0.0627150111847394,0.0334800264003925
-2.5,21.5,13262,0.006904017268080492,0.025959759807761305,0.022162402788977655,0.0209100011289378
-1.5,21.5,13263,0.011239737459748657,0.03152077829916971,0.03618717857518349,0.027180933254691498
-0.5,21.5,13264,0.010691812075308536,0.04209890150632751,0.05042850894439241,0.029429157427398992
0.5,21.5,13265,0.0121338042465432,0.05816106030028221,0.03515384986911688,0.027558810525261185
1.5,21.5,13266,0.013310279289293181,0.05629529604381876,0.047160789754914514,0.03286545991562064
2.5,21.5,13267,0.019579580453327423,0.09194864010430155,0.07209926924545919,0.05638476880266036
3.5,21.5,13268,0.014278166633666005,0.06531465447418577,0.05668390237979562,0.03180639999150064
4.5,21.5,13269,0.014278166633666005,0.05350551232919239,0.0613039956021711,0.036773857367203386
5.5,21.5,13270,0.014200986043188916,0.055219033403697985,0.0615874750707377,0.043576176503689404
6.5,21.5,13271,0.014463903217832589,0.05170574297000918,0.025802930184889463,0.035793739016472446
7.5,21.5,13272,0.014558155982702868,0.056566846114343095,0.05034192009896216,0.04740191921741826
8.5,21.5,13273,0.015040598535342646,0.05874452740645471,0.09237365630994067,0.03767225360317524
9.5,21.5,13274,0.01521184367740136,0.04462178824449903,0.11025788236564801,0.031235416544086163
10.5,21.5,13275,0.015146742025384949,0.04931302194879793,0.04078907296881737,0.03884323010097552
11.5,21.5,13276,0.016062556977707164,0.050546390758697504,0.039250293174331895,0.0420178669617845
12.5,21.5,13277,0.014461556837710582,0.03816662537185983,0.05097251685969232,0.038730009672074586
13.5,21.5,13278,0.012911425608392067,0.04915122843664625,0.050088636030355016,0.06583266420249063
14.5,21.5,13279,0.016133262849424252,0.0757201716654324,0.06438652786651432,0.03644677377800471
15.5,21.5,13280,0.013034928123988779,0.024448806828631205,0.04070535357194784,0.044630452014974106
16.5,21.5,13281,0.012910344554313741,0.037342697819323346,0.06969120216438168,0.03404112406186219
17.5,21.5,13282,0.014341778383418232,0.027846085298650347,0.04652404693209452,0.043052439062268015
18.5,21.5,13283,0.012438938314770527,0.04380116468796622,0.039006340803305006,0.03500821471845102
19.5,21.5,13284,0.013652488453749006,0.17692645767799373,0.054759741945951464,0.032592867051664476
20.5,21.5,13285,0.015793631801030692,0.1126849468373678,NA,0.02861703740684971
21.5,21.5,13286,0.015379252407821523,0.05062225009943994,NA,0.02518734477214638
22.5,21.5,13287,0.013461473439055512,0.031127733496890894,NA,0.028477476694854963
23.5,21.5,13288,0.019953798302929353,0.0862502645231616,NA,0.045521630900346007
24.5,21.5,13289,0.02013547784608246,0.07995833536310588,NA,0.05186899435247629
25.5,21.5,13290,0.034639594120257904,0.07561564203924569,NA,0.03669450244967446
26.5,21.5,13291,0.01782066198395846,0.02433845045551698,NA,0.03041928287033198
27.5,21.5,13292,0.015768414018057904,0.01973825183325242,NA,0.020688059081699173
28.5,21.5,13293,0.019390787722761742,0.018903311719877417,NA,0.022504718888974012
29.5,21.5,13294,0.023240621946512954,0.01939580291124869,NA,0.024918167180101362
30.5,21.5,13295,0.016778799042071524,NA,NA,0.030990220867491945
31.5,21.5,13296,0.018499410032281987,NA,NA,0.033074891957270564
32.5,21.5,13297,0.015735064733817854,NA,NA,0.02678967007369957
33.5,21.5,13298,0.014625859068384865,NA,NA,0.02675626497687425
34.5,21.5,13299,0.016107126840944324,NA,NA,0.02376050025827655
35.5,21.5,13300,0.015512866258229452,NA,NA,0.021846256496219116
36.5,21.5,13301,0.014167110204282135,NA,NA,0.022030432998973854
37.5,21.5,13302,0.015587277120791495,NA,NA,0.02475914852862736
38.5,21.5,13303,0.015773347334905898,NA,NA,0.02527137644137479
39.5,21.5,13304,0.02661813053361437,NA,NA,0.03559981150131883
40.5,21.5,13305,0.01872222394199128,NA,NA,NA
41.5,21.5,13306,0.01857700665333446,NA,NA,NA
42.5,21.5,13307,0.01860132603499907,NA,NA,NA
43.5,21.5,13308,0.01934146042977983,NA,NA,NA
44.5,21.5,13309,0.023414083955122806,NA,NA,NA
45.5,21.5,13310,0.02585768550391989,NA,NA,NA
46.5,21.5,13311,0.019835490167557705,NA,NA,NA
47.5,21.5,13312,0.015839618544213497,NA,NA,NA
48.5,21.5,13313,0.017616737755439028,NA,NA,NA
49.5,21.5,13314,0.01882431080140758,NA,NA,NA
-58.5,22.5,13356,0.016642145530804016,0.06622957880084847,0.012687161427140593,0.04344498518675779
-57.5,22.5,13357,0.013968978607733993,0.15120016965484392,0.024332791465319942,0.06476149127903319
-56.5,22.5,13358,0.013766409943123385,0.21188201107039142,0.03012591864719642,0.07698817697146393
-55.5,22.5,13359,0.016593577957610232,0.29001512068913443,0.01948063266674538,0.10585488906266802
-54.5,22.5,13360,0.022299576856593357,0.46497865828936413,0.04240879340535609,0.11370468674724407
-53.5,22.5,13361,0.023855540633908417,0.5251009381428831,0.05627415963282462,0.07591356858270186
-52.5,22.5,13362,0.0254092985742453,0.8048207439200418,0.06004013794229726,0.11599593004430166
-51.5,22.5,13363,0.017137458301856846,0.43713370151888714,0.033711303340332455,0.09541055396353768
-50.5,22.5,13364,0.014043361476269963,0.579457055639734,0.05422313935463105,0.05075908824715977
-49.5,22.5,13365,0.03224054603202168,0.7822547110305844,0.08396681491433948,0.08578720140582036
-48.5,22.5,13366,0.02743336741454127,0.7771089138375012,0.12040529767817543,0.09022174259427135
-47.5,22.5,13367,0.034028725974415905,0.7647005182139006,0.09809961788807772,0.12271257472330545
-46.5,22.5,13368,0.02574425937398263,0.5885352870617512,0.07048109424692191,0.09153503877887455
-45.5,22.5,13369,0.014024148457887905,0.5787464025766026,0.08539697100719913,0.09669960487511178
-44.5,22.5,13370,0.014456798431957426,0.5978122150258479,0.056525513240779396,0.04536261449608588
-43.5,22.5,13371,0.010734520326264128,0.4352486814755744,0.07923103683991883,0.04533570743361458
-42.5,22.5,13372,0.01350405763562321,0.39911764154251783,0.0722049075291352,0.048493975108124344
-41.5,22.5,13373,0.015336402578623367,0.5216313602631159,0.11380340625064536,0.05943980283001613
-40.5,22.5,13374,0.016326915991612952,0.609556118499485,0.0831591812945724,0.11345059509285016
-39.5,22.5,13375,0.01687916455363566,0.5347722276859603,0.1520852726517339,0.12356862884514616
-38.5,22.5,13376,0.011842552087416343,0.2558185529412075,0.09930002299841573,0.08408409407396299
-37.5,22.5,13377,0.01051067132720008,0.20843358554990066,0.11953153764826399,0.05002240588777887
-36.5,22.5,13378,0.01382712024293912,0.1924585283374918,0.16683375520877272,0.02763768656878534
-35.5,22.5,13379,0.01490513934334196,0.23528983930849376,0.16169849531824962,0.04878501669255233
-34.5,22.5,13380,0.018937811480311678,0.2746934345802198,0.092998243871513675,0.11881072134180133
-33.5,22.5,13381,0.014814105173583515,0.335971150631253,0.1257268704139393,0.1262113964041156
-32.5,22.5,13382,0.016453759284020625,0.36103470973345586,0.21649852893128405,0.09684072136938382
-31.5,22.5,13383,0.01224417637372027,0.31889123061266644,0.10496135549138216,0.06033148039216336
-30.5,22.5,13384,0.014383170120315487,0.25394085170400016,0.13966684451035746,0.07318215522152986
-29.5,22.5,13385,0.020025269444477925,0.198884917549186,0.1692000111365999,0.06387592248030702
-28.5,22.5,13386,0.02384291491882364,0.27214070462822004,0.2777277012128208,0.07642499486213249
-27.5,22.5,13387,0.019793243599988294,0.2775829985714618,0.20139270896386544,0.07697544336288842
-26.5,22.5,13388,0.02017833267405452,0.18916283086639912,0.1373929868081744,0.0762978433110905
-25.5,22.5,13389,0.015622758870452393,0.13239623241327222,0.1371463309563188,0.0694497677078746
-24.5,22.5,13390,0.016314357777140197,0.12311732584987636,0.10292114256739467,0.05780456127178179
-23.5,22.5,13391,0.013519849259481312,0.08869281908103237,0.45903802790116166,0.03963591926466714
-22.5,22.5,13392,0.013613958068897102,0.12515806136611493,0.2257641554357715,0.03982432603029379
-21.5,22.5,13393,0.012476519842527362,0.10813957578450768,0.13844752027854343,0.04279233320420124
-20.5,22.5,13394,0.015465213019894215,0.12842436241055702,0.24925054785347478,0.04201551783461391
-19.5,22.5,13395,0.017484578322360982,0.08014778439384528,0.15623308901240246,0.03521188975328732
-18.5,22.5,13396,0.015119621618989205,0.08183765198603744,0.2111764339109,0.031584546463231576
-17.5,22.5,13397,0.013056671770187952,0.08644223728406851,0.12134102943348733,0.025786280196525204
-16.5,22.5,13398,0.015668282352114368,0.10093190954038851,0.12164948723898333,0.027070445099357604
-15.5,22.5,13399,0.016037080377293643,0.15669652326881403,0.09519117493007677,0.036446566591893353
-14.5,22.5,13400,0.021215006293938996,0.08710669730733105,0.09964988591259051,0.038907305031970006
-13.5,22.5,13401,0.02314480423778215,0.1051626611505977,0.09557658479751795,0.03645533341581739
-12.5,22.5,13402,0.03024108477121251,0.11026128144277278,0.12713197952632177,0.04105957305035672
-11.5,22.5,13403,0.018709493590543958,0.06267931733936871,0.15065796069811735,0.034838072185086666
-10.5,22.5,13404,0.033629750655765456,0.11435944580564374,0.17834593120805542,0.04575138979632573
-9.5,22.5,13405,0.015166089474062762,0.05362540086432495,0.06858240302021011,0.03433953993823195
-8.5,22.5,13406,0.017359168440007188,0.06477880725733604,0.05585482248412068,0.0370627231396292
-7.5,22.5,13407,0.010141804284944293,0.03428672340430754,0.055198326922843585,0.022449052612751753
-6.5,22.5,13408,0.009527480877290714,0.03413703569277728,0.04625475086329768,0.02742698396653623
-5.5,22.5,13409,0.01128578344680393,0.02866252181763004,0.04748499744461566,0.027642070493736744
-4.5,22.5,13410,0.009073900373435157,0.023420930220846483,0.04232460653655537,0.024975066675233245
-3.5,22.5,13411,0.010873083594311411,0.02565600099042397,0.04417414595473253,0.02862335280382931
-2.5,22.5,13412,0.010327050616108172,0.02293115124299047,0.05820221591932242,0.021615561757942995
-1.5,22.5,13413,0.010264363620635722,0.0253461755598796,0.05700148968160831,0.027489133121779755
-0.5,22.5,13414,0.010895678948019783,0.028624887200665486,0.04779459240252814,0.02337030831290216
0.5,22.5,13415,0.00877803574087731,0.027417837581736926,0.056572941135507954,0.017998050573091458
1.5,22.5,13416,0.015774410192061827,0.04012599751981173,0.050627075091457446,0.032851864983133285
2.5,22.5,13417,0.013635981657042641,0.04484880460532454,0.09122886223093747,0.039878739186529205
3.5,22.5,13418,0.010061372632979492,0.03441618726256071,0.054319877054286043,0.024958865133059636
4.5,22.5,13419,0.011212781445519945,0.040540526665313464,0.09418121231166328,0.02504056455493638
5.5,22.5,13420,0.008654468282712968,0.028751879853011048,0.047636238074562916,0.029524036182469206
6.5,22.5,13421,0.00784912081228853,0.036403259037659244,0.04471678982308671,0.04005707151578522
7.5,22.5,13422,0.008068745382987385,0.03603228765211189,0.04716109980505298,0.03251153985020934
8.5,22.5,13423,0.008250843017929095,0.03763734300830967,0.03956684964909376,0.036599095702391
9.5,22.5,13424,0.00809396830949277,0.038483120985907816,0.036132829306784076,0.027862243438399745
10.5,22.5,13425,0.007315303235588993,0.037211075495685496,0.05815135570358453,0.04178796382267284
11.5,22.5,13426,0.007344615756390889,0.032928561964778995,0.04125548502303576,0.04519636154650061
12.5,22.5,13427,0.007601353913113005,0.03487671529176165,0.04009572306380522,0.033006149352700694
13.5,22.5,13428,0.009286755904036893,0.0479577829360699,0.04105593088416307,0.03575107433255723
14.5,22.5,13429,0.01153811665452828,0.03495401964818716,0.05166732498377989,0.037944415682723
15.5,22.5,13430,0.012098044683200906,0.03751477413185131,0.061483050645305445,0.02967467678348736
16.5,22.5,13431,0.012197406155082845,0.0390438689313573,0.09952943841106457,0.025279311955602658
17.5,22.5,13432,0.014321654990190218,0.0507748674084303,0.01688105487706218,0.033577610789197715
18.5,22.5,13433,0.014507116052354172,0.06136969134649344,0.01017419046222236,0.03280184841222594
19.5,22.5,13434,0.015172406520935624,0.07339620218962702,0.019631283558823934,0.026675773794196424
20.5,22.5,13435,0.018326482781698867,0.0762557378112916,NA,0.034092385860889335
21.5,22.5,13436,0.01920328229789625,0.09960142393081636,NA,0.049596914789404214
22.5,22.5,13437,0.016394071726914806,0.0761157237164946,NA,0.048639740297777644
23.5,22.5,13438,0.018493386600159034,0.0877927779568382,NA,0.05690466945261971
24.5,22.5,13439,0.024422144970772077,0.11181816822462134,NA,0.0416243436632422
25.5,22.5,13440,0.01879730121786099,0.12410531050101258,NA,0.0566380756435813
26.5,22.5,13441,0.0186629811019062,0.06990643370266662,NA,0.036202999297274385
27.5,22.5,13442,0.016116227376244248,0.03384203244417825,NA,0.02721770491383212
28.5,22.5,13443,0.013948546034180075,0.026435174367948372,NA,0.026396602823800026
29.5,22.5,13444,0.017127225176925606,0.027354235410065802,NA,0.017460415262665206
30.5,22.5,13445,0.01501197573501658,NA,NA,0.01874101820715495
31.5,22.5,13446,0.011580447902160569,NA,NA,0.015469887694959448
32.5,22.5,13447,0.010820498682463112,NA,NA,0.025900911453616116
33.5,22.5,13448,0.012170653701771016,NA,NA,0.02657719288996209
34.5,22.5,13449,0.014763530113335513,NA,NA,0.025817061957659843
35.5,22.5,13450,0.013453061616409493,NA,NA,0.020441015112241778
36.5,22.5,13451,0.019316988635652683,NA,NA,0.027421702236122735
37.5,22.5,13452,0.02090634574742763,NA,NA,0.027621722284007194
38.5,22.5,13453,0.017734223661550925,NA,NA,0.020050749571702015
39.5,22.5,13454,0.017680266774649938,NA,NA,0.012418141731540024
40.5,22.5,13455,0.02006797634433623,NA,NA,NA
41.5,22.5,13456,0.018108148603464366,NA,NA,NA
42.5,22.5,13457,0.017956854464481076,NA,NA,NA
43.5,22.5,13458,0.0184509229764137,NA,NA,NA
44.5,22.5,13459,0.019009139772375835,NA,NA,NA
45.5,22.5,13460,0.021343903700698927,NA,NA,NA
46.5,22.5,13461,0.012193776501238056,NA,NA,NA
47.5,22.5,13462,0.011703679428857765,NA,NA,NA
48.5,22.5,13463,0.01016953462069506,NA,NA,NA
49.5,22.5,13464,0.008318435856514145,NA,NA,NA
-58.5,23.5,13499,0.00443251845457771,0.04428550501683323,0.006255451133358615,0.005648691173203895
-57.5,23.5,13500,0.02381540063206125,0.09073195357727562,0.0077007621643328476,0.05888432288830333
-56.5,23.5,13501,0.012693705232462795,0.16679866659968076,0.02016577560771169,0.05623159939660687
-55.5,23.5,13502,0.013612636937335422,0.1952648678559199,0.02055578185564366,0.06426636270354046
-54.5,23.5,13503,0.011185988173941359,0.2859338294601743,0.022717064876500017,0.09546427464163586
-53.5,23.5,13504,0.019394628273630077,0.5663986010077584,0.03462112675295437,0.06645230659307486
-52.5,23.5,13505,0.03359265607365895,0.5338647516955143,0.06324136145035684,0.06699208684689835
-51.5,23.5,13506,0.06647001595693112,0.7384260707349078,0.12674532106361316,0.1681936733969826
-50.5,23.5,13507,0.014218631442898089,0.43940539758156905,0.04225481574449812,0.046015605721017046
-49.5,23.5,13508,0.01686405172929289,0.3629401728776508,0.04992354234305876,0.05461919403444711
-48.5,23.5,13509,0.016223650285293913,0.3687325528556662,0.12896748997554952,0.054999023983790835
-47.5,23.5,13510,0.015120923861088608,0.2811180887472611,0.07384120970217711,0.05611069418663438
-46.5,23.5,13511,0.011997826095078302,0.41207821199603056,0.06684607801437129,0.052113027855795906
-45.5,23.5,13512,0.017042833416596195,0.6102034133787251,0.07247462519980097,0.07086864522919427
-44.5,23.5,13513,0.013330094587557234,0.6503811796014743,0.10452369037465016,0.06600814298299075
-43.5,23.5,13514,0.01169650596307524,0.36898209615922944,0.08981077158126062,0.04123483633000638
-42.5,23.5,13515,0.013650151919919756,0.4491143349943001,0.05120958897156617,0.04841622639373891
-41.5,23.5,13516,0.017569085066446888,0.622938507270182,0.05468235053019689,0.04341170181320229
-40.5,23.5,13517,0.016614228756677563,0.5338822742693027,0.10506226217422052,0.045559607029879545
-39.5,23.5,13518,0.016834830613544887,0.753077556166786,0.09812652317113227,0.051060386548809684
-38.5,23.5,13519,0.009649598242648034,0.19345128551736288,0.04460417651813879,0.03488360875985813
-37.5,23.5,13520,0.008953858369835572,0.3316963039246475,0.05849318136017198,0.045539050501515486
-36.5,23.5,13521,0.015938500659418337,0.31201884858333956,0.06639132447136442,0.03489365842155592
-35.5,23.5,13522,0.008269534735776601,0.34037386030648,0.02893018916007051,0.0365602750726754
-34.5,23.5,13523,0.007188356090182137,0.24451462613457384,0.02643126455711324,0.028096531368541882
-33.5,23.5,13524,0.006565613486909398,0.19198147602845647,0.04173276451465223,0.01943652030247867
-32.5,23.5,13525,0.011019314172692312,0.3836394040565373,0.12374200834416257,0.03048928563853015
-31.5,23.5,13526,0.00529628606297735,0.2543157339907845,0.09566855845261239,0.027707236699256534
-30.5,23.5,13527,0.0066290903628078495,0.39750252809201386,0.16399099334552855,0.04066949072035191
-29.5,23.5,13528,0.006617447330178254,0.3667850698139705,0.13484998559391487,0.04470034256664828
-28.5,23.5,13529,0.007334501054711603,0.4340174098871388,0.07327378159140778,0.04372246850479086
-27.5,23.5,13530,0.009412913188040793,0.6458696495341183,0.10509389700798445,0.060543034236995356
-26.5,23.5,13531,0.011317274380747104,0.14111386967978598,0.07848718321934355,0.05154839876804939
-25.5,23.5,13532,0.010931585939788907,0.12485356722623167,0.08008163357300764,0.04343340744694348
-24.5,23.5,13533,0.008104784496484932,0.11113160221716839,0.09150518755198318,0.036252151649742465
-23.5,23.5,13534,0.007822855354331667,0.07790697954400663,0.08326247601103144,0.034240788763190706
-22.5,23.5,13535,0.007852514028577912,0.07884194987347588,0.09011127139431352,0.04635307439004838
-21.5,23.5,13536,0.011480051975898997,0.04962895628349061,0.0827620559399953,0.0379424328657648
-20.5,23.5,13537,0.011258284956506541,0.036594837902543066,0.1229922727523512,0.03271976621518404
-19.5,23.5,13538,0.011763234837978781,0.037052250648547155,0.08682811989740259,0.02663302640702729
-18.5,23.5,13539,0.01301643464706154,0.03266789216169094,0.07020427522113043,0.019699957840497932
-17.5,23.5,13540,0.010776868906313556,0.032718721745640535,0.07859678201712673,0.02218971066819
-16.5,23.5,13541,0.010429434513397113,0.03269339941721546,0.05110905397494239,0.025991799204260653
-15.5,23.5,13542,0.011699334566828389,0.04337946607036432,0.18825146597811648,0.028916128238378486
-14.5,23.5,13543,0.009134796262479185,0.03250448109901217,0.06574985110871935,0.023912624640160907
-13.5,23.5,13544,0.009455252235151257,0.0224223982284528,0.04266193310107429,0.019027760278772756
-12.5,23.5,13545,0.014001472493235334,0.03480607933462524,0.056173833534729864,0.02820988380011048
-11.5,23.5,13546,0.015577824832943211,0.046762849352092996,0.09792549866175913,0.029832074548803756
-10.5,23.5,13547,0.00916579475504934,0.020333541661619065,0.05118218212912055,0.014668083711124966
-9.5,23.5,13548,0.008560511196721379,0.010583303311041348,0.024134346699298113,0.013792207340807062
-8.5,23.5,13549,0.009874101608764447,0.02962289269428761,0.039180216755386424,0.017606896747896426
-7.5,23.5,13550,0.011046302197409956,0.038089963020297476,0.030694626561677922,0.01712736797824068
-6.5,23.5,13551,0.009411597929672048,0.028540059809866118,0.0475704922146974,0.016961438164924934
-5.5,23.5,13552,0.007223894898932031,0.027429022768760365,0.03585589747938462,0.015172356218543244
-4.5,23.5,13553,0.0074320836129617065,0.025957876089173357,0.027578747330625313,0.018906138811026305
-3.5,23.5,13554,0.0078015358399909675,0.026976893491502483,0.03565709570025476,0.015868536711062423
-2.5,23.5,13555,0.008443263131958454,0.028298909669380482,0.031365466577700014,0.022604584435576256
-1.5,23.5,13556,0.010268890489934105,0.029740891470667847,0.03485996978207086,0.017815662157080633
-0.5,23.5,13557,0.009504843960558337,0.02937888860513388,0.052142449444749335,0.016767476967997717
0.5,23.5,13558,0.00866521153259896,0.04513283297862278,0.04248196970089654,0.016040710745916904
1.5,23.5,13559,0.01087537247454975,0.04372563537710256,0.04248196970089654,0.014688456688129096
2.5,23.5,13560,0.011302984665933295,0.04673658483473535,0.0589759536347032,0.016186275542611754
3.5,23.5,13561,0.006473984295213734,0.02691595452048526,0.05022389100932351,0.010745014670201012
4.5,23.5,13562,0.005130341270733637,0.012381702032012927,0.04962479867516292,0.010569312909304384
5.5,23.5,13563,0.007396239954858255,0.02485856903322023,0.04857361611472813,0.01262989190276207
6.5,23.5,13564,0.007853264893983214,0.02093390283251522,0.043665259447920414,0.016842909226922158
7.5,23.5,13565,0.007759541823574738,0.02696556339848743,0.04259181969911427,0.016204357342437397
8.5,23.5,13566,0.007966072970863361,0.02717506852736584,0.04094964284785391,0.014127060511667544
9.5,23.5,13567,0.007836236384000385,0.05296118818548201,0.034469083805815,0.014466854768237874
10.5,23.5,13568,0.009149583111905732,0.03892748640686109,0.059077391629695546,0.015269295045290805
11.5,23.5,13569,0.010126702681120488,0.03394653283793318,0.03975536297549382,0.015154742529806359
12.5,23.5,13570,0.009684191371735543,0.036902892468618505,0.08625367110712437,0.015154742529806359
13.5,23.5,13571,0.008610446966825495,0.02031707037199263,0.06123825436157956,0.01716238972243541
14.5,23.5,13572,0.008959081130906668,0.02690460319657935,0.04853871168329919,0.0152100730139725
15.5,23.5,13573,0.00785145698249026,0.010228874667977889,0.03740495311187844,0.012880350039781713
16.5,23.5,13574,0.010299172686728633,0.028656443815526626,0.10299898535102903,0.014619106845629276
17.5,23.5,13575,0.0102574495856383,0.035879339651935856,0.03263806021794216,0.016087206791592496
18.5,23.5,13576,0.009998807034279633,0.0344957081171103,0.012606991928038904,0.015216633732948098
19.5,23.5,13577,0.012216862151896253,0.07738703122533289,0.014899561331374862,0.020280106686838606
20.5,23.5,13578,0.012733113396655081,0.07438035629299251,NA,0.023410298262733057
21.5,23.5,13579,0.011796004100395484,0.0822941292629634,NA,0.022995672022153107
22.5,23.5,13580,0.010398173065996686,0.08395492651763957,NA,0.02980043357956015
23.5,23.5,13581,0.014579518405232614,0.08368987984317149,NA,0.0302242356698396
24.5,23.5,13582,0.009581990026291553,0.06519919484809981,NA,0.030305899720888495
25.5,23.5,13583,0.00962748605979592,0.08733528987588055,NA,0.03153224814547797
26.5,23.5,13584,0.013771412524687202,0.07376051139835975,NA,0.029627423383835203
27.5,23.5,13585,0.012436127762607739,0.06703014690248305,NA,0.022802995405960945
28.5,23.5,13586,0.013252023420138271,0.09302875965001889,NA,0.018924738527528535
29.5,23.5,13587,0.013403940241585128,0.052959573489411195,NA,0.018673598217663307
30.5,23.5,13588,0.011550810341080584,NA,NA,0.010901467198515966
31.5,23.5,13589,0.008995547857631745,NA,NA,0.005403118349166815
32.5,23.5,13590,0.0075244736724253275,NA,NA,0.005988940461686996
33.5,23.5,13591,0.007791767625866414,NA,NA,0.004902086231478341
34.5,23.5,13592,0.008231540405675605,NA,NA,0.004728358181522487
35.5,23.5,13593,0.005527422160814051,NA,NA,0.0047401489583662445
36.5,23.5,13594,0.005913406026665261,NA,NA,0.00470192630087635
37.5,23.5,13595,0.0065532388622439154,NA,NA,0.004495834906673309
38.5,23.5,13596,0.005906832251391164,NA,NA,0.006835265871917414
39.5,23.5,13597,0.006039243036144274,NA,NA,0.008643069890190935
40.5,23.5,13598,0.006203198061800879,NA,NA,NA
41.5,23.5,13599,0.006508425040497974,NA,NA,NA
42.5,23.5,13600,0.007577174620066934,NA,NA,NA
43.5,23.5,13601,0.009514991021734009,NA,NA,NA
44.5,23.5,13602,0.0087614594542254,NA,NA,NA
45.5,23.5,13603,0.008589043242534197,NA,NA,NA
46.5,23.5,13604,0.0068850524722090705,NA,NA,NA
47.5,23.5,13605,0.007487264847099955,NA,NA,NA
48.5,23.5,13606,0.005662152491691951,NA,NA,NA
49.5,23.5,13607,0.004382338806298989,NA,NA,NA
-59.5,24.5,13637,0.0038611401885623696,0.003685917325654316,0.0034639513867856415,0.0021945937432402227
-57.5,24.5,13638,0.015499886841405063,0.028560238214863948,0.006046463281692075,0.031135107755902364
-56.5,24.5,13639,0.007457149646709938,0.10821189545168408,0.012442749770225336,0.027747823351731375
-55.5,24.5,13640,0.00734510670304416,0.1985161761357049,0.02913279160016717,0.023764996616564997
-54.5,24.5,13641,0.006767697798383736,0.12182585087225012,0.013848267411752251,0.02253290706184431
-53.5,24.5,13642,0.00722970344619758,0.14348126832307637,0.0413856550842719,0.02942478230166192
-52.5,24.5,13643,0.018964232214042483,0.15644417327354257,0.039809632010013384,0.05028558335179398
-51.5,24.5,13644,0.02146964939881542,0.3193400706170994,0.07292285578352543,0.07864127153463617
-50.5,24.5,13645,0.011016135584241459,0.1300020570239875,0.0317029259647795,0.04331052815652722
-49.5,24.5,13646,0.012489001041423954,0.1884496669355325,0.054949102327120136,0.02983808733352307
-48.5,24.5,13647,0.010561981524159077,0.16719253412468013,0.046334253249224584,0.012813596156407484
-47.5,24.5,13648,0.01099838668894558,0.14053599198935937,0.03681723070560182,0.02815640742798374
-46.5,24.5,13649,0.015788552902558414,0.2754952863955378,0.04641387086341501,0.029138829117633394
-45.5,24.5,13650,0.016865426862859113,0.22420900505717525,0.057196736251706425,0.032896802435599434
-44.5,24.5,13651,0.016284581633658972,0.17704013662499632,0.04411496717107271,0.058808443509333376
-43.5,24.5,13652,0.013077693586045531,0.23441056294912332,0.05289387497255505,0.02767783514757807
-42.5,24.5,13653,0.008653471126068062,0.2777106958100053,0.07609373069586467,0.021444561682938155
-41.5,24.5,13654,0.007913378779680267,0.45134581173756866,0.08040083261473153,0.027147734776411196
-40.5,24.5,13655,0.010220129364762643,0.5955614864921458,0.14967562626339306,0.03560573382990622
-39.5,24.5,13656,0.013165828827991872,0.529724858556753,0.1283512254941459,0.036907890811665685
-38.5,24.5,13657,0.008080681379495441,0.19651180169845706,0.03638581244771183,0.030578045089747315
-37.5,24.5,13658,0.00853967488019969,0.24617419278863,0.08254275921215902,0.03652763721577579
-36.5,24.5,13659,0.02261560878368372,0.24780083602289527,0.11511765108736084,0.054423831377429406
-35.5,24.5,13660,0.010300875525352261,0.3289677435178965,0.11123105046521982,0.048659053259524805
-34.5,24.5,13661,0.009552871837817454,0.3292706024207586,0.059373650587216116,0.037786541512449985
-33.5,24.5,13662,0.009889269173736021,0.3706600576441773,0.16513392766305196,0.030673797470485216
-32.5,24.5,13663,0.012022128392369092,0.311486375432922,0.14315793042369482,0.025396004407662164
-31.5,24.5,13664,0.00718206008935749,0.3143093410372941,0.17658795346133618,0.020080240201147747
-30.5,24.5,13665,0.005579097871580332,0.19076890216285483,0.4131615433382211,0.017274521110891207
-29.5,24.5,13666,0.005214174068743509,0.17436803402771114,0.45496349638606015,0.018167831094447726
-28.5,24.5,13667,0.005110767328440845,0.15560371496570913,0.29247537261841133,0.03184144315684522
-27.5,24.5,13668,0.008557842776097176,0.16717897673589052,0.39817349852313294,0.047059927811975155
-26.5,24.5,13669,0.01840896055029833,0.21139179756954646,0.5444360257534272,0.090500693582497
-25.5,24.5,13670,0.013300910194473936,0.23899502050063076,0.45458204430988103,0.07863009498986012
-24.5,24.5,13671,0.010948851252431583,0.19887032514489647,0.2899532937324546,0.05894096850128403
-23.5,24.5,13672,0.009313083312125272,0.10232486393540609,0.20177685994652353,0.045408361007292355
-22.5,24.5,13673,0.008103708811528073,0.04840991909934709,0.08122399791738248,0.040973095951298104
-21.5,24.5,13674,0.008241299576396693,0.03780567751076223,0.037870457608884585,0.043189668211665734
-20.5,24.5,13675,0.006433579974520427,0.03315526606027339,0.04724815083892061,0.02292356733167204
-19.5,24.5,13676,0.006497196080629573,0.029363517473203947,0.05043612176931621,0.021665831778430525
-18.5,24.5,13677,0.0054085669864935475,0.035214347704941355,0.02428675201360603,0.016136312650408612
-17.5,24.5,13678,0.004960060559923447,0.02337507501180779,0.02236040184241601,0.015022446751836034
-16.5,24.5,13679,0.00709862937494598,0.03276454066349432,0.028179110660262803,0.018308869139162347
-15.5,24.5,13680,0.007974374136639944,0.03484777863935242,0.025729633745522607,0.018365710529492624
-14.5,24.5,13681,0.0040602807715531064,0.019116239988493974,0.011675708039233172,0.010223446502592763
-13.5,24.5,13682,0.0055879734023838515,0.023178674429629866,0.016339205179644548,0.013593363686276977
-12.5,24.5,13683,0.0083537667690747,0.05223283180940329,0.05490943895535765,0.01857806582992281
-11.5,24.5,13684,0.0037455352377567326,0.021243719421840702,0.015313127406979148,0.01134070521707647
-10.5,24.5,13685,0.00418456468529115,0.024518133246821908,0.01961990704744403,0.010853523328177002
-9.5,24.5,13686,0.003455099183751558,0.01131749524658146,0.014950040012615183,0.006003706162796527
-8.5,24.5,13687,0.004906464649487807,0.019296157657630132,0.027040541276367836,0.009160804944053072
-7.5,24.5,13688,0.0042441583452474795,0.03651259450383337,0.03521784286623324,0.009626017725981205
-6.5,24.5,13689,0.004734366030103653,0.03110010496747838,0.029012423609394208,0.013979240899404678
-5.5,24.5,13690,0.004908676659498097,0.031792623716904965,0.04440963746119316,0.008015253968732164
-4.5,24.5,13691,0.004762268051480948,0.02900204268274358,0.05739355266780867,0.007647733629028181
-3.5,24.5,13692,0.004491314768452775,0.03228834178498815,0.07153506996380854,0.010555060329280335
-2.5,24.5,13693,0.005561800203585215,0.03445776951272086,0.06187855942607537,0.011004594239246279
-1.5,24.5,13694,0.0054041183388469066,0.026083538212113185,0.04441344708137555,0.01050029913679775
-0.5,24.5,13695,0.005632830500029553,0.02780557903165887,0.07094844495017148,0.010145110838470046
0.5,24.5,13696,0.007179387127976033,0.02166282188998758,0.05994361219547477,0.011784000617027333
1.5,24.5,13697,0.004762681155218564,0.020050083374321244,0.051856703436663015,0.007580046916304925
2.5,24.5,13698,0.004576032256743293,0.025145662394394842,0.04240926284241572,0.007062996301590852
3.5,24.5,13699,0.004838496558593516,0.026217501557904522,0.0489713248166946,0.00786997852728389
4.5,24.5,13700,0.004663101154621337,0.031888667743784814,0.047004158209385485,0.007427485620426474
5.5,24.5,13701,0.005484241186808467,0.03480804342072336,0.059656272657241625,0.007604337594109636
6.5,24.5,13702,0.004187411447215285,0.02622630662332207,0.04215846462609454,0.00797478804812166
7.5,24.5,13703,0.0049950441125030465,0.03283961829245486,0.046786126685208915,0.008198512968545827
8.5,24.5,13704,0.004481856186794413,0.033358147117311804,0.0368052749410051,0.009178648999489024
9.5,24.5,13705,0.005090938091647398,0.02705375927426499,0.022087870176227712,0.005559496567979313
10.5,24.5,13706,0.00432858675120018,0.02619033458636443,0.03822765708871028,0.008605425394977799
11.5,24.5,13707,0.003931025557313926,0.0215373957638397,0.036519275086890915,0.011784677344558157
12.5,24.5,13708,0.003053923266511051,0.015739598704645287,0.01886480682811631,0.007449832133249733
13.5,24.5,13709,0.00453952906004413,0.025928114031209638,0.05645540472057005,0.013688203892109115
14.5,24.5,13710,0.005346626650252054,0.03164731400924331,0.0553973015091934,0.01242362761667423
15.5,24.5,13711,0.005250997913168041,0.025032920243059593,0.05008718535012697,0.013020276627532457
16.5,24.5,13712,0.00656395146674956,0.03138683432528887,0.07426421480263987,0.013526085962924218
17.5,24.5,13713,0.005833845615426688,0.029087909893901264,0.07632325113781942,0.01217139016052947
18.5,24.5,13714,0.007090282359312013,0.04543507329567745,0.031740423863288764,0.01169930692334174
19.5,24.5,13715,0.007206544114906241,0.0465003789281862,0.02302917886915048,0.011455521239185258
20.5,24.5,13716,0.009074147228590896,0.04893611126050112,NA,0.012837519062960004
21.5,24.5,13717,0.011618657737076266,0.06516078146950802,NA,0.015135693092006795
22.5,24.5,13718,0.011843325553626787,0.055048893447875544,NA,0.011625680928044342
23.5,24.5,13719,0.011200042937880855,0.052565526866028604,NA,0.0113160944962249
24.5,24.5,13720,0.009830711474763687,0.061089438664469406,NA,0.011927459784946135
25.5,24.5,13721,0.009268835141405477,0.03819237622694353,NA,0.013890709650626857
26.5,24.5,13722,0.011067154708461221,0.03870467350257557,NA,0.015223223676666354
27.5,24.5,13723,0.010698383350468172,0.037121906971332844,NA,0.018377629407009904
28.5,24.5,13724,0.011106738045049002,0.03621408125991416,NA,0.020839865810998684
29.5,24.5,13725,0.007931410756323129,0.027349942015014436,NA,0.01647444444867006
30.5,24.5,13726,0.007216655075387564,NA,NA,0.014563931369596182
31.5,24.5,13727,0.005473637377920629,NA,NA,0.011449236915858474
32.5,24.5,13728,0.006320037283861613,NA,NA,0.008183511515703675
33.5,24.5,13729,0.005732463929666432,NA,NA,0.006867959870613449
34.5,24.5,13730,0.005977930924298384,NA,NA,0.006025756562909975
35.5,24.5,13731,0.005504275951687133,NA,NA,0.00650275792338831
36.5,24.5,13732,0.0040537055590570276,NA,NA,0.006260478204862581
37.5,24.5,13733,0.004011697771514878,NA,NA,0.005968398841328691
38.5,24.5,13734,0.004897127458076308,NA,NA,0.005738521352442949
39.5,24.5,13735,0.004882570271830337,NA,NA,0.005955621988613198
40.5,24.5,13736,0.005458508408783559,NA,NA,NA
41.5,24.5,13737,0.004897694949229764,NA,NA,NA
42.5,24.5,13738,0.004577950968706499,NA,NA,NA
43.5,24.5,13739,0.00504583221777752,NA,NA,NA
44.5,24.5,13740,0.004736352432252629,NA,NA,NA
45.5,24.5,13741,0.004660987910100112,NA,NA,NA
46.5,24.5,13742,0.003793282971827955,NA,NA,NA
47.5,24.5,13743,0.00357469192120029,NA,NA,NA
48.5,24.5,13744,0.003500369311427456,NA,NA,NA
49.5,24.5,13745,0.0034552173856042317,NA,NA,NA
-59.5,25.5,13768,0.00332218589954933,0.0040835556914514785,0.008635083780595555,0.004054707643357572
-58.5,25.5,13769,0.007453387041032122,0.006325738382534276,0.003867204428466993,0.007244025428596783
-57.5,25.5,13770,0.0052442302933726455,0.014459477285856974,0.010710538743141726,0.005435846844948731
-56.5,25.5,13771,0.006735937037849046,0.03099080786594342,0.011260117087961813,0.011367827684284695
-55.5,25.5,13772,0.009310654410414803,0.1153037179085026,0.020275005698459587,0.012323693585802025
-54.5,25.5,13773,0.0066710955271016914,0.11502816123929296,0.030682448954529533,0.011785675592442577
-53.5,25.5,13774,0.0066710955271016914,0.048170721923517394,0.012269455653954322,0.01619340524820111
-52.5,25.5,13775,0.0065905576756671155,0.04058121315072749,0.01476858249222226,0.016794714799267026
-51.5,25.5,13776,0.011277125238815938,0.04805570413589708,0.04434061509113883,0.04169508572722791
-50.5,25.5,13777,0.009784528402167812,0.03939848795400075,0.0372385201585368,0.028442597045609416
-49.5,25.5,13778,0.010776999379985825,0.14349950531014188,0.043256171406103466,0.034281705577953694
-48.5,25.5,13779,0.008890772096215397,0.08516295952748794,0.029484235449616994,0.023330937300354047
-47.5,25.5,13780,0.004386649600550253,0.08343983842473825,0.040829048582862286,0.016903705972593296
-46.5,25.5,13781,0.010516532748450933,0.07379214368174392,0.0215932000637295,0.02416442986931383
-45.5,25.5,13782,0.013206884961486936,0.10821603289205607,0.015318578482915108,0.026033559731156886
-44.5,25.5,13783,0.011204134407650185,0.09494925997171483,0.014985606571184616,0.0295248415735256
-43.5,25.5,13784,0.016469250796492228,0.1497412161307776,0.01554812023597073,0.0374329322229651
-42.5,25.5,13785,0.016971969723377178,0.1845150420787683,0.040040890718840046,0.029028040681565132
-41.5,25.5,13786,0.014914144424782104,0.1339216484353388,0.04084372237272076,0.028747782976856637
-40.5,25.5,13787,0.01257496061058839,0.15022275290425308,0.056043990131222785,0.028119810829367056
-39.5,25.5,13788,0.012316576698545079,0.1311171776439359,0.03339079340554442,0.020481502132527883
-38.5,25.5,13789,0.007528854606336751,0.1187707824053269,0.0205215088717351,0.028653325996014674
-37.5,25.5,13790,0.009543986570132553,0.11703023699761797,0.024097936644573045,0.028358134919801006
-36.5,25.5,13791,0.0141730045058451,0.08836390221377513,0.029610307735614478,0.03665871935785246
-35.5,25.5,13792,0.015229313034909073,0.10877912249522428,0.02118738686496778,0.04233152919356068
-34.5,25.5,13793,0.01724785720299609,0.1523845868623164,0.043209861916061625,0.04197569171011151
-33.5,25.5,13794,0.016697047079120928,0.15262050140961053,0.27950254190372087,0.036193622421569996
-32.5,25.5,13795,0.01492296175986992,0.3566293385569718,0.2970545000668961,0.015431759151067072
-31.5,25.5,13796,0.0187973530905934,0.1727953532715258,0.35399748524969604,0.01327150394609691
-30.5,25.5,13797,0.02682219841108488,0.2569936957512703,0.39492724648133887,0.020612931258909273
-29.5,25.5,13798,0.024747222412704377,0.27419779743459655,0.38704122576433997,0.01456656314401646
-28.5,25.5,13799,0.029844612567398954,0.15866125025335354,0.3332783281217287,0.017622739431347022
-27.5,25.5,13800,0.033011113332236386,0.13387223434805243,0.388843705818557,0.04225322381732537
-26.5,25.5,13801,0.01675452667334177,0.08022319041356805,0.22404048312304406,0.03432040909375685
-25.5,25.5,13802,0.023744359497322193,0.11178443012858423,0.29440266574671964,0.0402551880341583
-24.5,25.5,13803,0.014047184999047852,0.07841295175453483,0.23851566256124246,0.020404739491880326
-23.5,25.5,13804,0.008711474783176885,0.041266608184301244,0.09347618541246336,0.010325908659760083
-22.5,25.5,13805,0.005577181071180135,0.0468079924473191,0.13406703371185721,0.009997233745551387
-21.5,25.5,13806,0.005536098317755473,0.03689364858369297,0.12361313380239979,0.012061796374077841
-20.5,25.5,13807,0.0053098864478707195,0.05272270121729473,0.13109373816649394,0.011947182099450091
-19.5,25.5,13808,0.00805643682464234,0.05125095040612717,0.1579545195373395,0.02142286061427753
-18.5,25.5,13809,0.006545894156984968,0.019422851436657427,0.14500274942347344,0.027175491561163487
-17.5,25.5,13810,0.008484763298348992,0.019779067773195345,0.11250434129863694,0.026603914902274782
-16.5,25.5,13811,0.007449668036070713,0.018255944070241788,0.18221804524048887,0.015306351393020189
-15.5,25.5,13812,0.004735414120649068,0.02004968243271244,0.04991529534586964,0.01323127071529842
-14.5,25.5,13813,0.004061086742731595,0.01100199066331559,0.00936478765254696,0.008015760587757654
-13.5,25.5,13814,0.004051781690955166,0.010839310209601908,0.009682525671860393,0.008316357183965378
-12.5,25.5,13815,0.009385089359986267,0.03171549480717924,0.029797283086705886,0.012814137685478537
-11.5,25.5,13816,0.008230066001211322,0.030192185799166806,0.020877854224528782,0.00939665535593737
-10.5,25.5,13817,0.008857012375004521,0.029746667349317746,0.03044279310764907,0.009586652570237192
-9.5,25.5,13818,0.003018590451905532,0.009555245846082493,0.006887634500952238,0.003384178506188829
-8.5,25.5,13819,0.002614494108163553,0.009188013189975357,0.0072578925172739756,0.0033235784473566463
-7.5,25.5,13820,0.0026142684691355697,0.009060894719014194,0.009046833789442734,0.0028118841948585717
-6.5,25.5,13821,0.004118149577276282,0.014648357177052334,0.028363433056884442,0.004705217910937826
-5.5,25.5,13822,0.003051328176859535,0.012491892980909055,0.012602904169004968,0.004089324732350748
-4.5,25.5,13823,0.004121987052690872,0.01285756344299904,0.03001014755888366,0.0038924080297144136
-3.5,25.5,13824,0.004435106627280786,0.012861657872659181,0.02541569938959366,0.0044493460285310715
-2.5,25.5,13825,0.004997460058416324,0.0155644768599801,0.039916694255718525,0.004654347335780885
-1.5,25.5,13826,0.005044976489821524,0.016555644084855076,0.05719695120966774,0.005217538033335635
-0.5,25.5,13827,0.005738909317167638,0.020946434063281682,0.04747857650594277,0.004912751546264602
0.5,25.5,13828,0.004482414279814751,0.013602639861543647,0.04082792898631072,0.0037753812128774877
1.5,25.5,13829,0.0064299360443535935,0.013308232814742579,0.04727577471909577,0.0037487132427108964
2.5,25.5,13830,0.005017443397726505,0.014221422118598868,0.04512035182246514,0.0038351718750107185
3.5,25.5,13831,0.005594733525001471,0.015986434494008123,0.03815345065301921,0.004928367206772825
4.5,25.5,13832,0.007541796025691287,0.024408699467082434,0.04282889173854681,0.004855303241934164
5.5,25.5,13833,0.008028803592036294,0.02570477520204561,0.0526463264826455,0.0053910079666487825
6.5,25.5,13834,0.007684427388011051,0.02295807590924279,0.04155486197316222,0.005489531506193224
7.5,25.5,13835,0.007649511861387799,0.028477570390521862,0.04371353658735695,0.006272347443351242
8.5,25.5,13836,0.0084825449684636,0.03688116437398776,0.052925522022425765,0.007919446693094375
9.5,25.5,13837,0.005184501496023224,0.017460538841893976,0.018327411714613138,0.003165305548555367
10.5,25.5,13838,0.008401040341409153,0.030076799893342773,0.045324664665740935,0.006429034102507517
11.5,25.5,13839,0.0049779958806831625,0.01780487809531431,0.022548413719313837,0.004643809039966566
12.5,25.5,13840,0.010403086484490226,0.04010759606809273,0.06199675574868938,0.007736081298006518
13.5,25.5,13841,0.011732288213208888,0.0461930648633067,0.10818839509458061,0.009399140115754698
14.5,25.5,13842,0.010858078614665593,0.03615122047718638,0.08354616117083113,0.010407077533708816
15.5,25.5,13843,0.012782145112269406,0.04013545193176032,0.07293726928027675,0.009242278903279324
16.5,25.5,13844,0.012915568891807063,0.053071521411219805,0.0690592795508805,0.009861473804289068
17.5,25.5,13845,0.012930327871711585,0.02761362818049008,0.07480383101310566,0.009690224600618939
18.5,25.5,13846,0.01072187816068691,0.03451687645348457,0.04146627325555863,0.01062840128498787
19.5,25.5,13847,0.010434505485043459,0.029003199448662392,0.05598144678984123,0.010731667874095081
20.5,25.5,13848,0.011339564761567231,0.03168581231674491,NA,0.009532821056083654
21.5,25.5,13849,0.010741886740626537,0.03238854252536458,NA,0.010272315810566712
22.5,25.5,13850,0.010997402032164729,0.030822986719073676,NA,0.010272315810566712
23.5,25.5,13851,0.009816968587170445,0.029577308169908997,NA,0.010272315810566712
24.5,25.5,13852,0.010706500340472864,0.029515825183708717,NA,0.010430995324642183
25.5,25.5,13853,0.009726876216366592,0.027687782094510276,NA,0.009662067070819695
26.5,25.5,13854,0.008637771183530199,0.028114606388296437,NA,0.01035632009310002
27.5,25.5,13855,0.006868663442673931,0.028443854104813333,NA,0.011377994715675688
28.5,25.5,13856,0.0057164095759101915,0.025016849153370945,NA,0.008413641452521358
29.5,25.5,13857,0.005470223037553055,0.022788927148457972,NA,0.007908959399166294
30.5,25.5,13858,0.0065917819396309595,NA,NA,0.00724883611665048
31.5,25.5,13859,0.004436079149903641,NA,NA,0.008074096355284027
32.5,25.5,13860,0.00425907444269592,NA,NA,0.0068475281097964006
33.5,25.5,13861,0.00483735229474338,NA,NA,0.008540075360342595
34.5,25.5,13862,0.005254226177987648,NA,NA,0.007825451422294601
35.5,25.5,13863,0.006187050303162027,NA,NA,0.007661726510104414
36.5,25.5,13864,0.006218197710047575,NA,NA,0.009049787868360826
37.5,25.5,13865,0.005201283133074136,NA,NA,0.00678813392583443
38.5,25.5,13866,0.004243702911548257,NA,NA,0.006803980831178113
39.5,25.5,13867,0.004476720145167838,NA,NA,0.007108794155349451
40.5,25.5,13868,0.004616508578765475,NA,NA,NA
41.5,25.5,13869,0.004403082692703094,NA,NA,NA
42.5,25.5,13870,0.004510136774002409,NA,NA,NA
43.5,25.5,13871,0.004373157178874859,NA,NA,NA
44.5,25.5,13872,0.0035307650610966797,NA,NA,NA
45.5,25.5,13873,0.0034757119785558013,NA,NA,NA
46.5,25.5,13874,0.0034757119785558013,NA,NA,NA
47.5,25.5,13875,0.003483312615545558,NA,NA,NA
48.5,25.5,13876,0.0035058347676329453,NA,NA,NA
49.5,25.5,13877,0.0035058347676329453,NA,NA,NA
-59.5,26.5,13898,0.0022467696918845002,0.0031070234537432405,0.00642118046841463,0.002305159164181241
-58.5,26.5,13899,0.0033901996210440647,0.00406562587232564,0.008960918425030962,0.0032988139661729986
-57.5,26.5,13900,0.0037774696601034848,0.016170780366543146,0.005818284365558555,0.0040421662306401795
-56.5,26.5,13901,0.004752599843833109,0.009691895963823863,0.008235089328856233,0.004939656306356243
-55.5,26.5,13902,0.006556175994713581,0.037906187529047404,0.0193463331078955,0.007216577917222697
-54.5,26.5,13903,0.0066743953627726085,0.02962529770477466,0.011000760522611848,0.007895088168590884
-53.5,26.5,13904,0.006734669004118566,0.04283387440843063,0.02507161906323581,0.008288986518160067
-52.5,26.5,13905,0.007713028336289996,0.03134863333230499,0.020554484628301735,0.010717701258617384
-51.5,26.5,13906,0.00671191175759959,0.030204524830068673,0.015270840820499182,0.013283315344122842
-50.5,26.5,13907,0.013365971756685658,0.05861377529029141,0.0239041720203241,0.0329790008609629
-49.5,26.5,13908,0.009340409833682103,0.028147534458930083,0.027521425614154105,0.023862899040407486
-48.5,26.5,13909,0.011202601741565418,0.12956152123690745,0.020719749669168744,0.021608592736579738
-47.5,26.5,13910,0.0086127210120228,0.180562586932571,0.020747280569448367,0.02280285762931695
-46.5,26.5,13911,0.011835492432309355,0.2697419840469698,0.03788248758767671,0.022386899330117154
-45.5,26.5,13912,0.010110160477101443,0.20077141481339067,0.030165830599019252,0.02504711673176648
-44.5,26.5,13913,0.008059726141165657,0.14125789499972713,0.016724139447041778,0.02687431383307347
-43.5,26.5,13914,0.011191759323136865,0.11099835449951086,0.02504502375190968,0.025900563044614577
-42.5,26.5,13915,0.011126901178859425,0.0673863092197848,0.03403535850845635,0.02200248487598854
-41.5,26.5,13916,0.010361197259448899,0.07523043337661184,0.032371915563209265,0.02418171267718509
-40.5,26.5,13917,0.011880481578131001,0.11400714225905989,0.018690397740012143,0.02527760157611375
-39.5,26.5,13918,0.01366925868205127,0.06815279674895451,0.02450387631988713,0.026629670855828222
-38.5,26.5,13919,0.006272707856455271,0.08437708901961778,0.02051059582685195,0.020721575351448893
-37.5,26.5,13920,0.005255864972289349,0.05446807342943799,0.010701355990640761,0.014127844107643114
-36.5,26.5,13921,0.017063826225015205,0.0875071687657593,0.021742081372069257,0.015873410826834397
-35.5,26.5,13922,0.011738466159758383,0.06803591276758253,0.01565092941443943,0.01873695457245966
-34.5,26.5,13923,0.013389134972273625,0.08047344467516297,0.03297075351646074,0.03156593368036384
-33.5,26.5,13924,0.014080528601618953,0.11654221998715848,0.03120810550445209,0.026404697248437515
-32.5,26.5,13925,0.013819401651786519,0.12461380877295276,0.03335457002960563,0.014161677458296712
-31.5,26.5,13926,0.018114445265019482,0.1737970597180574,0.03331380640406421,0.014699097304346773
-30.5,26.5,13927,0.015335370626754599,0.1467944979880765,0.1964805159270433,0.011705488037407681
-29.5,26.5,13928,0.016740537401975123,0.12249054046894557,0.18969242548975643,0.013272755870448337
-28.5,26.5,13929,0.01433003745398876,0.15984021205268045,0.1530940861416903,0.011787617617536092
-27.5,26.5,13930,0.0356936319509421,0.23572288906297387,0.222072576137254,0.011912317075613651
-26.5,26.5,13931,0.013293407495159944,0.0983215661404361,0.06495965674391728,0.007264092328903995
-25.5,26.5,13932,0.01538036406359226,0.1310469399857964,0.08209356990841636,0.010146019585484561
-24.5,26.5,13933,0.01380210651152574,0.07889501175163305,0.057107514498069584,0.009793953839769977
-23.5,26.5,13934,0.01517778060015437,0.054196454350063844,0.05994295649773677,0.01113009256922581
-22.5,26.5,13935,0.012920129519091673,0.045962966917256216,0.05641107693630179,0.009319643823502472
-21.5,26.5,13936,0.018377190481187234,0.07479040998476105,0.10090769854700293,0.013754990708043442
-20.5,26.5,13937,0.018860271005197524,0.0715036519789888,0.08798496873423413,0.013670665482827086
-19.5,26.5,13938,0.00995881297481077,0.0339974018681504,0.050661954168187744,0.006206424086596029
-18.5,26.5,13939,0.009437645225235323,0.03201868067143438,0.04335247709297154,0.005675802606886434
-17.5,26.5,13940,0.01401547483231383,0.08853073877045443,0.08476844023083312,0.010681569173774183
-16.5,26.5,13941,0.01380939663191621,0.13249948197025968,0.1098984232698616,0.013567406799097485
-15.5,26.5,13942,0.01563212293555537,0.056501063702289266,0.10251220390160236,0.01206899479329862
-14.5,26.5,13943,0.012912018735930507,0.034518732055750526,0.0537684225978237,0.00849246285423151
-13.5,26.5,13944,0.009406317236515915,0.022906876054336403,0.0336725330030168,0.006903537770249814
-12.5,26.5,13945,0.01738970036773242,0.040226992647915905,0.12168856595507023,0.01088348765608729
-11.5,26.5,13946,0.012160095631941887,0.012073301804779595,0.007705060930707094,0.006506659160496107
-10.5,26.5,13947,0.018608496351542915,0.017874699936587465,0.017588982905181638,0.009634428425846601
-9.5,26.5,13948,0.008560208968214484,0.007945490797341971,0.007459233767692579,0.003627420581341305
-8.5,26.5,13949,0.011473161400956687,0.00955281342036081,0.004870166084082136,0.0048337220313470685
-7.5,26.5,13950,0.015976078810523167,0.011005311692638,0.005821320118217163,0.004095742740848129
-6.5,26.5,13951,0.007041805573296461,0.0061099227683795235,0.004045764435294411,0.0024631035018835294
-5.5,26.5,13952,0.009742817626364782,0.00892449693970758,0.006419167197693772,0.0031935689822185807
-4.5,26.5,13953,0.017781846832533504,0.01212019583592951,0.012853649191785419,0.005077951091030583
-3.5,26.5,13954,0.014399975819090565,0.01304869524001791,0.01616544483526667,0.005287897056479195
-2.5,26.5,13955,0.010155886409096,0.00869869824623145,0.018561330285858994,0.004464279525332551
-1.5,26.5,13956,0.011766721020611921,0.008779360211666101,0.032089949813441994,0.003960783989028858
-0.5,26.5,13957,0.011957570494807813,0.008836261586019887,0.029014926143734233,0.00434993474964033
0.5,26.5,13958,0.01015670459475638,0.009137635916364946,0.06481905181587656,0.004433169291184907
1.5,26.5,13959,0.01068339990154933,0.009340531089552687,0.041209969716440996,0.004495328379569745
2.5,26.5,13960,0.010270890161411925,0.00962049595787484,0.043308103175066635,0.006167542282330042
3.5,26.5,13961,0.009054456734809788,0.00931987232939528,0.04590204115413382,0.005305829084601795
4.5,26.5,13962,0.009725621561652952,0.01077180804211479,0.050616026209814056,0.007642769980072098
5.5,26.5,13963,0.010084425888862724,0.015148603093110854,0.06242510971432357,0.006526278482611288
6.5,26.5,13964,0.008979231733882981,0.017774204208300354,0.06158425545320794,0.005631002837348034
7.5,26.5,13965,0.010515448081953446,0.021399092540569573,0.08428090096043447,0.007240209591609877
8.5,26.5,13966,0.009351471215870608,0.02705832980143913,0.0831511224718631,0.006921080844441178
9.5,26.5,13967,0.010731981489174805,0.023293980332164094,0.07659241859946629,0.006239020744701352
10.5,26.5,13968,0.009607875293528162,0.022001364219783475,0.07471648956032328,0.006589672229183492
11.5,26.5,13969,0.009011277369879608,0.016363377976532933,0.05278799039477718,0.005826058614370603
12.5,26.5,13970,0.009782196625386609,0.01833074346396036,0.07879882657407287,0.0067366492309719524
13.5,26.5,13971,0.012186699437563344,0.03524648552938266,0.079590357839787,0.0068595823940777595
14.5,26.5,13972,0.012160687958632187,0.02374612424599352,0.07535965180296175,0.006877138244711505
15.5,26.5,13973,0.012539861587447925,0.02013474247426624,0.08166060711320308,0.007054015993209613
16.5,26.5,13974,0.012989737599675902,0.019596494366782832,0.07992821210755348,0.008501326567113394
17.5,26.5,13975,0.012817531213726915,0.0232784787672938,0.11543339647540925,0.01047911380158473
18.5,26.5,13976,0.012273744898897012,0.02397770082889487,0.049127700598306394,0.008869474001446626
19.5,26.5,13977,0.012592017307812623,0.02006177747470678,0.020791842403901594,0.009445247176680403
20.5,26.5,13978,0.013266761530844804,0.019950173780679988,NA,0.009473124678644793
21.5,26.5,13979,0.013040911424171098,0.019933212801214524,NA,0.013338259605202272
22.5,26.5,13980,0.010714185167453972,0.022500003294204343,NA,0.010056541698313796
23.5,26.5,13981,0.010028402795984213,0.019890228090171894,NA,0.011039863356022946
24.5,26.5,13982,0.007388615407070876,0.01968212590891135,NA,0.011941137016352053
25.5,26.5,13983,0.00726161708522697,0.023946171341762017,NA,0.009714631166691804
26.5,26.5,13984,0.006903374674651301,0.017407464406107402,NA,0.008066488049742271
27.5,26.5,13985,0.006623680734638893,0.016682020243897974,NA,0.007564662953579046
28.5,26.5,13986,0.006039172869851154,0.01730724696401411,NA,0.006931882139856743
29.5,26.5,13987,0.00596078782357923,0.012227995426773821,NA,0.007658560078568128
30.5,26.5,13988,0.005967965565945075,NA,NA,0.008287187567989258
31.5,26.5,13989,0.007649724401667536,NA,NA,0.00825880654492471
32.5,26.5,13990,0.004832371126796321,NA,NA,0.008283373694637443
33.5,26.5,13991,0.0049958579770828845,NA,NA,0.008025312654965835
34.5,26.5,13992,0.004961833577131555,NA,NA,0.008220383068838375
35.5,26.5,13993,0.005317736193343986,NA,NA,0.00565870257555446
36.5,26.5,13994,0.005033654516970895,NA,NA,0.005274001052904875
37.5,26.5,13995,0.0045474424956016635,NA,NA,0.006307092580232774
38.5,26.5,13996,0.004786935233046046,NA,NA,0.007324159762400383
39.5,26.5,13997,0.00327221159988334,NA,NA,0.007118657588495447
40.5,26.5,13998,0.003584681920578684,NA,NA,NA
41.5,26.5,13999,0.0034758355657183724,NA,NA,NA
42.5,26.5,14000,0.0038042916531565783,NA,NA,NA
43.5,26.5,14001,0.0036641329009808815,NA,NA,NA
44.5,26.5,14002,0.004955234384790565,NA,NA,NA
45.5,26.5,14003,0.004256601586305653,NA,NA,NA
46.5,26.5,14004,0.0038425255868930483,NA,NA,NA
47.5,26.5,14005,0.003483312615545558,NA,NA,NA
48.5,26.5,14006,0.0035058347676329453,NA,NA,NA
49.5,26.5,14007,0.003463266749483582,NA,NA,NA
-58.5,27.5,14027,0.002122810648973566,0.009941726869035146,0.00442589590795654,0.002122810648973566
-57.5,27.5,14028,0.00461381368271095,0.0063446578437075,0.005959300710010883,0.003091632579306704
-56.5,27.5,14029,0.0022453970938256756,0.007340760102439314,0.0063251719221015185,0.003785282167451299
-55.5,27.5,14030,0.004580163085297238,0.004810389065829936,0.006851102558232482,0.003155037676096786
-54.5,27.5,14031,0.005031619251644669,0.009019637422800026,0.008681533857674607,0.0051825976339477066
-53.5,27.5,14032,0.006363301205894479,0.016657269467850122,0.009980478776808828,0.0069487251410983745
-52.5,27.5,14033,0.0074027768894344825,0.020023974922147098,0.017082117478725404,0.008141122964830617
-51.5,27.5,14034,0.007745795711241551,0.024751651550194775,0.022535088851841967,0.009145870295412814
-50.5,27.5,14035,0.006686694745651989,0.017685232587372306,0.01962921658612379,0.01405335998262389
-49.5,27.5,14036,0.010885787123519638,0.026366476557882157,0.04933146455366709,0.021007279844046614
-48.5,27.5,14037,0.011652603757606734,0.025237868557330654,0.035392798596917734,0.023885452029801503
-47.5,27.5,14038,0.010126609286605028,0.12314651688501388,0.0349516271617362,0.022811786887706888
-46.5,27.5,14039,0.011066955162029433,0.0960179398237523,0.03664702153823829,0.02278042667549439
-45.5,27.5,14040,0.010251028700302941,0.15176193148796957,0.02328126737114905,0.024620466974525516
-44.5,27.5,14041,0.009413879819256139,0.1298579540694297,0.026122136071231882,0.019799603396083967
-43.5,27.5,14042,0.010582920449419421,0.1365274392930207,0.03022396359070531,0.02420393542092007
-42.5,27.5,14043,0.010248133540464117,0.14161240751603166,0.05221484484301491,0.026563953206811004
-41.5,27.5,14044,0.008979207208393274,0.1434492474211773,0.04753216857711349,0.017189911720949937
-40.5,27.5,14045,0.008952507759519003,0.08128548511839134,0.0321936685927628,0.024045438151052874
-39.5,27.5,14046,0.008342630885818514,0.06893766546068902,0.02516122729891814,0.023068520746428553
-38.5,27.5,14047,0.008136043097853936,0.042792891923939966,0.029223251992873213,0.0189907363740838
-37.5,27.5,14048,0.0055831611183453905,0.041376137319196364,0.00875088209464048,0.013893312487686781
-36.5,27.5,14049,0.018305030407465214,0.09033500241994345,0.028347464846917376,0.026877573957442908
-35.5,27.5,14050,0.012482170462410463,0.055136491286032194,0.03759200449904006,0.017889228388007977
-34.5,27.5,14051,0.01171343377856011,0.0828807116579643,0.0258762089622103,0.018500197913782112
-33.5,27.5,14052,0.023630008061863786,0.1022746288460977,0.0274551803395688,0.01846806707914084
-32.5,27.5,14053,0.017187282305848418,0.09729791988071496,0.0371424437926488,0.017166539292193535
-31.5,27.5,14054,0.017763071500325533,0.08998620317113896,0.037635974234827715,0.016484741694990035
-30.5,27.5,14055,0.010413868043440041,0.060068865677472764,0.026744737987452902,0.006203679103399317
-29.5,27.5,14056,0.012293019939631942,0.05447110514936651,0.015728807598117865,0.0042918117929831075
-28.5,27.5,14057,0.01414372200337169,0.05713754670329856,0.02867889610086798,0.0069668919436034
-27.5,27.5,14058,0.014603135264227136,0.061032741111014754,0.02641971461928371,0.007387912774675655
-26.5,27.5,14059,0.031074975123974235,0.11587576969261959,0.03716982838367354,0.020072719970481375
-25.5,27.5,14060,0.014132335692972982,0.07442141356024322,0.015661563451476776,0.007577022318865719
-24.5,27.5,14061,0.016853721722771803,0.06697030181624183,0.018008382281833567,0.008338854159766798
-23.5,27.5,14062,0.01140726724410049,0.09774902125552085,0.014464474320358458,0.005540049762005872
-22.5,27.5,14063,0.011903793762871385,0.05116483766116508,0.012224544319998277,0.006847428868548648
-21.5,27.5,14064,0.013070113458663428,0.0666489986173069,0.04119721881147928,0.005439992965386948
-20.5,27.5,14065,0.008143002471344453,0.031861713342404625,0.04086960783204131,0.004761495375955738
-19.5,27.5,14066,0.011642476832701148,0.03644905558826199,0.04610332023238248,0.006896200535226421
-18.5,27.5,14067,0.011960035765512704,0.03706041667174099,0.07531502632572241,0.008519453772046085
-17.5,27.5,14068,0.027015960690006783,0.04382503631693865,0.06910049414515328,0.0073488655009912715
-16.5,27.5,14069,0.016098265218091077,0.0394595170840619,0.08192231159075879,0.007733309718960131
-15.5,27.5,14070,0.014068228946946277,0.049055804094449075,0.08716702038752266,0.00814657579495965
-14.5,27.5,14071,0.017024038358266998,0.07004191478149863,0.12177136479238895,0.0085556063999784
-13.5,27.5,14072,0.01724318478855118,0.06459337195567431,0.15307519016386611,0.009585921562945994
-12.5,27.5,14073,0.015209423557005535,0.04050481073947392,0.01475821755451868,0.006503033124028499
-11.5,27.5,14074,0.019961827097990464,0.028616342788961538,0.023163118810893276,0.00868924520689532
-10.5,27.5,14075,0.018018728940615767,0.02978795967361708,0.016392904149496706,0.008456975956372926
-9.5,27.5,14076,0.008494529215747733,0.010877743861023881,0.004314796986169908,0.002978717719836308
-8.5,27.5,14077,0.01029801736059498,0.009201615538435681,0.004782716202901673,0.0035537360665153107
-7.5,27.5,14078,0.009390242263000654,0.006954945380089683,0.0054571301385280225,0.002996438727742079
-6.5,27.5,14079,0.010273602318270299,0.00963859043274145,0.004641328605797464,0.0030513955231334347
-5.5,27.5,14080,0.011442008134536205,0.008708921204742617,0.004408810522337645,0.0028150389407821785
-4.5,27.5,14081,0.013876713206351466,0.012835553083098163,0.009242798334317508,0.004688018710649515
-3.5,27.5,14082,0.011594040548051621,0.009340086352695013,0.011289729377020137,0.003772734448845031
-2.5,27.5,14083,0.01384272022794114,0.00680599956904732,0.011689752258020067,0.003381833446015043
-1.5,27.5,14084,0.012983995566135173,0.006712693021447442,0.012084314246807748,0.0034133625386414067
-0.5,27.5,14085,0.013743149946694552,0.007006407450980287,0.012145416152164194,0.003527469065367291
0.5,27.5,14086,0.01413085931709258,0.007439760089640449,0.01614978834030324,0.004059796100324638
1.5,27.5,14087,0.015064479908002859,0.00684848730529374,0.02180174109848624,0.004338729799736834
2.5,27.5,14088,0.014486871711420138,0.00660416020312197,0.020524048378194642,0.003605722202681971
3.5,27.5,14089,0.01373542200803614,0.010286591246006008,0.031156494767367295,0.004311728027240458
4.5,27.5,14090,0.011276068388577788,0.008074346792450638,0.026705977664422863,0.003624669582491194
5.5,27.5,14091,0.012674129964228712,0.008671955865144168,0.03992903596590555,0.004045705872375543
6.5,27.5,14092,0.012202347557062008,0.009529561912263777,0.04128201922526691,0.004457758637444791
7.5,27.5,14093,0.01272930536302301,0.010394708416656412,0.04200197506267748,0.0039004160193185536
8.5,27.5,14094,0.012558539447160531,0.01227071302604414,0.05183245253011507,0.0038562809844915054
9.5,27.5,14095,0.012106854825639878,0.011497613537995574,0.05949354991985386,0.003812954760769587
10.5,27.5,14096,0.010858817083784195,0.011897092970723017,0.046465169725373394,0.0036317939392419125
11.5,27.5,14097,0.010452561060055928,0.012878752625246624,0.058511279932089745,0.00423084209748306
12.5,27.5,14098,0.010332021772323906,0.013698472131990255,0.04653402436384515,0.004711216468354111
13.5,27.5,14099,0.010283112029969637,0.014014833696597442,0.050905141697208986,0.005384166944309112
14.5,27.5,14100,0.009285440368460131,0.014122955216171707,0.05203278528136143,0.005492049034715937
15.5,27.5,14101,0.010458744837423511,0.012652028392972085,0.05272031791252205,0.006564033055806852
16.5,27.5,14102,0.010036229850717409,0.01368024436532232,0.05281763959670485,0.005901079292232158
17.5,27.5,14103,0.010417404244574564,0.012585100977745796,0.06323652468470464,0.007005584729219359
18.5,27.5,14104,0.009137400826434317,0.013434689228195644,0.024203320755743114,0.005773071182547533
19.5,27.5,14105,0.009529073530034574,0.011340434029259203,0.02733894851977842,0.0059165104638918276
20.5,27.5,14106,0.01032017773443481,0.01156487176910073,NA,0.006288142443402629
21.5,27.5,14107,0.009462978907034474,0.009094327927333137,NA,0.005744430625370647
22.5,27.5,14108,0.009701480099151798,0.014188546614044208,NA,0.006173822514180448
23.5,27.5,14109,0.009333873958918007,0.020231288664159162,NA,0.007678714420837744
24.5,27.5,14110,0.008425738882503602,0.017502069419974942,NA,0.007385068608232686
25.5,27.5,14111,0.008266581751174546,0.02172518470848007,NA,0.00771964183422663
26.5,27.5,14112,0.006328820934300257,0.016669548796768945,NA,0.004719452346592407
27.5,27.5,14113,0.006404560290492162,0.015831112840124315,NA,0.005265370952286915
28.5,27.5,14114,0.006357400967773185,0.009854998840396327,NA,0.005390293337138369
29.5,27.5,14115,0.006130084405839436,0.009796700822429606,NA,0.0053158776726870615
30.5,27.5,14116,0.005879189760806421,NA,NA,0.005671441381247773
31.5,27.5,14117,0.005824947939850133,NA,NA,0.005614047230163803
32.5,27.5,14118,0.005794862152717407,NA,NA,0.005740295170991196
33.5,27.5,14119,0.00486657297849191,NA,NA,0.008851810542071967
34.5,27.5,14120,0.004864929490735961,NA,NA,0.0076131697385577205
35.5,27.5,14121,0.004815312063124485,NA,NA,0.006767381093717751
36.5,27.5,14122,0.005402192331220836,NA,NA,0.00701373726964335
37.5,27.5,14123,0.005026017687447045,NA,NA,0.005874644680429341
38.5,27.5,14124,0.00405739050169164,NA,NA,0.005328150068377005
39.5,27.5,14125,0.0051076404461250354,NA,NA,0.004522105963078651
40.5,27.5,14126,0.004381344410720634,NA,NA,NA
41.5,27.5,14127,0.00323354754142335,NA,NA,NA
42.5,27.5,14128,0.0026432663069075536,NA,NA,NA
43.5,27.5,14129,0.002482021082857221,NA,NA,NA
44.5,27.5,14130,0.002381832439810957,NA,NA,NA
45.5,27.5,14131,0.002914924038130251,NA,NA,NA
46.5,27.5,14132,0.003269980985326576,NA,NA,NA
47.5,27.5,14133,0.003269980985326576,NA,NA,NA
48.5,27.5,14134,0.0032302674321821284,NA,NA,NA
49.5,27.5,14135,0.0031301687974057387,NA,NA,NA
-57.5,28.5,14152,0.0038071071139257383,0.010670851053052707,0.007083123420476345,0.0032219310487410073
-56.5,28.5,14153,0.0037724235024397604,0.003810224935976369,0.004881557846213481,0.003054404299074433
-55.5,28.5,14154,0.004181510147316148,0.0037667034023725807,0.005582783317466336,0.002579708418634553
-54.5,28.5,14155,0.003474235758814668,0.0041599494880265805,0.007084099852827809,0.003043363509306966
-53.5,28.5,14156,0.0050382804851334785,0.006475682707556003,0.011330655725033162,0.00502090099031051
-52.5,28.5,14157,0.010229452549318363,0.01224505092387742,0.009998325239999724,0.008378762951027036
-51.5,28.5,14158,0.007264369812733031,0.01271054084269757,0.01665260950872871,0.011008510206405604
-50.5,28.5,14159,0.007566859088858786,0.0132410042086182,0.01581812890897421,0.008641615633028666
-49.5,28.5,14160,0.008271094149631527,0.014070337682325027,0.017544551113301974,0.017243164944891462
-48.5,28.5,14161,0.014879377310539635,0.02263876542385312,0.03529436700489745,0.01692235994186149
-47.5,28.5,14162,0.01289258776562463,0.017604524465843905,0.025255394745555063,0.015614828576144137
-46.5,28.5,14163,0.009112165668974069,0.02334116404221354,0.03514790794437627,0.01892883339387207
-45.5,28.5,14164,0.008994381471218317,0.016305119810641377,0.02553035927920989,0.019530659891362045
-44.5,28.5,14165,0.010671120334171565,0.013959386650714136,0.017115541861929172,0.018480506009408152
-43.5,28.5,14166,0.01161705104852957,0.013636065865134286,0.021121145055835865,0.022006668531256667
-42.5,28.5,14167,0.011191942128154502,0.016466627157716848,0.023187291587664593,0.020612894015533564
-41.5,28.5,14168,0.009035066596845515,0.019060078094762258,0.026850022074287883,0.014204154336428371
-40.5,28.5,14169,0.007362301281137549,0.018530184604192215,0.018866213564305026,0.01754356946334699
-39.5,28.5,14170,0.008714251242326509,0.01656064621150959,0.018173533440660403,0.016114864724243283
-38.5,28.5,14171,0.008732025705638302,0.03594922605622829,0.017617678220788198,0.01394735055269093
-37.5,28.5,14172,0.009717905769244695,0.09456051905988669,0.02641760625556142,0.01643168219847292
-36.5,28.5,14173,0.016024654538594935,0.12271850404176073,0.02852519805163553,0.045826220403032816
-35.5,28.5,14174,0.011325367761727849,0.10144477561591789,0.025715806832015593,0.028222052490241917
-34.5,28.5,14175,0.014430721019569617,0.10903772165830056,0.015592159554034434,0.025676425082797105
-33.5,28.5,14176,0.014309112104508465,0.14987460575740028,0.036371736439512865,0.01491079191440239
-32.5,28.5,14177,0.009429734657909429,0.051278979718386186,0.023019710928123827,0.012574827390159157
-31.5,28.5,14178,0.00958444828769746,0.04429860713665712,0.02222430796073217,0.013010231449681664
-30.5,28.5,14179,0.010159082103043513,0.0416667437783576,0.012385164296414024,0.013232786253895998
-29.5,28.5,14180,0.008890116761742206,0.03822007899999959,0.013179560075202329,0.012557596616134172
-28.5,28.5,14181,0.011073432426896412,0.045341751737879916,0.018874772235562384,0.013095116645792852
-27.5,28.5,14182,0.009862955317292522,0.04681042303773396,0.015363351716993361,0.010185887595794113
-26.5,28.5,14183,0.013998089627545743,0.07123022795898136,0.030056276685148285,0.009552994959811299
-25.5,28.5,14184,0.008595208288277362,0.03281611669852691,0.020645024756138858,0.0043378642709410485
-24.5,28.5,14185,0.00809095989624745,0.02257180139047503,0.026870426072088976,0.00404305983454919
-23.5,28.5,14186,0.007884454930710489,0.02406060111280253,0.018121664148515876,0.003504463431935626
-22.5,28.5,14187,0.005940268406200331,0.03202290543565363,0.014170737235584523,0.0034661948350839713
-21.5,28.5,14188,0.005903602471110819,0.028351477787468427,0.0130064894724889,0.0029606775473241145
-20.5,28.5,14189,0.00502537704571449,0.026520222121340857,0.010355683228302779,0.0033010014228735487
-19.5,28.5,14190,0.008723975695676048,0.04978053062029153,0.014218646510679132,0.005702881266223351
-18.5,28.5,14191,0.006610653024804838,0.04380714558103892,0.014772136009949099,0.005556033633733997
-17.5,28.5,14192,0.006055640287261288,0.029465236800763184,0.009644996604545536,0.0035978282742288982
-16.5,28.5,14193,0.005460782362770278,0.015244308199306524,0.007566640876201914,0.0032304568650038256
-15.5,28.5,14194,0.005440377986435622,0.01911183164041811,0.006615038921865082,0.004371817167137008
-14.5,28.5,14195,0.008208059079841755,0.032322979568108014,0.013474995343016728,0.005215304468547676
-13.5,28.5,14196,0.010147218282806472,0.03478280191617787,0.018879149737091167,0.005696826822305899
-12.5,28.5,14197,0.011852871533922053,0.04432357153465971,0.025931868198111337,0.005748559521508049
-11.5,28.5,14198,0.011966481054003473,0.04689391297329602,0.023233638432044398,0.005667294804939996
-10.5,28.5,14199,0.012331627804156862,0.03941175577806317,0.022908596138124238,0.006491648102384034
-9.5,28.5,14200,0.005412218564274595,0.01854203883726715,0.007785267437714867,0.00310358194442456
-8.5,28.5,14201,0.008247128993042974,0.01533309058470398,0.012960583817431114,0.0034609926297804326
-7.5,28.5,14202,0.008360946639170811,0.010995040385288243,0.012904955516542404,0.0034374037964762087
-6.5,28.5,14203,0.008870954695908071,0.013408650108508497,0.014038839636581465,0.003503871905122014
-5.5,28.5,14204,0.008908827282569568,0.019040151136806408,0.014878142714559773,0.0038530126332581623
-4.5,28.5,14205,0.00721874380744773,0.01083559048909798,0.014401595202332616,0.003317690846851753
-3.5,28.5,14206,0.008801800503910912,0.01276940460573863,0.015598166152977343,0.004153526671144902
-2.5,28.5,14207,0.00851339427953702,0.01071730236943414,0.011245424934836929,0.0038639547134826165
-1.5,28.5,14208,0.007476339537114758,0.01070420642222837,0.009790347934174578,0.0034865160385391123
-0.5,28.5,14209,0.009620092111140236,0.010878805140009431,0.010941190682400863,0.003476011263461494
0.5,28.5,14210,0.010985676508753029,0.011639770498126213,0.01496111573009423,0.0036941720263872087
1.5,28.5,14211,0.010809195435171153,0.011906379710438793,0.01411232834398662,0.0033481911171970914
2.5,28.5,14212,0.010355176074605094,0.015776261641567438,0.018728441635249875,0.0035032260141984557
3.5,28.5,14213,0.008877244854509284,0.012388016227666946,0.037959783544815155,0.00326331994327207
4.5,28.5,14214,0.00853515751258041,0.013994787962772674,0.030730636461148153,0.003065265490940427
5.5,28.5,14215,0.008473333006849885,0.01207769960623401,0.02114602887788588,0.003105775365789978
6.5,28.5,14216,0.008308454431512917,0.014098580197222665,0.020257512644378545,0.002696166709685474
7.5,28.5,14217,0.008367198548512308,0.018847127164449796,0.019977344485748016,0.002783489130204663
8.5,28.5,14218,0.009186208739933354,0.014450144367629186,0.021291992595333976,0.0027390994615542875
9.5,28.5,14219,0.009186208739933354,0.017110126864798323,0.01713345563039882,0.0033004879300845766
10.5,28.5,14220,0.01045377940554975,0.010545447268461858,0.02534031424190401,0.0033116138133074467
11.5,28.5,14221,0.01003243078595276,0.01077361212327023,0.024665438065725884,0.0033838002624842346
12.5,28.5,14222,0.009869768780588525,0.011413143682969131,0.02157057249483578,0.004012005911856808
13.5,28.5,14223,0.009926258058116168,0.011941604280086346,0.02194225535198556,0.003823146185157913
14.5,28.5,14224,0.009662956536064516,0.010676508522029504,0.022424446451901777,0.0037256536354213637
15.5,28.5,14225,0.010982220024474267,0.010311650008564136,0.023312434069518446,0.004139580895285397
16.5,28.5,14226,0.010982220024474267,0.009671551464604777,0.03077325853274038,0.004047292959065487
17.5,28.5,14227,0.009675444061560777,0.008391177720539657,0.01191388229557195,0.004009696062825057
18.5,28.5,14228,0.011982433565044085,0.008568494152771156,0.016942259182780618,0.0043836532688621786
19.5,28.5,14229,0.009608009886642644,0.008587844529464586,0.015529992744525423,0.004336965304371595
20.5,28.5,14230,0.012514706405052633,0.010656029149360645,NA,0.0061236189632525905
21.5,28.5,14231,0.009950631534584465,0.009688527033251161,NA,0.006499564975044444
22.5,28.5,14232,0.011115212159197245,0.015240862814379705,NA,0.006157087086789391
23.5,28.5,14233,0.010368921027914339,0.009292876785895673,NA,0.0056779491535454574
24.5,28.5,14234,0.00742611633722111,0.010097126160433997,NA,0.005766716809741762
25.5,28.5,14235,0.007425628153543991,0.010821379223878633,NA,0.005713315602724417
26.5,28.5,14236,0.007967891543596325,0.010759156270164725,NA,0.0065250088195984764
27.5,28.5,14237,0.005821457376687524,0.007697277048924345,NA,0.0041433801718125975
28.5,28.5,14238,0.0055794429801639895,0.005977772653708512,NA,0.004039850079137768
29.5,28.5,14239,0.0052864519705444046,0.005466120764662121,NA,0.003977354717346332
30.5,28.5,14240,0.005273555688945923,NA,NA,0.003994436967857272
31.5,28.5,14241,0.005273555688945923,NA,NA,0.003994436967857272
32.5,28.5,14242,0.0055574835430323,NA,NA,0.004254213722560652
33.5,28.5,14243,0.005301269501234697,NA,NA,0.006952202884987779
34.5,28.5,14244,0.005517960134260941,NA,NA,0.008589845177722868
35.5,28.5,14245,0.004865688842469479,NA,NA,0.006286828831167714
36.5,28.5,14246,0.0047591422024967234,NA,NA,0.005211707430667955
37.5,28.5,14247,0.005165417534031546,NA,NA,0.004877029412630618
38.5,28.5,14248,0.0042208047932031185,NA,NA,0.005003546437851961
39.5,28.5,14249,0.0043514099298703375,NA,NA,0.0042375525105009864
40.5,28.5,14250,0.0037733898858659295,NA,NA,NA
41.5,28.5,14251,0.0037733898858659295,NA,NA,NA
42.5,28.5,14252,0.0030464116164716235,NA,NA,NA
43.5,28.5,14253,0.0029686234817484286,NA,NA,NA
44.5,28.5,14254,0.002463754629040263,NA,NA,NA
45.5,28.5,14255,0.002348978942330675,NA,NA,NA
46.5,28.5,14256,0.0029047909011355984,NA,NA,NA
47.5,28.5,14257,0.0032792449693098075,NA,NA,NA
48.5,28.5,14258,0.002767673126269314,NA,NA,NA
49.5,28.5,14259,0.003246258919603348,NA,NA,NA
-57.5,29.5,14277,0.0040750240323175245,0.012498620921838356,0.005309007445494188,0.009370452991179118
-56.5,29.5,14278,0.003944939285097687,0.003810224935976369,0.00501450375629264,0.003305034640854598
-55.5,29.5,14279,0.003556010914043586,0.00836450433896881,0.004658744498160358,0.0019233341497515378
-54.5,29.5,14280,0.003899166110753987,0.0038304462807471915,0.006395822363401468,0.0019596919097034458
-53.5,29.5,14281,0.004478620887564483,0.01044259883984947,0.007261139779862536,0.0035342476875748225
-52.5,29.5,14282,0.00478002294436904,0.006776952910945166,0.009728572962868928,0.005133779902775825
-51.5,29.5,14283,0.0072746885684508746,0.008923722355688668,0.010806139885985925,0.008378762951027036
-50.5,29.5,14284,0.007331311234155789,0.009016601459249247,0.011172240566983122,0.008305514118344947
-49.5,29.5,14285,0.007264369812733031,0.009417813797251467,0.017855171804511016,0.00939598858117592
-48.5,29.5,14286,0.010659507289242752,0.01395380084927741,0.029749029164761638,0.012560311994783815
-47.5,29.5,14287,0.01251060755023064,0.015269674558880592,0.055906723185330506,0.01838758214399734
-46.5,29.5,14288,0.008784105948054195,0.011638779595053241,0.034432121019189625,0.01826777447637005
-45.5,29.5,14289,0.013471943882073576,0.0159916096616603,0.04913831142626744,0.023617357901820058
-44.5,29.5,14290,0.012670923103772679,0.015344996399929126,0.03383358714135232,0.01880554850919877
-43.5,29.5,14291,0.01096204802102818,0.015250264821821747,0.047591757157112904,0.029183226664653467
-42.5,29.5,14292,0.01329228455754787,0.01619082623226725,0.029946613094630523,0.015659368646628445
-41.5,29.5,14293,0.007925180305966152,0.011618617775631224,0.016111448777829527,0.01410826604527267
-40.5,29.5,14294,0.008314315720313386,0.012377137643590821,0.022569812016221373,0.011765521672400504
-39.5,29.5,14295,0.009237964289154577,0.012774938946734682,0.018509789897737768,0.014576680160726265
-38.5,29.5,14296,0.009212558983944612,0.01516719421498524,0.017981759242677517,0.014223365690197826
-37.5,29.5,14297,0.02333759933253679,0.028269315164644836,0.026292042474090872,0.03155744420636441
-36.5,29.5,14298,0.013992889373188919,0.01670120881377055,0.014293501205335386,0.015871888070798788
-35.5,29.5,14299,0.017367685048010686,0.028089933547954894,0.02872022335666967,0.022102885965275678
-34.5,29.5,14300,0.017103083272854227,0.028002172707761102,0.0348729947466644,0.023716032783190767
-33.5,29.5,14301,0.014167141749906631,0.017028921906158203,0.030457141452497245,0.015527092763333642
-32.5,29.5,14302,0.010953856592455636,0.012819664244981455,0.025450827508293458,0.023466389521139577
-31.5,29.5,14303,0.009550141189403024,0.011612542982579114,0.019536642565245673,0.018261342853585893
-30.5,29.5,14304,0.00955366715179982,0.014298632048094633,0.016111937609347655,0.015615200204214802
-29.5,29.5,14305,0.00843001301667886,0.014405938264376401,0.020802968505389537,0.015245646974595557
-28.5,29.5,14306,0.00911600288924627,0.016200825538041117,0.02199837481263978,0.016598987221933207
-27.5,29.5,14307,0.008652043690777895,0.05167265072622707,0.02145563418310989,0.018703326018564656
-26.5,29.5,14308,0.009768237164926061,0.0703130486392778,0.0401802166171217,0.021867919132490705
-25.5,29.5,14309,0.012999655559544259,0.10863396938628574,0.04806228331215812,0.029635364294056037
-24.5,29.5,14310,0.011127706623657366,0.08300283721483247,0.04090340496757131,0.02155832991396089
-23.5,29.5,14311,0.006460052135677615,0.04980047340952255,0.012012172679740191,0.008487196411853757
-22.5,29.5,14312,0.008057541728920743,0.07510490644268882,0.05728755897860825,0.00869929358382687
-21.5,29.5,14313,0.008299826473204548,0.05216399579987016,0.03790911291804844,0.009479504804755597
-20.5,29.5,14314,0.009032946357054981,0.048051596564415315,0.06044685429240695,0.006560989557383484
-19.5,29.5,14315,0.009194198237981354,0.048516679359377674,0.09139480966900217,0.0068208007130584145
-18.5,29.5,14316,0.005374605961032864,0.0267406166983398,0.02365827859232842,0.004048359775114721
-17.5,29.5,14317,0.006080602242956603,0.027182696410521744,0.014441908544462105,0.004078191873589285
-16.5,29.5,14318,0.006267920940247847,0.03192378135921039,0.016361234828078282,0.004061747417096447
-15.5,29.5,14319,0.005773632413856374,0.02930753700173653,0.016164368264323933,0.0040361096272190375
-14.5,29.5,14320,0.005498118195762703,0.025393094880704622,0.014073299107263727,0.00446974661566461
-13.5,29.5,14321,0.006607697186821518,0.029253320580439612,0.018079672589638572,0.005658287342711779
-12.5,29.5,14322,0.0061759792264467015,0.02460231386817127,0.01662259480685676,0.004885937739864226
-11.5,29.5,14323,0.008644051509306888,0.03506814677540998,0.037235164727544255,0.007131960008493998
-10.5,29.5,14324,0.008630917260200424,0.0511171916253213,0.030145066048606697,0.007011492339656412
-9.5,29.5,14325,0.0062517396898776455,0.0214362251588257,0.019060847154143194,0.004976698749160006
-8.5,29.5,14326,0.004505232659310335,0.015392229931353077,0.01557335069757622,0.0041237553647821175
-7.5,29.5,14327,0.006044345299952403,0.031483451096580566,0.01888296376377137,0.004193214051354894
-6.5,29.5,14328,0.004435740505434564,0.013483006258619666,0.015961342394901108,0.003235114706859834
-5.5,29.5,14329,0.004890652576429789,0.01313685631511511,0.017965413113242203,0.0033897712123908447
-4.5,29.5,14330,0.005347274344203117,0.011941487919670006,0.021909099742451085,0.0037562115293656917
-3.5,29.5,14331,0.005379260208747978,0.010695828842661386,0.03428169143494342,0.004192806072000642
-2.5,29.5,14332,0.005201233956194724,0.00852098272431243,0.035286928666467564,0.0037759499880250995
-1.5,29.5,14333,0.005260590541818154,0.008569649064842744,0.02923726557085502,0.004320280107114588
-0.5,29.5,14334,0.005269973153413548,0.00854990567805841,0.029706153704257752,0.003992630146719729
0.5,29.5,14335,0.005474001703243443,0.012813763720513302,0.03189036870529123,0.00463297601394784
1.5,29.5,14336,0.005644011331190317,0.009802901374361727,0.03553201494958699,0.004753235108030561
2.5,29.5,14337,0.005911991377392765,0.009870025258968861,0.03831576802177016,0.004056996410847295
3.5,29.5,14338,0.0054056460931095505,0.009595904816185939,0.045881950771683215,0.004001285462266103
4.5,29.5,14339,0.005979073660159252,0.009610453538029824,0.03352937822539477,0.003969402325914355
5.5,29.5,14340,0.0057960842183114834,0.016583536664144825,0.03004705204568651,0.004934924955007105
6.5,29.5,14341,0.005876275714331798,0.01388575237625427,0.02741401487985105,0.005802328300997141
7.5,29.5,14342,0.005807820554318968,0.013106523421258742,0.02260114047517987,0.0055653727981698434
8.5,29.5,14343,0.0061242135988381075,0.012972380693999187,0.0237050443192809,0.005325937009902975
9.5,29.5,14344,0.0062139869189465164,0.013337006877368662,0.028163153622086493,0.00529769233935478
10.5,29.5,14345,0.0062139869189465164,0.014572061067398669,0.01604988753903819,0.004664267126753095
11.5,29.5,14346,0.008141262055322304,0.013861516636803425,0.013882851496740737,0.0038404087958735034
12.5,29.5,14347,0.007640495903681721,0.01340794482604662,0.014292517938780584,0.003301497872991234
13.5,29.5,14348,0.007654264937244587,0.013647260113050794,0.008445395426279046,0.003291814479582482
14.5,29.5,14349,0.00797687578256642,0.01239439997313283,0.00822616685890824,0.003825334689738844
15.5,29.5,14350,0.007723444811179313,0.009408677964571779,0.008720568742383309,0.0034050355531153637
16.5,29.5,14351,0.007417931303101911,0.008207164682939664,0.008993718549843596,0.004076400736719183
17.5,29.5,14352,0.005886493846534157,0.007272164356539748,0.007804851857151834,0.00362235597987481
18.5,29.5,14353,0.00589220643214886,0.008862768356300182,0.00982568975002928,0.0038543550663327074
19.5,29.5,14354,0.00871172453810251,0.011521410971256427,0.010349146673440187,0.0044708378890866325
20.5,29.5,14355,0.008366195955536972,0.012537610184497675,NA,0.0043739519999263475
21.5,29.5,14356,0.009957902105300195,0.012328213532024537,NA,0.0043739519999263475
22.5,29.5,14357,0.010698295148940112,0.012220675028711313,NA,0.004431788350453351
23.5,29.5,14358,0.010436695546743336,0.01160645699844211,NA,0.004443550018989773
24.5,29.5,14359,0.012512982132061907,0.009565954956941899,NA,0.0053540482134599035
25.5,29.5,14360,0.012921153571610349,0.009470961211927177,NA,0.004239980648986933
26.5,29.5,14361,0.010350801053021238,0.008645579460453386,NA,0.004099741120351642
27.5,29.5,14362,0.00852701705322412,0.00941007983277265,NA,0.004559611565093512
28.5,29.5,14363,0.008281298415676534,0.007222852442295652,NA,0.004602800406972826
29.5,29.5,14364,0.00664528498264373,0.005357149595869092,NA,0.0028582662945279393
30.5,29.5,14365,0.006598479288993422,NA,NA,0.0028380580477077263
31.5,29.5,14366,0.007016688223325967,NA,NA,0.0029657350468399474
32.5,29.5,14367,0.006159510282567926,NA,NA,0.004335230132973719
33.5,29.5,14368,0.005474318211186458,NA,NA,0.003260657047926293
34.5,29.5,14369,0.005473328535905064,NA,NA,0.003733095527363909
35.5,29.5,14370,0.005074198185162914,NA,NA,0.0035672312440203644
36.5,29.5,14371,0.005173821523812869,NA,NA,0.003982049936389218
37.5,29.5,14372,0.0038627265722633378,NA,NA,0.003931606648175337
38.5,29.5,14373,0.0038627265722633378,NA,NA,0.004390932829672459
39.5,29.5,14374,0.0038627265722633378,NA,NA,0.005019472810138601
40.5,29.5,14375,0.0037484050305378273,NA,NA,NA
41.5,29.5,14376,0.0036849580448867305,NA,NA,NA
42.5,29.5,14377,0.0038945725188542024,NA,NA,NA
43.5,29.5,14378,0.00393391743673839,NA,NA,NA
44.5,29.5,14379,0.0033044320262341988,NA,NA,NA
45.5,29.5,14380,0.0034713040940222532,NA,NA,NA
46.5,29.5,14381,0.002809173579666078,NA,NA,NA
47.5,29.5,14382,0.0018046863323823127,NA,NA,NA
48.5,29.5,14383,0.002746407388930406,NA,NA,NA
49.5,29.5,14384,0.0032750767861234424,NA,NA,NA
-29.5,30.5,14429,0.011674434435346695,NA,NA,NA
-28.5,30.5,14430,0.00987552472804409,NA,NA,NA
-27.5,30.5,14431,0.010169591461854342,NA,NA,NA
-26.5,30.5,14432,0.00905924949894618,NA,NA,NA
-25.5,30.5,14433,0.010972765197183584,NA,NA,NA
-24.5,30.5,14434,0.009637052190670493,NA,NA,NA
-23.5,30.5,14435,0.006129609502172259,NA,NA,NA
-22.5,30.5,14436,0.007257810593805841,NA,NA,NA
-21.5,30.5,14437,0.006908180756224966,NA,NA,NA
-20.5,30.5,14438,0.006994896188746493,NA,NA,NA
-29.5,31.5,14553,0.014713688021393495,NA,NA,NA
-28.5,31.5,14554,0.014311865387877291,NA,NA,NA
-27.5,31.5,14555,0.011770511072066392,NA,NA,NA
-26.5,31.5,14556,0.012419767454805494,NA,NA,NA
-25.5,31.5,14557,0.007375427720563516,NA,NA,NA
-24.5,31.5,14558,0.007402587839745977,NA,NA,NA
-23.5,31.5,14559,0.006709371016740206,NA,NA,NA
-22.5,31.5,14560,0.0061487188053677795,NA,NA,NA
-21.5,31.5,14561,0.005630221508210764,NA,NA,NA
-20.5,31.5,14562,0.006843442135127079,NA,NA,NA
-29.5,32.5,14675,0.012746167569561047,NA,NA,NA
-28.5,32.5,14676,0.010435632311094394,NA,NA,NA
-27.5,32.5,14677,0.011611836227368378,NA,NA,NA
-26.5,32.5,14678,0.006919406166443019,NA,NA,NA
-25.5,32.5,14679,0.006951427454418401,NA,NA,NA
-24.5,32.5,14680,0.005841437118077785,NA,NA,NA
-23.5,32.5,14681,0.00554311658823637,NA,NA,NA
-22.5,32.5,14682,0.004678017070566955,NA,NA,NA
-21.5,32.5,14683,0.00450482738599787,NA,NA,NA
-20.5,32.5,14684,0.005094919386142242,NA,NA,NA
-29.5,33.5,14792,0.010390004944439642,NA,NA,NA
-28.5,33.5,14793,0.007861046769837003,NA,NA,NA
-27.5,33.5,14794,0.007861046769837003,NA,NA,NA
-26.5,33.5,14795,0.008978494140444455,NA,NA,NA
-25.5,33.5,14796,0.008961536814375807,NA,NA,NA
-24.5,33.5,14797,0.00787219257467229,NA,NA,NA
-23.5,33.5,14798,0.005706491302101497,NA,NA,NA
-22.5,33.5,14799,0.0055189725650068204,NA,NA,NA
-21.5,33.5,14800,0.004678017070566955,NA,NA,NA
-20.5,33.5,14801,0.0047657095802504535,NA,NA,NA
-29.5,34.5,14906,0.00535562269523792,NA,NA,NA
-28.5,34.5,14907,0.007450884456011836,NA,NA,NA
-27.5,34.5,14908,0.00680356904268372,NA,NA,NA
-26.5,34.5,14909,0.006822580656309371,NA,NA,NA
-25.5,34.5,14910,0.008936396668261105,NA,NA,NA
-24.5,34.5,14911,0.007744491290150884,NA,NA,NA
-23.5,34.5,14912,0.005620716622875318,NA,NA,NA
-22.5,34.5,14913,0.005660565822905112,NA,NA,NA
-21.5,34.5,14914,0.005401783235890035,NA,NA,NA
-20.5,34.5,14915,0.0047091839073785426,NA,NA,NA
-29.5,35.5,15016,0.0077395441474251685,NA,NA,NA
-28.5,35.5,15017,0.007682630815200064,NA,NA,NA
-27.5,35.5,15018,0.007052169813645153,NA,NA,NA
-26.5,35.5,15019,0.00911117033226407,NA,NA,NA
-25.5,35.5,15020,0.009459329378650159,NA,NA,NA
-24.5,35.5,15021,0.006118058305421116,NA,NA,NA
-23.5,35.5,15022,0.0060272968124978725,NA,NA,NA
-22.5,35.5,15023,0.005493328725430457,NA,NA,NA
-21.5,35.5,15024,0.005174030919950492,NA,NA,NA
-20.5,35.5,15025,0.005526723061575716,NA,NA,NA
-29.5,36.5,15127,0.010357355815365977,NA,NA,NA
-28.5,36.5,15128,0.009825884541438972,NA,NA,NA
-27.5,36.5,15129,0.009265785602273322,NA,NA,NA
-26.5,36.5,15130,0.009236457093092553,NA,NA,NA
-25.5,36.5,15131,0.009119589065241651,NA,NA,NA
-24.5,36.5,15132,0.008278792587986854,NA,NA,NA
-23.5,36.5,15133,0.005851344338871459,NA,NA,NA
-22.5,36.5,15134,0.005603680682157431,NA,NA,NA
-21.5,36.5,15135,0.004708830959770971,NA,NA,NA
-20.5,36.5,15136,0.005600863732500288,NA,NA,NA
-29.5,37.5,15240,0.007856297438653745,NA,NA,NA
-28.5,37.5,15241,0.00768194100255506,NA,NA,NA
-27.5,37.5,15242,0.009039194676308553,NA,NA,NA
-26.5,37.5,15243,0.009211883979404253,NA,NA,NA
-25.5,37.5,15244,0.008972810686858106,NA,NA,NA
-24.5,37.5,15245,0.007871459141834765,NA,NA,NA
-23.5,37.5,15246,0.007377676855431947,NA,NA,NA
-22.5,37.5,15247,0.005692617893347719,NA,NA,NA
-21.5,37.5,15248,0.005722348305162689,NA,NA,NA
-20.5,37.5,15249,0.005778461938132441,NA,NA,NA
-29.5,38.5,15355,0.010692250949180514,NA,NA,NA
-28.5,38.5,15356,0.010235835736625279,NA,NA,NA
-27.5,38.5,15357,0.009691301155667405,NA,NA,NA
-26.5,38.5,15358,0.0088056767814985535,NA,NA,NA
-25.5,38.5,15359,0.008918558214231936,NA,NA,NA
-24.5,38.5,15360,0.008052908283245326,NA,NA,NA
-23.5,38.5,15361,0.0071648353889464805,NA,NA,NA
-22.5,38.5,15362,0.0071648353889464805,NA,NA,NA
-21.5,38.5,15363,0.007665044363336283,NA,NA,NA
-20.5,38.5,15364,0.005641030957734083,NA,NA,NA
-29.5,39.5,15466,0.006426223845953422,NA,NA,NA
-28.5,39.5,15467,0.0064067511599353935,NA,NA,NA
-27.5,39.5,15468,0.00853283544395251,NA,NA,NA
-26.5,39.5,15469,0.008185180796773743,NA,NA,NA
-25.5,39.5,15470,0.007537287404535957,NA,NA,NA
-24.5,39.5,15471,0.00634880134972915,NA,NA,NA
-23.5,39.5,15472,0.005758179934101982,NA,NA,NA
-22.5,39.5,15473,0.005653623253527891,NA,NA,NA
-21.5,39.5,15474,0.008584936165743299,NA,NA,NA
-20.5,39.5,15475,0.004294492729566912,NA,NA,NA
-39.5,-39.5,101,NA,0.0028710162358788842,NA,NA
-38.5,-39.5,102,NA,0.0023154704854558518,NA,NA
-37.5,-39.5,103,NA,0.0019521397564130388,NA,NA
-36.5,-39.5,104,NA,0.00171603881101697,NA,NA
-31.5,-39.5,105,NA,0.0026304358836890685,NA,NA
-30.5,-39.5,106,NA,0.002601678195549513,NA,NA
-39.5,-38.5,341,NA,0.0015245528098125863,NA,NA
-38.5,-38.5,342,NA,0.0011446372711909274,NA,NA
-37.5,-38.5,343,NA,0.0010321781919279047,NA,NA
-30.5,-38.5,344,NA,0.0013839525767575535,NA,NA
-119.5,-19.5,4383,NA,0.059701392912728406,NA,0.10404255405327807
-118.5,-19.5,4384,NA,0.09879567357957011,NA,0.0694283192659548
-117.5,-19.5,4385,NA,0.09216193970103413,NA,0.05371733504917676
-116.5,-19.5,4386,NA,0.03802791130857198,NA,0.020280204130220268
-115.5,-19.5,4387,NA,0.0489625113580639,NA,0.030037394299201544
-114.5,-19.5,4388,NA,0.03369471008601728,NA,0.02777383415053179
-113.5,-19.5,4389,NA,0.03838469314278972,NA,0.03521862702416704
-112.5,-19.5,4390,NA,0.03025635324465641,NA,0.026140195157498547
-111.5,-19.5,4391,NA,0.029996946867810854,NA,0.02356563963274448
-110.5,-19.5,4392,NA,0.021381495782276192,NA,0.02337685253580214
-9.5,-19.5,4466,NA,0.1822043412574457,0.011609852343081564,0.4432875208526557
-8.5,-19.5,4467,NA,0.20749125237880328,0.011130092378707603,0.466292295622113
-7.5,-19.5,4468,NA,0.204293857511857,0.011063046884177445,0.351839900377453
-6.5,-19.5,4469,NA,0.21882718974434848,0.010977711388388461,0.41427041510885976
-5.5,-19.5,4470,NA,0.24815369068079943,0.00911842198888944,0.5604688628596951
-4.5,-19.5,4471,NA,0.30329792134752853,0.009112948409503788,0.5070780400143384
-3.5,-19.5,4472,NA,0.3229914137514392,0.008995467492843546,0.4825744885031324
-2.5,-19.5,4473,NA,0.20678807192244392,0.006980009976938354,0.24474966136196613
-1.5,-19.5,4474,NA,0.28539601150222926,0.007695671293596393,0.27974368080383266
-0.5,-19.5,4475,NA,0.3595315093116532,0.011180878327012542,0.29812410042420556
30.5,-19.5,4506,NA,0.35125245718982767,0.03376849155071874,0.523196719079692
31.5,-19.5,4507,NA,0.3929660229604889,0.022243285913268518,0.5138021920535141
32.5,-19.5,4508,NA,0.4801287210244238,0.02894054714488411,0.6594377005819705
33.5,-19.5,4509,NA,0.4967511010824983,0.03126130612767938,0.6220083419954083
34.5,-19.5,4510,NA,0.43805851162062215,0.03377900570381257,0.599567771066832
35.5,-19.5,4511,NA,0.42503891803622545,0.04811529252736944,0.661795099634751
36.5,-19.5,4512,NA,0.52202967080396,0.04974697876469844,0.5315400821799641
37.5,-19.5,4513,NA,0.29085956354833514,0.04232399808287955,0.34991523463969704
38.5,-19.5,4514,NA,0.15638654668107288,0.017383887573618643,0.24105989516192336
39.5,-19.5,4515,NA,0.11193792999588395,0.01907168704798125,0.12830460974739893
-119.5,-18.5,4601,NA,0.07085713505103414,NA,0.06275363879828869
-118.5,-18.5,4602,NA,0.06973919655667281,NA,0.0510894472096712
-117.5,-18.5,4603,NA,0.13197353316325938,NA,0.05027369989138053
-116.5,-18.5,4604,NA,0.09975078671293652,NA,0.02981058668634919
-115.5,-18.5,4605,NA,0.09717979887396706,NA,0.024934030738283697
-114.5,-18.5,4606,NA,0.08000147486397283,NA,0.022535495552039243
-113.5,-18.5,4607,NA,0.08003941803459191,NA,0.026339956876645587
-112.5,-18.5,4608,NA,0.07158496485976742,NA,0.02220924735649717
-111.5,-18.5,4609,NA,0.06926231897964585,NA,0.02156101399638137
-110.5,-18.5,4610,NA,0.04679883436431796,NA,0.015930400452429577
-9.5,-18.5,4687,NA,0.18064690512300985,0.009439012183673899,0.5785145320645786
-8.5,-18.5,4688,NA,0.22100732746244464,0.013739576120491565,0.5779340488108873
-7.5,-18.5,4689,NA,0.20925595847203787,0.014047486093308748,0.6106970127490857
-6.5,-18.5,4690,NA,0.24927683198594314,0.01564959493189982,0.605579458390536
-5.5,-18.5,4691,NA,0.33062948335114395,0.015410554351745107,0.5318439898754865
-4.5,-18.5,4692,NA,0.23030008748365008,0.014180564347026529,0.48120093321261054
-3.5,-18.5,4693,NA,0.28840645604444287,0.018276747415671354,0.5995439438754153
-2.5,-18.5,4694,NA,0.2753194563567983,0.00786851251655628,0.3702840996424361
-1.5,-18.5,4695,NA,0.24141028474113269,0.01027955100180045,0.18863237985914325
-0.5,-18.5,4696,NA,0.2440121759126511,0.01849343804525241,0.29724897617978907
30.5,-18.5,4727,NA,0.3205904091494038,0.02504684882773085,0.5196078226838322
31.5,-18.5,4728,NA,0.4833873556989414,0.032627491975154556,0.7683740693760989
32.5,-18.5,4729,NA,0.4532612342552849,0.07308157134150275,0.7168009637626201
33.5,-18.5,4730,NA,0.42156233208176774,0.05788293098417157,0.6626289431233336
34.5,-18.5,4731,NA,0.4422322684548643,0.05742671486423681,0.6619985867849045
35.5,-18.5,4732,NA,0.39632205209135124,0.03223756775331899,0.6686611303124268
36.5,-18.5,4733,NA,0.30673683023153964,0.03731919669677013,0.4747485219009936
37.5,-18.5,4734,NA,0.14674588643170391,0.025060963310344075,0.34635336933507754
38.5,-18.5,4735,NA,0.11056264252956685,0.02461110213444235,0.1354519882332273
39.5,-18.5,4736,NA,0.06469045102244637,0.02922908730930258,0.11283826591961486
-119.5,-17.5,4822,NA,0.07448895110500342,NA,0.047709060209651
-118.5,-17.5,4823,NA,0.07274353084430263,NA,0.03758705016423572
-117.5,-17.5,4824,NA,0.06361060502627254,NA,0.029038390215367846
-116.5,-17.5,4825,NA,0.1039886814393261,NA,0.02059877420906941
-115.5,-17.5,4826,NA,0.092837098738485,NA,0.020021241243810904
-114.5,-17.5,4827,NA,0.08846216748799911,NA,0.019831865920716025
-113.5,-17.5,4828,NA,0.07497443607008722,NA,0.019546382383497252
-112.5,-17.5,4829,NA,0.0745994494223307,NA,0.018929768774582207
-111.5,-17.5,4830,NA,0.07050775343967242,NA,0.01712300892309143
-110.5,-17.5,4831,NA,0.061370414505357615,NA,0.012336719482216261
-9.5,-17.5,4909,NA,0.16905643269188048,0.024270940853048647,0.5667148446292072
-8.5,-17.5,4910,NA,0.20328822638434835,0.02439254149152442,0.5816516722510174
-7.5,-17.5,4911,NA,0.2561738315367975,0.023704841955968812,0.6351694839379007
-6.5,-17.5,4912,NA,0.27732777906115574,0.023336895926681343,0.6192214831960703
-5.5,-17.5,4913,NA,0.18608913243645428,0.028266335299275264,0.5881571916424421
-4.5,-17.5,4914,NA,0.19805940348828724,0.027422663268012966,0.783369998744178
-3.5,-17.5,4915,NA,0.1705313115448376,0.02342751853663927,0.7118245126728077
-2.5,-17.5,4916,NA,0.07826982462836543,0.00646506331095034,0.29202940163805013
-1.5,-17.5,4917,NA,0.11659313262343697,0.0033349037495714316,0.21267508530885582
-0.5,-17.5,4918,NA,0.16095441076864908,0.013550862651611987,0.25704266730667075
31.5,-17.5,4949,NA,0.37772162963223094,0.06730195181579127,0.619823525400979
32.5,-17.5,4950,NA,0.348207218053046,0.06520823282559463,0.6148354219334881
33.5,-17.5,4951,NA,0.30916216371219435,0.08181891265667131,0.5561070144303988
34.5,-17.5,4952,NA,0.38676718139207267,0.06360936473813816,0.5187578059273777
35.5,-17.5,4953,NA,0.19184332293884873,0.02906069861044142,0.22299995805239708
36.5,-17.5,4954,NA,0.16108925182766673,0.03404164020639024,0.15070461188225376
37.5,-17.5,4955,NA,0.06977115815639368,0.021651837697818564,0.06606322630664163
38.5,-17.5,4956,NA,0.0551279619596112,0.034123650988241945,0.10725113059590606
39.5,-17.5,4957,NA,0.05451207199586534,0.025416416524097766,0.14444398355648091
-119.5,-16.5,5041,NA,0.04085926326607519,NA,0.02105800045754831
-118.5,-16.5,5042,NA,0.05342296666977531,NA,0.032419245719746546
-117.5,-16.5,5043,NA,0.054425465877693764,NA,0.056901304612672406
-116.5,-16.5,5044,NA,0.04134540267984753,NA,0.023661286729639144
-115.5,-16.5,5045,NA,0.04189503943259057,NA,0.022993014805085303
-114.5,-16.5,5046,NA,0.08563934999288027,NA,0.02253642741587958
-113.5,-16.5,5047,NA,0.07652238119056957,NA,0.02296696322575012
-112.5,-16.5,5048,NA,0.07190742770559382,NA,0.02296696322575012
-111.5,-16.5,5049,NA,0.07034308300978184,NA,0.020280708205383326
-110.5,-16.5,5050,NA,0.06206650919369493,NA,0.01804271118390195
-9.5,-16.5,5130,NA,0.2515324658685144,0.08454733037485834,0.5737961659006425
-8.5,-16.5,5131,NA,0.25432413469959364,0.08998996892333617,0.5769524161481089
-7.5,-16.5,5132,NA,0.27127260085405336,0.08057857202239642,0.4766951189246741
-6.5,-16.5,5133,NA,0.157454746780707,0.07024665078087144,0.48378872285751223
-5.5,-16.5,5134,NA,0.21407465574546372,0.07039301370244709,0.5928612104755424
-4.5,-16.5,5135,NA,0.1146899891367129,0.06340169962477915,0.561041072171352
-3.5,-16.5,5136,NA,0.09623429640372762,0.049834537908057155,0.4988169065357849
-2.5,-16.5,5137,NA,0.16395524868031985,0.05054814766806717,0.46091741634288436
-1.5,-16.5,5138,NA,0.11819853495608526,0.01728797398513572,0.24260490292314368
30.5,-16.5,5169,NA,0.27228547616402937,0.07699822005109692,0.6997566650061529
31.5,-16.5,5170,NA,0.3172426865879673,0.04206776846116931,0.48430672396457825
32.5,-16.5,5171,NA,0.350615709426324,0.03827141222511657,0.4456222040377542
33.5,-16.5,5172,NA,0.1887760051490735,0.024920218995894253,0.3664837323024552
34.5,-16.5,5173,NA,0.11005984179617852,0.022552781586057495,0.22588138049225867
35.5,-16.5,5174,NA,0.05955188020414073,0.021285284344400905,0.07705717226908877
36.5,-16.5,5175,NA,0.04543261330575856,0.021479440877259257,0.04518911899372407
37.5,-16.5,5176,NA,0.041748702570615887,0.023280129704148236,0.04895969475334316
38.5,-16.5,5177,NA,0.030654839904132637,0.042423535192240985,0.05354248340759392
39.5,-16.5,5178,NA,0.029107514735478745,0.033914830004513986,0.05027781284652903
-119.5,-15.5,5261,NA,0.03727608125118897,NA,0.012955881504828265
-118.5,-15.5,5262,NA,0.026964517015016468,NA,0.012772888642889576
-117.5,-15.5,5263,NA,0.03681980636443571,NA,0.01941643828937857
-116.5,-15.5,5264,NA,0.03661424296120325,NA,0.028366053293473706
-115.5,-15.5,5265,NA,0.044579130096277314,NA,0.024722566968250075
-114.5,-15.5,5266,NA,0.0393329487586103,NA,0.01895032697550236
-113.5,-15.5,5267,NA,0.03750023326630001,NA,0.019130427846263585
-112.5,-15.5,5268,NA,0.03629680650610495,NA,0.019130427846263585
-111.5,-15.5,5269,NA,0.03685593071110651,NA,0.019378374033669526
-110.5,-15.5,5270,NA,0.02955176755932919,NA,0.015837716671002852
-9.5,-15.5,5355,NA,0.16801043623426407,0.08977301979442999,0.6079657764363489
-8.5,-15.5,5356,NA,0.16451917619491704,0.08909525122523237,0.5987831648521831
-7.5,-15.5,5357,NA,0.18341608267149198,0.08248746726956742,0.7240150717692417
-6.5,-15.5,5358,NA,0.192058977185316,0.08062480848865157,0.6296599470110104
-5.5,-15.5,5359,NA,0.19387137361915616,0.051977339460158645,0.5013434476891018
-4.5,-15.5,5360,NA,0.13505387703934152,0.07042515078982471,0.3937098507215526
-3.5,-15.5,5361,NA,0.1094207577013829,0.07065858360311485,0.4293153863252345
-2.5,-15.5,5362,NA,0.08471811283290441,0.0497690618709101,0.3918960196207008
-1.5,-15.5,5363,NA,0.06909440783338633,0.0494494436508061,0.4288321120333594
-0.5,-15.5,5364,NA,0.06345489764227882,0.042580460083334985,0.379377715124807
30.5,-15.5,5395,NA,0.19137712176634003,0.0681058395729516,0.46175834999574167
31.5,-15.5,5396,NA,0.17217331060297722,0.05226819053859099,0.2832186078846826
32.5,-15.5,5397,NA,0.07792003550226471,0.0311585996975374,0.17216566471001998
33.5,-15.5,5398,NA,0.07290770585175423,0.034621808734756045,0.12905206074118997
34.5,-15.5,5399,NA,0.05808034586657421,0.025885077540143367,0.07085979230260792
35.5,-15.5,5400,NA,0.08095514394577125,0.03289710159132364,0.08554594523702093
36.5,-15.5,5401,NA,0.07271962445294675,0.03148219217816387,0.08191756752693177
37.5,-15.5,5402,NA,0.06003852049151787,0.05020724438630119,0.06996860439430976
38.5,-15.5,5403,NA,0.034845578597664996,0.035571185969799836,0.044421199233776104
39.5,-15.5,5404,NA,0.03272815705956467,0.03346581989534679,0.0752126917511966
-119.5,-14.5,5487,NA,0.03202040717935546,NA,0.009861641167833881
-118.5,-14.5,5488,NA,0.03009478693944019,NA,0.010567648092930926
-117.5,-14.5,5489,NA,0.0398923012595332,NA,0.01649275333425423
-116.5,-14.5,5490,NA,0.0449285592016052,NA,0.018081231014263992
-115.5,-14.5,5491,NA,0.04273656585514935,NA,0.019107548901668922
-114.5,-14.5,5492,NA,0.03646761346775666,NA,0.02550565938513863
-113.5,-14.5,5493,NA,0.036583087500573555,NA,0.03589525703395951
-112.5,-14.5,5494,NA,0.03236963931815216,NA,0.01803876715900385
-111.5,-14.5,5495,NA,0.030290327245318195,NA,0.016368126212307
-110.5,-14.5,5496,NA,0.024818284323007162,NA,0.014046732805528749
-9.5,-14.5,5584,NA,0.19474870075346248,0.0668957009297361,0.6804644262398759
-8.5,-14.5,5585,NA,0.20693994332632826,0.06627474861429948,0.7059000672535307
-7.5,-14.5,5586,NA,0.2114912285841254,0.06404173116192792,0.6905536719933523
-6.5,-14.5,5587,NA,0.1963289720980296,0.05912791555946659,0.44887535748100393
-5.5,-14.5,5588,NA,0.1834711495982896,0.05859167709620438,0.30410666069810793
-4.5,-14.5,5589,NA,0.12973406028594514,0.05104152130940204,0.287419794451322
-3.5,-14.5,5590,NA,0.13854943787667567,0.05034316719378644,0.2702179809222595
-2.5,-14.5,5591,NA,0.07562127794337546,0.03739901306656608,0.17606524459330797
-1.5,-14.5,5592,NA,0.06543141892825363,0.03357256668866842,0.1426034323241854
-0.5,-14.5,5593,NA,0.07842808304501704,0.028254097188143756,0.13120034515528325
30.5,-14.5,5624,NA,0.09719198539106641,0.037020815634407546,0.17374614267681937
31.5,-14.5,5625,NA,0.06490785146843536,0.029401372627201567,0.06990741750852399
32.5,-14.5,5626,NA,0.04663685455622318,0.033935514689263424,0.06353173546224547
33.5,-14.5,5627,NA,0.06097736304400838,0.043974286336603816,0.07916129638412722
34.5,-14.5,5628,NA,0.09233599009496797,0.039719474946922954,0.06889100942171526
35.5,-14.5,5629,NA,0.06804262222364205,0.03790747371397137,0.05513843716069081
36.5,-14.5,5630,NA,0.061408998853223255,0.03185734371117291,0.04973269585440535
37.5,-14.5,5631,NA,0.06437120428865287,0.03273904581099513,0.04610878663561149
38.5,-14.5,5632,NA,0.08741533969447199,0.050995086752188154,0.05758750110059325
39.5,-14.5,5633,NA,0.05571006928294183,0.026862567004069745,0.038523460434068374
-119.5,-13.5,5715,NA,0.017544739311532852,NA,0.008291057381570368
-118.5,-13.5,5716,NA,0.01647526571432012,NA,0.008506456118128771
-117.5,-13.5,5717,NA,0.021282549476962377,NA,0.011511455988028916
-116.5,-13.5,5718,NA,0.02174089287374953,NA,0.01586861209763968
-115.5,-13.5,5719,NA,0.028771988526424895,NA,0.014902619218559161
-114.5,-13.5,5720,NA,0.030321235172862757,NA,0.02357378497697926
-113.5,-13.5,5721,NA,0.030778773819307458,NA,0.018562196484347596
-112.5,-13.5,5722,NA,0.027093574367970417,NA,0.018753204914769592
-111.5,-13.5,5723,NA,0.022751795941187404,NA,0.02389065489944034
-110.5,-13.5,5724,NA,0.018398480619629523,NA,0.01381697606743745
-9.5,-13.5,5817,NA,0.08681365827380515,0.029908941638366708,0.4194860408710344
-8.5,-13.5,5818,NA,0.08722752024060769,0.031186202967281813,0.41775837362752993
-7.5,-13.5,5819,NA,0.09070287600966702,0.04159431830948272,0.1936288812079755
-6.5,-13.5,5820,NA,0.10007821674216466,0.030477248695955764,0.14271132827234445
-5.5,-13.5,5821,NA,0.0988625768912394,0.04101226835788681,0.1411066417085719
-4.5,-13.5,5822,NA,0.08840301252656735,0.013902223389346295,0.11155035640020125
-3.5,-13.5,5823,NA,0.06250440290506262,0.020908560851233108,0.11664595528551594
-2.5,-13.5,5824,NA,0.043431182728260576,0.015361591089825112,0.0741421408189564
-1.5,-13.5,5825,NA,0.046261270440107485,0.016130773636310148,0.07288235954810511
-0.5,-13.5,5826,NA,0.05100195109152949,0.01746740853319189,0.06471431695181377
30.5,-13.5,5856,NA,0.040164232273177926,0.02410259541360062,0.04109233063607719
31.5,-13.5,5857,NA,0.05677799461862387,0.0345128273359949,0.07769475121095976
32.5,-13.5,5858,NA,0.0630536647900427,0.036419666603907656,0.09516041399360871
33.5,-13.5,5859,NA,0.06204905444744854,0.033294736030802824,0.07717384263999544
34.5,-13.5,5860,NA,0.060539778663789935,0.033111346037572466,0.048698693665926905
35.5,-13.5,5861,NA,0.05520141523975547,0.02867042554254621,0.04176734443737094
36.5,-13.5,5862,NA,0.05337311598337423,0.023179923915407012,0.03661889631047096
37.5,-13.5,5863,NA,0.05520141523975547,0.024000175798276017,0.03421381917882056
38.5,-13.5,5864,NA,0.05434457592757856,0.023615538375531264,0.03057232407643151
39.5,-13.5,5865,NA,0.06840835685398211,0.016916547259833353,0.022219673403696027
-119.5,-12.5,5948,NA,0.007744049421279472,NA,0.008285416952963438
-118.5,-12.5,5949,NA,0.01338920805431059,NA,0.005967513837389151
-117.5,-12.5,5950,NA,0.017535573286062013,NA,0.007955129961530605
-116.5,-12.5,5951,NA,0.019467143305058547,NA,0.008013419303478092
-115.5,-12.5,5952,NA,0.017196608636678774,NA,0.007933608355038846
-114.5,-12.5,5953,NA,0.026716676137419845,NA,0.007951502418173096
-113.5,-12.5,5954,NA,0.02575705032681667,NA,0.010718115378901442
-112.5,-12.5,5955,NA,0.024453943821691453,NA,0.021360992873517653
-111.5,-12.5,5956,NA,0.025331586381820197,NA,0.0404984242460615
-110.5,-12.5,5957,NA,0.024172737134043294,NA,0.049174386950674796
-9.5,-12.5,6051,NA,0.08030896085458276,0.015722931945958276,0.34325012029287255
-8.5,-12.5,6052,NA,0.08509286943327707,0.02082268030992145,0.18600773830713643
-7.5,-12.5,6053,NA,0.06433849733793685,0.010977589114203224,0.09504500019692605
-6.5,-12.5,6054,NA,0.05694461890982887,0.019098842760322185,0.13089821153889605
-5.5,-12.5,6055,NA,0.08333036253096908,0.016814063203249227,0.13046637244670245
-4.5,-12.5,6056,NA,0.05805286254783874,0.019862310015012485,0.14180298127874497
-3.5,-12.5,6057,NA,0.08377146954598554,0.018692408772247,0.12701999030619018
-2.5,-12.5,6058,NA,0.056363156343735524,0.01849888626528116,0.060104628639188425
-1.5,-12.5,6059,NA,0.06648249135332604,0.015461064229100013,0.05304968451689277
-0.5,-12.5,6060,NA,0.06121997362523912,0.015505859355866125,0.050466437662280976
30.5,-12.5,6091,NA,0.03225835875742576,0.03232774161773144,0.042464972565189975
31.5,-12.5,6092,NA,0.033680359256631334,0.027557487053894283,0.03900339384722574
32.5,-12.5,6093,NA,0.03872074224967026,0.030327493424040747,0.06160325452906096
33.5,-12.5,6094,NA,0.034600650416463395,0.024723859420417563,0.03686739218977123
34.5,-12.5,6095,NA,0.034737730041701415,0.022197807089928787,0.038451244540858805
35.5,-12.5,6096,NA,0.03429312401843786,0.022197807089928787,0.030659612916946417
36.5,-12.5,6097,NA,0.03404243614773886,0.022263478054765223,0.030324279162662848
37.5,-12.5,6098,NA,0.03429312401843786,0.022171104108116315,0.03063380720696453
38.5,-12.5,6099,NA,0.030504204457313153,0.01949023932544471,0.026311108376822042
39.5,-12.5,6100,NA,0.022752802622029215,0.014729640293106461,0.017441411654601103
-119.5,-11.5,6184,NA,0.011344123762993024,NA,0.008559479585785668
-118.5,-11.5,6185,NA,0.012615900294629777,NA,0.008752576748911379
-117.5,-11.5,6186,NA,0.012206792427738169,NA,0.006896354267727814
-116.5,-11.5,6187,NA,0.015521392770988776,NA,0.008994935938870815
-115.5,-11.5,6188,NA,0.02816995437141123,NA,0.009021132166516834
-114.5,-11.5,6189,NA,0.02223122170905804,NA,0.008954615113455805
-113.5,-11.5,6190,NA,0.022140153367251725,NA,0.009236339436328199
-112.5,-11.5,6191,NA,0.02617416577690009,NA,0.015457596984283088
-111.5,-11.5,6192,NA,0.027922730751825626,NA,0.016472726714016086
-110.5,-11.5,6193,NA,0.023276980215335735,NA,0.014524630735135224
-9.5,-11.5,6290,NA,0.06720240817591845,0.015703482225302143,0.14371115702055062
-8.5,-11.5,6291,NA,0.06640472741925314,0.011183650958551469,0.14349645768668667
-7.5,-11.5,6292,NA,0.06483248634721844,0.015077140875092784,0.14174692031104527
-6.5,-11.5,6293,NA,0.05913862850539851,0.015218019410518919,0.14192987770213467
-5.5,-11.5,6294,NA,0.05952160416284615,0.01522091211994318,0.10581899169197946
-4.5,-11.5,6295,NA,0.025562094237507212,0.010143143855997818,0.05433026140445165
-3.5,-11.5,6296,NA,0.05241900353003783,0.015505537409485669,0.05558099135781603
-2.5,-11.5,6297,NA,0.04973447812569212,0.014677541783627757,0.044934454296653416
-1.5,-11.5,6298,NA,0.030989196356643052,0.008653306122212703,0.02176916255665167
-0.5,-11.5,6299,NA,0.033510982720553036,0.009575198435310272,0.022054494238773353
30.5,-11.5,6330,NA,0.030549356208260256,0.02019504051017148,0.01673666243721484
31.5,-11.5,6331,NA,0.02495107224816687,0.01449647728725428,0.01611676427104328
32.5,-11.5,6332,NA,0.023811886190701664,0.02104977756148707,0.020537328847685846
33.5,-11.5,6333,NA,0.027753858393650417,0.02093512488831272,0.031173650993311416
34.5,-11.5,6334,NA,0.03143311218129513,0.01900922768228328,0.023789758652480376
35.5,-11.5,6335,NA,0.026705804783449052,0.01710203397149914,0.022594028839435953
36.5,-11.5,6336,NA,0.026812475575024995,0.01118015572849337,0.021709818981482113
37.5,-11.5,6337,NA,0.026506614878598924,0.014650610875002917,0.021144591381657956
38.5,-11.5,6338,NA,0.023940719438908617,0.013679668304444196,0.018868201378741612
39.5,-11.5,6339,NA,0.01815124556401139,0.011160715534902037,0.015356028968796488
-119.5,-10.5,6423,NA,0.00642005812242163,NA,0.007772899176377286
-118.5,-10.5,6424,NA,0.005920193271072237,NA,0.005626607186739116
-117.5,-10.5,6425,NA,0.006732490191723843,NA,0.007406273369700244
-116.5,-10.5,6426,NA,0.008919784684916112,NA,0.010362720399601908
-115.5,-10.5,6427,NA,0.009895668365548347,NA,0.010336712826691817
-114.5,-10.5,6428,NA,0.009340463781007611,NA,0.010376103119119443
-113.5,-10.5,6429,NA,0.01147772295631426,NA,0.010417312879565472
-112.5,-10.5,6430,NA,0.01155394506046078,NA,0.01192466175188528
-111.5,-10.5,6431,NA,0.01878805990256445,NA,0.010104598310552318
-110.5,-10.5,6432,NA,0.01794735061145646,NA,0.01249829172021112
-9.5,-10.5,6529,NA,0.030135250686700487,0.008658653386836544,0.05887428130332486
-8.5,-10.5,6530,NA,0.03605068743645011,0.00931824733608295,0.061116608715444345
-7.5,-10.5,6531,NA,0.03152157545488949,0.008003271595488805,0.04890524794118762
-6.5,-10.5,6532,NA,0.036635789183453574,0.009365277133178623,0.046192495459030286
-5.5,-10.5,6533,NA,0.03187010230226754,0.009826789721296957,0.047003861219778335
-4.5,-10.5,6534,NA,0.02924597631633395,0.009764058431668783,0.033276704186918304
-3.5,-10.5,6535,NA,0.02736364957926788,0.010175150970468042,0.0423827203110346
-2.5,-10.5,6536,NA,0.0253076264124605,0.009610089469314263,0.015354186187630483
-1.5,-10.5,6537,NA,0.023320155346767648,0.009093996684427876,0.013769294088780911
-0.5,-10.5,6538,NA,0.015930764091114474,0.0076201673912743755,0.011167754185205958
30.5,-10.5,6569,NA,0.00823274675353946,0.003939818338919154,0.007412215685891351
31.5,-10.5,6570,NA,0.00793679905777024,0.004078027450618841,0.0072258004059375415
32.5,-10.5,6571,NA,0.0074327489603080825,0.0038229575293662614,0.008007608454607443
33.5,-10.5,6572,NA,0.007534348271057903,0.0051496963363099335,0.008117001342471659
34.5,-10.5,6573,NA,0.007973645868261074,0.005080089022977636,0.007932788110081988
35.5,-10.5,6574,NA,0.007962977809566889,0.0038992625374840864,0.00787081448873086
36.5,-10.5,6575,NA,0.0071599911464909445,0.00399879409881676,0.007632208867660615
37.5,-10.5,6576,NA,0.00719133674179335,0.00393768494731069,0.007547891364396372
38.5,-10.5,6577,NA,0.0068635770581765366,0.00498211852467121,0.007340589951533393
39.5,-10.5,6578,NA,0.0061242942554307405,0.0034839671704830592,0.007323240830957685
10.5,-9.5,6780,NA,0.007535782729840852,0.008196496693938595,0.007746381720436918
11.5,-9.5,6781,NA,0.007316290051834552,0.008014251284980184,0.008100963774365817
12.5,-9.5,6782,NA,0.006657309125087526,0.007297179716361362,0.007273889335836446
13.5,-9.5,6783,NA,0.00622777695925755,0.00675215575606707,0.007430453343511859
14.5,-9.5,6784,NA,0.0062339741606432355,0.00632969668291929,0.006200389500541477
15.5,-9.5,6785,NA,0.006657309125087526,0.006642918093175373,0.0074027566841499085
16.5,-9.5,6786,NA,0.006636861743124952,0.005974561576565262,0.006635020163010418
17.5,-9.5,6787,NA,0.006407862002913522,0.006124814281671984,0.006981287113647169
18.5,-9.5,6788,NA,0.007386869927109302,0.004633168678194566,0.007060887353747248
19.5,-9.5,6789,NA,0.008372104725999105,0.006804616988438497,0.009410933410739553
10.5,-8.5,7002,NA,0.007393000473474399,0.007724281565410673,0.008893039848319819
11.5,-8.5,7003,NA,0.007097925880318554,0.00736830430198727,0.009079463232077253
12.5,-8.5,7004,NA,0.007125103899349292,0.00674440106136527,0.007910465894951473
13.5,-8.5,7005,NA,0.006494170503677265,0.006049653549730894,0.006309273520548827
14.5,-8.5,7006,NA,0.005655690583749961,0.005215998198268067,0.005752560597893532
15.5,-8.5,7007,NA,0.005973138141080448,0.005208960762185622,0.005992630162698419
16.5,-8.5,7008,NA,0.006234704623185425,0.004781839850530707,0.0053936468606164256
17.5,-8.5,7009,NA,0.0061621985123306005,0.004851091889486158,0.007252582509448996
18.5,-8.5,7010,NA,0.0073512032089594,0.004745560067177021,0.005922465528058221
19.5,-8.5,7011,NA,0.006914184430643174,0.004965737886190607,0.0061969077588398865
10.5,-7.5,7221,NA,0.007774521758628507,0.00618561719400926,0.007696818163592628
11.5,-7.5,7222,NA,0.007647684771360779,0.006143640993909127,0.006486664030314642
12.5,-7.5,7223,NA,0.007430101365843219,0.005622661545036076,0.00625204908893966
13.5,-7.5,7224,NA,0.00735208328414614,0.00563946193068455,0.0061440056443461235
14.5,-7.5,7225,NA,0.00793743397878493,0.005057074261580075,0.005277112863467993
15.5,-7.5,7226,NA,0.006202659637913351,0.005331641022208404,0.006191478071012036
16.5,-7.5,7227,NA,0.005899423165284634,0.005502438798215934,0.005741937413203171
17.5,-7.5,7228,NA,0.006223449902975876,0.005502438798215934,0.005741937413203171
18.5,-7.5,7229,NA,0.006474477461677937,0.005524897903454149,0.00571654836049077
19.5,-7.5,7230,NA,0.006446744366444513,0.004575119901112371,0.006318688651678512
10.5,-6.5,7446,NA,0.0058687684146293525,0.005027174112261933,0.005104351127640569
11.5,-6.5,7447,NA,0.006040139351739015,0.004992090657987401,0.005104372542648097
12.5,-6.5,7448,NA,0.0060560207379808705,0.004882520907837981,0.004961845799178626
13.5,-6.5,7449,NA,0.005809775583587305,0.00473852047610197,0.005324336293447645
14.5,-6.5,7450,NA,0.004815390482211251,0.004038788957394625,0.004174242398531792
15.5,-6.5,7451,NA,0.0056900421909627085,0.003565354034880246,0.004883104020417097
16.5,-6.5,7452,NA,0.006271544995118239,0.0037937560647235235,0.005777807451170205
17.5,-6.5,7453,NA,0.005546355229066612,0.004797097351801838,0.004906147662112469
18.5,-6.5,7454,NA,0.005912507745887216,0.004878445329952067,0.004989335617182154
19.5,-6.5,7455,NA,0.0061175544793245305,0.005047812708624213,0.0051625328560107415
10.5,-5.5,7671,NA,0.0043301720342801405,0.00512842231864423,0.005161688788979438
11.5,-5.5,7672,NA,0.006303634042678327,0.006631219788020426,0.006226398022391672
12.5,-5.5,7673,NA,0.0044488656841531445,0.0056235675591473225,0.00492899287087711
13.5,-5.5,7674,NA,0.0037891017740975643,0.005460877378335164,0.004947706959357746
14.5,-5.5,7675,NA,0.0032977145301600545,0.004614328455738402,0.00416613261210312
15.5,-5.5,7676,NA,0.0032547481932788916,0.004554286174832974,0.005123806531234822
16.5,-5.5,7677,NA,0.0038272036511769222,0.00541323184438501,0.005446502256791313
17.5,-5.5,7678,NA,0.0038272036511769222,0.005851737206610717,0.005446502256791313
18.5,-5.5,7679,NA,0.0039851016300558855,0.005785837111309636,0.00582138419915458
19.5,-5.5,7680,NA,0.004287213989390891,0.006270445361321777,0.006321328851567986
10.5,-4.5,7898,NA,0.0043247558333578745,0.004032296939861348,0.005826451329616357
11.5,-4.5,7899,NA,0.005675943525761602,0.003983515842780859,0.005817873679022739
12.5,-4.5,7900,NA,0.005245049663961534,0.0037683327852231128,0.008354642189012409
13.5,-4.5,7901,NA,0.004347744936613848,0.0029516820955075786,0.006533995869665341
14.5,-4.5,7902,NA,0.003343989344651873,0.0024363083691908865,0.005119361243715936
15.5,-4.5,7903,NA,0.002934117721945622,0.002877105122765026,0.00295121312151106
16.5,-4.5,7904,NA,0.0038272036511769222,0.003752902890619631,0.004261292418681766
17.5,-4.5,7905,NA,0.0038921687382217933,0.003816611587249056,0.0038747782732742493
18.5,-4.5,7906,NA,0.004010857236280351,0.003975298251104655,0.00399293858910774
19.5,-4.5,7907,NA,0.004278885426972754,0.003954382813682382,0.003971930709798529
10.5,-3.5,8117,NA,0.0044216079928122475,0.003034210280390871,0.006437597489820292
11.5,-3.5,8118,NA,0.004089792451133611,0.0030248401726534545,0.006880992569503877
12.5,-3.5,8119,NA,0.004079372590085286,0.0030033970282130327,0.006447015238694127
13.5,-3.5,8120,NA,0.004033894825377583,0.002983454279538326,0.006208328235359526
14.5,-3.5,8121,NA,0.003869551663996095,0.0037932666791790485,0.006437998860652687
15.5,-3.5,8122,NA,0.003923484296760907,0.0038461401802988046,0.004320661332502945
16.5,-3.5,8123,NA,0.004339923137178586,0.003947265885782998,0.00396478232566405
17.5,-3.5,8124,NA,0.004033894825377583,0.003954382813682382,0.0044421989497504975
18.5,-3.5,8125,NA,0.004018088356984703,0.003982465519330964,0.003970140382738307
19.5,-3.5,8126,NA,0.003980518904405561,0.003970726754049468,0.003958437802799947
10.5,-2.5,8334,NA,0.0044216079928122475,0.003034210280390871,0.006437597489820292
11.5,-2.5,8335,NA,0.004089792451133611,0.0030248401726534545,0.006378341755107619
12.5,-2.5,8336,NA,0.004079372590085286,0.0030033970282130323,0.006333276597778457
13.5,-2.5,8337,NA,0.00517026558712886,0.004742425659274307,0.008044918887167008
14.5,-2.5,8338,NA,0.0040266353736920025,0.0029780795623414722,0.0060711893318458575
15.5,-2.5,8339,NA,0.0040266353736920025,0.0029780795623414727,0.006405397058468028
16.5,-2.5,8340,NA,0.004347744936613848,0.0029834542795383265,0.0069415358949350935
17.5,-2.5,8341,NA,0.004058531236518989,0.002995797325108707,0.003958437802799947
18.5,-2.5,8342,NA,0.004374289721944159,0.003978535556901405,0.003958437802799947
19.5,-2.5,8343,NA,0.004097834444385867,0.0030307944619954188,0.003996775586122223
10.5,-1.5,8555,NA,0.0044611661921482495,0.003070130938175205,0.00576390076263865
11.5,-1.5,8556,NA,0.004147140311796672,0.0030441531024914853,0.005726480197447499
12.5,-1.5,8557,NA,0.0044728128184346955,0.003017559391121034,0.005752830428880505
13.5,-1.5,8558,NA,0.004031902146230844,0.003018493118956134,0.006670365028153523
14.5,-1.5,8559,NA,0.004426708743678965,0.003026150221728607,0.003992981228942622
15.5,-1.5,8560,NA,0.004047113912653986,0.0030239405516855203,0.003971930709798529
16.5,-1.5,8561,NA,0.004063839558093587,0.0030424276598398445,0.003988346887319925
17.5,-1.5,8562,NA,0.004450199654598551,0.004060081366441769,0.0040156566200437805
18.5,-1.5,8563,NA,0.0044720816164815465,0.0030783637065090945,0.004515945495534838
19.5,-1.5,8564,NA,0.004711501281190989,0.0031374279495753085,0.004092790349427425
10.5,-0.5,8770,NA,0.007074584150939307,0.0041745284607856425,0.0060077035577506335
11.5,-0.5,8771,NA,0.00578595483257086,0.003124971350581092,0.006770935652367547
12.5,-0.5,8772,NA,0.005341890544678854,0.0031640804429563453,0.005884039094438596
13.5,-0.5,8773,NA,0.005775560634277897,0.003158381357065275,0.005817010371570617
14.5,-0.5,8774,NA,0.005332289808649827,0.003158381357065275,0.005817010371570617
15.5,-0.5,8775,NA,0.005341890544678854,0.0030886023382653274,0.00594383120829667
16.5,-0.5,8776,NA,0.005374472237373149,0.0041229900154042334,0.007556231145784381
17.5,-0.5,8777,NA,0.005361001019686623,0.003138548277239141,0.00759634625133759
18.5,-0.5,8778,NA,0.0059075639362635105,0.003215474777814291,0.004238520045061474
19.5,-0.5,8779,NA,0.016876312473023274,0.009082775508271582,0.013559500530231194
-129.5,0.5,8867,NA,0.008206594979331027,NA,NA
-128.5,0.5,8868,NA,0.012030800251220672,NA,NA
-127.5,0.5,8869,NA,0.011184921378660048,NA,NA
-126.5,0.5,8870,NA,0.012475185518873076,NA,NA
-125.5,0.5,8871,NA,0.012339248593007411,NA,NA
-124.5,0.5,8872,NA,0.011052998150719986,NA,NA
-123.5,0.5,8873,NA,0.012497307354782477,NA,NA
-122.5,0.5,8874,NA,0.012166735547093173,NA,NA
-121.5,0.5,8875,NA,0.012787615027888175,NA,NA
-120.5,0.5,8876,NA,0.017207080415815805,NA,NA
-129.5,1.5,9084,NA,0.00821626767194638,NA,NA
-128.5,1.5,9085,NA,0.01325361486383808,NA,NA
-127.5,1.5,9086,NA,0.012184529054759217,NA,NA
-126.5,1.5,9087,NA,0.01192646828013446,NA,NA
-125.5,1.5,9088,NA,0.011208350980627725,NA,NA
-124.5,1.5,9089,NA,0.012038312414412743,NA,NA
-123.5,1.5,9090,NA,0.012286849589651762,NA,NA
-122.5,1.5,9091,NA,0.011168429270263977,NA,NA
-121.5,1.5,9092,NA,0.010335624289868044,NA,NA
-120.5,1.5,9093,NA,0.012376831882403981,NA,NA
-129.5,2.5,9305,NA,0.006569514281842877,NA,NA
-128.5,2.5,9306,NA,0.008179473466633579,NA,NA
-127.5,2.5,9307,NA,0.015049646713419414,NA,NA
-126.5,2.5,9308,NA,0.012913452540237,NA,NA
-125.5,2.5,9309,NA,0.01412317045379909,NA,NA
-124.5,2.5,9310,NA,0.012470780381486917,NA,NA
-123.5,2.5,9311,NA,0.0110555569797798,NA,NA
-122.5,2.5,9312,NA,0.011904884058677234,NA,NA
-121.5,2.5,9313,NA,0.021150215713017378,NA,NA
-120.5,2.5,9314,NA,0.0156213490219728,NA,NA
-129.5,3.5,9528,NA,0.0049266929264219295,NA,NA
-128.5,3.5,9529,NA,0.0085266359444492925,NA,NA
-127.5,3.5,9530,NA,0.008991036652144185,NA,NA
-126.5,3.5,9531,NA,0.013568807351957582,NA,NA
-125.5,3.5,9532,NA,0.01305483104420508,NA,NA
-124.5,3.5,9533,NA,0.011262946793703973,NA,NA
-123.5,3.5,9534,NA,0.011451246027893162,NA,NA
-122.5,3.5,9535,NA,0.015751954303826813,NA,NA
-121.5,3.5,9536,NA,0.01792714122462876,NA,NA
-120.5,3.5,9537,NA,0.026640517689423236,NA,NA
-129.5,4.5,9755,NA,0.0037244594059857522,NA,NA
-128.5,4.5,9756,NA,0.008739771408219878,NA,NA
-127.5,4.5,9757,NA,0.009567387638708952,NA,NA
-126.5,4.5,9758,NA,0.011878911244005749,NA,NA
-125.5,4.5,9759,NA,0.011570149231459414,NA,NA
-124.5,4.5,9760,NA,0.01281640092983486,NA,NA
-123.5,4.5,9761,NA,0.013037917299384976,NA,NA
-122.5,4.5,9762,NA,0.013907908772231603,NA,NA
-121.5,4.5,9763,NA,0.02168890011848457,NA,NA
-120.5,4.5,9764,NA,0.016442615675879232,NA,NA
-129.5,5.5,9980,NA,0.0033100154955170297,NA,NA
-128.5,5.5,9981,NA,0.003929353098277086,NA,NA
-127.5,5.5,9982,NA,0.007731027093071229,NA,NA
-126.5,5.5,9983,NA,0.007028335284414527,NA,NA
-125.5,5.5,9984,NA,0.010538306495693378,NA,NA
-124.5,5.5,9985,NA,0.011145425379520874,NA,NA
-123.5,5.5,9986,NA,0.013883118810654552,NA,NA
-122.5,5.5,9987,NA,0.01325398358358913,NA,NA
-121.5,5.5,9988,NA,0.015086390271968191,NA,NA
-120.5,5.5,9989,NA,0.01954460806653711,NA,NA
-129.5,6.5,10206,NA,0.0025920218896512554,NA,NA
-128.5,6.5,10207,NA,0.0037065617529227117,NA,NA
-127.5,6.5,10208,NA,0.0034286627147700373,NA,NA
-126.5,6.5,10209,NA,0.004250803079158183,NA,NA
-125.5,6.5,10210,NA,0.004753137006822166,NA,NA
-124.5,6.5,10211,NA,0.006938867293544998,NA,NA
-123.5,6.5,10212,NA,0.007945060400842792,NA,NA
-122.5,6.5,10213,NA,0.00854076119436926,NA,NA
-121.5,6.5,10214,NA,0.008288001569824843,NA,NA
-120.5,6.5,10215,NA,0.008935626480580567,NA,NA
-129.5,7.5,10431,NA,0.003598766605017075,NA,NA
-128.5,7.5,10432,NA,0.003376324410460368,NA,NA
-127.5,7.5,10433,NA,0.002773459593633129,NA,NA
-126.5,7.5,10434,NA,0.002764065180101824,NA,NA
-125.5,7.5,10435,NA,0.005054207093263313,NA,NA
-124.5,7.5,10436,NA,0.0063870210926405095,NA,NA
-123.5,7.5,10437,NA,0.007588219505175172,NA,NA
-122.5,7.5,10438,NA,0.009529764260036573,NA,NA
-121.5,7.5,10439,NA,0.009131172594475854,NA,NA
-120.5,7.5,10440,NA,0.008313237850625432,NA,NA
-129.5,8.5,10656,NA,0.003983392594619994,NA,NA
-128.5,8.5,10657,NA,0.00306120592120506,NA,NA
-127.5,8.5,10658,NA,0.0029716937383589452,NA,NA
-126.5,8.5,10659,NA,0.00416658986078835,NA,NA
-125.5,8.5,10660,NA,0.004063288365531854,NA,NA
-124.5,8.5,10661,NA,0.004543014420142858,NA,NA
-123.5,8.5,10662,NA,0.005310123655010079,NA,NA
-122.5,8.5,10663,NA,0.008522148304586417,NA,NA
-121.5,8.5,10664,NA,0.009522054115571594,NA,NA
-120.5,8.5,10665,NA,0.011259734646169492,NA,NA
-128.5,9.5,10877,NA,0.0055264622854687044,NA,NA
-127.5,9.5,10878,NA,0.0029715660850227455,NA,NA
-126.5,9.5,10879,NA,0.004333391514582507,NA,NA
-125.5,9.5,10880,NA,0.005429679084021591,NA,NA
-124.5,9.5,10881,NA,0.0070995908581690855,NA,NA
-123.5,9.5,10882,NA,0.009154634758130546,NA,NA
-122.5,9.5,10883,NA,0.014835411364033303,NA,NA
-121.5,9.5,10884,NA,0.012576898621885985,NA,NA
-120.5,9.5,10885,NA,0.014910517080773445,NA,NA
70.5,20.5,13174,NA,0.02953755220212494,NA,NA
71.5,20.5,13175,NA,0.023283465652989183,NA,NA
72.5,20.5,13176,NA,0.014743424377039212,NA,NA
73.5,20.5,13177,NA,0.009385091640649152,NA,NA
70.5,21.5,13335,NA,0.018367377301785687,NA,NA
71.5,21.5,13336,NA,0.02750471712805458,NA,NA
72.5,21.5,13337,NA,0.01246787478656255,NA,NA
73.5,21.5,13338,NA,0.005196357710309814,NA,NA
74.5,21.5,13339,NA,0.0033743887001949813,NA,NA
70.5,22.5,13485,NA,0.010770232139074803,NA,NA
71.5,22.5,13486,NA,0.02030714125417757,NA,NA
72.5,22.5,13487,NA,0.011580306594591026,NA,NA
73.5,22.5,13488,NA,0.0028870919309248616,NA,NA
71.5,23.5,13628,NA,0.004617725113813988,NA,NA
72.5,23.5,13629,NA,0.005171710480152306,NA,NA
70.5,24.5,13765,NA,0.004436887977694966,NA,NA
71.5,24.5,13766,NA,0.002916671604962702,NA,NA
70.5,25.5,13897,NA,0.0023937341385618454,NA,NA
70.5,26.5,14026,NA,0.00259470348340016,NA,NA
-57.5,30.5,14401,NA,0.006704913666644929,NA,NA
-56.5,30.5,14402,NA,0.012056501746347687,NA,NA
-55.5,30.5,14403,NA,0.008453982311066248,NA,NA
-54.5,30.5,14404,NA,0.007841145673757622,NA,NA
-53.5,30.5,14405,NA,0.01200739768334063,NA,NA
-52.5,30.5,14406,NA,0.004943357635221514,NA,NA
-51.5,30.5,14407,NA,0.007708519604653493,NA,NA
-50.5,30.5,14408,NA,0.010039719123244247,NA,NA
-49.5,30.5,14409,NA,0.010814637953866366,0.01340419117761959,NA
-48.5,30.5,14410,NA,0.007803378592884823,0.013825012745658378,NA
-47.5,30.5,14411,NA,0.011970629649706832,0.02420144760727963,NA
-46.5,30.5,14412,NA,0.013842981538443436,0.08658268028201058,NA
-45.5,30.5,14413,NA,0.013921634913481468,0.09614281905460251,NA
-44.5,30.5,14414,NA,0.014751240040946833,0.08476692085620273,NA
-43.5,30.5,14415,NA,0.014134894070508367,0.05326551985618967,NA
-42.5,30.5,14416,NA,0.012962278573514351,0.05345426226814923,NA
-41.5,30.5,14417,NA,0.010813059136686823,0.04156566119761733,NA
-40.5,30.5,14418,NA,0.006690226244188446,0.0408801088488979,NA
-39.5,30.5,14419,NA,0.006856685334085064,0.012139238896883137,0.010030679434195357
-38.5,30.5,14420,NA,0.010653021506528398,0.01911180878501812,0.010693891748808143
-37.5,30.5,14421,NA,0.015058137257701072,0.031137974818413204,0.036327420321178985
-36.5,30.5,14422,NA,0.021216498407643083,0.024622544929200508,0.02430013492994999
-35.5,30.5,14423,NA,0.020685507656463355,0.016833851721429635,0.016940455983725806
-34.5,30.5,14424,NA,0.018911683759611546,0.018964503678919525,0.018498787745355422
-33.5,30.5,14425,NA,0.018607283892678992,0.014261970960366499,0.014386077849964164
-32.5,30.5,14426,NA,0.014473834281260778,0.015239185415451393,0.015440338837821982
-31.5,30.5,14427,NA,0.012276963452115259,0.01190548841574013,0.013668582085352581
-30.5,30.5,14428,NA,0.015543679790837314,0.01740695378911576,0.010710617140921811
-58.5,31.5,14525,NA,0.006704913666644929,NA,NA
-57.5,31.5,14526,NA,0.012746949697293146,NA,NA
-56.5,31.5,14527,NA,0.012056501746347687,NA,NA
-55.5,31.5,14528,NA,0.009997717549472216,NA,NA
-54.5,31.5,14529,NA,0.009997717549472216,NA,NA
-53.5,31.5,14530,NA,0.009027041479114385,NA,NA
-52.5,31.5,14531,NA,0.004140557128800508,NA,NA
-51.5,31.5,14532,NA,0.006143261374304267,NA,NA
-50.5,31.5,14533,NA,0.016880384136226813,NA,NA
-48.5,31.5,14534,NA,0.007272285812548314,0.008287971615537456,NA
-47.5,31.5,14535,NA,0.009409346061609055,0.014632289620015587,NA
-46.5,31.5,14536,NA,0.014418983632609673,0.04276979648864579,NA
-45.5,31.5,14537,NA,0.014981684531641863,0.07950256661416406,NA
-44.5,31.5,14538,NA,0.01297574196338848,0.06286917702927411,NA
-43.5,31.5,14539,NA,0.012401759419389341,0.06888733876803012,NA
-42.5,31.5,14540,NA,0.011955148957236652,0.06063926952323225,NA
-41.5,31.5,14541,NA,0.011014501338701004,0.04024911697920174,NA
-40.5,31.5,14542,NA,0.014885011955791328,0.039707862920550493,NA
-39.5,31.5,14543,NA,0.007118776935451981,0.02566858424482072,0.0070558365169202135
-38.5,31.5,14544,NA,0.01140779456114048,0.09916198143901889,0.011245575495375007
-37.5,31.5,14545,NA,0.020186945506295406,0.06434273780258945,0.03601821985720049
-36.5,31.5,14546,NA,0.019049828962223736,0.0904632376500484,0.017682619840660573
-35.5,31.5,14547,NA,0.02095435073442023,0.05730693655870111,0.018394064202115163
-34.5,31.5,14548,NA,0.018868876023188683,0.05118215653354295,0.018561710857400826
-33.5,31.5,14549,NA,0.013383421390997212,0.02278606145261417,0.013087042993679743
-32.5,31.5,14550,NA,0.013910524817617662,0.01834510195064954,0.014247373746784692
-31.5,31.5,14551,NA,0.017404608339525857,0.021591769812108988,0.020218984656920846
-30.5,31.5,14552,NA,0.01839606512922253,0.023811680335641686,0.014868860231654426
-58.5,32.5,14647,NA,0.005499123908533833,NA,NA
-57.5,32.5,14648,NA,0.010874339665752837,NA,NA
-56.5,32.5,14649,NA,0.009741844184411855,NA,NA
-55.5,32.5,14650,NA,0.008245385107984714,NA,NA
-54.5,32.5,14651,NA,0.011218374414729074,NA,NA
-53.5,32.5,14652,NA,0.0026701969803324343,NA,NA
-52.5,32.5,14653,NA,0.003667636273318926,NA,NA
-51.5,32.5,14654,NA,0.004158134330825513,NA,NA
-50.5,32.5,14655,NA,0.008366077793662323,NA,NA
-49.5,32.5,14656,NA,0.012317254837376676,0.002587354264788924,NA
-47.5,32.5,14657,NA,0.007268670513133557,0.01116333092886892,NA
-46.5,32.5,14658,NA,0.00514113109422601,0.06641543092023075,NA
-45.5,32.5,14659,NA,0.010634141453368443,0.04337018063370929,NA
-44.5,32.5,14660,NA,0.009664014001639794,0.0436729067543811,NA
-43.5,32.5,14661,NA,0.012068619994752417,0.05151498073127474,NA
-42.5,32.5,14662,NA,0.009543730759083602,0.049456174685924274,NA
-41.5,32.5,14663,NA,0.008503506810890413,0.062009565319674595,NA
-40.5,32.5,14664,NA,0.006991817822677059,0.03418659230154024,NA
-39.5,32.5,14665,NA,0.007185272823939603,0.033341916661492485,0.007283808847777019
-38.5,32.5,14666,NA,0.01067318175745784,0.06143666580334653,0.010595547361827735
-37.5,32.5,14667,NA,0.039258764782975526,0.08944849293378193,0.03959489105302745
-36.5,32.5,14668,NA,0.008859547401295211,0.088151500193014945,0.008882748127285772
-35.5,32.5,14669,NA,0.01418602631724674,0.1714128392424978,0.01439508893242723
-34.5,32.5,14670,NA,0.014828211554788013,0.15013895511337677,0.014530034373390264
-33.5,32.5,14671,NA,0.010106916269867202,0.0777821256092222,0.009663955515219293
-32.5,32.5,14672,NA,0.01569441661918455,0.0904424970973535,0.01607918207287573
-31.5,32.5,14673,NA,0.008675763180732479,0.01997164301405505,0.007005463426097689
-30.5,32.5,14674,NA,0.012602725645712229,0.021537947325097465,0.011526288886168187
-58.5,33.5,14768,NA,0.005437608942670383,NA,NA
-57.5,33.5,14769,NA,0.013033816667820655,NA,NA
-56.5,33.5,14770,NA,0.013221045202487139,NA,NA
-55.5,33.5,14771,NA,0.010131034244745882,NA,NA
-54.5,33.5,14772,NA,0.009858713258395373,NA,NA
-52.5,33.5,14773,NA,0.0044655820640276175,NA,NA
-51.5,33.5,14774,NA,0.00334456936576886,NA,NA
-50.5,33.5,14775,NA,0.0029193733909711754,NA,NA
-45.5,33.5,14776,NA,0.005300284032395412,0.10809888523672477,NA
-44.5,33.5,14777,NA,0.005890741557963264,0.03136271938220708,NA
-43.5,33.5,14778,NA,0.009270790077115426,0.011923807886316877,NA
-42.5,33.5,14779,NA,0.009197698701012738,0.08356927553962512,NA
-41.5,33.5,14780,NA,0.008237892241493724,0.07597498298119816,NA
-40.5,33.5,14781,NA,0.006988529024161449,0.06385044920019006,NA
-39.5,33.5,14782,NA,0.006117295485407521,0.035925664419865826,0.0061080766105349685
-38.5,33.5,14783,NA,0.01810177920587573,0.11620129545407637,0.011447657481407037
-37.5,33.5,14784,NA,0.037495957586896014,0.14431020622097146,0.03860067612424011
-36.5,33.5,14785,NA,0.00967693576341247,0.13316572772520988,0.011792370369598378
-35.5,33.5,14786,NA,0.014240161427875795,0.13840225314107682,0.020270485585503567
-34.5,33.5,14787,NA,0.016280375094197618,0.18856650095906352,0.013713545274084145
-33.5,33.5,14788,NA,0.014667802144911203,0.08052389513886253,0.013907090839545232
-32.5,33.5,14789,NA,0.015563567494720014,0.06438026227342403,0.015233941609874038
-31.5,33.5,14790,NA,0.010273558613320983,0.03480865031433667,0.010063360180977284
-30.5,33.5,14791,NA,0.009743708100437122,0.036506302638567696,0.009366671579140097
-59.5,34.5,14884,NA,0.005578467680728952,NA,NA
-58.5,34.5,14885,NA,0.004096027919987197,NA,NA
-57.5,34.5,14886,NA,0.010706536002428322,NA,NA
-56.5,34.5,14887,NA,0.013409984335984072,NA,NA
-55.5,34.5,14888,NA,0.010000890023845976,NA,NA
-54.5,34.5,14889,NA,0.00753595776258125,NA,NA
-52.5,34.5,14890,NA,0.005557618447142732,NA,NA
-51.5,34.5,14891,NA,0.004935272331085057,NA,NA
-50.5,34.5,14892,NA,0.0037716098321460196,NA,NA
-42.5,34.5,14893,NA,0.0033851435283187683,0.01315720060948591,NA
-41.5,34.5,14894,NA,0.005492417474975891,0.02041860728590656,NA
-40.5,34.5,14895,NA,0.004957787068201484,0.042522217163658116,NA
-39.5,34.5,14896,NA,0.007674450353521828,0.02859076028822479,0.005297608133764462
-38.5,34.5,14897,NA,0.021293399655399187,0.10376608399992429,0.020563018827666025
-37.5,34.5,14898,NA,0.03900768415709306,0.13391836809235652,0.028222480111582172
-36.5,34.5,14899,NA,0.011018623451150433,0.09741330181441957,0.009608880255876584
-35.5,34.5,14900,NA,0.008561895109730322,0.0799455504881567,0.00837763571995825
-34.5,34.5,14901,NA,0.011094972854812436,0.07947232758610728,0.01252090636881683
-33.5,34.5,14902,NA,0.011006040346024712,0.11566292625369658,0.010821113018548866
-32.5,34.5,14903,NA,0.007648834797770985,0.046022598699684704,0.007524616738228475
-31.5,34.5,14904,NA,0.00698170452138621,0.03165065111504951,0.00682592491248434
-30.5,34.5,14905,NA,0.007011834368850899,0.025639541082910475,0.007400944626854795
-59.5,35.5,14995,NA,0.005578467680728952,NA,NA
-58.5,35.5,14996,NA,0.0036367592912036756,NA,NA
-57.5,35.5,14997,NA,0.006345154270418889,NA,NA
-56.5,35.5,14998,NA,0.006511863941608729,NA,NA
-55.5,35.5,14999,NA,0.003991669418361132,NA,NA
-54.5,35.5,15000,NA,0.0038530168873793023,NA,NA
-50.5,35.5,15001,NA,0.0021596848325347888,NA,NA
-49.5,35.5,15002,NA,0.0048874364970254444,0.010727465459537674,NA
-48.5,35.5,15003,NA,0.0038737253157543417,0.013706673238103682,NA
-47.5,35.5,15004,NA,0.008820799960416192,0.00882646674971603,NA
-46.5,35.5,15005,NA,0.011923410021047666,0.018228311443353257,NA
-39.5,35.5,15006,NA,0.0034557487884622614,0.008266395796723716,0.0016547718510362454
-38.5,35.5,15007,NA,0.00631429063740692,0.05707657833159042,0.004928267698541248
-37.5,35.5,15008,NA,0.02560967295171178,0.12427926085420218,0.020275724088363718
-36.5,35.5,15009,NA,0.027664442143155485,0.06211740835219644,0.02591931313326891
-35.5,35.5,15010,NA,0.01326881846212679,0.06146205468591089,0.014287979718711772
-34.5,35.5,15011,NA,0.010827409860909793,0.04811287890274526,0.010638992713934075
-33.5,35.5,15012,NA,0.010954134658848485,0.07388516903011916,0.010439832209842532
-32.5,35.5,15013,NA,0.011184455928172753,0.04099299131238857,0.010528810641445953
-31.5,35.5,15014,NA,0.008779834959107823,0.025276484014803296,0.007242383573268249
-30.5,35.5,15015,NA,0.007976955781603312,0.03049208572875873,0.007496734222492622
-58.5,36.5,15105,NA,0.0011626026985074322,NA,NA
-57.5,36.5,15106,NA,0.011126787014934043,NA,NA
-56.5,36.5,15107,NA,0.007570247925676309,NA,NA
-55.5,36.5,15108,NA,0.004456823516134459,NA,NA
-54.5,36.5,15109,NA,0.0020559375271772544,NA,NA
-53.5,36.5,15110,NA,0.0013267158663675183,NA,NA
-50.5,36.5,15111,NA,0.008818816417113812,NA,NA
-49.5,36.5,15112,NA,0.004943197056448612,0.008322589050978168,NA
-48.5,36.5,15113,NA,0.004276308668515132,0.03196751430840108,NA
-47.5,36.5,15114,NA,0.0032203225111195988,0.04537330513218836,NA
-46.5,36.5,15115,NA,0.003178124979526052,0.038253716182351176,NA
-45.5,36.5,15116,NA,0.003439040573479901,0.016449783571427252,NA
-44.5,36.5,15117,NA,0.009885339162157598,0.008936678641880096,NA
-38.5,36.5,15118,NA,0.006266436699849745,0.03038148070076769,0.004627341328639331
-37.5,36.5,15119,NA,0.009889635706109573,0.06538014486962643,0.009652995530921162
-36.5,36.5,15120,NA,0.0495123126811325,0.06654626417340251,0.04097684658533118
-35.5,36.5,15121,NA,0.008841849202877805,0.03281047345508579,0.008350338101632914
-34.5,36.5,15122,NA,0.011524604643619102,0.06997589530778989,0.010908864538136345
-33.5,36.5,15123,NA,0.011682366524143842,0.07432951760934273,0.011133576052353425
-32.5,36.5,15124,NA,0.010841444309954805,0.08643460534999596,0.01055539306417396
-31.5,36.5,15125,NA,0.010889181226384076,0.10042017344262888,0.010645479893116094
-30.5,36.5,15126,NA,0.00700951760805388,0.04648225669592231,0.0066077864411190745
-57.5,37.5,15216,NA,0.004142428967385102,NA,NA
-56.5,37.5,15217,NA,0.0018973756858665384,NA,NA
-55.5,37.5,15218,NA,0.0012746898593476944,NA,NA
-54.5,37.5,15219,NA,0.001362711366422302,NA,NA
-53.5,37.5,15220,NA,0.0013063528453702165,NA,NA
-50.5,37.5,15221,NA,0.007435641645760159,NA,NA
-49.5,37.5,15222,NA,0.013085651999398006,0.01910647559793733,NA
-48.5,37.5,15223,NA,0.010040411495259832,0.022681225450372544,NA
-47.5,37.5,15224,NA,0.004323604460831243,0.051272792650008836,NA
-46.5,37.5,15225,NA,0.004276308668515132,0.03308200190964578,NA
-45.5,37.5,15226,NA,0.005418926398614773,0.02229045084624554,NA
-44.5,37.5,15227,NA,0.003285828129919213,0.012145754772573297,NA
-43.5,37.5,15228,NA,0.007431678717880497,0.006782832247599901,NA
-42.5,37.5,15229,NA,0.009397048402835334,0.00881195208187903,NA
-41.5,37.5,15230,NA,0.00771328093555327,0.03484675683922773,NA
-38.5,37.5,15231,NA,0.008842370267612951,0.025744306088012182,0.004679497291388379
-37.5,37.5,15232,NA,0.005820532074512088,0.023057609897320586,0.005777302730134651
-36.5,37.5,15233,NA,0.018461843581895055,0.05059210808389297,0.01806378328314031
-35.5,37.5,15234,NA,0.007779469596929957,0.023010711722476734,0.009873254234066115
-34.5,37.5,15235,NA,0.008374073576275695,0.0328279826741072,0.008354461583086177
-33.5,37.5,15236,NA,0.011345042690605898,0.09990437056855754,0.011186918054277245
-32.5,37.5,15237,NA,0.010742820871430475,0.08330908776856157,0.01059299993242315
-31.5,37.5,15238,NA,0.010553211017753375,0.10850124454636145,0.01047689719780687
-30.5,37.5,15239,NA,0.0072131631449178606,0.051596553544978926,0.007106189397421573
-59.5,38.5,15330,NA,0.001123514226913543,NA,NA
-58.5,38.5,15331,NA,0.0011116753399020316,NA,NA
-57.5,38.5,15332,NA,0.0014853284468510245,NA,NA
-56.5,38.5,15333,NA,0.001875087978649223,NA,NA
-55.5,38.5,15334,NA,0.004164432445078928,NA,NA
-51.5,38.5,15335,NA,0.009167464432710727,NA,NA
-50.5,38.5,15336,NA,0.015349496460941952,NA,NA
-49.5,38.5,15337,NA,0.017740241511244304,0.01959013113086135,NA
-48.5,38.5,15338,NA,0.0071499406433332136,0.02699625822412049,NA
-47.5,38.5,15339,NA,0.0072425937823572,0.1708422543603393,NA
-46.5,38.5,15340,NA,0.005999639462454766,0.05918119260240117,NA
-45.5,38.5,15341,NA,0.0058985927364425105,0.06999969755930803,NA
-44.5,38.5,15342,NA,0.008000811448230767,0.06504712915288387,NA
-43.5,38.5,15343,NA,0.004782619141545734,0.010943144854701105,NA
-42.5,38.5,15344,NA,0.0033947222862119003,0.029480408480990497,NA
-41.5,38.5,15345,NA,0.0032360823832933935,0.04065881194384863,NA
-40.5,38.5,15346,NA,0.007203238713682674,0.034354433632048376,NA
-37.5,38.5,15347,NA,0.0059104514682869445,0.025508146423195103,0.005688031568291593
-36.5,38.5,15348,NA,0.007060733857290241,0.05576391954555446,0.006946326859311512
-35.5,38.5,15349,NA,0.008823478955699257,0.035221759850261464,0.008631406305038438
-34.5,38.5,15350,NA,0.008323069509948247,0.06370335337486278,0.008238562742959265
-33.5,38.5,15351,NA,0.008478316601569265,0.06267427945989269,0.008067451679815044
-32.5,38.5,15352,NA,0.011372337966244204,0.08901396155583968,0.010966852018498783
-31.5,38.5,15353,NA,0.010413726620570305,0.05418921011878426,0.010042073218214771
-30.5,38.5,15354,NA,0.010355139133855338,0.05588301209922003,0.010202725651624622
-59.5,39.5,15443,NA,0.0011122926790267224,NA,NA
-56.5,39.5,15444,NA,0.0021803411067961892,NA,NA
-55.5,39.5,15445,NA,0.001336812720031398,NA,NA
-51.5,39.5,15446,NA,0.012393133389642897,NA,NA
-50.5,39.5,15447,NA,0.011906638501620923,NA,NA
-49.5,39.5,15448,NA,0.015489763377768898,0.018516467467851135,NA
-48.5,39.5,15449,NA,0.022225675397208416,0.10811610638295335,NA
-47.5,39.5,15450,NA,0.007611087560871617,0.11338095623801232,NA
-46.5,39.5,15451,NA,0.005059825106380904,0.06875726899647819,NA
-45.5,39.5,15452,NA,0.005580618173557368,0.07492354762104012,NA
-44.5,39.5,15453,NA,0.0055099267563640175,0.057118459594087276,NA
-43.5,39.5,15454,NA,0.00529693057161283,0.06691438867613671,NA
-42.5,39.5,15455,NA,0.004711210058061703,0.11057995480068998,NA
-41.5,39.5,15456,NA,0.004105741221025271,0.032435929586095376,NA
-40.5,39.5,15457,NA,0.0028824491604816935,0.01696800544478594,NA
-37.5,39.5,15458,NA,0.0045746956671413284,0.013100760420339534,0.004066958401705775
-36.5,39.5,15459,NA,0.0056238857126640505,0.032006951352237,0.005434782671338805
-35.5,39.5,15460,NA,0.0076783906312878625,0.04257368734553719,0.00810925651549827
-34.5,39.5,15461,NA,0.0066894746170648904,0.04382528126438751,0.0064794337008270975
-33.5,39.5,15462,NA,0.006837094076263274,0.0336369392430242,0.006353382971623594
-32.5,39.5,15463,NA,0.006653986984081332,0.024121602219131604,0.005723439582746935
-31.5,39.5,15464,NA,0.008902737000488187,0.030629097064685966,0.007823343648950312
-30.5,39.5,15465,NA,0.013178848197214555,0.04462017377759663,0.011587068121506379
-9.5,-39.5,127,NA,NA,0.002119577634344077,NA
-8.5,-39.5,128,NA,NA,0.002182399583484212,NA
-7.5,-39.5,129,NA,NA,0.0017744404848073683,NA
-6.5,-39.5,130,NA,NA,0.0015637574130440755,NA
-2.5,-39.5,131,NA,NA,0.0022746754084474506,NA
-1.5,-39.5,132,NA,NA,0.003742315750901136,NA
-0.5,-39.5,133,NA,NA,0.004661737055261756,NA
-9.5,-38.5,365,NA,NA,0.0018412877319040402,NA
-8.5,-38.5,366,NA,NA,0.0018314256518395299,NA
-7.5,-38.5,367,NA,NA,0.002145852140071762,NA
-6.5,-38.5,368,NA,NA,0.0017463665006924851,NA
-5.5,-38.5,369,NA,NA,0.0015785743793649758,NA
-1.5,-38.5,370,NA,NA,0.003462234897400869,NA
-0.5,-38.5,371,NA,NA,0.004661737055261756,NA
-9.5,-37.5,598,NA,NA,0.0016891272728540817,NA
-8.5,-37.5,599,NA,NA,0.0017876194387856314,NA
-7.5,-37.5,600,NA,NA,0.0018709651357135377,NA
-6.5,-37.5,601,NA,NA,0.001509086481545971,NA
-5.5,-37.5,602,NA,NA,0.0020181911088625703,NA
-3.5,-37.5,603,NA,NA,0.002356916262282956,NA
-2.5,-37.5,604,NA,NA,0.0050346525559919735,NA
-1.5,-37.5,605,NA,NA,0.0025290542599956754,NA
-0.5,-37.5,606,NA,NA,0.0023880813492844002,NA
-9.5,-36.5,833,NA,NA,0.0028592357938008062,NA
-8.5,-36.5,834,NA,NA,0.002912629137681406,NA
-7.5,-36.5,835,NA,NA,0.003019671831089193,NA
-6.5,-36.5,836,NA,NA,0.0033691360258191073,NA
-4.5,-36.5,837,NA,NA,0.0025225570681145473,NA
-3.5,-36.5,838,NA,NA,0.0025118702258304713,NA
-2.5,-36.5,839,NA,NA,0.002615593164857965,NA
-1.5,-36.5,840,NA,NA,0.003514762476485587,NA
-0.5,-36.5,841,NA,NA,0.0028402296378692003,NA
-9.5,-35.5,1065,NA,NA,0.002849125240454724,NA
-8.5,-35.5,1066,NA,NA,0.0029962645940539005,NA
-7.5,-35.5,1067,NA,NA,0.003013438240320425,NA
-5.5,-35.5,1068,NA,NA,0.0011973956173777218,NA
-4.5,-35.5,1069,NA,NA,0.002037636120962825,NA
-3.5,-35.5,1070,NA,NA,0.0024936809724351713,NA
-2.5,-35.5,1071,NA,NA,0.0026258679833134095,NA
-1.5,-35.5,1072,NA,NA,0.002796238936731701,NA
-0.5,-35.5,1073,NA,NA,0.002731897626856775,NA
-9.5,-34.5,1292,NA,NA,0.0036807061497349685,NA
-8.5,-34.5,1293,NA,NA,0.003962375304213207,NA
-7.5,-34.5,1294,NA,NA,0.003773140944391032,NA
-6.5,-34.5,1295,NA,NA,0.0034263166010025507,NA
-5.5,-34.5,1296,NA,NA,0.0032337317875337952,NA
-4.5,-34.5,1297,NA,NA,0.0034626086177994707,NA
-3.5,-34.5,1298,NA,NA,0.0027229498095185456,NA
-2.5,-34.5,1299,NA,NA,0.002884749536750304,NA
-1.5,-34.5,1300,NA,NA,0.004590405313900099,NA
-0.5,-34.5,1301,NA,NA,0.0035872556196731,NA
-9.5,-33.5,1515,NA,NA,0.003400833890176164,NA
-8.5,-33.5,1516,NA,NA,0.0034626086177994707,NA
-7.5,-33.5,1517,NA,NA,0.0035059283879014776,NA
-6.5,-33.5,1518,NA,NA,0.0035059283879014776,NA
-5.5,-33.5,1519,NA,NA,0.005053448842093057,NA
-4.5,-33.5,1520,NA,NA,0.004739090243003544,NA
-3.5,-33.5,1521,NA,NA,0.005000972885437559,NA
-2.5,-33.5,1522,NA,NA,0.0047524807572649225,NA
-1.5,-33.5,1523,NA,NA,0.003766329630685878,NA
-0.5,-33.5,1524,NA,NA,0.004945357003938325,NA
-9.5,-32.5,1734,NA,NA,0.004811498943178447,NA
-8.5,-32.5,1735,NA,NA,0.004810665926531793,NA
-7.5,-32.5,1736,NA,NA,0.0033974434883395984,NA
-6.5,-32.5,1737,NA,NA,0.003759838458882961,NA
-5.5,-32.5,1738,NA,NA,0.005025639512816903,NA
-4.5,-32.5,1739,NA,NA,0.005060145952624689,NA
-3.5,-32.5,1740,NA,NA,0.004895089050861189,NA
-2.5,-32.5,1741,NA,NA,0.004782917179186555,NA
-1.5,-32.5,1742,NA,NA,0.0038841336644630663,NA
-0.5,-32.5,1743,NA,NA,0.004831772327355004,NA
-9.5,-31.5,1945,NA,NA,0.0047657272354586985,NA
-8.5,-31.5,1946,NA,NA,0.0046999961079371285,NA
-7.5,-31.5,1947,NA,NA,0.003498147023189845,NA
-6.5,-31.5,1948,NA,NA,0.003947246970700118,NA
-5.5,-31.5,1949,NA,NA,0.005039129596173937,NA
-4.5,-31.5,1950,NA,NA,0.005268958633066942,NA
-3.5,-31.5,1951,NA,NA,0.0055530020587113045,NA
-2.5,-31.5,1952,NA,NA,0.0052274384751816875,NA
-1.5,-31.5,1953,NA,NA,0.004846581644668135,NA
-0.5,-31.5,1954,NA,NA,0.0028959878065533897,NA
-9.5,-30.5,2155,NA,NA,0.005055381185691629,NA
-8.5,-30.5,2156,NA,NA,0.0041485083954780335,NA
-7.5,-30.5,2157,NA,NA,0.004605008153175584,NA
-6.5,-30.5,2158,NA,NA,0.0036217353172306142,NA
-5.5,-30.5,2159,NA,NA,0.005342676278029671,NA
-4.5,-30.5,2160,NA,NA,0.005541490640936442,NA
-3.5,-30.5,2161,NA,NA,0.004643218002199128,NA
-2.5,-30.5,2162,NA,NA,0.005675220067103846,NA
-1.5,-30.5,2163,NA,NA,0.00516401081292088,NA
-0.5,-30.5,2164,NA,NA,0.0027020779522003912,NA
-19.5,-29.5,2355,NA,NA,0.0017225468557912418,0.002444794340080614
-18.5,-29.5,2356,NA,NA,0.0017457463615825344,0.002450543876691632
-17.5,-29.5,2357,NA,NA,0.002400805843588947,0.002460753149717201
-16.5,-29.5,2358,NA,NA,0.002052702117764025,0.0028463833903411826
-15.5,-29.5,2359,NA,NA,0.004533338644262305,0.004459512880885846
-14.5,-29.5,2360,NA,NA,0.005224861627000512,0.005164722474284422
-13.5,-29.5,2361,NA,NA,0.005454557988252781,0.005492397759036885
-12.5,-29.5,2362,NA,NA,0.004402598420418416,0.004528594057316936
-11.5,-29.5,2363,NA,NA,0.003797967675385321,0.004561948761301422
-10.5,-29.5,2364,NA,NA,0.004841359608914437,0.005051660998488965
-9.5,-29.5,2365,NA,NA,0.0056052263309234246,0.00706687775860707
-8.5,-29.5,2366,NA,NA,0.004453971860682269,0.004566921859204116
-7.5,-29.5,2367,NA,NA,0.004034066922390626,0.004767154262071494
-6.5,-29.5,2368,NA,NA,0.0038799257203766227,0.004877705501374743
-5.5,-29.5,2369,NA,NA,0.0050285378315872,0.0064183793337682545
-4.5,-29.5,2370,NA,NA,0.009166217013758535,0.00954169235852596
-3.5,-29.5,2371,NA,NA,0.0060202389530138985,0.009284670884408786
-2.5,-29.5,2372,NA,NA,0.0054220874834894125,0.008620438863065146
-1.5,-29.5,2373,NA,NA,0.005039706003022917,0.008132188703294867
-0.5,-29.5,2374,NA,NA,0.003961254089564631,0.006719913188154136
0.5,-29.5,2375,NA,NA,0.0035915765865377914,NA
1.5,-29.5,2376,NA,NA,0.0035915765865377914,NA
2.5,-29.5,2377,NA,NA,0.005877458187575169,NA
3.5,-29.5,2378,NA,NA,0.009834370422390689,NA
4.5,-29.5,2379,NA,NA,0.009758760401288613,NA
5.5,-29.5,2380,NA,NA,0.009945834582313025,NA
6.5,-29.5,2381,NA,NA,0.005842591062106107,NA
7.5,-29.5,2382,NA,NA,0.00858959551396792,NA
8.5,-29.5,2383,NA,NA,0.0056552889904620315,NA
9.5,-29.5,2384,NA,NA,0.005535224160236688,NA
-19.5,-28.5,2565,NA,NA,0.0017779369800897348,0.0034367463794143967
-18.5,-28.5,2566,NA,NA,0.0018753234310031476,0.0030607319567527076
-17.5,-28.5,2567,NA,NA,0.0018753234310031476,0.003010206990533773
-16.5,-28.5,2568,NA,NA,0.002214142139097427,0.0022679991210513015
-15.5,-28.5,2569,NA,NA,0.003464154573128661,0.0035545096221527737
-14.5,-28.5,2570,NA,NA,0.004080573871945316,0.004138189602908103
-13.5,-28.5,2571,NA,NA,0.003795841269445418,0.004815233324613924
-12.5,-28.5,2572,NA,NA,0.004118122931189246,0.004530471445087433
-11.5,-28.5,2573,NA,NA,0.0053368336146222975,0.0075117653016265745
-10.5,-28.5,2574,NA,NA,0.00475585711622807,0.0075117653016265745
-9.5,-28.5,2575,NA,NA,0.005419218137554805,0.006844236258523565
-8.5,-28.5,2576,NA,NA,0.0051568476801871444,0.008435924494098527
-7.5,-28.5,2577,NA,NA,0.0038801069933222395,0.006569118721719831
-6.5,-28.5,2578,NA,NA,0.004040819691422084,0.00860554582327591
-5.5,-28.5,2579,NA,NA,0.005685544552088107,0.008141311769388223
-4.5,-28.5,2580,NA,NA,0.004988755798113378,0.008541664646201054
-3.5,-28.5,2581,NA,NA,0.0051956787194295554,0.008821907419295208
-2.5,-28.5,2582,NA,NA,0.005239622185801441,0.008344274267546074
-1.5,-28.5,2583,NA,NA,0.005068728354924896,0.008132188703294867
-0.5,-28.5,2584,NA,NA,0.005187145954523302,0.009441224721093698
0.5,-28.5,2585,NA,NA,0.0035275091481754817,NA
1.5,-28.5,2586,NA,NA,0.0035915765865377914,NA
2.5,-28.5,2587,NA,NA,0.0035915765865377914,NA
3.5,-28.5,2588,NA,NA,0.006127115744367689,NA
4.5,-28.5,2589,NA,NA,0.009754946524164356,NA
5.5,-28.5,2590,NA,NA,0.004246785250993251,NA
6.5,-28.5,2591,NA,NA,0.005717376802940818,NA
7.5,-28.5,2592,NA,NA,0.005781142607121972,NA
8.5,-28.5,2593,NA,NA,0.006291669132962865,NA
9.5,-28.5,2594,NA,NA,0.003979302583895679,NA
-19.5,-27.5,2775,NA,NA,0.0016985006324872402,0.0036061561151529593
-18.5,-27.5,2776,NA,NA,0.001303382607500303,0.0023514839520344583
-17.5,-27.5,2777,NA,NA,0.0013523361036737022,0.003021064246506666
-16.5,-27.5,2778,NA,NA,0.0015728522655602466,0.0029191365689523983
-15.5,-27.5,2779,NA,NA,0.00449783142254175,0.00547194246644468
-14.5,-27.5,2780,NA,NA,0.0026113231089712825,0.007707453773720709
-13.5,-27.5,2781,NA,NA,0.002796509652406457,0.006633596570309434
-12.5,-27.5,2782,NA,NA,0.0022792434423344722,0.007042750705361305
-11.5,-27.5,2783,NA,NA,0.003223204665126084,0.009132936688585886
-10.5,-27.5,2784,NA,NA,0.003223204665126084,0.00937097290898351
-9.5,-27.5,2785,NA,NA,0.003959991627989133,0.008344125235697114
-8.5,-27.5,2786,NA,NA,0.005970320156511474,0.008837425962378432
-7.5,-27.5,2787,NA,NA,0.004004461708500978,0.008381542418154935
-6.5,-27.5,2788,NA,NA,0.0038484817914426453,0.00797108268987907
-5.5,-27.5,2789,NA,NA,0.004976983453433761,0.008469399286169597
-4.5,-27.5,2790,NA,NA,0.005612697558980147,0.01409090450006434
-3.5,-27.5,2791,NA,NA,0.004419014275287158,0.015452638091949784
-2.5,-27.5,2792,NA,NA,0.005425649422510938,0.015372850449736476
-1.5,-27.5,2793,NA,NA,0.005123648307994297,0.014999623767698885
-0.5,-27.5,2794,NA,NA,0.004963955450741693,0.017720887632920353
0.5,-27.5,2795,NA,NA,0.0034402699612330594,NA
1.5,-27.5,2796,NA,NA,0.002796362628436423,NA
2.5,-27.5,2797,NA,NA,0.003537825369611581,NA
3.5,-27.5,2798,NA,NA,0.0037123344146059905,NA
4.5,-27.5,2799,NA,NA,0.00644717455626599,NA
5.5,-27.5,2800,NA,NA,0.004349856014138523,NA
6.5,-27.5,2801,NA,NA,0.006126114326349618,NA
7.5,-27.5,2802,NA,NA,0.005884337554586925,NA
8.5,-27.5,2803,NA,NA,0.006448544234259569,NA
9.5,-27.5,2804,NA,NA,0.005568389651057809,NA
-19.5,-26.5,2984,NA,NA,0.0012253155391401247,0.006528009323063252
-18.5,-26.5,2985,NA,NA,0.0010861418319935206,0.0069413080376556306
-17.5,-26.5,2986,NA,NA,0.001235920233929021,0.007202908945162536
-16.5,-26.5,2987,NA,NA,0.0014817281235671646,0.005453958035547582
-15.5,-26.5,2988,NA,NA,0.003344996253426891,0.010028098399354906
-14.5,-26.5,2989,NA,NA,0.002720402375589167,0.01715536357591067
-13.5,-26.5,2990,NA,NA,0.0027690324314234693,0.015172942914083483
-12.5,-26.5,2991,NA,NA,0.0022327857081485157,0.01175339629510261
-11.5,-26.5,2992,NA,NA,0.00304049560157097,0.01751190623115535
-10.5,-26.5,2993,NA,NA,0.003143780907935792,0.014319711218139092
-9.5,-26.5,2994,NA,NA,0.0052086456406918846,0.013933936943793615
-8.5,-26.5,2995,NA,NA,0.005203595838546852,0.015247851192255146
-7.5,-26.5,2996,NA,NA,0.0050468509482857514,0.02572164965668816
-6.5,-26.5,2997,NA,NA,0.005177580202822821,0.031102550153850467
-5.5,-26.5,2998,NA,NA,0.005542678487892004,0.038202383142020194
-4.5,-26.5,2999,NA,NA,0.004364961608001504,0.05286746756354981
-3.5,-26.5,3000,NA,NA,0.004183269427779477,0.05259531567668901
-2.5,-26.5,3001,NA,NA,0.005557475325185737,0.051638472782179624
-1.5,-26.5,3002,NA,NA,0.005332994865786955,0.061101086905266985
-0.5,-26.5,3003,NA,NA,0.004912513103503271,0.06591433830531622
0.5,-26.5,3004,NA,NA,0.002461852896590687,NA
1.5,-26.5,3005,NA,NA,0.002505946972924218,NA
2.5,-26.5,3006,NA,NA,0.003445273381480489,NA
3.5,-26.5,3007,NA,NA,0.0036165076136433784,NA
4.5,-26.5,3008,NA,NA,0.004974025781612523,NA
5.5,-26.5,3009,NA,NA,0.004416264099766684,NA
6.5,-26.5,3010,NA,NA,0.004293465741985154,NA
7.5,-26.5,3011,NA,NA,0.005820068741599482,NA
8.5,-26.5,3012,NA,NA,0.0061973539070670275,NA
9.5,-26.5,3013,NA,NA,0.005517407888411607,NA
-19.5,-25.5,3192,NA,NA,0.0011781892297817998,0.011838517902069466
-18.5,-25.5,3193,NA,NA,7.393722096242982e-4,0.02050395058463804
-17.5,-25.5,3194,NA,NA,7.282039724577749e-4,0.0171247721718941
-16.5,-25.5,3195,NA,NA,0.0015995171412849292,0.026324568293913667
-15.5,-25.5,3196,NA,NA,0.0019168321809408043,0.03273589968742394
-14.5,-25.5,3197,NA,NA,0.0036558268872035394,0.03759758961563125
-13.5,-25.5,3198,NA,NA,0.004076541560814988,0.04842104149915893
-12.5,-25.5,3199,NA,NA,0.0021986679443830844,0.03786676192155793
-11.5,-25.5,3200,NA,NA,0.0021986679443830844,0.06586970737558528
-10.5,-25.5,3201,NA,NA,0.002433159475753168,0.09686591589685077
-9.5,-25.5,3202,NA,NA,0.004873790034390364,0.13360975540863798
-8.5,-25.5,3203,NA,NA,0.004953395951826474,0.20956734886143397
-7.5,-25.5,3204,NA,NA,0.005266385219327423,0.13767388088025007
-6.5,-25.5,3205,NA,NA,0.006121599969189791,0.13643024152734148
-5.5,-25.5,3206,NA,NA,0.004426669666277721,0.13576197446994517
-4.5,-25.5,3207,NA,NA,0.0046890164289827285,0.13633314636848937
-3.5,-25.5,3208,NA,NA,0.004640590849585066,0.09883006466810854
-2.5,-25.5,3209,NA,NA,0.0056741105077596585,0.09256565800378402
-1.5,-25.5,3210,NA,NA,0.004978305118454991,0.08507508628741363
-0.5,-25.5,3211,NA,NA,0.0039518286185557935,0.06701011340305026
0.5,-25.5,3212,NA,NA,0.0034485455611201875,NA
1.5,-25.5,3213,NA,NA,0.003524143808314136,NA
2.5,-25.5,3214,NA,NA,0.002598944467787123,NA
3.5,-25.5,3215,NA,NA,0.0033637208342800094,NA
4.5,-25.5,3216,NA,NA,0.005914009279132948,NA
5.5,-25.5,3217,NA,NA,0.005835444762594156,NA
6.5,-25.5,3218,NA,NA,0.006236778294167951,NA
7.5,-25.5,3219,NA,NA,0.006351028442018365,NA
8.5,-25.5,3220,NA,NA,0.008757874462765035,NA
9.5,-25.5,3221,NA,NA,0.008955109745199611,NA
-19.5,-24.5,3399,NA,NA,8.840831930267399e-4,0.0232612689220793
-18.5,-24.5,3400,NA,NA,7.658359249555237e-4,0.034655587454214765
-17.5,-24.5,3401,NA,NA,0.001052679515540962,0.02518613330085204
-16.5,-24.5,3402,NA,NA,0.0010658161980017001,0.05049700803693691
-15.5,-24.5,3403,NA,NA,0.0019493064536871857,0.07444173817264992
-14.5,-24.5,3404,NA,NA,0.002225621966882905,0.07686135747375138
-13.5,-24.5,3405,NA,NA,0.002316384524755254,0.07988048329970363
-12.5,-24.5,3406,NA,NA,0.0026333934285158243,0.04403297634653145
-11.5,-24.5,3407,NA,NA,0.002220667664894336,0.04180073723290817
-10.5,-24.5,3408,NA,NA,0.0021503895271337485,0.09476910403913989
-9.5,-24.5,3409,NA,NA,0.0028549851748293103,0.14798366022491735
-8.5,-24.5,3410,NA,NA,0.004140348653283836,0.22773449553476793
-7.5,-24.5,3411,NA,NA,0.004447266998261039,0.21946505719527196
-6.5,-24.5,3412,NA,NA,0.005762222372180806,0.14752488047557982
-5.5,-24.5,3413,NA,NA,0.004193652750397833,0.15465228584284355
-4.5,-24.5,3414,NA,NA,0.004242717477564502,0.21399610448246392
-3.5,-24.5,3415,NA,NA,0.005769395636815892,0.15163546231571298
-2.5,-24.5,3416,NA,NA,0.005638231645586112,0.15052221689574424
-1.5,-24.5,3417,NA,NA,0.005045796717906029,0.1458530049817016
-0.5,-24.5,3418,NA,NA,0.004730885021116616,0.15233391668605967
0.5,-24.5,3419,NA,NA,0.0033189224527965357,NA
1.5,-24.5,3420,NA,NA,0.003380051051269025,NA
2.5,-24.5,3421,NA,NA,0.0024786813737951393,NA
3.5,-24.5,3422,NA,NA,0.003491134625094066,NA
4.5,-24.5,3423,NA,NA,0.00814388949469533,NA
5.5,-24.5,3424,NA,NA,0.006527000065299805,NA
6.5,-24.5,3425,NA,NA,0.006406690457923772,NA
7.5,-24.5,3426,NA,NA,0.0092291264034244,NA
8.5,-24.5,3427,NA,NA,0.009669445070929376,NA
9.5,-24.5,3428,NA,NA,0.008822730373615681,NA
-19.5,-23.5,3607,NA,NA,0.0012825199648511196,0.03325189048179195
-18.5,-23.5,3608,NA,NA,7.734018256503147e-4,0.04751617242817431
-17.5,-23.5,3609,NA,NA,0.0010823847992682135,0.05112678970876828
-16.5,-23.5,3610,NA,NA,0.0015141492085125362,0.057533994841939815
-15.5,-23.5,3611,NA,NA,0.0020547312559925962,0.075448260390714
-14.5,-23.5,3612,NA,NA,0.00227831634170671,0.0810094571299988
-13.5,-23.5,3613,NA,NA,0.002537750166597462,0.05783383899384448
-12.5,-23.5,3614,NA,NA,0.0022518899244299314,0.0999514427129754
-11.5,-23.5,3615,NA,NA,0.002299015954521671,0.050545184348011106
-10.5,-23.5,3616,NA,NA,0.0023150860074634596,0.04205262063325373
-9.5,-23.5,3617,NA,NA,0.0027515763258605407,0.09826456206834262
-8.5,-23.5,3618,NA,NA,0.004655812213687286,0.0824801125539192
-7.5,-23.5,3619,NA,NA,0.005683001289315904,0.1236522349306784
-6.5,-23.5,3620,NA,NA,0.005889593399195039,0.14912763922471142
-5.5,-23.5,3621,NA,NA,0.006226256644436231,0.24205975512274966
-4.5,-23.5,3622,NA,NA,0.006370955679590439,0.17076221792220928
-3.5,-23.5,3623,NA,NA,0.006285141735468008,0.16852671758283583
-2.5,-23.5,3624,NA,NA,0.006098275384462193,0.1667857072579841
-1.5,-23.5,3625,NA,NA,0.005313765366415397,0.13775775382377223
-0.5,-23.5,3626,NA,NA,0.005027983779292983,0.13172398488297257
0.5,-23.5,3627,NA,NA,0.003551147992074435,NA
1.5,-23.5,3628,NA,NA,0.003722086458759367,NA
2.5,-23.5,3629,NA,NA,0.003926533853017977,NA
3.5,-23.5,3630,NA,NA,0.003959844197633279,NA
4.5,-23.5,3631,NA,NA,0.009428783979474716,NA
5.5,-23.5,3632,NA,NA,0.010122787348795568,NA
6.5,-23.5,3633,NA,NA,0.009655137921824852,NA
7.5,-23.5,3634,NA,NA,0.012602707014829295,NA
8.5,-23.5,3635,NA,NA,0.013431145204708823,NA
9.5,-23.5,3636,NA,NA,0.013515163714951746,NA
-19.5,-22.5,3816,NA,NA,7.496835323176509e-4,0.029124092497687014
-18.5,-22.5,3817,NA,NA,0.0011198742047841752,0.024103368360645513
-17.5,-22.5,3818,NA,NA,0.0018335168366081802,0.03297161181593857
-16.5,-22.5,3819,NA,NA,0.001971552279999663,0.046678240765732994
-15.5,-22.5,3820,NA,NA,0.0029588809923623777,0.09221810753473005
-14.5,-22.5,3821,NA,NA,0.0038078266616551745,0.12674997673587116
-13.5,-22.5,3822,NA,NA,0.00257661670509154,0.028803462593087283
-12.5,-22.5,3823,NA,NA,0.002299077276161885,0.04475625556154808
-11.5,-22.5,3824,NA,NA,0.003843932674354758,0.06519495454589336
-10.5,-22.5,3825,NA,NA,0.004076642253901939,0.14375404190224403
-9.5,-22.5,3826,NA,NA,0.0031790352775135132,0.15560394513787265
-8.5,-22.5,3827,NA,NA,0.0033754499116299685,0.08153523967885959
-7.5,-22.5,3828,NA,NA,0.003546529947875703,0.10494454643047299
-6.5,-22.5,3829,NA,NA,0.005414637797368681,0.24352929227877498
-5.5,-22.5,3830,NA,NA,0.006597823522377753,0.15713300939240712
-4.5,-22.5,3831,NA,NA,0.0070090775072181154,0.17078943672238775
-3.5,-22.5,3832,NA,NA,0.007036145025748356,0.27909513772929273
-2.5,-22.5,3833,NA,NA,0.00671639076898051,0.21825396153807108
-1.5,-22.5,3834,NA,NA,0.006985979244457354,0.22742060015444432
-0.5,-22.5,3835,NA,NA,0.00633397079103644,0.1389342529976948
0.5,-22.5,3836,NA,NA,0.004515678414559528,NA
1.5,-22.5,3837,NA,NA,0.004515678414559528,NA
2.5,-22.5,3838,NA,NA,0.006318165292909835,NA
3.5,-22.5,3839,NA,NA,0.0040677556321105065,NA
4.5,-22.5,3840,NA,NA,0.003862960018795638,NA
5.5,-22.5,3841,NA,NA,0.01621655751007139,NA
6.5,-22.5,3842,NA,NA,0.010862848593688619,NA
7.5,-22.5,3843,NA,NA,0.010074793610669647,NA
8.5,-22.5,3844,NA,NA,0.01008108755359851,NA
9.5,-22.5,3845,NA,NA,0.013996731768717036,NA
-19.5,-21.5,4027,NA,NA,0.002080009781761206,0.047452669241141034
-18.5,-21.5,4028,NA,NA,0.0016685075482341404,0.05282651177991331
-17.5,-21.5,4029,NA,NA,0.0029581047072369327,0.03439934259532827
-16.5,-21.5,4030,NA,NA,0.004641446973821969,0.0603739784266658
-15.5,-21.5,4031,NA,NA,0.002802964822925911,0.12488949239444838
-13.5,-21.5,4032,NA,NA,0.005507338686328264,0.0405910243571489
-12.5,-21.5,4033,NA,NA,0.0045180785550886105,0.04215593024003508
-11.5,-21.5,4034,NA,NA,0.0042884687205524945,0.09781871554109504
-10.5,-21.5,4035,NA,NA,0.006569495473934056,0.30232202909364414
-9.5,-21.5,4036,NA,NA,0.0034748013888802162,0.08257682537915638
-8.5,-21.5,4037,NA,NA,0.004870813095684167,0.23198246087459637
-7.5,-21.5,4038,NA,NA,0.008895523301829227,0.29175814343935
-6.5,-21.5,4039,NA,NA,0.007368383382414015,0.21289829467929827
-5.5,-21.5,4040,NA,NA,0.006107541043047897,0.12391703991498045
-4.5,-21.5,4041,NA,NA,0.005934073271250235,0.11620725729230204
-3.5,-21.5,4042,NA,NA,0.007225261169478022,0.18670543093417086
-2.5,-21.5,4043,NA,NA,0.0072650409660552275,0.14336504176245973
-1.5,-21.5,4044,NA,NA,0.006349026965631662,0.1455043344996004
-0.5,-21.5,4045,NA,NA,0.007450555972390748,0.16598428963176468
0.5,-21.5,4046,NA,NA,0.005853364882723774,NA
1.5,-21.5,4047,NA,NA,0.005718896736546008,NA
2.5,-21.5,4048,NA,NA,0.004309368340419413,NA
3.5,-21.5,4049,NA,NA,0.005658247247601886,NA
4.5,-21.5,4050,NA,NA,0.005715805953369673,NA
5.5,-21.5,4051,NA,NA,0.008108004463372818,NA
6.5,-21.5,4052,NA,NA,0.016972634408927923,NA
7.5,-21.5,4053,NA,NA,0.008393266405828895,NA
8.5,-21.5,4054,NA,NA,0.013363156954713433,NA
9.5,-21.5,4055,NA,NA,0.014243005067368834,NA
-19.5,-20.5,4239,NA,NA,0.0020781432654723908,0.04581302646711501
-18.5,-20.5,4240,NA,NA,0.002209835720531657,0.07577877508432412
-17.5,-20.5,4241,NA,NA,0.004141175149548848,0.1296309274197264
-16.5,-20.5,4242,NA,NA,0.004089412105567521,0.16211834376815465
-14.5,-20.5,4243,NA,NA,0.00539517038020444,0.05765158816925192
-13.5,-20.5,4244,NA,NA,0.004406970756939668,0.08471562361201343
-12.5,-20.5,4245,NA,NA,0.008705428345629151,0.29497384375357466
-11.5,-20.5,4246,NA,NA,0.010134412203052473,0.4053297165073363
-10.5,-20.5,4247,NA,NA,0.004465998937591419,0.21401555004520612
-9.5,-20.5,4248,NA,NA,0.004963590945724879,0.13835158421372198
-8.5,-20.5,4249,NA,NA,0.006630931022234707,0.36655659168214766
-7.5,-20.5,4250,NA,NA,0.006681962234002787,0.3281453864350648
-6.5,-20.5,4251,NA,NA,0.006671009709611354,0.49650784318804925
-5.5,-20.5,4252,NA,NA,0.006883089467450979,0.37028706878736706
-4.5,-20.5,4253,NA,NA,0.006743065421657342,0.2981943454702922
-3.5,-20.5,4254,NA,NA,0.007763585112682049,0.2844813828145023
-2.5,-20.5,4255,NA,NA,0.004703150690435229,0.18056493789746125
-1.5,-20.5,4256,NA,NA,0.004158211820783422,0.16825021588564482
-0.5,-20.5,4257,NA,NA,0.006956205953441197,0.24767691780721493
0.5,-20.5,4258,NA,NA,0.006244650057704195,NA
1.5,-20.5,4259,NA,NA,0.006675011521046954,NA
2.5,-20.5,4260,NA,NA,0.005209527628522254,NA
3.5,-20.5,4261,NA,NA,0.007502592131404058,NA
4.5,-20.5,4262,NA,NA,0.0068155084945728936,NA
5.5,-20.5,4263,NA,NA,0.00605167310290154,NA
6.5,-20.5,4264,NA,NA,0.015291326366561228,NA
7.5,-20.5,4265,NA,NA,0.014333557919547006,NA
8.5,-20.5,4266,NA,NA,0.017102346834479573,NA
9.5,-20.5,4267,NA,NA,0.013228625144877998,NA
-31.5,-19.5,4444,NA,NA,0.00175389496728804,0.08111055766218593
-30.5,-19.5,4445,NA,NA,0.002353089548239281,0.12469581004596686
-33.5,-18.5,4663,NA,NA,9.797223214963006e-4,0.08073617472681237
-32.5,-18.5,4664,NA,NA,0.001198874968088338,0.12088796793558296
-31.5,-18.5,4665,NA,NA,0.0020480942916622693,0.15079528164730807
-30.5,-18.5,4666,NA,NA,0.002331141475701526,0.13369850900566238
-39.5,-17.5,4884,NA,NA,0.006809030151236288,0.03211063267809027
-33.5,-17.5,4885,NA,NA,7.822043607522226e-4,0.06762101440831927
-32.5,-17.5,4886,NA,NA,0.00181374624760713,0.3885936218656711
-31.5,-17.5,4887,NA,NA,0.0033955525814879845,0.2780012248313263
-30.5,-17.5,4888,NA,NA,0.0044304627192297864,0.22874408432136067
-39.5,-16.5,5105,NA,NA,0.007332225661218436,0.09756121918465059
-34.5,-16.5,5106,NA,NA,0.006923034096128224,0.29014960017171165
-33.5,-16.5,5107,NA,NA,0.00170138628120481,0.38688479261474307
-32.5,-16.5,5108,NA,NA,0.0038185156531153172,0.4823286531674704
-31.5,-16.5,5109,NA,NA,0.003729012666587166,0.2764469649851445
-30.5,-16.5,5110,NA,NA,0.004624909775761274,0.2889313718313783
-39.5,-15.5,5329,NA,NA,0.0023583897268475156,0.10872033500248682
-34.5,-15.5,5330,NA,NA,0.0017809800081255555,0.15982805154635213
-33.5,-15.5,5331,NA,NA,0.002606938903529556,0.2560404292144646
-32.5,-15.5,5332,NA,NA,0.004327174321616236,0.17927810817010287
-31.5,-15.5,5333,NA,NA,0.0040172579276483425,0.230209976232712
-30.5,-15.5,5334,NA,NA,0.005539188224919262,0.4229299797565494
-39.5,-14.5,5557,NA,NA,0.003819753884623073,0.1588602177085976
-38.5,-14.5,5558,NA,NA,0.001972591316065719,0.04597231717947045
-34.5,-14.5,5559,NA,NA,0.001002544712263839,0.1627008178051353
-33.5,-14.5,5560,NA,NA,0.004402869425367945,0.21636729015504805
-32.5,-14.5,5561,NA,NA,0.004331671441934113,0.1788672400518346
-31.5,-14.5,5562,NA,NA,0.0059939488358568774,0.22713954243495096
-30.5,-14.5,5563,NA,NA,0.011046963969276184,0.2645032161331254
-39.5,-13.5,5789,NA,NA,0.004827514194751057,0.05404354861819475
-38.5,-13.5,5790,NA,NA,0.002928482591860166,0.02469061163450937
-35.5,-13.5,5791,NA,NA,0.0017316764939945427,0.058636808917083526
-34.5,-13.5,5792,NA,NA,0.0052529123288905365,0.08581787725147431
-33.5,-13.5,5793,NA,NA,0.0054306155440700206,0.09211248532170618
-32.5,-13.5,5794,NA,NA,0.007103296078010634,0.09256946331531257
-31.5,-13.5,5795,NA,NA,0.008374595014511502,0.10920206929903342
-30.5,-13.5,5796,NA,NA,0.018024616733153045,0.12874767575741294
-39.5,-12.5,6022,NA,NA,0.006244048336678593,0.08145471659733683
-38.5,-12.5,6023,NA,NA,0.006083883682478849,0.009545358541444325
-36.5,-12.5,6024,NA,NA,0.010841112253565039,0.04140534065232463
-35.5,-12.5,6025,NA,NA,0.005064167775232358,0.072236265739518
-34.5,-12.5,6026,NA,NA,0.0069005525200780205,0.07187051234054807
-33.5,-12.5,6027,NA,NA,0.00703054896848654,0.07927325970164999
-32.5,-12.5,6028,NA,NA,0.010417859989207152,0.08366091075048797
-31.5,-12.5,6029,NA,NA,0.010479589838724084,0.08467168495851521
-30.5,-12.5,6030,NA,NA,0.01527020140891534,0.09286502046250852
-39.5,-11.5,6262,NA,NA,0.014518459791205864,0.03192691710501528
-38.5,-11.5,6263,NA,NA,0.004139907494239598,0.012401585767188505
-36.5,-11.5,6264,NA,NA,0.012308002707735743,0.05073042473016791
-35.5,-11.5,6265,NA,NA,0.004981533348073235,0.04721800260081587
-34.5,-11.5,6266,NA,NA,0.005217467663196775,0.03840902413098941
-33.5,-11.5,6267,NA,NA,0.005070541207473009,0.06390002454235873
-32.5,-11.5,6268,NA,NA,0.007626160554917841,0.07138415080325815
-31.5,-11.5,6269,NA,NA,0.00938571185291555,0.05910260405663207
-30.5,-11.5,6270,NA,NA,0.011653898695633429,0.05642753748870766
-39.5,-10.5,6501,NA,NA,0.0071977628977111805,0.01720612670935745
-38.5,-10.5,6502,NA,NA,0.007378427940743973,0.011742988598027212
-36.5,-10.5,6503,NA,NA,0.009847116452458504,0.02061371922559307
-35.5,-10.5,6504,NA,NA,0.0035933427078933557,0.030514204435837196
-34.5,-10.5,6505,NA,NA,0.0036475825172324647,0.02330006796735706
-33.5,-10.5,6506,NA,NA,0.004143993096718024,0.02527441245871712
-32.5,-10.5,6507,NA,NA,0.004303400544429856,0.01838921299524037
-31.5,-10.5,6508,NA,NA,0.005572504691782516,0.026106775640566578
-30.5,-10.5,6509,NA,NA,0.006391355117869297,0.03763914481685786
90.5,-9.5,6860,NA,NA,0.003130793302721033,0.0036218611059920624
91.5,-9.5,6861,NA,NA,0.0031399279382121645,0.0033982403041045886
92.5,-9.5,6862,NA,NA,0.003163295966392313,0.0034408561665090097
93.5,-9.5,6863,NA,NA,0.0032413088082997683,0.0034898803134469744
94.5,-9.5,6864,NA,NA,0.003748388877086071,0.004295121963956147
95.5,-9.5,6865,NA,NA,0.003850438076925306,0.004623125410213911
96.5,-9.5,6866,NA,NA,0.004003986480948366,0.00478721704218325
97.5,-9.5,6867,NA,NA,0.0039032826430127504,0.006248038193692751
98.5,-9.5,6868,NA,NA,0.004188357013494,0.0060897911461564695
99.5,-9.5,6869,NA,NA,0.004443934295931583,0.006299075396128064
90.5,-8.5,7082,NA,NA,0.002936420718269368,0.0030686019435491574
91.5,-8.5,7083,NA,NA,0.0032022182868307087,0.003328869139572354
92.5,-8.5,7084,NA,NA,0.0032066376114291265,0.0034526954355486744
93.5,-8.5,7085,NA,NA,0.0037213963694086773,0.004230687354488809
94.5,-8.5,7086,NA,NA,0.00396067563615367,0.004384728853613013
95.5,-8.5,7087,NA,NA,0.004070437020462726,0.005804482332934161
96.5,-8.5,7088,NA,NA,0.0039621814546000715,0.005874336685879041
97.5,-8.5,7089,NA,NA,0.004094013856443842,0.005633779096481893
98.5,-8.5,7090,NA,NA,0.004371939631111516,0.006021503006787933
99.5,-8.5,7091,NA,NA,0.0034249494351608917,0.004366966712236628
90.5,-7.5,7301,NA,NA,0.0029703989038357415,0.0031343586913204617
91.5,-7.5,7302,NA,NA,0.003104553574872976,0.003299053606215304
92.5,-7.5,7303,NA,NA,0.003225943759981093,0.003473184982020682
93.5,-7.5,7304,NA,NA,0.003856788091320473,0.004044846409175956
94.5,-7.5,7305,NA,NA,0.004226390478110934,0.0057484363195713616
95.5,-7.5,7306,NA,NA,0.004071973380991286,0.005791162745175171
96.5,-7.5,7307,NA,NA,0.004098951006378673,0.005537851745795769
97.5,-7.5,7308,NA,NA,0.00434026363230734,0.005791154417904698
98.5,-7.5,7309,NA,NA,0.006717938303944506,0.010780286379696188
99.5,-7.5,7310,NA,NA,0.004718289635908839,0.004111288489532487
90.5,-6.5,7526,NA,NA,0.0028569128668467043,0.002924898663884098
91.5,-6.5,7527,NA,NA,0.0029978652279758254,0.003018749367414398
92.5,-6.5,7528,NA,NA,0.002831044280675026,0.0031922580899400085
93.5,-6.5,7529,NA,NA,0.0022308468043329417,0.003893248781927079
94.5,-6.5,7530,NA,NA,0.0028712403219683957,0.003955339042233972
95.5,-6.5,7531,NA,NA,0.0037878234612147995,0.0037727122297721073
96.5,-6.5,7532,NA,NA,0.003100110154901079,0.003978319047510258
97.5,-6.5,7533,NA,NA,0.004388328368474792,0.00531781848054013
98.5,-6.5,7534,NA,NA,0.0028038887797437882,0.0022468835118250726
99.5,-6.5,7535,NA,NA,0.0016131716630686682,0.0013255046818279631
90.5,-5.5,7751,NA,NA,0.002976455037239262,0.002447599251694498
91.5,-5.5,7752,NA,NA,0.0031093876257183655,0.0030909287869451967
92.5,-5.5,7753,NA,NA,0.002173073065203817,0.0034872423049627805
93.5,-5.5,7754,NA,NA,0.002151975498828618,0.003657689143982995
94.5,-5.5,7755,NA,NA,0.0021677812246351865,0.003768421012026567
95.5,-5.5,7756,NA,NA,0.0028702166191807224,0.003737105363129556
96.5,-5.5,7757,NA,NA,0.003716958001469706,0.004118553344864992
97.5,-5.5,7758,NA,NA,0.004160794598543363,0.0034655441028817787
98.5,-5.5,7759,NA,NA,0.001472938712575906,0.0012915540270521885
90.5,-4.5,7978,NA,NA,0.002936883235167297,0.003233021689793088
91.5,-4.5,7979,NA,NA,0.002946238305904173,0.0028482085269420578
92.5,-4.5,7980,NA,NA,0.002861924602844391,0.0028482085269420578
93.5,-4.5,7981,NA,NA,0.0029249642210313793,0.0028482085269420578
94.5,-4.5,7982,NA,NA,0.0029249642210313793,0.002798862382254358
95.5,-4.5,7983,NA,NA,0.0028824399674160207,0.002854388597271634
96.5,-4.5,7984,NA,NA,0.003622344213348502,0.003114254763901309
97.5,-4.5,7985,NA,NA,0.0030322225767083367,0.003332654001627176
98.5,-4.5,7986,NA,NA,0.0018965003718147784,0.0015783423955190805
90.5,-3.5,8197,NA,NA,0.002685519787818922,0.003037280353004344
91.5,-3.5,8198,NA,NA,0.002745060396249043,0.0032883341586177925
92.5,-3.5,8199,NA,NA,0.0026627876373033,0.0030702093406196696
93.5,-3.5,8200,NA,NA,0.004148013060802456,0.003211975252985482
94.5,-3.5,8201,NA,NA,0.0038211920778452877,0.0028946526939453436
95.5,-3.5,8202,NA,NA,0.003116628873609648,0.002881746470704775
96.5,-3.5,8203,NA,NA,0.0027693533759273435,0.003203620655834063
97.5,-3.5,8204,NA,NA,0.0031049404112254114,0.0031886374327246593
98.5,-3.5,8205,NA,NA,0.0013137416105641624,9.683524971258283e-4
90.5,-2.5,8414,NA,NA,0.0025579468589091545,0.002703178538623356
91.5,-2.5,8415,NA,NA,0.002472552457449533,0.0035328315994206574
92.5,-2.5,8416,NA,NA,0.0024022660043838554,0.00253048482307113
93.5,-2.5,8417,NA,NA,0.002283413604367119,0.0024028992129935408
94.5,-2.5,8418,NA,NA,0.002338750683522737,0.002506101489514852
95.5,-2.5,8419,NA,NA,0.0024452259264569004,0.0029265389611649907
96.5,-2.5,8420,NA,NA,0.002700338983644105,0.0030801747400692526
97.5,-2.5,8421,NA,NA,0.003055626596049003,0.002781965436650233
98.5,-2.5,8422,NA,NA,9.357025386802807e-4,9.357025386802807e-4
90.5,-1.5,8635,NA,NA,0.0016704088526259182,0.0018198162756063929
91.5,-1.5,8636,NA,NA,0.0016821898830505534,0.001484555426100273
92.5,-1.5,8637,NA,NA,0.0017478687686809098,0.0018627875314952138
93.5,-1.5,8638,NA,NA,0.0016378058130914765,0.001484751683805073
94.5,-1.5,8639,NA,NA,0.0019093242465224247,0.0013913582427928506
95.5,-1.5,8640,NA,NA,0.0023859574485422725,0.002034281191814996
96.5,-1.5,8641,NA,NA,0.0019023434730124158,0.0014725638670015403
97.5,-1.5,8642,NA,NA,0.0015692971859724723,0.0023223108578880737
98.5,-1.5,8643,NA,NA,9.41061435462396e-4,9.41061435462396e-4
90.5,-0.5,8850,NA,NA,0.0015326151339390673,0.0011064398738241373
91.5,-0.5,8851,NA,NA,0.0016335747412913736,0.0010434868286076401
92.5,-0.5,8852,NA,NA,0.0013796888878346647,0.0017804959238859712
93.5,-0.5,8853,NA,NA,0.0013668695006939333,0.002114229798612437
94.5,-0.5,8854,NA,NA,0.0016954997991471968,0.00277995398933554
95.5,-0.5,8855,NA,NA,0.0014280109029106245,0.0018082073796428385
96.5,-0.5,8856,NA,NA,0.0017814946076660384,0.0016301388191589476
97.5,-0.5,8857,NA,NA,0.001528569047226607,0.0014306758868553127
98.5,-0.5,8858,NA,NA,0.0016766452929372253,0.0017994697701847451
99.5,-0.5,8859,NA,NA,0.0015465715853765676,0.0012677577711408781
-89.5,-39.5,51,NA,NA,NA,0.001867521290345253
-88.5,-39.5,52,NA,NA,NA,0.002495076435226979
-87.5,-39.5,53,NA,NA,NA,0.002362145756132832
-86.5,-39.5,54,NA,NA,NA,0.001863773752520167
-85.5,-39.5,55,NA,NA,NA,0.001863773752520167
-84.5,-39.5,56,NA,NA,NA,0.0024658206256828108
-83.5,-39.5,57,NA,NA,NA,0.0020041165210049404
-82.5,-39.5,58,NA,NA,NA,0.0032583564206763818
-81.5,-39.5,59,NA,NA,NA,0.002875081263683149
-80.5,-39.5,60,NA,NA,NA,0.0028065232961240285
70.5,-39.5,204,NA,NA,NA,0.009743034808203384
71.5,-39.5,205,NA,NA,NA,0.00953176849769071
72.5,-39.5,206,NA,NA,NA,0.007431512553808286
73.5,-39.5,207,NA,NA,NA,0.0078000008691165405
74.5,-39.5,208,NA,NA,NA,0.0099386858161102
75.5,-39.5,209,NA,NA,NA,0.007922117531618597
76.5,-39.5,210,NA,NA,NA,0.007922117531618597
77.5,-39.5,211,NA,NA,NA,0.00822003310793558
78.5,-39.5,212,NA,NA,NA,0.008941910548973349
79.5,-39.5,213,NA,NA,NA,0.008967847605605915
90.5,-39.5,224,NA,NA,NA,0.006624807940367447
91.5,-39.5,225,NA,NA,NA,0.007502293494140722
92.5,-39.5,226,NA,NA,NA,0.005125346942177285
93.5,-39.5,227,NA,NA,NA,0.005159370571574823
94.5,-39.5,228,NA,NA,NA,0.005835316698460776
95.5,-39.5,229,NA,NA,NA,0.007386881687839811
96.5,-39.5,230,NA,NA,NA,0.006009026352935533
97.5,-39.5,231,NA,NA,NA,0.005952551087770191
98.5,-39.5,232,NA,NA,NA,0.005892446811972759
99.5,-39.5,233,NA,NA,NA,0.004899535136273711
-89.5,-38.5,291,NA,NA,NA,0.0030341472234614334
-88.5,-38.5,292,NA,NA,NA,0.002385673753953151
-87.5,-38.5,293,NA,NA,NA,0.002410382112009666
-86.5,-38.5,294,NA,NA,NA,0.002457627141444008
-85.5,-38.5,295,NA,NA,NA,0.0024700813065557247
-84.5,-38.5,296,NA,NA,NA,0.0028052674156328543
-83.5,-38.5,297,NA,NA,NA,0.0028052674156328543
-82.5,-38.5,298,NA,NA,NA,0.002637060437007107
-81.5,-38.5,299,NA,NA,NA,0.0028688487199068765
-80.5,-38.5,300,NA,NA,NA,0.0028688487199068765
70.5,-38.5,442,NA,NA,NA,0.007306106726461354
71.5,-38.5,443,NA,NA,NA,0.007341028684106097
72.5,-38.5,444,NA,NA,NA,0.007348122602465292
73.5,-38.5,445,NA,NA,NA,0.007348122602465292
74.5,-38.5,446,NA,NA,NA,0.007450809438272173
75.5,-38.5,447,NA,NA,NA,0.007641251336284655
76.5,-38.5,448,NA,NA,NA,0.007854314725540589
77.5,-38.5,449,NA,NA,NA,0.007940011047486801
78.5,-38.5,450,NA,NA,NA,0.01076342203395881
79.5,-38.5,451,NA,NA,NA,0.008321623117561095
90.5,-38.5,462,NA,NA,NA,0.007555300206975076
91.5,-38.5,463,NA,NA,NA,0.006592323114547608
92.5,-38.5,464,NA,NA,NA,0.005706186798730413
93.5,-38.5,465,NA,NA,NA,0.005125346942177285
94.5,-38.5,466,NA,NA,NA,0.005479263313594286
95.5,-38.5,467,NA,NA,NA,0.007978478246235978
96.5,-38.5,468,NA,NA,NA,0.005804377386304014
97.5,-38.5,469,NA,NA,NA,0.005981374147915648
98.5,-38.5,470,NA,NA,NA,0.004669847588377717
99.5,-38.5,471,NA,NA,NA,0.004963222012044979
-89.5,-37.5,528,NA,NA,NA,0.0025306609476502943
-88.5,-37.5,529,NA,NA,NA,0.0025518457749687993
-87.5,-37.5,530,NA,NA,NA,0.0024934537912228837
-86.5,-37.5,531,NA,NA,NA,0.002574065680452146
-85.5,-37.5,532,NA,NA,NA,0.002646215917525531
-84.5,-37.5,533,NA,NA,NA,0.0027792581750527875
-83.5,-37.5,534,NA,NA,NA,0.0027605607346242733
-82.5,-37.5,535,NA,NA,NA,0.002863126576346921
-81.5,-37.5,536,NA,NA,NA,0.0028490652466546455
-80.5,-37.5,537,NA,NA,NA,0.002878116921402189
70.5,-37.5,677,NA,NA,NA,0.008201703971415272
71.5,-37.5,678,NA,NA,NA,0.00830381925527588
72.5,-37.5,679,NA,NA,NA,0.008066736648094484
73.5,-37.5,680,NA,NA,NA,0.0074877089407223915
74.5,-37.5,681,NA,NA,NA,0.007543646821465415
75.5,-37.5,682,NA,NA,NA,0.007856480364638629
76.5,-37.5,683,NA,NA,NA,0.007952139519695053
77.5,-37.5,684,NA,NA,NA,0.007736443137413911
78.5,-37.5,685,NA,NA,NA,0.010552201423378028
79.5,-37.5,686,NA,NA,NA,0.00826574766834363
90.5,-37.5,697,NA,NA,NA,0.00752867519042208
91.5,-37.5,698,NA,NA,NA,0.007752505931330788
92.5,-37.5,699,NA,NA,NA,0.007134659721496164
93.5,-37.5,700,NA,NA,NA,0.006099965508135386
94.5,-37.5,701,NA,NA,NA,0.0055312732123759005
95.5,-37.5,702,NA,NA,NA,0.00526020567413295
96.5,-37.5,703,NA,NA,NA,0.005815724198299983
97.5,-37.5,704,NA,NA,NA,0.004591159261911109
98.5,-37.5,705,NA,NA,NA,0.004770075768229165
99.5,-37.5,706,NA,NA,NA,0.006398040859179637
-89.5,-36.5,763,NA,NA,NA,0.0036156513783405795
-88.5,-36.5,764,NA,NA,NA,0.003763377112710946
-87.5,-36.5,765,NA,NA,NA,0.002900073583838312
-86.5,-36.5,766,NA,NA,NA,0.0035271209259965046
-85.5,-36.5,767,NA,NA,NA,0.003713115217376483
-84.5,-36.5,768,NA,NA,NA,0.003689609964998672
-83.5,-36.5,769,NA,NA,NA,0.004660320005079095
-82.5,-36.5,770,NA,NA,NA,0.003922253822472813
-81.5,-36.5,771,NA,NA,NA,0.003647321568736197
-80.5,-36.5,772,NA,NA,NA,0.0024928209729221267
70.5,-36.5,912,NA,NA,NA,0.009134545565994894
71.5,-36.5,913,NA,NA,NA,0.008336640733763724
72.5,-36.5,914,NA,NA,NA,0.008471101911038618
73.5,-36.5,915,NA,NA,NA,0.008040073600714903
74.5,-36.5,916,NA,NA,NA,0.007878245910823017
75.5,-36.5,917,NA,NA,NA,0.006950851677158736
76.5,-36.5,918,NA,NA,NA,0.006950851677158736
77.5,-36.5,919,NA,NA,NA,0.0083364554355661
78.5,-36.5,920,NA,NA,NA,0.007817801838113123
79.5,-36.5,921,NA,NA,NA,0.007757427881432203
90.5,-36.5,932,NA,NA,NA,0.007039240740610865
91.5,-36.5,933,NA,NA,NA,0.00862324601071025
92.5,-36.5,934,NA,NA,NA,0.006810677935226149
93.5,-36.5,935,NA,NA,NA,0.006534558729065941
94.5,-36.5,936,NA,NA,NA,0.006308316944097265
95.5,-36.5,937,NA,NA,NA,0.006661751886129058
96.5,-36.5,938,NA,NA,NA,0.007001985196036936
97.5,-36.5,939,NA,NA,NA,0.004823271533402151
98.5,-36.5,940,NA,NA,NA,0.0049392387329374714
99.5,-36.5,941,NA,NA,NA,0.005115041146138838
-89.5,-35.5,999,NA,NA,NA,0.002619526132792661
-88.5,-35.5,1000,NA,NA,NA,0.002687148711168606
-87.5,-35.5,1001,NA,NA,NA,0.0027459308225874796
-86.5,-35.5,1002,NA,NA,NA,0.002978567943184785
-85.5,-35.5,1003,NA,NA,NA,0.0030938935598995793
-84.5,-35.5,1004,NA,NA,NA,0.00416999654107421
-83.5,-35.5,1005,NA,NA,NA,0.002631734505622857
-82.5,-35.5,1006,NA,NA,NA,0.002659239850685557
-81.5,-35.5,1007,NA,NA,NA,0.002614291909590138
-80.5,-35.5,1008,NA,NA,NA,0.0025299364110029127
70.5,-35.5,1144,NA,NA,NA,0.022508644904825542
71.5,-35.5,1145,NA,NA,NA,0.02244511361953821
72.5,-35.5,1146,NA,NA,NA,0.020100531294471834
73.5,-35.5,1147,NA,NA,NA,0.007983001031943958
74.5,-35.5,1148,NA,NA,NA,0.007934850222267193
75.5,-35.5,1149,NA,NA,NA,0.007901948723674524
76.5,-35.5,1150,NA,NA,NA,0.007901948723674524
77.5,-35.5,1151,NA,NA,NA,0.0102303002975762
78.5,-35.5,1152,NA,NA,NA,0.007735598904301965
79.5,-35.5,1153,NA,NA,NA,0.007752687996193104
90.5,-35.5,1164,NA,NA,NA,0.007260287371210796
91.5,-35.5,1165,NA,NA,NA,0.00814039282972242
92.5,-35.5,1166,NA,NA,NA,0.007057100732161032
93.5,-35.5,1167,NA,NA,NA,0.009096202433040238
94.5,-35.5,1168,NA,NA,NA,0.010943703987038653
95.5,-35.5,1169,NA,NA,NA,0.006817619125214199
96.5,-35.5,1170,NA,NA,NA,0.006577652114926094
97.5,-35.5,1171,NA,NA,NA,0.006633761824385846
98.5,-35.5,1172,NA,NA,NA,0.006535712960326767
99.5,-35.5,1173,NA,NA,NA,0.0058762525044311785
-89.5,-34.5,1231,NA,NA,NA,0.0022851253602558714
-88.5,-34.5,1232,NA,NA,NA,0.002396358241737892
-87.5,-34.5,1233,NA,NA,NA,0.002607044955992303
-86.5,-34.5,1234,NA,NA,NA,0.002607044955992303
-85.5,-34.5,1235,NA,NA,NA,0.0033457527951267075
-84.5,-34.5,1236,NA,NA,NA,0.002625083260160376
-83.5,-34.5,1237,NA,NA,NA,0.0026272871367028165
-82.5,-34.5,1238,NA,NA,NA,0.002607073900202283
-81.5,-34.5,1239,NA,NA,NA,0.002607073900202283
-80.5,-34.5,1240,NA,NA,NA,0.0024441295852766637
70.5,-34.5,1372,NA,NA,NA,0.01237251135379589
71.5,-34.5,1373,NA,NA,NA,0.01237251135379589
72.5,-34.5,1374,NA,NA,NA,0.01237251135379589
73.5,-34.5,1375,NA,NA,NA,0.01237251135379589
74.5,-34.5,1376,NA,NA,NA,0.01237251135379589
75.5,-34.5,1377,NA,NA,NA,0.01237251135379589
76.5,-34.5,1378,NA,NA,NA,0.012603162468533867
77.5,-34.5,1379,NA,NA,NA,0.01511826888257138
78.5,-34.5,1380,NA,NA,NA,0.018854461209064276
79.5,-34.5,1381,NA,NA,NA,0.014768052688192522
90.5,-34.5,1392,NA,NA,NA,0.010442195256566788
91.5,-34.5,1393,NA,NA,NA,0.006509811345235265
92.5,-34.5,1394,NA,NA,NA,0.007752251264244867
93.5,-34.5,1395,NA,NA,NA,0.007277050527713293
94.5,-34.5,1396,NA,NA,NA,0.009200174680493906
95.5,-34.5,1397,NA,NA,NA,0.007770749458341555
96.5,-34.5,1398,NA,NA,NA,0.007436546720059722
97.5,-34.5,1399,NA,NA,NA,0.007912509967209993
98.5,-34.5,1400,NA,NA,NA,0.006959680749157502
99.5,-34.5,1401,NA,NA,NA,0.006581827009426551
-89.5,-33.5,1460,NA,NA,NA,0.002593433356465047
-88.5,-33.5,1461,NA,NA,NA,0.002212972608414794
-87.5,-33.5,1462,NA,NA,NA,0.0022194353040526863
-86.5,-33.5,1463,NA,NA,NA,0.002834153375459996
-85.5,-33.5,1464,NA,NA,NA,0.002834153375459996
-84.5,-33.5,1465,NA,NA,NA,0.0022194353040526863
-83.5,-33.5,1466,NA,NA,NA,0.002268150595299879
-82.5,-33.5,1467,NA,NA,NA,0.0022707189974214494
-81.5,-33.5,1468,NA,NA,NA,0.0020090938001670277
-80.5,-33.5,1469,NA,NA,NA,0.0019814242355527217
70.5,-33.5,1595,NA,NA,NA,0.011802168932051315
71.5,-33.5,1596,NA,NA,NA,0.012022317024263757
72.5,-33.5,1597,NA,NA,NA,0.012022317024263757
73.5,-33.5,1598,NA,NA,NA,0.012696060983284544
74.5,-33.5,1599,NA,NA,NA,0.012696060983284544
75.5,-33.5,1600,NA,NA,NA,0.013287814413471708
76.5,-33.5,1601,NA,NA,NA,0.013013430516378497
77.5,-33.5,1602,NA,NA,NA,0.015912866186280128
78.5,-33.5,1603,NA,NA,NA,0.01594647910384625
79.5,-33.5,1604,NA,NA,NA,0.013255389487470858
90.5,-33.5,1615,NA,NA,NA,0.009248947528984133
91.5,-33.5,1616,NA,NA,NA,0.006629129678150032
92.5,-33.5,1617,NA,NA,NA,0.007238713840811863
93.5,-33.5,1618,NA,NA,NA,0.007404700825592574
94.5,-33.5,1619,NA,NA,NA,0.008435852128735823
95.5,-33.5,1620,NA,NA,NA,0.009329162351040194
96.5,-33.5,1621,NA,NA,NA,0.009431550835329289
97.5,-33.5,1622,NA,NA,NA,0.009602974515672559
98.5,-33.5,1623,NA,NA,NA,0.011810625021778811
99.5,-33.5,1624,NA,NA,NA,0.010222748351266518
-89.5,-32.5,1683,NA,NA,NA,0.0018488451881838867
-88.5,-32.5,1684,NA,NA,NA,0.002070898179000319
-87.5,-32.5,1685,NA,NA,NA,0.0019959670204642366
-86.5,-32.5,1686,NA,NA,NA,0.002723342950550249
-85.5,-32.5,1687,NA,NA,NA,0.002142256097027424
-84.5,-32.5,1688,NA,NA,NA,0.0019659836670945876
-83.5,-32.5,1689,NA,NA,NA,0.0016236211328621828
-82.5,-32.5,1690,NA,NA,NA,0.001312851823938646
-81.5,-32.5,1691,NA,NA,NA,0.0013208720651856443
-80.5,-32.5,1692,NA,NA,NA,0.0012936702923551627
70.5,-32.5,1814,NA,NA,NA,0.011661610124169901
71.5,-32.5,1815,NA,NA,NA,0.012033678929956852
72.5,-32.5,1816,NA,NA,NA,0.012033678929956852
73.5,-32.5,1817,NA,NA,NA,0.01354509719365925
74.5,-32.5,1818,NA,NA,NA,0.014038487545917683
75.5,-32.5,1819,NA,NA,NA,0.014231414142262732
76.5,-32.5,1820,NA,NA,NA,0.012790979027578628
77.5,-32.5,1821,NA,NA,NA,0.012458185596589184
78.5,-32.5,1822,NA,NA,NA,0.013019725651142707
79.5,-32.5,1823,NA,NA,NA,0.013019725651142707
90.5,-32.5,1834,NA,NA,NA,0.009190931366613402
91.5,-32.5,1835,NA,NA,NA,0.01071734499779158
92.5,-32.5,1836,NA,NA,NA,0.01086520489727513
93.5,-32.5,1837,NA,NA,NA,0.01338244811460555
94.5,-32.5,1838,NA,NA,NA,0.010981819098054254
95.5,-32.5,1839,NA,NA,NA,0.010633484624927227
96.5,-32.5,1840,NA,NA,NA,0.008734248172266645
97.5,-32.5,1841,NA,NA,NA,0.008915091580302431
98.5,-32.5,1842,NA,NA,NA,0.010354009402570039
99.5,-32.5,1843,NA,NA,NA,0.007958919974809752
-89.5,-31.5,1903,NA,NA,NA,0.00196905685061177
-88.5,-31.5,1904,NA,NA,NA,0.002744978064731714
-87.5,-31.5,1905,NA,NA,NA,0.0025920609405827243
-86.5,-31.5,1906,NA,NA,NA,0.0016849176942477862
-85.5,-31.5,1907,NA,NA,NA,0.0015937455154073164
-84.5,-31.5,1908,NA,NA,NA,0.0010170818447476251
-83.5,-31.5,1909,NA,NA,NA,0.0010072665533313113
-82.5,-31.5,1910,NA,NA,NA,9.793790276796815e-4
-81.5,-31.5,1911,NA,NA,NA,9.189527812746125e-4
-80.5,-31.5,1912,NA,NA,NA,0.0010704002346306376
70.5,-31.5,2025,NA,NA,NA,0.012441978237406932
71.5,-31.5,2026,NA,NA,NA,0.012527228953000914
72.5,-31.5,2027,NA,NA,NA,0.012250575322682743
73.5,-31.5,2028,NA,NA,NA,0.012340100124175697
74.5,-31.5,2029,NA,NA,NA,0.012343031653515388
75.5,-31.5,2030,NA,NA,NA,0.01241759766821278
76.5,-31.5,2031,NA,NA,NA,0.013658361497713191
77.5,-31.5,2032,NA,NA,NA,0.014953178332014466
78.5,-31.5,2033,NA,NA,NA,0.013147461299073014
79.5,-31.5,2034,NA,NA,NA,0.011993866583721303
90.5,-31.5,2045,NA,NA,NA,0.01242064447194588
91.5,-31.5,2046,NA,NA,NA,0.012383247174108623
92.5,-31.5,2047,NA,NA,NA,0.008837626312650655
93.5,-31.5,2048,NA,NA,NA,0.008470026938655185
94.5,-31.5,2049,NA,NA,NA,0.009393953246777073
95.5,-31.5,2050,NA,NA,NA,0.0063638985152958205
96.5,-31.5,2051,NA,NA,NA,0.006900480820502678
97.5,-31.5,2052,NA,NA,NA,0.008022177916645336
98.5,-31.5,2053,NA,NA,NA,0.007949481787843219
99.5,-31.5,2054,NA,NA,NA,0.0069261387391701765
-89.5,-30.5,2113,NA,NA,NA,0.002121118380005851
-88.5,-30.5,2114,NA,NA,NA,0.0014863549826485219
-87.5,-30.5,2115,NA,NA,NA,0.0013935922530706692
-86.5,-30.5,2116,NA,NA,NA,0.0013393203409502034
-85.5,-30.5,2117,NA,NA,NA,0.0011882965094405697
-84.5,-30.5,2118,NA,NA,NA,0.0011882965094405697
-83.5,-30.5,2119,NA,NA,NA,0.0015012279746654939
-82.5,-30.5,2120,NA,NA,NA,0.001452810418718263
-81.5,-30.5,2121,NA,NA,NA,0.00109512185579976
-80.5,-30.5,2122,NA,NA,NA,0.0015521795768378515
70.5,-30.5,2235,NA,NA,NA,0.012983227096838877
71.5,-30.5,2236,NA,NA,NA,0.012983020857735256
72.5,-30.5,2237,NA,NA,NA,0.01143504562393553
73.5,-30.5,2238,NA,NA,NA,0.010580863951636033
74.5,-30.5,2239,NA,NA,NA,0.012181690932060688
75.5,-30.5,2240,NA,NA,NA,0.013964742847182864
76.5,-30.5,2241,NA,NA,NA,0.015106900694032803
77.5,-30.5,2242,NA,NA,NA,0.011648155225799966
78.5,-30.5,2243,NA,NA,NA,0.00795963859048774
79.5,-30.5,2244,NA,NA,NA,0.007856524011934379
90.5,-30.5,2255,NA,NA,NA,0.004380738757143916
91.5,-30.5,2256,NA,NA,NA,0.005699028465380126
92.5,-30.5,2257,NA,NA,NA,0.006102029612351528
93.5,-30.5,2258,NA,NA,NA,0.006378859035181145
94.5,-30.5,2259,NA,NA,NA,0.006535708248397826
95.5,-30.5,2260,NA,NA,NA,0.004428641980623611
96.5,-30.5,2261,NA,NA,NA,0.005790994550826053
97.5,-30.5,2262,NA,NA,NA,0.006847332165387651
98.5,-30.5,2263,NA,NA,NA,0.0065617236082730806
99.5,-30.5,2264,NA,NA,NA,0.005526214862765708
-129.5,-29.5,2283,NA,NA,NA,0.012806187900583172
-128.5,-29.5,2284,NA,NA,NA,0.013219867933898326
-127.5,-29.5,2285,NA,NA,NA,0.013041645756933678
-126.5,-29.5,2286,NA,NA,NA,0.013362945098989795
-125.5,-29.5,2287,NA,NA,NA,0.013519492311850118
-124.5,-29.5,2288,NA,NA,NA,0.013130623024241587
-123.5,-29.5,2289,NA,NA,NA,0.014477782855237997
-122.5,-29.5,2290,NA,NA,NA,0.014461594548824265
-121.5,-29.5,2291,NA,NA,NA,0.012034921148166632
-120.5,-29.5,2292,NA,NA,NA,0.011120462850477247
30.5,-29.5,2405,NA,NA,NA,0.013765641104688562
31.5,-29.5,2406,NA,NA,NA,0.019733267534845163
32.5,-29.5,2407,NA,NA,NA,0.018952715221029672
33.5,-29.5,2408,NA,NA,NA,0.019188285795679397
34.5,-29.5,2409,NA,NA,NA,0.019982772167138462
35.5,-29.5,2410,NA,NA,NA,0.019972140539299764
36.5,-29.5,2411,NA,NA,NA,0.0214254438721785
37.5,-29.5,2412,NA,NA,NA,0.02111484624196835
38.5,-29.5,2413,NA,NA,NA,0.020396033007021905
39.5,-29.5,2414,NA,NA,NA,0.018586805401472943
40.5,-29.5,2415,NA,NA,NA,0.018580201541106574
41.5,-29.5,2416,NA,NA,NA,0.017866658764833537
42.5,-29.5,2417,NA,NA,NA,0.017634232124183993
43.5,-29.5,2418,NA,NA,NA,0.01642476184729817
44.5,-29.5,2419,NA,NA,NA,0.018713133564579147
45.5,-29.5,2420,NA,NA,NA,0.01895699224547221
46.5,-29.5,2421,NA,NA,NA,0.022010497572098154
47.5,-29.5,2422,NA,NA,NA,0.0243588402116202
48.5,-29.5,2423,NA,NA,NA,0.030073729279567137
49.5,-29.5,2424,NA,NA,NA,0.022396665314592997
80.5,-29.5,2455,NA,NA,NA,0.005351164857542104
81.5,-29.5,2456,NA,NA,NA,0.005428705238582632
82.5,-29.5,2457,NA,NA,NA,0.004830981048234115
83.5,-29.5,2458,NA,NA,NA,0.005202856857199672
84.5,-29.5,2459,NA,NA,NA,0.004810281752291507
85.5,-29.5,2460,NA,NA,NA,0.00683850086583922
86.5,-29.5,2461,NA,NA,NA,0.004731677929802629
87.5,-29.5,2462,NA,NA,NA,0.0032415944567250757
88.5,-29.5,2463,NA,NA,NA,0.003209960716777194
89.5,-29.5,2464,NA,NA,NA,0.003311094019919354
90.5,-29.5,2465,NA,NA,NA,0.003787972824572398
91.5,-29.5,2466,NA,NA,NA,0.004809875957820793
92.5,-29.5,2467,NA,NA,NA,0.005461514514269977
93.5,-29.5,2468,NA,NA,NA,0.005409040708139698
94.5,-29.5,2469,NA,NA,NA,0.008066000795913544
95.5,-29.5,2470,NA,NA,NA,0.005556483610284094
96.5,-29.5,2471,NA,NA,NA,0.006721832817256279
97.5,-29.5,2472,NA,NA,NA,0.005933190491058481
98.5,-29.5,2473,NA,NA,NA,0.005306885884739472
99.5,-29.5,2474,NA,NA,NA,0.004494685361185493
-129.5,-28.5,2494,NA,NA,NA,0.01322869868511586
-128.5,-28.5,2495,NA,NA,NA,0.017438616466647607
-127.5,-28.5,2496,NA,NA,NA,0.018826040413021963
-126.5,-28.5,2497,NA,NA,NA,0.021029630648672845
-125.5,-28.5,2498,NA,NA,NA,0.01764136426926542
-124.5,-28.5,2499,NA,NA,NA,0.016910228994587963
-123.5,-28.5,2500,NA,NA,NA,0.016737085344507432
-122.5,-28.5,2501,NA,NA,NA,0.01988624137666936
-121.5,-28.5,2502,NA,NA,NA,0.021963897911509125
-120.5,-28.5,2503,NA,NA,NA,0.019121882794795726
30.5,-28.5,2615,NA,NA,NA,0.014510856538088208
31.5,-28.5,2616,NA,NA,NA,0.015429365821286973
32.5,-28.5,2617,NA,NA,NA,0.01901344240840613
33.5,-28.5,2618,NA,NA,NA,0.019474210152679604
34.5,-28.5,2619,NA,NA,NA,0.019848837250772824
35.5,-28.5,2620,NA,NA,NA,0.020685062738241836
36.5,-28.5,2621,NA,NA,NA,0.020293680592665096
37.5,-28.5,2622,NA,NA,NA,0.01953139558134879
38.5,-28.5,2623,NA,NA,NA,0.019660296064688686
39.5,-28.5,2624,NA,NA,NA,0.01928196887497907
40.5,-28.5,2625,NA,NA,NA,0.020323613293086032
41.5,-28.5,2626,NA,NA,NA,0.02143791655049347
42.5,-28.5,2627,NA,NA,NA,0.022104417502193267
43.5,-28.5,2628,NA,NA,NA,0.01974958995475654
44.5,-28.5,2629,NA,NA,NA,0.022372526219406833
45.5,-28.5,2630,NA,NA,NA,0.02408675929945808
46.5,-28.5,2631,NA,NA,NA,0.021481369135114024
47.5,-28.5,2632,NA,NA,NA,0.023377171150672827
48.5,-28.5,2633,NA,NA,NA,0.02200880521359177
49.5,-28.5,2634,NA,NA,NA,0.02023783668427017
80.5,-28.5,2665,NA,NA,NA,0.004536786201597043
81.5,-28.5,2666,NA,NA,NA,0.0036981632729478184
82.5,-28.5,2667,NA,NA,NA,0.002853122697820575
83.5,-28.5,2668,NA,NA,NA,0.0030791342225725943
84.5,-28.5,2669,NA,NA,NA,0.0043120428652167345
85.5,-28.5,2670,NA,NA,NA,0.004021446065454888
86.5,-28.5,2671,NA,NA,NA,0.00320631238737191
87.5,-28.5,2672,NA,NA,NA,0.0033983069905161086
88.5,-28.5,2673,NA,NA,NA,0.003920625584320204
89.5,-28.5,2674,NA,NA,NA,0.003940065409250902
90.5,-28.5,2675,NA,NA,NA,0.004197931252730406
91.5,-28.5,2676,NA,NA,NA,0.004016222232688873
92.5,-28.5,2677,NA,NA,NA,0.0041978526471725085
93.5,-28.5,2678,NA,NA,NA,0.007297038233915164
94.5,-28.5,2679,NA,NA,NA,0.005545522687429216
95.5,-28.5,2680,NA,NA,NA,0.006442688640558056
96.5,-28.5,2681,NA,NA,NA,0.006813030389122462
97.5,-28.5,2682,NA,NA,NA,0.005253569194776638
98.5,-28.5,2683,NA,NA,NA,0.004823885002461079
99.5,-28.5,2684,NA,NA,NA,0.005790467314913931
-129.5,-27.5,2704,NA,NA,NA,0.025736089909327454
-128.5,-27.5,2705,NA,NA,NA,0.0230317547808642
-127.5,-27.5,2706,NA,NA,NA,0.03532148185019763
-126.5,-27.5,2707,NA,NA,NA,0.04078483444978357
-125.5,-27.5,2708,NA,NA,NA,0.057831304872237504
-124.5,-27.5,2709,NA,NA,NA,0.05884553459330294
-123.5,-27.5,2710,NA,NA,NA,0.03923445884113646
-122.5,-27.5,2711,NA,NA,NA,0.03007929310662984
-121.5,-27.5,2712,NA,NA,NA,0.029630667476689073
-120.5,-27.5,2713,NA,NA,NA,0.027650955767811337
30.5,-27.5,2825,NA,NA,NA,0.023743146064104298
31.5,-27.5,2826,NA,NA,NA,0.02442181502585989
32.5,-27.5,2827,NA,NA,NA,0.03818932103294788
33.5,-27.5,2828,NA,NA,NA,0.028857162166196857
34.5,-27.5,2829,NA,NA,NA,0.0292470540371255
35.5,-27.5,2830,NA,NA,NA,0.024702318670742615
36.5,-27.5,2831,NA,NA,NA,0.01824545319074691
37.5,-27.5,2832,NA,NA,NA,0.028901877192484337
38.5,-27.5,2833,NA,NA,NA,0.029036367679434762
39.5,-27.5,2834,NA,NA,NA,0.030308215836112377
40.5,-27.5,2835,NA,NA,NA,0.03305850222398415
41.5,-27.5,2836,NA,NA,NA,0.03318000247172822
42.5,-27.5,2837,NA,NA,NA,0.03139337816140178
43.5,-27.5,2838,NA,NA,NA,0.03118912469266397
44.5,-27.5,2839,NA,NA,NA,0.030881452341882526
45.5,-27.5,2840,NA,NA,NA,0.02754402211256106
46.5,-27.5,2841,NA,NA,NA,0.027943491973704472
47.5,-27.5,2842,NA,NA,NA,0.03406739635710848
48.5,-27.5,2843,NA,NA,NA,0.02987493961395652
49.5,-27.5,2844,NA,NA,NA,0.0205002704863724
80.5,-27.5,2875,NA,NA,NA,0.0033219250162301902
81.5,-27.5,2876,NA,NA,NA,0.0032160802533864464
82.5,-27.5,2877,NA,NA,NA,0.0029817023873358463
83.5,-27.5,2878,NA,NA,NA,0.0031484612698580586
84.5,-27.5,2879,NA,NA,NA,0.003151425860703397
85.5,-27.5,2880,NA,NA,NA,0.0031930322523727648
86.5,-27.5,2881,NA,NA,NA,0.003313550218580634
87.5,-27.5,2882,NA,NA,NA,0.00380801353821536
88.5,-27.5,2883,NA,NA,NA,0.0033972089575255754
89.5,-27.5,2884,NA,NA,NA,0.0036004164421923387
90.5,-27.5,2885,NA,NA,NA,0.004356233538884098
91.5,-27.5,2886,NA,NA,NA,0.005040952885024888
92.5,-27.5,2887,NA,NA,NA,0.005724759834528427
93.5,-27.5,2888,NA,NA,NA,0.0042982270287052786
94.5,-27.5,2889,NA,NA,NA,0.004903840845920673
95.5,-27.5,2890,NA,NA,NA,0.005135783435251333
96.5,-27.5,2891,NA,NA,NA,0.005595320807679361
97.5,-27.5,2892,NA,NA,NA,0.005384687926871819
98.5,-27.5,2893,NA,NA,NA,0.005846853437656109
99.5,-27.5,2894,NA,NA,NA,0.006131161816304263
-129.5,-26.5,2914,NA,NA,NA,0.06282655533368155
-128.5,-26.5,2915,NA,NA,NA,0.061856560275620094
-127.5,-26.5,2916,NA,NA,NA,0.11052490040307836
-126.5,-26.5,2917,NA,NA,NA,0.08388494651916859
-125.5,-26.5,2918,NA,NA,NA,0.08339506443063831
-124.5,-26.5,2919,NA,NA,NA,0.07104675005012175
-123.5,-26.5,2920,NA,NA,NA,0.07755493903902815
-122.5,-26.5,2921,NA,NA,NA,0.07894552271437592
-121.5,-26.5,2922,NA,NA,NA,0.050059775102725065
-120.5,-26.5,2923,NA,NA,NA,0.05075077433220243
30.5,-26.5,3034,NA,NA,NA,0.02596097421737178
31.5,-26.5,3035,NA,NA,NA,0.026293735279305706
32.5,-26.5,3036,NA,NA,NA,0.03879455187089121
33.5,-26.5,3037,NA,NA,NA,0.02195281237387126
34.5,-26.5,3038,NA,NA,NA,0.02972655263743138
35.5,-26.5,3039,NA,NA,NA,0.029902955437956392
36.5,-26.5,3040,NA,NA,NA,0.03214147482643637
37.5,-26.5,3041,NA,NA,NA,0.031046407342895835
38.5,-26.5,3042,NA,NA,NA,0.0338252341584465
39.5,-26.5,3043,NA,NA,NA,0.03155669579024942
40.5,-26.5,3044,NA,NA,NA,0.031776631069074565
41.5,-26.5,3045,NA,NA,NA,0.030373010009771346
42.5,-26.5,3046,NA,NA,NA,0.02976935665368802
43.5,-26.5,3047,NA,NA,NA,0.028998857466762052
44.5,-26.5,3048,NA,NA,NA,0.028875255100337394
45.5,-26.5,3049,NA,NA,NA,0.028606667283643663
46.5,-26.5,3050,NA,NA,NA,0.02223820950135642
47.5,-26.5,3051,NA,NA,NA,0.018117958337980144
48.5,-26.5,3052,NA,NA,NA,0.014167276494078068
49.5,-26.5,3053,NA,NA,NA,0.01374003602869766
80.5,-26.5,3084,NA,NA,NA,0.0035162540349125138
81.5,-26.5,3085,NA,NA,NA,0.003477732300348217
82.5,-26.5,3086,NA,NA,NA,0.0032992675212510196
83.5,-26.5,3087,NA,NA,NA,0.0034463077887775767
84.5,-26.5,3088,NA,NA,NA,0.003536356191356348
85.5,-26.5,3089,NA,NA,NA,0.0032890628511603754
86.5,-26.5,3090,NA,NA,NA,0.003836251487778094
87.5,-26.5,3091,NA,NA,NA,0.004362126509227382
88.5,-26.5,3092,NA,NA,NA,0.005198782028065271
89.5,-26.5,3093,NA,NA,NA,0.005145317161093203
90.5,-26.5,3094,NA,NA,NA,0.005606889481752162
91.5,-26.5,3095,NA,NA,NA,0.0058656765192094526
92.5,-26.5,3096,NA,NA,NA,0.004082975243932423
93.5,-26.5,3097,NA,NA,NA,0.004681358377888784
94.5,-26.5,3098,NA,NA,NA,0.004543704418394986
95.5,-26.5,3099,NA,NA,NA,0.0050504043784611865
96.5,-26.5,3100,NA,NA,NA,0.0064247288242685096
97.5,-26.5,3101,NA,NA,NA,0.006151534398421283
98.5,-26.5,3102,NA,NA,NA,0.00591521239946395
99.5,-26.5,3103,NA,NA,NA,0.007516567496083914
-129.5,-25.5,3122,NA,NA,NA,0.06308755927325983
-128.5,-25.5,3123,NA,NA,NA,0.1316566052162186
-127.5,-25.5,3124,NA,NA,NA,0.1877828182321668
-126.5,-25.5,3125,NA,NA,NA,0.1361876337549293
-125.5,-25.5,3126,NA,NA,NA,0.13268295238240735
-124.5,-25.5,3127,NA,NA,NA,0.12631369043292684
-123.5,-25.5,3128,NA,NA,NA,0.1269129863794556
-122.5,-25.5,3129,NA,NA,NA,0.13686087130861194
-121.5,-25.5,3130,NA,NA,NA,0.1087526857649912
-120.5,-25.5,3131,NA,NA,NA,0.10247389121214577
30.5,-25.5,3242,NA,NA,NA,0.05330850948161059
31.5,-25.5,3243,NA,NA,NA,0.0508682768119682
32.5,-25.5,3244,NA,NA,NA,0.05325269310527934
33.5,-25.5,3245,NA,NA,NA,0.044673991072882446
34.5,-25.5,3246,NA,NA,NA,0.051766265996425344
35.5,-25.5,3247,NA,NA,NA,0.04329474311112503
36.5,-25.5,3248,NA,NA,NA,0.042854646677619804
37.5,-25.5,3249,NA,NA,NA,0.034053476141566424
38.5,-25.5,3250,NA,NA,NA,0.030959301675334335
39.5,-25.5,3251,NA,NA,NA,0.039552903671404856
40.5,-25.5,3252,NA,NA,NA,0.03038933115385537
41.5,-25.5,3253,NA,NA,NA,0.03153813801788628
42.5,-25.5,3254,NA,NA,NA,0.02253665476655656
43.5,-25.5,3255,NA,NA,NA,0.029059109837526256
44.5,-25.5,3256,NA,NA,NA,0.02239553196460374
45.5,-25.5,3257,NA,NA,NA,0.02305155348359458
46.5,-25.5,3258,NA,NA,NA,0.01364853995001612
47.5,-25.5,3259,NA,NA,NA,0.01417487068501139
48.5,-25.5,3260,NA,NA,NA,0.014105094977078283
49.5,-25.5,3261,NA,NA,NA,0.014235886889980225
80.5,-25.5,3292,NA,NA,NA,0.0027384978793348817
81.5,-25.5,3293,NA,NA,NA,0.004351255722180606
82.5,-25.5,3294,NA,NA,NA,0.00436671313660382
83.5,-25.5,3295,NA,NA,NA,0.005111535364229721
84.5,-25.5,3296,NA,NA,NA,0.004948293892877559
85.5,-25.5,3297,NA,NA,NA,0.006184407107794241
86.5,-25.5,3298,NA,NA,NA,0.005185805352089334
87.5,-25.5,3299,NA,NA,NA,0.004990574766533498
88.5,-25.5,3300,NA,NA,NA,0.005024845199275974
89.5,-25.5,3301,NA,NA,NA,0.005248549246218932
90.5,-25.5,3302,NA,NA,NA,0.0056385181904539845
91.5,-25.5,3303,NA,NA,NA,0.003842771867558461
92.5,-25.5,3304,NA,NA,NA,0.004452937838791758
93.5,-25.5,3305,NA,NA,NA,0.005459069928788749
94.5,-25.5,3306,NA,NA,NA,0.005008239331045968
95.5,-25.5,3307,NA,NA,NA,0.00693671648216347
96.5,-25.5,3308,NA,NA,NA,0.0046088454863054615
97.5,-25.5,3309,NA,NA,NA,0.005399545409928257
98.5,-25.5,3310,NA,NA,NA,0.0057642279292653515
99.5,-25.5,3311,NA,NA,NA,0.006076910182166502
-129.5,-24.5,3328,NA,NA,NA,0.09791126682678383
-128.5,-24.5,3329,NA,NA,NA,0.2626988918298602
-127.5,-24.5,3330,NA,NA,NA,0.23251551384355298
-126.5,-24.5,3331,NA,NA,NA,0.32295922207630284
-125.5,-24.5,3332,NA,NA,NA,0.3857694835986595
-124.5,-24.5,3333,NA,NA,NA,0.43006837531369546
-123.5,-24.5,3334,NA,NA,NA,0.34430492281295944
-122.5,-24.5,3335,NA,NA,NA,0.29276482131934306
-121.5,-24.5,3336,NA,NA,NA,0.30237612592909113
-120.5,-24.5,3337,NA,NA,NA,0.2647663195742197
30.5,-24.5,3449,NA,NA,NA,0.06877616226302169
31.5,-24.5,3450,NA,NA,NA,0.06173826632964315
32.5,-24.5,3451,NA,NA,NA,0.07101837683033044
33.5,-24.5,3452,NA,NA,NA,0.03857529981215154
34.5,-24.5,3453,NA,NA,NA,0.04866834108362296
35.5,-24.5,3454,NA,NA,NA,0.0445060866267618
36.5,-24.5,3455,NA,NA,NA,0.04035359363948887
37.5,-24.5,3456,NA,NA,NA,0.03765805766172748
38.5,-24.5,3457,NA,NA,NA,0.04871768312610464
39.5,-24.5,3458,NA,NA,NA,0.04872131446121572
40.5,-24.5,3459,NA,NA,NA,0.037783927775871445
41.5,-24.5,3460,NA,NA,NA,0.04552797264974597
42.5,-24.5,3461,NA,NA,NA,0.03146291801621865
43.5,-24.5,3462,NA,NA,NA,0.030677809892543904
44.5,-24.5,3463,NA,NA,NA,0.02216261984205668
45.5,-24.5,3464,NA,NA,NA,0.01835467780880452
46.5,-24.5,3465,NA,NA,NA,0.01262463688693467
47.5,-24.5,3466,NA,NA,NA,0.011083643474003606
48.5,-24.5,3467,NA,NA,NA,0.011211560478767833
49.5,-24.5,3468,NA,NA,NA,0.010885173735352421
80.5,-24.5,3499,NA,NA,NA,0.005345666045544609
81.5,-24.5,3500,NA,NA,NA,0.004978303621656853
82.5,-24.5,3501,NA,NA,NA,0.005252274188679284
83.5,-24.5,3502,NA,NA,NA,0.004995015854035914
84.5,-24.5,3503,NA,NA,NA,0.0061591817515941226
85.5,-24.5,3504,NA,NA,NA,0.004792237854632889
86.5,-24.5,3505,NA,NA,NA,0.004834792705863909
87.5,-24.5,3506,NA,NA,NA,0.004834792705863909
88.5,-24.5,3507,NA,NA,NA,0.005080221886439224
89.5,-24.5,3508,NA,NA,NA,0.004850166633836708
90.5,-24.5,3509,NA,NA,NA,0.004024298021096663
91.5,-24.5,3510,NA,NA,NA,0.0043769626611616244
92.5,-24.5,3511,NA,NA,NA,0.005131599525117151
93.5,-24.5,3512,NA,NA,NA,0.005442892446520254
94.5,-24.5,3513,NA,NA,NA,0.00518084831902898
95.5,-24.5,3514,NA,NA,NA,0.005021081860428508
96.5,-24.5,3515,NA,NA,NA,0.004641582390113373
97.5,-24.5,3516,NA,NA,NA,0.004846926379253643
98.5,-24.5,3517,NA,NA,NA,0.00659799656112403
99.5,-24.5,3518,NA,NA,NA,0.006476364865498114
-129.5,-23.5,3534,NA,NA,NA,0.14288460625360322
-128.5,-23.5,3535,NA,NA,NA,0.2913498874347379
-127.5,-23.5,3536,NA,NA,NA,0.2521618189619498
-126.5,-23.5,3537,NA,NA,NA,0.520127814705873
-125.5,-23.5,3538,NA,NA,NA,0.328851642226902
-124.5,-23.5,3539,NA,NA,NA,0.317464970662873
-123.5,-23.5,3540,NA,NA,NA,0.3106113004121482
-122.5,-23.5,3541,NA,NA,NA,0.3037175602104658
-121.5,-23.5,3542,NA,NA,NA,0.3647257886431345
-120.5,-23.5,3543,NA,NA,NA,0.2930739170135773
30.5,-23.5,3657,NA,NA,NA,0.0546647367884489
31.5,-23.5,3658,NA,NA,NA,0.04389810599288101
32.5,-23.5,3659,NA,NA,NA,0.05385657496238072
33.5,-23.5,3660,NA,NA,NA,0.04420537369195147
34.5,-23.5,3661,NA,NA,NA,0.042768204012163184
35.5,-23.5,3662,NA,NA,NA,0.061382955891215424
36.5,-23.5,3663,NA,NA,NA,0.051862212223424395
37.5,-23.5,3664,NA,NA,NA,0.05077246345633788
38.5,-23.5,3665,NA,NA,NA,0.04908526789645037
39.5,-23.5,3666,NA,NA,NA,0.046063804646707535
40.5,-23.5,3667,NA,NA,NA,0.04576861176030035
41.5,-23.5,3668,NA,NA,NA,0.041624847547929576
42.5,-23.5,3669,NA,NA,NA,0.03223239137130157
43.5,-23.5,3670,NA,NA,NA,0.03604583777251237
44.5,-23.5,3671,NA,NA,NA,0.027292658671346632
45.5,-23.5,3672,NA,NA,NA,0.014804133127642359
46.5,-23.5,3673,NA,NA,NA,0.01213824965762921
47.5,-23.5,3674,NA,NA,NA,0.010910420218778652
48.5,-23.5,3675,NA,NA,NA,0.010969747122546222
49.5,-23.5,3676,NA,NA,NA,0.014756217694469952
80.5,-23.5,3707,NA,NA,NA,0.0049931969391091196
81.5,-23.5,3708,NA,NA,NA,0.004970373174813262
82.5,-23.5,3709,NA,NA,NA,0.005099991337476967
83.5,-23.5,3710,NA,NA,NA,0.004856368804952182
84.5,-23.5,3711,NA,NA,NA,0.006101336865925169
85.5,-23.5,3712,NA,NA,NA,0.0047995840264341465
86.5,-23.5,3713,NA,NA,NA,0.0062054800571050795
87.5,-23.5,3714,NA,NA,NA,0.005801396739370717
88.5,-23.5,3715,NA,NA,NA,0.003848137156881752
89.5,-23.5,3716,NA,NA,NA,0.0038565060308280662
90.5,-23.5,3717,NA,NA,NA,0.003919026089908689
91.5,-23.5,3718,NA,NA,NA,0.005742915205077284
92.5,-23.5,3719,NA,NA,NA,0.0052082053814698544
93.5,-23.5,3720,NA,NA,NA,0.004894633945686522
94.5,-23.5,3721,NA,NA,NA,0.004820630617080863
95.5,-23.5,3722,NA,NA,NA,0.004454196895240027
96.5,-23.5,3723,NA,NA,NA,0.004489738010650665
97.5,-23.5,3724,NA,NA,NA,0.0049167853544201294
98.5,-23.5,3725,NA,NA,NA,0.006211719018611494
99.5,-23.5,3726,NA,NA,NA,0.00628493672574086
-129.5,-22.5,3742,NA,NA,NA,0.19228919256059607
-128.5,-22.5,3743,NA,NA,NA,0.2663988936935355
-127.5,-22.5,3744,NA,NA,NA,0.24261765293248339
-126.5,-22.5,3745,NA,NA,NA,0.371192898879071
-125.5,-22.5,3746,NA,NA,NA,0.322131322140056
-124.5,-22.5,3747,NA,NA,NA,0.3729453881817819
-123.5,-22.5,3748,NA,NA,NA,0.3988523930201558
-122.5,-22.5,3749,NA,NA,NA,0.25620725448859827
-121.5,-22.5,3750,NA,NA,NA,0.28157482052422156
-120.5,-22.5,3751,NA,NA,NA,0.24168705185131523
30.5,-22.5,3866,NA,NA,NA,0.06804830012213246
31.5,-22.5,3867,NA,NA,NA,0.07264891634619648
32.5,-22.5,3868,NA,NA,NA,0.07144130992520836
33.5,-22.5,3869,NA,NA,NA,0.0547844117425872
34.5,-22.5,3870,NA,NA,NA,0.0552874685917401
35.5,-22.5,3871,NA,NA,NA,0.06426453672329838
36.5,-22.5,3872,NA,NA,NA,0.0934358994940775
37.5,-22.5,3873,NA,NA,NA,0.07122336915191582
38.5,-22.5,3874,NA,NA,NA,0.08729471819133237
39.5,-22.5,3875,NA,NA,NA,0.06783933692148401
40.5,-22.5,3876,NA,NA,NA,0.09255339221852975
41.5,-22.5,3877,NA,NA,NA,0.07092511857638674
42.5,-22.5,3878,NA,NA,NA,0.055020316144348644
43.5,-22.5,3879,NA,NA,NA,0.0557486627920797
44.5,-22.5,3880,NA,NA,NA,0.03663718541408311
45.5,-22.5,3881,NA,NA,NA,0.024857872998842283
46.5,-22.5,3882,NA,NA,NA,0.018521282017291307
47.5,-22.5,3883,NA,NA,NA,0.019611548535254583
48.5,-22.5,3884,NA,NA,NA,0.01568971520395824
49.5,-22.5,3885,NA,NA,NA,0.015674266300559715
80.5,-22.5,3916,NA,NA,NA,0.005024070791705875
81.5,-22.5,3917,NA,NA,NA,0.007536493543548654
82.5,-22.5,3918,NA,NA,NA,0.005967722173560641
83.5,-22.5,3919,NA,NA,NA,0.0060114177799862655
84.5,-22.5,3920,NA,NA,NA,0.0060114177799862655
85.5,-22.5,3921,NA,NA,NA,0.00394278747054839
86.5,-22.5,3922,NA,NA,NA,0.003860720420036232
87.5,-22.5,3923,NA,NA,NA,0.004024609568967045
88.5,-22.5,3924,NA,NA,NA,0.004576092548503389
89.5,-22.5,3925,NA,NA,NA,0.005790097447228153
90.5,-22.5,3926,NA,NA,NA,0.004205549907254407
91.5,-22.5,3927,NA,NA,NA,0.004287271258775063
92.5,-22.5,3928,NA,NA,NA,0.004709846526904086
93.5,-22.5,3929,NA,NA,NA,0.005533465956923109
94.5,-22.5,3930,NA,NA,NA,0.004690984859127562
95.5,-22.5,3931,NA,NA,NA,0.004491312831567652
96.5,-22.5,3932,NA,NA,NA,0.004370521160311842
97.5,-22.5,3933,NA,NA,NA,0.00482871336053028
98.5,-22.5,3934,NA,NA,NA,0.0053236616633314665
99.5,-22.5,3935,NA,NA,NA,0.005788234365423536
-129.5,-21.5,3951,NA,NA,NA,0.3195126212093055
-128.5,-21.5,3952,NA,NA,NA,0.28710142747653394
-127.5,-21.5,3953,NA,NA,NA,0.34947596144202314
-126.5,-21.5,3954,NA,NA,NA,0.2679672502328106
-125.5,-21.5,3955,NA,NA,NA,0.20822930067521955
-124.5,-21.5,3956,NA,NA,NA,0.0923249980581284
-123.5,-21.5,3957,NA,NA,NA,0.11995994085961845
-122.5,-21.5,3958,NA,NA,NA,0.1284452863774628
-121.5,-21.5,3959,NA,NA,NA,0.12717774732378354
-120.5,-21.5,3960,NA,NA,NA,0.1300827519422601
30.5,-21.5,4076,NA,NA,NA,0.1256656565578683
31.5,-21.5,4077,NA,NA,NA,0.14230700827352202
32.5,-21.5,4078,NA,NA,NA,0.13259649949834879
33.5,-21.5,4079,NA,NA,NA,0.1192245059627708
34.5,-21.5,4080,NA,NA,NA,0.3889397081705404
35.5,-21.5,4081,NA,NA,NA,0.27086607387994205
36.5,-21.5,4082,NA,NA,NA,0.27477582090670094
37.5,-21.5,4083,NA,NA,NA,0.21463613194341963
38.5,-21.5,4084,NA,NA,NA,0.19900472755856147
39.5,-21.5,4085,NA,NA,NA,0.16307089983860917
40.5,-21.5,4086,NA,NA,NA,0.16840117500696528
41.5,-21.5,4087,NA,NA,NA,0.11223294915084937
42.5,-21.5,4088,NA,NA,NA,0.11658256613684853
43.5,-21.5,4089,NA,NA,NA,0.05236146442803631
44.5,-21.5,4090,NA,NA,NA,0.0577782178161443
45.5,-21.5,4091,NA,NA,NA,0.04868207976436045
46.5,-21.5,4092,NA,NA,NA,0.057172080032066946
47.5,-21.5,4093,NA,NA,NA,0.03510018795793501
48.5,-21.5,4094,NA,NA,NA,0.020656027363709563
49.5,-21.5,4095,NA,NA,NA,0.014663116491482395
80.5,-21.5,4126,NA,NA,NA,0.00781193460225542
81.5,-21.5,4127,NA,NA,NA,0.015028346439485118
82.5,-21.5,4128,NA,NA,NA,0.005065686987333664
83.5,-21.5,4129,NA,NA,NA,0.005113791350345113
84.5,-21.5,4130,NA,NA,NA,0.005113791350345113
85.5,-21.5,4131,NA,NA,NA,0.005028123637030309
86.5,-21.5,4132,NA,NA,NA,0.0048399372019434185
87.5,-21.5,4133,NA,NA,NA,0.005224826669596321
88.5,-21.5,4134,NA,NA,NA,0.004565770303988136
89.5,-21.5,4135,NA,NA,NA,0.004526182730885534
90.5,-21.5,4136,NA,NA,NA,0.00464025553812313
91.5,-21.5,4137,NA,NA,NA,0.004368731165182485
92.5,-21.5,4138,NA,NA,NA,0.004176751820275084
93.5,-21.5,4139,NA,NA,NA,0.005617079419227512
94.5,-21.5,4140,NA,NA,NA,0.008907387093799922
95.5,-21.5,4141,NA,NA,NA,0.006584420230455831
96.5,-21.5,4142,NA,NA,NA,0.007067631515117236
97.5,-21.5,4143,NA,NA,NA,0.006011465082809503
98.5,-21.5,4144,NA,NA,NA,0.004211689813103055
99.5,-21.5,4145,NA,NA,NA,0.00651301436807414
-129.5,-20.5,4161,NA,NA,NA,0.23523759632012714
-128.5,-20.5,4162,NA,NA,NA,0.3549137347559891
-127.5,-20.5,4163,NA,NA,NA,0.29436647774303853
-126.5,-20.5,4164,NA,NA,NA,0.30144165860418776
-125.5,-20.5,4165,NA,NA,NA,0.1849447875250635
-124.5,-20.5,4166,NA,NA,NA,0.13955611768506687
-123.5,-20.5,4167,NA,NA,NA,0.22629696560817444
-121.5,-20.5,4168,NA,NA,NA,0.16605045446929323
-120.5,-20.5,4169,NA,NA,NA,0.16742313349165883
30.5,-20.5,4288,NA,NA,NA,0.38167938659913997
31.5,-20.5,4289,NA,NA,NA,0.3943042210606597
32.5,-20.5,4290,NA,NA,NA,0.3914102842139259
33.5,-20.5,4291,NA,NA,NA,0.6804511584427699
34.5,-20.5,4292,NA,NA,NA,0.5013937766855731
35.5,-20.5,4293,NA,NA,NA,0.42279697578583153
36.5,-20.5,4294,NA,NA,NA,0.40887812722476935
37.5,-20.5,4295,NA,NA,NA,0.37532574749733544
38.5,-20.5,4296,NA,NA,NA,0.21200538084894938
39.5,-20.5,4297,NA,NA,NA,0.23465460399166746
40.5,-20.5,4298,NA,NA,NA,0.16967500267380484
41.5,-20.5,4299,NA,NA,NA,0.08231063001492864
42.5,-20.5,4300,NA,NA,NA,0.07461675309963507
43.5,-20.5,4301,NA,NA,NA,0.06147676590896126
44.5,-20.5,4302,NA,NA,NA,0.07034836017515464
45.5,-20.5,4303,NA,NA,NA,0.05504981478200635
46.5,-20.5,4304,NA,NA,NA,0.04318646340769795
47.5,-20.5,4305,NA,NA,NA,0.020095972167152424
48.5,-20.5,4306,NA,NA,NA,0.015541407635682002
49.5,-20.5,4307,NA,NA,NA,0.01782848299879496
80.5,-20.5,4338,NA,NA,NA,0.005099788569681064
81.5,-20.5,4339,NA,NA,NA,0.005101537498878966
82.5,-20.5,4340,NA,NA,NA,0.005160721954477055
83.5,-20.5,4341,NA,NA,NA,0.004914782649798439
84.5,-20.5,4342,NA,NA,NA,0.004551660636347237
85.5,-20.5,4343,NA,NA,NA,0.0055199630402757325
86.5,-20.5,4344,NA,NA,NA,0.004345581194311515
87.5,-20.5,4345,NA,NA,NA,0.004333576857765091
88.5,-20.5,4346,NA,NA,NA,0.0040305274369362544
89.5,-20.5,4347,NA,NA,NA,0.005316782107921528
90.5,-20.5,4348,NA,NA,NA,0.0045761582109022335
91.5,-20.5,4349,NA,NA,NA,0.005139132443176525
92.5,-20.5,4350,NA,NA,NA,0.0049830470068374785
93.5,-20.5,4351,NA,NA,NA,0.005262336598672372
94.5,-20.5,4352,NA,NA,NA,0.0052549394687810376
95.5,-20.5,4353,NA,NA,NA,0.007689572163373747
96.5,-20.5,4354,NA,NA,NA,0.006092250021317097
97.5,-20.5,4355,NA,NA,NA,0.005525223774978668
98.5,-20.5,4356,NA,NA,NA,0.0053651718831784715
99.5,-20.5,4357,NA,NA,NA,0.005072279058459165
-139.5,-19.5,4368,NA,NA,NA,0.16136944200278988
-138.5,-19.5,4369,NA,NA,NA,0.16888036077226168
-137.5,-19.5,4370,NA,NA,NA,0.19919583754376846
-136.5,-19.5,4371,NA,NA,NA,0.08917812981284748
-130.5,-19.5,4372,NA,NA,NA,0.2126593702122533
-129.5,-19.5,4373,NA,NA,NA,0.2041998572238621
-128.5,-19.5,4374,NA,NA,NA,0.24090892460892419
-127.5,-19.5,4375,NA,NA,NA,0.23437857128568243
-126.5,-19.5,4376,NA,NA,NA,0.2724015982840835
-125.5,-19.5,4377,NA,NA,NA,0.22645021526382944
-124.5,-19.5,4378,NA,NA,NA,0.17638417313496585
-123.5,-19.5,4379,NA,NA,NA,0.20090306613287803
-122.5,-19.5,4380,NA,NA,NA,0.12174712160918967
-121.5,-19.5,4381,NA,NA,NA,0.15640057886710051
-120.5,-19.5,4382,NA,NA,NA,0.11822000700895131
10.5,-19.5,4486,NA,NA,NA,0.5742878259793021
11.5,-19.5,4487,NA,NA,NA,0.40507417420520403
12.5,-19.5,4488,NA,NA,NA,0.4076653031346666
13.5,-19.5,4489,NA,NA,NA,0.4094076282575264
14.5,-19.5,4490,NA,NA,NA,0.4082576375515216
15.5,-19.5,4491,NA,NA,NA,0.4844645784685775
16.5,-19.5,4492,NA,NA,NA,0.4068242087824893
17.5,-19.5,4493,NA,NA,NA,0.4146397750760788
18.5,-19.5,4494,NA,NA,NA,0.28418233349414623
19.5,-19.5,4495,NA,NA,NA,0.18705676226767337
-139.5,-18.5,4586,NA,NA,NA,0.08778076626031785
-138.5,-18.5,4587,NA,NA,NA,0.08281436416774028
-137.5,-18.5,4588,NA,NA,NA,0.22028685667357667
-136.5,-18.5,4589,NA,NA,NA,0.12763476022374745
-130.5,-18.5,4590,NA,NA,NA,0.049627616760002984
-129.5,-18.5,4591,NA,NA,NA,0.13182889647768692
-128.5,-18.5,4592,NA,NA,NA,0.1077939260025358
-127.5,-18.5,4593,NA,NA,NA,0.12326234338035316
-126.5,-18.5,4594,NA,NA,NA,0.12198762518404066
-125.5,-18.5,4595,NA,NA,NA,0.1361528132848285
-124.5,-18.5,4596,NA,NA,NA,0.1034552956627206
-123.5,-18.5,4597,NA,NA,NA,0.11094481863550862
-122.5,-18.5,4598,NA,NA,NA,0.07761842020372378
-121.5,-18.5,4599,NA,NA,NA,0.04796512778454776
-120.5,-18.5,4600,NA,NA,NA,0.10575533672679581
10.5,-18.5,4707,NA,NA,NA,0.5801055896539775
11.5,-18.5,4708,NA,NA,NA,0.5082062057271166
12.5,-18.5,4709,NA,NA,NA,0.5133672318594945
13.5,-18.5,4710,NA,NA,NA,0.5145580783694349
14.5,-18.5,4711,NA,NA,NA,0.5243957569755258
15.5,-18.5,4712,NA,NA,NA,0.47160263562138616
16.5,-18.5,4713,NA,NA,NA,0.40017608012968625
17.5,-18.5,4714,NA,NA,NA,0.3950741581656207
18.5,-18.5,4715,NA,NA,NA,0.3903181807830343
19.5,-18.5,4716,NA,NA,NA,0.3377974472063394
-139.5,-17.5,4807,NA,NA,NA,0.03792566872879114
-138.5,-17.5,4808,NA,NA,NA,0.07124446255706053
-137.5,-17.5,4809,NA,NA,NA,0.21650928278000192
-136.5,-17.5,4810,NA,NA,NA,0.023438133675259182
-130.5,-17.5,4811,NA,NA,NA,0.0391277940396558
-129.5,-17.5,4812,NA,NA,NA,0.054164356469531445
-128.5,-17.5,4813,NA,NA,NA,0.10920469600199091
-127.5,-17.5,4814,NA,NA,NA,0.0809369097371638
-126.5,-17.5,4815,NA,NA,NA,0.06437376604877641
-125.5,-17.5,4816,NA,NA,NA,0.048462788117399944
-124.5,-17.5,4817,NA,NA,NA,0.04917893706853068
-123.5,-17.5,4818,NA,NA,NA,0.0513108890235515
-122.5,-17.5,4819,NA,NA,NA,0.044999869123915105
-121.5,-17.5,4820,NA,NA,NA,0.03780243222119793
-120.5,-17.5,4821,NA,NA,NA,0.02543017249914224
10.5,-17.5,4929,NA,NA,NA,0.4974980071718916
11.5,-17.5,4930,NA,NA,NA,0.5120316837910928
12.5,-17.5,4931,NA,NA,NA,0.5393120985573201
13.5,-17.5,4932,NA,NA,NA,0.5118086423190068
14.5,-17.5,4933,NA,NA,NA,0.24718313865261463
15.5,-17.5,4934,NA,NA,NA,0.24672650482375713
16.5,-17.5,4935,NA,NA,NA,0.29202306253481036
17.5,-17.5,4936,NA,NA,NA,0.20995973470489984
18.5,-17.5,4937,NA,NA,NA,0.2922905814168286
19.5,-17.5,4938,NA,NA,NA,0.2279199459215077
-139.5,-16.5,5027,NA,NA,NA,0.06808195013801181
-138.5,-16.5,5028,NA,NA,NA,0.07032012744287115
-137.5,-16.5,5029,NA,NA,NA,0.18025951274528082
-136.5,-16.5,5030,NA,NA,NA,0.060212748877874554
-129.5,-16.5,5031,NA,NA,NA,0.040932891491960284
-128.5,-16.5,5032,NA,NA,NA,0.07849335323805148
-127.5,-16.5,5033,NA,NA,NA,0.04789365743180079
-126.5,-16.5,5034,NA,NA,NA,0.05144268958154757
-125.5,-16.5,5035,NA,NA,NA,0.0394265049266699
-124.5,-16.5,5036,NA,NA,NA,0.035122681428152294
-123.5,-16.5,5037,NA,NA,NA,0.02727749470792854
-122.5,-16.5,5038,NA,NA,NA,0.042552661105021004
-121.5,-16.5,5039,NA,NA,NA,0.029614186836629093
-120.5,-16.5,5040,NA,NA,NA,0.02268940737955169
10.5,-16.5,5149,NA,NA,NA,0.36903576640961905
11.5,-16.5,5150,NA,NA,NA,0.4202455725189805
12.5,-16.5,5151,NA,NA,NA,0.2848957830977563
13.5,-16.5,5152,NA,NA,NA,0.33350143022551604
14.5,-16.5,5153,NA,NA,NA,0.3282266116545134
15.5,-16.5,5154,NA,NA,NA,0.2998558568754494
16.5,-16.5,5155,NA,NA,NA,0.1896623186709563
17.5,-16.5,5156,NA,NA,NA,0.18114790472658798
18.5,-16.5,5157,NA,NA,NA,0.2408718797965986
19.5,-16.5,5158,NA,NA,NA,0.2455482362890603
-138.5,-15.5,5246,NA,NA,NA,0.09497471225076133
-137.5,-15.5,5247,NA,NA,NA,0.17463377045222978
-136.5,-15.5,5248,NA,NA,NA,0.16911607368610057
-135.5,-15.5,5249,NA,NA,NA,0.143878930398985
-134.5,-15.5,5250,NA,NA,NA,0.13971497660252877
-129.5,-15.5,5251,NA,NA,NA,0.010658736167179229
-128.5,-15.5,5252,NA,NA,NA,0.03712529694304208
-127.5,-15.5,5253,NA,NA,NA,0.027728418016538657
-126.5,-15.5,5254,NA,NA,NA,0.022415006784947906
-125.5,-15.5,5255,NA,NA,NA,0.03326478662235125
-124.5,-15.5,5256,NA,NA,NA,0.018410503661054047
-123.5,-15.5,5257,NA,NA,NA,0.01766892037109655
-122.5,-15.5,5258,NA,NA,NA,0.022928127233960198
-121.5,-15.5,5259,NA,NA,NA,0.020156667039407338
-120.5,-15.5,5260,NA,NA,NA,0.015614271554720956
10.5,-15.5,5375,NA,NA,NA,0.24703615811732219
11.5,-15.5,5376,NA,NA,NA,0.2347128109342029
12.5,-15.5,5377,NA,NA,NA,0.21639741805513601
13.5,-15.5,5378,NA,NA,NA,0.4088280887506155
14.5,-15.5,5379,NA,NA,NA,0.2206519131647414
15.5,-15.5,5380,NA,NA,NA,0.14340063248303964
16.5,-15.5,5381,NA,NA,NA,0.11640640447338992
17.5,-15.5,5382,NA,NA,NA,0.13438112517816822
18.5,-15.5,5383,NA,NA,NA,0.11056265852943997
19.5,-15.5,5384,NA,NA,NA,0.17602285308450427
-138.5,-14.5,5470,NA,NA,NA,0.0913085446381175
-137.5,-14.5,5471,NA,NA,NA,0.17930814729213812
-136.5,-14.5,5472,NA,NA,NA,0.18540027230565342
-135.5,-14.5,5473,NA,NA,NA,0.2112244667963805
-134.5,-14.5,5474,NA,NA,NA,0.2665618194005884
-133.5,-14.5,5475,NA,NA,NA,0.11931042304670471
-132.5,-14.5,5476,NA,NA,NA,0.09283517664618506
-129.5,-14.5,5477,NA,NA,NA,0.014081042017026747
-128.5,-14.5,5478,NA,NA,NA,0.02037420385411248
-127.5,-14.5,5479,NA,NA,NA,0.0191354378638456
-126.5,-14.5,5480,NA,NA,NA,0.01737238657836426
-125.5,-14.5,5481,NA,NA,NA,0.01639673585644468
-124.5,-14.5,5482,NA,NA,NA,0.02324775916403524
-123.5,-14.5,5483,NA,NA,NA,0.022819564561423603
-122.5,-14.5,5484,NA,NA,NA,0.021428293924126655
-121.5,-14.5,5485,NA,NA,NA,0.032659703766860886
-120.5,-14.5,5486,NA,NA,NA,0.020760809470653112
10.5,-14.5,5604,NA,NA,NA,0.2636549358375251
11.5,-14.5,5605,NA,NA,NA,0.16185631131854308
12.5,-14.5,5606,NA,NA,NA,0.09596336870514417
13.5,-14.5,5607,NA,NA,NA,0.09683562546085167
14.5,-14.5,5608,NA,NA,NA,0.09853152007968184
15.5,-14.5,5609,NA,NA,NA,0.09526173082437464
16.5,-14.5,5610,NA,NA,NA,0.09567854210644558
17.5,-14.5,5611,NA,NA,NA,0.08969561826421174
18.5,-14.5,5612,NA,NA,NA,0.11966060318960453
19.5,-14.5,5613,NA,NA,NA,0.1410382931299755
-138.5,-13.5,5698,NA,NA,NA,0.04047261790532655
-137.5,-13.5,5699,NA,NA,NA,0.08059406797361932
-136.5,-13.5,5700,NA,NA,NA,0.08668543723508612
-135.5,-13.5,5701,NA,NA,NA,0.09335060665736335
-134.5,-13.5,5702,NA,NA,NA,0.09921265319506284
-133.5,-13.5,5703,NA,NA,NA,0.08411354572144163
-132.5,-13.5,5704,NA,NA,NA,0.02781732097993327
-129.5,-13.5,5705,NA,NA,NA,0.017173148193139885
-128.5,-13.5,5706,NA,NA,NA,0.009189816863226742
-127.5,-13.5,5707,NA,NA,NA,0.01004401552077347
-126.5,-13.5,5708,NA,NA,NA,0.012919954989277005
-125.5,-13.5,5709,NA,NA,NA,0.013156611589035343
-124.5,-13.5,5710,NA,NA,NA,0.015232361262741127
-123.5,-13.5,5711,NA,NA,NA,0.01679091789782845
-122.5,-13.5,5712,NA,NA,NA,0.009733640228517053
-121.5,-13.5,5713,NA,NA,NA,0.009835326701060899
-120.5,-13.5,5714,NA,NA,NA,0.013679084874424728
10.5,-13.5,5836,NA,NA,NA,0.06736505451375388
11.5,-13.5,5837,NA,NA,NA,0.054181422848127554
12.5,-13.5,5838,NA,NA,NA,0.04841743931055243
13.5,-13.5,5839,NA,NA,NA,0.051270167423300275
14.5,-13.5,5840,NA,NA,NA,0.049022720524482644
15.5,-13.5,5841,NA,NA,NA,0.04716310901167599
16.5,-13.5,5842,NA,NA,NA,0.040005428327976454
17.5,-13.5,5843,NA,NA,NA,0.03304682883192298
18.5,-13.5,5844,NA,NA,NA,0.034033847355326885
19.5,-13.5,5845,NA,NA,NA,0.07676490630263613
-138.5,-12.5,5930,NA,NA,NA,0.027741760893403872
-137.5,-12.5,5931,NA,NA,NA,0.06984836765192173
-136.5,-12.5,5932,NA,NA,NA,0.03349386881411636
-135.5,-12.5,5933,NA,NA,NA,0.09708896356613896
-134.5,-12.5,5934,NA,NA,NA,0.11151346040462519
-133.5,-12.5,5935,NA,NA,NA,0.2549329889562331
-132.5,-12.5,5936,NA,NA,NA,0.02217494657735665
-131.5,-12.5,5937,NA,NA,NA,0.008936492483464457
-129.5,-12.5,5938,NA,NA,NA,0.024017485203621017
-128.5,-12.5,5939,NA,NA,NA,0.010381720697714347
-127.5,-12.5,5940,NA,NA,NA,0.010839186586845911
-126.5,-12.5,5941,NA,NA,NA,0.012799531366401738
-125.5,-12.5,5942,NA,NA,NA,0.011577228656555033
-124.5,-12.5,5943,NA,NA,NA,0.01081098641337134
-123.5,-12.5,5944,NA,NA,NA,0.010729517633999834
-122.5,-12.5,5945,NA,NA,NA,0.010805641320131024
-121.5,-12.5,5946,NA,NA,NA,0.010967710904028573
-120.5,-12.5,5947,NA,NA,NA,0.01205374121579047
10.5,-12.5,6071,NA,NA,NA,0.05006496747002634
11.5,-12.5,6072,NA,NA,NA,0.0407548778031037
12.5,-12.5,6073,NA,NA,NA,0.04233084609925013
13.5,-12.5,6074,NA,NA,NA,0.027150241829235335
14.5,-12.5,6075,NA,NA,NA,0.027398017307189864
15.5,-12.5,6076,NA,NA,NA,0.026438339478354906
16.5,-12.5,6077,NA,NA,NA,0.020689583902644217
17.5,-12.5,6078,NA,NA,NA,0.016163300815347958
18.5,-12.5,6079,NA,NA,NA,0.019277356954480906
19.5,-12.5,6080,NA,NA,NA,0.02889842449966598
-139.5,-11.5,6164,NA,NA,NA,0.018874069227912252
-138.5,-11.5,6165,NA,NA,NA,0.01406794593665237
-137.5,-11.5,6166,NA,NA,NA,0.03747039043805964
-136.5,-11.5,6167,NA,NA,NA,0.023931417643104243
-135.5,-11.5,6168,NA,NA,NA,0.030760392598828967
-134.5,-11.5,6169,NA,NA,NA,0.014274903614872093
-133.5,-11.5,6170,NA,NA,NA,0.01108725446750224
-132.5,-11.5,6171,NA,NA,NA,0.009686670037757606
-131.5,-11.5,6172,NA,NA,NA,0.007396663751411576
-130.5,-11.5,6173,NA,NA,NA,0.004352359040002986
-129.5,-11.5,6174,NA,NA,NA,0.007178630248142111
-128.5,-11.5,6175,NA,NA,NA,0.007120127309133567
-127.5,-11.5,6176,NA,NA,NA,0.0073520037210080234
-126.5,-11.5,6177,NA,NA,NA,0.00798122118180239
-125.5,-11.5,6178,NA,NA,NA,0.00921762121963602
-124.5,-11.5,6179,NA,NA,NA,0.009049657535133213
-123.5,-11.5,6180,NA,NA,NA,0.01168976430523889
-122.5,-11.5,6181,NA,NA,NA,0.015269629481156647
-121.5,-11.5,6182,NA,NA,NA,0.010582565834950765
-120.5,-11.5,6183,NA,NA,NA,0.01275487806709125
10.5,-11.5,6310,NA,NA,NA,0.026351080107422403
11.5,-11.5,6311,NA,NA,NA,0.02572033904080579
12.5,-11.5,6312,NA,NA,NA,0.026284453947467208
13.5,-11.5,6313,NA,NA,NA,0.025029824992426872
14.5,-11.5,6314,NA,NA,NA,0.020111359506871006
15.5,-11.5,6315,NA,NA,NA,0.017545028740756727
16.5,-11.5,6316,NA,NA,NA,0.016694465018672403
17.5,-11.5,6317,NA,NA,NA,0.013896179156469403
18.5,-11.5,6318,NA,NA,NA,0.01512961212562969
19.5,-11.5,6319,NA,NA,NA,0.01790338822304051
-139.5,-10.5,6403,NA,NA,NA,0.010271948466336242
-138.5,-10.5,6404,NA,NA,NA,0.005436760583896813
-137.5,-10.5,6405,NA,NA,NA,0.006673144498068249
-136.5,-10.5,6406,NA,NA,NA,0.004905455858117236
-135.5,-10.5,6407,NA,NA,NA,0.004776778902163325
-134.5,-10.5,6408,NA,NA,NA,0.004337219963564417
-133.5,-10.5,6409,NA,NA,NA,0.0033401909800167967
-132.5,-10.5,6410,NA,NA,NA,0.0032315127308176718
-131.5,-10.5,6411,NA,NA,NA,0.0038951255064057955
-130.5,-10.5,6412,NA,NA,NA,0.00432982726635013
-129.5,-10.5,6413,NA,NA,NA,0.0028127801715099906
-128.5,-10.5,6414,NA,NA,NA,0.00405272548524294
-127.5,-10.5,6415,NA,NA,NA,0.005758023651762854
-126.5,-10.5,6416,NA,NA,NA,0.005980043952027893
-125.5,-10.5,6417,NA,NA,NA,0.005973214843462241
-124.5,-10.5,6418,NA,NA,NA,0.008943448356401377
-123.5,-10.5,6419,NA,NA,NA,0.0072666156731524085
-122.5,-10.5,6420,NA,NA,NA,0.009660157162045834
-121.5,-10.5,6421,NA,NA,NA,0.01246355232815869
-120.5,-10.5,6422,NA,NA,NA,0.008468335185880907
10.5,-10.5,6549,NA,NA,NA,0.011388934156774985
11.5,-10.5,6550,NA,NA,NA,0.011067424593758157
12.5,-10.5,6551,NA,NA,NA,0.01011391292615076
13.5,-10.5,6552,NA,NA,NA,0.00910433123962168
14.5,-10.5,6553,NA,NA,NA,0.011893611479040958
15.5,-10.5,6554,NA,NA,NA,0.007959960275992778
16.5,-10.5,6555,NA,NA,NA,0.00835928140919225
17.5,-10.5,6556,NA,NA,NA,0.006801178997125894
18.5,-10.5,6557,NA,NA,NA,0.008575495026946876
19.5,-10.5,6558,NA,NA,NA,0.010721115816314741
-119.5,10.5,11100,NA,NA,NA,0.004911554492899134
-118.5,10.5,11101,NA,NA,NA,0.0041650306502131595
-117.5,10.5,11102,NA,NA,NA,0.0060436441688758134
-116.5,10.5,11103,NA,NA,NA,0.007299502921642653
-115.5,10.5,11104,NA,NA,NA,0.007634035266253659
-114.5,10.5,11105,NA,NA,NA,0.010397936725765446
-113.5,10.5,11106,NA,NA,NA,0.012227105317548503
-112.5,10.5,11107,NA,NA,NA,0.021753048885304275
-111.5,10.5,11108,NA,NA,NA,0.03199043290670595
-110.5,10.5,11109,NA,NA,NA,0.07253436058798028
-119.5,11.5,11311,NA,NA,NA,0.008100039221878182
-118.5,11.5,11312,NA,NA,NA,0.007312148910371214
-117.5,11.5,11313,NA,NA,NA,0.00793841735835664
-116.5,11.5,11314,NA,NA,NA,0.010219337419026147
-115.5,11.5,11315,NA,NA,NA,0.010099204595769622
-114.5,11.5,11316,NA,NA,NA,0.019254648568703285
-113.5,11.5,11317,NA,NA,NA,0.020919721657861597
-112.5,11.5,11318,NA,NA,NA,0.03140870748269976
-111.5,11.5,11319,NA,NA,NA,0.04272482053669152
-110.5,11.5,11320,NA,NA,NA,0.12050363599261545
-119.5,12.5,11518,NA,NA,NA,0.008410959468738363
-118.5,12.5,11519,NA,NA,NA,0.00784588523381747
-117.5,12.5,11520,NA,NA,NA,0.008939204913864116
-116.5,12.5,11521,NA,NA,NA,0.007339858614910471
-115.5,12.5,11522,NA,NA,NA,0.008142731940146492
-114.5,12.5,11523,NA,NA,NA,0.010156159523805011
-113.5,12.5,11524,NA,NA,NA,0.017789054590154074
-112.5,12.5,11525,NA,NA,NA,0.029214112136533205
-111.5,12.5,11526,NA,NA,NA,0.050270538524587134
-110.5,12.5,11527,NA,NA,NA,0.1275040373294226
-119.5,13.5,11723,NA,NA,NA,0.011797159424872658
-118.5,13.5,11724,NA,NA,NA,0.00939256424447895
-117.5,13.5,11725,NA,NA,NA,0.007164415298454138
-116.5,13.5,11726,NA,NA,NA,0.006569893483572365
-115.5,13.5,11727,NA,NA,NA,0.00576274561202325
-114.5,13.5,11728,NA,NA,NA,0.0078008060691642294
-113.5,13.5,11729,NA,NA,NA,0.013869881324885952
-112.5,13.5,11730,NA,NA,NA,0.02932753051007029
-111.5,13.5,11731,NA,NA,NA,0.03723048060979015
-110.5,13.5,11732,NA,NA,NA,0.08215029309763353
-119.5,14.5,11924,NA,NA,NA,0.0045108493934548225
-118.5,14.5,11925,NA,NA,NA,0.006958677222314632
-117.5,14.5,11926,NA,NA,NA,0.0070456664465741526
-116.5,14.5,11927,NA,NA,NA,0.007903546521054468
-115.5,14.5,11928,NA,NA,NA,0.004856851205567861
-114.5,14.5,11929,NA,NA,NA,0.0055756573050537005
-113.5,14.5,11930,NA,NA,NA,0.012875925783903723
-112.5,14.5,11931,NA,NA,NA,0.02079861845293377
-111.5,14.5,11932,NA,NA,NA,0.028475716766576155
-110.5,14.5,11933,NA,NA,NA,0.048844029639404325
-119.5,15.5,12121,NA,NA,NA,0.006508350614355912
-118.5,15.5,12122,NA,NA,NA,0.006544177096648243
-117.5,15.5,12123,NA,NA,NA,0.0043687190742561196
-116.5,15.5,12124,NA,NA,NA,0.006340749252477056
-115.5,15.5,12125,NA,NA,NA,0.00420988503544519
-114.5,15.5,12126,NA,NA,NA,0.004819627018956862
-113.5,15.5,12127,NA,NA,NA,0.010011856407907435
-112.5,15.5,12128,NA,NA,NA,0.017770770771799158
-111.5,15.5,12129,NA,NA,NA,0.02118647396237005
-110.5,15.5,12130,NA,NA,NA,0.05574353857477005
-119.5,16.5,12313,NA,NA,NA,0.007954013280545994
-118.5,16.5,12314,NA,NA,NA,0.0072534404017594745
-117.5,16.5,12315,NA,NA,NA,0.0042774647550727725
-116.5,16.5,12316,NA,NA,NA,0.0037543809729620407
-115.5,16.5,12317,NA,NA,NA,0.0042346372873039075
-114.5,16.5,12318,NA,NA,NA,0.006710490449000395
-113.5,16.5,12319,NA,NA,NA,0.009595129133335297
-112.5,16.5,12320,NA,NA,NA,0.014354978694642891
-111.5,16.5,12321,NA,NA,NA,0.01933906051041402
-110.5,16.5,12322,NA,NA,NA,0.04175287236788047
-119.5,17.5,12494,NA,NA,NA,0.006507401435083945
-118.5,17.5,12495,NA,NA,NA,0.006207387441507642
-117.5,17.5,12496,NA,NA,NA,0.003796548469358323
-116.5,17.5,12497,NA,NA,NA,0.0027552689320434398
-115.5,17.5,12498,NA,NA,NA,0.004187774247833617
-114.5,17.5,12499,NA,NA,NA,0.005492161734186194
-113.5,17.5,12500,NA,NA,NA,0.009202052742337737
-112.5,17.5,12501,NA,NA,NA,0.014425024622364965
-111.5,17.5,12502,NA,NA,NA,0.018641141265472397
-110.5,17.5,12503,NA,NA,NA,0.026431369374400843
-119.5,18.5,12672,NA,NA,NA,0.007709501653363139
-118.5,18.5,12673,NA,NA,NA,0.006338352642409445
-117.5,18.5,12674,NA,NA,NA,0.003734647221009362
-116.5,18.5,12675,NA,NA,NA,0.0026558354559105516
-115.5,18.5,12676,NA,NA,NA,0.003050469090332068
-114.5,18.5,12677,NA,NA,NA,0.007319886505889269
-113.5,18.5,12678,NA,NA,NA,0.009067763860996064
-112.5,18.5,12679,NA,NA,NA,0.011458717842441974
-111.5,18.5,12680,NA,NA,NA,0.01548600155662629
-110.5,18.5,12681,NA,NA,NA,0.022504174243450935
-119.5,19.5,12846,NA,NA,NA,0.007540393592056292
-118.5,19.5,12847,NA,NA,NA,0.006073130120686979
-117.5,19.5,12848,NA,NA,NA,0.004786798296873423
-116.5,19.5,12849,NA,NA,NA,0.0025613576385086993
-115.5,19.5,12850,NA,NA,NA,0.0031852525761237546
-114.5,19.5,12851,NA,NA,NA,0.004805937813051984
-113.5,19.5,12852,NA,NA,NA,0.009289106313011808
-112.5,19.5,12853,NA,NA,NA,0.009385186381888089
-111.5,19.5,12854,NA,NA,NA,0.014621186723733625
-110.5,19.5,12855,NA,NA,NA,0.014466978414013707
-119.5,20.5,13015,NA,NA,NA,0.007634686930061422
-118.5,20.5,13016,NA,NA,NA,0.005352679875612063
-117.5,20.5,13017,NA,NA,NA,0.004452337406091286
-116.5,20.5,13018,NA,NA,NA,0.002588920943237373
-115.5,20.5,13019,NA,NA,NA,0.003679932383878129
-114.5,20.5,13020,NA,NA,NA,0.004940955124899264
-113.5,20.5,13021,NA,NA,NA,0.006828913169711322
-112.5,20.5,13022,NA,NA,NA,0.006902576258184323
-111.5,20.5,13023,NA,NA,NA,0.02386693969260452
-110.5,20.5,13024,NA,NA,NA,0.020064784119980753
-119.5,21.5,13179,NA,NA,NA,0.005725688701087134
-118.5,21.5,13180,NA,NA,NA,0.0030798249712816676
-117.5,21.5,13181,NA,NA,NA,0.0033930036382066216
-116.5,21.5,13182,NA,NA,NA,0.0030138006467824528
-115.5,21.5,13183,NA,NA,NA,0.003749912872608629
-114.5,21.5,13184,NA,NA,NA,0.005267956759781587
-113.5,21.5,13185,NA,NA,NA,0.0036894820970806382
-112.5,21.5,13186,NA,NA,NA,0.004023314112761068
-111.5,21.5,13187,NA,NA,NA,0.009149222514793706
-110.5,21.5,13188,NA,NA,NA,0.017960767459235225
-118.5,22.5,13340,NA,NA,NA,0.002724740356595887
-117.5,22.5,13341,NA,NA,NA,0.0029933950750626014
-116.5,22.5,13342,NA,NA,NA,0.0020682494317705493
-115.5,22.5,13343,NA,NA,NA,0.003843820280604057
-114.5,22.5,13344,NA,NA,NA,0.004122876075000426
-113.5,22.5,13345,NA,NA,NA,0.004281544571022629
-112.5,22.5,13346,NA,NA,NA,0.007936763983694436
-111.5,22.5,13347,NA,NA,NA,0.007411800396407359
-110.5,22.5,13348,NA,NA,NA,0.013149003308574195
-118.5,23.5,13489,NA,NA,NA,0.0030705720088583226
-117.5,23.5,13490,NA,NA,NA,0.0035591802393705857
-116.5,23.5,13491,NA,NA,NA,0.004731129518737858
-115.5,23.5,13492,NA,NA,NA,0.004377091418400062
-114.5,23.5,13493,NA,NA,NA,0.003589459529604651
-113.5,23.5,13494,NA,NA,NA,0.0036473715498765618
-112.5,23.5,13495,NA,NA,NA,0.007647837129569311
-117.5,24.5,13630,NA,NA,NA,0.00285861318889321
-116.5,24.5,13631,NA,NA,NA,0.003200166277829864
-115.5,24.5,13632,NA,NA,NA,0.004325922244084163
-114.5,24.5,13633,NA,NA,NA,0.0034445656483073853
-113.5,24.5,13634,NA,NA,NA,0.005807178654416917
-113.5,25.5,13767,NA,NA,NA,0.00509870695065674
0.5,30.5,14459,NA,NA,NA,0.0062885806183965234
1.5,30.5,14460,NA,NA,NA,0.006194622865772174
2.5,30.5,14461,NA,NA,NA,0.006194622865772174
3.5,30.5,14462,NA,NA,NA,0.006100192390603494
4.5,30.5,14463,NA,NA,NA,0.006228387485793864
5.5,30.5,14464,NA,NA,NA,0.00653914286480245
6.5,30.5,14465,NA,NA,NA,0.012092713367402738
7.5,30.5,14466,NA,NA,NA,0.004784787201008906
8.5,30.5,14467,NA,NA,NA,0.00478452014980326
9.5,30.5,14468,NA,NA,NA,0.004816923769925138
10.5,30.5,14469,NA,NA,NA,0.006497588952232827
11.5,30.5,14470,NA,NA,NA,0.006521998001807075
12.5,30.5,14471,NA,NA,NA,0.006275911027933736
13.5,30.5,14472,NA,NA,NA,0.0066766526997488205
14.5,30.5,14473,NA,NA,NA,0.007888077876041486
15.5,30.5,14474,NA,NA,NA,0.00698975253956995
16.5,30.5,14475,NA,NA,NA,0.008384493029483896
17.5,30.5,14476,NA,NA,NA,0.005162051742250435
18.5,30.5,14477,NA,NA,NA,0.004541481003209603
19.5,30.5,14478,NA,NA,NA,0.005049065745787725
0.5,31.5,14583,NA,NA,NA,0.012046751535708155
1.5,31.5,14584,NA,NA,NA,0.00991823927956423
2.5,31.5,14585,NA,NA,NA,0.009660117096117879
3.5,31.5,14586,NA,NA,NA,0.009437054830178112
4.5,31.5,14587,NA,NA,NA,0.014493885711591166
5.5,31.5,14588,NA,NA,NA,0.01323586363185161
6.5,31.5,14589,NA,NA,NA,0.007212908515245596
7.5,31.5,14590,NA,NA,NA,0.009194080808523988
8.5,31.5,14591,NA,NA,NA,0.008405406902839955
9.5,31.5,14592,NA,NA,NA,0.00745925415629927
10.5,31.5,14593,NA,NA,NA,0.010115397134429101
11.5,31.5,14594,NA,NA,NA,0.007313840308814763
12.5,31.5,14595,NA,NA,NA,0.005277294282852988
13.5,31.5,14596,NA,NA,NA,0.005713371052114876
14.5,31.5,14597,NA,NA,NA,0.0053675627939418855
15.5,31.5,14598,NA,NA,NA,0.007275221480033313
16.5,31.5,14599,NA,NA,NA,0.005347475503664412
17.5,31.5,14600,NA,NA,NA,0.0055816728426147785
18.5,31.5,14601,NA,NA,NA,0.005223412124988475
19.5,31.5,14602,NA,NA,NA,0.007120469514867864
0.5,32.5,14705,NA,NA,NA,0.009532863456573983
1.5,32.5,14706,NA,NA,NA,0.008580740556378712
2.5,32.5,14707,NA,NA,NA,0.007555357255494307
3.5,32.5,14708,NA,NA,NA,0.008820083828933265
4.5,32.5,14709,NA,NA,NA,0.009163778131994961
5.5,32.5,14710,NA,NA,NA,0.008893018216207742
6.5,32.5,14711,NA,NA,NA,0.01043676317097983
7.5,32.5,14712,NA,NA,NA,0.014758710489636433
8.5,32.5,14713,NA,NA,NA,0.010976187661635734
9.5,32.5,14714,NA,NA,NA,0.00940917754332683
10.5,32.5,14715,NA,NA,NA,0.00773803761065478
11.5,32.5,14716,NA,NA,NA,0.009981954346708186
12.5,32.5,14717,NA,NA,NA,0.011790980972817663
13.5,32.5,14718,NA,NA,NA,0.008222891978631328
14.5,32.5,14719,NA,NA,NA,0.005905096573391408
15.5,32.5,14720,NA,NA,NA,0.005023658512653623
16.5,32.5,14721,NA,NA,NA,0.00824364169109345
17.5,32.5,14722,NA,NA,NA,0.004218436367940604
18.5,32.5,14723,NA,NA,NA,0.0049085641967187
19.5,32.5,14724,NA,NA,NA,0.006171260987937393
0.5,33.5,14822,NA,NA,NA,0.006633969114316164
1.5,33.5,14823,NA,NA,NA,0.00673806629164867
2.5,33.5,14824,NA,NA,NA,0.006682089429992555
3.5,33.5,14825,NA,NA,NA,0.006438659699637931
4.5,33.5,14826,NA,NA,NA,0.006446444864484718
5.5,33.5,14827,NA,NA,NA,0.008749307960143188
6.5,33.5,14828,NA,NA,NA,0.009721695415767569
7.5,33.5,14829,NA,NA,NA,0.00943887521117826
8.5,33.5,14830,NA,NA,NA,0.009767504900997427
9.5,33.5,14831,NA,NA,NA,0.00813033733370404
10.5,33.5,14832,NA,NA,NA,0.008083523388089082
11.5,33.5,14833,NA,NA,NA,0.008072195683174433
12.5,33.5,14834,NA,NA,NA,0.008631519745647399
13.5,33.5,14835,NA,NA,NA,0.006368647154588976
14.5,33.5,14836,NA,NA,NA,0.008040741384086112
15.5,33.5,14837,NA,NA,NA,0.006353287086590154
16.5,33.5,14838,NA,NA,NA,0.008502752465994391
17.5,33.5,14839,NA,NA,NA,0.007572412364432547
18.5,33.5,14840,NA,NA,NA,0.007981402557368927
19.5,33.5,14841,NA,NA,NA,0.007050914581959774
0.5,34.5,14936,NA,NA,NA,0.004187869869187569
1.5,34.5,14937,NA,NA,NA,0.0051200697173458265
2.5,34.5,14938,NA,NA,NA,0.0047502250728415326
3.5,34.5,14939,NA,NA,NA,0.005510749360032829
4.5,34.5,14940,NA,NA,NA,0.00501484267095051
5.5,34.5,14941,NA,NA,NA,0.006766296416302014
6.5,34.5,14942,NA,NA,NA,0.006694701730354475
7.5,34.5,14943,NA,NA,NA,0.00686024298030753
8.5,34.5,14944,NA,NA,NA,0.005378049229678386
9.5,34.5,14945,NA,NA,NA,0.005267174049608161
10.5,34.5,14946,NA,NA,NA,0.00525212709931925
11.5,34.5,14947,NA,NA,NA,0.005278420572956762
12.5,34.5,14948,NA,NA,NA,0.006877838355502548
13.5,34.5,14949,NA,NA,NA,0.007048006784451122
14.5,34.5,14950,NA,NA,NA,0.007057406176339876
15.5,34.5,14951,NA,NA,NA,0.006424902356322166
16.5,34.5,14952,NA,NA,NA,0.007112247765687907
17.5,34.5,14953,NA,NA,NA,0.0073015407378609985
18.5,34.5,14954,NA,NA,NA,0.00755385154628723
19.5,34.5,14955,NA,NA,NA,0.0076545916384828695
0.5,35.5,15046,NA,NA,NA,0.00431014477302147
1.5,35.5,15047,NA,NA,NA,0.004352055145965825
2.5,35.5,15048,NA,NA,NA,0.004005234435401651
3.5,35.5,15049,NA,NA,NA,0.003917400508211805
4.5,35.5,15050,NA,NA,NA,0.0039997999803801495
5.5,35.5,15051,NA,NA,NA,0.004485679633305531
6.5,35.5,15052,NA,NA,NA,0.006106536554129568
7.5,35.5,15053,NA,NA,NA,0.005457272589350728
8.5,35.5,15054,NA,NA,NA,0.005016919835290737
9.5,35.5,15055,NA,NA,NA,0.004073228266708634
10.5,35.5,15056,NA,NA,NA,0.005950839037300813
11.5,35.5,15057,NA,NA,NA,0.00588124977479212
12.5,35.5,15058,NA,NA,NA,0.0042005711103611475
13.5,35.5,15059,NA,NA,NA,0.006115904251737062
14.5,35.5,15060,NA,NA,NA,0.00575103519140766
15.5,35.5,15061,NA,NA,NA,0.005686681537030367
16.5,35.5,15062,NA,NA,NA,0.006323978027187169
17.5,35.5,15063,NA,NA,NA,0.005849384629745684
18.5,35.5,15064,NA,NA,NA,0.004846041319556879
19.5,35.5,15065,NA,NA,NA,0.005585810375369533
0.5,36.5,15157,NA,NA,NA,0.003966577301241989
1.5,36.5,15158,NA,NA,NA,0.003966577301241989
2.5,36.5,15159,NA,NA,NA,0.003966577301241989
3.5,36.5,15160,NA,NA,NA,0.00395499033789832
4.5,36.5,15161,NA,NA,NA,0.00398307734072797
5.5,36.5,15162,NA,NA,NA,0.003952514793494973
6.5,36.5,15163,NA,NA,NA,0.003919648198842476
7.5,36.5,15164,NA,NA,NA,0.003707241538686515
8.5,36.5,15165,NA,NA,NA,0.00369638464280164
9.5,36.5,15166,NA,NA,NA,0.004126488135537188
10.5,36.5,15167,NA,NA,NA,0.004615158868981505
11.5,36.5,15168,NA,NA,NA,0.005231173737247311
12.5,36.5,15169,NA,NA,NA,0.0033450443096456907
13.5,36.5,15170,NA,NA,NA,0.00407626330939996
14.5,36.5,15171,NA,NA,NA,0.003799409979906771
15.5,36.5,15172,NA,NA,NA,0.006024963278805496
16.5,36.5,15173,NA,NA,NA,0.004937913892141254
17.5,36.5,15174,NA,NA,NA,0.0038801435517817253
18.5,36.5,15175,NA,NA,NA,0.0037175675735617512
19.5,36.5,15176,NA,NA,NA,0.004987112127823843
0.5,37.5,15270,NA,NA,NA,0.003855433056705401
1.5,37.5,15271,NA,NA,NA,0.003908383535044583
2.5,37.5,15272,NA,NA,NA,0.00393860618972511
3.5,37.5,15273,NA,NA,NA,0.00393860618972511
4.5,37.5,15274,NA,NA,NA,0.003936140860113786
5.5,37.5,15275,NA,NA,NA,0.0039034098870800106
6.5,37.5,15276,NA,NA,NA,0.0039034098870800106
7.5,37.5,15277,NA,NA,NA,0.0037127752066261335
8.5,37.5,15278,NA,NA,NA,0.003711474173051462
9.5,37.5,15279,NA,NA,NA,0.0032293118318846045
10.5,37.5,15280,NA,NA,NA,0.0032522968948455627
11.5,37.5,15281,NA,NA,NA,0.004120327693828402
12.5,37.5,15282,NA,NA,NA,0.00413421943421379
13.5,37.5,15283,NA,NA,NA,0.0032585463584888525
14.5,37.5,15284,NA,NA,NA,0.003235517271860991
15.5,37.5,15285,NA,NA,NA,0.003235377650235073
16.5,37.5,15286,NA,NA,NA,0.0032584057463420075
17.5,37.5,15287,NA,NA,NA,0.0041894008292867645
18.5,37.5,15288,NA,NA,NA,0.0043210675381152525
19.5,37.5,15289,NA,NA,NA,0.003556610829071272
0.5,38.5,15385,NA,NA,NA,0.0036126948893466615
1.5,38.5,15386,NA,NA,NA,0.0050517706413442205
2.5,38.5,15387,NA,NA,NA,0.0037205647311490957
3.5,38.5,15388,NA,NA,NA,0.0037378782221561073
4.5,38.5,15389,NA,NA,NA,0.005243705784318869
5.5,38.5,15390,NA,NA,NA,0.004321054211952638
6.5,38.5,15391,NA,NA,NA,0.0044288901118496385
7.5,38.5,15392,NA,NA,NA,0.0032293118318846045
8.5,38.5,15393,NA,NA,NA,0.0032293118318846045
9.5,38.5,15394,NA,NA,NA,0.0032522621387268955
10.5,38.5,15395,NA,NA,NA,0.0032293118318846045
11.5,38.5,15396,NA,NA,NA,0.004560827660669137
12.5,38.5,15397,NA,NA,NA,0.004560827660669137
13.5,38.5,15398,NA,NA,NA,0.004560827660669137
14.5,38.5,15399,NA,NA,NA,0.0032218205686418604
15.5,38.5,15400,NA,NA,NA,0.003199050200726179
16.5,38.5,15401,NA,NA,NA,0.003199050200726179
17.5,38.5,15402,NA,NA,NA,0.003199050200726179
18.5,38.5,15403,NA,NA,NA,0.0032218205686418604
19.5,38.5,15404,NA,NA,NA,0.0032218205686418604
0.5,39.5,15496,NA,NA,NA,0.003199050200726179
1.5,39.5,15497,NA,NA,NA,0.004471337290248767
2.5,39.5,15498,NA,NA,NA,0.0032218205686418604
3.5,39.5,15499,NA,NA,NA,0.004087841004255114
4.5,39.5,15500,NA,NA,NA,0.003325691369095279
5.5,39.5,15501,NA,NA,NA,0.004094090298647362
6.5,39.5,15502,NA,NA,NA,0.004087841004255114
7.5,39.5,15503,NA,NA,NA,0.004087841004255114
8.5,39.5,15504,NA,NA,NA,0.004359688438002137
9.5,39.5,15505,NA,NA,NA,0.0032218205686418604
10.5,39.5,15506,NA,NA,NA,0.0032068897125745103
11.5,39.5,15507,NA,NA,NA,0.003199050200726179
12.5,39.5,15508,NA,NA,NA,0.0032218205686418604
13.5,39.5,15509,NA,NA,NA,0.006504688260623774
14.5,39.5,15510,NA,NA,NA,0.006504688260623774
15.5,39.5,15511,NA,NA,NA,0.0032218205686418604
16.5,39.5,15512,NA,NA,NA,0.0032218205686418604
17.5,39.5,15513,NA,NA,NA,0.0042416245754051014
18.5,39.5,15514,NA,NA,NA,0.004387436805146012
19.5,39.5,15515,NA,NA,NA,0.0032068897125745103
