X_coords,Y_coords,cellID,BET_jan-mar,BET_apr-jun,BET_jul-sep,BET_oct-dec
-99.5,-39.5,41,0.02252208225896051,NA,NA,0.004318047754470326
-98.5,-39.5,42,0.02477157853214302,NA,NA,0.004179828791351862
-97.5,-39.5,43,0.02733137102963506,NA,NA,0.004575515133875924
-96.5,-39.5,44,0.023140197483183536,NA,NA,0.004332344368639783
-95.5,-39.5,45,0.013616036885736258,NA,NA,0.002431638284372076
-94.5,-39.5,46,0.01112918303596322,NA,NA,0.002221712113146443
-93.5,-39.5,47,0.012088933319871159,NA,NA,0.0021913347690960365
-92.5,-39.5,48,0.010453320594191729,NA,NA,0.002145475495627022
-91.5,-39.5,49,0.011543949069035685,NA,NA,0.002267214514804202
-90.5,-39.5,50,0.011644457740928985,NA,NA,0.00229360669573886
-79.5,-39.5,61,0.007828773874498617,NA,NA,NA
-78.5,-39.5,62,0.008021055132371746,NA,NA,NA
-77.5,-39.5,63,0.007998103774535678,NA,NA,NA
-76.5,-39.5,64,0.008089864847253285,NA,NA,NA
-75.5,-39.5,65,0.008322442828763507,NA,NA,NA
-74.5,-39.5,66,0.008324573373643682,NA,NA,NA
-73.5,-39.5,67,0.012965012014629157,NA,NA,NA
-72.5,-39.5,68,0.014202185903689052,NA,NA,NA
-71.5,-39.5,69,0.009595361370460779,NA,NA,NA
-70.5,-39.5,70,0.012702302893815577,NA,NA,NA
-69.5,-39.5,71,0.03598694269072665,NA,NA,0.007732370749534027
-68.5,-39.5,72,0.12711548663307942,NA,NA,0.015778444918471267
-67.5,-39.5,73,0.16312450135366752,NA,NA,0.02725331870811922
-66.5,-39.5,74,0.1613061598297616,NA,NA,0.04412495481272844
-65.5,-39.5,75,0.1587278015538239,NA,NA,0.04269068762121396
-64.5,-39.5,76,0.17113366647175568,NA,NA,0.044703112582580855
-63.5,-39.5,77,0.1901944368480469,NA,NA,0.04414764903112646
-62.5,-39.5,78,0.20449696146952287,NA,NA,0.03743040841872426
-61.5,-39.5,79,0.19579785260803653,NA,NA,0.03718326832199848
-60.5,-39.5,80,0.1649589691177256,NA,NA,0.031952986426361366
-29.5,-39.5,107,0.008760381882522678,0.002049940688449742,0.004941231218690691,0.007604152965863649
-28.5,-39.5,108,0.01593179346177692,0.002030728102798819,0.0049834750179703294,0.007932693310231657
-27.5,-39.5,109,0.011335441905860225,0.005423770348411226,0.003952263371284661,0.007946323985954636
-26.5,-39.5,110,0.018035691999566783,0.0027147295342953128,0.004546141367698218,0.009075987214312907
-25.5,-39.5,111,0.018937939154099147,0.0032569503217204695,0.004491070894578667,0.009108701461176604
-24.5,-39.5,112,0.018859863647134767,0.003805498682876395,0.004559266297471933,0.007628119969656637
-23.5,-39.5,113,0.009837218894083125,0.002831640123787757,0.0029429421002900337,0.004785510737112629
-22.5,-39.5,114,0.008681997714990345,0.0025498211281690286,0.002640307177912745,0.004307431919075481
-21.5,-39.5,115,0.009903123353510464,0.002320406287973336,0.0026336158689642688,0.004572035081974018
-20.5,-39.5,116,0.009517356707198462,0.0022653162060645537,0.002456699673077246,0.0050023357825934285
80.5,-39.5,214,0.009750995626078743,NA,NA,0.010591868946757219
81.5,-39.5,215,0.010257041815341452,NA,NA,0.010628470904750218
82.5,-39.5,216,0.008110115649911044,NA,NA,0.008565318238401445
83.5,-39.5,217,0.006844712149321775,NA,NA,0.007482197159783353
84.5,-39.5,218,0.0069803892783623376,NA,NA,0.00748972367153633
85.5,-39.5,219,0.006956158518153144,NA,NA,0.007295813556071857
86.5,-39.5,220,0.006836557813207296,NA,NA,0.006545055576653629
87.5,-39.5,221,0.006667803495055461,NA,NA,0.0038840142137512895
88.5,-39.5,222,0.00696475095817215,NA,NA,0.00396866127461089
89.5,-39.5,223,0.007434703110443022,NA,NA,0.0041966484529330425
-99.5,-38.5,281,0.027743066387577328,NA,NA,0.004616518661583439
-98.5,-38.5,282,0.025791703370321977,NA,NA,0.004795739602054486
-97.5,-38.5,283,0.03362412412921809,NA,NA,0.00506443651388013
-96.5,-38.5,284,0.02828401902971171,NA,NA,0.004831635598072022
-95.5,-38.5,285,0.025102548954441476,NA,NA,0.004324458421748731
-94.5,-38.5,286,0.013945622184443729,NA,NA,0.002505324730082608
-93.5,-38.5,287,0.012581815242944848,NA,NA,0.0025058778573623657
-92.5,-38.5,288,0.012512112074032177,NA,NA,0.00284816272783301
-91.5,-38.5,289,0.01305846842954546,NA,NA,0.002973801972700581
-90.5,-38.5,290,0.01205101875542575,NA,NA,0.0030460254395647413
-79.5,-38.5,301,0.02151440506163529,NA,NA,NA
-78.5,-38.5,302,0.019191083911536774,NA,NA,NA
-77.5,-38.5,303,0.016913104324078887,NA,NA,NA
-76.5,-38.5,304,0.01573257447207734,NA,NA,NA
-75.5,-38.5,305,0.015594501093162867,NA,NA,NA
-74.5,-38.5,306,0.016789292231883503,NA,NA,NA
-73.5,-38.5,307,0.021010469940323184,NA,NA,NA
-72.5,-38.5,308,0.023130419458653545,NA,NA,NA
-71.5,-38.5,309,0.04925975469886258,NA,NA,NA
-70.5,-38.5,310,0.056108589984021184,NA,NA,NA
-69.5,-38.5,311,0.04203345679843883,NA,NA,0.016479026349051476
-68.5,-38.5,312,0.09933219725466931,NA,NA,0.031079186985851163
-67.5,-38.5,313,0.1677167142179223,NA,NA,0.04318489653196616
-66.5,-38.5,314,0.08107377197339427,NA,NA,0.03038962605114489
-65.5,-38.5,315,0.04930400504153922,NA,NA,0.025352539684944338
-64.5,-38.5,316,0.054277536704560224,NA,NA,0.043330760064533645
-63.5,-38.5,317,0.054120239307361276,NA,NA,0.013141219182205049
-62.5,-38.5,318,0.06220348120712086,NA,NA,0.012735347683298665
-61.5,-38.5,319,0.06197606231155132,NA,NA,0.012269754224490947
-60.5,-38.5,320,0.062080005759235696,NA,NA,0.015837470352458378
-29.5,-38.5,345,0.009224746289854218,0.0024786470893198324,0.003164125684882846,0.00564081392029528
-28.5,-38.5,346,0.007707684121129051,0.002064914048089875,0.0023740718480415157,0.0045878169022817595
-27.5,-38.5,347,0.006132399174885814,0.002038412093915284,0.0023746195417931716,0.005043581484723646
-26.5,-38.5,348,0.0058584906496108105,0.0020460292051698256,0.0022156921854243495,0.005390682378018529
-25.5,-38.5,349,0.005844568243491273,0.0020750338715506,0.002140601684454079,0.005320842476556911
-24.5,-38.5,350,0.006106074186497755,0.0021110820819108425,0.0025948555406153516,0.005320842476556911
-23.5,-38.5,351,0.009561759694394725,0.00203480240451372,0.0024122270502655884,0.005111753420405105
-22.5,-38.5,352,0.006673012393949055,0.0016930511309251705,0.0018211686263653066,0.0037290768855608647
-21.5,-38.5,353,0.006731505589682281,0.001528850721695789,0.001758243776051171,0.003735506124178788
-20.5,-38.5,354,0.007262679600550606,0.0014616217896390765,0.0016421679720386676,0.00343151312914167
80.5,-38.5,452,0.014201107634982715,NA,NA,0.009843775401562074
81.5,-38.5,453,0.014578413394659982,NA,NA,0.009427193116261327
82.5,-38.5,454,0.01137270231727418,NA,NA,0.009389061195736457
83.5,-38.5,455,0.011454585660317318,NA,NA,0.008895311343015213
84.5,-38.5,456,0.012477045537584757,NA,NA,0.007705001623928122
85.5,-38.5,457,0.012104771560888444,NA,NA,0.007274047070726021
86.5,-38.5,458,0.009839358894972042,NA,NA,0.006471631072502791
87.5,-38.5,459,0.00935909423979689,NA,NA,0.005919587202513196
88.5,-38.5,460,0.009752968156475758,NA,NA,0.005971029837382119
89.5,-38.5,461,0.009758222653141765,NA,NA,0.005067757008560122
-99.5,-37.5,518,0.02857734718730249,NA,NA,0.005547731270224775
-98.5,-37.5,519,0.028711932651349692,NA,NA,0.005555722596002258
-97.5,-37.5,520,0.03287394805862463,NA,NA,0.007087450268162396
-96.5,-37.5,521,0.028055913957132268,NA,NA,0.006119335178761676
-95.5,-37.5,522,0.030333661369734005,NA,NA,0.006628284867485995
-94.5,-37.5,523,0.03309025760371443,NA,NA,0.006391642950314994
-93.5,-37.5,524,0.01730871376842081,NA,NA,0.0037836147973330726
-92.5,-37.5,525,0.013216346099046443,NA,NA,0.0026325945994802973
-91.5,-37.5,526,0.013216346099046443,NA,NA,0.0025950929177746716
-90.5,-37.5,527,0.013898301868010852,NA,NA,0.004167977956110514
-79.5,-37.5,538,0.029237106471521376,NA,NA,NA
-78.5,-37.5,539,0.027637665404404915,NA,NA,NA
-77.5,-37.5,540,0.02751636878714593,NA,NA,NA
-76.5,-37.5,541,0.02203933897365207,NA,NA,NA
-75.5,-37.5,542,0.0229028802634794,NA,NA,NA
-74.5,-37.5,543,0.02281137062372587,NA,NA,NA
-73.5,-37.5,544,0.028320887539546646,NA,NA,NA
-72.5,-37.5,545,0.030721311090584732,NA,NA,NA
-71.5,-37.5,546,0.02723469968860302,NA,NA,NA
-70.5,-37.5,547,0.025328214039915732,NA,NA,NA
-69.5,-37.5,548,0.02663452208234857,NA,NA,0.005858693124947313
-68.5,-37.5,549,0.030577627972959882,NA,NA,0.013619365259580605
-67.5,-37.5,550,0.028863493400547217,NA,NA,0.015342922530765322
-66.5,-37.5,551,0.02972037130834976,NA,NA,0.01794272076559789
-65.5,-37.5,552,0.02792432990530163,NA,NA,0.01831713068938262
-64.5,-37.5,553,0.022979863257562586,NA,NA,0.009358326984797452
-63.5,-37.5,554,0.016128064200798806,NA,NA,0.008695865898462846
-62.5,-37.5,555,0.020045677236467628,NA,NA,0.008763207951974696
-61.5,-37.5,556,0.016415662129043686,NA,NA,0.009235927140035252
-60.5,-37.5,557,0.023051525039265493,NA,NA,0.008686536518479388
-29.5,-37.5,578,0.006790785207306989,0.002196801938624675,0.0013663572047515565,0.0038670249209302025
-28.5,-37.5,579,0.005800694180031863,0.0023457991659367266,0.0018513980599225476,0.0038652441456586495
-27.5,-37.5,580,0.00678382668469806,0.002273982455654521,0.0017388632432471446,0.0037859337223862476
-26.5,-37.5,581,0.006954778866749849,0.0023751774597913747,0.0017428352717466376,0.00338996458355506
-25.5,-37.5,582,0.005686954771468654,0.002062841208543233,0.001611116932294464,0.003238930724740615
-24.5,-37.5,583,0.0058351555153908895,0.0021283368510165487,0.0019040719722274483,0.0036829714967750293
-23.5,-37.5,584,0.007075192501836395,0.002062449271071176,0.0017716425908576158,0.0036761614616129196
-22.5,-37.5,585,0.005197153205332302,0.0016215028486195342,0.0013510824316255137,0.002569279044155813
-21.5,-37.5,586,0.005460496111595254,0.0015935566346740007,0.0013358913351763934,0.002879832310723221
-20.5,-37.5,587,0.006499187327723941,0.0014892626687129198,0.0013710679293720872,0.002738118145303908
80.5,-37.5,687,0.012195129406710834,NA,NA,0.010611136682934988
81.5,-37.5,688,0.01278862003067847,NA,NA,0.009279258396916104
82.5,-37.5,689,0.010043604421300957,NA,NA,0.007120483862424867
83.5,-37.5,690,0.010058162586163419,NA,NA,0.006887699162557643
84.5,-37.5,691,0.010074301315898725,NA,NA,0.006652471476521825
85.5,-37.5,692,0.01020507763937036,NA,NA,0.005738576311412107
86.5,-37.5,693,0.011057692429677092,NA,NA,0.005738576311412107
87.5,-37.5,694,0.01105642616389756,NA,NA,0.005788455077776454
88.5,-37.5,695,0.011854896054443023,NA,NA,0.006291043759750611
89.5,-37.5,696,0.011611548313238835,NA,NA,0.006119309693923038
-99.5,-36.5,753,0.026658625396504213,NA,NA,0.009199085188747473
-98.5,-36.5,754,0.026503730550919584,NA,NA,0.008735980544972538
-97.5,-36.5,755,0.027719847119474058,NA,NA,0.00884268938882387
-96.5,-36.5,756,0.027346399450553265,NA,NA,0.008430825541635514
-95.5,-36.5,757,0.032678965752599105,NA,NA,0.008426013438912418
-94.5,-36.5,758,0.03205340246494631,NA,NA,0.008039197203368676
-93.5,-36.5,759,0.018812488432400944,NA,NA,0.005067262769953122
-92.5,-36.5,760,0.016007555086868065,NA,NA,0.0046244706243514355
-91.5,-36.5,761,0.014854918366154827,NA,NA,0.004472532099054383
-90.5,-36.5,762,0.016386837294380334,NA,NA,0.004607226370844817
-79.5,-36.5,773,0.02836020190965022,NA,NA,NA
-78.5,-36.5,774,0.02742771017577444,NA,NA,NA
-77.5,-36.5,775,0.01901972474525386,NA,NA,NA
-76.5,-36.5,776,0.016671930234393315,NA,NA,NA
-75.5,-36.5,777,0.008807934718244866,NA,NA,NA
-74.5,-36.5,778,0.006964595716722751,NA,NA,NA
-73.5,-36.5,779,0.014552499957747938,NA,NA,NA
-72.5,-36.5,780,0.02315259134436617,NA,NA,NA
-71.5,-36.5,781,0.014916654656444029,NA,NA,NA
-70.5,-36.5,782,0.013200232112393922,NA,NA,NA
-69.5,-36.5,783,0.010891824613246783,NA,NA,0.006196399706075492
-68.5,-36.5,784,0.02203301026371052,NA,NA,0.006432070954507594
-67.5,-36.5,785,0.010497449077799752,NA,NA,0.006925886495450121
-66.5,-36.5,786,0.012423262246424998,NA,NA,0.006716112393192928
-65.5,-36.5,787,0.011951926434078258,NA,NA,0.0064467202262865125
-64.5,-36.5,788,0.015358619354845107,NA,NA,0.0065229723071407834
-63.5,-36.5,789,0.01660876314951661,NA,NA,0.007180401141133051
-62.5,-36.5,790,0.01700888392837867,NA,NA,0.006706993213032448
-61.5,-36.5,791,0.01589830805198115,NA,NA,0.0073676529500957275
-60.5,-36.5,792,0.013273338423897597,NA,NA,0.008113480158924694
-29.5,-36.5,813,0.009428423073210339,0.002144029007086291,0.001213148606514042,0.006676935365672678
-28.5,-36.5,814,0.008153255886685213,0.0032235572736278788,0.0017417173911270774,0.005841382877615679
-27.5,-36.5,815,0.007371624508862209,0.0020486287182344656,0.001631051717358738,0.005504096723639356
-26.5,-36.5,816,0.008453967729980954,0.002335988776618289,0.001632762236192203,0.005247686707039367
-25.5,-36.5,817,0.006188723789545149,0.0022138269656984994,0.0015781671606756387,0.003987233642674271
-24.5,-36.5,818,0.006577231810903837,0.002297175385940733,0.0015799039287773056,0.0039387703112491535
-23.5,-36.5,819,0.006310172386670398,0.002002243230011351,0.0018571367444500339,0.003789445841598906
-22.5,-36.5,820,0.006621313692932046,0.0020868686703687973,0.001814691349105687,0.005096025126874845
-21.5,-36.5,821,0.007162716415536448,0.0021167932615784326,0.0017838653333857519,0.004619786775905309
-20.5,-36.5,822,0.0074862631933397756,0.002089042292604361,0.0017929841654465925,0.004638229283125239
80.5,-36.5,922,0.011374921184101366,NA,NA,0.009600881409042712
81.5,-36.5,923,0.013017568283466808,NA,NA,0.009267282025332607
82.5,-36.5,924,0.010571433914429895,NA,NA,0.007112076118391217
83.5,-36.5,925,0.010536894171574784,NA,NA,0.007221885628295939
84.5,-36.5,926,0.011303220329234866,NA,NA,0.006982936485883149
85.5,-36.5,927,0.01152224010434046,NA,NA,0.0063883102303728114
86.5,-36.5,928,0.01152224010434046,NA,NA,0.0071866339823999925
87.5,-36.5,929,0.01145771462369034,NA,NA,0.007085702270868293
88.5,-36.5,930,0.01068577148586214,NA,NA,0.007129793409403017
89.5,-36.5,931,0.01148606258770588,NA,NA,0.006592503147002661
-99.5,-35.5,989,0.023501930025260423,NA,NA,0.009341926596416512
-98.5,-35.5,990,0.022058106370470485,NA,NA,0.008768222560905795
-97.5,-35.5,991,0.025915006093104445,NA,NA,0.011109660210486413
-96.5,-35.5,992,0.025707812594800945,NA,NA,0.012181506414841553
-95.5,-35.5,993,0.026418440514284627,NA,NA,0.014234744650547523
-94.5,-35.5,994,0.02270862547162123,NA,NA,0.01106425270812108
-93.5,-35.5,995,0.013493002394000215,NA,NA,0.007126195586548672
-92.5,-35.5,996,0.01273999742612577,NA,NA,0.005550914758605361
-91.5,-35.5,997,0.012408082660596556,NA,NA,0.005550914758605361
-90.5,-35.5,998,0.011233455856502308,NA,NA,0.006018727538905028
-79.5,-35.5,1009,0.018931409367696942,NA,NA,NA
-78.5,-35.5,1010,0.010145443818946148,NA,NA,NA
-77.5,-35.5,1011,0.008511818612728227,NA,NA,NA
-76.5,-35.5,1012,0.007390438072693607,NA,NA,NA
-75.5,-35.5,1013,0.008880129363607816,NA,NA,NA
-74.5,-35.5,1014,0.014725013597424093,NA,NA,NA
-73.5,-35.5,1015,0.013021170918643373,NA,NA,NA
-72.5,-35.5,1016,0.014789231363054683,NA,NA,NA
-71.5,-35.5,1017,0.006916506040719344,NA,NA,NA
-70.5,-35.5,1018,0.00525373710016546,NA,NA,NA
-69.5,-35.5,1019,0.006815629725150988,NA,NA,0.0026811205942969796
-68.5,-35.5,1020,0.01358908673425458,NA,NA,0.004809215182671921
-67.5,-35.5,1021,0.020010889177053102,NA,NA,0.00526279567375597
-66.5,-35.5,1022,0.017096960486199547,NA,NA,0.006171921311878045
-65.5,-35.5,1023,0.010082396204857099,NA,NA,0.00660604293290469
-64.5,-35.5,1024,0.019670934594591127,NA,NA,0.006060314200506976
-63.5,-35.5,1025,0.025088817405223056,NA,NA,0.006944859839201011
-62.5,-35.5,1026,0.037474440730320455,NA,NA,0.006240619765849656
-61.5,-35.5,1027,0.04706511223304307,NA,NA,0.007335803616390792
-60.5,-35.5,1028,0.02297182371224554,NA,NA,0.008795977789727249
-29.5,-35.5,1045,0.0029257710142017016,3.8008895900597673e-4,7.683480669843746e-4,0.00222557832653176
-28.5,-35.5,1046,0.012714363311817436,0.004637880490573373,0.0024193445585714594,0.006283557023290257
-27.5,-35.5,1047,0.005791677279985052,0.002184615322848153,0.0018605784216405754,0.005114506329098117
-26.5,-35.5,1048,0.00593139903753853,0.002081697826997106,0.001668425684664195,0.005344348103012222
-25.5,-35.5,1049,0.009125347517908488,0.0022784494023420044,0.002115984363767198,0.004484212214605342
-24.5,-35.5,1050,0.007760520550463247,0.002314893311468601,0.0022302979000095786,0.004746863424199278
-23.5,-35.5,1051,0.007319617689292627,0.002204464019518858,0.0020942656128039956,0.005002651932860185
-22.5,-35.5,1052,0.00584780710692528,0.001866996163776392,0.001739171737588618,0.005447978343267669
-21.5,-35.5,1053,0.006039896556041804,0.0019453423523159918,0.0018142004631998187,0.005149609430610233
-20.5,-35.5,1054,0.005972959071612654,0.0019707850390075447,0.0017572130921265341,0.005467043678700512
80.5,-35.5,1154,0.013916374884416358,NA,NA,0.009361941244818385
81.5,-35.5,1155,0.014167200637902642,NA,NA,0.009188883550285496
82.5,-35.5,1156,0.01338007391291399,NA,NA,0.006998554303068843
83.5,-35.5,1157,0.014660075530564209,NA,NA,0.0059079005422292856
84.5,-35.5,1158,0.014660075530564209,NA,NA,0.005484430909538107
85.5,-35.5,1159,0.01442255348235907,NA,NA,0.004680213571701838
86.5,-35.5,1160,0.014852046376493547,NA,NA,0.005106911949252827
87.5,-35.5,1161,0.017018309013390506,NA,NA,0.0061604596916189905
88.5,-35.5,1162,0.01709974945543664,NA,NA,0.005782676682102353
89.5,-35.5,1163,0.01893754272921067,NA,NA,0.004632671398652766
-99.5,-34.5,1221,0.018251834902355882,NA,NA,0.009118911127036144
-98.5,-34.5,1222,0.01833244076115753,NA,NA,0.010403534893168438
-97.5,-34.5,1223,0.023853407918586055,NA,NA,0.011047474211700232
-96.5,-34.5,1224,0.014982731688571227,NA,NA,0.011464642020431253
-95.5,-34.5,1225,0.02009273182201179,NA,NA,0.011762445932517651
-94.5,-34.5,1226,0.01724274519519276,NA,NA,0.011582429895209417
-93.5,-34.5,1227,0.009721375989243936,NA,NA,0.0056318435141152114
-92.5,-34.5,1228,0.007588766100166377,NA,NA,0.005820690042673283
-91.5,-34.5,1229,0.008118201595369304,NA,NA,0.007262127027533417
-90.5,-34.5,1230,0.008437199387168927,NA,NA,0.00568230553225134
-79.5,-34.5,1241,0.008731438918685386,NA,NA,NA
-78.5,-34.5,1242,0.010012567069048416,NA,NA,NA
-77.5,-34.5,1243,0.008794622970206587,NA,NA,NA
-76.5,-34.5,1244,0.008422137454098713,NA,NA,NA
-75.5,-34.5,1245,0.006686538466468734,NA,NA,NA
-74.5,-34.5,1246,0.0038189999975258367,NA,NA,NA
-73.5,-34.5,1247,0.004341820336105411,NA,NA,NA
-72.5,-34.5,1248,0.004228502940024246,NA,NA,NA
-71.5,-34.5,1249,0.004257078047168676,NA,NA,NA
-70.5,-34.5,1250,0.004145413598386041,NA,NA,NA
-69.5,-34.5,1251,0.0062671966312317605,NA,NA,0.0031144214363268874
-68.5,-34.5,1252,0.022289119642078598,NA,NA,0.007429996706442758
-67.5,-34.5,1253,0.028343317107916304,NA,NA,0.00858084176798984
-66.5,-34.5,1254,0.025357437844960716,NA,NA,0.0063945165411979504
-65.5,-34.5,1255,0.019832112609352612,NA,NA,0.00376989252309942
-64.5,-34.5,1256,0.01494376247210548,NA,NA,0.005696885730910251
-60.5,-34.5,1257,0.016412093411394872,NA,NA,0.004152876849100096
-28.5,-34.5,1273,0.0054725844803270585,0.0013478323529273308,0.0013754453510260879,0.0028207670419962754
-27.5,-34.5,1274,0.00528029524881409,0.0023360759453780653,0.002053711316127092,0.005017215441925466
-26.5,-34.5,1275,0.004874387080779395,0.002067347770423548,0.0018067471217138849,0.004362910448196919
-25.5,-34.5,1276,0.004315999582831618,0.0017461111566325449,0.0020406780390527404,0.004247553444645861
-24.5,-34.5,1277,0.004414377893307089,0.0024092294454611794,0.002038030792361842,0.0044790710806826214
-23.5,-34.5,1278,0.005991127067595236,0.002189253336562603,0.001982173700711392,0.004451693979053296
-22.5,-34.5,1279,0.0073089369511443476,0.001967487885675733,0.001894236478696646,0.004475544821532604
-21.5,-34.5,1280,0.006440886193714369,0.001955418869260421,0.001741286754635646,0.00429786618149918
-20.5,-34.5,1281,0.00784279672857177,0.0019500244597827282,0.0017889391010630733,0.004315367237094942
80.5,-34.5,1382,0.03693186696604289,NA,NA,0.01161311701228555
81.5,-34.5,1383,0.0345515433064826,NA,NA,0.008307119850651275
82.5,-34.5,1384,0.02620976048087301,NA,NA,0.006528254988247131
83.5,-34.5,1385,0.026183335510962327,NA,NA,0.006001445541857492
84.5,-34.5,1386,0.026289059446494095,NA,NA,0.003777241167271854
85.5,-34.5,1387,0.025929796733932604,NA,NA,0.0038755034375332034
86.5,-34.5,1388,0.02467586900768474,NA,NA,0.0040877242423688915
87.5,-34.5,1389,0.026251053674468127,NA,NA,0.004265171252953312
88.5,-34.5,1390,0.023098231208315195,NA,NA,0.0037127089516417948
89.5,-34.5,1391,0.02403063808581398,NA,NA,0.0037908985459466082
-99.5,-33.5,1450,0.007684120098658931,NA,NA,0.004374517003567412
-98.5,-33.5,1451,0.007551281208453109,NA,NA,0.004374517003567412
-97.5,-33.5,1452,0.00821051148964498,NA,NA,0.004788545013727104
-96.5,-33.5,1453,0.009147329579471971,NA,NA,0.006334544040846986
-95.5,-33.5,1454,0.006490910198836386,NA,NA,0.005068000998087612
-94.5,-33.5,1455,0.005381582320140017,NA,NA,0.0036939708289395
-93.5,-33.5,1456,0.004840446399130819,NA,NA,0.003321687681778352
-92.5,-33.5,1457,0.004622589329582913,NA,NA,0.003044872088826062
-91.5,-33.5,1458,0.004661275750832027,NA,NA,0.0027279646351065986
-90.5,-33.5,1459,0.005154029498627543,NA,NA,0.003271310134434457
-79.5,-33.5,1470,0.010248970679253093,NA,NA,NA
-78.5,-33.5,1471,0.009461054732821031,NA,NA,NA
-77.5,-33.5,1472,0.007936614613134763,NA,NA,NA
-76.5,-33.5,1473,0.005959801844041954,NA,NA,NA
-75.5,-33.5,1474,0.0032966536144580835,NA,NA,NA
-74.5,-33.5,1475,0.0032437216250245956,NA,NA,NA
-73.5,-33.5,1476,0.0030779285549890566,NA,NA,NA
-72.5,-33.5,1477,0.00312146646816105,NA,NA,NA
-71.5,-33.5,1478,0.004556354196534209,NA,NA,NA
-70.5,-33.5,1479,0.003257392249453225,NA,NA,NA
-69.5,-33.5,1480,0.007211499664373384,NA,NA,0.0031945785364245294
-68.5,-33.5,1481,0.019617835438303064,NA,NA,0.004675025785833174
-67.5,-33.5,1482,0.010885705230783815,NA,NA,0.0057639418180679474
-66.5,-33.5,1483,0.023315312550521237,NA,NA,0.006766678819627347
-65.5,-33.5,1484,0.020167399264868546,NA,NA,0.0038506522448553938
-28.5,-33.5,1496,0.0018362595178053863,6.22026505518494e-4,2.660638785368068e-4,0.0014807805381099465
-27.5,-33.5,1497,0.0036090503321655706,0.0011734447619891274,0.0012841334131462503,0.005057220075829318
-26.5,-33.5,1498,0.005478651890593916,0.001978420502687167,0.002089115073665573,0.004419275196991395
-25.5,-33.5,1499,0.005087676931163983,0.0018904876853520038,0.0017631050455338352,0.003019534119340564
-24.5,-33.5,1500,0.004512058698790359,0.0018773198712796963,0.001836738689332084,0.0035717231109224797
-23.5,-33.5,1501,0.004248881648484308,0.001958527290234619,0.0017522983447264247,0.0038344936862843917
-22.5,-33.5,1502,0.0042940430024375875,0.0018483451780213884,0.001739373767798572,0.004010545916672008
-21.5,-33.5,1503,0.003357143718314534,0.002673546006137397,0.0017437793756346156,0.004497520358284194
-20.5,-33.5,1504,0.0042301675288041775,0.0019034930268450692,0.0016198375149656646,0.0038092391852218616
80.5,-33.5,1605,0.05457476305088151,NA,NA,0.008973775541405106
81.5,-33.5,1606,0.05106067161445878,NA,NA,0.008259147152605482
82.5,-33.5,1607,0.028255531248242427,NA,NA,0.004773941888509574
83.5,-33.5,1608,0.031868437659331394,NA,NA,0.004109608471723874
84.5,-33.5,1609,0.029560576841968354,NA,NA,0.0038256996541105558
85.5,-33.5,1610,0.027193461499907357,NA,NA,0.004529415611985982
86.5,-33.5,1611,0.023269382428217376,NA,NA,0.00399891727601231
87.5,-33.5,1612,0.025384184408995966,NA,NA,0.004321920469871474
88.5,-33.5,1613,0.029847548084795145,NA,NA,0.005281717991708719
89.5,-33.5,1614,0.027861172814055313,NA,NA,0.00438785744866614
-99.5,-32.5,1673,0.005233260522424074,NA,NA,0.0028073299132521145
-98.5,-32.5,1674,0.0054930249254777465,NA,NA,0.003062435275693412
-97.5,-32.5,1675,0.007933797959459669,NA,NA,0.004253931745077368
-96.5,-32.5,1676,0.004441030703620556,NA,NA,0.0027749488421223234
-95.5,-32.5,1677,0.0037712896961338395,NA,NA,0.0023368818562838037
-94.5,-32.5,1678,0.0041458926379905935,NA,NA,0.0023740537394734426
-93.5,-32.5,1679,0.003814337340408528,NA,NA,0.0021970239363901314
-92.5,-32.5,1680,0.005064727321000691,NA,NA,0.0023310816911685504
-91.5,-32.5,1681,0.004816296938771399,NA,NA,0.00219063276367708
-90.5,-32.5,1682,0.005556500312623497,NA,NA,0.0018872499293524669
-79.5,-32.5,1693,0.008144414323797294,NA,NA,NA
-78.5,-32.5,1694,0.006382915325241208,NA,NA,NA
-77.5,-32.5,1695,0.003232510511429353,NA,NA,NA
-76.5,-32.5,1696,0.0032384191130696302,NA,NA,NA
-75.5,-32.5,1697,0.0029991294246156904,NA,NA,NA
-74.5,-32.5,1698,0.003093978501295757,NA,NA,NA
-73.5,-32.5,1699,0.0033345865419127574,NA,NA,NA
-72.5,-32.5,1700,0.0026788684611390467,NA,NA,NA
-71.5,-32.5,1701,0.00321792344187501,NA,NA,NA
-70.5,-32.5,1702,0.0036576737169729916,NA,NA,NA
-69.5,-32.5,1703,0.007272946740542713,NA,NA,0.0036388349785736445
-68.5,-32.5,1704,0.021188614480757456,NA,NA,0.0035601128399895465
-67.5,-32.5,1705,0.0068978988537148804,NA,NA,0.0052901770673428345
-66.5,-32.5,1706,0.009136527288140165,NA,NA,0.005120108875373313
-65.5,-32.5,1707,0.026543669823598813,NA,NA,0.007063362143354607
-27.5,-32.5,1716,0.002263567701650573,9.759672521509327e-4,4.2793684854770396e-4,0.0018894414354136094
-26.5,-32.5,1717,0.009543771888651253,0.002349907553148175,0.001915211102596071,0.005494228093969608
-25.5,-32.5,1718,0.004882832872406737,0.0019775011662359065,0.0019671628381220034,0.003026596626968923
-24.5,-32.5,1719,0.005229034205161508,0.0022116998890000144,0.0018422183743872843,0.0028939327361067234
-23.5,-32.5,1720,0.006614941148157823,0.0019197090068872593,0.0015677021757340157,0.0029513984540851684
-22.5,-32.5,1721,0.004547080220569323,0.0017334206434924406,0.0013572362446138246,0.0034242534000987128
-21.5,-32.5,1722,0.006180589299546929,0.002344138596736939,0.00207671729839552,0.003763823243537406
-20.5,-32.5,1723,0.0041792370230409335,0.0020681024584666232,0.0018984513610666746,0.003942926972209204
80.5,-32.5,1824,0.05370167954537987,NA,NA,0.004981407556490546
81.5,-32.5,1825,0.038806464228253915,NA,NA,0.005347243332528624
82.5,-32.5,1826,0.0462857809489873,NA,NA,0.006181784169641224
83.5,-32.5,1827,0.03381238511240885,NA,NA,0.004592040311923048
84.5,-32.5,1828,0.025265365498521763,NA,NA,0.004419764319718391
85.5,-32.5,1829,0.024978642710427663,NA,NA,0.006585163428211016
86.5,-32.5,1830,0.025100377660217898,NA,NA,0.0037944462764871937
87.5,-32.5,1831,0.02569776219578888,NA,NA,0.004037738987142749
88.5,-32.5,1832,0.02861626941918862,NA,NA,0.004465741865033846
89.5,-32.5,1833,0.026063962553480643,NA,NA,0.004400773093863227
-99.5,-31.5,1893,0.0062632429667529455,NA,NA,0.0019257491957775721
-98.5,-31.5,1894,0.006366210237601339,NA,NA,0.0019987771207746778
-97.5,-31.5,1895,0.006939589427187288,NA,NA,0.0026243143406428685
-96.5,-31.5,1896,0.006770217904054915,NA,NA,0.0021414745984782574
-95.5,-31.5,1897,0.006279630515471402,NA,NA,0.0021836076039812658
-94.5,-31.5,1898,0.006336412743026987,NA,NA,0.0019778052888218905
-93.5,-31.5,1899,0.005641738943424686,NA,NA,0.0019308719798301127
-92.5,-31.5,1900,0.005469686065182778,NA,NA,0.002304509237725032
-91.5,-31.5,1901,0.006632584902444269,NA,NA,0.002367672674883281
-90.5,-31.5,1902,0.004444131107271935,NA,NA,0.0021917090976717973
-79.5,-31.5,1913,0.003703432575538728,NA,NA,NA
-78.5,-31.5,1914,0.0024497657435089753,NA,NA,NA
-77.5,-31.5,1915,0.002930506056235367,NA,NA,NA
-76.5,-31.5,1916,0.0029412302161683046,NA,NA,NA
-75.5,-31.5,1917,0.003089024896599657,NA,NA,NA
-74.5,-31.5,1918,0.0026499063119612624,NA,NA,NA
-73.5,-31.5,1919,0.0031548375712251602,NA,NA,NA
-72.5,-31.5,1920,0.0036040673981627435,NA,NA,NA
-71.5,-31.5,1921,0.003873081581342352,NA,NA,NA
-70.5,-31.5,1922,0.007157358973653236,NA,NA,NA
-69.5,-31.5,1923,0.009664672760230747,NA,NA,0.0034906188640698847
-68.5,-31.5,1924,0.010949312890514082,NA,NA,0.0039235218938904835
-67.5,-31.5,1925,0.0069448672529604395,NA,NA,0.005397013134408546
-66.5,-31.5,1926,0.007438364845369089,NA,NA,0.006862969378862266
-65.5,-31.5,1927,0.012850770298328023,NA,NA,0.010221459072482779
-26.5,-31.5,1928,0.011820500274377699,0.0014965766486037813,0.0015466693220035576,0.0037777704013822622
-25.5,-31.5,1929,0.005447258564243448,0.002047381789329533,0.002059391267411481,0.003612974189509407
-24.5,-31.5,1930,0.006464442944289161,0.001934222455344722,0.002010562356995252,0.0030476901735753304
-23.5,-31.5,1931,0.006267573947899587,0.0019474118039724637,0.001968203149183145,0.0030474709978619077
-22.5,-31.5,1932,0.004623919936116509,0.002182233869935683,0.0016858623768478164,0.0032880541547020154
-21.5,-31.5,1933,0.005636860189118309,0.0025561973108346845,0.0027434000972045964,0.00643202195357867
-20.5,-31.5,1934,0.004462339582079278,0.002158197025231802,0.0021534845255795215,0.003988029704293982
80.5,-31.5,2035,0.01877324312059854,NA,NA,0.0053545785919154095
81.5,-31.5,2036,0.01648820693698592,NA,NA,0.0050319148391728226
82.5,-31.5,2037,0.012886543338150909,NA,NA,0.0043330184924655615
83.5,-31.5,2038,0.01639533218106515,NA,NA,0.004518802602915778
84.5,-31.5,2039,0.01819840115819964,NA,NA,0.004113315603611257
85.5,-31.5,2040,0.02114905148281232,NA,NA,0.004048804888978151
86.5,-31.5,2041,0.02303425250692136,NA,NA,0.004937820164263971
87.5,-31.5,2042,0.020141844377847027,NA,NA,0.004204008847334822
88.5,-31.5,2043,0.02297069075936365,NA,NA,0.004151749641025972
89.5,-31.5,2044,0.02355681696165405,NA,NA,0.004206976283398154
-99.5,-30.5,2103,0.006260353454858549,NA,NA,0.0027850764430380473
-98.5,-30.5,2104,0.006220167678299877,NA,NA,0.003134537757877178
-97.5,-30.5,2105,0.007035727158459966,NA,NA,0.0030491318860209927
-96.5,-30.5,2106,0.006182228786682217,NA,NA,0.002714444092211364
-95.5,-30.5,2107,0.00559364210468999,NA,NA,0.0026170973489238296
-94.5,-30.5,2108,0.005101623750817574,NA,NA,0.0020186473975178035
-93.5,-30.5,2109,0.005219130770557232,NA,NA,0.0017755797502730327
-92.5,-30.5,2110,0.005549181968740221,NA,NA,0.0018262278430955007
-91.5,-30.5,2111,0.0035310767665519406,NA,NA,0.0017731524229970584
-90.5,-30.5,2112,0.004125184760551244,NA,NA,0.0019142922096692253
-79.5,-30.5,2123,0.002497816741996151,NA,NA,NA
-78.5,-30.5,2124,0.0029633012113387787,NA,NA,NA
-77.5,-30.5,2125,0.0027584811430233186,NA,NA,NA
-76.5,-30.5,2126,0.0026523590391901355,NA,NA,NA
-75.5,-30.5,2127,0.0025895499115343983,NA,NA,NA
-74.5,-30.5,2128,0.0023103350813730985,NA,NA,NA
-73.5,-30.5,2129,0.0033693061381648848,NA,NA,NA
-72.5,-30.5,2130,0.00550068446747079,NA,NA,NA
-71.5,-30.5,2131,0.00734247231216052,NA,NA,NA
-70.5,-30.5,2132,0.008223062173547185,NA,NA,NA
-69.5,-30.5,2133,0.002813391543293185,NA,NA,0.00479291739266883
-68.5,-30.5,2134,0.004964999767671006,NA,NA,0.005863743700542718
-67.5,-30.5,2135,0.006026974618429262,NA,NA,0.005372259913464862
-66.5,-30.5,2136,0.008575331344282637,NA,NA,0.005689892838713541
-65.5,-30.5,2137,0.014685160941332874,NA,NA,0.011089984679388112
-26.5,-30.5,2138,0.01911181403411798,0.0019295943238410082,8.943153343257692e-4,0.004258959964263991
-25.5,-30.5,2139,0.00701658938276868,0.002060754239516979,0.00204901573502124,0.004185983602129611
-24.5,-30.5,2140,0.00530128782277193,0.001997715280765825,0.0019000691609432842,0.0030474428859654525
-23.5,-30.5,2141,0.005486915372745482,0.0021004811731052835,0.002110825731562392,0.003446340525077756
-22.5,-30.5,2142,0.004775744768858509,0.001849823993729669,0.0021445915675211004,0.0034916373132118685
-21.5,-30.5,2143,0.005291646898307279,0.0020649041412427586,0.0017833786144853814,0.0032415091723257926
-20.5,-30.5,2144,0.005651533548327438,0.002446870018058502,0.0023239809104397356,0.003275524024604469
80.5,-30.5,2245,0.011403253784100665,NA,NA,0.00669590992707138
81.5,-30.5,2246,0.008034528351807898,NA,NA,0.004558346729549963
82.5,-30.5,2247,0.00664947329004333,NA,NA,0.004382648485590089
83.5,-30.5,2248,0.00640227954585485,NA,NA,0.0038814324356192423
84.5,-30.5,2249,0.0073620423797409,NA,NA,0.004273133909332014
85.5,-30.5,2250,0.009489421064391858,NA,NA,0.0038085249229904625
86.5,-30.5,2251,0.01078509394949462,NA,NA,0.003943081527638123
87.5,-30.5,2252,0.013183980303232269,NA,NA,0.0040433344914382295
88.5,-30.5,2253,0.013714020611215117,NA,NA,0.004190071188513068
89.5,-30.5,2254,0.020098317635707488,NA,NA,0.004290029320465934
-119.5,-29.5,2293,0.004214991282504823,NA,NA,NA
-118.5,-29.5,2294,0.003921050972274635,NA,NA,NA
-117.5,-29.5,2295,0.003826775482871146,NA,NA,NA
-116.5,-29.5,2296,0.007491803578097442,NA,NA,NA
-115.5,-29.5,2297,0.017676807034635263,NA,NA,NA
-114.5,-29.5,2298,0.022766203324290857,NA,NA,NA
-113.5,-29.5,2299,0.025435884848724482,NA,NA,NA
-112.5,-29.5,2300,0.020760603177845022,NA,NA,NA
-111.5,-29.5,2301,0.01712458302362348,NA,NA,NA
-110.5,-29.5,2302,0.020361756363868902,NA,NA,NA
-89.5,-29.5,2323,0.004791310981311513,NA,NA,0.0023225989436785857
-88.5,-29.5,2324,0.004934285215283892,NA,NA,0.0026878280792533445
-87.5,-29.5,2325,0.003927075659300058,NA,NA,0.002812457294039715
-86.5,-29.5,2326,0.004503563793473701,NA,NA,0.002867802604816597
-85.5,-29.5,2327,0.004019801995346876,NA,NA,0.002931598782405918
-84.5,-29.5,2328,0.0035200177018220335,NA,NA,0.0026138857175320588
-83.5,-29.5,2329,0.003443273353956233,NA,NA,0.002250469083317655
-82.5,-29.5,2330,0.0034178500663702253,NA,NA,0.003191227233951158
-81.5,-29.5,2331,0.0046569782382025315,NA,NA,0.0038817891311598643
-80.5,-29.5,2332,0.0032523182460223593,NA,NA,0.0034257812803543774
-79.5,-29.5,2333,0.0023929525801531554,NA,NA,0.003812793258988135
-78.5,-29.5,2334,0.0028973731804494344,NA,NA,0.003577373363633192
-77.5,-29.5,2335,0.0026185958947681463,NA,NA,0.003732128855397889
-76.5,-29.5,2336,0.002381402621031643,NA,NA,0.0033710407857520668
-75.5,-29.5,2337,0.0025127800644494497,NA,NA,0.0038683071589425437
-74.5,-29.5,2338,0.004397006461465586,NA,NA,0.0036751526410836767
-73.5,-29.5,2339,0.0050070158505496915,NA,NA,0.0036089535779171484
-72.5,-29.5,2340,0.00981135391597084,NA,NA,0.0038601366120534623
-71.5,-29.5,2341,0.0046176645331657525,NA,NA,0.004722154160928455
-70.5,-29.5,2342,0.0033904668897014405,NA,NA,0.004677465272239301
-69.5,-29.5,2343,0.003400042486435671,NA,0.001973362491335811,0.007448177782036089
-68.5,-29.5,2344,0.0059047884480849565,NA,0.004302883131508956,0.0056499017835724185
-67.5,-29.5,2345,0.008120096977473566,NA,0.004931407959518774,0.006911144327882184
-66.5,-29.5,2346,0.021688951726266996,NA,0.009235836978255266,0.013739530769433189
-65.5,-29.5,2347,0.027825410233574554,NA,0.0030189827984448132,0.01181476921464292
-26.5,-29.5,2348,0.0033432638031156356,NA,3.10634213644143e-4,0.0020778981664785067
-25.5,-29.5,2349,0.007947136351836878,NA,0.001851537487397242,0.008533745507917972
-24.5,-29.5,2350,0.005801932625603519,NA,0.0018738309571138254,0.003188541559536574
-23.5,-29.5,2351,0.005545376166802105,NA,0.001617425607805124,0.0036552944987501552
-22.5,-29.5,2352,0.0050257307974905996,NA,0.0018674891062385366,0.003565096417619724
-21.5,-29.5,2353,0.006294617145612121,NA,0.002325894210028368,0.0034995132051260694
-20.5,-29.5,2354,0.008238666042634629,NA,0.001989697598479232,0.0037343501170043663
70.5,-29.5,2445,0.01280478620646808,NA,NA,NA
71.5,-29.5,2446,0.012504242664775058,NA,NA,NA
72.5,-29.5,2447,0.01807339041485402,NA,NA,NA
73.5,-29.5,2448,0.018255780472342168,NA,NA,NA
74.5,-29.5,2449,0.018490439174353394,NA,NA,NA
75.5,-29.5,2450,0.018702545909674462,NA,NA,NA
76.5,-29.5,2451,0.017484727480694413,NA,NA,NA
77.5,-29.5,2452,0.013760495601382712,NA,NA,NA
78.5,-29.5,2453,0.013522159395939926,NA,NA,NA
79.5,-29.5,2454,0.010897730824527278,NA,NA,NA
-119.5,-28.5,2504,0.0037807241466155557,NA,NA,NA
-118.5,-28.5,2505,0.0036163299945343617,NA,NA,NA
-117.5,-28.5,2506,0.0036022437200702467,NA,NA,NA
-116.5,-28.5,2507,0.0037081471183043188,NA,NA,NA
-115.5,-28.5,2508,0.0036730489866401554,NA,NA,NA
-114.5,-28.5,2509,0.0037996386420976816,NA,NA,NA
-113.5,-28.5,2510,0.0035939031537278307,NA,NA,NA
-112.5,-28.5,2511,0.0033981231967300405,NA,NA,NA
-111.5,-28.5,2512,0.0035539602284328613,NA,NA,NA
-110.5,-28.5,2513,0.0033999806633243047,NA,NA,NA
-89.5,-28.5,2534,0.005971519895706143,NA,NA,0.003462528770748968
-88.5,-28.5,2535,0.005971519895706143,NA,NA,0.003966774099333277
-87.5,-28.5,2536,0.004774546834304198,NA,NA,0.003958425732718066
-86.5,-28.5,2537,0.004301177197864292,NA,NA,0.00352786850356585
-85.5,-28.5,2538,0.004143090237344873,NA,NA,0.004358364898907529
-84.5,-28.5,2539,0.0034999363692740254,NA,NA,0.003851786462571065
-83.5,-28.5,2540,0.0037743526596048533,NA,NA,0.004848623420670678
-82.5,-28.5,2541,0.004324238320055296,NA,NA,0.004238453006242211
-81.5,-28.5,2542,0.006263877490782099,NA,NA,0.004154412506668348
-80.5,-28.5,2543,0.0033171429299401795,NA,NA,0.004436201959363151
-79.5,-28.5,2544,0.0024780145166734286,NA,NA,0.006049304063341451
-78.5,-28.5,2545,0.002285770772977875,NA,NA,0.004865322824930539
-77.5,-28.5,2546,0.002843377148875307,NA,NA,0.0031394515528258378
-76.5,-28.5,2547,0.0032705884002522394,NA,NA,0.0025542190917431
-75.5,-28.5,2548,0.004519993597838859,NA,NA,0.0024547736999219827
-74.5,-28.5,2549,0.006119103935646608,NA,NA,0.0030382051702573416
-73.5,-28.5,2550,0.005314218970101884,NA,NA,0.004178067627275368
-72.5,-28.5,2551,0.0034748692289973907,NA,NA,0.0052586913839374185
-71.5,-28.5,2552,0.003278007618990299,NA,NA,0.004899464127217998
-70.5,-28.5,2553,0.0028563437830772015,NA,NA,0.006850529821952936
-69.5,-28.5,2554,0.0029799534406085132,NA,0.0027570534907912603,0.003253728398470091
-68.5,-28.5,2555,0.006371539068013301,NA,0.00406733820297843,0.006321359028781534
-67.5,-28.5,2556,0.010338603046883749,NA,0.005681898544836875,0.007390372915118092
-66.5,-28.5,2557,0.014262481122904815,NA,0.0027891353391383163,0.006915798944189511
-65.5,-28.5,2558,0.018724160658402857,NA,0.0017145947694308485,0.004307984687868921
-25.5,-28.5,2559,0.009340042547812472,NA,0.0018306388668516093,0.010970663048156927
-24.5,-28.5,2560,0.008225497242150829,NA,0.0018801769546423672,0.004084261077938671
-23.5,-28.5,2561,0.008301427010121565,NA,0.001983064480847295,0.004326832309616175
-22.5,-28.5,2562,0.009415452339313228,NA,0.001819735536751827,0.004077326969033327
-21.5,-28.5,2563,0.010628824601478409,NA,0.0014468338774397686,0.0038800202749833903
-20.5,-28.5,2564,0.011858166033962893,NA,0.0014173317935276255,0.0038032355067944184
70.5,-28.5,2655,0.015253359290326474,NA,NA,NA
71.5,-28.5,2656,0.015044110915403261,NA,NA,NA
72.5,-28.5,2657,0.014320112839031677,NA,NA,NA
73.5,-28.5,2658,0.01847217008280832,NA,NA,NA
74.5,-28.5,2659,0.030629179898166797,NA,NA,NA
75.5,-28.5,2660,0.019223718935728676,NA,NA,NA
76.5,-28.5,2661,0.01823467599751879,NA,NA,NA
77.5,-28.5,2662,0.013879364057672957,NA,NA,NA
78.5,-28.5,2663,0.012153421015236155,NA,NA,NA
79.5,-28.5,2664,0.010615307505844227,NA,NA,NA
-119.5,-27.5,2714,0.00351278213870647,NA,NA,NA
-118.5,-27.5,2715,0.0033319926655268678,NA,NA,NA
-117.5,-27.5,2716,0.003311956109613265,NA,NA,NA
-116.5,-27.5,2717,0.003284509333039885,NA,NA,NA
-115.5,-27.5,2718,0.00451035615995302,NA,NA,NA
-114.5,-27.5,2719,0.003284509333039885,NA,NA,NA
-113.5,-27.5,2720,0.0032897397192566367,NA,NA,NA
-112.5,-27.5,2721,0.0033008724999314273,NA,NA,NA
-111.5,-27.5,2722,0.003305436574461758,NA,NA,NA
-110.5,-27.5,2723,0.003285051720848501,NA,NA,NA
-89.5,-27.5,2744,0.005940141136498845,NA,NA,0.007080338925857952
-88.5,-27.5,2745,0.005940743818209181,NA,NA,0.00700256132979028
-87.5,-27.5,2746,0.005647747189060172,NA,NA,0.007224558044127074
-86.5,-27.5,2747,0.004801254516589584,NA,NA,0.006599468499258082
-85.5,-27.5,2748,0.0043458558355854125,NA,NA,0.005719215088960424
-84.5,-27.5,2749,0.004560471636516895,NA,NA,0.0044671441975838245
-83.5,-27.5,2750,0.004451128256471103,NA,NA,0.00505391088079258
-82.5,-27.5,2751,0.005192930465590238,NA,NA,0.005357400904717542
-81.5,-27.5,2752,0.004575379618104016,NA,NA,0.004315405899619398
-80.5,-27.5,2753,0.0044327170552094005,NA,NA,0.005578015973054949
-79.5,-27.5,2754,0.004502490991817614,NA,NA,0.004623263911620105
-78.5,-27.5,2755,0.00448346994219209,NA,NA,0.0035647581335344278
-77.5,-27.5,2756,0.005296520918122418,NA,NA,0.002490660983103292
-76.5,-27.5,2757,0.0057317161511799075,NA,NA,0.002917866862312408
-75.5,-27.5,2758,0.0024754545965029527,NA,NA,0.0033091332632725857
-74.5,-27.5,2759,0.002883541630363272,NA,NA,0.004299683379521538
-73.5,-27.5,2760,0.003062839680370498,NA,NA,0.007230279603116983
-72.5,-27.5,2761,0.0031158294886989312,NA,NA,0.007976448194155007
-71.5,-27.5,2762,0.0033427766302420035,NA,NA,0.005883320469049307
-70.5,-27.5,2763,0.003545073415051142,NA,NA,0.005492048920056733
-69.5,-27.5,2764,0.0035265191163848853,NA,0.0034431051575836997,0.003398378266372963
-68.5,-27.5,2765,0.007317825552454966,NA,0.0053895433104773184,0.008468630379413587
-67.5,-27.5,2766,0.021487400360818067,NA,0.010905549459084824,0.014316437296205582
-66.5,-27.5,2767,0.05791001253463655,NA,0.004608400128763121,0.011371020147906532
-26.5,-27.5,2768,0.0029684909255684776,NA,6.358982905276435e-4,0.0038157787392103454
-25.5,-27.5,2769,0.012193365255192483,NA,0.0016621653764843922,0.006711670240321074
-24.5,-27.5,2770,0.012328130522298367,NA,0.0014687572266654538,0.00761934701822903
-23.5,-27.5,2771,0.014411399688717835,NA,0.001975294089720159,0.009861090537751575
-22.5,-27.5,2772,0.017523726450078395,NA,0.0014276686419771672,0.00762317396293781
-21.5,-27.5,2773,0.012496432562320194,NA,0.0014206259742513853,0.004809808606281134
-20.5,-27.5,2774,0.011325879436347152,NA,0.0014160190143785276,0.003961402095857845
70.5,-27.5,2865,0.019714272363329434,NA,NA,NA
71.5,-27.5,2866,0.017612067326284207,NA,NA,NA
72.5,-27.5,2867,0.01414904134298347,NA,NA,NA
73.5,-27.5,2868,0.01811817045860296,NA,NA,NA
74.5,-27.5,2869,0.020646250943937794,NA,NA,NA
75.5,-27.5,2870,0.01853966923659978,NA,NA,NA
76.5,-27.5,2871,0.016186378026046524,NA,NA,NA
77.5,-27.5,2872,0.013485438823193353,NA,NA,NA
78.5,-27.5,2873,0.012542644370505994,NA,NA,NA
79.5,-27.5,2874,0.012350420263404603,NA,NA,NA
-119.5,-26.5,2924,0.0033765800761779334,NA,NA,NA
-118.5,-26.5,2925,0.0033765800761779334,NA,NA,NA
-117.5,-26.5,2926,0.0033310858358873274,NA,NA,NA
-116.5,-26.5,2927,0.003340689820310819,NA,NA,NA
-115.5,-26.5,2928,0.0032876042136032904,NA,NA,NA
-114.5,-26.5,2929,0.0032564143019481458,NA,NA,NA
-113.5,-26.5,2930,0.0032390255436962616,NA,NA,NA
-112.5,-26.5,2931,0.0032390255436962616,NA,NA,NA
-111.5,-26.5,2932,0.003929279876844413,NA,NA,NA
-110.5,-26.5,2933,0.003342350929098517,NA,NA,NA
-89.5,-26.5,2954,0.014916945866474289,NA,NA,0.004237887911461245
-88.5,-26.5,2955,0.007201614226607368,NA,NA,0.010073532518770325
-87.5,-26.5,2956,0.010948930819391378,NA,NA,0.006129997152275791
-86.5,-26.5,2957,0.004636233058264567,NA,NA,0.006239076632831126
-85.5,-26.5,2958,0.004761039917326874,NA,NA,0.006264903194523692
-84.5,-26.5,2959,0.004357490314559842,NA,NA,0.006625567893954044
-83.5,-26.5,2960,0.0037423400744439686,NA,NA,0.0065925047212499095
-82.5,-26.5,2961,0.002577215885296209,NA,NA,0.006708190776739266
-81.5,-26.5,2962,0.0022846652945353683,NA,NA,0.0062873768598472705
-80.5,-26.5,2963,0.0019798446159858744,NA,NA,0.007939705246088414
-79.5,-26.5,2964,0.0019695375658345562,NA,NA,0.009170635088589011
-78.5,-26.5,2965,0.0019276204137528982,NA,NA,0.006300094483837488
-77.5,-26.5,2966,0.0016604928050224477,NA,NA,0.005386680153463125
-76.5,-26.5,2967,0.0018296891954868142,NA,NA,0.00501346038880249
-75.5,-26.5,2968,0.002062708265763779,NA,NA,0.005836983651710218
-74.5,-26.5,2969,0.002523119558869322,NA,NA,0.00583785705743501
-73.5,-26.5,2970,0.003096710587940872,NA,NA,0.007765896936653101
-72.5,-26.5,2971,0.003464555781743396,NA,NA,0.008482354191059171
-71.5,-26.5,2972,0.003463594408471221,NA,NA,0.007513366098080676
-70.5,-26.5,2973,0.0033716371308955577,NA,NA,0.008203944051796775
-69.5,-26.5,2974,0.004401178165074549,NA,0.0029082771075294926,0.0033003573310590637
-68.5,-26.5,2975,0.013466372521595533,NA,0.0061484937582428996,0.008071221465740018
-67.5,-26.5,2976,0.008535091136994017,NA,0.003539463316923973,0.005678950642032346
-26.5,-26.5,2977,0.007761346425329299,NA,4.750089245806398e-4,0.00746967712461381
-25.5,-26.5,2978,0.024321878661115334,NA,0.0023646257850388095,0.011401783831564493
-24.5,-26.5,2979,0.017710574058019048,NA,0.0014560732402230437,0.02104487712409607
-23.5,-26.5,2980,0.016713986954014073,NA,0.00138528101411978,0.010089596297241397
-22.5,-26.5,2981,0.013720106148912387,NA,0.0014193895008109648,0.00705068123590426
-21.5,-26.5,2982,0.010567975777717387,NA,0.0013387260438071289,0.00894171349155707
-20.5,-26.5,2983,0.009181484501665546,NA,0.0015135195841857608,0.007018441091641771
70.5,-26.5,3074,0.017141234646977848,NA,NA,NA
71.5,-26.5,3075,0.01580848163446242,NA,NA,NA
72.5,-26.5,3076,0.01324390610669669,NA,NA,NA
73.5,-26.5,3077,0.02213206530317128,NA,NA,NA
74.5,-26.5,3078,0.023465209411773994,NA,NA,NA
75.5,-26.5,3079,0.026493175249385104,NA,NA,NA
76.5,-26.5,3080,0.020962542391313874,NA,NA,NA
77.5,-26.5,3081,0.017539603327652656,NA,NA,NA
78.5,-26.5,3082,0.014288559197045953,NA,NA,NA
79.5,-26.5,3083,0.015593776302763228,NA,NA,NA
-119.5,-25.5,3132,0.0035382380528022153,NA,NA,NA
-118.5,-25.5,3133,0.003525459156032651,NA,NA,NA
-117.5,-25.5,3134,0.0033190526095444985,NA,NA,NA
-116.5,-25.5,3135,0.006602867153835722,NA,NA,NA
-115.5,-25.5,3136,0.007593035006388273,NA,NA,NA
-114.5,-25.5,3137,0.003400145302741587,NA,NA,NA
-113.5,-25.5,3138,0.0036223935041649184,NA,NA,NA
-112.5,-25.5,3139,0.004374996340936815,NA,NA,NA
-111.5,-25.5,3140,0.0037150695291767884,NA,NA,NA
-110.5,-25.5,3141,0.003966403111001054,NA,NA,NA
-89.5,-25.5,3162,0.00456337255153972,NA,NA,0.009058665062733293
-88.5,-25.5,3163,0.004178258962728396,NA,NA,0.014025905732558604
-87.5,-25.5,3164,0.003877737604405415,NA,NA,0.012277870612951337
-86.5,-25.5,3165,0.0035651671612069308,NA,NA,0.011539192622861393
-85.5,-25.5,3166,0.002937833636619086,NA,NA,0.011356632015340184
-84.5,-25.5,3167,0.0025000345965427136,NA,NA,0.012842945259872453
-83.5,-25.5,3168,0.0029052592053296763,NA,NA,0.013407931930262667
-82.5,-25.5,3169,0.002827441849666191,NA,NA,0.013039830608141113
-81.5,-25.5,3170,0.0021307586699734317,NA,NA,0.012511067371222921
-80.5,-25.5,3171,0.0018200539916507798,NA,NA,0.016755863360462864
-79.5,-25.5,3172,0.00192343110218125,NA,NA,0.013593578153203691
-78.5,-25.5,3173,0.002059567568884492,NA,NA,0.01017323205891494
-77.5,-25.5,3174,0.002080218627403023,NA,NA,0.010465682408033644
-76.5,-25.5,3175,0.002501669147685643,NA,NA,0.011723954974426238
-75.5,-25.5,3176,0.0022327485875222666,NA,NA,0.009381371923619325
-74.5,-25.5,3177,0.002273939325702373,NA,NA,0.008610429374544147
-73.5,-25.5,3178,0.0030795547401327775,NA,NA,0.008810210132080457
-72.5,-25.5,3179,0.004226601609181095,NA,NA,0.00810526940626423
-71.5,-25.5,3180,0.004483415663866212,NA,NA,0.008321698962171676
-70.5,-25.5,3181,0.003747326840498511,NA,NA,0.007172459555907546
-69.5,-25.5,3182,0.00406423246551341,NA,0.0027321726090468973,0.007033329456382487
-68.5,-25.5,3183,0.014997926262208708,NA,0.006829239672391477,0.008955536263156384
-67.5,-25.5,3184,0.011911112611039667,NA,0.0027373386633524266,0.009571775551969546
-26.5,-25.5,3185,0.0076403929204004505,NA,4.6955746668958585e-4,0.008981901287604364
-25.5,-25.5,3186,0.016481613797506903,NA,0.0018434922453346343,0.016244446530913677
-24.5,-25.5,3187,0.013871502322228309,NA,0.0014515528052578672,0.014896786278522114
-23.5,-25.5,3188,0.014504271911893449,NA,0.0013621923518033758,0.011798733724478925
-22.5,-25.5,3189,0.008486212171468298,NA,0.001448407482893617,0.009732691808638864
-21.5,-25.5,3190,0.006567273927838184,NA,0.0016570342512094189,0.007800928609654731
-20.5,-25.5,3191,0.00399400831946693,NA,0.001485054938491553,0.008941352333434694
70.5,-25.5,3282,0.017451353545453494,NA,NA,NA
71.5,-25.5,3283,0.017264224054687992,NA,NA,NA
72.5,-25.5,3284,0.015816867999618383,NA,NA,NA
73.5,-25.5,3285,0.02035652244123043,NA,NA,NA
74.5,-25.5,3286,0.021144543002458854,NA,NA,NA
75.5,-25.5,3287,0.017720181399240417,NA,NA,NA
76.5,-25.5,3288,0.018324486133427936,NA,NA,NA
77.5,-25.5,3289,0.013563600094100042,NA,NA,NA
78.5,-25.5,3290,0.0183374276644488,NA,NA,NA
79.5,-25.5,3291,0.023410004620782267,NA,NA,NA
-119.5,-24.5,3338,0.006076782404025719,NA,NA,NA
-118.5,-24.5,3339,0.006140903653093978,NA,NA,NA
-117.5,-24.5,3340,0.005234667785793827,NA,NA,NA
-116.5,-24.5,3341,0.009877738101879434,NA,NA,NA
-115.5,-24.5,3342,0.0037724371956149643,NA,NA,NA
-114.5,-24.5,3343,0.004103225449201688,NA,NA,NA
-113.5,-24.5,3344,0.005381118328823328,NA,NA,NA
-112.5,-24.5,3345,0.00519808750672062,NA,NA,NA
-111.5,-24.5,3346,0.0037721517681667247,NA,NA,NA
-110.5,-24.5,3347,0.00423274629694928,NA,NA,NA
-89.5,-24.5,3368,0.004178258962728396,NA,NA,0.00416076122693655
-88.5,-24.5,3369,0.0038776403263511925,NA,NA,0.00416076122693655
-87.5,-24.5,3370,0.003464208065591137,NA,NA,0.006431611212229781
-86.5,-24.5,3371,0.0034294465951539084,NA,NA,0.0038663612128355786
-85.5,-24.5,3372,0.002947447908659622,NA,NA,0.003311888004628431
-84.5,-24.5,3373,0.0023489773838227855,NA,NA,0.005005459193480095
-83.5,-24.5,3374,0.0027628857417088325,NA,NA,0.0029777387476118368
-82.5,-24.5,3375,0.0024717993028967873,NA,NA,0.003155753551854209
-81.5,-24.5,3376,0.0026284627233701167,NA,NA,0.0027568578304624086
-80.5,-24.5,3377,0.0019461213803368222,NA,NA,0.002860049323223727
-79.5,-24.5,3378,0.002176418541719387,NA,NA,0.0022606415598236747
-78.5,-24.5,3379,0.002176418541719387,NA,NA,0.002296292030039167
-77.5,-24.5,3380,0.002546838447458413,NA,NA,0.0022464314256014123
-76.5,-24.5,3381,0.0026261301923938656,NA,NA,0.0033343233259727186
-75.5,-24.5,3382,0.0024797736297711994,NA,NA,0.0050608347285041235
-74.5,-24.5,3383,0.0030952449967252215,NA,NA,0.008846925893447172
-73.5,-24.5,3384,0.0034802967075827844,NA,NA,0.006012003559931728
-72.5,-24.5,3385,0.00470005052766635,NA,NA,0.01050385838282645
-71.5,-24.5,3386,0.0057765815701893855,NA,NA,0.010433580475012413
-70.5,-24.5,3387,0.006330703273544836,NA,NA,0.00831114678561862
-69.5,-24.5,3388,0.00602293997050689,NA,0.003474909800618207,0.005598233990596372
-68.5,-24.5,3389,0.020561623034940937,NA,0.00588166602402705,0.010201939178448692
-67.5,-24.5,3390,0.07100342531637338,NA,0.006629016258853102,0.009357326434142567
-27.5,-24.5,3391,0.009758974126036078,NA,0.0017881475970914914,0.005380057582780882
-26.5,-24.5,3392,0.005053261722450444,NA,6.077219763305369e-4,0.007449852189193845
-25.5,-24.5,3393,0.015519664871260486,NA,0.0017562009940959218,0.01081730461846368
-24.5,-24.5,3394,0.014078494131059166,NA,0.0014883355223840984,0.015930095907255307
-23.5,-24.5,3395,0.009561134302664484,NA,0.0015966507887579897,0.01751491021455274
-22.5,-24.5,3396,0.003759158528358192,NA,0.0017478357644398954,0.011705887519412234
-21.5,-24.5,3397,0.003913298682488946,NA,0.0016067064213221187,0.015292350810576198
-20.5,-24.5,3398,0.004217393947043122,NA,0.0014229096683265393,0.013175529763660028
70.5,-24.5,3489,0.017195569973599372,NA,NA,NA
71.5,-24.5,3490,0.012940384957548042,NA,NA,NA
72.5,-24.5,3491,0.014305197551987111,NA,NA,NA
73.5,-24.5,3492,0.030818594986945076,NA,NA,NA
74.5,-24.5,3493,0.01793457935777289,NA,NA,NA
75.5,-24.5,3494,0.018737383851945486,NA,NA,NA
76.5,-24.5,3495,0.014751514119280114,NA,NA,NA
77.5,-24.5,3496,0.013130346208170997,NA,NA,NA
78.5,-24.5,3497,0.01374751029397925,NA,NA,NA
79.5,-24.5,3498,0.013972889115394046,NA,NA,NA
-119.5,-23.5,3544,0.006241690505603901,NA,NA,NA
-118.5,-23.5,3545,0.006259633464288161,NA,NA,NA
-117.5,-23.5,3546,0.005456167970012858,NA,NA,NA
-116.5,-23.5,3547,0.007137126388091802,NA,NA,NA
-115.5,-23.5,3548,0.005637807184367531,NA,NA,NA
-114.5,-23.5,3549,0.014022140212793186,NA,NA,NA
-113.5,-23.5,3550,0.006061047246964658,NA,NA,NA
-112.5,-23.5,3551,0.003840918877950237,NA,NA,NA
-111.5,-23.5,3552,0.004337202299952191,NA,NA,NA
-110.5,-23.5,3553,0.0034419902644142342,NA,NA,NA
-89.5,-23.5,3574,0.0039007717284753117,NA,NA,0.0038521664221128544
-88.5,-23.5,3575,0.003449913633678819,NA,NA,0.003309300446561577
-87.5,-23.5,3576,0.003058889435367104,NA,NA,0.0031988101468805544
-86.5,-23.5,3577,0.002851886780032827,NA,NA,0.002593071527791564
-85.5,-23.5,3578,0.002549313208013579,NA,NA,0.0023906789620717294
-84.5,-23.5,3579,0.0019314227040336006,NA,NA,0.0024698555475114363
-83.5,-23.5,3580,0.0022796909122711905,NA,NA,0.0028217032294352196
-82.5,-23.5,3581,0.0024999630370639045,NA,NA,0.002785848265955854
-81.5,-23.5,3582,0.002721567444107016,NA,NA,0.002662984170482397
-80.5,-23.5,3583,0.002721567444107016,NA,NA,0.0022123495345172627
-79.5,-23.5,3584,0.002727531363130388,NA,NA,0.002285448032027641
-78.5,-23.5,3585,0.0031510415459960047,NA,NA,0.002285448032027641
-77.5,-23.5,3586,0.003229926256398772,NA,NA,0.00199579673571705
-76.5,-23.5,3587,0.003057525992905784,NA,NA,0.00351472784753172
-75.5,-23.5,3588,0.0031588462817911194,NA,NA,0.003188375256228502
-74.5,-23.5,3589,0.003175162623556671,NA,NA,0.006089491988176125
-73.5,-23.5,3590,0.0036348502318076115,NA,NA,0.005761427139384655
-72.5,-23.5,3591,0.004824989286162456,NA,NA,0.00764366011705253
-71.5,-23.5,3592,0.008953307197584824,NA,NA,0.010892317952535074
-70.5,-23.5,3593,0.00773653236551478,NA,NA,0.00667261123471272
-69.5,-23.5,3594,0.009129038530100308,NA,0.0035862544226373952,0.006019254194077764
-68.5,-23.5,3595,0.02048667456296399,NA,0.0049065675356461435,0.014246523779882182
-67.5,-23.5,3596,0.11857413877890248,NA,0.015566407105174321,0.035664461455099834
-66.5,-23.5,3597,0.06896895351665185,NA,0.004487705422923111,0.020961421054815754
-28.5,-23.5,3598,0.008523731395000214,NA,0.0018935486210919453,0.005376855324324599
-27.5,-23.5,3599,0.013450805881060507,NA,4.4199115112668227e-4,0.007080201724009538
-26.5,-23.5,3600,0.023821783112199537,NA,0.001864834015672295,0.009934577861911265
-25.5,-23.5,3601,0.017743756073061286,NA,0.0015142681739584338,0.010601775917180579
-24.5,-23.5,3602,0.012650846809478106,NA,0.0014648328004472834,0.016367564687847547
-23.5,-23.5,3603,0.008663844382067031,NA,0.002023027116366798,0.028236807032329912
-22.5,-23.5,3604,0.003913412781593225,NA,0.0015834676208027253,0.021508062397417503
-21.5,-23.5,3605,0.0037080463245358092,NA,0.001589296948490876,0.013515664691150609
-20.5,-23.5,3606,0.003971673467557453,NA,0.0017129647604060335,0.010491962947378482
70.5,-23.5,3697,0.01270077580210423,NA,NA,NA
71.5,-23.5,3698,0.011506893499389272,NA,NA,NA
72.5,-23.5,3699,0.010163712045527159,NA,NA,NA
73.5,-23.5,3700,0.012245002303353675,NA,NA,NA
74.5,-23.5,3701,0.014143912292576308,NA,NA,NA
75.5,-23.5,3702,0.01308682877339568,NA,NA,NA
76.5,-23.5,3703,0.012227166667016556,NA,NA,NA
77.5,-23.5,3704,0.010296634181094843,NA,NA,NA
78.5,-23.5,3705,0.01417514161974458,NA,NA,NA
79.5,-23.5,3706,0.010704861532788415,NA,NA,NA
-119.5,-22.5,3752,0.00604596269001862,NA,NA,NA
-118.5,-22.5,3753,0.006038931647911048,NA,NA,NA
-117.5,-22.5,3754,0.00557777492818204,NA,NA,NA
-116.5,-22.5,3755,0.004802606942769844,NA,NA,NA
-115.5,-22.5,3756,0.0055793092335489685,NA,NA,NA
-114.5,-22.5,3757,0.004918222654133201,NA,NA,NA
-113.5,-22.5,3758,0.005135048979813311,NA,NA,NA
-112.5,-22.5,3759,0.006182802360022766,NA,NA,NA
-111.5,-22.5,3760,0.0036363429534490713,NA,NA,NA
-110.5,-22.5,3761,0.0035726931210546403,NA,NA,NA
-89.5,-22.5,3782,0.006856235655112656,NA,NA,0.0030787845954225565
-88.5,-22.5,3783,0.006281604816869962,NA,NA,0.0026906339392887397
-87.5,-22.5,3784,0.005090592986511407,NA,NA,0.002535363286865495
-86.5,-22.5,3785,0.005363927083217379,NA,NA,0.0025610854624564306
-85.5,-22.5,3786,0.004243534200857943,NA,NA,0.0027611471977834266
-84.5,-22.5,3787,0.003987849573555147,NA,NA,0.002723890360585708
-83.5,-22.5,3788,0.0034023113889169575,NA,NA,0.0030940716917498353
-82.5,-22.5,3789,0.003214745924354095,NA,NA,0.002886630969092633
-81.5,-22.5,3790,0.003571165501332876,NA,NA,0.0028961843066823757
-80.5,-22.5,3791,0.002767316808463625,NA,NA,0.003080888266370671
-79.5,-22.5,3792,0.0029279492328490764,NA,NA,0.0029580409895987253
-78.5,-22.5,3793,0.003285604153685297,NA,NA,0.002970646382052999
-77.5,-22.5,3794,0.003388226446680912,NA,NA,0.0024101832108577768
-76.5,-22.5,3795,0.003276433966022977,NA,NA,0.0034975563101477133
-75.5,-22.5,3796,0.0030003282333115255,NA,NA,0.007205219185776207
-74.5,-22.5,3797,0.003522724051598171,NA,NA,0.00933912083034465
-73.5,-22.5,3798,0.004254126032710888,NA,NA,0.005779874010945294
-72.5,-22.5,3799,0.005879219029819489,NA,NA,0.006592286915321669
-71.5,-22.5,3800,0.010265819540057942,NA,NA,0.008682744602729478
-70.5,-22.5,3801,0.011649931173591553,NA,NA,0.006448135652291962
-69.5,-22.5,3802,0.01914344117767653,NA,0.004910680787640712,0.0062991959163744265
-68.5,-22.5,3803,0.018785871735782004,NA,0.0077941581398540865,0.012636501469723407
-67.5,-22.5,3804,0.024657265078522873,NA,0.009385549451209682,0.01474315265246102
-66.5,-22.5,3805,0.03337810565161578,NA,0.005940270949687617,0.012117828585463146
-29.5,-22.5,3806,0.01593521911786666,NA,0.006057840134946474,0.011403683479346347
-28.5,-22.5,3807,0.006625330197696223,NA,9.791610098827666e-4,0.005962585639275704
-27.5,-22.5,3808,0.010262145789728522,NA,9.871076721115262e-4,0.007064836928601684
-26.5,-22.5,3809,0.010664558658492885,NA,8.578219114025511e-4,0.00762975669300636
-25.5,-22.5,3810,0.027209703264191882,NA,0.0020837094628994553,0.011804872796820891
-24.5,-22.5,3811,0.008642932074495884,NA,0.002238647822990987,0.026201823115521564
-23.5,-22.5,3812,0.01002880421751251,NA,0.001989299491929345,0.030719872278322548
-22.5,-22.5,3813,0.003880871849802869,NA,0.001971917080918472,0.012988278968839936
-21.5,-22.5,3814,0.003935863021461928,NA,0.0017034074086272981,0.007928276623421519
-20.5,-22.5,3815,0.0044349622096975325,NA,0.0014887974438863377,0.007076771564231932
70.5,-22.5,3906,0.008909944200554057,NA,NA,NA
71.5,-22.5,3907,0.009171802261950721,NA,NA,NA
72.5,-22.5,3908,0.009116791776770966,NA,NA,NA
73.5,-22.5,3909,0.011850099433318563,NA,NA,NA
74.5,-22.5,3910,0.010789297755535013,NA,NA,NA
75.5,-22.5,3911,0.012821239680099433,NA,NA,NA
76.5,-22.5,3912,0.011839665334610923,NA,NA,NA
77.5,-22.5,3913,0.007690985586717856,NA,NA,NA
78.5,-22.5,3914,0.006758424445785967,NA,NA,NA
79.5,-22.5,3915,0.006422586603013021,NA,NA,NA
-119.5,-21.5,3961,0.009394725247667325,NA,NA,NA
-118.5,-21.5,3962,0.007797497715653733,NA,NA,NA
-117.5,-21.5,3963,0.006790186429474178,NA,NA,NA
-116.5,-21.5,3964,0.009050048470552964,NA,NA,NA
-115.5,-21.5,3965,0.00707873227885839,NA,NA,NA
-114.5,-21.5,3966,0.005061257022933215,NA,NA,NA
-113.5,-21.5,3967,0.005059676079980653,NA,NA,NA
-112.5,-21.5,3968,0.005077987785274811,NA,NA,NA
-111.5,-21.5,3969,0.006612132995053297,NA,NA,NA
-110.5,-21.5,3970,0.006916475285163362,NA,NA,NA
-89.5,-21.5,3991,0.008332368137965875,NA,NA,0.00520263921640838
-88.5,-21.5,3992,0.007221681832907498,NA,NA,0.005575617502205958
-87.5,-21.5,3993,0.004682927033359981,NA,NA,0.00508909041483508
-86.5,-21.5,3994,0.004682927033359981,NA,NA,0.005452259323912873
-85.5,-21.5,3995,0.004668107862991353,NA,NA,0.005492380593208834
-84.5,-21.5,3996,0.004642303863170058,NA,NA,0.0061145990455448865
-83.5,-21.5,3997,0.00471102057909252,NA,NA,0.006423384675655776
-82.5,-21.5,3998,0.006025898272730841,NA,NA,0.006078853448049225
-81.5,-21.5,3999,0.005549701954440935,NA,NA,0.005823018153732633
-80.5,-21.5,4000,0.006155681267355595,NA,NA,0.006133167130857702
-79.5,-21.5,4001,0.006983345904859118,NA,NA,0.010661295510265885
-78.5,-21.5,4002,0.0076735148110216094,NA,NA,0.005549546267476697
-77.5,-21.5,4003,0.005547574762810789,NA,NA,0.0078003327011915416
-76.5,-21.5,4004,0.004459515731815807,NA,NA,0.00750674203822569
-75.5,-21.5,4005,0.005913713547459599,NA,NA,0.011813938395428306
-74.5,-21.5,4006,0.006311941137430277,NA,NA,0.009251517028816034
-73.5,-21.5,4007,0.00602931175053545,NA,NA,0.010862099831402286
-72.5,-21.5,4008,0.009136573251663487,NA,NA,0.0103370469400593
-71.5,-21.5,4009,0.01248431815521015,NA,NA,0.011944593550215198
-70.5,-21.5,4010,0.010296599373908946,NA,NA,0.010198802478769158
-69.5,-21.5,4011,0.007118409637347293,NA,0.008097123470515942,0.006969708265064293
-68.5,-21.5,4012,0.017883275059341643,NA,0.012582875155863902,0.019074805112689545
-67.5,-21.5,4013,0.05499824482233375,NA,0.012339650483185385,0.01776424034192023
-66.5,-21.5,4014,0.10059544416061501,NA,0.01575081139568122,0.04673000340758821
-65.5,-21.5,4015,0.0314822810139221,NA,0.0027910303627913143,0.013451047993580312
-29.5,-21.5,4017,0.012065180738043725,NA,0.002031051002527101,0.008210276668264344
-28.5,-21.5,4018,0.017078477122755755,NA,0.001764400130702282,0.008288882208987132
-27.5,-21.5,4019,0.023282026242319415,NA,0.001064869250702128,0.006264086416270542
-26.5,-21.5,4020,0.01883928716879188,NA,0.0012674649133840965,0.007083647057442176
-25.5,-21.5,4021,0.026941815987587558,NA,0.0030396334400146986,0.013567061431857558
-24.5,-21.5,4022,0.02964325159752416,NA,0.002231712403221678,0.03324370937531408
-23.5,-21.5,4023,0.00651039033669854,NA,0.0018881293380913222,0.02473019600325982
-22.5,-21.5,4024,0.0056561550546460945,NA,0.0018208893912728863,0.009717638823597453
-21.5,-21.5,4025,0.0055853079981472474,NA,0.0018849846973417164,0.004387274945240087
-20.5,-21.5,4026,0.006298701881966296,NA,0.0018842761691554356,0.0043896685211341525
70.5,-21.5,4116,0.006659782152507427,NA,NA,NA
71.5,-21.5,4117,0.007635426968257366,NA,NA,NA
72.5,-21.5,4118,0.008548989684971964,NA,NA,NA
73.5,-21.5,4119,0.01037578701695645,NA,NA,NA
74.5,-21.5,4120,0.015121250159624568,NA,NA,NA
75.5,-21.5,4121,0.009240810937928891,NA,NA,NA
76.5,-21.5,4122,0.00854977630310927,NA,NA,NA
77.5,-21.5,4123,0.006484508360043058,NA,NA,NA
78.5,-21.5,4124,0.006422887894397411,NA,NA,NA
79.5,-21.5,4125,0.006126166257529115,NA,NA,NA
-119.5,-20.5,4170,0.015636577311761928,NA,NA,NA
-118.5,-20.5,4171,0.01631682402694203,NA,NA,NA
-117.5,-20.5,4172,0.018030748823390307,NA,NA,NA
-116.5,-20.5,4173,0.017592229653247755,NA,NA,NA
-115.5,-20.5,4174,0.014961071541939817,NA,NA,NA
-114.5,-20.5,4175,0.014661424865387018,NA,NA,NA
-113.5,-20.5,4176,0.014026821049969121,NA,NA,NA
-112.5,-20.5,4177,0.015583734174791287,NA,NA,NA
-111.5,-20.5,4178,0.019144250775488682,NA,NA,NA
-110.5,-20.5,4179,0.00876441915070506,NA,NA,NA
-89.5,-20.5,4200,0.005050665486477054,NA,NA,0.02242833372566091
-88.5,-20.5,4201,0.004378438709483559,NA,NA,0.02124114853207757
-87.5,-20.5,4202,0.005050665486477054,NA,NA,0.022281642694489456
-86.5,-20.5,4203,0.005050665486477054,NA,NA,0.01718932276085979
-85.5,-20.5,4204,0.005050665486477054,NA,NA,0.018691733284707256
-84.5,-20.5,4205,0.005050665486477054,NA,NA,0.015115096413851985
-83.5,-20.5,4206,0.005911622789609452,NA,NA,0.008648245520872917
-82.5,-20.5,4207,0.005626036357619701,NA,NA,0.009670966704437216
-81.5,-20.5,4208,0.008865306688040944,NA,NA,0.01797031063681933
-80.5,-20.5,4209,0.008852534803568044,NA,NA,0.019273356757249942
-79.5,-20.5,4210,0.008867006934186442,NA,NA,0.017348325569346193
-78.5,-20.5,4211,0.008526505174634295,NA,NA,0.009909926992337241
-77.5,-20.5,4212,0.008090146610830622,NA,NA,0.009677404013523024
-76.5,-20.5,4213,0.01165151851263117,NA,NA,0.01593005125729961
-75.5,-20.5,4214,0.014046113995912256,NA,NA,0.023635398288600472
-74.5,-20.5,4215,0.01235784242515909,NA,NA,0.02734439687895285
-73.5,-20.5,4216,0.012989412553448975,NA,NA,0.021702999740972305
-72.5,-20.5,4217,0.020142211294606232,NA,NA,0.024211577405836567
-71.5,-20.5,4218,0.012792840669823786,NA,NA,0.03750791256104862
-70.5,-20.5,4219,0.017976908962265916,NA,NA,0.024749505684981424
-69.5,-20.5,4220,0.016111915192757304,NA,0.008228628547304039,0.02635327042926762
-68.5,-20.5,4221,0.07094395734580454,NA,0.02537503086410207,0.058076852830032964
-67.5,-20.5,4222,0.215135841024028,NA,0.026887578237518146,0.13169785588285024
-66.5,-20.5,4223,0.2373744012612994,NA,0.03705654315712672,0.08492832744821789
-65.5,-20.5,4224,0.34206048178307924,NA,0.029113278631200935,0.10386222924504789
-64.5,-20.5,4225,0.06730677865183836,NA,0.009418387992212614,0.0262180261377806
-63.5,-20.5,4226,0.14975856857414704,NA,0.01621614259145019,0.02633120501743154
-62.5,-20.5,4227,0.6209972962707393,NA,0.18523277164544444,0.14332721947070556
-29.5,-20.5,4229,0.012629500105264313,NA,0.0014106793280302611,0.005839499713320373
-28.5,-20.5,4230,0.01251163168127026,NA,9.535245404800565e-4,0.004593377542928992
-27.5,-20.5,4231,0.009502099350221345,NA,0.0013545791960540374,0.0028474050230477012
-26.5,-20.5,4232,0.020441980003954665,NA,0.0028094503165915787,0.008342429852296383
-25.5,-20.5,4233,0.024442303084532286,NA,0.0026357668282882187,0.013214221057718311
-24.5,-20.5,4234,0.012463846739412462,NA,0.0021485523524413276,0.024574688542704337
-23.5,-20.5,4235,0.0063418415121108745,NA,0.0025421194991181294,0.03113837971019866
-22.5,-20.5,4236,0.005873973489928225,NA,0.0018149438885996306,0.012305327955488972
-21.5,-20.5,4237,0.010051221728058158,NA,0.003280476584002759,0.023536914407082214
-20.5,-20.5,4238,0.006863686591576493,NA,0.002077897967193488,0.011252799158440826
70.5,-20.5,4328,0.005519144217069669,NA,NA,NA
71.5,-20.5,4329,0.005418625365795529,NA,NA,NA
72.5,-20.5,4330,0.006108750135830205,NA,NA,NA
73.5,-20.5,4331,0.007424089233709639,NA,NA,NA
74.5,-20.5,4332,0.00736803258667247,NA,NA,NA
75.5,-20.5,4333,0.007741080767944784,NA,NA,NA
76.5,-20.5,4334,0.007230440393571226,NA,NA,NA
77.5,-20.5,4335,0.0057823099934840826,NA,NA,NA
78.5,-20.5,4336,0.005620315943853099,NA,NA,NA
79.5,-20.5,4337,0.005537403845951109,NA,NA,NA
-109.5,-19.5,4393,0.012359281748295335,NA,NA,0.008802859249197437
-108.5,-19.5,4394,0.010776748194656667,NA,NA,0.007224706973294904
-107.5,-19.5,4395,0.011093395890357231,NA,NA,0.005927544564327735
-106.5,-19.5,4396,0.011553502038987069,NA,NA,0.005844613408316551
-105.5,-19.5,4397,0.011844766252382344,NA,NA,0.005852878340072807
-104.5,-19.5,4398,0.01190373185205286,NA,NA,0.005852878340072807
-103.5,-19.5,4399,0.012170541927752054,NA,NA,0.006059223395372814
-102.5,-19.5,4400,0.015888786513256047,NA,NA,0.006222787265104378
-101.5,-19.5,4401,0.01470594738976241,NA,NA,0.007639761781365115
-100.5,-19.5,4402,0.014938410367749287,NA,NA,0.00655753722176595
-99.5,-19.5,4403,0.014639332286958384,NA,NA,0.006704832360099111
-98.5,-19.5,4404,0.013521244956405738,NA,NA,0.008004564408426285
-97.5,-19.5,4405,0.0147881106425309,NA,NA,0.008782014146684787
-96.5,-19.5,4406,0.014147459545862672,NA,NA,0.008827798545252317
-95.5,-19.5,4407,0.013139364152371536,NA,NA,0.008827798545252317
-94.5,-19.5,4408,0.012110297749252182,NA,NA,0.00925476096497675
-93.5,-19.5,4409,0.011612695267060024,NA,NA,0.01789258136393032
-92.5,-19.5,4410,0.016726786879374324,NA,NA,0.06548326591183534
-91.5,-19.5,4411,0.007123135893359955,NA,NA,0.026462374442580743
-90.5,-19.5,4412,0.005100376832101572,NA,NA,0.027785717889037515
-89.5,-19.5,4413,0.005100376832101572,0.003092344304601013,0.0022325822939478833,0.025881077513826234
-88.5,-19.5,4414,0.005130570011691784,0.003570747006783557,0.002306700508597583,0.026031069465553204
-87.5,-19.5,4415,0.005130570011691784,0.0038487132671373224,0.0024315934783149945,0.02640194740335851
-86.5,-19.5,4416,0.005213258706218972,0.003929063748937814,0.002459652239355674,0.023940463748154946
-85.5,-19.5,4417,0.005213258706218972,0.004366224807452838,0.0027553297836912225,0.013980810214235953
-84.5,-19.5,4418,0.005198048274862259,0.004799080703014285,0.002807192155507481,0.013914620789338758
-83.5,-19.5,4419,0.006286732534555425,0.005808647110082936,0.003290696161703833,0.01640957312134806
-82.5,-19.5,4420,0.006239348065511695,0.006584698609394755,0.0035004407840429613,0.01799721521330836
-81.5,-19.5,4421,0.010462336476993121,0.008121033771394868,0.004185780525501633,0.02214133092121832
-80.5,-19.5,4422,0.010819859526540706,0.012687029184897253,0.004223984519511672,0.03301073057370883
-79.5,-19.5,4423,0.008330521493169329,0.01607035900532049,0.004248927591357507,0.024451515655065804
-78.5,-19.5,4424,0.008190568600200614,0.018211379993814288,0.004821550046565094,0.024232414598147924
-77.5,-19.5,4425,0.016747176619089605,0.012270688291444362,0.004651066436882282,0.026003666928180163
-76.5,-19.5,4426,0.021567956908444364,0.01069302746259649,0.0035086157202712277,0.030472272240889015
-75.5,-19.5,4427,0.023537765182480054,0.010176334191115953,0.003484146393048267,0.034251790462881015
-74.5,-19.5,4428,0.023930333263316284,0.008412567912868589,0.0035197697963236015,0.04448273809910241
-73.5,-19.5,4429,0.019285524293540007,0.007434669574112322,0.0037147462424593756,0.028639138793074004
-72.5,-19.5,4430,0.018330660183462973,0.00717732087766009,0.0036689855585447743,0.030056422587949737
-71.5,-19.5,4431,0.01925145340722055,0.008078618337451769,0.0053468038115272115,0.03254551399659588
-70.5,-19.5,4432,0.03810644292716772,0.013311364792165612,0.008526082168015096,0.05731263779853077
-69.5,-19.5,4433,0.04618261103872165,0.011248200748501882,0.00875800947935763,0.08075983848127151
-68.5,-19.5,4434,0.1426866680547239,0.034621580978766955,0.022959471675255673,0.13630841446666098
-67.5,-19.5,4435,0.17275204168310868,0.022446698833298317,0.0225660948758921,0.11627833930008413
-66.5,-19.5,4436,0.37441627066506683,0.046539881070371394,0.0323759633578873,0.38808805481285347
-65.5,-19.5,4437,0.34146735860334854,0.02980424393505374,0.02554974096257468,0.18137280116636817
-64.5,-19.5,4438,0.3347094697415816,0.02805714624744222,0.020175154805565802,0.10999525781039178
-63.5,-19.5,4439,0.15950187674057842,0.017034761886394634,0.023889384612845947,0.06845001954728994
-62.5,-19.5,4440,0.17778316113629555,0.008674223787184751,0.012282222357764076,0.029141950508369034
-61.5,-19.5,4441,0.39461912956601386,0.015400391574450585,0.027140866863075593,0.04974147148441222
-60.5,-19.5,4442,0.842833163895878,0.0355364203040781,0.13280120667078849,0.05039505014954315
-59.5,-19.5,4443,0.8268923431892696,0.11109008343793846,0.10928282071278782,0.1887165727817773
-29.5,-19.5,4446,0.019034479806207687,0.0034088523183648336,0.0014188792860963895,0.005204812234532822
-28.5,-19.5,4447,0.013463178560191497,0.002732035052849059,0.0014502787693310684,0.0031523695862165154
-27.5,-19.5,4448,0.01675675452702343,0.004151570300440828,0.0022170592545112003,0.0036902518384973183
-26.5,-19.5,4449,0.018737938364851207,0.0033362787292555603,0.0036406220633527497,0.007519186590478264
-25.5,-19.5,4450,0.019810179114429297,0.002787887053930599,0.00350797459480925,0.013199160999108285
-24.5,-19.5,4451,0.01027578777880729,0.002544556796262645,0.0027558600904210077,0.022824618243358297
-23.5,-19.5,4452,0.012652362187752262,0.0029410219399190907,0.0023550854778908456,0.020271427427580938
-22.5,-19.5,4453,0.017722788180346772,0.003723683640755447,0.002585793289891966,0.034577981632329696
-21.5,-19.5,4454,0.017488746737634064,0.007223834919550669,0.0027081571093834213,0.021007332736300156
-20.5,-19.5,4455,0.01573941627647005,0.0054240888105360294,0.0030341513433668104,0.0262196345416749
-19.5,-19.5,4456,0.019861870717707085,0.005633378840415322,0.0028071387453207923,0.028406887032700976
-18.5,-19.5,4457,0.01655076470548826,0.004603780776407601,0.003872410003365358,0.021944292543149838
-17.5,-19.5,4458,0.028123635746405612,0.005248194206332851,0.004599326208142522,0.02799887431713589
-16.5,-19.5,4459,0.05322198588386572,0.008071036110444922,0.007166812207067884,0.036985734972182174
-15.5,-19.5,4460,0.05988738565922751,0.008725384107364445,0.006989868835572316,0.025622273389346556
-14.5,-19.5,4461,0.04942129000358376,0.010633586717790994,0.004632163244019255,0.017610371713716814
-13.5,-19.5,4462,0.0336884670207159,0.012492272446749572,0.0053543611205570515,0.047029018851728534
-12.5,-19.5,4463,0.036960357903615376,0.011955427233993772,0.00784391241441849,0.03401014370196739
-11.5,-19.5,4464,0.03498248845284488,0.012829499761527257,0.00689301952321882,0.0724061331292347
-10.5,-19.5,4465,0.02338920635124373,0.008584421641140117,0.004558038127994451,0.04192186877521131
0.5,-19.5,4476,0.03614434652341005,NA,0.0031500695370926084,0.005958927555886425
1.5,-19.5,4477,0.02804866426295705,NA,0.0030254825525383206,0.00578941559241549
2.5,-19.5,4478,0.01723737453029153,NA,0.002078944338399957,0.007516236149835237
3.5,-19.5,4479,0.00932951063101285,NA,0.001830420159520588,0.006312800423225919
4.5,-19.5,4480,0.009561180195850954,NA,0.00239438080032641,0.0071560629341074185
5.5,-19.5,4481,0.013126605274850933,NA,0.003415574161704521,0.00991472467416603
6.5,-19.5,4482,0.008086520730563726,NA,0.002418485800122215,0.0066136424827325365
7.5,-19.5,4483,0.006085333407351887,NA,0.0023330299582066914,0.0052218893046330475
8.5,-19.5,4484,0.005302859310562878,NA,0.0019592552829088613,0.00358728704481298
9.5,-19.5,4485,0.006925431311320988,NA,0.002307870879878191,0.007349568239045417
20.5,-19.5,4496,0.008955295927578547,0.006989670562306835,0.0025971099511002144,0.00736399470521203
21.5,-19.5,4497,0.009319821493301003,0.006291619011278341,0.0027958352501245725,0.007761408726635532
22.5,-19.5,4498,0.007210000134546673,0.006341555127548231,0.002567357607525413,0.007199001667914805
23.5,-19.5,4499,0.006726034061497628,0.005322966644899848,0.0024792236524873758,0.006749337258697141
24.5,-19.5,4500,0.005890947545464897,0.005248250470390286,0.0022615134081629715,0.0058861877421373995
25.5,-19.5,4501,0.006700243392400831,0.005174085465751817,0.0022417096868485257,0.005760667955529069
26.5,-19.5,4502,0.005963105553772674,0.005123688812116946,0.002140910375408119,0.005704295570872389
27.5,-19.5,4503,0.006006152662422208,0.005428844469400967,0.002128565193153384,0.0061658563858946755
28.5,-19.5,4504,0.00592426975881584,0.004557967641396637,0.0021138610422325316,0.008576677234956295
29.5,-19.5,4505,0.006155792250756116,0.004557967641396637,0.0021138610422325316,0.009473433194972946
40.5,-19.5,4516,0.01073714064839551,0.0032756981798811287,0.0022456528503319215,0.008324458996406773
41.5,-19.5,4517,0.00906926068332014,0.00283299159661851,0.0024263564627839277,0.007477975602645235
42.5,-19.5,4518,0.02305897469634202,0.002578577552877244,0.0023475524233683653,0.007553052160218316
43.5,-19.5,4519,0.014859835150091297,0.0024707071511634333,0.002261282494204864,0.006782280283833247
44.5,-19.5,4520,0.012697016945993947,0.0023071014506716426,0.0020981725866223142,0.0062777054170906985
45.5,-19.5,4521,0.00926907162157738,0.002157295810261452,0.0019244281188450527,0.005036102921246456
46.5,-19.5,4522,0.008564156165593143,0.003370759997335618,0.0018995410053645966,0.004423532395658724
47.5,-19.5,4523,0.008655242746600908,0.0034455320934307196,0.001954754013071382,0.00399316678353054
48.5,-19.5,4524,0.008120015988643394,0.0033468934167818288,0.0020099484507596684,0.004208937107048099
49.5,-19.5,4525,0.007395676206523153,0.0033910010817257835,0.0020145468893145646,0.004264756322051381
50.5,-19.5,4526,0.008409961214907025,0.0033012359007778464,NA,0.004203417338202117
51.5,-19.5,4527,0.007329315345074789,0.0032363429086918047,NA,0.003989367351644281
52.5,-19.5,4528,0.007017773343595623,0.003162421171914226,NA,0.0037720839158621494
53.5,-19.5,4529,0.00625478035492081,0.002834438164455613,NA,0.0033387467304500018
54.5,-19.5,4530,0.005313488535149177,0.0028558478097773093,NA,0.0034236349105126675
55.5,-19.5,4531,0.005012613636498673,0.002516481041111058,NA,0.002752795860446186
56.5,-19.5,4532,0.004578782031143228,0.002338206411362635,NA,0.0025030457334124638
57.5,-19.5,4533,0.004658561213963594,0.0023534437056228845,NA,0.002462337843934412
58.5,-19.5,4534,0.004551520873116833,0.0022174869990788273,NA,0.002476947284321693
59.5,-19.5,4535,0.004451276647700975,0.0022578466823720087,NA,0.0025340787807582306
70.5,-19.5,4546,0.005203709657381589,NA,NA,NA
71.5,-19.5,4547,0.005087921982936664,NA,NA,NA
72.5,-19.5,4548,0.005700159763691499,NA,NA,NA
73.5,-19.5,4549,0.0073906472635731834,NA,NA,NA
74.5,-19.5,4550,0.007362402317984865,NA,NA,NA
75.5,-19.5,4551,0.0077351676565543545,NA,NA,NA
76.5,-19.5,4552,0.007108382877147347,NA,NA,NA
77.5,-19.5,4553,0.005608763287262808,NA,NA,NA
78.5,-19.5,4554,0.005369916691348444,NA,NA,NA
79.5,-19.5,4555,0.0052022676631643325,NA,NA,NA
80.5,-19.5,4556,0.0041710589235164595,NA,NA,9.70710489060843e-4
81.5,-19.5,4557,0.0040955834956298695,NA,NA,9.64247520477284e-4
82.5,-19.5,4558,0.0029584046281767224,NA,NA,7.377552780753325e-4
83.5,-19.5,4559,0.002456580117023045,NA,NA,7.330597381790056e-4
84.5,-19.5,4560,0.002506888067987421,NA,NA,7.75867767757496e-4
85.5,-19.5,4561,0.0023412802662341544,NA,NA,7.65508242547583e-4
86.5,-19.5,4562,0.002093751152676006,NA,NA,7.251338074781385e-4
87.5,-19.5,4563,0.002076989568644976,NA,NA,7.908988113247839e-4
88.5,-19.5,4564,0.0020559053042924127,NA,NA,7.371613318467542e-4
89.5,-19.5,4565,0.0020289831933378295,NA,NA,7.326418624723121e-4
90.5,-19.5,4566,0.0025662340309736335,NA,7.379936384557526e-4,7.468744416887531e-4
91.5,-19.5,4567,0.001433588206025535,NA,0.0011027589653708955,7.852781549108935e-4
92.5,-19.5,4568,0.0014516081617696333,NA,8.211682537665827e-4,8.023680452524888e-4
93.5,-19.5,4569,0.0020372808174637033,NA,0.0010654329436393557,8.565781880929665e-4
94.5,-19.5,4570,0.002360618421560627,NA,0.001169208411709088,9.893889582095426e-4
95.5,-19.5,4571,0.002861934252778422,NA,0.0011429147813975264,0.001431425735002246
96.5,-19.5,4572,0.0031225515160116513,NA,0.0013449099919771905,0.001451413489152713
97.5,-19.5,4573,0.003213201756637236,NA,0.0014132852831449506,0.001509905575925208
98.5,-19.5,4574,0.018280789590030683,NA,0.004870756838609896,0.0054961817501250005
99.5,-19.5,4575,0.018937323044109125,NA,0.005522179085742495,0.004110268691685479
-109.5,-18.5,4611,0.01895458925186117,NA,NA,0.008273916364620876
-108.5,-18.5,4612,0.017501600109767954,NA,NA,0.007444197060059635
-107.5,-18.5,4613,0.01716389396165112,NA,NA,0.006787908545571655
-106.5,-18.5,4614,0.016808092128064597,NA,NA,0.00666127067603987
-105.5,-18.5,4615,0.016710331527395615,NA,NA,0.0066495154457169095
-104.5,-18.5,4616,0.016588816766230564,NA,NA,0.0066495154457169095
-103.5,-18.5,4617,0.016796811725051194,NA,NA,0.0066495154457169095
-102.5,-18.5,4618,0.021597558817545097,NA,NA,0.0066495154457169095
-101.5,-18.5,4619,0.020321082499744618,NA,NA,0.0067274808487997224
-100.5,-18.5,4620,0.02013966853447939,NA,NA,0.006807097356718643
-99.5,-18.5,4621,0.017411801712239605,NA,NA,0.006807097356718643
-98.5,-18.5,4622,0.017411801712239605,NA,NA,0.0071796487082290295
-97.5,-18.5,4623,0.017237051929712234,NA,NA,0.007943563946375425
-96.5,-18.5,4624,0.016492083664476763,NA,NA,0.007815837790449602
-95.5,-18.5,4625,0.01526445966967527,NA,NA,0.008432463255422643
-94.5,-18.5,4626,0.013653610667876563,NA,NA,0.008432463255422643
-93.5,-18.5,4627,0.013364234255289575,NA,NA,0.011302192516807991
-92.5,-18.5,4628,0.029696774301899494,NA,NA,0.018266404071410055
-91.5,-18.5,4629,0.01386288155626445,NA,NA,0.010563133922115355
-90.5,-18.5,4630,0.017199098930231582,NA,NA,0.009233725603275128
-89.5,-18.5,4631,0.01581217758709321,0.0032674768232638443,0.005463108275343733,0.009422673940478214
-88.5,-18.5,4632,0.01013523415789622,0.0035509040986000935,0.002760503016166474,0.009422673940478214
-87.5,-18.5,4633,0.01013523415789622,0.003698325235582745,0.0032974950994938434,0.009070702920710943
-86.5,-18.5,4634,0.009507233684041447,0.003656752072073399,0.003019768256927808,0.008958639912116498
-85.5,-18.5,4635,0.005152948811606319,0.0038719070281933413,0.002910975888005885,0.010956824005901759
-84.5,-18.5,4636,0.006009109782275951,0.0043478665057064035,0.002953131496014269,0.008831433425874044
-83.5,-18.5,4637,0.007119493418701655,0.006079473983790667,0.0034500078440896443,0.01033018460170394
-82.5,-18.5,4638,0.010072515752014038,0.010960144873794377,0.004254683385967667,0.012543447578445
-81.5,-18.5,4639,0.010159771320445862,0.018324362648853773,0.004634017207663845,0.014731384419025693
-80.5,-18.5,4640,0.01098469628747372,0.014428772206054048,0.00487282780897921,0.017460070419548196
-79.5,-18.5,4641,0.008660957537533943,0.012506393464231548,0.004674066233896041,0.018991474681513777
-78.5,-18.5,4642,0.018920358816715575,0.013439194228045714,0.005101126298890129,0.020521827100743
-77.5,-18.5,4643,0.021939278873877994,0.012166054803003097,0.008642565245965817,0.029486728705552773
-76.5,-18.5,4644,0.026447236935145908,0.010429783677081248,0.0081409141596234,0.03140639511985331
-75.5,-18.5,4645,0.050290194202479425,0.009844681440326028,0.007542124694534141,0.030129609801788765
-74.5,-18.5,4646,0.08703202402841036,0.008733327912780232,0.0054300028062575926,0.03457454321537821
-73.5,-18.5,4647,0.1063557074367931,0.008648547935582276,0.005539512954604508,0.06738149919238408
-72.5,-18.5,4648,0.05370237906333296,0.008921803055064032,0.005209573914683334,0.044614042236526645
-71.5,-18.5,4649,0.025782528781185077,0.009408936816793346,0.0052238345242715985,0.040531753459056755
-70.5,-18.5,4650,0.03515977138012823,0.009045433513137784,0.005415609371348497,0.046828000439383496
-69.5,-18.5,4651,0.06624906323926257,0.014151204176587476,0.010471396435543224,0.06913461743372165
-68.5,-18.5,4652,0.12147359961668834,0.028330255328879807,0.017919278062055857,0.2150256643506026
-67.5,-18.5,4653,0.22416936561455458,0.03227078607288402,0.02089278567613049,0.15947449713336326
-66.5,-18.5,4654,0.32927917232806964,0.049132288343422745,0.027642237527350146,0.30322413932958403
-65.5,-18.5,4655,0.48360819698876545,0.03812384037516791,0.019209787503021897,0.4087174385573135
-64.5,-18.5,4656,0.44010767396368033,0.03494372570345297,0.025531947513302653,0.2815548103658665
-63.5,-18.5,4657,0.6197540211452874,0.0632107412034878,0.04770894321051788,0.3982316214913247
-62.5,-18.5,4658,0.32409441844605225,0.02238754748641984,0.022225995016566063,0.34280138066606636
-61.5,-18.5,4659,0.23824639292675107,0.011646358328087834,0.01375249512065232,0.07692527388914819
-60.5,-18.5,4660,0.40014305880323914,0.013019967319817555,0.016671012580114955,0.10361390392864565
-59.5,-18.5,4661,0.6302454246599489,0.01225569850171121,0.011025791400532432,0.06386144054666876
-58.5,-18.5,4662,0.9807832833426537,0.024331488683962697,0.132358321265043,0.22402538941862504
-29.5,-18.5,4667,0.03845173938944886,0.008987287630514977,0.0024676238571707636,0.02302185884995613
-28.5,-18.5,4668,0.0357114871647792,0.005919519324560115,0.0030332858933385816,0.008654413197565075
-27.5,-18.5,4669,0.027711339288060865,0.004855679052122719,0.002519212376913537,0.010116095317725091
-26.5,-18.5,4670,0.03271733759341057,0.005033768879492969,0.0031953605363658636,0.022919589508157225
-25.5,-18.5,4671,0.03926514606275831,0.005391140310866806,0.003976643408349946,0.031211544165517868
-24.5,-18.5,4672,0.02294656832153581,0.005261727313760538,0.0032823992883489975,0.024268155252891856
-23.5,-18.5,4673,0.028665854406224846,0.006452048910299155,0.0035184804761432716,0.03197217010932903
-22.5,-18.5,4674,0.026759008063635452,0.010388823479771566,0.003156909611217568,0.03594053185869132
-21.5,-18.5,4675,0.030886733381328902,0.015842205114447092,0.004536219831837351,0.05275834727185908
-20.5,-18.5,4676,0.029912852693318663,0.015509602702266843,0.008219407122869614,0.029578167831736127
-19.5,-18.5,4677,0.027778071194951886,0.010459944271431841,0.004739840406079517,0.034049158744731745
-18.5,-18.5,4678,0.04270900164190579,0.01098259821367862,0.004110592860766537,0.023235160811464494
-17.5,-18.5,4679,0.07231717397724823,0.012058391978109397,0.0053312679987016455,0.037702941886822425
-16.5,-18.5,4680,0.09373179082096618,0.011987936540453546,0.005294921173494066,0.0490738218204264
-15.5,-18.5,4681,0.09736804982338662,0.01095872479450483,0.005871680783471481,0.03576664304510225
-14.5,-18.5,4682,0.10870122452616456,0.011733440926077044,0.005496367548419586,0.04917450661268375
-13.5,-18.5,4683,0.10684215166818348,0.012308318130405841,0.005843272423703572,0.06518580985277406
-12.5,-18.5,4684,0.07747222283945798,0.014583660012862933,0.007027233293450774,0.07765727933654229
-11.5,-18.5,4685,0.04024832427337641,0.014843309940879144,0.008772432481704113,0.1262969998719808
-10.5,-18.5,4686,0.03518833788354648,0.015359368435821887,0.007668066447455077,0.12334188101429355
0.5,-18.5,4697,0.032769369521032,NA,0.004213070734485599,0.007383360992627466
1.5,-18.5,4698,0.01580644703223932,NA,0.002670405744967916,0.00549816718859377
2.5,-18.5,4699,0.01650873015005065,NA,0.002885494355399572,0.007107948035708461
3.5,-18.5,4700,0.011781644000631118,NA,0.001994732527861658,0.005757147612563712
4.5,-18.5,4701,0.01069828353311523,NA,0.002350836207880004,0.0071106042633985065
5.5,-18.5,4702,0.007321040373629141,NA,0.002603102993239902,0.006717676819350645
6.5,-18.5,4703,0.010739527241368759,NA,0.0028983828790640283,0.006986361942324554
7.5,-18.5,4704,0.009431854785957615,NA,0.0025319612281746403,0.004771159967080513
8.5,-18.5,4705,0.008589505068548801,NA,0.0022694359596462455,0.0041874567400787665
9.5,-18.5,4706,0.00894728873812507,NA,0.002807748902463008,0.00918934114423949
20.5,-18.5,4717,0.014438424697611826,0.011740855916224154,0.004125474085943932,0.01110846741340101
21.5,-18.5,4718,0.009073199223770895,0.008050175056456199,0.0028652912177663872,0.007965076255727595
22.5,-18.5,4719,0.007474397151493999,0.006586015506064187,0.002445998421177899,0.006663060805466027
23.5,-18.5,4720,0.007302591511120295,0.006525636059526388,0.002383849531449406,0.006510039137845877
24.5,-18.5,4721,0.010573088210683762,0.007179799602636678,0.0023734199197214968,0.006489137430200825
25.5,-18.5,4722,0.010546669848935828,0.007166669333672954,0.002409425608276066,0.008000866128457507
26.5,-18.5,4723,0.010658911605817584,0.007788702638059753,0.0024375027326585825,0.010208885449472035
27.5,-18.5,4724,0.006250814947714067,0.006500812460390863,0.0022661508688743164,0.01211667250868682
28.5,-18.5,4725,0.008057615022682534,0.00741438859175758,0.0027096958339769,0.017606995554514948
29.5,-18.5,4726,0.00902486885369489,0.007993186668135296,0.0030725746179516844,0.019692873934436445
40.5,-18.5,4737,0.020856541193137946,0.005995583146433388,0.0027729953301029596,0.008291789066095437
41.5,-18.5,4738,0.01571318848005439,0.005926065067087987,0.0028871235277391845,0.007506792977424899
42.5,-18.5,4739,0.013090714876158661,0.006028897860161375,0.002996381321754248,0.007047835631300771
43.5,-18.5,4740,0.0075116568681042155,0.003736051171162343,0.0019501878922211164,0.003867597596836055
44.5,-18.5,4741,0.011670448215888385,0.005327766013646862,0.0026437494373640546,0.005656442491732641
45.5,-18.5,4742,0.009003849627534708,0.0036763007554724996,0.0021911794862275805,0.004877061250619475
46.5,-18.5,4743,0.008581456394130884,0.003993694611588592,0.0023537947442555597,0.005282279940918712
47.5,-18.5,4744,0.011690014581041503,0.004072282823926097,0.0022338168701106667,0.004570868129650666
48.5,-18.5,4745,0.010512967824896679,0.003991281889595568,0.002229837506464115,0.0046786069734005105
49.5,-18.5,4746,0.00878820592607955,0.00381418184444553,0.0021831783968882927,0.004681315522865541
50.5,-18.5,4747,0.006391217006637816,0.002870757351076078,NA,0.003387803578961643
51.5,-18.5,4748,0.006769581431410382,0.003013746429962933,NA,0.003975731374832271
52.5,-18.5,4749,0.006100597199778646,0.0026982041398381815,NA,0.005485391794912759
53.5,-18.5,4750,0.006029107184568525,0.0026934209772855257,NA,0.005372642817723659
54.5,-18.5,4751,0.006632219252888646,0.0032344920522212306,NA,0.006041715473036543
55.5,-18.5,4752,0.004722680461794585,0.0024853248083722616,NA,0.004872664045386775
56.5,-18.5,4753,0.004764973505487951,0.00249006265649243,NA,0.0047923272871011795
57.5,-18.5,4754,0.004722680461794585,0.00249006265649243,NA,0.0043364984612074995
58.5,-18.5,4755,0.00521815337227024,0.003128102060717633,NA,0.004357360860845605
59.5,-18.5,4756,0.006679114542418331,0.0032812104996603622,NA,0.004281196704025501
70.5,-18.5,4767,0.005882589468895356,NA,NA,NA
71.5,-18.5,4768,0.006232777440881981,NA,NA,NA
72.5,-18.5,4769,0.006341094706265186,NA,NA,NA
73.5,-18.5,4770,0.007338452364424353,NA,NA,NA
74.5,-18.5,4771,0.008123689064434593,NA,NA,NA
75.5,-18.5,4772,0.008338818609501517,NA,NA,NA
76.5,-18.5,4773,0.007858563795999396,NA,NA,NA
77.5,-18.5,4774,0.006181986868458008,NA,NA,NA
78.5,-18.5,4775,0.006113573672641238,NA,NA,NA
79.5,-18.5,4776,0.0037361453593617406,NA,NA,NA
80.5,-18.5,4777,0.003675021049854615,NA,NA,0.001059728652107084
81.5,-18.5,4778,0.0035668011090176648,NA,NA,0.0010687089099183792
82.5,-18.5,4779,0.0025711408364041772,NA,NA,8.67307351350781e-4
83.5,-18.5,4780,0.0024960695514552223,NA,NA,8.535959048842234e-4
84.5,-18.5,4781,0.0027437990467118994,NA,NA,9.105180877124814e-4
85.5,-18.5,4782,0.002412046140677956,NA,NA,8.499799346212741e-4
86.5,-18.5,4783,0.002394959995709484,NA,NA,8.582721871522713e-4
87.5,-18.5,4784,0.0030395389616663573,NA,NA,8.98469661771437e-4
88.5,-18.5,4785,0.001954759561252034,NA,NA,0.00089167175455696435
89.5,-18.5,4786,0.001562696553174724,NA,NA,0.0011384608955662576
90.5,-18.5,4787,0.0015840991370390562,NA,0.001085000039030516,0.001072756395803033
91.5,-18.5,4788,0.0019464863682020766,NA,0.0010996628615215012,0.001083508705146088
92.5,-18.5,4789,0.0027254480486010053,NA,0.0010877209770002718,0.0010852786265119073
93.5,-18.5,4790,0.0033545996917089876,NA,0.0010877209770002718,0.0011125702225439676
94.5,-18.5,4791,0.004426181492832405,NA,0.0012847855802392112,0.001287377893033092
95.5,-18.5,4792,0.004943934684022326,NA,0.001264233731988765,0.0012570481421854893
96.5,-18.5,4793,0.0070991977503694825,NA,0.0011499010054931106,0.001153759960461831
97.5,-18.5,4794,0.007667980092668682,NA,0.0011031784498644018,0.001438054007939457
98.5,-18.5,4795,0.022106125011024248,NA,0.004454106296886305,0.004531766882652469
99.5,-18.5,4796,0.027751313088923712,NA,0.004796402154750038,0.008333466639969348
-109.5,-17.5,4832,0.021356789643118813,NA,NA,0.008222504801148242
-108.5,-17.5,4833,0.019430413427966756,NA,NA,0.006633395853739491
-107.5,-17.5,4834,0.018720673594300553,NA,NA,0.00602232287973734
-106.5,-17.5,4835,0.018382120755735795,NA,NA,0.0061480148810774335
-105.5,-17.5,4836,0.0190553723595098,NA,NA,0.006847687899024655
-104.5,-17.5,4837,0.019071735964878506,NA,NA,0.008981752338197877
-103.5,-17.5,4838,0.019220210199352186,NA,NA,0.009963511022498695
-102.5,-17.5,4839,0.019522618088449843,NA,NA,0.007246800253586538
-101.5,-17.5,4840,0.019522618088449843,NA,NA,0.007261661309443262
-100.5,-17.5,4841,0.04402606387535481,NA,NA,0.007545609005660014
-99.5,-17.5,4842,0.04209629822204124,NA,NA,0.00750850013719132
-98.5,-17.5,4843,0.04177818365433207,NA,NA,0.008702132793127086
-97.5,-17.5,4844,0.045857201221697626,NA,NA,0.0083653230246319
-96.5,-17.5,4845,0.06317419575704054,NA,NA,0.008094270955295238
-95.5,-17.5,4846,0.055640083434501435,NA,NA,0.008195611046941331
-94.5,-17.5,4847,0.046925652221039636,NA,NA,0.008234419586712435
-93.5,-17.5,4848,0.037913134614489155,NA,NA,0.008122500082545347
-92.5,-17.5,4849,0.016132928706470356,NA,NA,0.007602462670669721
-91.5,-17.5,4850,0.018627934481146396,NA,NA,0.007647353830699129
-90.5,-17.5,4851,0.014099434215765275,NA,NA,0.008301709673059566
-89.5,-17.5,4852,0.014099434215765275,0.004067673316993787,0.005595716303727258,0.008199068499747287
-88.5,-17.5,4853,0.014435407965848962,0.0037232578211339206,0.0034007385614851964,0.008199068499747287
-87.5,-17.5,4854,0.015557444089160051,0.003704876880453094,0.0034156003018760007,0.008199068499747287
-86.5,-17.5,4855,0.02068178843918135,0.004048521797869065,0.004912114069025494,0.008966620361791959
-85.5,-17.5,4856,0.017745654387688128,0.004067773236916987,0.004154705787449935,0.008083090751807973
-84.5,-17.5,4857,0.012470742656179052,0.006464954101124414,0.0035140016182989265,0.008248026723791714
-83.5,-17.5,4858,0.009158514605112758,0.00841382103261826,0.0048089650169748,0.009593446269730271
-82.5,-17.5,4859,0.011155999293772123,0.01477780431476822,0.0051549291038354384,0.010134554794619062
-81.5,-17.5,4860,0.010624026683830912,0.010711167496971265,0.0056869866077162035,0.010307808425148567
-80.5,-17.5,4861,0.010446811707862224,0.009417692962627594,0.005337262346094767,0.010553521115653467
-79.5,-17.5,4862,0.02008825488691783,0.00960941824810472,0.0060351358709360625,0.0107881906565648
-78.5,-17.5,4863,0.02392740697709323,0.010708381174834497,0.0074220163060849465,0.0192745688653477
-77.5,-17.5,4864,0.024295626366780267,0.010389224280514616,0.006829136812413649,0.019152854675148583
-76.5,-17.5,4865,0.05165894948020844,0.011687016138294199,0.006618555379265094,0.02153493485686785
-75.5,-17.5,4866,0.06339561968845954,0.009644036525524324,0.006959445472473727,0.02093426657784612
-74.5,-17.5,4867,0.07924438698233909,0.009761127139506096,0.007384283325311868,0.018970267681751796
-73.5,-17.5,4868,0.09805870278333259,0.009918701786595823,0.007134840305619747,0.06662825042200778
-72.5,-17.5,4869,0.08674563240218928,0.009747355053908342,0.006081102301774033,0.06283266548498687
-71.5,-17.5,4870,0.06462762779388273,0.009899900012325458,0.006037474875182851,0.04594419341264314
-70.5,-17.5,4871,0.06052644748837918,0.009209962352220897,0.0057239796636342054,0.07772095089804099
-69.5,-17.5,4872,0.05783003502397727,0.01135160712759377,0.007171816246130927,0.05385744799952549
-68.5,-17.5,4873,0.23872785865044963,0.034345102635918515,0.02133367247453357,0.20706621422354413
-67.5,-17.5,4874,0.27151635956858616,0.04488687201834644,0.026019081495882196,0.4342024208065155
-66.5,-17.5,4875,0.48775220247827555,0.062341306173923326,0.026543805993335827,0.5889495064151504
-65.5,-17.5,4876,0.6429784772957855,0.08609664339300127,0.028526311695674513,0.6652540352321016
-64.5,-17.5,4877,0.6966522444276618,0.06120871935147585,0.029214265935048327,0.6800632911493875
-63.5,-17.5,4878,0.6631148448401374,0.04031904321715065,0.02435564317531905,0.5516005736801078
-62.5,-17.5,4879,0.671003238239099,0.038965659451050176,0.03135848152305064,0.5162010662747598
-61.5,-17.5,4880,0.7742290856057659,0.07908258033848226,0.05448192654015978,0.4602935268789348
-60.5,-17.5,4881,0.22753057591913514,0.011308368733491846,0.015544390586255067,0.13131044982933743
-59.5,-17.5,4882,0.5963033037255305,0.017422194019973743,0.019672748534556875,0.19795474455991
-58.5,-17.5,4883,0.8226182459081481,0.0383072250168593,0.10126969877074028,0.22190495304053331
-29.5,-17.5,4889,0.013490811461210972,0.006223482787323702,0.0020181355545901536,0.012011114726854621
-28.5,-17.5,4890,0.02479848192264988,0.007254884721796167,0.004658037424800832,0.019154619865082476
-27.5,-17.5,4891,0.028519556475689337,0.01061166143538613,0.0038672011417938104,0.03920115018582962
-26.5,-17.5,4892,0.02524951448009908,0.016234505857286804,0.004302530550114072,0.04082206902431658
-25.5,-17.5,4893,0.07360896471654428,0.012354961842798254,0.005553238389638747,0.04872756178656829
-24.5,-17.5,4894,0.030535697024508496,0.011270864247275875,0.00524410330216964,0.037375467566561335
-23.5,-17.5,4895,0.038831728563752645,0.012662813914115069,0.005076216581853156,0.06191147688186442
-22.5,-17.5,4896,0.02983170160790667,0.011084573116033914,0.0038948570238866846,0.07979995826226735
-21.5,-17.5,4897,0.029605013987138322,0.010907470489379843,0.005952071301453193,0.05270996916044333
-20.5,-17.5,4898,0.03301837250307378,0.012086428743406496,0.0076748179066020526,0.039787378163728016
-19.5,-17.5,4899,0.03858297320215985,0.012069886894838747,0.006009537195710642,0.030948076289121444
-18.5,-17.5,4900,0.06419309511266086,0.012107784707924577,0.005942933544168248,0.02879060604242925
-17.5,-17.5,4901,0.06869655436725866,0.01268587387546856,0.0058636309649396515,0.029514621430052578
-16.5,-17.5,4902,0.10513155482721709,0.011851301336069268,0.007261238158660674,0.025782663112762113
-15.5,-17.5,4903,0.10322618665598127,0.013326788639009072,0.00791085418043999,0.023049964341134144
-14.5,-17.5,4904,0.10907846394338991,0.013762822703151573,0.00782281074734493,0.029852455255884282
-13.5,-17.5,4905,0.11903108948545978,0.017290359431036104,0.008343677380188982,0.04382213492010022
-12.5,-17.5,4906,0.10789651242259637,0.021330584927870235,0.008546830798822952,0.1201612326766919
-11.5,-17.5,4907,0.05191251209198284,0.015377125603549887,0.006677977013083877,0.056112632005859725
-10.5,-17.5,4908,0.043445833291195786,0.023376723735706206,0.009089062193934993,0.12606790262859793
0.5,-17.5,4919,0.033349392053630564,NA,0.004336431195635531,0.041944217767917236
1.5,-17.5,4920,0.031316200803224975,NA,0.005664342568870989,0.009617818150883473
2.5,-17.5,4921,0.017790195292448713,NA,0.003965587005049821,0.007629703326153997
3.5,-17.5,4922,0.008054313020083642,NA,0.0021176874166897648,0.006376961273080456
4.5,-17.5,4923,0.01162673012530439,NA,0.0020602777073945857,0.006448817458583091
5.5,-17.5,4924,0.012684049683116956,NA,0.002527314461035915,0.007086420385782262
6.5,-17.5,4925,0.01234895356833604,NA,0.0025665717998147306,0.006347976871046279
7.5,-17.5,4926,0.012667180362133117,NA,0.002597189472266057,0.005394675614347499
8.5,-17.5,4927,0.014763439069217836,NA,0.0025019375674927,0.005179864768954977
9.5,-17.5,4928,0.014614337417620275,NA,0.0025173751416544383,0.009260365095491168
20.5,-17.5,4939,0.009026071958854014,0.007211332440255666,0.002554498624065984,0.00760101445645982
21.5,-17.5,4940,0.009023181000592661,0.007017274305468726,0.002542962228070821,0.006738372961940845
22.5,-17.5,4941,0.008885180502698528,0.006869605420786444,0.00252657218337601,0.006891459191863954
23.5,-17.5,4942,0.008258945330036583,0.0069320239681687455,0.0025138114551153377,0.007964851351970833
24.5,-17.5,4943,0.009623420081212447,0.007703970015774211,0.002554788544711608,0.009793417907826552
25.5,-17.5,4944,0.012995576633572661,0.014360320445582714,0.003103523455486697,0.01778336219792996
26.5,-17.5,4945,0.012496520594548645,0.009886177669553782,0.003155292740393677,0.02448011098586278
27.5,-17.5,4946,0.0072808015678177945,0.009131848523940079,0.0028101633981223177,0.01376689257364417
28.5,-17.5,4947,0.021506799103252476,0.009266292444415172,0.0031037327804435645,0.03709209940317269
29.5,-17.5,4948,0.00851782240629877,0.007674785685069257,0.0020994564823834235,0.03227791117090459
40.5,-17.5,4958,0.010563075208999328,0.006040488016415331,0.002802327831431959,0.007603394291223875
41.5,-17.5,4959,0.0118006252934354,0.007505121121215255,0.0035881522182533675,0.007695930020791641
42.5,-17.5,4960,0.009783361992344222,0.005981316438435569,0.0028700933807523435,0.00646531392641114
43.5,-17.5,4961,0.012079012671071272,0.0055625852047855385,0.002665502872889314,0.006630114534432859
44.5,-17.5,4962,0.010641017723737982,0.005397213862885509,0.002598194377367958,0.009769459805265317
45.5,-17.5,4963,0.010275060252976507,0.005111866418198051,0.002690696728408928,0.010526961353560191
46.5,-17.5,4964,0.010638351270501976,0.004871346487118283,0.002644083154038651,0.009053825874816786
47.5,-17.5,4965,0.010322056663040693,0.0042778006066615335,0.002519608925422699,0.00885404364278066
48.5,-17.5,4966,0.009905136685704885,0.0042778006066615335,0.002405678546245041,0.008101210344594127
49.5,-17.5,4967,0.009353722984856774,0.004083632096250755,7.8419774071598265e-05,0.007713887911672948
50.5,-17.5,4968,0.007378571908604765,0.003195234054369171,NA,0.005958338568835518
51.5,-17.5,4969,0.007166690625970636,0.00308552325093488,NA,0.005599949561417426
52.5,-17.5,4970,0.007367578669630034,0.0031870982552864024,NA,0.005898121040178453
53.5,-17.5,4971,0.0074726232472140785,0.0033051025682329658,NA,0.008076658291588514
54.5,-17.5,4972,0.006676768188616007,0.003649487944575233,NA,0.005541167124777784
55.5,-17.5,4973,0.005862026553964995,0.004065359526472674,NA,0.005510067090575121
56.5,-17.5,4974,0.006420928269237213,0.00445419383936096,NA,0.005686960690464074
57.5,-17.5,4975,0.006076788684715057,0.0032944769706879785,NA,0.0053899562685606585
58.5,-17.5,4976,0.00633983992738702,0.0032499389643115893,NA,0.005391246711362134
59.5,-17.5,4977,0.007032310576280152,0.0033865772979515623,NA,0.005391246711362134
70.5,-17.5,4988,0.006401334826130885,NA,NA,NA
71.5,-17.5,4989,0.00866263942651657,NA,NA,NA
72.5,-17.5,4990,0.0067230751566110395,NA,NA,NA
73.5,-17.5,4991,0.008421468195381325,NA,NA,NA
74.5,-17.5,4992,0.007571260207359702,NA,NA,NA
75.5,-17.5,4993,0.009860550860875268,NA,NA,NA
76.5,-17.5,4994,0.00677923392125821,NA,NA,NA
77.5,-17.5,4995,0.0068456420555950675,NA,NA,NA
78.5,-17.5,4996,0.004853511341044932,NA,NA,NA
79.5,-17.5,4997,0.0038700341942411727,NA,NA,NA
80.5,-17.5,4998,0.005302243115964586,NA,NA,0.0011619526107529256
81.5,-17.5,4999,0.0034035218805690296,NA,NA,0.0011588654468250128
82.5,-17.5,5000,0.002657302589729101,NA,NA,9.371161276355838e-4
83.5,-17.5,5001,0.0026446193782960043,NA,NA,9.371161276355838e-4
84.5,-17.5,5002,0.0024100739935723216,NA,NA,9.934937219150872e-4
85.5,-17.5,5003,0.0026471694127000035,NA,NA,9.815401922870387e-4
86.5,-17.5,5004,0.002874306593443263,NA,NA,9.810026598224759e-4
87.5,-17.5,5005,0.0019576425288815214,NA,NA,0.0011802075860682462
88.5,-17.5,5006,0.0019471376931826838,NA,NA,0.0011939825898546912
89.5,-17.5,5007,0.0021848495389836377,NA,NA,0.0012032671201727798
90.5,-17.5,5008,0.002856473101874652,NA,0.0011966692786344161,0.0012032671201727798
91.5,-17.5,5009,0.0032581444103391313,NA,0.0012008439723634105,0.0012074648032689853
92.5,-17.5,5010,0.003471470252276473,NA,0.0012028063253315946,0.0012086871061087476
93.5,-17.5,5011,0.004518064246318597,NA,0.0012066260301982945,0.0012327115346459235
94.5,-17.5,5012,0.006187190411808711,NA,0.0014071123459179925,0.0014307245774606017
95.5,-17.5,5013,0.013751052740923522,NA,0.001386243031456453,0.0014045059142999072
96.5,-17.5,5014,0.007190829083974034,NA,0.0012894728787721259,0.0013321716648576243
97.5,-17.5,5015,0.008145869484214465,NA,0.0013545684071725034,0.00285735004655319
98.5,-17.5,5016,0.02626670441284567,NA,0.00519628936670901,0.010392375719557164
99.5,-17.5,5017,0.029344192490810522,NA,0.009673720228801716,0.01140965684267189
-109.5,-16.5,5051,0.06649486253443736,NA,NA,0.006188708674744386
-108.5,-16.5,5052,0.058679031000972576,NA,NA,0.005665399109724503
-107.5,-16.5,5053,0.055750424746511394,NA,NA,0.005665399109724503
-106.5,-16.5,5054,0.03324494567783688,NA,NA,0.005575579107167285
-105.5,-16.5,5055,0.03405327341599665,NA,NA,0.005692434062438823
-104.5,-16.5,5056,0.03447256640834286,NA,NA,0.005812295956999799
-103.5,-16.5,5057,0.03447256640834286,NA,NA,0.006281473807863953
-102.5,-16.5,5058,0.05906932801353578,NA,NA,0.007184289915175346
-101.5,-16.5,5059,0.058395541599797166,NA,NA,0.007555961359082036
-100.5,-16.5,5060,0.07381783820667479,NA,NA,0.007571451578104618
-99.5,-16.5,5061,0.07726517490386012,NA,NA,0.007860810174775482
-98.5,-16.5,5062,0.06496104552018374,NA,NA,0.007836755535001926
-97.5,-16.5,5063,0.06544362964610582,NA,NA,0.0077707122061490205
-96.5,-16.5,5064,0.05407926432535054,NA,NA,0.00752488447389389
-95.5,-16.5,5065,0.03909147314443774,NA,NA,0.007637865731970057
-94.5,-16.5,5066,0.01801806297102973,NA,NA,0.007491410803130524
-93.5,-16.5,5067,0.013353632810181605,NA,NA,0.00771307514834677
-92.5,-16.5,5068,0.010767220167392786,NA,NA,0.006660186200332874
-91.5,-16.5,5069,0.013477332425085194,NA,NA,0.008069581622889375
-90.5,-16.5,5070,0.011496073382696948,NA,NA,0.006692243114274282
-89.5,-16.5,5071,0.011508743030234251,0.003440839783061937,0.0035097022048797564,0.006585567024803732
-88.5,-16.5,5072,0.011906949138521177,0.003818164686029367,0.003823640606727786,0.006662348714065991
-87.5,-16.5,5073,0.01944862915931359,0.0061895768493957955,0.005028248442456254,0.008729140442745212
-86.5,-16.5,5074,0.027357124732713956,0.006895397950186072,0.007000805143646183,0.010267627680487612
-85.5,-16.5,5075,0.02870507451352423,0.011519851171862105,0.0071145372769919535,0.009860823062795782
-84.5,-16.5,5076,0.029307488847801957,0.01599368655926005,0.007983040279835738,0.013328317899152555
-83.5,-16.5,5077,0.029942532435401417,0.014043134978921457,0.008189307806175123,0.012870081036990149
-82.5,-16.5,5078,0.019558706773698732,0.014410262026784665,0.009048172451320986,0.01484766826067852
-81.5,-16.5,5079,0.02074443362472625,0.01481215539216115,0.009381470906902679,0.01571299423800216
-80.5,-16.5,5080,0.023059858220343572,0.012183042068625501,0.0059872896679065086,0.014732205426143837
-79.5,-16.5,5081,0.024945017055762766,0.011058194266130219,0.007306297194744589,0.012630567879547716
-78.5,-16.5,5082,0.030402366101306057,0.00977595934984375,0.007127314080696945,0.01120696068369986
-77.5,-16.5,5083,0.040511374449281094,0.00948432630515618,0.006474596154471838,0.01292389635030642
-76.5,-16.5,5084,0.0695328421746639,0.009697392799982017,0.006690841851812171,0.016909743585760018
-75.5,-16.5,5085,0.0844763663380899,0.010572314814530932,0.006046761101248904,0.01975141654702054
-74.5,-16.5,5086,0.10448848641038747,0.009781067232526837,0.006332190702218132,0.02113992109735998
-73.5,-16.5,5087,0.11445633358215658,0.009323752785330338,0.0065874135394685335,0.019832688017712673
-72.5,-16.5,5088,0.10328031764460259,0.010535089445601066,0.00668584856827095,0.020476405531027496
-71.5,-16.5,5089,0.09918349871361946,0.010273820384584806,0.0065761229465094734,0.031260670233702686
-70.5,-16.5,5090,0.09033738109749219,0.010381900513000768,0.006344063741416687,0.035128158408460945
-69.5,-16.5,5091,0.1015835320410739,0.01018657849184338,0.006857173180015209,0.05158805836269706
-68.5,-16.5,5092,0.2112787631980196,0.02127494304431739,0.013640033621677148,0.19705128689190404
-67.5,-16.5,5093,0.2648843270984285,0.03202292919666616,0.02090328791351215,0.35417633236720225
-66.5,-16.5,5094,0.6189313264111795,0.07104739073216665,0.03298420264697002,0.59860288827417
-65.5,-16.5,5095,0.5298465837043517,0.043066675841615776,0.021112857442680436,0.3542340663794465
-64.5,-16.5,5096,0.5569969303769005,0.052583356217749753,0.025595182213463557,0.3552526543876172
-63.5,-16.5,5097,0.6295805423784198,0.05069548090671713,0.026221745764342514,0.5713627639036609
-62.5,-16.5,5098,0.6421035982577098,0.049693752326717786,0.02504368078756806,0.6074962654399855
-61.5,-16.5,5099,0.67323035277592,0.08195366234036514,0.030543291177840885,0.6434311779270177
-60.5,-16.5,5100,0.803659961417703,0.11883536762508135,0.04703875389742015,0.7376554391333191
-59.5,-16.5,5101,0.36458274688041453,0.015379479355478733,0.013549554554100125,0.2099662129310513
-58.5,-16.5,5102,0.5189913985579507,0.016903783710420398,0.03610739399758271,0.2710363914106615
-57.5,-16.5,5103,0.679934097401006,0.06623312839660161,0.175675152873879,0.3055773328920367
-29.5,-16.5,5111,0.03941227877484972,0.01750862405266634,0.010933122511948015,0.07145177901048987
-28.5,-16.5,5112,0.067318533040413,0.024822748028941775,0.013212754135033913,0.1198827692302515
-27.5,-16.5,5113,0.030875475899815007,0.012248279483261302,0.007732682737588414,0.05930872935997932
-26.5,-16.5,5114,0.03740076151321649,0.011383220827596591,0.007149663927708648,0.06811913789837765
-25.5,-16.5,5115,0.035615557931435345,0.01091181332888717,0.008105889434207545,0.06260089964160023
-24.5,-16.5,5116,0.03608137615907828,0.011501580381779307,0.00580390846419151,0.05382347516348324
-23.5,-16.5,5117,0.07808386490037018,0.011435114039048202,0.007154922900813448,0.0772893775793099
-22.5,-16.5,5118,0.05631683932378569,0.012765014041535464,0.00680666336827802,0.0701316743859244
-21.5,-16.5,5119,0.0406596122439395,0.012109985101903678,0.0063290756495108895,0.03561891040451293
-20.5,-16.5,5120,0.050814275836853905,0.01361260738681478,0.0056574789042758665,0.04241459232239007
-19.5,-16.5,5121,0.06514024906475264,0.015215619872810953,0.0073962042051786605,0.022648973327939817
-18.5,-16.5,5122,0.06317049394571708,0.015361676025867316,0.007364324005297625,0.02771396642136573
-17.5,-16.5,5123,0.0588426471565037,0.01540542974084059,0.007385470208976799,0.022926670692868724
-16.5,-16.5,5124,0.06716643936696165,0.015498206024875179,0.007531920546761991,0.02293455387987305
-15.5,-16.5,5125,0.1287417616518786,0.01707674336467587,0.008153270207510934,0.024847122990567284
-14.5,-16.5,5126,0.12079639306313669,0.01954073166895603,0.008365820777977616,0.0393767088395268
-13.5,-16.5,5127,0.13257601274908182,0.025711983137776905,0.010467957742563384,0.07899088636955691
-11.5,-16.5,5128,0.03422263068341596,0.018517961226106872,0.00893966100591707,0.1376478133064513
-10.5,-16.5,5129,0.043297208733856875,0.03358357314413754,0.008927860983655448,0.0812950196249203
0.5,-16.5,5139,0.059021626134683994,NA,0.002354152504117892,0.04103664053272082
1.5,-16.5,5140,0.022298863786727716,NA,0.0038758726596200407,0.01428427848644489
2.5,-16.5,5141,0.013460479850359353,NA,0.002532422179217706,0.007415602110792553
3.5,-16.5,5142,0.012931500618907315,NA,0.002788875365476951,0.00556307891643702
4.5,-16.5,5143,0.014958711770522189,NA,0.0031172838917336047,0.011010343413593297
5.5,-16.5,5144,0.020461460087485242,NA,0.0029005343987497183,0.005984130684479323
6.5,-16.5,5145,0.015999608617279646,NA,0.00290490000606199,0.005758642905766172
7.5,-16.5,5146,0.017379483800203835,NA,0.002740594298893252,0.00532950682587803
8.5,-16.5,5147,0.020775496777664028,NA,0.0025351289040814215,0.008710517857351378
9.5,-16.5,5148,0.020226073762242777,NA,0.002544327270121917,0.01518041479453685
20.5,-16.5,5159,0.008231042322106308,0.007000718616432982,0.0025639143888158892,0.013255517498037207
21.5,-16.5,5160,0.007679568567035808,0.006570947266932021,0.0024890794996903364,0.012947850608213617
22.5,-16.5,5161,0.01026069283602582,0.006720940351413201,0.00255443637623028,0.01339730613708499
23.5,-16.5,5162,0.010354807623543875,0.008340306632453639,0.0026007631820503846,0.012425206249100908
24.5,-16.5,5163,0.01175210359001001,0.008174515904406167,0.0028610548585962605,0.014414167369272977
25.5,-16.5,5164,0.012387940791712302,0.013148804420970975,0.0033304708097849226,0.019666037773263628
26.5,-16.5,5165,0.012716491673615955,0.010337611089019443,0.002871797901510245,0.020635380269339983
27.5,-16.5,5166,0.008899272817377409,0.010239560826439845,0.0023405692371879926,0.018935349692728278
28.5,-16.5,5167,0.004706509125682267,0.005752233183558208,0.0020892102579100845,0.01433418458785781
29.5,-16.5,5168,0.013693116433074342,0.009913514961799862,0.002770719520318977,0.040314831303218425
40.5,-16.5,5179,0.01145857273152788,0.006832872548203703,0.0031554729211135386,0.014721206753623164
41.5,-16.5,5180,0.01261315231297494,0.006183489247385101,0.0029204312191522643,0.010415812681046998
42.5,-16.5,5181,0.01203369793595917,0.0059941431754096984,0.0028058467032076096,0.010184801199033455
43.5,-16.5,5182,0.01076925986966292,0.00552572545843923,0.0025859331091026326,0.0091894760291557
44.5,-16.5,5183,0.010425870195114388,0.005444759266970518,0.00257287334533901,0.009097121789767468
45.5,-16.5,5184,0.010125044810514842,0.005286284643032213,0.0024893466542523814,0.00909068718195658
46.5,-16.5,5185,0.010193096733523773,0.005281293298344521,0.0024505926942739314,0.009300722714255173
47.5,-16.5,5186,0.010539584825257606,0.005342399737576698,0.002446228108843104,0.009083955225050086
48.5,-16.5,5187,0.010897569784141532,0.005430787366362195,0.002558418178256469,0.009085214757012528
49.5,-16.5,5188,0.00856730920194129,0.0035921182942812335,0.0018757911251920997,0.006791268922963953
50.5,-16.5,5189,0.0077312240359544565,0.0039886635397906505,NA,0.0065478903695114785
51.5,-16.5,5190,0.007747144840758929,0.004736711677763202,NA,0.006527041050866883
52.5,-16.5,5191,0.008095863442194935,0.003632699855438165,NA,0.005881293082500487
53.5,-16.5,5192,0.0070392910175632265,0.0034359395491357367,NA,0.0056922080059109564
54.5,-16.5,5193,0.006595361810918701,0.003249461970884552,NA,0.005543522081829788
55.5,-16.5,5194,0.005672545567298358,0.003249461970884552,NA,0.006082508317951411
56.5,-16.5,5195,0.0057412565185964975,0.0032804324662671887,NA,0.005522353493121642
57.5,-16.5,5196,0.008364836207951521,0.00328394330001631,NA,0.005480206907592447
58.5,-16.5,5197,0.006177215117938836,0.003287281091369096,NA,0.0054437309201605085
59.5,-16.5,5198,0.0073727735389338385,0.0035333745894176234,NA,0.0059064089311991735
70.5,-16.5,5209,0.006453311996259275,NA,NA,NA
71.5,-16.5,5210,0.00564988409663253,NA,NA,NA
72.5,-16.5,5211,0.005432480708130005,NA,NA,NA
73.5,-16.5,5212,0.006807106793688198,NA,NA,NA
74.5,-16.5,5213,0.0066914120586438475,NA,NA,NA
75.5,-16.5,5214,0.00551278133993293,NA,NA,NA
76.5,-16.5,5215,0.006260593476387584,NA,NA,NA
77.5,-16.5,5216,0.0046768662485551305,NA,NA,NA
78.5,-16.5,5217,0.004433615823165257,NA,NA,NA
79.5,-16.5,5218,0.0035525641174260826,NA,NA,NA
80.5,-16.5,5219,0.0033173384910465736,NA,NA,0.0011523610045858362
81.5,-16.5,5220,0.003379080918725155,NA,NA,0.0011505249329919962
82.5,-16.5,5221,0.0024694805300120516,NA,NA,9.351379117975063e-4
83.5,-16.5,5222,0.002466067869357208,NA,NA,9.338436273486031e-4
84.5,-16.5,5223,0.0030547344756983266,NA,NA,0.0010427886413240095
85.5,-16.5,5224,0.00316963038029203,NA,NA,0.0011767045962426908
86.5,-16.5,5225,0.0029845371498259297,NA,NA,0.0011920356007121997
87.5,-16.5,5226,0.0026370552586829532,NA,NA,0.0012032671201727798
88.5,-16.5,5227,0.0023929101102071366,NA,NA,0.0012032671201727798
89.5,-16.5,5228,0.002857629710322275,NA,NA,0.0012074648032689853
90.5,-16.5,5229,0.0036011534768140858,NA,0.00120374773436492,0.0012186554937449307
91.5,-16.5,5230,0.004206114681429594,NA,0.0012149040172369835,0.001295058731132594
92.5,-16.5,5231,0.004208713678934295,NA,0.0012187620933903395,0.0013084635380105976
93.5,-16.5,5232,0.00585367274318712,NA,0.0012267957103132506,0.0013221510458810402
94.5,-16.5,5233,0.006862429599424071,NA,0.0014212620009478735,0.0014493520966773388
95.5,-16.5,5234,0.007762441161666547,NA,0.001186522023185971,0.0015312627281145754
96.5,-16.5,5235,0.011010074108160552,NA,0.001414662862443681,0.0024224322347439257
97.5,-16.5,5236,0.008786581692001073,NA,0.0020248858690225043,0.0033422509805637185
98.5,-16.5,5237,0.03293218802318641,NA,0.010384866565657602,0.009870256508696737
99.5,-16.5,5238,0.029764062576331796,NA,0.02234515570344897,0.026392315010348475
-109.5,-15.5,5271,0.06719218779902436,NA,NA,0.006049402508946484
-108.5,-15.5,5272,0.06293837950243979,NA,NA,0.006032058509948403
-107.5,-15.5,5273,0.0607810534685311,NA,NA,0.006032058509948403
-106.5,-15.5,5274,0.06042839720991378,NA,NA,0.0059448008372864555
-105.5,-15.5,5275,0.05613886108478145,NA,NA,0.00601521079692712
-104.5,-15.5,5276,0.05613886108478145,NA,NA,0.00644686704008254
-103.5,-15.5,5277,0.059210961569657106,NA,NA,0.006594700289601726
-102.5,-15.5,5278,0.0607677009091872,NA,NA,0.006839602153958157
-101.5,-15.5,5279,0.051758009587238286,NA,NA,0.006859582947415349
-100.5,-15.5,5280,0.04612643243220621,NA,NA,0.010130291767633047
-99.5,-15.5,5281,0.03215848133491142,NA,NA,0.007521061370787729
-98.5,-15.5,5282,0.026412417432247346,NA,NA,0.009291905328491654
-97.5,-15.5,5283,0.025261602495400205,NA,NA,0.007504105994151667
-96.5,-15.5,5284,0.02072580534146099,NA,NA,0.009516789198595516
-95.5,-15.5,5285,0.014340364301402413,NA,NA,0.006597065185157355
-94.5,-15.5,5286,0.010856826099976352,NA,NA,0.006546356799164275
-93.5,-15.5,5287,0.009798528536532338,NA,NA,0.005475532498182316
-92.5,-15.5,5288,0.021020559025728455,NA,NA,0.007838053906859871
-91.5,-15.5,5289,0.010904923267186103,NA,NA,0.0055557295784679625
-90.5,-15.5,5290,0.0115651268473181,NA,NA,0.005653765838689782
-89.5,-15.5,5291,0.013731450877184314,0.003307440073415821,0.0037641915811951225,0.006193993007993936
-88.5,-15.5,5292,0.021995297564866005,0.005197205143850152,0.005705112991730979,0.009617508194097818
-87.5,-15.5,5293,0.030747571892054456,0.009464155272508795,0.006150977449983606,0.010694479519234742
-86.5,-15.5,5294,0.0299844532583593,0.015009292266900254,0.006071117692620922,0.011506193260048361
-85.5,-15.5,5295,0.03223146004763075,0.011120799937388624,0.006190140246337803,0.01233454790250425
-84.5,-15.5,5296,0.03199967648096859,0.01055736556587041,0.0061910180542140494,0.012242283769874322
-83.5,-15.5,5297,0.024004217907533282,0.014643187915070641,0.007387910512655644,0.013049783564237243
-82.5,-15.5,5298,0.03631364148319019,0.014143321954366744,0.009244890815620811,0.020122717063069503
-81.5,-15.5,5299,0.037306779863269406,0.015569219129235354,0.009968137551265892,0.020596446933119062
-80.5,-15.5,5300,0.05000506168737131,0.015985772843299433,0.010187346973381705,0.02511763953557199
-79.5,-15.5,5301,0.04833282766951563,0.016350330704209666,0.011392033528913529,0.01914056004873581
-78.5,-15.5,5302,0.04482673623056533,0.009731020952780367,0.00613883359248159,0.010551743889305671
-77.5,-15.5,5303,0.06631903908180573,0.009373228738041578,0.006042329498400503,0.011143584867613406
-76.5,-15.5,5304,0.09797528274581711,0.017727002502815947,0.009328129938751227,0.022635545821605565
-75.5,-15.5,5305,0.11727827121438272,0.018911616213692244,0.010624321497884085,0.021289304080933893
-74.5,-15.5,5306,0.12796388088954214,0.020676435271373642,0.01088948801683979,0.02150976928441787
-73.5,-15.5,5307,0.10971902329791533,0.014833948335188476,0.009148709249218501,0.02051397710652476
-72.5,-15.5,5308,0.08505835053366842,0.01010315662656676,0.006594268179882572,0.02303967370183282
-71.5,-15.5,5309,0.10632973844594724,0.009954925266234737,0.006164710123578359,0.028743347687084746
-70.5,-15.5,5310,0.07255030414393834,0.009125566292239963,0.005762467093724696,0.028009664237073406
-69.5,-15.5,5311,0.10306273767300805,0.009900150622741641,0.006020538441537523,0.04031025254853562
-68.5,-15.5,5312,0.19703779613777875,0.018722387433891107,0.010865821615432569,0.1499202635158126
-67.5,-15.5,5313,0.25466877267575844,0.022303549352593453,0.012606526745949835,0.25087509033730715
-66.5,-15.5,5314,0.2802893314096896,0.03041863740526482,0.014658036554969068,0.3073816262372968
-65.5,-15.5,5315,0.32834582363348036,0.029592515540045848,0.014718705605987101,0.227747752383493
-64.5,-15.5,5316,0.41848211546124053,0.03635556718165137,0.018952921698882446,0.35123517976905405
-63.5,-15.5,5317,0.5284228732800934,0.0413198079686077,0.019317445889498828,0.4207041478336441
-62.5,-15.5,5318,0.642255355146258,0.05525690341523783,0.02574908198040481,0.446611862564919
-61.5,-15.5,5319,0.5630976923804168,0.06025399727222417,0.025239802491674842,0.630709583304653
-60.5,-15.5,5320,0.6713100652187682,0.06856356705286866,0.031484801307237444,0.7254108345434941
-59.5,-15.5,5321,0.8037416585619501,0.2031918812749821,0.046468448784755444,0.7250525728069035
-58.5,-15.5,5322,0.32671063269887585,0.046996617298805166,0.01230123716581275,0.16671073948875148
-57.5,-15.5,5323,0.6191068315288081,0.03033272857398689,0.017312484971073655,0.1500455745440072
-56.5,-15.5,5324,0.336145758437942,0.15791355124604503,0.13248586349656147,0.6527387144434774
-29.5,-15.5,5335,0.05241246225889839,0.01853133226113146,0.010582738879652323,0.13743987315103096
-28.5,-15.5,5336,0.05864376199186287,0.016302994231023233,0.010994186873181828,0.07469770028195681
-27.5,-15.5,5337,0.07130470518507279,0.015369976247147019,0.010213579401202124,0.06319732385836968
-26.5,-15.5,5338,0.07887448881814105,0.015909493044936343,0.010274196311359216,0.0911552419661306
-25.5,-15.5,5339,0.08275899954157537,0.015549023030005325,0.008334435460847554,0.060306781187390614
-24.5,-15.5,5340,0.06632742210868954,0.014382548902562086,0.007186371554675634,0.06943563016925139
-23.5,-15.5,5341,0.05867878769490416,0.014543170916392591,0.006159880743483817,0.057999249693475
-22.5,-15.5,5342,0.05964594990698739,0.014567197342157178,0.007100632593863045,0.05216993437253015
-21.5,-15.5,5343,0.0523616075935971,0.01365048921695418,0.006969371237905207,0.02650317456239921
-20.5,-15.5,5344,0.052138502404773045,0.013641543887547906,0.006735768750548035,0.026261548661042543
-19.5,-15.5,5345,0.06273646768438755,0.014691046005898765,0.007428442387952512,0.03498988681711655
-18.5,-15.5,5346,0.06414555893449257,0.01573128153870661,0.007498395055036971,0.029105158641916175
-17.5,-15.5,5347,0.06658903973892365,0.017148526666349348,0.007489436778843417,0.029435265412639716
-16.5,-15.5,5348,0.06925928324935132,0.01885369713720162,0.00794560564713259,0.031728125171806176
-15.5,-15.5,5349,0.10541678257369345,0.021388240980725295,0.014289943924936188,0.04799613286332246
-14.5,-15.5,5350,0.09059605691665865,0.02390253104645816,0.01852573326409111,0.09458475464521843
-13.5,-15.5,5351,0.064398185756702,0.022040758664119593,0.019051645193904135,0.09601062594996596
-12.5,-15.5,5352,0.05959069652284804,0.03638696927148128,0.011893373773107233,0.24657335940491004
-11.5,-15.5,5353,0.049665811001266685,0.02996823375305696,0.00912772245874099,0.13208786725608324
-10.5,-15.5,5354,0.06004883816160003,0.029827837993328565,0.008662568427287187,0.08825627281305998
0.5,-15.5,5365,0.02207882512437117,NA,0.003768742112927037,0.012215650601959324
1.5,-15.5,5366,0.017411557213760812,NA,0.0027872478945496705,0.015296668404477508
2.5,-15.5,5367,0.009069527196757054,NA,0.0025710139699483977,0.00668238620817016
3.5,-15.5,5368,0.018261625857380174,NA,0.003755476105265236,0.005400319519705058
4.5,-15.5,5369,0.014585527781410904,NA,0.003103052659561289,0.00900219275469641
5.5,-15.5,5370,0.01777159449660376,NA,0.003700868447457688,0.005590254934729239
6.5,-15.5,5371,0.012879489711708039,NA,0.004420635355967586,0.009217314447930482
7.5,-15.5,5372,0.013406746809187202,NA,0.003416085731923875,0.01074892501094153
8.5,-15.5,5373,0.01384185031527993,NA,0.0032816873693807844,0.013389807360809292
9.5,-15.5,5374,0.017367565304285695,NA,0.0034650192772502342,0.009708130709814355
20.5,-15.5,5385,0.046194745482769896,0.006646613586978497,0.0025416366198541367,0.008542743536612905
21.5,-15.5,5386,0.04100439712850899,0.005895320311321214,0.0025461709996400564,0.008390131843474284
22.5,-15.5,5387,0.038964719886172915,0.006727792346651625,0.0026653887494092494,0.009005954333966991
23.5,-15.5,5388,0.03650459773572639,0.007014509119081635,0.002711492029180723,0.010160423463389027
24.5,-15.5,5389,0.03403121456071954,0.010055784502570678,0.0033139806122384394,0.011592811769641083
25.5,-15.5,5390,0.024460400373426554,0.010349660556582013,0.003204059336942009,0.011381140248790535
26.5,-15.5,5391,0.024394709444792894,0.01774275597619731,0.003856120865681951,0.014925531898727858
27.5,-15.5,5392,0.016630170427326778,0.011400868840260064,0.003088777739252723,0.013604469293107662
28.5,-15.5,5393,0.022619768429889275,0.008376050117326016,0.0028796353792103734,0.015735716864045176
29.5,-15.5,5394,0.02269424675410602,0.007923370913684537,0.0027210721957584222,0.020706499395186338
40.5,-15.5,5405,0.011371396734485784,0.006047730376635298,0.003018039454963429,0.013314941139726696
41.5,-15.5,5406,0.010039601461474118,0.005439281858049763,0.0028038314082113416,0.011977565594059384
42.5,-15.5,5407,0.011465968433834541,0.005397494822435897,0.0027925260642518808,0.011799995377384518
43.5,-15.5,5408,0.014854223092297862,0.0053363592897037815,0.002887657997141091,0.009708256656600089
44.5,-15.5,5409,0.011063188641591424,0.005148061529597661,0.0027976271608377693,0.009310598294418266
45.5,-15.5,5410,0.010760321132738133,0.0052250406465468215,0.0028987676210794466,0.009483489052284482
46.5,-15.5,5411,0.010898992511756463,0.006284517149225562,0.0028773464655826283,0.009335664225703835
47.5,-15.5,5412,0.011134359656069112,0.006977516335573046,0.002857700627159863,0.009314970412725207
48.5,-15.5,5413,0.00903878808803695,0.005085508446023013,0.0023903201674154505,0.007672789849030105
49.5,-15.5,5414,0.007498106925496411,0.004245474066442524,0.0020393958667164593,0.006384954590295926
50.5,-15.5,5415,0.007533196292765132,0.0036526156274242134,NA,0.008508385335364564
51.5,-15.5,5416,0.007567087769186096,0.0036549597168695973,NA,0.006264510764635073
52.5,-15.5,5417,0.0073961645247887665,0.003577227984418333,NA,0.0060428071127019405
53.5,-15.5,5418,0.007275642289206032,0.003500704868438724,NA,0.006024918316992553
54.5,-15.5,5419,0.006836392174224246,0.0033910982313631846,NA,0.0058229399325977664
55.5,-15.5,5420,0.005993942365904064,0.0035556042924390612,NA,0.0058229399325977664
56.5,-15.5,5421,0.006674033791125824,0.0036420247056546404,NA,0.006553095762002907
57.5,-15.5,5422,0.006598302054901046,0.0035140525639440934,NA,0.0063234846444380705
58.5,-15.5,5423,0.006266518973413028,0.004242007367676419,NA,0.005469030034662991
59.5,-15.5,5424,0.007042271206262307,0.003767227422901286,NA,0.005438971700886959
70.5,-15.5,5435,0.005031251041368289,NA,NA,NA
71.5,-15.5,5436,0.00502093145443339,NA,NA,NA
72.5,-15.5,5437,0.00502093145443339,NA,NA,NA
73.5,-15.5,5438,0.007162780620154385,NA,NA,NA
74.5,-15.5,5439,0.007101522649706466,NA,NA,NA
75.5,-15.5,5440,0.006947346989623394,NA,NA,NA
76.5,-15.5,5441,0.005739044202036774,NA,NA,NA
77.5,-15.5,5442,0.004834529991213013,NA,NA,NA
78.5,-15.5,5443,0.005825852170911271,NA,NA,NA
79.5,-15.5,5444,0.0036376616828888634,NA,NA,NA
80.5,-15.5,5445,0.003551912838936365,NA,NA,0.0010486439227405135
81.5,-15.5,5446,0.004549215316967903,NA,NA,0.0011484498655855724
82.5,-15.5,5447,0.0025223558730117735,NA,NA,8.519316037724074e-4
83.5,-15.5,5448,0.0033423878059910994,NA,NA,9.624422693980363e-4
84.5,-15.5,5449,0.002963972804216189,NA,NA,9.650835871026261e-4
85.5,-15.5,5450,0.0031995351371660505,NA,NA,0.0013917164375307333
86.5,-15.5,5451,0.0036579044015058204,NA,NA,0.001219844091642825
87.5,-15.5,5452,0.0024913364169054735,NA,NA,0.0012224238456508075
88.5,-15.5,5453,0.0028056355909928292,NA,NA,0.0012266882762711428
89.5,-15.5,5454,0.003559583635000636,NA,NA,0.0012347677939257185
90.5,-15.5,5455,0.004536595136552028,NA,0.00121115810775335,0.0012386888716977116
91.5,-15.5,5456,0.004937479008617564,NA,0.0012123841447448825,0.0013137517377173414
92.5,-15.5,5457,0.005956841219298478,NA,0.0012227319973356413,0.001318601251588635
93.5,-15.5,5458,0.007033655477508939,NA,0.00103932379289744,0.0013264572739633985
94.5,-15.5,5459,0.008314078248131872,NA,0.0014435480315235594,0.002497712437776263
95.5,-15.5,5460,0.008709338233357226,NA,0.001315803509532612,0.0026875218591236112
96.5,-15.5,5461,0.009270735032143828,NA,0.0022887482058654165,0.004920167508245816
97.5,-15.5,5462,0.01072932387321709,NA,0.0027190856487809127,0.004338049801355387
98.5,-15.5,5463,0.030897196638174407,NA,0.013881634633958972,0.021960815333946126
99.5,-15.5,5464,0.030464488884849195,NA,0.019380481007971892,0.028920590301955137
-109.5,-14.5,5497,0.07161414452430338,NA,NA,0.006180533082885424
-108.5,-14.5,5498,0.06427144125344597,NA,NA,0.0061144271599189535
-107.5,-14.5,5499,0.059672402571982565,NA,NA,0.005977298230322981
-106.5,-14.5,5500,0.053808521504384484,NA,NA,0.006066128826004236
-105.5,-14.5,5501,0.04914527804537373,NA,NA,0.0060780569173346545
-104.5,-14.5,5502,0.03444852852310465,NA,NA,0.006097350800144904
-103.5,-14.5,5503,0.029885460061863756,NA,NA,0.006560164028712698
-102.5,-14.5,5504,0.029003121410134287,NA,NA,0.006677652035742214
-101.5,-14.5,5505,0.024298496300486357,NA,NA,0.006659449200769648
-100.5,-14.5,5506,0.02980854987503448,NA,NA,0.006676694535857934
-99.5,-14.5,5507,0.027467264915709014,NA,NA,0.006925612933612807
-98.5,-14.5,5508,0.025270362513341377,NA,NA,0.007250042503047696
-97.5,-14.5,5509,0.024945909975355108,NA,NA,0.006797248738207555
-96.5,-14.5,5510,0.02187965318948636,NA,NA,0.005970447195740295
-95.5,-14.5,5511,0.021189033571423797,NA,NA,0.006508954473915862
-94.5,-14.5,5512,0.017782459622589755,NA,NA,0.005186954124806973
-93.5,-14.5,5513,0.011172015194361765,NA,NA,0.0054955259101005065
-92.5,-14.5,5514,0.010766178003791366,NA,NA,0.005000758035235055
-91.5,-14.5,5515,0.015242156177093836,NA,NA,0.006123101980806876
-90.5,-14.5,5516,0.011696714681354244,NA,NA,0.005861149771135431
-89.5,-14.5,5517,0.015212704058224327,0.006541771510123125,0.004041007778756212,0.006235652413483516
-88.5,-14.5,5518,0.028055714525681844,0.008677924393210029,0.006155799959289184,0.010282300602120409
-87.5,-14.5,5519,0.028988455508574363,0.00816134008236718,0.00606821370303091,0.009981148275210603
-86.5,-14.5,5520,0.05231129595288136,0.008332752463032413,0.006206362629794207,0.006612234816998902
-85.5,-14.5,5521,0.05541217150097716,0.009782941483410346,0.006910021438471625,0.006625800455324943
-84.5,-14.5,5522,0.06854190759100905,0.010847842034194175,0.007395972570862735,0.006591104711831386
-83.5,-14.5,5523,0.08578222813167394,0.013412200264944716,0.009554940175236842,0.007695360493640998
-82.5,-14.5,5524,0.05992388379261512,0.014325947357335635,0.010744735874186681,0.008403493929744424
-81.5,-14.5,5525,0.07887356189427054,0.01517875365638167,0.011161621176487434,0.009110174735246617
-80.5,-14.5,5526,0.07766773039532457,0.015181371432474408,0.01093101907113044,0.008812212873249348
-79.5,-14.5,5527,0.09146006561454251,0.016468958398416198,0.011622935242595216,0.010088930392253524
-78.5,-14.5,5528,0.10865601331720051,0.021128530199279093,0.009945327498224337,0.01586165731369205
-77.5,-14.5,5529,0.1054313565006262,0.015171161842426905,0.009385114317095721,0.01552799001183389
-76.5,-14.5,5530,0.13804560368521696,0.016473389486188317,0.008854728996460571,0.015629987237859817
-75.5,-14.5,5531,0.13411999197569638,0.018477928025479085,0.009877370036586147,0.019479916719811172
-74.5,-14.5,5532,0.10256500529217596,0.016299385603183517,0.008853565957330414,0.020724673378867273
-73.5,-14.5,5533,0.11270154930296435,0.014993026602578861,0.008676789172043326,0.023563854738591267
-72.5,-14.5,5534,0.16578018167902706,0.02055146052222692,0.007192705007533168,0.02516755642992738
-71.5,-14.5,5535,0.1333478547934432,0.013392743214634,0.00658670319247966,0.03652162709752521
-70.5,-14.5,5536,0.07450203769285241,0.008489789493441487,0.004272472636275604,0.02355920940492781
-69.5,-14.5,5537,0.06904561964947879,0.008724391183877247,0.004106500868038131,0.024124480715374333
-68.5,-14.5,5538,0.13308419516853637,0.015943893059368167,0.008312962377683948,0.05041636830595824
-67.5,-14.5,5539,0.14808659153236006,0.02441718751904071,0.01256737860362676,0.2554654750869034
-66.5,-14.5,5540,0.14503346094495412,0.025149969719622505,0.014886431903614486,0.31124635292447195
-65.5,-14.5,5541,0.24841680961699245,0.02549125559200175,0.014177950783637941,0.37758634790664247
-64.5,-14.5,5542,0.27669672604968387,0.03047408032143309,0.015198127621364027,0.24239667505513682
-63.5,-14.5,5543,0.4428751830594643,0.04762459570988572,0.023165720406851456,0.3671359364524492
-62.5,-14.5,5544,0.5480997010595098,0.056643047905865496,0.025827891718293205,0.3811435311329127
-61.5,-14.5,5545,0.6282225706257522,0.06434911254302407,0.023266650026643815,0.478276285533198
-60.5,-14.5,5546,0.6736863107881343,0.05833097024642708,0.020459159084949802,0.5977621719216448
-59.5,-14.5,5547,0.6554898892895541,0.06588992834350602,0.023736415986915265,0.7136546889539326
-58.5,-14.5,5548,0.7192774831674699,0.14376316866193045,0.04981856807298164,0.8144444973759373
-57.5,-14.5,5549,0.5684894876602546,0.025697492336727072,0.013897371946452894,0.19425423157274221
-56.5,-14.5,5550,0.6788114787169901,0.026539142174107522,0.04567705132357894,0.48073652176234305
-55.5,-14.5,5551,0.49699683198311495,0.016660359895912517,0.0490999758177951,0.5089728706582306
-54.5,-14.5,5552,0.20530795805032773,0.009997886896407597,0.013171344032455148,0.4613681398430574
-29.5,-14.5,5564,0.12800066659237924,0.017599899257654348,0.009692288191683144,0.09500413555398668
-28.5,-14.5,5565,0.12498488901641507,0.01742083935755189,0.009607994578964342,0.09544907724584005
-27.5,-14.5,5566,0.12442748184572305,0.017236037427564202,0.011600732100354998,0.06829909304369582
-26.5,-14.5,5567,0.11871151678526538,0.01626457981716871,0.009152243233002694,0.06612647552552701
-25.5,-14.5,5568,0.12439361112084744,0.015469358720888835,0.008778417243750248,0.04587413323708947
-24.5,-14.5,5569,0.10240730569382304,0.014507337452576912,0.009679724724386843,0.032548664033025816
-23.5,-14.5,5570,0.09931685423142712,0.01394629137771863,0.009538612601253292,0.02540654585997812
-22.5,-14.5,5571,0.1240806640186458,0.01541994445897758,0.008450484715058892,0.029556049871649198
-21.5,-14.5,5572,0.12842282457534732,0.016576892702270838,0.008620446731797255,0.0359017953637955
-20.5,-14.5,5573,0.1158924752497252,0.016180130026168246,0.006253221367785717,0.031389845291233516
-19.5,-14.5,5574,0.12224485870929666,0.018253971313905794,0.007269081641757826,0.031940566439114915
-18.5,-14.5,5575,0.08632589589224314,0.016323686703276562,0.00603037820164796,0.026035359056077814
-17.5,-14.5,5576,0.09701581427028955,0.018961430855108537,0.008024879805905102,0.03884255235208343
-16.5,-14.5,5577,0.09427027072755514,0.0198500172421265,0.008572749407336183,0.04093761399073887
-15.5,-14.5,5578,0.10226373509853878,0.021682065632443247,0.008575839168146908,0.08523562592865179
-14.5,-14.5,5579,0.12656530012115844,0.032132659244390675,0.009861425328492851,0.13089119294360255
-13.5,-14.5,5580,0.19560617964506943,0.05153195783337778,0.013455203078722687,0.29140386366942966
-12.5,-14.5,5581,0.05414282857157744,0.0316027564542826,0.008645816340822832,0.19298542300586294
-11.5,-14.5,5582,0.06229418644004279,0.03603459652799823,0.012267696974577568,0.13650501841769402
-10.5,-14.5,5583,0.043630994823778434,0.02754475260548337,0.009401169112777597,0.10368386146592028
0.5,-14.5,5594,0.0291120023343603,NA,0.00355819648702214,0.014090671271359977
1.5,-14.5,5595,0.020298037997098995,NA,0.004130782475246175,0.01616851974807007
2.5,-14.5,5596,0.026459104327072786,NA,0.004220048689149825,0.015659165522764543
3.5,-14.5,5597,0.013784431940701176,NA,0.0032964193486804557,0.022262143069902072
4.5,-14.5,5598,0.013448565281147169,NA,0.0032926396691112703,0.02708893965865388
5.5,-14.5,5599,0.007639404722982952,NA,0.0030022413069581916,0.01902853453919812
6.5,-14.5,5600,0.010908091384399536,NA,0.003643401032654341,0.01590294484616763
7.5,-14.5,5601,0.019001814961363953,NA,0.004119146918925524,0.01602725196697887
8.5,-14.5,5602,0.012946659416131814,NA,0.004083780494771665,0.011400160882795121
9.5,-14.5,5603,0.024090761385165717,NA,0.0035107004311227567,0.013476255182200565
20.5,-14.5,5614,0.013670397184163869,0.008779849101830422,0.0031525150722151746,0.00652822806492604
21.5,-14.5,5615,0.014708613822835873,0.0102232932840467,0.0033591740290444204,0.00652822806492604
22.5,-14.5,5616,0.015087264890035326,0.015262553578195202,0.00317415293667837,0.006612690425162363
23.5,-14.5,5617,0.014937786058937407,0.009127269828503972,0.0032861014850259387,0.006877926807375657
24.5,-14.5,5618,0.012761610681424411,0.00567574424421696,0.003233964457383491,0.006890274564952512
25.5,-14.5,5619,0.01146521812385604,0.005819340184494055,0.0033401109234642143,0.007064021457414653
26.5,-14.5,5620,0.01106510161654925,0.0057768600568311726,0.003308340785834062,0.007012820748033859
27.5,-14.5,5621,0.010211313330560533,0.0057336201453444665,0.003182018988340357,0.0069488342804516256
28.5,-14.5,5622,0.008933405955083724,0.0055986722509456235,0.0030841558872655725,0.009072162830313037
29.5,-14.5,5623,0.01152661517945543,0.00616134724554824,0.0030855431649032482,0.011854294964207703
40.5,-14.5,5634,0.009179774553418745,0.004730098548207031,0.0028270332558918213,0.00964347380365115
41.5,-14.5,5635,0.010089094823640102,0.005308807985167896,0.0031110931485426622,0.010303954313659235
42.5,-14.5,5636,0.010611140595682238,0.005312794024023512,0.0030114325294547375,0.010269928323964584
43.5,-14.5,5637,0.010905367869460066,0.006245911466378612,0.0029601053034417715,0.012180079883286676
44.5,-14.5,5638,0.010640074384391284,0.006946923014252501,0.00296327433106826,0.009357613033373836
45.5,-14.5,5639,0.010769302378543026,0.006360623978187318,0.0029456332848608294,0.009381587628321045
46.5,-14.5,5640,0.010421411566711579,0.006887137603209281,0.0028196452621188656,0.008735547469776556
47.5,-14.5,5641,0.008102890165924276,0.005027228981877869,0.00246509304783416,0.006978897762827918
48.5,-14.5,5642,0.007463344078081009,0.0043865408716667114,0.0023159359929432167,0.0058489093345607335
49.5,-14.5,5643,0.007705010065938054,0.004303911461138727,0.002310468428266653,0.007644307774862908
50.5,-14.5,5644,0.0077530799890027854,0.0036105338374535895,NA,0.005635736584031861
51.5,-14.5,5645,0.007536292433713653,0.0036237450769604504,NA,0.006243602352828136
52.5,-14.5,5646,0.007496849123375519,0.0036240354939461703,NA,0.006031367908550673
53.5,-14.5,5647,0.0073360072273539155,0.003542914575444499,NA,0.006884019661727507
54.5,-14.5,5648,0.007256527730202925,0.003628562871515006,NA,0.005972245175610539
55.5,-14.5,5649,0.006727806169309764,0.00370271381065169,NA,0.005930906444928091
56.5,-14.5,5650,0.006665069654593306,0.003578304376774827,NA,0.0063142919284817365
57.5,-14.5,5651,0.00691694647762347,0.004010676845200557,NA,0.006218855908760995
58.5,-14.5,5652,0.006730469145004218,0.0033501175368307046,NA,0.005894742268861811
59.5,-14.5,5653,0.0068083378017622835,0.003792423924049153,NA,0.005496132506772145
70.5,-14.5,5664,0.004914486263299356,NA,NA,NA
71.5,-14.5,5665,0.004883337284432229,NA,NA,NA
72.5,-14.5,5666,0.004947437988612524,NA,NA,NA
73.5,-14.5,5667,0.007292613285146053,NA,NA,NA
74.5,-14.5,5668,0.00700297117717936,NA,NA,NA
75.5,-14.5,5669,0.007367804966521156,NA,NA,NA
76.5,-14.5,5670,0.006954373742012579,NA,NA,NA
77.5,-14.5,5671,0.005330093550146659,NA,NA,NA
78.5,-14.5,5672,0.005243142336443044,NA,NA,NA
79.5,-14.5,5673,0.00502670018602606,NA,NA,NA
80.5,-14.5,5674,0.004642526332105622,NA,NA,0.001177023789734761
81.5,-14.5,5675,0.00362486064546901,NA,NA,0.0010831463783824876
82.5,-14.5,5676,0.003230652441412578,NA,NA,8.611132210867443e-4
83.5,-14.5,5677,0.0032483594068233785,NA,NA,9.71907005194771e-4
84.5,-14.5,5678,0.002972870144073716,NA,NA,0.0011734109877562966
85.5,-14.5,5679,0.003743242277411765,NA,NA,0.001175554526207513
86.5,-14.5,5680,0.003491313930646023,NA,NA,0.0012299493987338128
87.5,-14.5,5681,0.002678804264127983,NA,NA,0.0012359501613261753
88.5,-14.5,5682,0.0035961995790268863,NA,NA,0.001237201263850475
89.5,-14.5,5683,0.004560675158384408,NA,NA,0.0012474045221860285
90.5,-14.5,5684,0.007871425877158297,NA,0.00122565155333029,0.0012540120112324955
91.5,-14.5,5685,0.009419641202129129,NA,0.0012266596876912036,0.0012589243093207335
92.5,-14.5,5686,0.008365246065104344,NA,0.0012380280543651014,0.0012664252365676514
93.5,-14.5,5687,0.007872738257595088,NA,0.0012539715641687545,0.0022050742122835345
94.5,-14.5,5688,0.00936018946051773,NA,0.0012595435254128436,0.002706511177066714
95.5,-14.5,5689,0.011992306840391776,NA,0.002782710613668005,0.007647157437387379
96.5,-14.5,5690,0.012516553878853727,NA,0.0027899358092205555,0.004675015371752639
97.5,-14.5,5691,0.0206951707338327,NA,0.009599225221101751,0.007259909268562923
98.5,-14.5,5692,0.034731663651635866,NA,0.013660483944939798,0.025502268709959624
99.5,-14.5,5693,0.04177908820598009,NA,0.015751709485745075,0.03504389817788537
-109.5,-13.5,5725,0.04084670350185242,NA,NA,0.005546999861616563
-108.5,-13.5,5726,0.04087961283106177,NA,NA,0.005543975967346594
-107.5,-13.5,5727,0.038169517507223014,NA,NA,0.005528072997069038
-106.5,-13.5,5728,0.03325191944553793,NA,NA,0.005509470108025284
-105.5,-13.5,5729,0.02913336720485796,NA,NA,0.005509470108025284
-104.5,-13.5,5730,0.02397977492881812,NA,NA,0.005725920168359091
-103.5,-13.5,5731,0.019770541265529157,NA,NA,0.005550998605185663
-102.5,-13.5,5732,0.01769211225148311,NA,NA,0.005583732352170473
-101.5,-13.5,5733,0.0167254633061462,NA,NA,0.005583732352170473
-100.5,-13.5,5734,0.016543156229010515,NA,NA,0.0055602192815324605
-99.5,-13.5,5735,0.025175083948638915,NA,NA,0.0054685882707470905
-98.5,-13.5,5736,0.023043254899411503,NA,NA,0.00542495771254322
-97.5,-13.5,5737,0.025179508079297218,NA,NA,0.005776480206905672
-96.5,-13.5,5738,0.024999385928101664,NA,NA,0.00528814136134695
-95.5,-13.5,5739,0.02485412097118098,NA,NA,0.005250434075354604
-94.5,-13.5,5740,0.0253944549804341,NA,NA,0.004667246245473115
-93.5,-13.5,5741,0.024775840403643123,NA,NA,0.00510532650473235
-92.5,-13.5,5742,0.02781458579804741,NA,NA,0.005282613117051204
-91.5,-13.5,5743,0.036284128045186534,NA,NA,0.00439841259996216
-90.5,-13.5,5744,0.03085244402843249,NA,NA,0.0043213771220669325
-89.5,-13.5,5745,0.043529907852137104,0.006087570973394098,0.006744844187392249,0.008837509864002838
-88.5,-13.5,5746,0.06049949253214072,0.008306875973279244,0.006786017204885709,0.007885623924446592
-87.5,-13.5,5747,0.06657756375205486,0.008500651750102502,0.006675111802434516,0.005784392887454277
-86.5,-13.5,5748,0.06797616071184505,0.008671388060405233,0.006930753385630632,0.005794678863252915
-85.5,-13.5,5749,0.07385400414112117,0.009792968520752255,0.00739508480571792,0.006139115745160226
-84.5,-13.5,5750,0.043163294179406085,0.009929638112348734,0.006469067334699311,0.0057894635822118
-83.5,-13.5,5751,0.05840673470168158,0.011869604084751998,0.007392898947486452,0.006789533760613124
-82.5,-13.5,5752,0.06233185755641315,0.013637010396339721,0.008477616946107205,0.0075769205194912955
-81.5,-13.5,5753,0.06619075673531241,0.014985141358794871,0.008808241757868646,0.008142068251073832
-80.5,-13.5,5754,0.053732311726085655,0.014451009300495442,0.007472544227287681,0.007982983929922891
-79.5,-13.5,5755,0.0638236148303969,0.015413189920288952,0.006347873394399083,0.01730328555388838
-78.5,-13.5,5756,0.07406160567680936,0.01431543821893603,0.0058919042009128435,0.012813151417077043
-77.5,-13.5,5757,0.07418218277035361,0.014029802634438926,0.007251202853732423,0.0136132791646075
-76.5,-13.5,5758,0.06798319440735114,0.01594339295117755,0.006003006268067705,0.015459514040614377
-75.5,-13.5,5759,0.07513975248618811,0.01563038799382958,0.0062999796489019225,0.01521319012478703
-74.5,-13.5,5760,0.09044478946142138,0.0147987143986517,0.007447764485529475,0.015558049406188523
-73.5,-13.5,5761,0.09053602599009909,0.013729191289159854,0.007451303682249757,0.018929577335134094
-72.5,-13.5,5762,0.09835411910395601,0.013385444621410045,0.007438099077267852,0.020993271393292438
-71.5,-13.5,5763,0.0916574478692442,0.014439032650060501,0.005956014333542366,0.02742557382570711
-70.5,-13.5,5764,0.08701660574317704,0.015065658695731959,0.0062266543674569285,0.034947961594905964
-69.5,-13.5,5765,0.05488345058502844,0.011268049300174936,0.004599165963340062,0.025397985358686006
-68.5,-13.5,5766,0.11951726243053369,0.022774692000678047,0.00943059410415392,0.05771566051988809
-67.5,-13.5,5767,0.2624634709526038,0.031952790805334946,0.013904190451197907,0.1692234197307948
-66.5,-13.5,5768,0.4176365496445614,0.03945607743906626,0.01720005924326986,0.33900294951425414
-65.5,-13.5,5769,0.44335823431324106,0.03881149812741412,0.017445633000492046,0.44204304099416325
-64.5,-13.5,5770,0.4698550405767926,0.042018503201806626,0.0181880276531013,0.3728102016533728
-63.5,-13.5,5771,0.45298251910004267,0.043248846911814506,0.018666381431133864,0.39268493640320196
-62.5,-13.5,5772,0.4348019556527611,0.04038007742532764,0.01876651696505656,0.4412689607757869
-61.5,-13.5,5773,0.43278305872915007,0.03748668556462273,0.018711676506583834,0.4775185837881017
-60.5,-13.5,5774,0.5011948934823804,0.03872888380546651,0.017159669162599683,0.5058475794462295
-59.5,-13.5,5775,0.6085977042141014,0.07303021811641713,0.021032202335337164,0.6145054863194267
-58.5,-13.5,5776,0.5113798679149454,0.07381007156851364,0.022678226917274086,0.6281821332580756
-57.5,-13.5,5777,0.5014760509641597,0.031585712498257805,0.01972032097181325,0.3405182170520712
-56.5,-13.5,5778,0.4411573671748725,0.02507096487613197,0.02408529128366477,0.47567239288297586
-55.5,-13.5,5779,0.5961229838315397,0.024252529013803474,0.03789428016566263,0.4105072657955384
-54.5,-13.5,5780,0.4489846256582499,0.02448076772537496,0.019373907856491478,0.4951241627870021
-53.5,-13.5,5781,0.4449610587320564,0.01972635006426223,0.057788590217661924,0.3700338439094591
-52.5,-13.5,5782,0.5710644296663664,0.021871081513715696,0.0616989783076762,0.3864079185580325
-51.5,-13.5,5783,0.6354926223754974,0.019611511304525705,0.027871869532887356,0.5070624145566168
-50.5,-13.5,5784,0.6349629727690347,0.060533032018493145,0.09127485356170431,0.7199779439183619
-29.5,-13.5,5797,0.07832271882378126,0.01851874813545439,0.00923377692087399,0.08294378464920166
-28.5,-13.5,5798,0.10020227364608794,0.01826955255635619,0.009237371077278234,0.05970353200593756
-27.5,-13.5,5799,0.13738310396472525,0.01836082112067337,0.009200422413566132,0.06868558432817853
-26.5,-13.5,5800,0.1794078337015607,0.020519659908983193,0.00920193730788747,0.05806393758094444
-25.5,-13.5,5801,0.16741476118391724,0.015352007677575576,0.007930823925522926,0.028689061597228203
-24.5,-13.5,5802,0.22777243061508382,0.014438555295591954,0.008719594268807255,0.030431840044383634
-23.5,-13.5,5803,0.14021110786393995,0.012789071931200548,0.010330395558332832,0.022085338862613275
-22.5,-13.5,5804,0.22354710211274492,0.013858426738598783,0.008335257676307934,0.021115005851453705
-21.5,-13.5,5805,0.17527250876046413,0.014931304961827383,0.0079026737727035,0.03089815145984731
-20.5,-13.5,5806,0.17065949420607276,0.014871863936311397,0.009663561569297931,0.029023994482947298
-19.5,-13.5,5807,0.17315423724676987,0.015370939089907625,0.008379157850522663,0.023705080194198796
-18.5,-13.5,5808,0.15781836561983495,0.015136547785417053,0.007974966268955759,0.026713807841550523
-17.5,-13.5,5809,0.08102701619792323,0.01644898809802387,0.007574882706841006,0.0451263040273525
-16.5,-13.5,5810,0.11299139356505979,0.020037422607576707,0.00740017370209747,0.07571138214021324
-15.5,-13.5,5811,0.08614790339563862,0.017489650980432286,0.006543118241921274,0.08476936214367926
-14.5,-13.5,5812,0.12208462404069981,0.031453776652492355,0.009556430732482227,0.26140478273731477
-13.5,-13.5,5813,0.09282544300948814,0.030829696843796016,0.010856886852635797,0.18202155910098838
-12.5,-13.5,5814,0.0389549742205222,0.019064050543312266,0.006990775385372191,0.0850186564184452
-11.5,-13.5,5815,0.07002097424709769,0.031013643779542972,0.010529382190688016,0.13560424405443192
-10.5,-13.5,5816,0.03205556987112808,0.022078028280267545,0.00635153335203089,0.1679126106595204
0.5,-13.5,5827,0.04921518023688891,NA,0.0028231765203372474,0.007392166032535696
1.5,-13.5,5828,0.016064355886928006,NA,0.002883163230742588,0.00970782114333559
2.5,-13.5,5829,0.013060098288441449,NA,0.0033885854411962435,0.009408230431457193
3.5,-13.5,5830,0.014453937970036903,NA,0.003622841050221862,0.010874316610085557
4.5,-13.5,5831,0.014543529569690393,NA,0.003713209668532177,0.011373144650780004
5.5,-13.5,5832,0.01872370671688685,NA,0.0029470859490163355,0.009087332410262106
6.5,-13.5,5833,0.02127818489049233,NA,0.0036793689088773485,0.022184957856427632
8.5,-13.5,5834,0.03315465325509337,NA,0.004671788863883243,0.030378986501665296
9.5,-13.5,5835,0.015309968692799741,NA,0.003640556528907457,0.015370788314449067
20.5,-13.5,5846,0.009580554945976434,0.008966209143508512,0.00281669406076987,0.009340610356068209
21.5,-13.5,5847,0.007459493592643653,0.005143143356742724,0.00281669406076987,0.009340610356068209
22.5,-13.5,5848,0.00855073607740628,0.005073996992579921,0.002796955737589003,0.009357160584485836
23.5,-13.5,5849,0.008631104153415458,0.005168879872147099,0.002796955737589003,0.009212242708869653
24.5,-13.5,5850,0.007860868611274024,0.005118389547271336,0.0029180028696376356,0.010669608940584786
25.5,-13.5,5851,0.007860868611274024,0.005087568519007995,0.0029180028696376356,0.010669608940584786
26.5,-13.5,5852,0.007390021441514414,0.005067605603920957,0.00289622978698924,0.009537040745524389
27.5,-13.5,5853,0.007001995954587954,0.004495507420347256,0.0029118651949408903,0.010536559252472304
28.5,-13.5,5854,0.010633369893688068,0.00438957139959988,0.002837766701393115,0.009689499377898368
29.5,-13.5,5855,0.009464591432963552,0.004355673853623934,0.0028369214844718893,0.00957507261836244
40.5,-13.5,5866,0.009909639865507507,0.00562686717547738,0.0046185751356392244,0.008681385359836369
41.5,-13.5,5867,0.010063942161324536,0.0056084063347981794,0.00863245724826987,0.008459595122093575
42.5,-13.5,5868,0.009608844199167483,0.005388963612920044,0.005131554647489137,0.008974822802486664
43.5,-13.5,5869,0.009556441945523506,0.0053564226867270645,0.005548332877476734,0.008439436587054974
44.5,-13.5,5870,0.009519682222128152,0.0053564226867270645,0.005392543609799884,0.009045798169635052
45.5,-13.5,5871,0.010714647188677462,0.005446022841297973,0.005161279820681701,0.008315126569060458
46.5,-13.5,5872,0.01044174874276566,0.005116438038127072,0.004344404726156317,0.007456865698921179
47.5,-13.5,5873,0.007018461620357575,0.00421351680838135,0.002474898206253099,0.005506428203805785
48.5,-13.5,5874,0.006624229528457974,0.0038072253131394428,0.0022162315251728327,0.0052685061398662645
49.5,-13.5,5875,0.006624229528457974,0.0038549240131300713,0.00230366398446189,0.0051842470628509505
50.5,-13.5,5876,0.006954402616562559,0.0035840838657190638,NA,0.004912694562487716
51.5,-13.5,5877,0.008092402244477983,0.0034374928397213206,NA,0.0049864384690371764
52.5,-13.5,5878,0.007237161816904688,0.0035050726151621856,NA,0.005001777665518312
53.5,-13.5,5879,0.006993041805649098,0.003383421354323515,NA,0.004982449738237759
54.5,-13.5,5880,0.006910817337623618,0.003383421354323515,NA,0.0049832359042084615
55.5,-13.5,5881,0.006519691695164756,0.003607323493365298,NA,0.005737729367176235
56.5,-13.5,5882,0.007358224385842833,0.003157062011221522,NA,0.005647531253551441
57.5,-13.5,5883,0.0064071641479534445,0.0031661418397911714,NA,0.005531967715383321
58.5,-13.5,5884,0.006344849299999221,0.0045091866467244935,NA,0.004699571951335821
59.5,-13.5,5885,0.0066913820300510685,0.003677539249720783,NA,0.0049152665423904856
70.5,-13.5,5896,0.004634543978825408,NA,NA,NA
71.5,-13.5,5897,0.0046048483993030775,NA,NA,NA
72.5,-13.5,5898,0.004700273850485841,NA,NA,NA
73.5,-13.5,5899,0.006481587017706972,NA,NA,NA
74.5,-13.5,5900,0.006701985624479538,NA,NA,NA
75.5,-13.5,5901,0.0070512503159799525,NA,NA,NA
76.5,-13.5,5902,0.006588120202685157,NA,NA,NA
77.5,-13.5,5903,0.005122926641879553,NA,NA,NA
78.5,-13.5,5904,0.0045411071829655585,NA,NA,NA
79.5,-13.5,5905,0.003021198484039666,NA,NA,NA
80.5,-13.5,5906,0.004527157963368933,NA,NA,0.001204052670282988
81.5,-13.5,5907,0.0035311197651715018,NA,NA,0.0011559207417684175
82.5,-13.5,5908,0.0037905037879331516,NA,NA,9.769127876668327e-4
83.5,-13.5,5909,0.0034461035607289657,NA,NA,8.846162519176685e-4
84.5,-13.5,5910,0.0031015359251681746,NA,NA,0.0011741633704075024
85.5,-13.5,5911,0.003680532265554917,NA,NA,0.0011920567774211985
86.5,-13.5,5912,0.00526019566123001,NA,NA,0.0011701911365347467
87.5,-13.5,5913,0.006275183102934918,NA,NA,0.0011742735673651902
88.5,-13.5,5914,0.007416707655086524,NA,NA,0.0011789694954109841
89.5,-13.5,5915,0.008898363385736624,NA,NA,0.0011886930851164597
90.5,-13.5,5916,0.008522492431499147,NA,0.0011664068630365015,0.00119246802462923
91.5,-13.5,5917,0.008980517204283943,NA,0.001168873739035041,0.0012028670610894452
92.5,-13.5,5918,0.009111370727270066,NA,0.001189167318114749,0.0021450099232894876
93.5,-13.5,5919,0.00935617562768976,NA,0.001211542003595326,0.00344507266024894
94.5,-13.5,5920,0.014500305524809794,NA,0.0028177575179194818,0.0049038408953021
95.5,-13.5,5921,0.012959155790562414,NA,0.003938657534980944,0.00524623040992797
96.5,-13.5,5922,0.012144397166369466,NA,0.0031254771321349707,0.004872800768088402
97.5,-13.5,5923,0.013353484476940923,NA,0.0033142630941854208,0.0045964437782612015
98.5,-13.5,5924,0.03577540807962537,NA,0.013520508025906711,0.021278310230357887
99.5,-13.5,5925,0.044536396105267016,NA,0.013923386258328367,0.027003428294498612
-109.5,-12.5,5958,0.03125297045199291,NA,NA,0.006820614058221457
-108.5,-12.5,5959,0.03606578568227471,NA,NA,0.007438836040969059
-107.5,-12.5,5960,0.024854936552492424,NA,NA,0.00657001615667693
-106.5,-12.5,5961,0.016698027169239116,NA,NA,0.00511043296673195
-105.5,-12.5,5962,0.016489298378915936,NA,NA,0.00511043296673195
-104.5,-12.5,5963,0.016681975354766915,NA,NA,0.004691340569875223
-103.5,-12.5,5964,0.016661774718369618,NA,NA,0.004860557684446742
-102.5,-12.5,5965,0.014811074811920948,NA,NA,0.004639773969220769
-101.5,-12.5,5966,0.014528338968039872,NA,NA,0.004991925641586295
-100.5,-12.5,5967,0.014427260881292278,NA,NA,0.004948046434351431
-99.5,-12.5,5968,0.013626871136442372,NA,NA,0.004578696677941531
-98.5,-12.5,5969,0.013086413448825874,NA,NA,0.00445286515505687
-97.5,-12.5,5970,0.01487107769646178,NA,NA,0.004722049401324453
-96.5,-12.5,5971,0.014965171797779146,NA,NA,0.004657925661496977
-95.5,-12.5,5972,0.014922649529732329,NA,NA,0.0047164858407786996
-94.5,-12.5,5973,0.015397551068155428,NA,NA,0.004581347365858916
-93.5,-12.5,5974,0.012682418212240573,NA,NA,0.003933500155350671
-92.5,-12.5,5975,0.01421451759468818,NA,NA,0.0036614232391897397
-91.5,-12.5,5976,0.023699682512341898,NA,NA,0.003684477212221524
-90.5,-12.5,5977,0.017579244051258776,NA,NA,0.0035851272363125676
-89.5,-12.5,5978,0.025084209825560838,0.005592310103619759,0.0040406897541098614,0.0050902447757406365
-88.5,-12.5,5979,0.033491218435090626,0.008151787151037076,0.005645457552306745,0.007578888633612659
-87.5,-12.5,5980,0.03333658792623606,0.009128446817466872,0.005102873511134606,0.007342482274047233
-86.5,-12.5,5981,0.03285020918922331,0.008252675311597183,0.004859565324561343,0.007499572279101043
-85.5,-12.5,5982,0.03593784298517167,0.008676161566575077,0.004940562125432326,0.00718028604561202
-84.5,-12.5,5983,0.038304926494975695,0.010061004393822117,0.006018946597973146,0.00790148250414563
-83.5,-12.5,5984,0.04467810087540385,0.012114590118855257,0.010457618360868655,0.009514311600039387
-82.5,-12.5,5985,0.05007535355223364,0.013585491681185816,0.011707188651472484,0.010924123358720918
-81.5,-12.5,5986,0.04900393850450251,0.01476253619525859,0.011266411062079833,0.010463982424854593
-80.5,-12.5,5987,0.049490598321211096,0.015620009528903644,0.01058052678951213,0.01017101824244818
-79.5,-12.5,5988,0.049748579930987816,0.025287562739807062,0.00604237446981222,0.00968051092142833
-78.5,-12.5,5989,0.04929905120794835,0.022793432542772364,0.004861360588403184,0.01108604879286948
-77.5,-12.5,5990,0.05198551744690775,0.02284550734537281,0.0048813935176678265,0.011573920390943203
-76.5,-12.5,5991,0.05343533998992349,0.023936593820448895,0.006166812788375869,0.013712878816675881
-75.5,-12.5,5992,0.0609539037080823,0.027193067777439687,0.0060765299950173764,0.014730460649301546
-74.5,-12.5,5993,0.06445265765170517,0.027193067777439687,0.00607309996357295,0.01725584989506018
-73.5,-12.5,5994,0.06751680229242848,0.022588860422251188,0.006110822828998819,0.01748439235610133
-72.5,-12.5,5995,0.06233351984277766,0.026649520132984363,0.005966017460102766,0.01677425386995467
-71.5,-12.5,5996,0.10272853313307934,0.02607355272805705,0.00484557522626871,0.01980634107686688
-70.5,-12.5,5997,0.13760920952787387,0.018061412709550195,0.004850890296618274,0.02480791950135482
-69.5,-12.5,5998,0.15195313088971033,0.01792079509149764,0.0048535380007747085,0.02686575853655818
-68.5,-12.5,5999,0.2669401625545243,0.025409941317770468,0.008497357238137744,0.04717803827121957
-67.5,-12.5,6000,0.32442589210531986,0.03441936931746788,0.01190923639279753,0.11223699426077517
-66.5,-12.5,6001,0.37284860438886447,0.03548537730851564,0.012758451588813474,0.1600834087892043
-65.5,-12.5,6002,0.3346101736152583,0.031983442977489965,0.013776801799069418,0.19241916492147332
-64.5,-12.5,6003,0.3329687347631069,0.03385502208236793,0.01633128916876779,0.2440303385793226
-63.5,-12.5,6004,0.25900132262934367,0.033902518118698766,0.017162601960866906,0.18728178464682604
-62.5,-12.5,6005,0.2550854287496477,0.02940239759660239,0.014873656034934646,0.3290092542515443
-61.5,-12.5,6006,0.4172284030119389,0.028660090501811477,0.014933922950634353,0.36434313551808667
-60.5,-12.5,6007,0.4064241279974764,0.03202659011048119,0.016875354066591984,0.38526966130026374
-59.5,-12.5,6008,0.4820502927275245,0.03925777444230048,0.014083579491799152,0.27763099331334606
-58.5,-12.5,6009,0.504269958873275,0.0352675947797982,0.02874287744780756,0.2741198463510061
-57.5,-12.5,6010,0.6274991740728447,0.035395421079761014,0.04369616238548086,0.6316581768734058
-56.5,-12.5,6011,0.10646888707935587,0.004270287587770035,0.005847066270652668,0.13648017161932274
-55.5,-12.5,6012,0.23202802665398786,0.010947380338003247,0.016879399864488852,0.24365605311234362
-54.5,-12.5,6013,0.22707522317277085,0.005027850891275202,0.013655283458832627,0.1971135478405352
-53.5,-12.5,6014,0.28338926400994274,0.01262191257423576,0.023368173429816553,0.2358363791624149
-52.5,-12.5,6015,0.6230502524758676,0.020957467852688084,0.03450388264759823,0.6569363389043187
-51.5,-12.5,6016,0.4525505766063625,0.024010382461976267,0.027785375074804945,0.5309073623780506
-50.5,-12.5,6017,0.4470497663148579,0.012440970742164369,0.06190863392106191,0.6079098858361139
-29.5,-12.5,6031,0.05683346829708739,0.01661686118635086,0.00702868381110755,0.08283130440344137
-28.5,-12.5,6032,0.05872128832808673,0.017729302775904312,0.007372287417545406,0.10911916955839772
-27.5,-12.5,6033,0.16705798657873042,0.019524016730946975,0.008821303871418695,0.0992509841926234
-26.5,-12.5,6034,0.2051189335729039,0.03026293678270789,0.009304902851693091,0.122332538942158
-25.5,-12.5,6035,0.19203452498415485,0.01945543975475505,0.008128307672590486,0.05355629978271711
-24.5,-12.5,6036,0.17135305412188648,0.01366314358923995,0.00793735792598738,0.02682323269157394
-23.5,-12.5,6037,0.11060303377955479,0.01284332839388554,0.007352151678248915,0.022500993712416973
-22.5,-12.5,6038,0.13157039569650839,0.01387844683966148,0.008705232077267689,0.01969225762893337
-21.5,-12.5,6039,0.21716108393590286,0.013460746008404325,0.007349228702719281,0.025921388196404462
-20.5,-12.5,6040,0.2051783301025593,0.014205612474147923,0.007510260401675706,0.030496807467453608
-19.5,-12.5,6041,0.25310596541932495,0.01634798683998492,0.009845108440091654,0.04154518981467685
-18.5,-12.5,6042,0.13690083151525537,0.017716528286146258,0.006798059860742001,0.05562784745127254
-17.5,-12.5,6043,0.16774223748083278,0.021096462830727705,0.006772485149094783,0.08175668321340525
-16.5,-12.5,6044,0.24889251980814092,0.02791756262423834,0.00669015970483643,0.09500918765957282
-15.5,-12.5,6045,0.14995666153006615,0.02744443051664487,0.008149527713808061,0.10435097459045908
-14.5,-12.5,6046,0.15688769461225338,0.02304670186765594,0.015782495491642907,0.1159488512217348
-13.5,-12.5,6047,0.11418130020701261,0.023531119276663855,0.013150045352820884,0.08639018760465085
-12.5,-12.5,6048,0.09328653798979845,0.022295974204549707,0.012889274054749577,0.07973033646471295
-11.5,-12.5,6049,0.09630628097134183,0.02315989838298513,0.019400974723513723,0.08215656613826931
-10.5,-12.5,6050,0.05962732426880053,0.023342645273633864,0.0063204887813459,0.08107020629258696
0.5,-12.5,6061,0.01714089537712287,NA,0.002539496028000696,0.007056610405684439
1.5,-12.5,6062,0.013351235720928462,NA,0.002804621910723904,0.018342658113588563
2.5,-12.5,6063,0.012667702019606547,NA,0.002888707847653832,0.009617962828279635
3.5,-12.5,6064,0.023166569219487686,NA,0.0032733194919827347,0.011054271747521641
4.5,-12.5,6065,0.03373379563292705,NA,0.003912282543261513,0.013425998361855568
5.5,-12.5,6066,0.025742291706547665,NA,0.0025818572770160823,0.008809327526369254
6.5,-12.5,6067,0.05017504674191241,NA,0.0031094122506186935,0.010294226182856444
7.5,-12.5,6068,0.04731425662986029,NA,0.0027724255519564756,0.012463170382860916
8.5,-12.5,6069,0.06185290244382028,NA,0.0032668735541511286,0.009953885312778467
9.5,-12.5,6070,0.018729417292204783,NA,0.00256188436392725,0.010488868942097652
20.5,-12.5,6081,0.008092261446991723,0.004284156205375335,0.004589360272033735,0.009471070398751487
21.5,-12.5,6082,0.007574462358468717,0.003985513254322029,0.004384465265500315,0.009314564070083476
22.5,-12.5,6083,0.007090028081963868,0.0038407962423394476,0.0044219235724591265,0.009238486641944916
23.5,-12.5,6084,0.006742625988672978,0.003832403902990428,0.0044219235724591265,0.01063836198576399
24.5,-12.5,6085,0.00682557339396107,0.004937520948959902,0.00442257531894736,0.008106987004953442
25.5,-12.5,6086,0.005588344189011298,0.003821021524278712,0.003873800413555798,0.00857115318744968
26.5,-12.5,6087,0.006398928909511477,0.0038879716001980675,0.005067886697645906,0.008756193392672655
27.5,-12.5,6088,0.006659985564909123,0.003916006807290716,0.0050489203426976985,0.008984070925788016
28.5,-12.5,6089,0.006961704406227679,0.004126591318145381,0.005573715801338287,0.008566803567685074
29.5,-12.5,6090,0.006197625336955784,0.0038699727892175053,0.004939912874443281,0.008137709988972725
40.5,-12.5,6101,0.008769182776980751,0.005393353663831974,0.004711070490825086,0.007711151958457105
41.5,-12.5,6102,0.008565221733815348,0.00539587375856774,0.005288118075391389,0.007868539685333999
42.5,-12.5,6103,0.010701543298757063,0.005415371650282138,0.00481765246807815,0.008018090817328597
43.5,-12.5,6104,0.010965536453999844,0.005279357421117505,0.004864176798155899,0.00832232224499785
44.5,-12.5,6105,0.012055496836030499,0.006230658731304632,0.004607431479851026,0.007956874362498428
45.5,-12.5,6106,0.010628324746559644,0.006219603700959051,0.005115491302236822,0.008232804327741067
46.5,-12.5,6107,0.010520588419312917,0.005851286763094526,0.005101219958055445,0.008075146002854585
47.5,-12.5,6108,0.007797180197108843,0.0045897837236489915,0.0042336255864807056,0.005522934370953565
48.5,-12.5,6109,0.006328708333337454,0.0035412160426498587,0.003487637487516424,0.004548980520019089
49.5,-12.5,6110,0.006655784233258251,0.003587456142400942,0.0033539168877519004,0.004787344643985148
50.5,-12.5,6111,0.0071495436475514755,0.0033914592653328636,NA,0.004535738394781325
51.5,-12.5,6112,0.005994447911341591,0.003053130158591933,NA,0.004220680330393497
52.5,-12.5,6113,0.00610247606261899,0.0031935840869693434,NA,0.004619426679185963
53.5,-12.5,6114,0.00778641825507282,0.003226342230639924,NA,0.004321642557948263
54.5,-12.5,6115,0.0059122692955740986,0.003193918172824845,NA,0.0041694589275186895
55.5,-12.5,6116,0.006021614902452674,0.0032310510527968884,NA,0.004473663900641871
56.5,-12.5,6117,0.005961915864991025,0.003290694000821401,NA,0.004577381709520015
57.5,-12.5,6118,0.005635429470315181,0.003022650896421547,NA,0.00411428509848189
58.5,-12.5,6119,0.005635429470315181,0.0037093605923602673,NA,0.004721638618705271
59.5,-12.5,6120,0.006163878470254969,0.0033441803799557773,NA,0.004111248131143784
70.5,-12.5,6131,0.0045653220539439866,NA,NA,NA
71.5,-12.5,6132,0.0045653220539439866,NA,NA,NA
72.5,-12.5,6133,0.004659440813483993,NA,NA,NA
73.5,-12.5,6134,0.006043159796045071,NA,NA,NA
74.5,-12.5,6135,0.006465405892616093,NA,NA,NA
75.5,-12.5,6136,0.006886576226249015,NA,NA,NA
76.5,-12.5,6137,0.0066157174129543705,NA,NA,NA
77.5,-12.5,6138,0.0050456260470212256,NA,NA,NA
78.5,-12.5,6139,0.005113692724831805,NA,NA,NA
79.5,-12.5,6140,0.005102942950376906,NA,NA,NA
80.5,-12.5,6141,0.005308959838335715,NA,NA,0.0011794330670634964
81.5,-12.5,6142,0.005266247452261236,NA,NA,0.0012353299819113878
82.5,-12.5,6143,0.004297168715694756,NA,NA,9.997098325209776e-4
83.5,-12.5,6144,0.004189450582408484,NA,NA,9.610687865054857e-4
84.5,-12.5,6145,0.004794649250118626,NA,NA,0.0011905787359262337
85.5,-12.5,6146,0.006274021114739482,NA,NA,0.001069536301636294
86.5,-12.5,6147,0.007874693794876519,NA,NA,0.0011525620972936167
87.5,-12.5,6148,0.009309352074604139,NA,NA,0.001160034018097438
88.5,-12.5,6149,0.010306974560763892,NA,NA,0.0011524248427827973
89.5,-12.5,6150,0.00827246928694632,NA,NA,0.0011619297592714095
90.5,-12.5,6151,0.008330901948350438,NA,0.001229399021962396,0.0023693823584660496
91.5,-12.5,6152,0.011226409073985926,NA,0.0012331510880125697,0.0018285749825922581
92.5,-12.5,6153,0.010661109819720488,NA,0.0012669229375030923,0.0029848278269826553
93.5,-12.5,6154,0.010214707353570426,NA,0.0013716495275888083,0.0032017108978362034
94.5,-12.5,6155,0.012657598630518982,NA,0.0023242288656022685,0.004890189027951144
95.5,-12.5,6156,0.012710249618111642,NA,0.002964378074161627,0.01038129081648679
96.5,-12.5,6157,0.011710819273620702,NA,0.002501895137087961,0.005333247221670269
97.5,-12.5,6158,0.011446726481964157,NA,0.002965305085285159,0.004585729396085257
98.5,-12.5,6159,0.03584333967168232,NA,0.00998074438537676,0.016656404298169395
99.5,-12.5,6160,0.039765014760575874,NA,0.01195999159502855,0.03709572850964871
-109.5,-11.5,6194,0.03169129697288025,NA,NA,0.010562720392974416
-108.5,-11.5,6195,0.023404374705524613,NA,NA,0.010192737773718907
-107.5,-11.5,6196,0.0278365387090718,NA,NA,0.011268687233432292
-106.5,-11.5,6197,0.024938295577100755,NA,NA,0.0112137467006174
-105.5,-11.5,6198,0.029303814274205118,NA,NA,0.016111383925238695
-104.5,-11.5,6199,0.02058972984624707,NA,NA,0.008035660441293935
-103.5,-11.5,6200,0.015599173611996224,NA,NA,0.005411288455210407
-102.5,-11.5,6201,0.013236784526568625,NA,NA,0.004913058197249642
-101.5,-11.5,6202,0.01204834205817321,NA,NA,0.0054103771216661685
-100.5,-11.5,6203,0.011601483977155599,NA,NA,0.005258283673361624
-99.5,-11.5,6204,0.011087821854790014,NA,NA,0.005721750181684388
-98.5,-11.5,6205,0.012124374611958396,NA,NA,0.004362232063357089
-97.5,-11.5,6206,0.013465217487732028,NA,NA,0.004791379068252943
-96.5,-11.5,6207,0.013307419299106402,NA,NA,0.0051087966996303325
-95.5,-11.5,6208,0.012994991180942203,NA,NA,0.005562920615222178
-94.5,-11.5,6209,0.012994369106010924,NA,NA,0.004380658551264729
-93.5,-11.5,6210,0.012818590136930394,NA,NA,0.004791395992787242
-92.5,-11.5,6211,0.01467318071839987,NA,NA,0.00439153658638741
-91.5,-11.5,6212,0.018817418564850936,NA,NA,0.004636640738326518
-90.5,-11.5,6213,0.015571636041581207,NA,NA,0.0042415466043359594
-89.5,-11.5,6214,0.021542078858446646,0.004893856478086822,0.002491643710683287,0.0047139871331847265
-88.5,-11.5,6215,0.0368521350431999,0.01310338278234405,0.0044767297201976745,0.008221396669230156
-87.5,-11.5,6216,0.03602197105426376,0.00888237586329212,0.004502648910677981,0.007594722586636164
-86.5,-11.5,6217,0.03563907134859877,0.010214598606748287,0.004501365585062253,0.007474253100446188
-85.5,-11.5,6218,0.036692862462789064,0.010879980333456876,0.00474322835595051,0.0077000434445946885
-84.5,-11.5,6219,0.03944834025604867,0.013341262335609266,0.0077467573278807425,0.007559517954380723
-83.5,-11.5,6220,0.04595466017657024,0.022100696983692762,0.011484999572451667,0.01406150327049587
-82.5,-11.5,6221,0.051928861137392555,0.018505401230802174,0.012834750005666513,0.01579475051211091
-81.5,-11.5,6222,0.05188615698033339,0.020989379772985692,0.010909169282392626,0.011112039476289285
-80.5,-11.5,6223,0.05165715012069513,0.02732970614643907,0.010545075028585054,0.01146774282695085
-79.5,-11.5,6224,0.05511656003177339,0.02582534498777678,0.0061180660017760855,0.012199979406781258
-78.5,-11.5,6225,0.10156570771361433,0.025529043184931658,0.004692543316734877,0.01357953348579241
-77.5,-11.5,6226,0.12330460046772797,0.03438408082691913,0.008245178807634927,0.0184238549377506
-76.5,-11.5,6227,0.09357986412329343,0.03154992305380864,0.00620567076007506,0.01534123292305181
-75.5,-11.5,6228,0.09814840988034913,0.038169557616629796,0.006149784264147307,0.02180586766488045
-74.5,-11.5,6229,0.07302530169751344,0.03134934384476865,0.005101244388166601,0.0193947021977446
-73.5,-11.5,6230,0.05900864339277377,0.02630169569745372,0.005575815541570658,0.017130049039187207
-72.5,-11.5,6231,0.05163988830222544,0.025067510100564024,0.005398607339510767,0.01633558560949395
-71.5,-11.5,6232,0.064722865385568,0.03126440136389594,0.006686158445724484,0.020537631411146454
-70.5,-11.5,6233,0.08104765402543439,0.02337458986988716,0.004085388389116443,0.016781528753825593
-69.5,-11.5,6234,0.0695542031728259,0.023415418564452294,0.004663523500479549,0.01843323275357787
-68.5,-11.5,6235,0.12349939462563853,0.04563498700231163,0.009017947891832124,0.075867397799762
-67.5,-11.5,6236,0.2074489055852886,0.06311403038606261,0.01101963329203073,0.13178391205468998
-66.5,-11.5,6237,0.2636903635433284,0.06254845906877624,0.012002114606845088,0.1860900571600422
-65.5,-11.5,6238,0.2770109149426005,0.04810875453777214,0.012348893277774983,0.22518518710949742
-64.5,-11.5,6239,0.22803176025086966,0.031194670024540103,0.011268294256677122,0.19163001172461044
-63.5,-11.5,6240,0.2542709576037732,0.026655517485438165,0.012214225709922007,0.20275647353950185
-62.5,-11.5,6241,0.28604533791012393,0.041740050692753335,0.010311324618470716,0.1832270042507465
-61.5,-11.5,6242,0.2572421065602686,0.033601350105063425,0.029456250596492893,0.19863662369760418
-60.5,-11.5,6243,0.2587118072003385,0.039694088660537044,0.019381070971746926,0.24864745051965156
-59.5,-11.5,6244,0.3194869320513008,0.034844684710619064,0.018934569711771904,0.22914368324818754
-58.5,-11.5,6245,0.35191616345413423,0.050250546220950154,0.02538934550611072,0.26531009074972955
-57.5,-11.5,6246,0.23409657058356637,0.03451525327508599,0.01716265281780548,0.2228696457020317
-56.5,-11.5,6247,0.2088034757436504,0.02111511965396676,0.020752426205079593,0.2573509437493739
-55.5,-11.5,6248,0.1245398227112341,0.013499401892775325,0.007052857954254576,0.07636131288080232
-54.5,-11.5,6249,0.14727487863102534,0.01364354457814171,0.009437649975207373,0.12375781948672004
-53.5,-11.5,6250,0.0944953647064049,0.00766019954449187,0.008948462181197636,0.08457882618126988
-52.5,-11.5,6251,0.12491286636118161,0.006404990162351953,0.017786311143390125,0.17355919422061483
-51.5,-11.5,6252,0.36521415452014466,0.005206788884010903,0.017322462225105226,0.236600080001102
-50.5,-11.5,6253,0.38714931429598043,0.031225360236446845,0.042755041770311274,0.41615889656266025
-29.5,-11.5,6271,0.07719701644332753,0.056009435063860795,0.014419135549463245,0.10846826061387849
-28.5,-11.5,6272,0.06326705661213311,0.0552889741935021,0.012746656070255687,0.10992779653996096
-27.5,-11.5,6273,0.10780064802693949,0.038252571941213696,0.011443473142673195,0.1077193733871465
-25.5,-11.5,6274,0.16056553284281244,0.0190605149026977,0.014644119792124911,0.11166086136057414
-24.5,-11.5,6275,0.10607960926447287,0.01769545162713969,0.008478886024357313,0.07550584012365046
-23.5,-11.5,6276,0.08328967042637307,0.015205561845067444,0.007833063507903016,0.056050905695295014
-22.5,-11.5,6277,0.10892199569881053,0.016404065035528992,0.007331747326364956,0.04218125475929641
-21.5,-11.5,6278,0.11079601056736567,0.019057880262800225,0.007186082702098595,0.05947549298981519
-20.5,-11.5,6279,0.13165953543436149,0.027275863653963936,0.018030867931848937,0.16052918487450374
-19.5,-11.5,6280,0.09901411259051182,0.026296848587664956,0.01612288527924867,0.21922403495277037
-18.5,-11.5,6281,0.11633431212521901,0.03306315561927452,0.013772848768406632,0.19969402930797453
-17.5,-11.5,6282,0.09761691694217975,0.02737856535101135,0.014065786125064983,0.23813865699148615
-16.5,-11.5,6283,0.11202600679700002,0.030311191475196536,0.011582264933365836,0.1460129330293868
-15.5,-11.5,6284,0.1258840894622433,0.02866922395818367,0.010921803806722741,0.10183168991911207
-14.5,-11.5,6285,0.20492579154637214,0.033802969560437116,0.013275772494579277,0.11582088072413049
-13.5,-11.5,6286,0.1038483690226302,0.024959259959229617,0.01086839401903108,0.08625459666924817
-12.5,-11.5,6287,0.15292383120651656,0.03621248174114967,0.014745880450996802,0.12088299433766005
-11.5,-11.5,6288,0.10201611239023577,0.044777005814707165,0.01318098123240809,0.16846128338475333
-10.5,-11.5,6289,0.08424358494276642,0.028122167319481722,0.009454251119568487,0.15022246337336995
0.5,-11.5,6300,0.02939565479799995,NA,0.0028648838148327047,0.007766691087623125
1.5,-11.5,6301,0.023028178800491027,NA,0.0029289452217261852,0.008843519208023442
2.5,-11.5,6302,0.016146732296601362,NA,0.0027965874276926167,0.00753468411154219
3.5,-11.5,6303,0.016144166584316652,NA,0.0040437021487150174,0.008822128559578616
4.5,-11.5,6304,0.027739879249130295,NA,0.004251949996005678,0.007859664274957821
5.5,-11.5,6305,0.04440706322329388,NA,0.004185040252038461,0.007669505060276881
6.5,-11.5,6306,0.028129168999350876,NA,0.004216245723302521,0.007656276484368637
7.5,-11.5,6307,0.02847355463009505,NA,0.0037021537916284626,0.008025332179179579
8.5,-11.5,6308,0.028175670214559946,NA,0.005435714969696915,0.008667320836815259
9.5,-11.5,6309,0.02833625554315241,NA,0.004384440798387545,0.008594827911800931
20.5,-11.5,6320,0.009316835810212776,0.0048308034966553105,0.00458488367786051,0.009547746892341545
21.5,-11.5,6321,0.008555986480847468,0.005676887707848133,0.004568827801272662,0.009192089330031492
22.5,-11.5,6322,0.008026188048985642,0.005680630069890934,0.00472211835342015,0.010492103016190843
23.5,-11.5,6323,0.007295442987673556,0.004065424299237816,0.0053407055244500245,0.008843290884341378
24.5,-11.5,6324,0.007718455226163177,0.005353717712147,0.005117519600922121,0.008969683207355885
25.5,-11.5,6325,0.007200772347108062,0.00396503409092388,0.004445441745309669,0.009745346175160331
26.5,-11.5,6326,0.00724169331715304,0.0038775384093466866,0.004328193442303115,0.012660214610560236
27.5,-11.5,6327,0.008891740486168111,0.004811268617482684,0.0053434478437766175,0.01001365144992886
28.5,-11.5,6328,0.008048504465079908,0.005685290625509104,0.004592217598191297,0.011725256931127396
29.5,-11.5,6329,0.0075291101656301184,0.0040651272078573815,0.0036704684261486347,0.009598302869171987
40.5,-11.5,6340,0.012237651201199814,0.005789407082727758,0.0042981619323064334,0.010951352793011767
41.5,-11.5,6341,0.012542187924344859,0.006456201029511072,0.004666634665301224,0.01071521826090209
42.5,-11.5,6342,0.01141694508575645,0.005620184455047161,0.0042026186031218745,0.0076088026328930865
43.5,-11.5,6343,0.010965395266993529,0.005492591073146681,0.0034104812012099297,0.008015030161779523
44.5,-11.5,6344,0.009502638724236382,0.005708378746591273,0.0033065949802194065,0.0065419367795812805
45.5,-11.5,6345,0.008378989253386565,0.0057164629380111786,0.0033622739644793326,0.006973148528285861
46.5,-11.5,6346,0.008378989253386565,0.005434795992933061,0.0037490821047658864,0.0069025621949927686
47.5,-11.5,6347,0.007984773335913171,0.004418317633534333,0.003621548291396968,0.0063686089067861934
48.5,-11.5,6348,0.0067626488738436324,0.0033967436350463686,0.0033447078538301023,0.004311777001365434
49.5,-11.5,6349,0.005688601554003512,0.0031792510058399675,0.003116005102431155,0.0037874832428458124
50.5,-11.5,6350,0.0056561007847192235,0.003119345761434527,NA,0.003619859039331847
51.5,-11.5,6351,0.0047463330410201544,0.003003339640295187,NA,0.003571424296900337
52.5,-11.5,6352,0.005248729099477281,0.0029007726231661457,NA,0.0032984430512552065
53.5,-11.5,6353,0.005433452476921954,0.0029034255626706833,NA,0.0038539063562924207
54.5,-11.5,6354,0.005417357749568169,0.0030781823448184763,NA,0.003737504459115233
55.5,-11.5,6355,0.005327314568124383,0.0030830851838768623,NA,0.003743453503884672
56.5,-11.5,6356,0.005137101176464974,0.004675896857068648,NA,0.0033881990620479967
57.5,-11.5,6357,0.004668008045800471,0.004742904370874558,NA,0.003087733379164933
58.5,-11.5,6358,0.004639926017571225,0.004417650189681658,NA,0.0035815851580413304
59.5,-11.5,6359,0.004988569724908352,0.005175240515056407,NA,0.0033798906730005845
70.5,-11.5,6370,0.004081324885395222,NA,NA,NA
71.5,-11.5,6371,0.004062437707405656,NA,NA,NA
72.5,-11.5,6372,0.004291157274813913,NA,NA,NA
73.5,-11.5,6373,0.005566118325618828,NA,NA,NA
74.5,-11.5,6374,0.00605905857843256,NA,NA,NA
75.5,-11.5,6375,0.006366257622547507,NA,NA,NA
76.5,-11.5,6376,0.005978345914993505,NA,NA,NA
77.5,-11.5,6377,0.004814506510612039,NA,NA,NA
78.5,-11.5,6378,0.00468312873879999,NA,NA,NA
79.5,-11.5,6379,0.004881191745402724,NA,NA,NA
80.5,-11.5,6380,0.004868271186586323,NA,NA,0.0012346536353107108
81.5,-11.5,6381,0.004381848425250892,NA,NA,0.0012353299819113878
82.5,-11.5,6382,0.003950063196575334,NA,NA,0.001001095314446436
83.5,-11.5,6383,0.005054398394813621,NA,NA,0.001159241384313634
84.5,-11.5,6384,0.005299986689183054,NA,NA,0.0011399088387215371
85.5,-11.5,6385,0.007176438537296603,NA,NA,0.001081257386333043
86.5,-11.5,6386,0.008208519258293311,NA,NA,0.0011373023645760252
87.5,-11.5,6387,0.012223573270070924,NA,NA,0.001955342419240765
88.5,-11.5,6388,0.009693133187002063,NA,NA,0.0025485031026078893
89.5,-11.5,6389,0.010089408341565449,NA,NA,0.001818270286591589
90.5,-11.5,6390,0.010534907468831628,NA,0.001233042053273208,0.001965224716408018
91.5,-11.5,6391,0.010667584804132971,NA,0.0012916862137594214,0.0027708634984563163
92.5,-11.5,6392,0.009778687237005004,NA,0.001929554090082978,0.0028560157130782956
93.5,-11.5,6393,0.009874363088046675,NA,0.0021520221931706166,0.0041515101140781685
94.5,-11.5,6394,0.011214302377519154,NA,0.0028726893992215615,0.00551384026202051
95.5,-11.5,6395,0.008979013280497503,NA,0.0024927173653193167,0.005350812924393216
96.5,-11.5,6396,0.010672497750263844,NA,0.0027285532243389466,0.004538319376703274
97.5,-11.5,6397,0.00854628297304197,NA,0.003092784273145127,0.005084578115082897
98.5,-11.5,6398,0.02691711733492247,NA,0.011612931454697611,0.02233178960930724
99.5,-11.5,6399,0.04156191017520473,NA,0.01117541334222294,0.04068881720059049
-109.5,-10.5,6433,0.026081356867260704,NA,NA,0.011007319834342874
-108.5,-10.5,6434,0.01942273656871435,NA,NA,0.0110428652578335
-107.5,-10.5,6435,0.022185261794213325,NA,NA,0.010969439989823367
-106.5,-10.5,6436,0.020681150405473327,NA,NA,0.012181328828871477
-105.5,-10.5,6437,0.020694402856294744,NA,NA,0.01400560585329682
-104.5,-10.5,6438,0.020920276243861488,NA,NA,0.014140376384224936
-103.5,-10.5,6439,0.01795245821169452,NA,NA,0.009727961433335243
-102.5,-10.5,6440,0.011013711578085849,NA,NA,0.005983179323809721
-101.5,-10.5,6441,0.00869922169805466,NA,NA,0.004915124770563046
-100.5,-10.5,6442,0.010424296033343508,NA,NA,0.004761859813181219
-99.5,-10.5,6443,0.010361626842071986,NA,NA,0.004909944074022853
-98.5,-10.5,6444,0.012251200996005502,NA,NA,0.00482444110468665
-97.5,-10.5,6445,0.011223451912192471,NA,NA,0.0052844487555172934
-96.5,-10.5,6446,0.008423692839282298,NA,NA,0.005747420848238649
-95.5,-10.5,6447,0.008557068438794,NA,NA,0.006204261212799673
-94.5,-10.5,6448,0.010191032009926566,NA,NA,0.005515798733937603
-93.5,-10.5,6449,0.011224542841485203,NA,NA,0.005442121607574502
-92.5,-10.5,6450,0.01163829472880276,NA,NA,0.005442121607574502
-91.5,-10.5,6451,0.013452803464271251,NA,NA,0.005579577905194997
-90.5,-10.5,6452,0.013703035447775718,NA,NA,0.005463666017985366
-89.5,-10.5,6453,0.015188093561358886,0.005802972372469248,0.0032678356751219806,0.005892380145237964
-88.5,-10.5,6454,0.030638210026177327,0.00969393936379412,0.0036651518724355367,0.009425763802608338
-87.5,-10.5,6455,0.03358390077140073,0.009190031065705087,0.004901289119546089,0.010753462939656247
-86.5,-10.5,6456,0.03375334732816385,0.01048610484345083,0.004013289191215688,0.011025260372076398
-85.5,-10.5,6457,0.03796208887678206,0.010983571397991419,0.007285622935850978,0.011046270042418269
-84.5,-10.5,6458,0.04399507654585722,0.012480897899855205,0.008332422503967148,0.012017666315122015
-83.5,-10.5,6459,0.05091414288959603,0.012872904901165097,0.007644190722190857,0.013903203266753395
-82.5,-10.5,6460,0.05555051603186474,0.01518383550303778,0.011122362386581031,0.014773645364551433
-81.5,-10.5,6461,0.05983610717188314,0.018832295850049655,0.01566122779379323,0.015825300508296836
-80.5,-10.5,6462,0.06809369536940395,0.02340867599243477,0.011005580320801008,0.015518319202543568
-79.5,-10.5,6463,0.06277520144019749,0.028223909980889004,0.009816510849790029,0.015491503565282103
-78.5,-10.5,6464,0.05960746806161291,0.03261095495375893,0.005807905475493739,0.015285688054099201
-77.5,-10.5,6465,0.06559034017659589,0.02368980500230745,0.005019733958888627,0.016073967576635036
-76.5,-10.5,6466,0.04648514008512727,0.024850554582321122,0.005467580084744912,0.01622131429885609
-75.5,-10.5,6467,0.0644521002807845,0.033904154720688015,0.010508614878258592,0.026756660804313787
-74.5,-10.5,6468,0.031818426469712155,0.023468076629679528,0.0034291070012151953,0.010547197261025213
-73.5,-10.5,6469,0.057796971419587895,0.03978273934314593,0.007581727098364047,0.029759478318321108
-72.5,-10.5,6470,0.0960938943382591,0.04222591067869058,0.006604654567547991,0.033968629200989656
-71.5,-10.5,6471,0.08764308962249366,0.038908853027217104,0.006216804978680982,0.042115347714919905
-70.5,-10.5,6472,0.08277979143275142,0.036591906825399347,0.005054400575024436,0.04553141874690402
-69.5,-10.5,6473,0.0891789252608184,0.034091463135185546,0.01074648846570386,0.06046855249667876
-68.5,-10.5,6474,0.32792041332100264,0.06098374998852471,0.016082397110821368,0.07920294866962997
-67.5,-10.5,6475,0.230802621712093,0.0671711643384446,0.01942470582510968,0.09344826447496186
-66.5,-10.5,6476,0.3352149474054905,0.1300906267897839,0.020197339339417985,0.09310322050483891
-65.5,-10.5,6477,0.23305493494638213,0.11679910129498683,0.016564130916867745,0.10178135042109583
-64.5,-10.5,6478,0.186031448077431,0.08682738803942656,0.014999925146134192,0.1152384673054416
-63.5,-10.5,6479,0.2489162446332393,0.06554945581797969,0.016903650396081406,0.14780311854374495
-62.5,-10.5,6480,0.2395985487734981,0.040329983163584715,0.020456556747191365,0.14035954880547938
-61.5,-10.5,6481,0.13645689555450613,0.05318685257401226,0.028393252439383176,0.23606014969568748
-60.5,-10.5,6482,0.062368452593718746,0.046638798704236366,0.024561858530266965,0.20729776057440663
-59.5,-10.5,6483,0.019667177381781708,0.013658679154323013,0.011499099582356183,0.17817197556445413
-56.5,-10.5,6484,0.011877737780135495,0.031146646415265704,0.007685004803400895,0.06222973630397052
-55.5,-10.5,6485,0.01810515811676502,0.011257094311811624,0.008123653314442196,0.10478554997026476
-54.5,-10.5,6486,0.03140605924262214,0.010933496759302382,0.005297578428405125,0.10691021456683256
-53.5,-10.5,6487,0.03133371443786544,0.013866835601484932,0.00702088365482354,0.059795980891282755
-52.5,-10.5,6488,0.09428809914565583,0.010825816406616687,0.010060360626962585,0.07141701299237349
-51.5,-10.5,6489,0.045092454790863414,0.005031910548917875,0.007082540955916953,0.0721522197765105
-50.5,-10.5,6490,0.04368157831179216,0.005695759696611326,0.007750608838774705,0.0696499368212863
-28.5,-10.5,6510,0.18794893806782192,0.13713067564073933,0.020551194814792437,0.15768770996667558
-27.5,-10.5,6511,0.13338741145885147,0.06446028745934504,0.013742065310102742,0.10218757661522569
-26.5,-10.5,6512,0.09679671464854586,0.0754274359232202,0.015775887295085028,0.11755525305761365
-25.5,-10.5,6513,0.09353049229109567,0.03756370164223863,0.013353589382795414,0.15602427196087773
-24.5,-10.5,6514,0.07059739459733744,0.0260888384707404,0.011323769077305595,0.17331170912317378
-23.5,-10.5,6515,0.05860891434552604,0.020474456117940448,0.010566279080448535,0.14484681355242165
-22.5,-10.5,6516,0.05811390136613319,0.02136201426419282,0.011375347803867642,0.18669878794175904
-21.5,-10.5,6517,0.049283790222297376,0.025125171816996736,0.010909825647336432,0.2101287964613204
-20.5,-10.5,6518,0.07589205396190449,0.065190963065958,0.0137360532550798,0.22140546566367905
-19.5,-10.5,6519,0.08469928019255471,0.09511678219238207,0.021609760886725112,0.3004586949615128
-18.5,-10.5,6520,0.055254158964577096,0.024091891229888182,0.007181312330578402,0.13945585198436874
-17.5,-10.5,6521,0.07199129837733861,0.037018703725069206,0.01333614530330452,0.2865247072291748
-16.5,-10.5,6522,0.06289508049006705,0.0377620447546399,0.009547951848085181,0.1856525854868886
-15.5,-10.5,6523,0.08248730051651794,0.03792421280373617,0.013007729072548458,0.10619430935058859
-14.5,-10.5,6524,0.08234512684031585,0.024484263488100084,0.011191697300896631,0.08192785702366619
-13.5,-10.5,6525,0.08580166925032785,0.023817919488348514,0.008459087815443555,0.11342472932814894
-12.5,-10.5,6526,0.10750656727123341,0.03191689251028328,0.010573508825677733,0.14584860385953738
-11.5,-10.5,6527,0.11321193924698257,0.026667431159387973,0.011722755738373343,0.20979879032025867
-10.5,-10.5,6528,0.09131290843092767,0.03068980091409234,0.016607448951943462,0.10858494133222542
0.5,-10.5,6539,0.01988242245856329,NA,0.003998764771930122,0.008997092123620948
1.5,-10.5,6540,0.02403705837345518,NA,0.003600844938621094,0.008441372612009267
2.5,-10.5,6541,0.015968373750616233,NA,0.004278398856861098,0.008357811743577657
3.5,-10.5,6542,0.010429063091950892,NA,0.0041689408416465444,0.009790395483043583
4.5,-10.5,6543,0.014005497513384492,NA,0.004333192641102796,0.00886936334708081
5.5,-10.5,6544,0.021642132814053902,NA,0.004421926918592594,0.009266031064413406
6.5,-10.5,6545,0.025469387832787575,NA,0.004314156160759516,0.010664982255307688
7.5,-10.5,6546,0.018732132817785768,NA,0.004825301752315766,0.009473835404956912
8.5,-10.5,6547,0.017426914698435325,NA,0.005763472951549568,0.014447759197550323
9.5,-10.5,6548,0.013332246886139905,NA,0.0057071269374115805,0.013942746394487053
20.5,-10.5,6559,0.009805243093846108,0.006006474917502577,0.004423081638846852,0.008454172810658543
21.5,-10.5,6560,0.00857710214170219,0.004346029791988683,0.004034722858353995,0.0079203178760214165
22.5,-10.5,6561,0.0072553919769539135,0.0045455354269066375,0.004192114047102932,0.008795636223718914
23.5,-10.5,6562,0.008626064824084963,0.005932660035062431,0.004168939712284222,0.008491824932561638
24.5,-10.5,6563,0.008581459171688803,0.00556329744103643,0.00411534509337793,0.008461130829532888
25.5,-10.5,6564,0.009037038525906205,0.005240270020003512,0.003435017436722559,0.008492338517820169
26.5,-10.5,6565,0.008411343797127588,0.004658170855926716,0.0033153248353029498,0.009270974856991123
27.5,-10.5,6566,0.00937993364435022,0.00519493648556905,0.004351670614644248,0.012415735210729134
28.5,-10.5,6567,0.010299220255250258,0.004905135441910464,0.003559490496885186,0.010450974792106648
29.5,-10.5,6568,0.008900273678689613,0.004440432088459182,0.003180062350561051,0.009167276889475849
40.5,-10.5,6579,0.012295895889444814,0.009068504278935711,0.0043341712603286115,0.013799154879558856
41.5,-10.5,6580,0.010246542397703376,0.006111898864721173,0.002461547038959187,0.010452152860765097
42.5,-10.5,6581,0.011148082661825353,0.00673941858743254,0.0036238436855761855,0.0159238536784263
43.5,-10.5,6582,0.010306466527640097,0.00630442098251727,0.0033756931727946466,0.005426777846278922
44.5,-10.5,6583,0.010124273053285546,0.006544625068722484,0.003315608601322196,0.005322845388788579
45.5,-10.5,6584,0.009509356726945325,0.005507759253064612,0.003184227829979564,0.007593223971108127
46.5,-10.5,6585,0.00867959820713795,0.005493175606542409,0.0033414863540810395,0.005366433200391079
47.5,-10.5,6586,0.008358818012078285,0.0047796425593944905,0.0032267645940029675,0.00537732065996704
48.5,-10.5,6587,0.006076952295764944,0.0035297197508436045,0.0020999765012323823,0.004235892284566275
49.5,-10.5,6588,0.005472406510645862,0.0035475768619485835,0.0022365145732052226,0.0026963567886576895
50.5,-10.5,6589,0.005364828725295591,0.0029263766506049532,NA,0.002385481215070371
51.5,-10.5,6590,0.004911585878602212,0.005578390145601863,NA,0.0021620104918136655
52.5,-10.5,6591,0.004500524026817159,0.005293204916139445,NA,0.002171679793797494
53.5,-10.5,6592,0.005054027514172218,0.004601964793637785,NA,0.002171679793797494
54.5,-10.5,6593,0.005044170689302488,0.004742338055370277,NA,0.002171679793797494
55.5,-10.5,6594,0.0050563006343927585,0.004790701850699778,NA,0.0021686777795823235
56.5,-10.5,6595,0.004920953663129965,0.004797747243554301,NA,0.002165225907631757
57.5,-10.5,6596,0.00439370937983925,0.00487173292837745,NA,0.002118566250054944
58.5,-10.5,6597,0.004916473128780611,0.0054266365578730024,NA,0.002121499044359742
59.5,-10.5,6598,0.004840058832818727,0.004906334410309485,NA,0.002121499044359742
70.5,-10.5,6609,0.004236655656587315,NA,NA,NA
71.5,-10.5,6610,0.005762656789338463,NA,NA,NA
72.5,-10.5,6611,0.004567884889915749,NA,NA,NA
73.5,-10.5,6612,0.006226839433226417,NA,NA,NA
74.5,-10.5,6613,0.006278707910961225,NA,NA,NA
75.5,-10.5,6614,0.006606060774309203,NA,NA,NA
76.5,-10.5,6615,0.0062416861988502355,NA,NA,NA
77.5,-10.5,6616,0.005503406279711437,NA,NA,NA
78.5,-10.5,6617,0.0049681808107593746,NA,NA,NA
79.5,-10.5,6618,0.0049681808107593746,NA,NA,NA
80.5,-10.5,6619,0.0049681808107593746,NA,NA,0.0015800121054997287
81.5,-10.5,6620,0.004981365205808964,NA,NA,0.0014928270950555426
82.5,-10.5,6621,0.005334647977735974,NA,NA,0.0012043753881233576
83.5,-10.5,6622,0.00788665726512735,NA,NA,0.001214762160358872
84.5,-10.5,6623,0.008031744056544231,NA,NA,0.0013044518883205338
85.5,-10.5,6624,0.00872152148585414,NA,NA,0.001554451247206129
86.5,-10.5,6625,0.01061690947040967,NA,NA,0.0027971325661086824
87.5,-10.5,6626,0.01325654445263513,NA,NA,0.0021217525299195147
88.5,-10.5,6627,0.009619284454722524,NA,NA,0.0026829269746820768
89.5,-10.5,6628,0.009987030170032418,NA,NA,0.0027388725976602644
90.5,-10.5,6629,0.014862355905773523,NA,0.001876477137951153,0.0027612910157234593
91.5,-10.5,6630,0.010236977744402942,NA,0.0019490631998009768,0.0037720639471424083
92.5,-10.5,6631,0.010172622325837748,NA,0.00258838805368906,0.004516078581550123
93.5,-10.5,6632,0.006692152149657741,NA,0.0024914878662713347,0.004634064558642155
94.5,-10.5,6633,0.00726194935057393,NA,0.0025725225680990056,0.004109220339612283
95.5,-10.5,6634,0.009710028780904488,NA,0.002541739834256367,0.005068045531313136
96.5,-10.5,6635,0.008868977769416796,NA,0.003108791157259864,0.005410903229664869
97.5,-10.5,6636,0.011553353672252974,NA,0.0036963670953317467,0.007904554224903593
98.5,-10.5,6637,0.036639989535634014,NA,0.022059541325281855,0.05836546813854424
99.5,-10.5,6638,0.04544582864027673,NA,0.021723375350301135,0.03769692791668724
-139.5,-9.5,6641,0.02749911061080692,NA,0.0018325311197067886,0.00391955018083654
-138.5,-9.5,6642,0.061061944879560064,NA,0.005427021548002516,0.006462803348188403
-137.5,-9.5,6643,0.019959869780943267,NA,0.003947556004214031,0.005605017498527785
-136.5,-9.5,6644,0.018689024675439276,NA,0.004658276693716757,0.004420004503528743
-135.5,-9.5,6645,0.028874522338354178,NA,0.00611802531712593,0.005137280433579202
-134.5,-9.5,6646,0.04178295206622514,NA,0.0044139078447566005,0.007681702115797123
-133.5,-9.5,6647,0.03566944659180285,NA,0.0018709664664769887,0.003049730987688267
-132.5,-9.5,6648,0.046753407217358885,NA,0.002707680309072865,0.003881315142298919
-131.5,-9.5,6649,0.05713984770970202,NA,0.0035024832532827444,0.005044338761307396
-130.5,-9.5,6650,0.06247194000808642,NA,0.00289100796295307,0.004704115674977027
-129.5,-9.5,6651,0.06163875271235488,0.014516736374863401,0.002750586949418247,0.004390163449384982
-128.5,-9.5,6652,0.04913334400110176,0.015787831538630673,0.0027731336285697927,0.005691205259833404
-127.5,-9.5,6653,0.02739763355424209,0.012062203664009499,0.0026921722897066966,0.0044207465042505984
-126.5,-9.5,6654,0.02664084909246787,0.011501420068161614,0.0028582341052323583,0.005373124195778353
-125.5,-9.5,6655,0.030855531204173402,0.012445227927609366,0.0029785778006877,0.0063657415933554735
-124.5,-9.5,6656,0.03282622989279148,0.01248463248573643,0.0030208946815255913,0.007702193877215839
-123.5,-9.5,6657,0.031795685350709056,0.013715174116055507,0.0033159541023674408,0.01143380830772063
-122.5,-9.5,6658,0.033424160446208995,0.013875559492027827,0.003303293781634129,0.009624521938694721
-121.5,-9.5,6659,0.03277356233341899,0.011755148691773316,0.0029049050293439237,0.011114687436682601
-120.5,-9.5,6660,0.04221015955530844,0.016668700559981913,0.004011095038714649,0.023019172907110422
-119.5,-9.5,6661,0.03812061833840375,0.02185062283348039,NA,0.024976682588562435
-118.5,-9.5,6662,0.08873511594570527,0.014685935592557951,NA,0.025883414894709685
-117.5,-9.5,6663,0.04498862260115996,0.015981197932050883,NA,0.015107856227460569
-116.5,-9.5,6664,0.014550305590312342,0.00678051417804991,NA,0.005938296497275882
-115.5,-9.5,6665,0.012183877488465807,0.006824482355138391,NA,0.006004500272763643
-114.5,-9.5,6666,0.015419563022177821,0.007007491152681472,NA,0.006619087178011599
-113.5,-9.5,6667,0.024853517324505258,0.010438659331328141,NA,0.010733644508522372
-112.5,-9.5,6668,0.022974487443645945,0.009991884876432497,NA,0.010760562831444697
-111.5,-9.5,6669,0.024586429514419954,0.013930450396607027,NA,0.01150964256933988
-110.5,-9.5,6670,0.023683395271735873,0.009405837823749678,NA,0.011593396476618268
-109.5,-9.5,6671,0.03640326127358353,0.013660708420318059,0.005605806865962751,0.02245839973935324
-108.5,-9.5,6672,0.0249986777453011,0.013800549518467096,0.005625839092089951,0.0192292051538657
-107.5,-9.5,6673,0.01683840661141679,0.012247821801134866,0.005007937571784145,0.011753936908634213
-106.5,-9.5,6674,0.015269256158444272,0.010154991213015179,0.005402160487575095,0.011378861494219385
-105.5,-9.5,6675,0.012504236608084961,0.008403895752439794,0.004259461698015972,0.013596079620128706
-104.5,-9.5,6676,0.012238864482503057,0.008208910919265986,0.005113894567024677,0.013886039572219441
-103.5,-9.5,6677,0.012126237540730646,0.008037004539826156,0.005156457842896024,0.012868885222566307
-102.5,-9.5,6678,0.010715075141342328,0.006947412921564431,0.004437302454713883,0.010831592745747928
-101.5,-9.5,6679,0.006798875346056668,0.004969460445221889,0.0023291988731848454,0.005899268439091096
-100.5,-9.5,6680,0.00807943626891253,0.005044801553706804,0.0025781594743175436,0.00518603358215689
-99.5,-9.5,6681,0.009899745523949979,0.004854006656734768,0.0025781594743175436,0.004997909159147264
-98.5,-9.5,6682,0.009790675880444648,0.004660867311077381,0.002088735268031116,0.004852413761952015
-97.5,-9.5,6683,0.008592740178018024,0.005209007588357586,0.004993196316898562,0.005226757891112022
-96.5,-9.5,6684,0.006812492948575947,0.004470507132319753,0.004395630171341284,0.0051663484680009334
-95.5,-9.5,6685,0.007936352397209334,0.00459617939871271,0.00500880243051873,0.00570714314873253
-94.5,-9.5,6686,0.007823984964015054,0.004676179648690742,0.004527595712473571,0.0049954668918107265
-93.5,-9.5,6687,0.0071641462142375085,0.004428281268783237,0.004826141236485817,0.004906367381478069
-92.5,-9.5,6688,0.008377191395208537,0.004428281268783237,0.004089711907056988,0.005458234995319164
-91.5,-9.5,6689,0.010532408795680443,0.004473042938111594,0.0038965053071527526,0.005440133183308503
-90.5,-9.5,6690,0.011804076362002482,0.005242768723354507,0.005684465131719219,0.00494635981994759
-89.5,-9.5,6691,0.011595645554830721,0.0052591758084090745,0.00601181406657604,0.006794973660329776
-88.5,-9.5,6692,0.01560251483717461,0.005725748919589337,0.004881686342929088,0.009754421014035147
-87.5,-9.5,6693,0.04139951717978529,0.010733695461081523,0.008311853980093608,0.019551191087203955
-86.5,-9.5,6694,0.04162447960189917,0.011593971606029495,0.007255516536390936,0.020323812864116858
-85.5,-9.5,6695,0.050317715599593256,0.010611252823144733,0.0050020519397503925,0.020894611701027407
-84.5,-9.5,6696,0.0373969265060945,0.010750960866208697,0.00889604612385041,0.020974603494442804
-83.5,-9.5,6697,0.034729741747404785,0.01339136703610835,0.009204888051684344,0.024493370389118127
-82.5,-9.5,6698,0.038427480386963656,0.016715290350908345,0.011331047053718677,0.02991532413364907
-81.5,-9.5,6699,0.05549048642367794,0.02002571769321753,0.01284362757421375,0.03181959375770149
-80.5,-9.5,6700,0.0379229367914088,0.021380244612210893,0.012580301829115428,0.03217084755963422
-79.5,-9.5,6701,0.03859119594625484,0.02452533732282382,0.01079081749903911,0.03473307280939697
-78.5,-9.5,6702,0.03360179340822963,0.01717835343431702,0.008723125715039111,0.041593171230848706
-77.5,-9.5,6703,0.04658418084245221,0.020806102043098653,0.005835922705824824,0.0424030307045415
-76.5,-9.5,6704,0.052180133445604696,0.019162621325946334,0.005547981742075363,0.03367169549924512
-75.5,-9.5,6705,0.0852948916907078,0.02430965070738841,0.009455757391820465,0.027072650548872257
-74.5,-9.5,6706,0.09146660062573471,0.024252582940595253,0.011436443993530906,0.02752295872088661
-73.5,-9.5,6707,0.10300857968653568,0.026731612793089,0.009876412657173057,0.03169715107757113
-72.5,-9.5,6708,0.07863319562696267,0.034428453648458396,0.009464702930127593,0.030918445153476595
-71.5,-9.5,6709,0.06605893675137321,0.03347915489323118,0.008870083722569502,0.029045790673715325
-70.5,-9.5,6710,0.12098378796818396,0.041228513184129525,0.010227705663836174,0.03848880176760065
-69.5,-9.5,6711,0.12328504908964036,0.07873986568069086,0.01045138918899996,0.03355526745216644
-68.5,-9.5,6712,0.28487094520297823,0.1233983092622481,0.023494054176446268,0.062349531259081215
-67.5,-9.5,6713,0.41473930634963,0.15553890311089208,0.0576242196315224,0.08274009662432516
-66.5,-9.5,6714,0.2863770295448693,0.15958292293777138,0.040785595187924135,0.10243140629264644
-65.5,-9.5,6715,0.5189162737969254,0.374868620873573,0.03696449997995999,0.12819206122726612
-64.5,-9.5,6716,0.12166915174811893,0.07807867331700717,0.05041407692729142,0.10949053048388696
-63.5,-9.5,6717,0.149910345986855,0.1272190270314919,0.02588804948505367,0.08221774627508147
-62.5,-9.5,6718,0.12978395919408425,0.1984808810967367,0.03431718148142915,0.12840806366711807
-61.5,-9.5,6719,0.38081965553119723,0.12968303536459055,0.03166963066748836,0.11493773270513741
-54.5,-9.5,6720,0.0749308987753238,0.03025961441368376,0.011902131736944366,0.12151571929996405
-53.5,-9.5,6721,0.039715595523670565,0.027530889598851818,0.005262588197318167,0.04445784163414641
-52.5,-9.5,6722,0.07372030341848139,0.05814384889844435,0.018166449668342487,0.10336068561244859
-51.5,-9.5,6723,0.0434028699699138,0.04589746263296444,0.015703644902044688,0.07411824879634041
-50.5,-9.5,6724,0.026348468365605504,0.015624504457357297,0.006065536024096265,0.028806640813279064
-49.5,-9.5,6725,0.02217733895171832,NA,NA,0.02834753128313086
-48.5,-9.5,6726,0.025297334676705033,NA,NA,0.024914868768234056
-47.5,-9.5,6727,0.0214123795149478,NA,NA,0.017393803283994126
-46.5,-9.5,6728,0.02410316400807486,NA,NA,0.01539755770881012
-45.5,-9.5,6729,0.011612024191461295,NA,NA,0.010844900360053027
-44.5,-9.5,6730,0.01302765306882301,NA,NA,0.01442830978499391
-43.5,-9.5,6731,0.022109779712346577,NA,NA,0.01638469325599497
-42.5,-9.5,6732,0.005685591215074628,NA,NA,0.029948982473798767
-41.5,-9.5,6733,0.007680295732162447,NA,NA,0.04266795499695909
-40.5,-9.5,6734,0.01669784095704693,NA,NA,0.012893728755141172
-39.5,-9.5,6735,0.011148955786125505,0.014533495678125506,0.015621779469230044,0.009719745514315677
-36.5,-9.5,6736,0.002682422886174173,0.0034879707233100906,0.010939648292786323,0.012339966526741073
-35.5,-9.5,6737,0.0038837760838222072,0.006511347828973252,0.0063341618142757055,0.04502758547227311
-34.5,-9.5,6738,0.00991331560571675,0.02089049784384018,0.036807416784684695,0.420292390588857
-33.5,-9.5,6739,0.014453179094177078,0.02232960422867296,0.06341530295183138,0.09752539707416057
-30.5,-9.5,6740,0.003576157083404609,0.005970902165765627,0.0071761348434913755,0.025399052972808436
-28.5,-9.5,6741,0.06624233762513879,0.07283168227688007,0.02179255779313717,0.15733410696682995
-27.5,-9.5,6742,0.04796767537820631,0.028134341427942206,0.013879624602359288,0.08124451512245896
-26.5,-9.5,6743,0.0391396916498031,0.06399247786563604,0.0164465384164604,0.16162669800172846
-25.5,-9.5,6744,0.023357992838226503,0.058489681683205244,0.011775037811429785,0.14718808349923154
-24.5,-9.5,6745,0.030547011001680183,0.0473810962601793,0.011419450634238805,0.172524263260192
-23.5,-9.5,6746,0.034284636213892675,0.04394241123168548,0.012429810686382721,0.17807807243048368
-22.5,-9.5,6747,0.05039889255401254,0.10368400319381017,0.019943222736809145,0.41904797626294493
-21.5,-9.5,6748,0.03849226774236458,0.08049750783942923,0.015685130315441446,0.3029496953346993
-20.5,-9.5,6749,0.036281998376196785,0.025880764221783967,0.010091414647550874,0.13629750996751933
-19.5,-9.5,6750,0.029868307587697953,0.018646409496929976,0.004806087446452787,0.02673608084547339
-18.5,-9.5,6751,0.0990559343227323,0.04601163861329129,0.007983697189936453,0.0714194205128235
-17.5,-9.5,6752,0.04523816736236789,0.04839614951446177,0.012785537710626928,0.15042274534254113
-16.5,-9.5,6753,0.03301458250557803,0.024044536164797466,0.013425116941864578,0.07819578971156492
-15.5,-9.5,6754,0.0320948005611652,0.021585839978884306,0.011039623747843619,0.12528164082995186
-14.5,-9.5,6755,0.044164899420508386,0.021584082824826403,0.015223242191246763,0.13993950994927293
-13.5,-9.5,6756,0.04359485075700134,0.02373669409561458,0.01454004361543848,0.13142155554063942
-12.5,-9.5,6757,0.041408093271330104,0.02797564881162222,0.020422496368019582,0.25361213069076854
-11.5,-9.5,6758,0.0380276762826094,0.032589371108266006,0.018834438936314354,0.11391044690759305
-10.5,-9.5,6759,0.07008552780917941,0.024525692089884088,0.026303396606238975,0.07272432555645093
-9.5,-9.5,6760,0.0343315727325311,0.031130203492684184,0.013847989618957666,NA
-8.5,-9.5,6761,0.030218426765393294,0.015911458211316305,0.008388958720996506,NA
-7.5,-9.5,6762,0.023933887982555944,0.021060089925124884,0.009914290884780306,NA
-6.5,-9.5,6763,0.021691331096468043,0.015749531495892317,0.009534369652598289,NA
-5.5,-9.5,6764,0.01727044634972734,0.015868634848165617,0.009634939456686342,NA
-4.5,-9.5,6765,0.018049243362084882,0.0158456616224883,0.00843365667374822,NA
-3.5,-9.5,6766,0.015705548817131536,0.010466695397369465,0.006971877743407778,NA
-2.5,-9.5,6767,0.016274945503593378,0.009237432966875765,0.0055078604598582355,NA
-1.5,-9.5,6768,0.03192856344321831,0.009267681531180284,0.004734287101230815,NA
-0.5,-9.5,6769,0.018584705435300032,0.010744542754373074,0.005610137002562286,NA
0.5,-9.5,6770,0.021925654079986326,0.010098404459728318,0.00601150124569576,0.01320299990891086
1.5,-9.5,6771,0.01882090965370165,0.011085048972173604,0.004871533926168761,0.010501328360215813
2.5,-9.5,6772,0.014001252113300382,0.009709643948098663,0.004647658535955574,0.008970438933318035
3.5,-9.5,6773,0.010677558663769073,0.009194663146685765,0.005470341116967063,0.009085546036680431
4.5,-9.5,6774,0.01109774178591396,0.009940477840713974,0.005747357011591593,0.009232392058960039
5.5,-9.5,6775,0.013662629989588492,0.011527682370839142,0.005934629800816154,0.009621368007332542
6.5,-9.5,6776,0.018510523444029498,0.007138652277843327,0.006132551063449269,0.008347097450939147
7.5,-9.5,6777,0.014927890440624035,0.00763463166544759,0.006099234913216212,0.009360976932275302
8.5,-9.5,6778,0.013057026892195461,0.007828743554391162,0.005844027003306359,0.009006759730532351
9.5,-9.5,6779,0.01347444596011329,0.006475982786539887,0.006546393505864683,0.015364922465734272
20.5,-9.5,6790,0.012045520715141587,0.005216882189125634,0.005269617499476508,0.010986298170149587
21.5,-9.5,6791,0.01597319746969315,0.0062448198628164584,0.00808269114266099,0.014385223286242853
22.5,-9.5,6792,0.013873760958642673,0.006061516166500958,0.0081448221437838,0.02004428685448914
23.5,-9.5,6793,0.012596689530959557,0.007506711430426858,0.006871953005738633,0.013061719659968546
24.5,-9.5,6794,0.020527158536852552,0.007811618661148564,0.006669858990690343,0.014216291284925407
25.5,-9.5,6795,0.019592314248917487,0.008033742227251194,0.0062634652720959,0.013720722604709154
26.5,-9.5,6796,0.022911008394583134,0.008687208110169424,0.006091810631708187,0.015388482629107556
27.5,-9.5,6797,0.020508212058155773,0.008894206655414478,0.006167021150585925,0.020230454285240583
28.5,-9.5,6798,0.01627701646272765,0.00855319957995052,0.005324944761933924,0.011690037291362696
29.5,-9.5,6799,0.013263026204165853,0.009749229485404092,0.005434139585827984,0.01109005182765938
30.5,-9.5,6800,0.015292946070164449,0.007022090237734852,0.004217801055734716,0.010464817118501652
31.5,-9.5,6801,0.015241439903028613,0.006165964035323168,0.004328473357342077,0.00553739485820464
32.5,-9.5,6802,0.01592599885311032,0.0070870254214256394,0.004670975923530358,0.005312128593145224
33.5,-9.5,6803,0.012265666285344055,0.00720896811696626,0.004016794504284055,0.00516414443088253
34.5,-9.5,6804,0.010241005672300183,0.00784722415910149,0.003718821551630774,0.005774529438914062
35.5,-9.5,6805,0.011245550773189181,0.012264517426220952,0.004556568550518951,0.004943263175835005
36.5,-9.5,6806,0.010601017157741364,0.016085388530168332,0.004517146173061317,0.005106009779928761
37.5,-9.5,6807,0.015376939231334178,0.017996231793490098,0.0037478475313424135,0.005928785460197705
38.5,-9.5,6808,0.01697416695877659,0.019524758972277078,0.0038851806382266844,0.0065720403442479924
39.5,-9.5,6809,0.011795573004752532,0.02364595856628567,0.00461346724491609,0.013004975668823353
40.5,-9.5,6810,0.016055775613047777,0.014295452393712249,0.005419644417351709,0.009674062304625048
41.5,-9.5,6811,0.020053730929442692,0.009090891919233086,0.003865689718731665,0.00610439959104807
42.5,-9.5,6812,0.019330686646291936,0.008068232666429646,0.0040751437412409755,0.005603304645727317
43.5,-9.5,6813,0.02069743925341501,0.006432645145362691,0.0031143797708668166,0.004842449650683824
44.5,-9.5,6814,0.011949435715972137,0.006565382447359021,0.0035641165818290185,0.005205023740061407
45.5,-9.5,6815,0.012015373432117246,0.004812813462227322,0.0029563266336697955,0.005190088863182821
46.5,-9.5,6816,0.013544525884121587,0.005189737068259783,0.0035376373835294132,0.005148598028999529
47.5,-9.5,6817,0.010986495521296913,0.01010450709182291,0.0029322134767676062,0.004199315863560175
48.5,-9.5,6818,0.008161971445427468,0.01078592138880186,0.0024155065013690847,0.003269286190897924
49.5,-9.5,6819,0.00956959618222189,0.01151448191433271,0.002006970543430578,0.003269286190897924
50.5,-9.5,6820,0.006958310208717875,0.007588649289628813,NA,0.003125457722333402
51.5,-9.5,6821,0.005112008705737898,0.006028826408249244,NA,0.003096194044819816
52.5,-9.5,6822,0.0051688292135052055,0.004444845819990527,NA,0.0031407180543128036
53.5,-9.5,6823,0.005095284943184951,0.004751102934510702,NA,0.003054495684530056
54.5,-9.5,6824,0.0050797302798872394,0.005080477695383491,NA,0.003054495684530056
55.5,-9.5,6825,0.004507853186994611,0.0058014713027243385,NA,0.003054495684530056
56.5,-9.5,6826,0.004742174432908417,0.005859264619848479,NA,0.0030563334367474603
57.5,-9.5,6827,0.005217733931101168,0.006251786988162004,NA,0.003358877036042618
58.5,-9.5,6828,0.005387555849435181,0.006027899636228166,NA,0.0045288968063988185
59.5,-9.5,6829,0.00571995100080237,0.005243065822682699,NA,0.002967557776386642
60.5,-9.5,6830,0.005444982997636107,0.005708941820880106,NA,0.002958106628282075
61.5,-9.5,6831,0.012868351841853783,0.012676302016051412,NA,0.0070015926234947914
62.5,-9.5,6832,0.014749854456510182,0.015254901370709086,NA,0.00807900642600271
63.5,-9.5,6833,0.014902850124123413,0.01574023912006559,NA,0.007094609935668653
64.5,-9.5,6834,0.013172006094650395,0.01574023912006559,NA,0.007275508305831497
65.5,-9.5,6835,0.014225403222543162,0.014424859186620629,NA,0.005963552330965141
66.5,-9.5,6836,0.013434797488813937,0.011974078596814531,NA,0.005479330246317252
67.5,-9.5,6837,0.013658687401295003,0.01194946794768651,NA,0.005524670714429969
68.5,-9.5,6838,0.021194163577384472,0.01194946794768651,NA,0.005534005256039199
69.5,-9.5,6839,0.021531002796017593,0.012072374986588141,NA,0.006250958503582144
70.5,-9.5,6840,0.02077675150956264,0.012020300762919158,NA,0.006250958503582144
71.5,-9.5,6841,0.014914576756524314,0.010550062830003856,NA,0.006254216159150761
72.5,-9.5,6842,0.011849502868841474,0.007833618750975239,NA,0.004596107943931214
73.5,-9.5,6843,0.006835542681213791,0.005746266267627877,NA,0.00335858699190319
74.5,-9.5,6844,0.006940104487319087,0.006269116648930391,NA,0.0027659662913703848
75.5,-9.5,6845,0.00834335813963785,0.008107946337942715,NA,0.0031144746465251896
76.5,-9.5,6846,0.007928205334108923,0.008002256061658948,NA,0.0028690088096476785
77.5,-9.5,6847,0.005689431324039246,0.005360796710141462,NA,0.0022713355427105538
78.5,-9.5,6848,0.006296095507514702,0.005439449703631907,NA,0.002258337918499772
79.5,-9.5,6849,0.005664732073837857,0.005439449703631907,NA,0.0022025852932643732
80.5,-9.5,6850,0.0054164832730192675,NA,NA,0.002205209379504048
81.5,-9.5,6851,0.00693039811527947,NA,NA,0.0022037907054723986
82.5,-9.5,6852,0.005950197322938211,NA,NA,0.0017870022497601123
83.5,-9.5,6853,0.006272847178578082,NA,NA,0.0017808588755924206
84.5,-9.5,6854,0.006143490321017948,NA,NA,0.0017629939436350458
85.5,-9.5,6855,0.008121901591879931,NA,NA,0.002956784378913739
86.5,-9.5,6856,0.008040296227578958,NA,NA,0.003818303118420523
87.5,-9.5,6857,0.009777539908506957,NA,NA,0.0026840338186052675
88.5,-9.5,6858,0.008470696034963374,NA,NA,0.0036456156910833846
89.5,-9.5,6859,0.007699964497358242,NA,NA,0.0035970412306999787
-139.5,-8.5,6872,0.060401769462903446,NA,0.005738734055332699,0.008593358420582285
-138.5,-8.5,6873,0.04205707970228178,NA,0.004729878493829349,0.0038077332398643283
-137.5,-8.5,6874,0.02208981087889382,NA,0.0033419999674037925,0.004158252981787165
-136.5,-8.5,6875,0.02462500849226565,NA,0.00381459918828246,0.0062468684221912455
-135.5,-8.5,6876,0.023712181989265026,NA,0.004098328711499027,0.008241568700391458
-134.5,-8.5,6877,0.02721391439692232,NA,0.0028889524152288498,0.007830952755499361
-133.5,-8.5,6878,0.05705779695578136,NA,0.00298758499478563,0.008614386019318547
-132.5,-8.5,6879,0.08814278872006225,NA,0.002696735407274897,0.005421207875142513
-131.5,-8.5,6880,0.07155463655372703,NA,0.00277218608581641,0.005411219883184326
-130.5,-8.5,6881,0.08023941957156494,NA,0.0028555797107285585,0.005490411754213075
-129.5,-8.5,6882,0.05938726825220283,0.012168291780811755,0.0029259730262927853,0.0059782659236539155
-128.5,-8.5,6883,0.03703357523118809,0.014850304226220343,0.002994321869680328,0.005813654197441023
-127.5,-8.5,6884,0.04394186698256673,0.016128222198695797,0.00322272127317179,0.006772172103412725
-126.5,-8.5,6885,0.027673151533241694,0.014481815085211378,0.002707805331020911,0.006425096712196736
-125.5,-8.5,6886,0.026905793807021475,0.01647687081917771,0.0029523617697705933,0.00877847841317196
-124.5,-8.5,6887,0.02724862959621297,0.015481529152257185,0.002205931885603409,0.010803602797546658
-123.5,-8.5,6888,0.02599631525137954,0.01513301528356753,0.0025714959455556538,0.011491931412066475
-122.5,-8.5,6889,0.025578516054784263,0.01714950862919723,0.0020589543834481656,0.011910308855503673
-121.5,-8.5,6890,0.0407229905056791,0.021394049837455714,0.0023651448554908045,0.02094892785983138
-120.5,-8.5,6891,0.03125015535255873,0.026310534340454092,0.0021124864044160564,0.02137173375193736
-119.5,-8.5,6892,0.035587991456962474,0.023711767542491664,NA,0.020575794953875248
-118.5,-8.5,6893,0.04237890505644462,0.01660442052148848,NA,0.024612635991479066
-117.5,-8.5,6894,0.023803585345702278,0.009423817453521508,NA,0.01639773619841028
-116.5,-8.5,6895,0.013960891921638881,0.007458840089626745,NA,0.010811543835740088
-115.5,-8.5,6896,0.013996696635625997,0.007299417137429943,NA,0.011130837520299482
-114.5,-8.5,6897,0.022919476195957522,0.010582524858192114,NA,0.017254431708137168
-113.5,-8.5,6898,0.021934042920323967,0.011140494155766805,NA,0.02132748866728663
-112.5,-8.5,6899,0.02167601115156358,0.010973488657618604,NA,0.021867123543393357
-111.5,-8.5,6900,0.02277724125843332,0.012735683185624201,NA,0.022343134591953282
-110.5,-8.5,6901,0.02417485400823235,0.01328577144058856,NA,0.02356083937262472
-109.5,-8.5,6902,0.035141575079273984,0.01673678011455591,0.005394843085745802,0.034421771477149476
-108.5,-8.5,6903,0.03131259822719132,0.019337977774743567,0.0058427020332000815,0.03532502394134306
-107.5,-8.5,6904,0.01668453518220407,0.012066313963358064,0.005643580968054626,0.03026347092043619
-106.5,-8.5,6905,0.018923470506670433,0.012053369765233541,0.007807263896970846,0.027897855306456762
-105.5,-8.5,6906,0.01260987138042976,0.015155252406024718,0.005647910986059097,0.027743398904900275
-104.5,-8.5,6907,0.011823228905681969,0.012372388017306323,0.005285573098176387,0.029137313403297404
-103.5,-8.5,6908,0.011562580577510495,0.009691916122776477,0.005505152331493179,0.028129245313137
-102.5,-8.5,6909,0.01153318862410182,0.00945540444613645,0.00550703432045425,0.023331514213170226
-101.5,-8.5,6910,0.008365558924942978,0.006909237661269641,0.004075361756485866,0.01263708464832264
-100.5,-8.5,6911,0.006429094503513701,0.004836031630129843,0.003513057360044998,0.009198616335829612
-99.5,-8.5,6912,0.007561868205618988,0.00542533963199146,0.004697518621236246,0.009999384294642217
-98.5,-8.5,6913,0.006831042856308813,0.005321771184441716,0.004690097905043625,0.008412861548263735
-97.5,-8.5,6914,0.007220853457455067,0.00592811674523154,0.0050599836130504235,0.010870910399441464
-96.5,-8.5,6915,0.007019399868200156,0.0045541442649981055,0.004331700098052102,0.009222579841307497
-95.5,-8.5,6916,0.007595957655480069,0.0045323439844383254,0.004235766941565976,0.010540044086098587
-94.5,-8.5,6917,0.010432889360247638,0.005074800952434062,0.004138655694342469,0.009376671744242475
-93.5,-8.5,6918,0.009293041139836193,0.005359275391268843,0.003204170874790476,0.0089503614702429
-92.5,-8.5,6919,0.00797004564971908,0.004978234871277523,0.0032020345038895758,0.008590299205350897
-91.5,-8.5,6920,0.010159987434069586,0.005040611038580319,0.00412922668788084,0.009946424038155231
-90.5,-8.5,6921,0.020723313066671623,0.005727364338606449,0.0037995213832858845,0.010125317833123036
-89.5,-8.5,6922,0.02167254163555926,0.007330084487731072,0.004375164464983709,0.011303568701317603
-88.5,-8.5,6923,0.010879577237677997,0.0075055101849701425,0.003686992178318926,0.020256484646813958
-87.5,-8.5,6924,0.013807345377541682,0.008289520213249668,0.004060637722383293,0.008875717033947367
-86.5,-8.5,6925,0.01978906534939218,0.015659362494703052,0.005128735102817975,0.014364050245160059
-85.5,-8.5,6926,0.026448309867957986,0.014974769507899327,0.008646682672384975,0.01668255145968094
-84.5,-8.5,6927,0.028090884828644858,0.011993786399103961,0.01395791421439025,0.017186773629138608
-83.5,-8.5,6928,0.03166482220054308,0.017570823337406706,0.0189553422995257,0.02079843118191464
-82.5,-8.5,6929,0.0395567954894668,0.02052581702745345,0.019714140058322255,0.022811647769337834
-81.5,-8.5,6930,0.038580633644850336,0.02415910730437844,0.029727238517497406,0.0249165602278447
-80.5,-8.5,6931,0.03833514846236731,0.019236789532564046,0.019497051029196553,0.025867600340453063
-79.5,-8.5,6932,0.04252894642268683,0.018563001098472462,0.016892942696500483,0.03246891403638021
-78.5,-8.5,6933,0.06597124748397766,0.016826734210037074,0.017495449062954294,0.03526959582098987
-77.5,-8.5,6934,0.051047561021558975,0.02418117024858638,0.016731773295946124,0.034632631339828406
-76.5,-8.5,6935,0.081814326771415,0.0458614148644782,0.010843559582713068,0.04080495465399528
-75.5,-8.5,6936,0.1622288031734157,0.06402832599315969,0.012124917463870045,0.048238770707136544
-74.5,-8.5,6937,0.14405160098859707,0.1261053722153698,0.01304263529629332,0.04500831731105057
-73.5,-8.5,6938,0.07278041252636028,0.09287696215041422,0.013719767866397519,0.03474291484380782
-72.5,-8.5,6939,0.0407356397980109,0.0624145591793844,0.027224540414447218,0.04346715705442585
-71.5,-8.5,6940,0.04705083014429982,0.07785174228648609,0.03166249145359659,0.07018808141094572
-70.5,-8.5,6941,0.033636790546528836,0.036079250742131384,0.033658771142400866,0.02279699824552814
-69.5,-8.5,6942,0.0340073267327336,0.03287052991848422,0.02351760675430644,0.018811097823850653
-68.5,-8.5,6943,0.01130315138811882,0.018005551989014375,0.021485570658055106,0.015163349798002372
-67.5,-8.5,6944,0.011093660518264062,0.012950610918224054,0.008375880319096383,0.010013958099331024
-66.5,-8.5,6945,0.009705652415133482,0.012959647607568589,0.00981092487149692,0.010843613094042715
-54.5,-8.5,6946,0.035852820165480505,0.03211503270973897,0.008162179597786458,0.08139609420767689
-52.5,-8.5,6947,0.014952817426586197,0.021571454923587585,0.004596599105624855,0.036672990867057255
-51.5,-8.5,6948,0.018056087077755478,0.009495437804470605,0.005036679325516793,0.030625267095200696
-50.5,-8.5,6949,0.017948676482477062,0.016928184524227965,0.009913169526557412,0.051604291096752644
-49.5,-8.5,6950,0.02920799141295914,NA,NA,0.04547958269443808
-48.5,-8.5,6951,0.04530547503102753,NA,NA,0.05227315982557477
-47.5,-8.5,6952,0.018786501175685925,NA,NA,0.011911122933956167
-46.5,-8.5,6953,0.010687709687481032,NA,NA,0.013846739940816321
-45.5,-8.5,6954,0.008315670968146659,NA,NA,0.01432932087860134
-44.5,-8.5,6955,0.007334965628343056,NA,NA,0.009694300533456088
-43.5,-8.5,6956,0.007894443534606275,NA,NA,0.005542417535294962
-42.5,-8.5,6957,0.0036906422131250546,NA,NA,0.004529173925388848
-41.5,-8.5,6958,0.004416250310299563,NA,NA,0.005394013084932494
-40.5,-8.5,6959,0.004773512378290785,NA,NA,0.009186901423557646
-31.5,-8.5,6960,0.002952467831430822,0.012955090093753908,0.009705581006069927,0.0718307470449587
-30.5,-8.5,6961,0.037482523157504236,0.06412269687136064,0.01566551409556131,0.12857956526981965
-29.5,-8.5,6962,0.016329933349253672,0.011762993378066066,0.013027278293757615,0.058172891373405915
-28.5,-8.5,6963,0.020412802285806133,0.035510256371009526,0.01391932771802206,0.11672490151777369
-27.5,-8.5,6964,0.03901739079288652,0.05833002055908257,0.015059211110307323,0.26270919720493213
-26.5,-8.5,6965,0.03528481218022499,0.11133313874420692,0.01402046656227174,0.2302810631102933
-25.5,-8.5,6966,0.041473688665235924,0.05569124001315051,0.013443673113208703,0.16937545587923653
-24.5,-8.5,6967,0.03198234419916233,0.06427741351274088,0.016828975301997548,0.23813896091197972
-23.5,-8.5,6968,0.03307243786249283,0.06471258332359855,0.016822378248379826,0.26051624853194677
-22.5,-8.5,6969,0.034107235677028565,0.04163629432718269,0.013182473190009888,0.12784967326488123
-21.5,-8.5,6970,0.08059584349563173,0.09729010393662385,0.02722886597602212,0.09355329045782958
-20.5,-8.5,6971,0.0351929644812139,0.030616856886980733,0.011347053806910312,0.05672648473560539
-19.5,-8.5,6972,0.11860823989200212,0.03218009082481291,0.022340632503114067,0.18195824702521488
-18.5,-8.5,6973,0.05971849205997329,0.019316738198213897,0.016590384952874453,0.16493507652638217
-17.5,-8.5,6974,0.03245948072814118,0.023295240382149415,0.022284212581869287,0.20817042425788942
-16.5,-8.5,6975,0.05395448138338668,0.017148659339470757,0.024906629766905882,0.10511086759764417
-15.5,-8.5,6976,0.22516374456002677,0.01149860635072752,0.01470718595427261,0.10377009238772417
-14.5,-8.5,6977,0.17700671490615968,0.014057843650807172,0.020850571837812786,0.06740110794376812
-13.5,-8.5,6978,0.16375230378544942,0.022374786917438105,0.020946734266346974,0.10538930342136184
-12.5,-8.5,6979,0.20020185663265083,0.021340577331095862,0.023559128274467586,0.10944761802501936
-11.5,-8.5,6980,0.03842284295372706,0.01453607485618414,0.031472287729345516,0.08209739381556724
-10.5,-8.5,6981,0.023097257680655795,0.02092435377716678,0.012686858004572258,0.09683124396853146
-9.5,-8.5,6982,0.020821443174616858,0.01333192453163575,0.011896463573880635,NA
-8.5,-8.5,6983,0.019307720789376065,0.012768592980630846,0.010941073604875708,NA
-7.5,-8.5,6984,0.01769153276393056,0.012719636104109611,0.01090636921831671,NA
-6.5,-8.5,6985,0.012901704897724218,0.008991838743714203,0.008838561929597113,NA
-5.5,-8.5,6986,0.011476164027136616,0.011171004676047109,0.011374964786662296,NA
-4.5,-8.5,6987,0.023671396834945093,0.010303217766327042,0.009145200621962557,NA
-3.5,-8.5,6988,0.015406671696546003,0.01056471390881886,0.008132855121832169,NA
-2.5,-8.5,6989,0.017248604908172507,0.012728931572799031,0.007579789425329438,NA
-1.5,-8.5,6990,0.019111699579604884,0.015558029065522049,0.008175167539458393,NA
-0.5,-8.5,6991,0.018375785871762872,0.013573642930777409,0.007332864089504956,NA
0.5,-8.5,6992,0.02202668789481686,0.01236935388977134,0.006896830961618384,0.011698366516825496
1.5,-8.5,6993,0.0136565244709275,0.014673481378740723,0.006215424239400119,0.010754756806767614
2.5,-8.5,6994,0.014141178742503467,0.0119924014601714,0.006215498845798337,0.009934810466136137
3.5,-8.5,6995,0.014394351858503,0.008176127190322126,0.004915694793712127,0.00933442495397605
4.5,-8.5,6996,0.011711537972136978,0.008707764590113881,0.0054868339256129465,0.009000994889562245
5.5,-8.5,6997,0.013075959769674768,0.00770398366696193,0.005559332032290984,0.015439421942174026
6.5,-8.5,6998,0.014015846018706295,0.008479437189813277,0.0048401781439553334,0.017753573295375726
7.5,-8.5,6999,0.013661052752042808,0.006247286000292534,0.005054101370128185,0.016369817255971187
8.5,-8.5,7000,0.015225758163628953,0.012031485806950938,0.006000163074465126,0.012837247685281486
9.5,-8.5,7001,0.017270394013533138,0.009188296793513033,0.005898620987081878,0.011784009215759228
20.5,-8.5,7012,0.011936351581256558,0.006469790830611429,0.007212514179014551,0.011690505291611954
21.5,-8.5,7013,0.014527131263567439,0.009868762785357947,0.008379799166235708,0.014219369096712073
22.5,-8.5,7014,0.02097024530380353,0.009766777307142718,0.007983093046094918,0.01412065699258893
23.5,-8.5,7015,0.01953398607635528,0.008794782638647972,0.007783383237187291,0.01178187622847857
24.5,-8.5,7016,0.01871082597362739,0.009179719515053548,0.007534175088991984,0.011440711530177115
25.5,-8.5,7017,0.02222896388413795,0.008750470053934948,0.005957447664338765,0.011672044050391276
26.5,-8.5,7018,0.01665666274808415,0.007961888922815439,0.006617163222082973,0.00986915234938402
27.5,-8.5,7019,0.02068047000595524,0.00790394280662712,0.0066863041307932474,0.008682698735447233
28.5,-8.5,7020,0.01912229867075755,0.006788381925099983,0.005733863384783671,0.00683800711567727
29.5,-8.5,7021,0.013696976437906423,0.006836772232232976,0.005733863384783671,0.009640564346624051
30.5,-8.5,7022,0.014436533060102825,0.007830691838759318,0.005672930852109188,0.010341079726168321
31.5,-8.5,7023,0.014003244714450329,0.007830673307507209,0.00500014353102896,0.011058692728105198
32.5,-8.5,7024,0.011912660142097431,0.011995533394386465,0.005127581759562943,0.010136271115657002
33.5,-8.5,7025,0.011571597969526712,0.012199421133624874,0.004805358074196327,0.008648046315052598
34.5,-8.5,7026,0.011793343635955864,0.015338153440122827,0.004932442421307042,0.008036798674191886
35.5,-8.5,7027,0.011767310674061083,0.016606746740782233,0.003995640350115884,0.006692457163430213
36.5,-8.5,7028,0.012005624679165014,0.012807400498375424,0.004119659869038713,0.0064572128883419394
37.5,-8.5,7029,0.01264588852247406,0.012341685263736494,0.004436178693115168,0.00581439049152436
38.5,-8.5,7030,0.016453851600593476,0.01805556027206892,0.0043008763409678906,0.008278426042533251
39.5,-8.5,7031,0.015311793262374671,0.010273133932640068,0.0056883091638926745,0.007362909867732859
40.5,-8.5,7032,0.013606255734662667,0.013018970232710635,0.004772625988955739,0.0070762064677211
41.5,-8.5,7033,0.012331489374366606,0.008818265459872892,0.003612064316328299,0.006083274043666206
42.5,-8.5,7034,0.010921869396355212,0.006433520404806243,0.0031793166107130203,0.005285431435932465
43.5,-8.5,7035,0.011551912006296653,0.006865611283664944,0.004226501124012523,0.0052214514287271235
44.5,-8.5,7036,0.009920039121929266,0.00681817627220854,0.003884066581366207,0.005820192625348733
45.5,-8.5,7037,0.009701956376578903,0.009866575713200699,0.0036144216366442703,0.00620302069213742
46.5,-8.5,7038,0.009612958321789992,0.013336590615564841,0.0036043228480874636,0.00605417978961941
47.5,-8.5,7039,0.006273081051093085,0.00829476882162277,0.0025944482552026425,0.004117640539112854
48.5,-8.5,7040,0.005867092271823715,0.006201516936791691,0.0024191265729212458,0.0038845766880366344
49.5,-8.5,7041,0.00587854766848247,0.005665433980934907,0.002341459688137141,0.004137913368643741
50.5,-8.5,7042,0.0069525650957764865,0.0051053935407754745,NA,0.004028607048355036
51.5,-8.5,7043,0.007135707830054642,0.005372936616755825,NA,0.0037545162129478935
52.5,-8.5,7044,0.007825281903642345,0.004904784836512682,NA,0.0037545162129478935
53.5,-8.5,7045,0.00702939007815141,0.004872235498009996,NA,0.0037606328236010505
54.5,-8.5,7046,0.007018009809402376,0.005228133340575586,NA,0.00377147056545307
55.5,-8.5,7047,0.00843242234384432,0.005356629962919698,NA,0.0037604508564615395
56.5,-8.5,7048,0.01013174669462188,0.0059566318688125406,NA,0.003901521303749266
57.5,-8.5,7049,0.008364574322513868,0.005573064785905924,NA,0.00378961678537268
58.5,-8.5,7050,0.005413074373890306,0.005543267115467549,NA,0.00378961678537268
59.5,-8.5,7051,0.0048783542287663415,0.005543267115467549,NA,0.00378961678537268
60.5,-8.5,7052,0.0054902851498078425,0.007318388833468237,NA,0.00378961678537268
61.5,-8.5,7053,0.01316898998800629,0.02430240931875391,NA,0.00921656146317589
62.5,-8.5,7054,0.013702066415934026,0.027277583850353573,NA,0.0089671259719064
63.5,-8.5,7055,0.012225044305747052,0.02573538348050291,NA,0.008939857729827014
64.5,-8.5,7056,0.012792081979046471,0.02538159850392368,NA,0.00894471720635831
65.5,-8.5,7057,0.025008268403804466,0.03321180910862038,NA,0.00874956783903154
66.5,-8.5,7058,0.014320517772661792,0.01853388083375626,NA,0.0072286455649624905
67.5,-8.5,7059,0.013689485672312698,0.018320795018459395,NA,0.007092550557450491
68.5,-8.5,7060,0.014650678500355414,0.019569070492750355,NA,0.007139277136672413
69.5,-8.5,7061,0.017082336250552783,0.01720804361746823,NA,0.0077750931481492735
70.5,-8.5,7062,0.016365955517811618,0.02052830273708582,NA,0.007572844407851356
71.5,-8.5,7063,0.023125793657794883,0.023704636043425997,NA,0.006117929658488101
72.5,-8.5,7064,0.006543407292084518,0.007700667908048115,NA,0.0027738993771338795
73.5,-8.5,7065,0.008455219447407233,0.010667514237115283,NA,0.003515210952500853
74.5,-8.5,7066,0.00864217334327872,0.011472610064236175,NA,0.0029542428175880126
75.5,-8.5,7067,0.010632550578603893,0.013317552123537925,NA,0.003639443079091404
76.5,-8.5,7068,0.01684135236148163,0.016351705614513642,NA,0.003121312156335532
77.5,-8.5,7069,0.006547615270304361,0.008121382317517203,NA,0.002671522866390571
78.5,-8.5,7070,0.00720702434117862,0.008278179802282393,NA,0.002336226043245008
79.5,-8.5,7071,0.0068076681218152,0.00835652888329847,NA,0.002328491993507256
80.5,-8.5,7072,0.007644764535014542,NA,NA,0.002263992072904377
81.5,-8.5,7073,0.008336616296320137,NA,NA,0.0022579100519304635
82.5,-8.5,7074,0.006649549966493784,NA,NA,0.002353042854552971
83.5,-8.5,7075,0.006460365845522935,NA,NA,0.002025053588192047
84.5,-8.5,7076,0.011381135324115199,NA,NA,0.003300913783814553
85.5,-8.5,7077,0.010335289962503517,NA,NA,0.005936325102158766
86.5,-8.5,7078,0.0068862819499326796,NA,NA,0.0034118630355321456
87.5,-8.5,7079,0.007038554796671537,NA,NA,0.0036947317599235184
88.5,-8.5,7080,0.007116154259559774,NA,NA,0.0034967468381308384
89.5,-8.5,7081,0.006647578880171948,NA,NA,0.003899938739907318
-139.5,-7.5,7093,0.07307346120423627,NA,0.0056888481193348986,0.007642699740487677
-138.5,-7.5,7094,0.07547822572857363,NA,0.003197343128800537,0.004424729358792589
-137.5,-7.5,7095,0.04594228215363646,NA,0.0024889240565249804,0.012727947002517618
-136.5,-7.5,7096,0.04436396685481158,NA,0.0028510570538908746,0.007520821733920814
-135.5,-7.5,7097,0.04282596402793036,NA,0.0025081309907347073,0.007802003165739159
-134.5,-7.5,7098,0.030510850972658113,NA,0.003187223964894025,0.007147085938577597
-133.5,-7.5,7099,0.029580325762810115,NA,0.00296783609731466,0.0074753071364158565
-132.5,-7.5,7100,0.03969165497778393,NA,0.003451568898586776,0.007434374944028715
-131.5,-7.5,7101,0.04921194113258351,NA,0.003329494361803377,0.006867291438405797
-130.5,-7.5,7102,0.05408269365296837,NA,0.0030184294273910527,0.006477661341034405
-129.5,-7.5,7103,0.073701158190926,0.019012450909500104,0.0031671472996157315,0.008092454898746167
-128.5,-7.5,7104,0.08965857461077435,0.019602692504261904,0.003514906784509378,0.006804399734657984
-127.5,-7.5,7105,0.07184034272180051,0.020768980653091226,0.0037675607868796154,0.007590655172421905
-126.5,-7.5,7106,0.060363529768896924,0.021023846438927185,0.0036222761157499116,0.007594615731399599
-125.5,-7.5,7107,0.05059675236741456,0.01781543533434553,0.0029928909470022624,0.007849354350967086
-124.5,-7.5,7108,0.053113590803639366,0.019318718615148125,0.0027062737308848625,0.008572255785795036
-123.5,-7.5,7109,0.09877217525215148,0.040024598791236946,0.004750282140855661,0.020807184953693804
-122.5,-7.5,7110,0.03662203054366947,0.02208594337928153,0.002657104143085491,0.01849292478147843
-121.5,-7.5,7111,0.03619838390556938,0.02640722129648826,0.0020492662420077516,0.015806880433987525
-120.5,-7.5,7112,0.03432877946761704,0.025806495743653533,0.002103224343304745,0.01963994116662731
-119.5,-7.5,7113,0.02215137470356935,0.016208675245523132,NA,0.014266088120567838
-118.5,-7.5,7114,0.02468811843269217,0.015838006624516714,NA,0.015398171400884947
-117.5,-7.5,7115,0.017518245209504218,0.011325851283691818,NA,0.011020260647046875
-116.5,-7.5,7116,0.013198371559462617,0.009195152094856605,NA,0.009116997984608828
-115.5,-7.5,7117,0.014477954458883885,0.011502087440813036,NA,0.010564048759126797
-114.5,-7.5,7118,0.026871576200235857,0.021476678272072905,NA,0.021970715660548052
-113.5,-7.5,7119,0.03044001330331906,0.012194470351005363,NA,0.018554669083569817
-112.5,-7.5,7120,0.031212490038781297,0.011795359600295494,NA,0.01824122300194732
-111.5,-7.5,7121,0.03325035629282271,0.013936570373618545,NA,0.019153678216857605
-110.5,-7.5,7122,0.03459242398286883,0.015499369270554852,NA,0.02444910730573894
-109.5,-7.5,7123,0.05552243301820094,0.023147940172972233,0.014680947401604867,0.04440338341084174
-108.5,-7.5,7124,0.10307594379358422,0.06529998695121057,0.01974126771213025,0.11738133216154631
-107.5,-7.5,7125,0.02365479856760613,0.012686748573017194,0.005604287935441254,0.030413110118508665
-106.5,-7.5,7126,0.0262152206256247,0.01654145900631099,0.010656274673914903,0.04023603064225555
-105.5,-7.5,7127,0.027263827854766918,0.017420064741537147,0.013270785568353616,0.028842176805466392
-104.5,-7.5,7128,0.022967570092293957,0.015247880946139472,0.011889127040460827,0.025526873054873358
-103.5,-7.5,7129,0.018103255260141605,0.012800778968382602,0.011497705369960214,0.02910438052481477
-102.5,-7.5,7130,0.016995463429412848,0.011928320532607888,0.009067100389757665,0.031050018681251457
-101.5,-7.5,7131,0.012007925861573822,0.009872466333843368,0.007300688500788055,0.0236687700594378
-100.5,-7.5,7132,0.008670791558911522,0.005958811721928678,0.004556600454286097,0.012746271416641228
-99.5,-7.5,7133,0.00752129998357398,0.005409002861651244,0.004874808257367795,0.009136709689706896
-98.5,-7.5,7134,0.0072234869200283585,0.005432971808607509,0.0047621241055433436,0.00899781066585177
-97.5,-7.5,7135,0.008908874578310315,0.005374820960536627,0.005009690123328609,0.00962335340042712
-96.5,-7.5,7136,0.008736328876173705,0.004878541166393599,0.0034800556137332544,0.009174373133994995
-95.5,-7.5,7137,0.008786196610347827,0.005242201349607752,0.0043200297258018105,0.01015069434504018
-94.5,-7.5,7138,0.009685398377003034,0.004712936903788564,0.00344849365627884,0.009304786549578715
-93.5,-7.5,7139,0.008477143812047016,0.0046695665231937964,0.004096524177931291,0.010331209609860037
-92.5,-7.5,7140,0.008570509380930123,0.004651556543899938,0.0031915757068067957,0.01049987481654239
-91.5,-7.5,7141,0.009185279530193668,0.006619641314993536,0.0038919587975767044,0.011115593450183706
-90.5,-7.5,7142,0.010049909962636426,0.009130512363322726,0.0037006907009174287,0.010941887193292468
-89.5,-7.5,7143,0.015211319584471776,0.009883631919322464,0.0037941259786757196,0.008487992848812463
-88.5,-7.5,7144,0.015829946420221574,0.011256807517147322,0.00431811660989864,0.008497013209752956
-87.5,-7.5,7145,0.010911065533141211,0.01117836779455475,0.0037579765985847084,0.008994063254879236
-86.5,-7.5,7146,0.010547218661297094,0.010750235658394515,0.003246671886396827,0.008900945397380362
-85.5,-7.5,7147,0.013304352070118722,0.011817360308195532,0.0040423147947791175,0.010070185943233044
-84.5,-7.5,7148,0.023127134491008266,0.016989516719193926,0.011430750717740253,0.015693085953795417
-83.5,-7.5,7149,0.027923225064011143,0.020791601961079244,0.013055280291295743,0.02255536224997063
-82.5,-7.5,7150,0.03317986784406972,0.020053711069248366,0.018886229086820132,0.025123228398589353
-81.5,-7.5,7151,0.03400685592932854,0.022199372570757683,0.02911889290578885,0.026491738143848014
-80.5,-7.5,7152,0.030388248678797032,0.027050331735427105,0.022326619554283143,0.027531211311113614
-79.5,-7.5,7153,0.037323508988121507,0.024173540196120627,0.01941227640317659,0.030507045687319375
-78.5,-7.5,7154,0.030838185602539658,0.02729510524775433,0.015709140497945705,0.037765430503126265
-77.5,-7.5,7155,0.04510764550520002,0.038113059946735355,0.013770067059840256,0.03885757182238811
-76.5,-7.5,7156,0.0472809639221615,0.02834258060710733,0.03057346021966021,0.0382382864399848
-75.5,-7.5,7157,0.023118733497870268,0.027501519834308635,0.09231543026997949,0.07195242485158844
-74.5,-7.5,7158,0.02241008760778559,0.040158309273547174,0.023794124546660717,0.0643315985784796
-73.5,-7.5,7159,0.035417135516632094,0.024692397349032835,0.007546092559900624,0.015426615537119666
-66.5,-7.5,7160,0.012112919508668378,0.01705393220496725,0.005625942327476794,0.026703990831083366
-65.5,-7.5,7161,0.004748778449390326,0.005123912460282159,0.013164369699134502,0.01361270507552244
-58.5,-7.5,7162,0.052043776084346204,0.08169363546405735,0.030456949774414797,0.057590135562466345
-57.5,-7.5,7163,0.132332103243739,0.1077321957925197,0.025807990081947625,0.08122314607309383
-56.5,-7.5,7164,0.13042935356421312,0.17259351991717584,0.01955081841285976,0.10559485147819903
-55.5,-7.5,7165,0.1068407644264338,0.1313575797967347,0.03485335113972058,0.09839210561350543
-54.5,-7.5,7166,0.06606691648611507,0.07590776958071241,0.02203928977833314,0.08030377114655513
-53.5,-7.5,7167,0.02836328592899945,0.020710398888945082,0.013658397997716532,0.037770851626192876
-52.5,-7.5,7168,0.028900772713123996,0.018657143738936826,0.013530249202701584,0.021482902723592507
-51.5,-7.5,7169,0.03158361783405632,0.04210906003127749,0.022258680725579745,0.04334605334577392
-50.5,-7.5,7170,0.038105076362222434,0.0467385750790652,0.04237972307152848,0.0561303781494084
-49.5,-7.5,7171,0.03141841193973245,NA,NA,0.029653876175844883
-47.5,-7.5,7172,0.019952249524100817,NA,NA,0.019880609261244988
-46.5,-7.5,7173,0.010073329536101511,NA,NA,0.02431352428888487
-45.5,-7.5,7174,0.015189583724989707,NA,NA,0.016128902738247547
-44.5,-7.5,7175,0.012657964133531983,NA,NA,0.010714812334502891
-43.5,-7.5,7176,0.0037363638202429867,NA,NA,0.007675933557918505
-42.5,-7.5,7177,0.006799958654872083,NA,NA,0.018546897408920494
-32.5,-7.5,7178,0.00256301502428374,0.00936883235440369,0.00507185431845258,0.054066011557446975
-31.5,-7.5,7179,0.060325488900855435,0.07101417161214642,0.013351313894422519,0.0606463621388304
-30.5,-7.5,7180,0.023275615517362788,0.042695114958607096,0.011952240325756076,0.07003745937233544
-29.5,-7.5,7181,0.018843214632602422,0.052509966095963895,0.01435967412938407,0.1642568319800204
-28.5,-7.5,7182,0.04885350506089258,0.08293687623344188,0.01551084086060836,0.20985725580649334
-27.5,-7.5,7183,0.040430650766823006,0.06272671603543513,0.013186595941687187,0.1710206747249284
-26.5,-7.5,7184,0.018627404287527367,0.055002751628554,0.01728632498762304,0.21110366898783764
-25.5,-7.5,7185,0.026474893325345358,0.08707594462416428,0.045304564657519565,0.20322897747891963
-24.5,-7.5,7186,0.030847439580018825,0.06629613570420466,0.03053733678871572,0.1418627039504397
-23.5,-7.5,7187,0.03761204648601321,0.040416313736339894,0.03122228828671633,0.10935771663698102
-22.5,-7.5,7188,0.00903741282549141,0.01011080899398095,0.012861071190419087,0.04752967680332083
-21.5,-7.5,7189,0.03298910369260037,0.04532423750961573,0.028898126973227096,0.12088894540276719
-20.5,-7.5,7190,0.07189166681722164,0.021648433043653537,0.02452967707373916,0.4038883109556003
-19.5,-7.5,7191,0.06229789854053356,0.025875890654767933,0.02705758272191244,0.37958653986269353
-18.5,-7.5,7192,0.0305771124894414,0.016810270017882847,0.021930527862254696,0.3136859904830936
-17.5,-7.5,7193,0.03755041599235425,0.019614578305917764,0.014013862838745936,0.10274818225106912
-16.5,-7.5,7194,0.023638189488554597,0.02054340760167997,0.01765458426419227,0.05230317840647207
-15.5,-7.5,7195,0.09508199355514167,0.012996832459756831,0.0157929490173624,0.045104037216829915
-14.5,-7.5,7196,0.10462938551582633,0.012512739655717604,0.01522158420123575,0.06606964204994248
-13.5,-7.5,7197,0.11007365894813946,0.01592748837179272,0.02386602665458794,0.04752325796369426
-12.5,-7.5,7198,0.03013297150025471,0.014506566659443514,0.04424861366264719,0.0576409085736543
-11.5,-7.5,7199,0.03029913520614907,0.0216022983049785,0.02078529480243508,0.07754398342497286
-10.5,-7.5,7200,0.022282035061690474,0.013607092572445583,0.012323257893357833,0.04190290819534463
-9.5,-7.5,7201,0.021151003506747226,0.014073696668941465,0.015462997659693696,NA
-8.5,-7.5,7202,0.04170098888520762,0.011770902378773285,0.015519930978160608,NA
-7.5,-7.5,7203,0.02332115541994196,0.011037987484772293,0.013289804331893317,NA
-6.5,-7.5,7204,0.021797905670624756,0.01064805290673912,0.012552482967438367,NA
-5.5,-7.5,7205,0.01916698099365664,0.0232206298157674,0.008254241404480346,NA
-4.5,-7.5,7206,0.017550718136515483,0.018722667087806507,0.006306057163215194,NA
-3.5,-7.5,7207,0.020187927547007208,0.01849849876268227,0.007739980532988929,NA
-2.5,-7.5,7208,0.028055352447550804,0.018691744181347912,0.008563587642573978,NA
-1.5,-7.5,7209,0.03117201333369535,0.02054304007536614,0.010031509700592033,NA
-0.5,-7.5,7210,0.02223051541047326,0.014920561680678799,0.0070888996189744325,NA
0.5,-7.5,7211,0.014931455513225401,0.010474465084510626,0.005807265120761815,0.011696135684365014
1.5,-7.5,7212,0.015275087747075282,0.010206609250508057,0.005581782859126902,0.010934358973410423
2.5,-7.5,7213,0.012839036401701033,0.011943165045615945,0.0053338568807744565,0.009727416158463785
3.5,-7.5,7214,0.01804860148960886,0.009017197696261255,0.005312620120512603,0.009844622108201969
4.5,-7.5,7215,0.03175299452478366,0.01558032328048166,0.009290702518088782,0.011510490062246779
5.5,-7.5,7216,0.012818835869604184,0.013875200996358056,0.009936017559504238,0.010354529113513785
6.5,-7.5,7217,0.013286406836363349,0.01659356655072233,0.010013972088111422,0.01141401264696957
7.5,-7.5,7218,0.025697401789874244,0.012107372648670308,0.007007608485270748,0.013395281948003367
8.5,-7.5,7219,0.02506484516297879,0.011224322348828026,0.006365067864092198,0.013111224659288222
9.5,-7.5,7220,0.03599667647265348,0.010483344178907063,0.0073051805978427975,0.017595161703281587
20.5,-7.5,7231,0.011517401771026845,0.008643349943896216,0.008010658080826431,0.011257269453841244
21.5,-7.5,7232,0.016820221137652455,0.008603963412101541,0.009125218620885533,0.01132611619263891
22.5,-7.5,7233,0.018736066352943434,0.008406563954288224,0.008798617582131752,0.01132611619263891
23.5,-7.5,7234,0.024858753393656625,0.0079519811031211,0.008744998559843674,0.010435649154317654
24.5,-7.5,7235,0.018981450401273,0.0079519811031211,0.00816766981985425,0.00892284820964222
25.5,-7.5,7236,0.017614763937712382,0.007942016924910075,0.009114525209485016,0.010157644508311118
26.5,-7.5,7237,0.016277638703687182,0.00771145209155395,0.008094380855270153,0.008636743732330377
27.5,-7.5,7238,0.015642045196004397,0.012156809677868795,0.007711411867449092,0.008398282452384408
28.5,-7.5,7239,0.011517010037565464,0.012881552352222882,0.006400870604925467,0.006930847080049416
29.5,-7.5,7240,0.013455292676289378,0.015440600807484389,0.005950045372899362,0.006868347571538123
30.5,-7.5,7241,0.011986390165921809,0.013882450000838502,0.0056411860192980175,0.005381560687631488
31.5,-7.5,7242,0.01150160823148685,0.010659973551878497,0.004304679981117236,0.005441446980083966
32.5,-7.5,7243,0.008648398342021758,0.007506741934785313,0.003366078748252698,0.003862586286340736
33.5,-7.5,7244,0.00941552659733348,0.011156936567237938,0.005833753222019969,0.005264507604634531
34.5,-7.5,7245,0.00958606739812253,0.011096404169196581,0.008415014774859177,0.006751652596798086
35.5,-7.5,7246,0.009659593244412207,0.011572440754079668,0.007077271369887899,0.007063233130776648
36.5,-7.5,7247,0.01047718567207273,0.010167025178105258,0.009874659250887707,0.006949040890292948
37.5,-7.5,7248,0.012553217568628872,0.00787310000166478,0.005374257147326635,0.007343778056731598
38.5,-7.5,7249,0.013581111739964105,0.009510602518893347,0.005275140878560338,0.011057621325259373
39.5,-7.5,7250,0.015580706912398955,0.014778750663135692,0.0057602679060117686,0.015494145932358823
40.5,-7.5,7251,0.013490631876466375,0.009351546592684525,0.005432192772727427,0.011378712340474112
41.5,-7.5,7252,0.012235862821292777,0.006774933119080391,0.003905186857141211,0.006809146591374644
42.5,-7.5,7253,0.01046842920457068,0.006724893438054733,0.0038151040586859443,0.010279131532319803
43.5,-7.5,7254,0.009753606978360729,0.006446946647753691,0.003656979085454184,0.009004794677382029
44.5,-7.5,7255,0.010058874215513948,0.006435510343877837,0.0036504737492810027,0.009003835732823243
45.5,-7.5,7256,0.01019139763071846,0.006076170294790365,0.003690889552606593,0.006920459162526347
46.5,-7.5,7257,0.014859716031478678,0.009004581665375972,0.007005175334281216,0.010082850354556697
47.5,-7.5,7258,0.006282680281255703,0.004271600297366073,0.0032012018294781328,0.004553559953431667
48.5,-7.5,7259,0.006571951318065332,0.004045368560026465,0.003370983407584082,0.0042536636554985794
49.5,-7.5,7260,0.006637456185634647,0.004631459953329767,0.0033423445237530857,0.004521354883351577
50.5,-7.5,7261,0.006801084174838893,0.005753796873609311,NA,0.004364996986037364
51.5,-7.5,7262,0.007380369960744065,0.007016010958933322,NA,0.0043919345984558935
52.5,-7.5,7263,0.0074601369926189706,0.007002804439128179,NA,0.004352250652189287
53.5,-7.5,7264,0.007385229537597178,0.006986486286859549,NA,0.004352250652189287
54.5,-7.5,7265,0.007362735965329169,0.007844197780784132,NA,0.006602043977512299
55.5,-7.5,7266,0.007411451945876535,0.008676337186279054,NA,0.006241168347391207
56.5,-7.5,7267,0.006752371685841648,0.00859873208977487,NA,0.00578132351715052
57.5,-7.5,7268,0.006818335130884944,0.008438435682597886,NA,0.005055757855534691
58.5,-7.5,7269,0.006473599587660277,0.010598616841941194,NA,0.00372870216983969
59.5,-7.5,7270,0.006050394556954767,0.009701186085313649,NA,0.0037360486355298497
60.5,-7.5,7271,0.006035383431029527,0.009290125989449739,NA,0.004145625418452656
61.5,-7.5,7272,0.02034166259432803,0.019781199743092337,NA,0.008879229650008483
62.5,-7.5,7273,0.01724026425834174,0.01940010879066164,NA,0.009225532888632924
63.5,-7.5,7274,0.0172808190710281,0.0185868354127063,NA,0.009225532888632924
64.5,-7.5,7275,0.022182620082159002,0.021097010509240524,NA,0.009391075463311648
65.5,-7.5,7276,0.019543626897073885,0.020806105120209844,NA,0.009214196721764224
66.5,-7.5,7277,0.02159742721447212,0.019193966680778274,NA,0.009251029415431808
67.5,-7.5,7278,0.01941502138286861,0.019137895517255556,NA,0.009173522180947339
68.5,-7.5,7279,0.017180940037773942,0.018813479563499956,NA,0.008396417665658622
69.5,-7.5,7280,0.018292080172915955,0.018110255824497386,NA,0.007851753877518769
70.5,-7.5,7281,0.019431530780853985,0.018585218837566343,NA,0.009117024988392688
71.5,-7.5,7282,0.0156740901663826,0.007881006451392114,NA,0.0028945972035018357
72.5,-7.5,7283,0.01906983990822564,0.007881006451392114,NA,0.0028976032671875402
73.5,-7.5,7284,0.022445818276469878,0.010253052200037001,NA,0.0037523126603799654
74.5,-7.5,7285,0.022648183791631447,0.010643475272960043,NA,0.003127890416873134
75.5,-7.5,7286,0.025011858038634753,0.012828482242030247,NA,0.0036347585301848466
76.5,-7.5,7287,0.025224004841165243,0.011944693283742657,NA,0.003485670740700526
77.5,-7.5,7288,0.02316863641984789,0.009352055365256375,NA,0.002648826415887145
78.5,-7.5,7289,0.023003975680347365,0.017821916746463745,NA,0.0026412278841948886
79.5,-7.5,7290,0.01582658093051923,0.011535808726748255,NA,0.0025587255815813477
80.5,-7.5,7291,0.01595325954432682,NA,NA,0.002555667929368235
81.5,-7.5,7292,0.01772864740472549,NA,NA,0.003538007499459537
82.5,-7.5,7293,0.01142657496613846,NA,NA,0.004512504371091757
83.5,-7.5,7294,0.009282790212556033,NA,NA,0.0036148493916079282
84.5,-7.5,7295,0.009871427012454765,NA,NA,0.003962133041978026
85.5,-7.5,7296,0.009499673326360534,NA,NA,0.003785977119806829
86.5,-7.5,7297,0.009465405465046884,NA,NA,0.0040753400774938735
87.5,-7.5,7298,0.01532325818541101,NA,NA,0.004198579205375601
88.5,-7.5,7299,0.008155455518848565,NA,NA,0.0037739628896228936
89.5,-7.5,7300,0.006607391389034103,NA,NA,0.004552261959947399
-139.5,-6.5,7311,0.07156179077636773,NA,0.005087221811401717,0.01262950557874317
-138.5,-6.5,7312,0.022758421444223763,NA,0.002986966710634044,0.008351884987783801
-137.5,-6.5,7313,0.015621572647877998,NA,0.0026244719985137484,0.007954653163645525
-136.5,-6.5,7314,0.013918736811720905,NA,0.002229346129776228,0.008072516041315848
-135.5,-6.5,7315,0.019550423793137515,NA,0.002732648015007108,0.007699863233314812
-134.5,-6.5,7316,0.02395627097852128,NA,0.0028709694047279236,0.007920842464561694
-133.5,-6.5,7317,0.02864889474227826,NA,0.002930733408634271,0.0077345025005977975
-132.5,-6.5,7318,0.03224731817961685,NA,0.002984586328113716,0.009173360892602235
-131.5,-6.5,7319,0.03971082358542642,NA,0.0028535233824460364,0.006982815727445201
-130.5,-6.5,7320,0.022992995124349224,NA,0.0022075300173313565,0.005524225625364505
-129.5,-6.5,7321,0.03233620728948384,0.0170656980246026,0.002579424666940411,0.006294636183131316
-128.5,-6.5,7322,0.03212808861142181,0.013223355128122522,0.0026504964497710798,0.0077119238777899005
-127.5,-6.5,7323,0.04876806116873554,0.012877126564229721,0.0034283174243789176,0.008462428964926017
-126.5,-6.5,7324,0.05209788752351517,0.012932757148434943,0.0034410423024539304,0.007302774580360002
-125.5,-6.5,7325,0.04362645199223004,0.013974683504827792,0.003286277767015845,0.007438361836863819
-124.5,-6.5,7326,0.03985322686315967,0.018609278809205463,0.004030358314611519,0.009994155486857267
-123.5,-6.5,7327,0.05909995864245616,0.026186246035438034,0.005844544693704091,0.015151766455632073
-122.5,-6.5,7328,0.04470099452210027,0.03456359996287769,0.0038993465906031343,0.013619253551850195
-121.5,-6.5,7329,0.04424876768568438,0.033267060727113364,0.0022394845169067703,0.0205804384945288
-120.5,-6.5,7330,0.03876050737634454,0.02171192808396718,0.0025321141565754156,0.01239674539783244
-119.5,-6.5,7331,0.03492236778200885,0.01951902294464961,NA,0.013931931543656238
-118.5,-6.5,7332,0.032270930238273085,0.017714918542597543,NA,0.020368147889319926
-117.5,-6.5,7333,0.034585467836154835,0.02112058705103229,NA,0.02097323894513773
-116.5,-6.5,7334,0.010002928844697083,0.008275772997043027,NA,0.009536304801408092
-115.5,-6.5,7335,0.012508731101783443,0.008945605669522187,NA,0.011299005688095972
-114.5,-6.5,7336,0.02465511356018558,0.018032875920647326,NA,0.022194209144264034
-113.5,-6.5,7337,0.024788086661231494,0.0202622389587995,NA,0.023630327725828605
-112.5,-6.5,7338,0.022966285441209395,0.021153416030917624,NA,0.022963254668482518
-111.5,-6.5,7339,0.027084421737915934,0.023038988792555046,NA,0.023624102092339228
-110.5,-6.5,7340,0.027746475047131215,0.023118454258804207,NA,0.028917698564043727
-109.5,-6.5,7341,0.029209196380094928,0.015517135001732239,0.009579820784423416,0.04527950386261651
-108.5,-6.5,7342,0.028223294387901138,0.023341899562443643,0.008766404513277818,0.027034232491283304
-107.5,-6.5,7343,0.07890770932170404,0.07520908505219312,0.026441103890215617,0.07217671032010342
-106.5,-6.5,7344,0.03512542759519225,0.026591819205809133,0.009732599728046593,0.03164236780862246
-105.5,-6.5,7345,0.026908453134366413,0.016763868327818638,0.008786430113092101,0.028377632340894972
-104.5,-6.5,7346,0.01965444275771371,0.014568840272615383,0.008829835988788925,0.028045808859109796
-103.5,-6.5,7347,0.018715684503243166,0.013328906421147096,0.008847321293774498,0.030197028490410817
-102.5,-6.5,7348,0.014416549308883373,0.012048207093293609,0.008481424510921624,0.028037309148203106
-101.5,-6.5,7349,0.012448286932848813,0.01043022076659813,0.007610677156632338,0.019533500294656992
-100.5,-6.5,7350,0.007757274023865783,0.006467827962783993,0.0042359044210823,0.008608555891759077
-99.5,-6.5,7351,0.007680982650476797,0.006673523022583595,0.003898474790059619,0.007719751833774002
-98.5,-6.5,7352,0.007431258587416193,0.005932968926030494,0.0049726236360391795,0.008186090199035762
-97.5,-6.5,7353,0.007964215306037574,0.006651688279825098,0.004675226260174994,0.020951890460874038
-96.5,-6.5,7354,0.006630387807149565,0.006559691382801389,0.0043879797928075975,0.01083760738384787
-95.5,-6.5,7355,0.00651393154714058,0.006353014010947101,0.004485635804182104,0.0071094600933388355
-94.5,-6.5,7356,0.0065272995863108465,0.006685308939659759,0.00443632020519646,0.006983977543648025
-93.5,-6.5,7357,0.006994057814960447,0.008281345377731597,0.004077314672902796,0.006888935579985552
-92.5,-6.5,7358,0.007185066814457873,0.00898185440865399,0.0038552582189843535,0.00769169279455605
-91.5,-6.5,7359,0.00662871209905122,0.010852583249956313,0.003931380946066737,0.008841651569382625
-90.5,-6.5,7360,0.005228412549119372,0.012295055531748209,0.0035744191653958586,0.007585591598011932
-89.5,-6.5,7361,0.007319519115412805,0.014940641840897082,0.0038654570328503233,0.007356426899262932
-88.5,-6.5,7362,0.008643363104346118,0.015169761981356486,0.004362638737982994,0.007514929717257331
-87.5,-6.5,7363,0.009583602429130656,0.018301484610347783,0.003909530975699273,0.008574134035776483
-86.5,-6.5,7364,0.01058343159880265,0.012604814876677134,0.003116460647900674,0.00802252456978272
-85.5,-6.5,7365,0.019058491847203835,0.011311636984817337,0.005037223146858277,0.009533707752030853
-84.5,-6.5,7366,0.02513728703862515,0.025133852032994376,0.015123900712673216,0.023135172578696198
-83.5,-6.5,7367,0.020368440855765873,0.022127743335227174,0.01216491222715677,0.020572377940783447
-82.5,-6.5,7368,0.023414421620282913,0.02752619068312988,0.014325426347802385,0.023750682179701804
-81.5,-6.5,7369,0.024241579373166195,0.025452833800067725,0.02176287929289665,0.025327016943748566
-80.5,-6.5,7370,0.02509699487994217,0.030251182400009846,0.03210715989575203,0.02666146417073243
-79.5,-6.5,7371,0.028006237687041025,0.03614544568220565,0.019570895233083845,0.026502481911308363
-78.5,-6.5,7372,0.03959287182638344,0.04262672376780623,0.021076080526315405,0.030193081573054403
-77.5,-6.5,7373,0.03639018964330246,0.029355216787619567,0.030298419412605457,0.025316100479517628
-76.5,-6.5,7374,0.05397627590204151,0.03660340099126532,0.03920210555170487,0.023578802470882017
-75.5,-6.5,7375,0.020151507622783563,0.023273140759450583,0.013627250863063333,0.041031470460338844
-74.5,-6.5,7376,0.004317298194197637,0.006722881491386292,0.003215843238337914,0.005690046110682545
-70.5,-6.5,7377,0.001075899192919108,0.0010709890093292492,0.003356731415609442,0.001495941707215293
-69.5,-6.5,7378,0.0012995236539915488,0.002059511278845026,0.003383717037503791,0.002440691604116629
-68.5,-6.5,7379,0.0061466634301396185,0.00887851753342874,0.015963104414266915,0.0032213361438536677
-67.5,-6.5,7380,0.007405756940241,0.008421559975195368,0.0037586886068269334,0.013138372777914343
-66.5,-6.5,7381,0.010336728999784415,0.00790653964439684,0.017864607643672006,0.030152134043573257
-65.5,-6.5,7382,0.011126662746594048,0.0066598867285498475,0.01245571477061617,0.030061551839129844
-64.5,-6.5,7383,0.007460102263937485,0.006398385445415405,0.010068815905701457,0.02836835790758531
-63.5,-6.5,7384,0.023910439406089487,0.0334459519624822,0.010373341826587772,0.039579716836200395
-62.5,-6.5,7385,0.02920117739870645,0.030521534986012615,0.010354587303547094,0.025557615956334174
-61.5,-6.5,7386,0.02893143041632885,0.024374112792555216,0.01234017027639305,0.026193145831028816
-59.5,-6.5,7387,0.024027669505474046,0.034387647701412095,0.01916696213800025,0.03110366564671253
-58.5,-6.5,7388,0.06547911434289376,0.05261532519520845,0.04739874412204608,0.06895563986066224
-57.5,-6.5,7389,0.08709711361446094,0.05131791986950514,0.02833328442684071,0.06136824477092222
-56.5,-6.5,7390,0.09234521856915232,0.0547588592775277,0.02469457362620412,0.08239024007555408
-55.5,-6.5,7391,0.12170747869252245,0.08478207188567148,0.02538610346460373,0.10292021143581642
-54.5,-6.5,7392,0.0851235831436073,0.05346335310480441,0.018590870953172165,0.09680745636188745
-53.5,-6.5,7393,0.08283546555919942,0.048679597107479114,0.02474195603166496,0.07753424041274531
-52.5,-6.5,7394,0.11521442703742922,0.08834163623876247,0.031843537984433144,0.06601653776692638
-51.5,-6.5,7395,0.08154430585577731,0.11038588764077474,0.038512807877617114,0.05574785621600829
-50.5,-6.5,7396,0.04408178979180641,0.09092687016067265,0.03243032485305285,0.04757763272386456
-49.5,-6.5,7397,0.10259242056741999,NA,NA,0.0715155838268017
-48.5,-6.5,7398,0.04817212697564849,NA,NA,0.047871374381230396
-47.5,-6.5,7399,0.029395964667054034,NA,NA,0.0425090465831327
-46.5,-6.5,7400,0.057238310063172794,NA,NA,0.092352139218513
-44.5,-6.5,7401,0.017942140873809766,NA,NA,0.027874774753310797
-43.5,-6.5,7402,0.004303746000104962,NA,NA,0.004225399884616023
-42.5,-6.5,7403,0.003718871826064633,NA,NA,0.007188154940233824
-41.5,-6.5,7404,0.013393235492099902,NA,NA,0.014823238017972428
-31.5,-6.5,7405,0.015466352889743571,0.0385118677459621,0.013532832316112128,0.06330867604276211
-30.5,-6.5,7406,0.024277310826742546,0.03224338276493642,0.013071591366672764,0.029967524657528045
-29.5,-6.5,7407,0.026344009913658047,0.039399065766847555,0.025613703551108435,0.09118555190973442
-28.5,-6.5,7408,0.020978576801482816,0.09393960996423666,0.03159203408953026,0.11121752517743827
-27.5,-6.5,7409,0.050456537380078076,0.08599631544342817,0.020601667452004955,0.10092245416081957
-26.5,-6.5,7410,0.018266180995320593,0.08124633215556161,0.04020466238496756,0.14622890623282503
-25.5,-6.5,7411,0.014435565500301027,0.08360238421540407,0.06188671841567728,0.0881266585667166
-23.5,-6.5,7412,0.035720324067241294,0.0628902297909321,0.013523930987242177,0.04205188934113782
-22.5,-6.5,7413,0.01684533102168054,0.047459457104309884,0.021838364088224867,0.33473368231770656
-21.5,-6.5,7414,0.05282165193731065,0.026276302198526186,0.012943703651413306,0.21577770460169643
-20.5,-6.5,7415,0.044464961625256524,0.02818470377644298,0.013229633327636587,0.327243918883583
-19.5,-6.5,7416,0.04561420951627042,0.07514754781711047,0.00951728515261565,0.11590695465512153
-18.5,-6.5,7417,0.032555785580013076,0.1719240578189685,0.02079975126420717,0.0762289027439928
-17.5,-6.5,7418,0.09527789182173232,0.0329733486593895,0.023621256391021618,0.0841005998848183
-16.5,-6.5,7419,0.10121173108822328,0.025549344408788845,0.01643498349356423,0.10138729679190162
-15.5,-6.5,7420,0.05009286326071571,0.016169631855200095,0.015914106813372783,0.07333652322231633
-14.5,-6.5,7421,0.02813101772597291,0.01653875129911241,0.021057858043856768,0.07137482720008988
-13.5,-6.5,7422,0.024010485527561503,0.017083513663637164,0.014180329135070762,0.044061228626051274
-12.5,-6.5,7423,0.02217178696646977,0.012692980837613298,0.015364221409807234,0.04365389366549653
-11.5,-6.5,7424,0.02418123539439975,0.0177082294736413,0.007272372613383127,0.04018501155283635
-10.5,-6.5,7425,0.029409321460274,0.027337626581393777,0.006054766640653909,0.024369529142600516
-9.5,-6.5,7426,0.03784538915795764,0.023186828189007823,0.006594041319901761,NA
-8.5,-6.5,7427,0.026680962356380348,0.017858003938890376,0.00588250272275512,NA
-7.5,-6.5,7428,0.019280191902642796,0.018311088628467587,0.011223895722653636,NA
-6.5,-6.5,7429,0.012872553820000575,0.012794756979520818,0.00597956141416895,NA
-5.5,-6.5,7430,0.016092859909566822,0.016164965519640813,0.006369845157182371,NA
-4.5,-6.5,7431,0.036335679962530586,0.030676975797925752,0.007609303937083193,NA
-3.5,-6.5,7432,0.024457827804334253,0.023320703699164773,0.00787090337950912,NA
-2.5,-6.5,7433,0.03972241529559987,0.02611801491721342,0.015188697899228379,NA
-1.5,-6.5,7434,0.026842888880276233,0.025926534916410074,0.01070811105768502,NA
-0.5,-6.5,7435,0.025038528392920065,0.019629804031826775,0.00656685218281766,NA
0.5,-6.5,7436,0.023964362088284025,0.02223228910583504,0.006235393984345928,0.010532749387335083
1.5,-6.5,7437,0.020171654619949263,0.012398131235116327,0.006132066490431825,0.01170833589450596
2.5,-6.5,7438,0.021451145490047712,0.009800996395527433,0.005808272736480923,0.011530790959122916
3.5,-6.5,7439,0.015115262278925111,0.0103962647795154,0.00502667752343548,0.012857483516221388
4.5,-6.5,7440,0.01735452319038261,0.011026850307540604,0.006441038790442638,0.013507830891691452
5.5,-6.5,7441,0.017722476463149443,0.01291280759961311,0.0058826436879069206,0.014345193546447952
6.5,-6.5,7442,0.023851962259978616,0.012773510863019482,0.0075193519994448755,0.018136906209439963
7.5,-6.5,7443,0.019984281113494016,0.012152726413790213,0.008097546437153514,0.02004579913740392
8.5,-6.5,7444,0.018061825028245403,0.011347188853430978,0.008153412732109464,0.01914127553725226
9.5,-6.5,7445,0.021993815298728334,0.01124221943944517,0.008053721257315315,0.017885064681615336
20.5,-6.5,7456,0.023176335418836996,0.007252045248700143,0.007165169779956409,0.00901280538914329
21.5,-6.5,7457,0.018510932127299828,0.007015073837388122,0.009142394623874015,0.009149073991026876
22.5,-6.5,7458,0.018453962097895023,0.007089117356680497,0.00927291091371038,0.009633065072078468
23.5,-6.5,7459,0.017413684888931823,0.007646207278616725,0.010077913899961016,0.010306600064842247
24.5,-6.5,7460,0.01874272869053011,0.013586245272412692,0.011467360351731265,0.012263525990893448
25.5,-6.5,7461,0.015775782377732056,0.015253786383554712,0.011638301444122055,0.009556476349384281
26.5,-6.5,7462,0.01409313285562949,0.012155877637152127,0.011298644006433474,0.008239144441980128
27.5,-6.5,7463,0.013619933732469985,0.011494438962755376,0.007521881096843892,0.00765526952047208
28.5,-6.5,7464,0.011411283917139633,0.009651054809605783,0.006350856932714367,0.006535321082776212
29.5,-6.5,7465,0.007897919251072204,0.008885184993567862,0.006453643520620266,0.0065171146043569465
30.5,-6.5,7466,0.011778090139561758,0.010987845387035778,0.008146752181494252,0.008743620776883934
31.5,-6.5,7467,0.007829701834884434,0.0062240533786714035,0.00464839258291636,0.004574760943871691
32.5,-6.5,7468,0.007386576392830693,0.006147398815295716,0.0038726711691953776,0.0045161420674766205
33.5,-6.5,7469,0.008666126390497473,0.007885831086009848,0.006107977053245886,0.005669990134551598
34.5,-6.5,7470,0.010491906925328105,0.0065982883672705325,0.0062948773847067456,0.0059120457570215525
35.5,-6.5,7471,0.010445334976258148,0.007005122125640107,0.006156111343295056,0.006102853832173938
36.5,-6.5,7472,0.010748392216723435,0.006856141476784077,0.0059663892376236064,0.006280719534721525
37.5,-6.5,7473,0.009919880696238378,0.007282708258180253,0.006278012853093798,0.007362642418424228
38.5,-6.5,7474,0.010938517576726287,0.007976810760091501,0.006335861653339731,0.00744090768134006
39.5,-6.5,7475,0.010918998350827717,0.00612547244163817,0.005216542354876179,0.007418314244451974
40.5,-6.5,7476,0.010653708592742735,0.005318278607651797,0.005156028975459048,0.006920299086355884
41.5,-6.5,7477,0.009661201313861277,0.0052630806067668215,0.0061012294637689726,0.006848588321276373
42.5,-6.5,7478,0.007857662485392257,0.005423276290486614,0.005671115090499502,0.006398598538746545
43.5,-6.5,7479,0.00894918665258703,0.005628989903504715,0.005670252127754062,0.006841840542617566
44.5,-6.5,7480,0.008113726873549196,0.005185092251292721,0.005670252127754062,0.006897946300721437
45.5,-6.5,7481,0.008520367298374347,0.0052185255437818675,0.00818346306571777,0.006572510890732338
46.5,-6.5,7482,0.006516719643300028,0.0042290106762602085,0.00623873998895234,0.004693008216981767
47.5,-6.5,7483,0.005413388926824774,0.005062088298075424,0.004832324677720034,0.004371991817225302
48.5,-6.5,7484,0.005586756754199666,0.005062088298075424,0.005774718218931902,0.004371991817225302
49.5,-6.5,7485,0.005887602182179896,0.005528544608372686,0.0051746948066568425,0.004210938644669534
50.5,-6.5,7486,0.006532722369257432,0.006417376481315096,NA,0.004171554133372336
51.5,-6.5,7487,0.006555390210925388,0.006350897804154044,NA,0.004171554133372336
52.5,-6.5,7488,0.0059509767084031375,0.006660533272742002,NA,0.004211232042898785
53.5,-6.5,7489,0.006647822955471433,0.009083298745209452,NA,0.0042233628584676984
54.5,-6.5,7490,0.006647822955471433,0.00754418765732086,NA,0.004248451380073111
55.5,-6.5,7491,0.01499360606166399,0.0073981299601409796,NA,0.004236248809011576
56.5,-6.5,7492,0.008404624067289779,0.007432194353744861,NA,0.004248451380073111
57.5,-6.5,7493,0.009634140090964161,0.0076080890100668685,NA,0.00423500126223145
58.5,-6.5,7494,0.007453645251232326,0.008246326490549122,NA,0.00423500126223145
59.5,-6.5,7495,0.007098924028926121,0.00934864122871986,NA,0.00423500126223145
60.5,-6.5,7496,0.015502224165684007,0.019201564456938755,NA,0.009365940138299772
61.5,-6.5,7497,0.016949279481202197,0.02058675212684744,NA,0.010051850375043659
62.5,-6.5,7498,0.025938766772011186,0.020988078994118614,NA,0.010311396408834096
63.5,-6.5,7499,0.02699012156927137,0.022626404039628886,NA,0.010311396408834096
64.5,-6.5,7500,0.029950680638198435,0.023920394916838585,NA,0.010199005726886364
65.5,-6.5,7501,0.03002816203147206,0.024157333912849074,NA,0.010105017826173393
66.5,-6.5,7502,0.032750766327119867,0.024378388599631384,NA,0.009633727985794175
67.5,-6.5,7503,0.03012815086345481,0.024860901791782606,NA,0.014140555655189613
68.5,-6.5,7504,0.02775150381313966,0.022787464278776943,NA,0.012949338433331067
69.5,-6.5,7505,0.027305956412007854,0.02452916695865168,NA,0.015416007534927603
70.5,-6.5,7506,0.009762571825643274,0.01045418810046267,NA,0.006558101313560629
71.5,-6.5,7507,0.011528154565260875,0.009479476963604874,NA,0.01303671824573236
72.5,-6.5,7508,0.01524847177171921,0.010088341326204816,NA,0.008820456326833063
73.5,-6.5,7509,0.02309160536471272,0.014131876468365192,NA,0.012032375781638252
74.5,-6.5,7510,0.02492917192825692,0.014210941491914902,NA,0.006877472054293589
75.5,-6.5,7511,0.029913984656926483,0.01414705442528986,NA,0.007926296436614745
76.5,-6.5,7512,0.03076763261860215,0.014386327008330627,NA,0.006067659891879614
77.5,-6.5,7513,0.029494196922905926,0.011877183103276989,NA,0.005507484530059408
78.5,-6.5,7514,0.02973103191836171,0.011822319547457742,NA,0.005658445225749221
79.5,-6.5,7515,0.02121469361007435,0.011858401459711832,NA,0.005844312739884399
80.5,-6.5,7516,0.023231909523490343,NA,NA,0.0060628173473819425
81.5,-6.5,7517,0.026119663901465955,NA,NA,0.0066619698976411144
82.5,-6.5,7518,0.019908690362529808,NA,NA,0.004663121340363235
83.5,-6.5,7519,0.019904580653755374,NA,NA,0.004738242635704841
84.5,-6.5,7520,0.01930014808946045,NA,NA,0.004288766539175781
85.5,-6.5,7521,0.018024578542024397,NA,NA,0.004750889161000481
86.5,-6.5,7522,0.016070885256354427,NA,NA,0.005402897115919905
87.5,-6.5,7523,0.01754028803722729,NA,NA,0.006463866692005059
88.5,-6.5,7524,0.015175345424850273,NA,NA,0.00742051008758815
89.5,-6.5,7525,0.015181096723515336,NA,NA,0.007094155773804541
-139.5,-5.5,7536,0.03211224621087796,NA,0.005918915010066808,0.01142787771905999
-138.5,-5.5,7537,0.01063190575738896,NA,0.0023382554904609132,0.008295301045823931
-137.5,-5.5,7538,0.008284427316218243,NA,0.0020056246573439845,0.005484850742524081
-136.5,-5.5,7539,0.00817740091447667,NA,0.002787992083370863,0.005574276719874903
-135.5,-5.5,7540,0.008734002720235024,NA,0.003064078291539964,0.006183925731330541
-134.5,-5.5,7541,0.010948980779181772,NA,0.0031167523804467977,0.009872347998386587
-133.5,-5.5,7542,0.010433770067391154,NA,0.002932245914793006,0.009720222503790243
-132.5,-5.5,7543,0.013296531120629625,NA,0.0028690034352895025,0.006214968447853331
-131.5,-5.5,7544,0.019137498829821412,NA,0.0030564492030364957,0.006194068438168285
-130.5,-5.5,7545,0.02299965557005696,NA,0.0029547034818587998,0.006205078364274927
-129.5,-5.5,7546,0.024386066220337253,0.012082261809020877,0.0031639259785823776,0.007932100456568917
-128.5,-5.5,7547,0.021663349125059333,0.011525546532297726,0.0025207788275856046,0.008454469303583742
-127.5,-5.5,7548,0.029176322830326482,0.011165629369919891,0.0037434725461319954,0.011004403701098854
-126.5,-5.5,7549,0.023823639306421555,0.014035373805120151,0.003395284477813951,0.013751048542474819
-125.5,-5.5,7550,0.016833017505288237,0.01038147144765509,0.005174880604282367,0.010392525166433509
-124.5,-5.5,7551,0.03189753679544231,0.019609669011108367,0.0059963043084806465,0.022137863198892296
-123.5,-5.5,7552,0.026400995731602726,0.03168681015867169,0.003862756375761783,0.019775937836825973
-122.5,-5.5,7553,0.05174557129341022,0.02972517073451785,0.003933028116137391,0.01267506506267557
-121.5,-5.5,7554,0.03090058591308719,0.01434132091700339,0.0038733613013280446,0.009855539734737163
-120.5,-5.5,7555,0.033268797605239146,0.019244097768717435,0.0023051006360230676,0.013849830208009718
-119.5,-5.5,7556,0.03439565359305517,0.019215712231396006,NA,0.017163519814418243
-118.5,-5.5,7557,0.03619291580750099,0.01554012811041285,NA,0.0154799361278579
-117.5,-5.5,7558,0.03471442460492939,0.013677793662296739,NA,0.02226815236976958
-116.5,-5.5,7559,0.02218634826613953,0.010035095895818129,NA,0.01627694234194372
-115.5,-5.5,7560,0.022132349426839844,0.010483195680989892,NA,0.013056232551479165
-114.5,-5.5,7561,0.035285284247972074,0.018692197284751775,NA,0.02101045069685535
-113.5,-5.5,7562,0.04051041359292118,0.0210682157774742,NA,0.02186506076144941
-112.5,-5.5,7563,0.03270940342788385,0.02048441409080188,NA,0.02003117879171404
-111.5,-5.5,7564,0.028883879484913135,0.022488105995820837,NA,0.01975584092234929
-110.5,-5.5,7565,0.031689746098599376,0.02342557215885073,NA,0.02189354214875279
-109.5,-5.5,7566,0.03706746178635802,0.028408310539394903,0.00988290852724946,0.03284244393698913
-108.5,-5.5,7567,0.03906475671612923,0.0445144412629612,0.010385734292603971,0.028514117108628945
-107.5,-5.5,7568,0.09604590294675153,0.12575291618314752,0.020763602281760617,0.05255555820110799
-106.5,-5.5,7569,0.04037544518507371,0.02995691267121494,0.010181393714693942,0.02772957531286496
-105.5,-5.5,7570,0.042854644694146994,0.023358915268582914,0.009160055002527598,0.028120937911331193
-104.5,-5.5,7571,0.03944255138798981,0.021330613485715934,0.008678688754168325,0.022650445432141213
-103.5,-5.5,7572,0.07675317588008532,0.027680016792952594,0.009003275607660784,0.028721498589336234
-102.5,-5.5,7573,0.03974171515079086,0.014621763627297455,0.009281609403179257,0.029955411947645408
-101.5,-5.5,7574,0.022862160492436657,0.010604452514752864,0.007326769635443243,0.017847826377901863
-100.5,-5.5,7575,0.012714828673506753,0.007405912432380462,0.004028410898394618,0.010846200889302025
-99.5,-5.5,7576,0.012474847021803447,0.007581134980022373,0.00411793954223038,0.009644110320130659
-98.5,-5.5,7577,0.01027728535354447,0.007586393568663203,0.00416646412936109,0.010385959470179517
-97.5,-5.5,7578,0.009167262514419497,0.007994746746300088,0.006051110520868247,0.009138411838213997
-96.5,-5.5,7579,0.008934320933222266,0.011709584809033254,0.004397223919988893,0.007549748438565517
-95.5,-5.5,7580,0.007193744705600934,0.011900523006241469,0.005617841184504125,0.008898700693205815
-94.5,-5.5,7581,0.006560642749888054,0.010062261143121667,0.005038770061094534,0.008834519796687574
-93.5,-5.5,7582,0.007261166639222457,0.009655893740874902,0.004321774646844322,0.00745253749467196
-92.5,-5.5,7583,0.007149682070987494,0.009578867372982358,0.004173672998620389,0.007447910451458815
-91.5,-5.5,7584,0.006343503191346521,0.009478264516210965,0.004160292417853855,0.007485384937670242
-90.5,-5.5,7585,0.006425927293405622,0.015355158724402001,0.0041625647578160015,0.008314179755222811
-89.5,-5.5,7586,0.006538634147769092,0.01799590387157861,0.003965677951403491,0.007228505446749046
-88.5,-5.5,7587,0.007577728450371824,0.015806662381381655,0.00453696038964547,0.008244736087402619
-87.5,-5.5,7588,0.008383052630689954,0.016328673936705784,0.0044876418633457245,0.008556994154081395
-86.5,-5.5,7589,0.01206054461085247,0.014172764134927124,0.004257824742212149,0.009284711530033508
-85.5,-5.5,7590,0.013155202781810893,0.014980210205667558,0.007703676560410405,0.01214681807058529
-84.5,-5.5,7591,0.02456671571390425,0.015682768545221992,0.010202291064573422,0.01781465841902272
-83.5,-5.5,7592,0.024848945312301515,0.02187744420960822,0.01090301174711477,0.019440504445298667
-82.5,-5.5,7593,0.02684137286379542,0.02447673578857134,0.010663290138590416,0.021682852086950078
-81.5,-5.5,7594,0.024935048058694693,0.11365121188202477,0.0091237620440669,0.02556977351643948
-80.5,-5.5,7595,0.0236130349355979,0.06278759629638733,0.013782387184331767,0.03035722133767988
-79.5,-5.5,7596,0.02962204183747122,0.05030980244340018,0.01853953501062651,0.027777075443518318
-78.5,-5.5,7597,0.02425826037929339,0.03822174056323698,0.03335898956253273,0.023314684591611765
-77.5,-5.5,7598,0.010944058488725282,0.012427799166851406,0.01698396086464861,0.011562190917047778
-76.5,-5.5,7599,0.025936555206223243,0.04984532509240437,0.04172879493938748,0.03722428392595205
-73.5,-5.5,7600,0.002748669471157052,0.003603950145718148,0.0034886974515427713,0.003982662680169497
-72.5,-5.5,7601,0.016767812064788404,0.022238226920009024,0.008200692188912256,0.009011702843293995
-71.5,-5.5,7602,0.0065087622952526535,0.007063564339205757,0.004122061759855536,0.004861934120352315
-70.5,-5.5,7603,0.005231650912801478,0.004795350900524342,0.008259586896078664,0.00346798534566817
-69.5,-5.5,7604,0.0044307367663654175,0.004676718996746094,0.003963825216277138,0.0051303307010339425
-68.5,-5.5,7605,0.027072402092938066,0.01908363110930674,0.020130267485026332,0.019826530183792945
-67.5,-5.5,7606,0.010807725191825067,0.013141245079096845,0.05021146138210615,0.012790221199306137
-66.5,-5.5,7607,0.020193279108815018,0.018341346400034278,0.032656745719038,0.018892964738525562
-65.5,-5.5,7608,0.04241366867633694,0.04157814133806791,0.03205845223553037,0.029007586749579133
-64.5,-5.5,7609,0.01648491268984,0.019354529249668476,0.011614754352479854,0.02859648185665088
-63.5,-5.5,7610,0.03131712059363046,0.0413209336262483,0.016718450186744265,0.07418250868924914
-62.5,-5.5,7611,0.03607245267132496,0.051913131356544136,0.012068256910855496,0.04432419977242294
-61.5,-5.5,7612,0.03830489211757245,0.03388767046231204,0.03415166567704775,0.038251164147698684
-59.5,-5.5,7613,0.02227058813986771,0.013389771451206256,0.021183695631128867,0.013709231000878522
-58.5,-5.5,7614,0.05148192155831413,0.05374461131764631,0.04533745756740641,0.059648752418249976
-57.5,-5.5,7615,0.011937794418035849,0.0077226255228693514,0.005057175844120459,0.008653224267123064
-56.5,-5.5,7616,0.02699613417879458,0.03872534792483286,0.008856781023586394,0.0336464261456637
-55.5,-5.5,7617,0.05284241578714455,0.044067916504378246,0.033128190858064864,0.038008286963843084
-54.5,-5.5,7618,0.07929260307102913,0.03785481561121136,0.019472927923771494,0.05499894014458377
-53.5,-5.5,7619,0.10990454031962404,0.049859487131876296,0.02938801860859397,0.056889405123874165
-52.5,-5.5,7620,0.045264874592250696,0.03714299991806817,0.022133813479714607,0.031033226601828726
-51.5,-5.5,7621,0.08550086542351701,0.09063958594346776,0.048721910405542176,0.05835713827927282
-50.5,-5.5,7622,0.06494514055812342,0.07030484489534194,0.05796624285536379,0.05058699992076987
-49.5,-5.5,7623,0.09724715729859147,NA,NA,0.10228551881385102
-48.5,-5.5,7624,0.11814070581233377,NA,NA,0.086657655204472675
-47.5,-5.5,7625,0.018514186568042223,NA,NA,0.012289067689765482
-46.5,-5.5,7626,0.08423457593998615,NA,NA,0.04563478307412328
-44.5,-5.5,7627,0.008526697656360067,NA,NA,0.010055212681452081
-43.5,-5.5,7628,0.0037223892806320267,NA,NA,0.0051234393807252565
-42.5,-5.5,7629,0.018033751551137345,NA,NA,0.006764282953316919
-33.5,-5.5,7630,0.00640833683892455,0.015393180796191203,0.004000850265431364,0.013658466811756904
-32.5,-5.5,7631,0.04994209443118138,0.1127440314709068,0.04352692723496778,0.09507658269192656
-30.5,-5.5,7632,0.004374831246789828,0.008367043480501124,0.007239168529331082,0.03254081745143781
-27.5,-5.5,7633,0.015060721818159881,0.038414130923735565,0.024972622098234736,0.051480520972364975
-26.5,-5.5,7634,0.029124882985857314,0.07879681394964744,0.0565764761038686,0.1377912998177413
-25.5,-5.5,7635,0.014104107028484959,0.04044557238069858,0.06019970613024833,0.39978970267203845
-24.5,-5.5,7636,0.02553611124190043,0.05403674907458002,0.05468153017145763,0.36253824739587076
-23.5,-5.5,7637,0.04280511253516964,0.07854568896702392,0.027490910932848816,0.28736456878740174
-22.5,-5.5,7638,0.05738707981618376,0.05820165259314482,0.016033378486584867,0.1431054935729007
-21.5,-5.5,7639,0.042156335589074834,0.04548076611541004,0.015936510749222997,0.1248246407858274
-20.5,-5.5,7640,0.04346759809139198,0.033141691847320284,0.020955137000728433,0.05139634778818614
-19.5,-5.5,7641,0.14514250898628564,0.10610729566016763,0.014074503618535227,0.04285721166652711
-18.5,-5.5,7642,0.10283661886281624,0.017108031927326517,0.013034298438655636,0.05183450933587549
-17.5,-5.5,7643,0.045806110503386815,0.013606128185159506,0.0176755230287422,0.04445174343909383
-16.5,-5.5,7644,0.02327099977714086,0.014842730214141675,0.011265758485330787,0.049828126910304714
-15.5,-5.5,7645,0.024195919545038507,0.02148947027682779,0.012320414065655623,0.10096871011061344
-14.5,-5.5,7646,0.024838682414470795,0.027666386889573135,0.01142931108551438,0.05232603145104762
-13.5,-5.5,7647,0.02118547722584038,0.023152579503440834,0.013788908674835988,0.058718402921799265
-12.5,-5.5,7648,0.03040480066189433,0.013231469458061086,0.006211789726581392,0.02636191947940463
-11.5,-5.5,7649,0.023869871346544988,0.017393866694228304,0.01936420010307467,0.0493513899318079
-10.5,-5.5,7650,0.0289006701174594,0.014302521665225608,0.007713997660925895,0.0369439665551819
-9.5,-5.5,7651,0.02613168881795298,0.020052826933341122,0.005888188380868252,NA
-8.5,-5.5,7652,0.018830402608793022,0.024625984584904635,0.010419940093236836,NA
-7.5,-5.5,7653,0.015502412649950182,0.01861078517552347,0.007271326439605828,NA
-6.5,-5.5,7654,0.03541524438089556,0.027782986508446933,0.006178921026387871,NA
-5.5,-5.5,7655,0.030064173859504054,0.036312502760126236,0.006232336622954655,NA
-4.5,-5.5,7656,0.02860801388045741,0.022283610750367718,0.007838481918943561,NA
-3.5,-5.5,7657,0.0587842585182888,0.02014692270628885,0.008300072247917909,NA
-2.5,-5.5,7658,0.032166808208399546,0.03078773825912918,0.00759972227398548,NA
-1.5,-5.5,7659,0.019953639282390655,0.013293466307351611,0.006670070389174944,NA
-0.5,-5.5,7660,0.01596631516229515,0.012259230970141267,0.005995909115783443,NA
0.5,-5.5,7661,0.015243862978223529,0.01243905954710884,0.006914233619897081,0.012184452067220675
1.5,-5.5,7662,0.014038677404379023,0.015015363203481522,0.006859471694889797,0.010954214404210696
2.5,-5.5,7663,0.014083281849489515,0.014718115783228914,0.0070397683872945906,0.013081658057807281
3.5,-5.5,7664,0.013738983324346773,0.012732493993197556,0.008411655765066941,0.025269370865903456
4.5,-5.5,7665,0.01615969351971669,0.015844702929099105,0.007166149082321274,0.023214866231214725
5.5,-5.5,7666,0.01957307421525304,0.015946785806997998,0.010227465642052597,0.03141760456218914
6.5,-5.5,7667,0.022276044475653185,0.013985165218550281,0.009318149127810227,0.02120342501493158
7.5,-5.5,7668,0.02138993967733525,0.013914122994737746,0.007880590806467075,0.019320955163381174
8.5,-5.5,7669,0.020088791967285476,0.020403363306786118,0.007698160894322104,0.01887273386551521
9.5,-5.5,7670,0.019908089420146928,0.021686873638639484,0.009685838624926951,0.018508769643981734
20.5,-5.5,7681,0.015327217403016036,0.01431969515373593,0.0117615800321738,0.010118178256733822
21.5,-5.5,7682,0.016010414763012595,0.015456602281131842,0.012021605947455025,0.009345675027051897
22.5,-5.5,7683,0.015561900713596387,0.014893205116676569,0.012537320047994828,0.009795361012846638
23.5,-5.5,7684,0.023984558806466827,0.02939303301692425,0.01798089324509122,0.014210620155863576
24.5,-5.5,7685,0.02214989855518238,0.026935830534527402,0.01056613925053378,0.014469261317682775
25.5,-5.5,7686,0.01914631922905142,0.02226596057428834,0.010038455293893994,0.0105133162366316
26.5,-5.5,7687,0.012410753388636061,0.015600078858717854,0.008423360361144352,0.00844887670299956
27.5,-5.5,7688,0.012328814842414878,0.013472858343000917,0.008444976044003448,0.008946392511998939
28.5,-5.5,7689,0.009853700175836273,0.008642445309842543,0.006791329170880918,0.006399778029214881
29.5,-5.5,7690,0.009972427806209409,0.0109710733139851,0.00538096214529825,0.006218738667092066
30.5,-5.5,7691,0.008790445662905313,0.010414052391423354,0.006576237664398765,0.005656267812278476
31.5,-5.5,7692,0.0071571576795413806,0.00668136579744334,0.0036904518343556887,0.004107918596921153
32.5,-5.5,7693,0.006507582054328159,0.004839646047356598,0.00407004479143486,0.0038017756487181017
33.5,-5.5,7694,0.006623131115316973,0.005030494052734858,0.00403573802110145,0.004217270211504759
34.5,-5.5,7695,0.009778706393899748,0.00642819348914075,0.005797082885896259,0.005675946155275155
35.5,-5.5,7696,0.009687772662897689,0.006457034544627365,0.006138139297266138,0.0057385457753572604
36.5,-5.5,7697,0.00851725123280123,0.006457034544627365,0.004727216241715772,0.005806109320177258
37.5,-5.5,7698,0.008633886015153426,0.007021504767708042,0.005983420637782611,0.006307281792234781
38.5,-5.5,7699,0.009362302948925741,0.007663732420603396,0.006529895061973173,0.0070409320651044225
39.5,-5.5,7700,0.00809834999331719,0.007522168627484868,0.006427610620397127,0.006973337767382609
40.5,-5.5,7701,0.007555781526851656,0.006361214852808278,0.0059645260411442065,0.00610218109735548
41.5,-5.5,7702,0.007104677066577793,0.0066285201219812954,0.005922927677974698,0.006082263094223677
42.5,-5.5,7703,0.006431231069980119,0.010189781594763438,0.004680144111905223,0.0065555727315566225
43.5,-5.5,7704,0.007296967030173246,0.009020096722709568,0.005977783500504352,0.00655459646903404
44.5,-5.5,7705,0.007243326536522708,0.007181043852875409,0.005632354151105739,0.0061619778135628715
45.5,-5.5,7706,0.005385078987435517,0.005258465123641871,0.0042153066778515165,0.0043361170295987995
46.5,-5.5,7707,0.004984231921675703,0.005231454387384307,0.0039372495075688674,0.003712495553522356
47.5,-5.5,7708,0.004970630311133782,0.005951860375955367,0.0032044116406344404,0.003712495553522356
48.5,-5.5,7709,0.004831265337838584,0.005977330830679179,0.003711323011795355,0.0036082778493497078
49.5,-5.5,7710,0.005880853372529482,0.006048893383977748,0.003083681548486955,0.00933906287310219
50.5,-5.5,7711,0.005937634592882567,0.006068944077283596,NA,0.005902136934890709
51.5,-5.5,7712,0.006153083001681928,0.007802489880348036,NA,0.005697282374733141
52.5,-5.5,7713,0.005933507335242441,0.006729102280008866,NA,0.006617565622629926
53.5,-5.5,7714,0.005972033502217093,0.006853773696685944,NA,0.004841144839212351
54.5,-5.5,7715,0.006818655727827968,0.006759715516486503,NA,0.004841144839212351
55.5,-5.5,7716,0.007173990585159232,0.006445356280361615,NA,0.004645692813232076
56.5,-5.5,7717,0.006515917503495322,0.00604901788529668,NA,0.004633591554033143
57.5,-5.5,7718,0.007936451855054942,0.006824357549919873,NA,0.004582800429700232
58.5,-5.5,7719,0.007119472453503665,0.006877985172666287,NA,0.005547670180863252
59.5,-5.5,7720,0.006839280322848905,0.007306005935135184,NA,0.005725675906328134
60.5,-5.5,7721,0.015127277317182374,0.015899938495405806,NA,0.014376924139538406
61.5,-5.5,7722,0.01767305797491955,0.016158995122627008,NA,0.013525717626454931
62.5,-5.5,7723,0.016421309758749766,0.01528619025649283,NA,0.01668988613140676
63.5,-5.5,7724,0.02685371455986127,0.015254142720506183,NA,0.01715739156234051
64.5,-5.5,7725,0.03216621131474727,0.016282700765969643,NA,0.017285711873316838
65.5,-5.5,7726,0.03336022180156881,0.016494113673691132,NA,0.019453032397720293
66.5,-5.5,7727,0.028480594933865455,0.013885881937645256,NA,0.015204358164668634
67.5,-5.5,7728,0.024476821284026208,0.010635334232661237,NA,0.014651464486094223
68.5,-5.5,7729,0.01657190582510262,0.007733010666440699,NA,0.008248870695147553
69.5,-5.5,7730,0.01887835464915205,0.007501506346253518,NA,0.00800202200639745
70.5,-5.5,7731,0.019709630159210068,0.007065064332697461,NA,0.006887992233092233
71.5,-5.5,7732,0.020809232434931116,0.007306688037482065,NA,0.006712152254647377
72.5,-5.5,7733,0.025633476049284093,0.01041194073748932,NA,0.00549018241931943
73.5,-5.5,7734,0.023856919022081303,0.011401165125798878,NA,0.007791922330252323
74.5,-5.5,7735,0.018822877634402064,0.010379887923352206,NA,0.00709162950700714
75.5,-5.5,7736,0.017659850082576173,0.012006807472289428,NA,0.007828857999241877
76.5,-5.5,7737,0.01829022562451954,0.011295740161415792,NA,0.009280623107205295
77.5,-5.5,7738,0.013804334080407776,0.008388163446279755,NA,0.007172219816709042
78.5,-5.5,7739,0.014348872133787301,0.008831279466703314,NA,0.006652540739754002
79.5,-5.5,7740,0.013209988123489452,0.008831279466703314,NA,0.006583780431154958
80.5,-5.5,7741,0.013846824795095818,NA,NA,0.00654085585919129
81.5,-5.5,7742,0.014310703895202972,NA,NA,0.0067601214950518745
82.5,-5.5,7743,0.011739764792114646,NA,NA,0.005395660695523569
83.5,-5.5,7744,0.010768659483211387,NA,NA,0.006674246183173112
84.5,-5.5,7745,0.014001174478816984,NA,NA,0.00767611601895077
85.5,-5.5,7746,0.014506245537880588,NA,NA,0.011355788147432756
86.5,-5.5,7747,0.020517466465480257,NA,NA,0.019846584090581917
87.5,-5.5,7748,0.030388865751559045,NA,NA,0.010821157668568978
88.5,-5.5,7749,0.028294287879568288,NA,NA,0.011438386764334492
89.5,-5.5,7750,0.027021355749293645,NA,NA,0.010997121420005529
-139.5,-4.5,7760,0.030886781973671205,NA,0.005088015699090666,0.015950518755898674
-138.5,-4.5,7761,0.007890613257578546,NA,0.0024206749377041824,0.008348732155945495
-137.5,-4.5,7762,0.00515180728374766,NA,0.0019961193006797755,0.005647767144716322
-136.5,-4.5,7763,0.0048181361112169625,NA,0.0021322314120626653,0.004625932069452148
-135.5,-4.5,7764,0.007258709952833492,NA,0.003012242424568592,0.004728420672525173
-134.5,-4.5,7765,0.006425856398523109,NA,0.002281466030052374,0.00525923736698073
-133.5,-4.5,7766,0.006219119705374659,NA,0.0026121654667774882,0.0112688156132609
-132.5,-4.5,7767,0.006494315762743834,NA,0.002552975886994815,0.010575488441291105
-131.5,-4.5,7768,0.009084201289331536,NA,0.002517416867701231,0.0115534532433237
-130.5,-4.5,7769,0.008092945337423524,NA,0.002589768748859889,0.008955675718607746
-129.5,-4.5,7770,0.011056225564542391,0.007958905153973773,0.0030707182350571726,0.00838527896011663
-128.5,-4.5,7771,0.009091578051236867,0.008622555397420484,0.0026712135117671664,0.006873441399305723
-127.5,-4.5,7772,0.009869544515087945,0.008571315734296609,0.00316165101473595,0.00818045457761262
-126.5,-4.5,7773,0.01819566762472943,0.009925975775269682,0.005497800566558573,0.007685198643898489
-125.5,-4.5,7774,0.010062626622639438,0.011718003532965642,0.0030594564252403333,0.005184832330021764
-124.5,-4.5,7775,0.0033180613989286655,0.0034469617210411228,0.001565028845246543,0.0019933582728696962
-123.5,-4.5,7776,0.02615794686094112,0.01673232248231449,0.005497596802823531,0.01331080340646502
-122.5,-4.5,7777,0.022786391974875638,0.007293877922356372,0.0054664911689223895,0.008743405063384712
-121.5,-4.5,7778,0.03388392032059418,0.00935059841216323,0.00536326635179313,0.008941098166311903
-120.5,-4.5,7779,0.02594307495874921,0.007759651313079954,0.0037675949780709168,0.008203960870917857
-119.5,-4.5,7780,0.021884356894594694,0.009575320158682286,NA,0.009551795965231194
-118.5,-4.5,7781,0.033921249856293585,0.008593459754289656,NA,0.010695671125184523
-117.5,-4.5,7782,0.019926806558257102,0.006324627789861815,NA,0.009839740797306316
-116.5,-4.5,7783,0.022871701297246087,0.008213251098563542,NA,0.00702388785873705
-115.5,-4.5,7784,0.022908171230507028,0.010347946250335338,NA,0.009292353108507042
-114.5,-4.5,7785,0.02527939070135692,0.009993826046629527,NA,0.012389794200966931
-113.5,-4.5,7786,0.054123428274390456,0.019499376078910682,NA,0.016264374266655744
-112.5,-4.5,7787,0.050617478900884194,0.018036981681082188,NA,0.019368053940455963
-111.5,-4.5,7788,0.054497294060904734,0.018812883465347777,NA,0.017831496321399506
-110.5,-4.5,7789,0.04512043640254926,0.02466572404256336,NA,0.02292593125319061
-109.5,-4.5,7790,0.03460506428042192,0.022422251911076933,0.01047082493715343,0.025953191112865103
-108.5,-4.5,7791,0.04152852106370254,0.021849823309204652,0.013726621018299443,0.027237566106725748
-107.5,-4.5,7792,0.04727735092213399,0.032579418985079184,0.017407285786728614,0.035981544827947916
-106.5,-4.5,7793,0.03398837511021807,0.03503006466536989,0.010880882009957604,0.021098692565586205
-105.5,-4.5,7794,0.03562393407401659,0.031650511018857075,0.011411156875123243,0.024299785293322215
-104.5,-4.5,7795,0.03503203448110694,0.030323848132863693,0.010535111422663564,0.019803779370320063
-103.5,-4.5,7796,0.05745711229078701,0.04087592841312757,0.010553617012132534,0.02146000407768755
-102.5,-4.5,7797,0.03702467933637779,0.024983052008977717,0.010280124336606009,0.02901009483736023
-101.5,-4.5,7798,0.027655602838698588,0.014973161630710673,0.007339568556528468,0.020082765289727137
-100.5,-4.5,7799,0.02055993582088019,0.010858658292765621,0.005152641135766645,0.011274883449283585
-99.5,-4.5,7800,0.01974490286111492,0.010780775638101259,0.005115750142478015,0.009497058816823733
-98.5,-4.5,7801,0.01516252910100801,0.010610721196393415,0.005182634323260797,0.010135499135443352
-97.5,-4.5,7802,0.015090348518367467,0.011448550485860217,0.005534610334594068,0.009723965030042372
-96.5,-4.5,7803,0.01106186298330121,0.00919337719048378,0.005214578491370339,0.008572760377698878
-95.5,-4.5,7804,0.011515629354997522,0.009076077806801081,0.005553582998876446,0.0081082322497559485
-94.5,-4.5,7805,0.009160601265380463,0.01231341057532557,0.005631562012581381,0.007067168055483901
-93.5,-4.5,7806,0.007102036499390514,0.008420611255454393,0.005513661326174634,0.005890382847197967
-92.5,-4.5,7807,0.009154517215759102,0.007925533500438878,0.005237195593740572,0.0062561116442097055
-91.5,-4.5,7808,0.009365716045240568,0.008960244035654394,0.0052530117107197835,0.006433802378166395
-90.5,-4.5,7809,0.007881272422134562,0.01698330757993265,0.005228167623136201,0.006578691678830687
-89.5,-4.5,7810,0.00892577156145209,0.02021275898918852,0.005311543661844213,0.006468051219631254
-88.5,-4.5,7811,0.009545001233075393,0.01949992226741508,0.005306037290345164,0.006321714870934082
-87.5,-4.5,7812,0.009617504188820177,0.01826242663404179,0.005070108497445807,0.009870193341474005
-86.5,-4.5,7813,0.01479242422283298,0.022958031173135694,0.007409312415835381,0.012932728041512612
-85.5,-4.5,7814,0.018534029095028506,0.031159929549556188,0.014230714736663725,0.016749176649783246
-84.5,-4.5,7815,0.018835203783052486,0.03705112735719372,0.007825170480398548,0.017528760415109975
-83.5,-4.5,7816,0.02382830587974644,0.04212571150877279,0.01254515132010554,0.01980373892299966
-82.5,-4.5,7817,0.017933215532141108,0.06681991021351501,0.009756270392068639,0.028720556786587758
-81.5,-4.5,7818,0.042710021142747856,0.3138436212797743,0.012168633357195655,0.0306415165061061
-80.5,-4.5,7819,0.02529321712212025,0.05158975488924958,0.015129996861430182,0.029658951284128838
-79.5,-4.5,7820,0.03799432461825797,0.06783712153525963,0.042394666545441564,0.03208288247644543
-78.5,-4.5,7821,0.03134320069980383,0.03137023213145101,0.07488011575101568,0.025894493039547665
-77.5,-4.5,7822,0.007424795144596283,0.009935873645367552,0.01576546863767929,0.021479436712479347
-73.5,-4.5,7823,0.009739023092773818,0.01327252732234513,0.003171310092273351,0.005011970895329707
-72.5,-4.5,7824,0.0074333662130792325,0.007751899309569718,0.007701070156026798,0.005181479118108365
-71.5,-4.5,7825,0.007369698974308415,0.005755062274930202,0.007734195994169004,0.005150400149411465
-70.5,-4.5,7826,0.009736828118290044,0.004501007376708346,0.012962759516820325,0.006823954054385432
-69.5,-4.5,7827,0.0068732026327618136,0.005133192265107648,0.007373694512340974,0.006583361953247526
-68.5,-4.5,7828,0.023097775389168754,0.02412571000265613,0.022104170177029234,0.025602347812726713
-67.5,-4.5,7829,0.011095783299210585,0.012661302933528797,0.048348956411162256,0.03352235820941462
-66.5,-4.5,7830,0.010862438786082444,0.01105447269524704,0.04219845184990562,0.03555311093011039
-65.5,-4.5,7831,0.008929945884010308,0.007857216473587553,0.019601044650591835,0.01371818839992867
-64.5,-4.5,7832,0.011143370977585635,0.011405749966435301,0.033584553387360945,0.03364544582126931
-63.5,-4.5,7833,0.010903329295709965,0.010397350920726535,0.04679597871878274,0.0330370849012404
-62.5,-4.5,7834,0.06464277926529091,0.053816493040986874,0.04460456440449673,0.12309832665706189
-61.5,-4.5,7835,0.18077654016169295,0.11614415487199045,0.05318372269419817,0.17495848347081908
-60.5,-4.5,7836,0.015177878632918447,0.014835006779243324,0.014250036852057205,0.016989458643358796
-59.5,-4.5,7837,0.01689337914589472,0.012750798111005846,0.0162242097881444,0.011780085759937407
-58.5,-4.5,7838,0.02338436111460245,0.0067912608558893025,0.007548824464368461,0.006667025049986203
-57.5,-4.5,7839,0.00477008250586427,0.0066470936054008455,0.006068208096134534,0.004715595560054356
-56.5,-4.5,7840,0.04039447103899684,0.061225403973471634,0.016959401227584686,0.06553122864890787
-55.5,-4.5,7841,0.07605552851805705,0.05244800612991026,0.04052917768000743,0.1061718920106259
-54.5,-4.5,7842,0.10027181533251749,0.07147353419086185,0.027512141829588256,0.08307830198217667
-53.5,-4.5,7843,0.038190918893533585,0.05835084759518297,0.04205898640699491,0.054440505977676946
-52.5,-4.5,7844,0.04077391491359698,0.058167199153063495,0.06560564955310691,0.05616950176551338
-51.5,-4.5,7845,0.06245123564177504,0.06872985993851281,0.06693245580196701,0.05902102796830697
-50.5,-4.5,7846,0.04390124389090807,0.032266344339814075,0.049184562403585555,0.05373171999684991
-49.5,-4.5,7847,0.13413187277175226,NA,NA,0.08225446648378949
-48.5,-4.5,7848,0.07450853145997989,NA,NA,0.04895318014206123
-47.5,-4.5,7849,0.16309017933440303,NA,NA,0.09188232557151449
-46.5,-4.5,7850,0.1287685261437839,NA,NA,0.06908243732869881
-45.5,-4.5,7851,0.05785353505114975,NA,NA,0.11435608908313565
-44.5,-4.5,7852,0.04137451973342074,NA,NA,0.011146456331527098
-34.5,-4.5,7853,0.013914512090810124,0.015762362311963686,0.008353466812600822,0.1176801864569841
-33.5,-4.5,7854,0.02587455012427072,0.05919555056693742,0.012291891322842002,0.03943258351963211
-32.5,-4.5,7855,0.032227529121689184,0.13967039047022917,0.013574462464609903,0.050900371306009135
-31.5,-4.5,7856,0.02784864430000271,0.13260350251559785,0.05699438901437727,0.0180545667369018
-30.5,-4.5,7857,0.038548666792555614,0.09873091500421209,0.04225925870766692,0.04650431240583856
-29.5,-4.5,7858,0.044284207555981725,0.046887726015423674,0.04002706475289606,0.05210049202323107
-28.5,-4.5,7859,0.055575818016691196,0.19757327584622783,0.032209137147487986,0.25319993823260734
-27.5,-4.5,7860,0.010599011787497921,0.12748453037216728,0.04540551694855362,0.37324564930843096
-26.5,-4.5,7861,0.027993955711255906,0.05246434882867337,0.01930848913708413,0.09637113002155533
-25.5,-4.5,7862,0.025039843055888477,0.07781343241659283,0.02013327876415776,0.46264432989701476
-24.5,-4.5,7863,0.029724788831699524,0.021959052687755262,0.02288157253172322,0.14635179051615033
-23.5,-4.5,7864,0.060291688922432495,0.04927240755854727,0.015209897593810829,0.07918919016977206
-22.5,-4.5,7865,0.06322880295446155,0.12098866681469918,0.010637678572217648,0.08203326800168301
-21.5,-4.5,7866,0.051040599129287975,0.07262662561790327,0.011218127811071878,0.15664838716875046
-20.5,-4.5,7867,0.03356371160148531,0.032438600433708914,0.010892780450985913,0.04885886197866582
-19.5,-4.5,7868,0.02888329610919836,0.01641277899144368,0.010116808344787728,0.04478134217538141
-18.5,-4.5,7869,0.018139318872247876,0.013635035194107829,0.007769984602700794,0.04265716563884483
-17.5,-4.5,7870,0.020912447806545907,0.015541498221964366,0.008346444435486478,0.03075375881428368
-16.5,-4.5,7871,0.022576871826625967,0.01752305346618131,0.010580311365756288,0.06706547786132973
-15.5,-4.5,7872,0.018791337874397074,0.021592810345899584,0.010506763994322106,0.1299790504219912
-14.5,-4.5,7873,0.0296004742177746,0.03042047032584932,0.018581308317419828,0.09060529679148288
-13.5,-4.5,7874,0.018893954241600574,0.02308551554525425,0.015463424140650862,0.06491921914243742
-12.5,-4.5,7875,0.019644323531124278,0.019587542463754958,0.013122674647731423,0.03140638213037862
-11.5,-4.5,7876,0.02152397244663098,0.015210061350336127,0.00499984028419553,0.026807085723109438
-10.5,-4.5,7877,0.031618216725146545,0.032684371163597015,0.0055016310215835985,0.02650602116861519
-9.5,-4.5,7878,0.022754155166636366,0.0592705602955446,0.005192846571389539,NA
-8.5,-4.5,7879,0.01955527953487546,0.0282818538363474,0.005297470750404337,NA
-7.5,-4.5,7880,0.04325465077111356,0.02833656156951276,0.0059064430751360865,NA
-6.5,-4.5,7881,0.03829870732616266,0.019197840382289198,0.004962950975023453,NA
-5.5,-4.5,7882,0.03552772681456528,0.01610731412150569,0.006085115082352777,NA
-4.5,-4.5,7883,0.024676845087365465,0.013905549275124687,0.007307727830545912,NA
-3.5,-4.5,7884,0.017082385029852848,0.014669989515717864,0.00755018231895954,NA
-2.5,-4.5,7885,0.011427889216761628,0.016065021075494127,0.007131220915035755,NA
-1.5,-4.5,7886,0.011847596083877228,0.013348625870325597,0.0071911180640847,NA
-0.5,-4.5,7887,0.012906525458953003,0.019313915691430046,0.007032527081664204,NA
0.5,-4.5,7888,0.012714042083527619,0.018835942930431265,0.0054357747461660465,0.016021088268728022
1.5,-4.5,7889,0.015355140381727158,0.018902213011294054,0.00866778136107665,0.016138843156277467
2.5,-4.5,7890,0.015609347638644567,0.024777333183680753,0.008805648538238247,0.020862543764149102
3.5,-4.5,7891,0.02153874328844079,0.019311358348369074,0.010642227286208677,0.018210190671369628
4.5,-4.5,7892,0.024832540273459738,0.032214698714131657,0.008450111763820626,0.02190662469195118
5.5,-4.5,7893,0.024100719983693834,0.04873581511709619,0.011928661098044193,0.023755619247501907
6.5,-4.5,7894,0.018664531372448286,0.03590007792448191,0.009027418532528302,0.02093014875067434
7.5,-4.5,7895,0.0218046798966061,0.04650168763454845,0.01181061549565183,0.022289255535339926
8.5,-4.5,7896,0.023564024019018543,0.024671393060378088,0.009327965603621736,0.03664624154769945
9.5,-4.5,7897,0.02398940415285231,0.020659756512530852,0.010248498010523202,0.03178572510344951
20.5,-4.5,7908,0.016648797781933372,0.01817624312060586,0.010666060328852726,0.008109187385888205
21.5,-4.5,7909,0.017571101880783365,0.015746741441211368,0.008197994727453457,0.00953418105252822
22.5,-4.5,7910,0.0174352054167027,0.015759726177992615,0.007930131123189514,0.009041897877814873
23.5,-4.5,7911,0.01418748788165468,0.02126416758315583,0.007908088342318416,0.010266420765107837
24.5,-4.5,7912,0.022271429367066723,0.02568212590085857,0.008271445174419134,0.014690885307099359
25.5,-4.5,7913,0.019749279360809825,0.026105201298621497,0.01079168368028988,0.019206486718671888
26.5,-4.5,7914,0.011507386357748393,0.01600524753731983,0.006191149738881355,0.008355373470304983
27.5,-4.5,7915,0.012639068160277994,0.015094357131253634,0.006061330124918884,0.008052451726832995
28.5,-4.5,7916,0.00931513938064766,0.01033782216249292,0.0047510920650125,0.006054718941133937
29.5,-4.5,7917,0.008270982487925533,0.010227679072310387,0.005813673432306478,0.005654540285475183
30.5,-4.5,7918,0.008235419739204572,0.009577975706312258,0.00626650180867482,0.005690799330375613
31.5,-4.5,7919,0.005959771400241586,0.005364182977318871,0.00426053252588798,0.004236674779707095
32.5,-4.5,7920,0.005196450913222362,0.004844111201905308,0.0030768910099720865,0.003823839431706742
33.5,-4.5,7921,0.0056175639580438004,0.005592976602266811,0.003062078971671871,0.004120461381044671
34.5,-4.5,7922,0.006034228929777,0.006098441938881899,0.004430800513791221,0.004759555437582148
35.5,-4.5,7923,0.007265594757407638,0.0074067422811038,0.005349707679565134,0.005780332401355832
36.5,-4.5,7924,0.0072858768860586025,0.00770498538450876,0.004433702782593344,0.006190347267615186
37.5,-4.5,7925,0.008562899916645762,0.007506298134880775,0.004344491393050459,0.005813163220787266
38.5,-4.5,7926,0.008562899916645762,0.008147287613672418,0.004344491393050459,0.006175744034173584
39.5,-4.5,7927,0.008297947298360074,0.007469640878243812,0.004364602431641117,0.005691377939944286
40.5,-4.5,7928,0.007307489630111623,0.00982554989740201,0.00537705650746919,0.005691377939944286
41.5,-4.5,7929,0.007002969847653418,0.0101259891423276,0.00537705650746919,0.005638719547226575
42.5,-4.5,7930,0.006963466460229045,0.009486002116504461,0.0053151361454888664,0.00559075329693675
43.5,-4.5,7931,0.0066063724487439345,0.010185620474856192,0.005088319046889273,0.004966184515489711
44.5,-4.5,7932,0.005584434652998424,0.006915211932575189,0.003960150867260358,0.00548498836316623
45.5,-4.5,7933,0.004929912100189171,0.0058599355743902595,0.0038455548098043,0.006949924621096179
46.5,-4.5,7934,0.006035664326700168,0.006493693411856264,0.003906548687446791,0.005736764200661484
47.5,-4.5,7935,0.005985350385732383,0.007222402571241133,0.003904246221149226,0.005146481192325599
48.5,-4.5,7936,0.005972539302275105,0.006448968184660565,0.0037505157640233765,0.0046278462933868085
49.5,-4.5,7937,0.006516373741745781,0.0067823557695576315,0.0037505157640233765,0.004554330782662079
50.5,-4.5,7938,0.006744739123797785,0.008318222781177744,NA,0.004566786224943634
51.5,-4.5,7939,0.007132918815838433,0.009350661185890065,NA,0.00467920081757785
52.5,-4.5,7940,0.007132918815838433,0.007389988423745964,NA,0.00467920081757785
53.5,-4.5,7941,0.009065643847131983,0.00735453897213802,NA,0.005692863094317152
54.5,-4.5,7942,0.007893281559351935,0.0077829323589089705,NA,0.0056305264441437386
55.5,-4.5,7943,0.007902674643235803,0.0075505577009667745,NA,0.005295695231032618
56.5,-4.5,7944,0.007932170856122573,0.00819517837797663,NA,0.006123400386134433
57.5,-4.5,7945,0.007348462785069749,0.008107826507123914,NA,0.005812030990401161
58.5,-4.5,7946,0.009139680780862799,0.007460065699614449,NA,0.006626867047682971
59.5,-4.5,7947,0.014954190304806343,0.011430041425311599,NA,0.012424019417749458
60.5,-4.5,7948,0.027674615509791094,0.023347252223541108,NA,0.01733568651025125
61.5,-4.5,7949,0.026442126599137878,0.020103779973898644,NA,0.01733568651025125
62.5,-4.5,7950,0.020406048055135306,0.015974242448689835,NA,0.01403333108955074
63.5,-4.5,7951,0.01297433609764546,0.009289500244142723,NA,0.008413379018256593
64.5,-4.5,7952,0.011005996596639395,0.00894930055795301,NA,0.009364143259405898
65.5,-4.5,7953,0.009947574509850912,0.010313131413229612,NA,0.01062707747473624
66.5,-4.5,7954,0.011797074058309338,0.009051755642465213,NA,0.010490362664576149
67.5,-4.5,7955,0.014236369965448175,0.009032802611242938,NA,0.01007430613539687
68.5,-4.5,7956,0.01662947713715374,0.009083808340499653,NA,0.00844921752364197
69.5,-4.5,7957,0.01654874680363903,0.008776347582538436,NA,0.008419778339669278
70.5,-4.5,7958,0.015372510495881148,0.008226789631837688,NA,0.007846693812392396
71.5,-4.5,7959,0.015643944292512445,0.00823657629873531,NA,0.0076052403635974266
72.5,-4.5,7960,0.015700908936024275,0.008330210134217078,NA,0.007211788166293896
73.5,-4.5,7961,0.017992977432806808,0.012922037108922394,NA,0.009101489144301976
74.5,-4.5,7962,0.013526077304794352,0.015170025804563551,NA,0.008222618951969518
75.5,-4.5,7963,0.014158752043012974,0.01708779410357933,NA,0.008484417128914349
76.5,-4.5,7964,0.01444119816688595,0.01702037880730176,NA,0.007622418173408098
77.5,-4.5,7965,0.010530477121653602,0.013914276345530798,NA,0.005895324771055593
78.5,-4.5,7966,0.011875057410884666,0.015824712071106178,NA,0.009481023143391689
79.5,-4.5,7967,0.011089891168654453,0.01645114209868403,NA,0.009685258282115812
80.5,-4.5,7968,0.012327334243310516,NA,NA,0.010907771641211142
81.5,-4.5,7969,0.013429710599966994,NA,NA,0.012111551553987267
82.5,-4.5,7970,0.009744271702087083,NA,NA,0.012586411918198892
83.5,-4.5,7971,0.011137310809598197,NA,NA,0.012494650215229766
84.5,-4.5,7972,0.023426870170634512,NA,NA,0.023613727949380946
85.5,-4.5,7973,0.025769506652708534,NA,NA,0.02278454330895323
86.5,-4.5,7974,0.025820041614477218,NA,NA,0.02559788386019248
87.5,-4.5,7975,0.026528673867897336,NA,NA,0.026857020466828682
88.5,-4.5,7976,0.025989195674016127,NA,NA,0.023564111646315555
89.5,-4.5,7977,0.025138765161179827,NA,NA,0.01607687563415636
-139.5,-3.5,7987,0.0037035376097044,NA,0.0026137538574467468,0.0038766029318120718
-138.5,-3.5,7988,0.010558226501978015,NA,0.004027308005217481,0.007508734357649147
-137.5,-3.5,7989,0.005984861053698926,NA,0.0019701282935274014,0.0060965583477618004
-136.5,-3.5,7990,0.005789652253797154,NA,0.0021877031199082184,0.008300964210470389
-135.5,-3.5,7991,0.00541756399559619,NA,0.002474613128098795,0.005847851990741407
-134.5,-3.5,7992,0.004475263557068218,NA,0.002561799541606303,0.00584869317735447
-133.5,-3.5,7993,0.005431351579041412,NA,0.0026388090430504566,0.008757237297691898
-132.5,-3.5,7994,0.00447701926392842,NA,0.0017872743893840013,0.004736761329263425
-131.5,-3.5,7995,0.009355847627121378,NA,0.0026201278259916877,0.007387893217856072
-130.5,-3.5,7996,0.007118589872228248,NA,0.00267955128148474,0.009547929023871941
-129.5,-3.5,7997,0.007212151418609301,0.008805509870587053,0.0029734015268968344,0.010540245292351877
-128.5,-3.5,7998,0.011784290958834345,0.011129302331717788,0.003294182232092432,0.009810277302558046
-127.5,-3.5,7999,0.007296450425859251,0.007501103296589276,0.005391569639600348,0.007078166345578121
-126.5,-3.5,8000,0.007653436826848583,0.006999131530527065,0.004482535087970712,0.007802736633813941
-125.5,-3.5,8001,0.011742815213336191,0.011396224822472297,0.005547300776633562,0.019659077115588546
-124.5,-3.5,8002,0.010954741517482573,0.011105704989264534,0.004691683318854522,0.015023742314684825
-123.5,-3.5,8003,0.008920659445435781,0.008159146790606683,0.005278383314827581,0.009341636911797013
-122.5,-3.5,8004,0.006915334747770996,0.011337116789765235,0.0040366012755186295,0.007225480573609624
-121.5,-3.5,8005,0.007545334273380196,0.007309316165764633,0.003996400967327007,0.007188982752286656
-120.5,-3.5,8006,0.010482474275949819,0.007252578918093902,0.004229757799856843,0.007082742854372029
-119.5,-3.5,8007,0.01283594066325715,0.007224907421046326,NA,0.006956555311492116
-118.5,-3.5,8008,0.010698301689173025,0.00783215793926882,NA,0.00621596017006667
-117.5,-3.5,8009,0.009483723390157397,0.006058601803268774,NA,0.006305712599451798
-116.5,-3.5,8010,0.009104318341648262,0.006226598146321623,NA,0.006619694918213252
-115.5,-3.5,8011,0.010389214830400444,0.008047424978104657,NA,0.006700824000574151
-114.5,-3.5,8012,0.014982080588658764,0.007709615886327413,NA,0.0070539428460268646
-113.5,-3.5,8013,0.023003572074741595,0.016078321093048208,NA,0.011032941861266252
-112.5,-3.5,8014,0.03403364092606968,0.01602108500738933,NA,0.01616262444055887
-111.5,-3.5,8015,0.03242241564333859,0.01757280354047924,NA,0.017357568309775393
-110.5,-3.5,8016,0.03544711126184875,0.018391016116389176,NA,0.01812562331615954
-109.5,-3.5,8017,0.04690452323423806,0.01997060024783465,0.013796902903491488,0.024312580311081463
-108.5,-3.5,8018,0.05166475553534223,0.031863775352358056,0.013951731010850432,0.02368776275899615
-107.5,-3.5,8019,0.03771476839045476,0.018367225358064787,0.012623492028598603,0.02066726240932971
-106.5,-3.5,8020,0.026418306079026146,0.01995314221861475,0.012557413210058389,0.020552350580746004
-105.5,-3.5,8021,0.02986955038428341,0.031669770035724625,0.014178769459591673,0.023221230269169748
-104.5,-3.5,8022,0.031347820525533684,0.03209227972669387,0.01365608432402755,0.022159334643770325
-103.5,-3.5,8023,0.034163266005578036,0.028915840963355994,0.012623961962181471,0.0190921148876322
-102.5,-3.5,8024,0.03712704441160244,0.029065035635300083,0.011723016039611836,0.022020034125778364
-101.5,-3.5,8025,0.02041975045065595,0.01650230629433211,0.006495045748540624,0.012351776923255642
-100.5,-3.5,8026,0.015872690215868974,0.011747128362667603,0.005840065041079104,0.010833793677113776
-99.5,-3.5,8027,0.015216098366703597,0.0114148323030765,0.005983477890540683,0.010535204034555342
-98.5,-3.5,8028,0.015177522256073581,0.009744670305210867,0.007517568189942798,0.009168744219316531
-97.5,-3.5,8029,0.015514928588444072,0.010995742637488844,0.0061786622585890015,0.0092814938111372
-96.5,-3.5,8030,0.013370209617697424,0.010116414932186915,0.0074085482162911265,0.008055888922353519
-95.5,-3.5,8031,0.013349309442109814,0.009723009539748617,0.005132275111414537,0.008984552145548922
-94.5,-3.5,8032,0.010123682720409897,0.008992347566511216,0.005256632799175694,0.008063840967853878
-93.5,-3.5,8033,0.00838254547200433,0.010136280776727485,0.004978710483483662,0.007270137597955006
-92.5,-3.5,8034,0.007968988443440728,0.014756080519626296,0.005402049630487811,0.00568475482996895
-91.5,-3.5,8035,0.00712373241968251,0.014905669622751985,0.005209080249840995,0.008603829320920664
-90.5,-3.5,8036,0.005441515098212043,0.016103811798995726,0.004540118927117229,0.0054436237844757126
-89.5,-3.5,8037,0.007815108765587782,0.018090997382240268,0.0054218829925680775,0.00639625589989007
-88.5,-3.5,8038,0.0069197850220588985,0.0184881487465396,0.005367000905783143,0.006333954327180206
-87.5,-3.5,8039,0.009250119621574569,0.02278454117551381,0.006508509556868297,0.008208998328205847
-86.5,-3.5,8040,0.019507761312082816,0.04222978193638,0.011376290320518845,0.015739687143900283
-85.5,-3.5,8041,0.020757891265653455,0.05045510291242354,0.012099760962442162,0.020204573600333238
-84.5,-3.5,8042,0.021472809929998067,0.04506036132043799,0.012097627003398219,0.02227360383520294
-83.5,-3.5,8043,0.022241076094796038,0.05810387616261427,0.018786107070538415,0.024465160824708596
-82.5,-3.5,8044,0.0204330351464963,0.0625217230122949,0.022552121086274097,0.03428164157503179
-81.5,-3.5,8045,0.026212716514802097,0.061005854823300204,0.02598812672963131,0.045775966574525734
-80.5,-3.5,8046,0.036059359453624026,0.07594968764848349,0.026926047448686513,0.06104666914387062
-79.5,-3.5,8047,0.013556516940132426,0.023717875273877396,0.01632926650064825,0.018785767381676744
-78.5,-3.5,8048,0.007238762880860868,0.009900097876592621,0.010514892230556381,0.014577463864080405
-73.5,-3.5,8049,0.009578450165678798,0.019088221958058274,0.005308443855554033,0.01539094342551033
-72.5,-3.5,8050,0.008547164852614026,0.004091861051569055,0.005962852743195118,0.004308021407758718
-71.5,-3.5,8051,0.008566550068362962,0.004175784881979057,0.011309838850537358,0.006248788390876333
-70.5,-3.5,8052,0.010934435030762748,0.008002686564382976,0.01923979770265358,0.011985966305305752
-69.5,-3.5,8053,0.004404758367360452,0.006221387147890826,0.005262217450666103,0.051521324674062785
-68.5,-3.5,8054,0.007969488988087805,0.011901871167923402,0.01451924944724651,0.011183899900834855
-67.5,-3.5,8055,0.007428460590389626,0.012324953093371447,0.013208768036918027,0.03322896505490457
-66.5,-3.5,8056,0.01128058852274888,0.017243591967997955,0.016622456493010106,0.02993482821216324
-65.5,-3.5,8057,0.03363259817189173,0.0362252321336296,0.009616755084142389,0.036308597281052714
-63.5,-3.5,8058,0.008465957790147359,0.013530029314464032,0.012422529156968471,0.02997035540044287
-62.5,-3.5,8059,0.019266892188117148,0.02971199194704591,0.021403726114512422,0.10288656634818154
-61.5,-3.5,8060,0.09563684053286158,0.11280859293581533,0.06548064891564621,0.11371974826954437
-59.5,-3.5,8061,0.004660283212269225,0.0052340232772571495,0.012190408013090017,0.015312186048955349
-57.5,-3.5,8062,0.01244069592702175,0.008835434419938799,0.007957889439618235,0.014593942320038446
-56.5,-3.5,8063,0.0721449806699003,0.049017020478848004,0.03473082273329657,0.06454571572736144
-55.5,-3.5,8064,0.08191886776770597,0.07056079693754817,0.044431620898320694,0.07910774643741046
-54.5,-3.5,8065,0.12207530471647662,0.07929581988758885,0.08471689635092917,0.1144727983121651
-52.5,-3.5,8066,0.033293047686555347,0.03458642882871672,0.046264876005134035,0.04612475208347674
-51.5,-3.5,8067,0.050131355855312275,0.02479794337879604,0.06252961336395389,0.0452926383988624
-50.5,-3.5,8068,0.069707885948134235,0.03616042424539578,0.036314207978794,0.10166143869093992
-48.5,-3.5,8069,0.2446426276022146,NA,NA,0.1655471325414214
-47.5,-3.5,8070,0.03365486856234935,NA,NA,0.12928779773324592
-35.5,-3.5,8071,0.01669946410556926,0.04214307826184251,0.020317812616761466,0.15452915085071772
-34.5,-3.5,8072,0.06465932016512158,0.06583500311601181,0.06580506012711862,0.2430626371151682
-33.5,-3.5,8073,0.03155584550587222,0.09781086004638885,0.013483540704862592,0.03828944445909162
-32.5,-3.5,8074,0.031992215002790744,0.03016214538319182,0.05823736951321882,0.03315007965358214
-31.5,-3.5,8075,0.04383043127456934,0.032974585514168916,0.05814508183490573,0.055663105900593035
-30.5,-3.5,8076,0.046659433358587445,0.012348619699054826,0.08099860346634398,0.0888587418896129
-29.5,-3.5,8077,0.09474465953476012,0.02512100167095979,0.079481180001957,0.04446527185192673
-28.5,-3.5,8078,0.06184905116461615,0.0673167467205078,0.04464232897689854,0.2557137092533504
-27.5,-3.5,8079,0.05568802145590516,0.07090269938002038,0.02840672670217499,0.3812609368712393
-26.5,-3.5,8080,0.10209318061889332,0.2780773177229006,0.049874317050918805,0.5042569313931785
-25.5,-3.5,8081,0.040067784649262674,0.06206390438057497,0.021433583785848472,0.10110347585933667
-24.5,-3.5,8082,0.027824963729117323,0.049085804194898615,0.013253823979973737,0.06408543300206972
-23.5,-3.5,8083,0.05268182107365011,0.07158299316338483,0.0109173425629989,0.05792977046022139
-22.5,-3.5,8084,0.03972834768536992,0.39337645282449485,0.010017138892087675,0.06498895738611735
-21.5,-3.5,8085,0.04225773325673635,0.04559555127428756,0.008301593551170248,0.055970890587459216
-20.5,-3.5,8086,0.0522923652560378,0.018188625677595115,0.007480414602629014,0.08422627725044085
-19.5,-3.5,8087,0.03337473909351782,0.018944226525436356,0.009705298755680311,0.05933299803138416
-18.5,-3.5,8088,0.020957078756413852,0.016376045965718566,0.009953158192316468,0.07299437362422675
-17.5,-3.5,8089,0.018456638881919278,0.022755035861423037,0.012298752275179271,0.09727220532799394
-16.5,-3.5,8090,0.016381704747967286,0.01998956244358587,0.01093188136353029,0.14675691201093002
-15.5,-3.5,8091,0.017023375919820057,0.030516922448577323,0.019455608102404348,0.074143122278018
-14.5,-3.5,8092,0.016285756370052508,0.03594519397593139,0.019355654093760864,0.05220005759483342
-13.5,-3.5,8093,0.01327307892305589,0.03512767292847969,0.015106410704537646,0.022362782603261272
-12.5,-3.5,8094,0.010779325309784057,0.024959409427225028,0.01972279130734556,0.02538478781040353
-11.5,-3.5,8095,0.017329000052294194,0.019963470389569013,0.008889123668916246,0.026629668884495163
-10.5,-3.5,8096,0.0194419048985991,0.025887777422701784,0.012340390377196605,0.016633487995147727
-9.5,-3.5,8097,0.01882066457372896,0.023898163527297848,0.005785459741634334,NA
-8.5,-3.5,8098,0.023956553145461072,0.031167846620747543,0.005833277321727229,NA
-7.5,-3.5,8099,0.0375903673687619,0.022175977362657445,0.005828324648767895,NA
-6.5,-3.5,8100,0.0452613619506402,0.01649805022477234,0.004999435573305258,NA
-5.5,-3.5,8101,0.025234020082581566,0.013520144129673181,0.005964315186734131,NA
-4.5,-3.5,8102,0.02092588075820717,0.02173404461532398,0.007963802196499881,NA
-3.5,-3.5,8103,0.022362099825375417,0.02782710505450533,0.01111243439339051,NA
-2.5,-3.5,8104,0.013112819704227034,0.01684926972766732,0.00662173393030735,NA
-1.5,-3.5,8105,0.011646225628637742,0.017339669988260704,0.0068768263672836115,NA
-0.5,-3.5,8106,0.010848745760471942,0.01684302542873517,0.007107186153439206,NA
0.5,-3.5,8107,0.010635322602091442,0.0195623528242873,0.006791707526395615,0.0142039274204961
1.5,-3.5,8108,0.01701269247141741,0.0250203337556715,0.007061207724077857,0.015885376831507633
2.5,-3.5,8109,0.01611075984526468,0.02618111648788335,0.008880928232340803,0.017241839134267366
3.5,-3.5,8110,0.029901923758266547,0.030549299765902503,0.009653583907225373,0.018444222882131052
4.5,-3.5,8111,0.02497575028119735,0.020751581918027735,0.007628209376694231,0.016649437759072187
5.5,-3.5,8112,0.028910541116319615,0.018842366057671374,0.007946522730043778,0.011930222646153007
6.5,-3.5,8113,0.024544563461375003,0.01837947377513744,0.008876848136872248,0.016739521627309795
7.5,-3.5,8114,0.018403201360453956,0.01866558664301985,0.011033609955195029,0.030753292090082537
8.5,-3.5,8115,0.01978627344513468,0.02456681875033534,0.011867130647726792,0.02844564889393509
9.5,-3.5,8116,0.021983169584621792,0.016932169412672875,0.0118241404353763,0.031781336699473306
20.5,-3.5,8127,0.023067781584110728,0.014456175221291253,0.007550681246642535,0.00912494814731141
21.5,-3.5,8128,0.027164279135112625,0.012812022530219368,0.006136719769928626,0.009172677133291689
22.5,-3.5,8129,0.020082530760049587,0.015594916761190406,2.3993458166274967e-4,0.00923869823414782
23.5,-3.5,8130,0.020204247760825297,0.01688368099416951,0.006463717553156459,0.00928243208987861
24.5,-3.5,8131,0.024665145751265466,0.024672329043313325,0.00806549703537235,0.018158347082153425
25.5,-3.5,8132,0.02290562651693129,0.023456210360885126,0.010449047068543993,0.014205515872003726
26.5,-3.5,8133,0.011461076559185056,0.021340272045298536,0.0060172027353667,0.008204586895509075
27.5,-3.5,8134,0.011248878640952226,0.01321680174575907,0.005908024439247531,0.0075616057377786115
28.5,-3.5,8135,0.008697634048390027,0.010482475369841981,0.005913773803944262,0.006235927820216612
29.5,-3.5,8136,0.008408683132214106,0.007604509821819784,0.005302161679619192,0.006190347267615186
30.5,-3.5,8137,0.008486232330259219,0.007583347471499355,0.0053151361454888664,0.005780332401355832
31.5,-3.5,8138,0.006091386293947806,0.005970736066366326,1.0839160652766986e-4,0.004294971857497485
32.5,-3.5,8139,0.005273721152386513,0.004991056319075173,0.0028585038033941868,0.0038718517267031746
33.5,-3.5,8140,0.005273721152386513,0.005383420216080852,0.0028585038033941868,0.0038718517267031746
34.5,-3.5,8141,0.005267336140021885,0.005821452951672684,0.0028585038033941868,0.0038718517267031746
35.5,-3.5,8142,0.005324202545703048,0.005975007182386985,0.003960150867260358,0.004183613944493257
36.5,-3.5,8143,0.007137026495298648,0.008076943275049361,0.005118519354377587,0.005896421467636238
37.5,-3.5,8144,0.008705153299346013,0.007708994236317344,0.004328584022019616,0.00612808425107938
38.5,-3.5,8145,0.008774096062631596,0.008541576234570487,0.005487793739631218,0.0062881013960754285
39.5,-3.5,8146,0.007630938075241249,0.008472715862635415,0.004393438414139334,0.00623124816921716
40.5,-3.5,8147,0.008241873383625123,0.0075958291288884035,0.005487793739631218,0.006095216830317156
41.5,-3.5,8148,0.007878889826447126,0.011212264238937127,0.005238573053047207,0.008542021481069603
42.5,-3.5,8149,0.006034951205099805,0.0075137620299988335,0.003972305624832398,0.009113667603296422
43.5,-3.5,8150,0.007552556071034605,0.006548605983417342,0.003923535616966938,0.006364335934367095
44.5,-3.5,8151,0.007393288181158505,0.006052290841289793,0.0036542700945241063,0.005874113081426682
45.5,-3.5,8152,0.00711862364165755,0.00621228951659658,0.0038142610916765763,0.005914610613689787
46.5,-3.5,8153,0.006024425270230499,0.006270467088695089,0.0037660049422649933,0.005087364047859086
47.5,-3.5,8154,0.006178507671385184,0.00574192380402091,0.0037762956036045494,0.004485715186623413
48.5,-3.5,8155,0.006780614770512183,0.006525935542575901,0.003810793451864343,0.004544093196256771
49.5,-3.5,8156,0.00680648156593081,0.006496390955737946,0.0037900699595078097,0.004396503741506736
50.5,-3.5,8157,0.00723976469516841,0.007144948825024582,NA,0.005464022019371467
51.5,-3.5,8158,0.008597778061402103,0.007564915000775691,NA,0.005774698776920646
52.5,-3.5,8159,0.008035775691402076,0.007532218835528442,NA,0.006147082931092424
53.5,-3.5,8160,0.008035775691402076,0.006960296449194664,NA,0.006066091469260603
54.5,-3.5,8161,0.008035775691402076,0.006960296449194664,NA,0.006690294247072839
55.5,-3.5,8162,0.009325040968460945,0.008504389136405131,NA,0.006955906695689974
56.5,-3.5,8163,0.010934492644914973,0.00959769784716714,NA,0.0069824647447146
57.5,-3.5,8164,0.013612330235871937,0.010049720352368431,NA,0.0076579524765556335
58.5,-3.5,8165,0.016660513048234668,0.008726602353230565,NA,0.00805176347945201
59.5,-3.5,8166,0.04309285544912739,0.020229719763675977,NA,0.018927596983074356
60.5,-3.5,8167,0.02272829052309525,0.009704723047616643,NA,0.0072765099515303975
61.5,-3.5,8168,0.018355645941165958,0.011880067638191626,NA,0.006928800358826377
62.5,-3.5,8169,0.01837925509384524,0.00912271135302783,NA,0.007206444310876923
63.5,-3.5,8170,0.01861259681973656,0.00912271135302783,NA,0.005828249328238633
64.5,-3.5,8171,0.019869960509147935,0.00912271135302783,NA,0.00580864219587783
65.5,-3.5,8172,0.02337359384123153,0.00910288321852242,NA,0.005833180225609426
66.5,-3.5,8173,0.021377326829231068,0.011484267083682366,NA,0.006709245083099789
67.5,-3.5,8174,0.026159618683476944,0.011666155317686677,NA,0.007609157784628042
68.5,-3.5,8175,0.018897213103595854,0.014637751097944554,NA,0.008050373256780275
69.5,-3.5,8176,0.019984209682504576,0.017657125778710016,NA,0.009320985030923433
70.5,-3.5,8177,0.013265685045507463,0.017458002637015038,NA,0.009995030876453162
71.5,-3.5,8178,0.0128834269243548,0.01856687367667018,NA,0.011566511369068963
72.5,-3.5,8179,0.014758804260932911,0.021139723001146145,NA,0.012254316433405042
73.5,-3.5,8180,0.0175822233433591,0.02006863600006101,NA,0.011144752821380183
74.5,-3.5,8181,0.017356173630501633,0.0193858815200248,NA,0.010894096128787202
75.5,-3.5,8182,0.021449404124304797,0.019148064929264,NA,0.011754990034020559
76.5,-3.5,8183,0.01752436099046895,0.02020904740293343,NA,0.011728011747733198
77.5,-3.5,8184,0.012773468766826364,0.015305285212123838,NA,0.009437534300194552
78.5,-3.5,8185,0.009882003736329562,0.014456389720140789,NA,0.009398962494764018
79.5,-3.5,8186,0.011968117825883437,0.013540482493919755,NA,0.012145016248257848
80.5,-3.5,8187,0.012221209376499119,NA,NA,0.013150285068527131
81.5,-3.5,8188,0.011342886378128542,NA,NA,0.00891522440531179
82.5,-3.5,8189,0.0093273058476934,NA,NA,0.006971965353103558
83.5,-3.5,8190,0.013989766061394602,NA,NA,0.011518952105997357
84.5,-3.5,8191,0.01621808533317816,NA,NA,0.014528356726473565
85.5,-3.5,8192,0.014181344470133554,NA,NA,0.013188036804508257
86.5,-3.5,8193,0.015302640130778668,NA,NA,0.012108523285949895
87.5,-3.5,8194,0.014797321986092004,NA,NA,0.016925093547070467
88.5,-3.5,8195,0.015432590288613154,NA,NA,0.02405372964955929
89.5,-3.5,8196,0.019887363453520546,NA,NA,0.029382336950129942
-138.5,-2.5,8206,0.00483899741657478,NA,0.0023905324372966753,0.00526494663670349
-137.5,-2.5,8207,0.006644571823720858,NA,0.00297490318317872,0.006828071664943071
-136.5,-2.5,8208,0.005507677381003929,NA,0.002439431907181069,0.008241404714137632
-135.5,-2.5,8209,0.005759689277742398,NA,0.00272626173209118,0.006318589899728501
-134.5,-2.5,8210,0.005203356898111747,NA,0.0029209800401905875,0.0057653298361901376
-133.5,-2.5,8211,0.005869277976317551,NA,0.0025887303927839894,0.008097194002484005
-132.5,-2.5,8212,0.005220958541892629,NA,0.004122996307470094,0.007704083172428567
-131.5,-2.5,8213,0.004496025723832827,NA,0.0029116035517977056,0.006086426916303504
-130.5,-2.5,8214,0.005547814944236935,NA,0.004513453610827152,0.006773576272839738
-129.5,-2.5,8215,0.005627618342700683,0.010596347834298359,0.004732483181849305,0.007053234580149601
-128.5,-2.5,8216,0.0050841077019143375,0.008542578210178018,0.005001740809322541,0.009715039904765877
-127.5,-2.5,8217,0.005471266150657996,0.012625383021231038,0.005178619843462559,0.009439939308483261
-126.5,-2.5,8218,0.007730045758970652,0.01375075474533597,0.004956689979937422,0.009047206477834658
-125.5,-2.5,8219,0.00879122760527856,0.0117072302963256,0.0040846882832971864,0.007356844508186573
-124.5,-2.5,8220,0.0078076014061219685,0.013044402652748815,0.004139678199456294,0.007708090498764218
-123.5,-2.5,8221,0.007031014017250351,0.01205849889559339,0.004193886101120128,0.008077469074473716
-122.5,-2.5,8222,0.0062320699455953804,0.010676639406065376,0.0041930678899138605,0.008219825274399564
-121.5,-2.5,8223,0.005946379683209936,0.00989545183914077,0.005699119380445894,0.00794113729832359
-120.5,-2.5,8224,0.006045396533354468,0.009854167196409615,0.005573478603356729,0.008827808421418146
-119.5,-2.5,8225,0.006109829082732743,0.008756127101946875,NA,0.00948854976673904
-118.5,-2.5,8226,0.006237590009663433,0.00870755708116135,NA,0.007714120653269321
-117.5,-2.5,8227,0.0056614365126333895,0.004956450946154285,NA,0.005507123554363436
-116.5,-2.5,8228,0.006525267876292381,0.004666655878616306,NA,0.0057852822203013354
-115.5,-2.5,8229,0.006572485846295409,0.005256774111365363,NA,0.005819362411697583
-114.5,-2.5,8230,0.009162538581882412,0.00557552481855686,NA,0.004697145270668832
-113.5,-2.5,8231,0.013635751268723817,0.009391376375526094,NA,0.005663868073242376
-112.5,-2.5,8232,0.02141205236240466,0.010950862293494344,NA,0.012122617495547574
-111.5,-2.5,8233,0.03123880338963703,0.014083890205501163,NA,0.009934241444478372
-110.5,-2.5,8234,0.03425916089448153,0.012849095138638125,NA,0.01132283265463409
-109.5,-2.5,8235,0.04643563112746465,0.02114740668644382,0.013197966315058311,0.01776678935121186
-108.5,-2.5,8236,0.03976172938961321,0.0252531168643255,0.02216603773535196,0.01712575813382472
-107.5,-2.5,8237,0.03594862251459305,0.022636575376824203,0.02144595466535563,0.0177267604650519
-106.5,-2.5,8238,0.035217387375961626,0.034155623598637566,0.020270116960147754,0.018250123768858366
-105.5,-2.5,8239,0.03374755602369686,0.03144920687069946,0.021506248665668498,0.023347050158539422
-104.5,-2.5,8240,0.04062793097173138,0.038760451693852754,0.017481159356378853,0.01938607343960166
-103.5,-2.5,8241,0.029355098681593368,0.041198059697770226,0.015796798659541377,0.018979530640255707
-102.5,-2.5,8242,0.030181794301805325,0.05023971393519146,0.010434363631756488,0.02536307664557424
-101.5,-2.5,8243,0.029143116490270227,0.024968945614706296,0.010043040448162484,0.021095451172798037
-100.5,-2.5,8244,0.016348646129740397,0.011001832472706738,0.005224761226385876,0.01025475920802274
-99.5,-2.5,8245,0.013937899432819863,0.01009307561564652,0.004770862421448802,0.010093524232872091
-98.5,-2.5,8246,0.013903178529264761,0.009833196151263768,0.004770862421448802,0.0081099264697295885
-97.5,-2.5,8247,0.012916592151161702,0.010195573011579027,0.005154166653604471,0.00849141463508903
-96.5,-2.5,8248,0.01014818665172793,0.010591198353908904,0.003747629103763434,0.008050549319607294
-95.5,-2.5,8249,0.009173183348364174,0.010453695038638704,0.004801768710213418,0.007768896226032153
-94.5,-2.5,8250,0.008774574007570295,0.01052202660443125,0.0035918278550168526,0.007758058414582485
-93.5,-2.5,8251,0.007071193008273362,0.01798781762392931,0.004443316017233806,0.007958101855913249
-92.5,-2.5,8252,0.00954812147504399,0.026390340638622892,0.004594020122525688,0.00726613584928338
-91.5,-2.5,8253,0.006526396336973528,0.019723363496026734,0.005324706411816429,0.006116901405668655
-90.5,-2.5,8254,0.0070374497484009466,0.017802691608144475,0.0050520687163278745,0.005884720079553062
-89.5,-2.5,8255,0.006683403517848438,0.02155735032967181,0.006953160405232361,0.006961408204819672
-88.5,-2.5,8256,0.009541734328832263,0.014861835153387688,0.00943971127996545,0.007928450185654036
-87.5,-2.5,8257,0.01253778749330413,0.023909390086792246,0.018774556978815336,0.013321233223001825
-86.5,-2.5,8258,0.022130572704014872,0.04097755621547361,0.027704214530903295,0.020417738117898484
-85.5,-2.5,8259,0.029966181553840544,0.04459843832267152,0.022781870898304513,0.02083861471831051
-84.5,-2.5,8260,0.024778817836823012,0.04287583264712737,0.020591105014264352,0.02111209498148706
-83.5,-2.5,8261,0.020730886766987963,0.06660531397443357,0.02905087097618288,0.031168398535939057
-82.5,-2.5,8262,0.022818100572465205,0.057683548791987824,0.02472094133048975,0.041397665774577895
-81.5,-2.5,8263,0.03257972683601264,0.07692633742664144,0.037474193266202806,0.09180694714916707
-80.5,-2.5,8264,0.016947619603318642,0.05282407379558125,0.017170842851680707,0.03162033232707834
-79.5,-2.5,8265,0.0612437670847869,0.13421795252519933,0.10196435396048137,0.13270312933023698
-72.5,-2.5,8266,0.00259230456577137,0.0023197821597798858,0.002943919226730409,0.0025412245652388027
-71.5,-2.5,8267,0.004572130628882112,0.00432623563757546,0.010016951378378726,0.008889680212501437
-70.5,-2.5,8268,0.01502186654751494,0.03807495774990794,0.016866348673389604,0.05284466838147955
-62.5,-2.5,8269,0.026303454981434774,0.04129099475758077,0.030723951034345724,0.08762662181683503
-61.5,-2.5,8270,0.09251749504028092,0.18369701980235903,0.07645996857186282,0.10741600659768624
-57.5,-2.5,8271,0.04739875370687663,0.05661620753786136,0.05614715335851726,0.06803842615989389
-56.5,-2.5,8272,0.1252752878681219,0.07924265244063777,0.04302513921196078,0.07175024212602565
-55.5,-2.5,8273,0.14939320789457694,0.06925621162060054,0.05761800708947627,0.11735063723624342
-54.5,-2.5,8274,0.10748675084571553,0.10736742244127741,0.09066538773878205,0.16146313165868476
-53.5,-2.5,8275,0.0944710657601055,0.09781703525343542,0.10619764073987126,0.12380609125789367
-52.5,-2.5,8276,0.1283259184959563,0.16571989312870203,0.07685629888485059,0.10507044320318674
-51.5,-2.5,8277,0.05952923341812735,0.050348125819055886,0.06988802073694676,0.12099970374529721
-50.5,-2.5,8278,0.03745946053506384,0.04958151864753146,0.049155717798747695,0.059993355745668664
-49.5,-2.5,8279,0.02978113331119467,NA,NA,0.05863909438011638
-48.5,-2.5,8280,0.030058568956315125,NA,NA,0.010622232109291965
-47.5,-2.5,8281,0.04061316473690936,NA,NA,0.022791443399862044
-46.5,-2.5,8282,0.006599402085363496,NA,NA,0.007045656420537482
-45.5,-2.5,8283,0.02174827045441134,NA,NA,0.01216731198604131
-44.5,-2.5,8284,0.1371682153632079,NA,NA,0.2116970166372519
-38.5,-2.5,8285,0.0242611431936044,0.045097594741638866,0.020268272794855484,0.01964072170446725
-37.5,-2.5,8286,0.03558288010079068,0.07656698030712984,0.056730677927809274,0.16209336940738198
-36.5,-2.5,8287,0.04988017884636003,0.0932772737969391,0.08039926612054646,0.07057568710276275
-35.5,-2.5,8288,0.03917950023460904,0.08254751974926797,0.02996614765710941,0.12264975721805192
-34.5,-2.5,8289,0.041534001177486554,0.04766166522018352,0.03987568387214575,0.08644355215570337
-33.5,-2.5,8290,0.032258584530248186,0.020378999803704726,0.015539237457072934,0.036554315933548936
-32.5,-2.5,8291,0.0720213999186053,0.03671079908318492,0.03441095430559382,0.08655838113699761
-31.5,-2.5,8292,0.02832105376857046,0.010599732016266294,0.032216895962742235,0.03822539016212161
-30.5,-2.5,8293,0.02689717431974363,0.018182227450674823,0.051140295970128945,0.13671558302115078
-29.5,-2.5,8294,0.06734710608463784,0.01986105910142037,0.05938929955118871,0.21167751475598515
-28.5,-2.5,8295,0.0632666841007476,0.055403624945545266,0.04672669663693452,0.259703196949181
-27.5,-2.5,8296,0.07033501591871102,0.1281412811192579,0.04332509514212305,0.4524452205996656
-26.5,-2.5,8297,0.05133757166267772,0.07288073849212855,0.03492581185572088,0.1660689476492941
-25.5,-2.5,8298,0.017671092494545907,0.055113006525377387,0.02035501982955858,0.07925944312592435
-24.5,-2.5,8299,0.013044682706522774,0.03565733699590827,0.014812122046231621,0.037983990634815716
-23.5,-2.5,8300,0.03831172831926515,0.04819084604306708,0.012345278260501085,0.0643066553843083
-22.5,-2.5,8301,0.05618398669683607,0.043886683699696095,0.008731069752110297,0.06670004318880167
-21.5,-2.5,8302,0.04358166579283522,0.014561318389178858,0.009387441122862559,0.13675135151812406
-20.5,-2.5,8303,0.06089282090590582,0.02148336544636061,0.011598779700772955,0.09316200706696375
-19.5,-2.5,8304,0.03737086252932809,0.023774969272826064,0.013314973467383376,0.07804497791123399
-18.5,-2.5,8305,0.018556542771521887,0.023177258821196665,0.013653078077990169,0.06279516854780205
-17.5,-2.5,8306,0.016804043748264122,0.023890293929922337,0.011584963272222299,0.09458465314261269
-16.5,-2.5,8307,0.018408453357428776,0.043150826084285984,0.018431974031972966,0.11602442492682452
-15.5,-2.5,8308,0.011481687840560343,0.07095041042982039,0.023827132253480446,0.062353091166721906
-14.5,-2.5,8309,0.013520810612616532,0.04201656285091421,0.01451993113955205,0.04090115790439967
-13.5,-2.5,8310,0.012977392112472947,0.03015563832360913,0.015003223688600999,0.036922288581516714
-12.5,-2.5,8311,0.01649142917331467,0.03567869308892074,0.010929623193080124,0.03331822585978766
-11.5,-2.5,8312,0.020630550269296097,0.02642664481144886,0.01044486103613601,0.025437429857010925
-10.5,-2.5,8313,0.021713427140685984,0.025421069032343386,0.012675996215623661,0.027314989649593342
-9.5,-2.5,8314,0.02142670869569679,0.027542341300931555,0.009576436589853842,NA
-8.5,-2.5,8315,0.02287164024029278,0.021178065870372114,0.005086148106546239,NA
-7.5,-2.5,8316,0.036695744246866634,0.016500859819727806,0.005083156839226181,NA
-6.5,-2.5,8317,0.04032607637067151,0.015121529607595635,0.007463341715840525,NA
-5.5,-2.5,8318,0.03835658415650265,0.017285770335654756,0.008403750696363487,NA
-4.5,-2.5,8319,0.029375364890322685,0.028259331854677064,0.012169232964797942,NA
-3.5,-2.5,8320,0.018157096114682764,0.01669224600524593,0.009551230071074097,NA
-2.5,-2.5,8321,0.01905954816453655,0.01565879757031541,0.008727413046945954,NA
-1.5,-2.5,8322,0.012338424291280977,0.019630657527596875,0.00759129789719504,NA
-0.5,-2.5,8323,0.012077555746485696,0.020079859526195495,0.007418174544762236,NA
0.5,-2.5,8324,0.022854766601738147,0.01711629380317023,0.007089245681632376,0.022790745034905677
1.5,-2.5,8325,0.015169418399353532,0.016681093029146866,0.007052187089401857,0.018441813396706454
2.5,-2.5,8326,0.00891239174902495,0.017175726445867717,0.007514839709789357,0.02745146770223949
3.5,-2.5,8327,0.010520184088268205,0.025838438442277345,0.00863723530981309,0.020979691791749095
4.5,-2.5,8328,0.01095748541716977,0.018462807189812636,0.008934438693302066,0.012701551959541622
5.5,-2.5,8329,0.012286337230815935,0.017521488892313523,0.009078387216534128,0.012300542508412879
6.5,-2.5,8330,0.011605129328936222,0.01384096625393575,0.009180108804925204,0.01807667048582821
7.5,-2.5,8331,0.01184107705410503,0.023125186807548357,0.012768897898756012,0.052494572259121096
8.5,-2.5,8332,0.012357635319280412,0.03183188542289279,0.012757942555184905,0.04630322009323768
9.5,-2.5,8333,0.014327517566313175,0.028675618465370867,0.013924551986672891,0.0196304818901746
20.5,-2.5,8344,0.008922761214624604,0.021923580794500647,0.008381756436832847,0.010117311870315756
21.5,-2.5,8345,0.007701955041915839,0.019012166142853885,0.008380344797023351,0.009961352546003048
22.5,-2.5,8346,0.009124969181091222,0.022327231951459973,2.3173219865672107e-4,0.009774264435417398
23.5,-2.5,8347,0.007770022937158959,0.02213528039262564,0.006739226023883033,0.009006383658024992
24.5,-2.5,8348,0.00782090211539945,0.024160525257043736,0.00673919821088001,0.008310252693582565
25.5,-2.5,8349,0.011280508718788244,0.01866714682775519,0.006559810096441036,0.008842568092774568
26.5,-2.5,8350,0.016926862507036153,0.010901490526602319,0.005993172063601884,0.0075616057377786115
27.5,-2.5,8351,0.012727106204649069,0.010991355960465582,0.0055591178323470495,0.00814117320353876
28.5,-2.5,8352,0.009000043627365974,0.008433175308540111,0.005371168033894464,0.006242170833633864
29.5,-2.5,8353,0.008984119311709159,0.00841824546678365,0.005487354113673934,0.006231095505489368
30.5,-2.5,8354,0.009916912066254524,0.008815997283769701,0.005855392119946834,0.005914104709459065
31.5,-2.5,8355,0.006481774510478732,0.005551938766767969,0.003306831004049727,0.004183613944493257
32.5,-2.5,8356,0.005792476052823993,0.005715359524997689,0.0030699681361341605,0.0038718517267031746
33.5,-2.5,8357,0.005826715465611191,0.005762281296118083,0.0032467016655211823,0.0038718517267031746
34.5,-2.5,8358,0.005866860782640991,0.005801985260889325,0.0031186990405069016,0.004249947666592536
35.5,-2.5,8359,0.005524406530114865,0.005193918776977827,0.0031825013448516385,0.004292134400998697
36.5,-2.5,8360,0.005497360461168812,0.00516848228182778,0.0032234638369095605,0.004321772810185567
37.5,-2.5,8361,0.006169253420530035,0.0056017192227957955,0.0035421133236469026,0.004669592930617777
38.5,-2.5,8362,0.006707694425388134,0.005838411002979339,0.003552323561175731,0.004683037884700326
39.5,-2.5,8363,0.006675654426335481,0.006465941874405581,0.004379046166376213,0.007642623024415572
40.5,-2.5,8364,0.007291722133242755,0.006108097871840251,0.004379046166376213,0.010698909948133169
41.5,-2.5,8365,0.0073814015728005744,0.005756927337763185,0.00391815635510412,0.006591495332266871
42.5,-2.5,8366,0.008241634111282519,0.006095841701769955,0.003906709731507478,0.006108928426349402
43.5,-2.5,8367,0.0074586858048941275,0.005447489557903389,0.0038724633150362003,0.006081943746594158
44.5,-2.5,8368,0.01060276053860787,0.005431861848428741,0.003861336484095855,0.006357052585132215
45.5,-2.5,8369,0.007768920140174163,0.005251280912251482,0.003842731413501992,0.006603771974085055
46.5,-2.5,8370,0.008230152550380508,0.011830033847396523,0.003165990439888866,0.005928865432816138
47.5,-2.5,8371,0.00836793334607898,0.005951381154633334,0.005223194328113686,0.005228942291678718
48.5,-2.5,8372,0.008921931117442185,0.006027657600252499,0.005549853852636201,0.0061869440441164394
49.5,-2.5,8373,0.00928738391761741,0.007003509364708832,0.004051953616196561,0.0057158997092637154
50.5,-2.5,8374,0.008656992367464441,0.006251199164852139,NA,0.005701821067731402
51.5,-2.5,8375,0.008164197412919391,0.006251199164852139,NA,0.006199639994164798
52.5,-2.5,8376,0.008433997257581415,0.006251199164852139,NA,0.006109409849822947
53.5,-2.5,8377,0.010264207591216922,0.006251199164852139,NA,0.006448591756825576
54.5,-2.5,8378,0.010966108418717077,0.006251199164852139,NA,0.00816541822913791
55.5,-2.5,8379,0.012498864345070818,0.007008939951991291,NA,0.007330466205885618
56.5,-2.5,8380,0.016191917896602986,0.007116859953488328,NA,0.0073089673608063704
57.5,-2.5,8381,0.012293149367292104,0.006898034663090155,NA,0.007207216897931739
58.5,-2.5,8382,0.017072900858292123,0.008986227105514772,NA,0.008335349923542089
59.5,-2.5,8383,0.015225382201543338,0.007949351895654525,NA,0.007776703323773717
60.5,-2.5,8384,0.01506938893168854,0.010834375752749786,NA,0.008760772003003585
61.5,-2.5,8385,0.015332384117453421,0.01015064330126436,NA,0.00684912784198194
62.5,-2.5,8386,0.015172019479447327,0.010981631474776427,NA,0.008119917006691972
63.5,-2.5,8387,0.014703172237125079,0.010756846171156433,NA,0.00839166674286382
64.5,-2.5,8388,0.01636787395492366,0.012684136692076808,NA,0.010270351210650064
65.5,-2.5,8389,0.015346353077397977,0.014072654252163336,NA,0.010359487908636786
66.5,-2.5,8390,0.015908006310658217,0.014225165295508027,NA,0.010951043731313878
67.5,-2.5,8391,0.015959275770643558,0.013684147782114927,NA,0.008437060085043371
68.5,-2.5,8392,0.015200658671063114,0.011388141696983985,NA,0.008130248673740898
69.5,-2.5,8393,0.014910617226425744,0.011769581530039657,NA,0.0090220559231192
70.5,-2.5,8394,0.013575671811358441,0.011924187009156696,NA,0.009265659033647808
71.5,-2.5,8395,0.015158819728530755,0.012959444238265862,NA,0.009772889544268607
72.5,-2.5,8396,0.013384786808429902,0.01230996153527837,NA,0.010002887050264614
73.5,-2.5,8397,0.01948090267383668,0.015905197391069843,NA,0.011426058858194385
74.5,-2.5,8398,0.015738451939548946,0.014433974979568703,NA,0.013145965502444137
75.5,-2.5,8399,0.013731162394703815,0.014083853925473806,NA,0.011668799621059971
76.5,-2.5,8400,0.015656227148229004,0.01376674417739654,NA,0.009754972340077208
77.5,-2.5,8401,0.012505817542397976,0.009539657524454454,NA,0.006849329402070733
78.5,-2.5,8402,0.009183877470506429,0.008697568212444157,NA,0.006589199389220255
79.5,-2.5,8403,0.010394247729425838,0.008474450972112446,NA,0.0070673896746857945
80.5,-2.5,8404,0.019793719077041944,NA,NA,0.00815372078987801
81.5,-2.5,8405,0.018059809421822497,NA,NA,0.0065482700602889875
82.5,-2.5,8406,0.016001187009882914,NA,NA,0.005942568894571075
83.5,-2.5,8407,0.01563961970381198,NA,NA,0.012592115577454831
84.5,-2.5,8408,0.013514350725713902,NA,NA,0.011741788942342395
85.5,-2.5,8409,0.013828735493704404,NA,NA,0.012031874878776737
86.5,-2.5,8410,0.01614758289789752,NA,NA,0.012748732490729341
87.5,-2.5,8411,0.0175619043243924,NA,NA,0.013004699621418581
88.5,-2.5,8412,0.016037445443208825,NA,NA,0.016556291402121275
89.5,-2.5,8413,0.017904587072681423,NA,NA,0.018979113747869043
-137.5,-1.5,8423,0.002087271941666189,NA,0.0020419617671757254,0.004160428021214434
-136.5,-1.5,8424,0.0043410289230304735,NA,0.003144716995262479,0.007991935458439015
-135.5,-1.5,8425,0.004962668683180386,NA,0.002644919165167077,0.007657734898110363
-134.5,-1.5,8426,0.005258889293742555,NA,0.003001787747058827,0.00786661766883128
-133.5,-1.5,8427,0.005082393591538706,NA,0.007179139613566181,0.009967997587958036
-132.5,-1.5,8428,0.0055724390043899,NA,0.004100842189631128,0.00947770412873262
-131.5,-1.5,8429,0.005679287330467628,NA,0.0046139269495085716,0.009181729160888516
-130.5,-1.5,8430,0.005207263336535951,NA,0.0034109549794199136,0.007389458607322038
-129.5,-1.5,8431,0.00556761692063124,0.008741379159376365,0.004811408363727437,0.008243537100901126
-128.5,-1.5,8432,0.0058102388826716846,0.009880324936687994,0.004946505047025294,0.006824162176698966
-127.5,-1.5,8433,0.006247135466005467,0.015914748664903538,0.004061528350539067,0.008129807861567466
-126.5,-1.5,8434,0.006305444135742738,0.014882192802624622,0.004159975856660506,0.008826265942628454
-125.5,-1.5,8435,0.008276447414181728,0.018429919120160402,0.004384432376518514,0.010396127530735568
-124.5,-1.5,8436,0.007630802200298206,0.015981135614408427,0.0043649086936853095,0.011146119971815497
-123.5,-1.5,8437,0.007716689566955047,0.017453828658783508,0.006230376038609307,0.009263431272500828
-122.5,-1.5,8438,0.009545547966965886,0.019626599411118644,0.006078531478064245,0.006427384219024906
-121.5,-1.5,8439,0.009542003075525335,0.01874951328444728,0.006611113845562352,0.009130319139659256
-120.5,-1.5,8440,0.011552327830551344,0.020171294256471003,0.006414639507488579,0.006717374501355735
-119.5,-1.5,8441,0.009896375561675733,0.019839468504300246,NA,0.007427308869891674
-118.5,-1.5,8442,0.007154753404961412,0.01093289917588616,NA,0.006971321823168146
-117.5,-1.5,8443,0.00835910312247777,0.010704047474981384,NA,0.0077913574638465545
-116.5,-1.5,8444,0.008178397365745656,0.007407489234215568,NA,0.007692946924755935
-115.5,-1.5,8445,0.008907004602034354,0.00748211819327002,NA,0.016005112748451858
-114.5,-1.5,8446,0.009562167097093488,0.008592046469993505,NA,0.006444236716103522
-113.5,-1.5,8447,0.010213458259065052,0.009002378650524796,NA,0.005735908868276805
-112.5,-1.5,8448,0.02418228981475348,0.01561117893457577,NA,0.00653102465696546
-111.5,-1.5,8449,0.024086316872529115,0.017695352403021638,NA,0.005799643964407931
-110.5,-1.5,8450,0.017525111360676682,0.018107374280196327,NA,0.008071792506196137
-109.5,-1.5,8451,0.02442187342488898,0.027461024502402537,0.01962745945973387,0.013221460259013064
-108.5,-1.5,8452,0.025039382035691296,0.029251702618290593,0.03451547272597195,0.014378138610968283
-107.5,-1.5,8453,0.02701969997204741,0.03148136969764071,0.02629284864461795,0.025336621970966616
-106.5,-1.5,8454,0.04618965118067794,0.05561165830961163,0.039883565005087,0.04622460130780992
-105.5,-1.5,8455,0.02761724144364856,0.024845199653744775,0.015008842525214002,0.030008356270852292
-104.5,-1.5,8456,0.020082950933953105,0.024208820065024693,0.01844427322930145,0.018283869246500432
-103.5,-1.5,8457,0.016331005991777846,0.021736784943333528,0.01666587018552234,0.019761905497650237
-102.5,-1.5,8458,0.01887125368348727,0.01761354737906324,0.010810606741785012,0.019948008425860246
-101.5,-1.5,8459,0.025384943457116328,0.026354176744840207,0.008488572758594123,0.018161788960817167
-100.5,-1.5,8460,0.0116449371103737,0.014537950459492053,0.005928140019318766,0.012907541169939554
-99.5,-1.5,8461,0.009616127042387299,0.010281625040835175,0.0041818414392699385,0.00872770750612142
-98.5,-1.5,8462,0.009468903398354043,0.010389618520390059,0.0041818414392699385,0.011938713471570168
-97.5,-1.5,8463,0.008967128282109486,0.01081182000151272,0.004413353531447143,0.012808714467517336
-96.5,-1.5,8464,0.009893221607355585,0.010262349482681203,0.0040774905269996,0.010997176446642758
-95.5,-1.5,8465,0.008319600965855439,0.01033023680286041,0.003880579753102837,0.010541421845524878
-94.5,-1.5,8466,0.007926198618246777,0.01049288854756693,0.004044466763085899,0.011763129236252721
-93.5,-1.5,8467,0.007083247773274815,0.009882461549882208,0.0038799559896569007,0.011218986439126874
-92.5,-1.5,8468,0.007114816359729074,0.015304979852257976,0.0038841746508037744,0.01251751427085182
-91.5,-1.5,8469,0.007298655968228062,0.01598622219036158,0.006669931226803763,0.006113358167672321
-90.5,-1.5,8470,0.005792178400017908,0.01642211004169922,0.00662846108854362,0.005934102709804187
-89.5,-1.5,8471,0.008301379836027713,0.01337252994885052,0.00869940175410701,0.006659261902150413
-88.5,-1.5,8472,0.01293211618397258,0.014956511960338056,0.013869454587861046,0.009150159148426446
-87.5,-1.5,8473,0.0248798549430036,0.026973012807758403,0.016518648868873383,0.019278461427882834
-86.5,-1.5,8474,0.025567831364882478,0.04059017765134194,0.017093567153356307,0.026141410900636076
-85.5,-1.5,8475,0.016684208187325182,0.059761341247516316,0.017731814072862995,0.016718230798014343
-84.5,-1.5,8476,0.015079002186731064,0.0742475549955148,0.030946322057736127,0.022956890663416017
-83.5,-1.5,8477,0.026197878693629252,0.045161159395118035,0.05203744554790983,0.03440739747224181
-82.5,-1.5,8478,0.044776945263486634,0.04362040717493239,0.0920236645961527,0.08918665520352531
-81.5,-1.5,8479,0.01159049018482895,0.03091941133616952,0.02027589159921458,0.02509523563779123
-80.5,-1.5,8480,0.02415382217699475,0.03510400459511824,0.03360993654712295,0.02979434312734676
-79.5,-1.5,8481,0.0098183292373054485,0.18244237192040233,0.020115290143036115,0.04794935011753148
-75.5,-1.5,8482,0.0065461871529958185,0.012013377471060727,0.00698418542150152,0.007821580043712226
-74.5,-1.5,8483,0.00724734180994298,0.008029591491156793,0.006532405244241484,0.0078122878362147236
-73.5,-1.5,8484,0.0139483693057506,0.01618161634590516,0.016044788707181155,0.01873307958345934
-72.5,-1.5,8485,0.008981428784626832,0.014733839940282581,0.010140824675559549,0.004688696017994222
-71.5,-1.5,8486,0.005671244774140136,0.013954560206221274,0.007820882446815813,0.007469874247640678
-70.5,-1.5,8487,0.0035143668568490037,0.027844531555766668,0.0037137289883525395,0.01847421715384607
-62.5,-1.5,8488,0.05712779214064232,0.1314857375214323,0.05150875213640284,0.07375541089954865
-61.5,-1.5,8489,0.08766150584608437,0.23322327372165766,0.08429934969207921,0.12901337427847856
-57.5,-1.5,8490,0.007206637984281175,0.00833886056232983,0.008304955706353513,0.01183842896538078
-56.5,-1.5,8491,0.00783453830073515,0.007078634892143182,0.0067400966259054985,0.008692463035670488
-55.5,-1.5,8492,0.022339085267786912,0.03694067223847571,0.03818930479988306,0.12151036932831905
-54.5,-1.5,8493,0.011098411316313863,0.031369101405935414,0.015790177416875818,0.07077884346063096
-53.5,-1.5,8494,0.04692013709682595,0.0753746453354918,0.02266318014505054,0.20880625656720445
-51.5,-1.5,8495,0.02922238274226017,0.04803946674001495,0.028747215367169555,0.06267176498556556
-50.5,-1.5,8496,0.014771724945284016,0.009631074061035683,0.014112619267321666,0.017390579796735486
-49.5,-1.5,8497,0.0272863766955056,NA,NA,0.03141448655858119
-48.5,-1.5,8498,0.1263915859209354,NA,NA,0.06793694783139828
-45.5,-1.5,8499,0.026831874630004998,NA,NA,0.03460361043990134
-44.5,-1.5,8500,0.01204143228903029,NA,NA,0.040255091025129204
-43.5,-1.5,8501,0.01772732692213649,NA,NA,0.054827438122864676
-42.5,-1.5,8502,0.030271486135325574,NA,NA,0.04769843923926119
-41.5,-1.5,8503,0.09731455101297525,NA,NA,0.0910945413461143
-40.5,-1.5,8504,0.03683042296477298,NA,NA,0.12355757171173687
-39.5,-1.5,8505,0.06773260924393933,0.1016558906303511,0.07444191174648312,0.09150645027066849
-38.5,-1.5,8506,0.05780665021705135,0.10316851524501207,0.05649271654657335,0.09672028380455683
-37.5,-1.5,8507,0.047674428640910746,0.04858132294419187,0.12695667556011406,0.11286001098414356
-36.5,-1.5,8508,0.05542744933669485,0.03946540908402241,0.04524843735383183,0.055042987237193475
-35.5,-1.5,8509,0.06724503780289832,0.07013434637200168,0.06976441263728969,0.20880673452092566
-34.5,-1.5,8510,0.026220288387932004,0.025053502444918146,0.03732621677564656,0.032482392575797187
-33.5,-1.5,8511,0.08362891922523501,0.03489429844259506,0.07761193976969095,0.02740675472362368
-32.5,-1.5,8512,0.1431679866102859,0.03413072573679256,0.0939088556461232,0.038916352053434286
-31.5,-1.5,8513,0.013294298518903394,0.01769961801699467,0.042012278659953974,0.039316232086880475
-30.5,-1.5,8514,0.005606445229040292,0.01538081349153069,0.038500856303994795,0.0356413548593792
-29.5,-1.5,8515,0.026746160752222803,0.03364160066860087,0.05837901278772062,0.09664027175994741
-28.5,-1.5,8516,0.018212184951652954,0.03415325724659621,0.05003341831266329,0.587372098592981
-27.5,-1.5,8517,0.013480345446954332,0.029874884759077177,0.09105011729638234,0.43123949753007046
-26.5,-1.5,8518,0.015910308548718374,0.029033262355277333,0.03354995429036211,0.07699742343332269
-25.5,-1.5,8519,0.012356469006302342,0.031025673235827434,0.027389738388085474,0.07485245608275146
-24.5,-1.5,8520,0.007227940517139756,0.027442731246513686,0.01784243257717458,0.052042159450635
-23.5,-1.5,8521,0.01930432813524096,0.030214750948371578,0.011996565478688418,0.0682050255365776
-22.5,-1.5,8522,0.04338822483737963,0.03682761131891525,0.011249092379507919,0.08077772643762933
-21.5,-1.5,8523,0.029674645315135532,0.013859518193638046,0.011564055777665106,0.08137558097504557
-20.5,-1.5,8524,0.02814538907375831,0.019731052802329514,0.013464052141322501,0.06296147589567275
-19.5,-1.5,8525,0.015184415176821727,0.015369824544124359,0.009861925686764242,0.026683107833434888
-18.5,-1.5,8526,0.009556636358941996,0.020188748870361716,0.014619426639731597,0.08766922188297402
-17.5,-1.5,8527,0.01832652707729159,0.04929510941621897,0.015450934260721756,0.05937756506044108
-16.5,-1.5,8528,0.012716640284848386,0.04416477576803996,0.014478202355663862,0.03231704103614738
-15.5,-1.5,8529,0.01709216904276342,0.05042890459235415,0.02756577808151518,0.032038129292643484
-14.5,-1.5,8530,0.018028488594529848,0.03406117037262862,0.032391091342680006,0.041896562962208894
-13.5,-1.5,8531,0.021730292819042138,0.04002414332062479,0.023516210805415903,0.05359853471958468
-12.5,-1.5,8532,0.02521452351173032,0.033697474776951945,0.015303091796797202,0.03888533078511425
-11.5,-1.5,8533,0.023351598667669407,0.028270870735825557,0.01751716290379033,0.03655957040177342
-10.5,-1.5,8534,0.026441737158966777,0.03197600732677437,0.015776966795476126,0.05603663114707986
-9.5,-1.5,8535,0.025199419359111262,0.028538353698049617,0.011841336122933619,NA
-8.5,-1.5,8536,0.02111589215741286,0.018435391790607547,0.010893576180783932,NA
-7.5,-1.5,8537,0.02293700017096502,0.021501213073088242,0.012840539576719667,NA
-6.5,-1.5,8538,0.036092262209901166,0.020844668159522246,0.013339362088431901,NA
-5.5,-1.5,8539,0.0434967427297203,0.01902418820924638,0.017896625394149816,NA
-4.5,-1.5,8540,0.04223082264401736,0.017224798006704848,0.020372442205622534,NA
-3.5,-1.5,8541,0.025416689865957135,0.019502990162821924,0.014486699743541375,NA
-2.5,-1.5,8542,0.016191869813346166,0.02042985531084602,0.013773517253493385,NA
-1.5,-1.5,8543,0.012903629556605324,0.016543902626224072,0.009310049650571897,NA
-0.5,-1.5,8544,0.0121104557125962,0.02147327961554277,0.007621543290841086,NA
0.5,-1.5,8545,0.020558043440648547,0.015304560313207519,0.00932353274935503,0.0226034963735743
1.5,-1.5,8546,0.01860911363722442,0.016006461428633892,0.011217306896512756,0.027992606277498496
2.5,-1.5,8547,0.013416616199804344,0.019823175024282918,0.009963213347598128,0.02519933200124907
3.5,-1.5,8548,0.01077000346082019,0.016950890885342358,0.011888499857873464,0.02720820852467645
4.5,-1.5,8549,0.016415017345523742,0.016386352183745612,0.01013489977099873,0.027863575966508382
5.5,-1.5,8550,0.01619727474205934,0.024736130627297123,0.010167394533701113,0.0255367320238486
6.5,-1.5,8551,0.01998109014302262,0.02179390939932835,0.016621684097211507,0.02304658520231372
7.5,-1.5,8552,0.022677618442145425,0.021935141777260206,0.011922315979833998,0.023374905132815586
8.5,-1.5,8553,0.018669342281294108,0.019383819470727714,0.015130151987325254,0.021834763943696257
9.5,-1.5,8554,0.015730145949194082,0.021405448332695077,0.011391570284777127,0.02527297812708888
20.5,-1.5,8565,0.01271472705178122,0.0220697773152895,0.007729706828729139,0.010503574640964627
21.5,-1.5,8566,0.012533297849076261,0.02146144295855751,0.007328304703044135,0.009835088990658807
22.5,-1.5,8567,0.012110521179762837,0.012954566837223087,0.007189215790646746,0.009226638628982752
23.5,-1.5,8568,0.012781841492465869,0.013496401505117269,0.006125242317085169,0.007969631138902228
24.5,-1.5,8569,0.011330001981594246,0.013944812077886054,0.0063659147302454104,0.008211518888251116
25.5,-1.5,8570,0.010397752318515868,0.01403699259485409,0.006387598373757067,0.008740436134805595
26.5,-1.5,8571,0.009384780169315482,0.013245567046601252,0.007002344913070984,0.007475416304368838
27.5,-1.5,8572,0.010885089559116405,0.012757068849875352,0.005858737064456946,0.0075329092629146995
28.5,-1.5,8573,0.00804516202730786,0.010585202953841084,0.008619063982547165,0.006856961860814696
29.5,-1.5,8574,0.009209290819034774,0.010882891426653404,0.007832406874245334,0.006648374573951764
30.5,-1.5,8575,0.006749451247360861,0.007789097373859265,0.008734173554124041,0.009143620132598024
31.5,-1.5,8576,0.005384322036611008,0.006168383263023888,0.008830950647073654,0.007359958281855973
32.5,-1.5,8577,0.005592976424766049,0.006168383263023888,0.007849751847359593,0.007921413437717337
33.5,-1.5,8578,0.006630105960144941,0.009338721434392228,0.008964128351479079,0.010654768755788831
34.5,-1.5,8579,0.006021806896549888,0.006795447962305156,0.005086188641002907,0.007466381604498157
35.5,-1.5,8580,0.006120953916648382,0.006208148412503573,0.005708413699368155,0.007681173682624357
36.5,-1.5,8581,0.006814201620791444,0.006110182221241652,0.005143648998882528,0.01021062324315425
37.5,-1.5,8582,0.00618078746980939,0.006110182221241652,0.006083067715697693,0.008197958272707119
38.5,-1.5,8583,0.008474620268926024,0.006077396541179057,0.006083067715697693,0.007692623500998097
39.5,-1.5,8584,0.007981170653733037,0.005590939069223814,0.00640840698338277,0.007552152966789086
40.5,-1.5,8585,0.008883219915202082,0.006219221882680958,0.006142750737064902,0.007462009907702046
41.5,-1.5,8586,0.008883219915202082,0.005590939069223814,0.006728615006632324,0.008055289481626446
42.5,-1.5,8587,0.009693227990376344,0.006224048137858379,0.0063213240756574965,0.008431807560695186
43.5,-1.5,8588,0.009595565550687149,0.0055386753083176195,0.006578799943018609,0.015018462056471673
44.5,-1.5,8589,0.009573243693808079,0.005275253849738511,0.006700028704289938,0.008354014272810736
45.5,-1.5,8590,0.010178220641414864,0.005512078004706714,0.006995643154652827,0.00720161760914479
46.5,-1.5,8591,0.011541672809807117,0.005995813834115309,0.005244970238417527,0.007166815570061655
47.5,-1.5,8592,0.014317429451020514,0.006208549349990416,0.005267527462961504,0.0063035578291668155
48.5,-1.5,8593,0.01371832282070709,0.006650282770892171,0.0067447621419797965,0.006765091540819463
49.5,-1.5,8594,0.014133111634866045,0.0072795519245372545,0.006855821861656411,0.006745709544461121
50.5,-1.5,8595,0.016259322745763867,0.0077378318330639925,NA,0.007119964439387854
51.5,-1.5,8596,0.011990275253771812,0.007760042157082358,NA,0.009024624301703246
52.5,-1.5,8597,0.010411369037286318,0.009286114335388205,NA,0.007774672321025871
53.5,-1.5,8598,0.010614991039165815,0.0067677396604111754,NA,0.008875104409503287
54.5,-1.5,8599,0.011989750878891842,0.0067677396604111754,NA,0.00967533414333502
55.5,-1.5,8600,0.013578534148514317,0.014898397525302956,NA,0.010463883621429124
56.5,-1.5,8601,0.015215574135358853,0.00848315845646996,NA,0.011678556892159526
57.5,-1.5,8602,0.014325063363669616,0.008645489809222149,NA,0.014755824613443332
58.5,-1.5,8603,0.014480137463671574,0.008882252128702554,NA,0.010594295837544012
59.5,-1.5,8604,0.012666054798716476,0.008979933101764228,NA,0.0106780197629381
60.5,-1.5,8605,0.012715706366372913,0.010144335278967095,NA,0.011597835210740984
61.5,-1.5,8606,0.012682312072570383,0.00841833752997442,NA,0.011779347775750735
62.5,-1.5,8607,0.014310896871486721,0.00806202231344169,NA,0.009730429056255319
63.5,-1.5,8608,0.01229049787758156,0.007353810929022742,NA,0.009770665369968302
64.5,-1.5,8609,0.016634955575234922,0.008015854706365004,NA,0.009110771078612875
65.5,-1.5,8610,0.013361458170401866,0.007765621390443549,NA,0.009700786791236595
66.5,-1.5,8611,0.012871417302729515,0.007115959126310122,NA,0.008165010967469282
67.5,-1.5,8612,0.01258693071091921,0.00712902422968709,NA,0.009749964881766719
68.5,-1.5,8613,0.012536287910714853,0.007339755986052841,NA,0.008838593162323327
69.5,-1.5,8614,0.012574759812409143,0.0074283837155917805,NA,0.011322736390870261
70.5,-1.5,8615,0.01277539756443774,0.013787889350407735,NA,0.012069598720797872
71.5,-1.5,8616,0.017070724779231918,0.007225015323525524,NA,0.009316989266143065
72.5,-1.5,8617,0.016531966819178463,0.007213573490235168,NA,0.00823660702982852
73.5,-1.5,8618,0.01912879868648115,0.00904659011813726,NA,0.009633062260893438
74.5,-1.5,8619,0.01654069442168111,0.00849444494272771,NA,0.008196559446709502
75.5,-1.5,8620,0.01832441092606206,0.009834865985386233,NA,0.010043373668631329
76.5,-1.5,8621,0.015530555094126205,0.009538198958866895,NA,0.008004180325045743
77.5,-1.5,8622,0.012176606866498687,0.007205318940489893,NA,0.0052875248207639594
78.5,-1.5,8623,0.01084433675716931,0.007524009214447279,NA,0.006012838712444759
79.5,-1.5,8624,0.012929260569856223,0.007831796380406559,NA,0.007238528557444176
80.5,-1.5,8625,0.012239874908012713,NA,NA,0.007162102665134116
81.5,-1.5,8626,0.011058351315680476,NA,NA,0.005953771505192834
82.5,-1.5,8627,0.012639551621347304,NA,NA,0.0115026005894696
83.5,-1.5,8628,0.013688492291240736,NA,NA,0.014143360304523069
84.5,-1.5,8629,0.013688492291240736,NA,NA,0.013654563662022948
85.5,-1.5,8630,0.01750013386754869,NA,NA,0.013556539092401258
86.5,-1.5,8631,0.013136972788930884,NA,NA,0.012328576979920684
87.5,-1.5,8632,0.016756663301017757,NA,NA,0.013805328283682044
88.5,-1.5,8633,0.019600771948599813,NA,NA,0.01815239948132671
89.5,-1.5,8634,0.020508616377370968,NA,NA,0.015141232072425051
-137.5,-0.5,8644,0.0036570697254403916,NA,7.84392974603701e-4,0.0038661185046803665
-136.5,-0.5,8645,0.0017480051371533717,NA,0.002088284417686275,0.005182201961534695
-135.5,-0.5,8646,0.004762835801100536,NA,0.00367504805094982,0.00491115852796649
-134.5,-0.5,8647,0.005147187844404226,NA,0.0031934235487235496,0.0070224449131084795
-133.5,-0.5,8648,0.005225506875027805,NA,0.006507669192257115,0.009189634848323667
-132.5,-0.5,8649,0.005049331610707056,NA,0.003833339485129389,0.009390570163989488
-131.5,-0.5,8650,0.005834000085531451,NA,0.0047169388941571775,0.012748720335124718
-130.5,-0.5,8651,0.008234068671687899,NA,0.0028327035744710517,0.012206647914182075
-129.5,-0.5,8652,0.00658938265499242,0.007039369918768999,0.0027592806539199037,0.010374343955808671
-128.5,-0.5,8653,0.006054382283354039,0.007017182337106702,0.0036007123692039632,0.00888021440069423
-127.5,-0.5,8654,0.006916195341844503,0.012763625384023619,0.0037178929756592743,0.008150986946886731
-126.5,-0.5,8655,0.01017331105826232,0.011190664778865465,0.0038918534823197304,0.008373559025900087
-125.5,-0.5,8656,0.011821918248557918,0.015056250292440659,0.0038366194344794167,0.008322508282178797
-124.5,-0.5,8657,0.013606902466020372,0.014696405654165558,0.005066771245478756,0.00951461835087804
-123.5,-0.5,8658,0.011301765734569862,0.012068537591480287,0.005339047449204398,0.009706121605952196
-122.5,-0.5,8659,0.010661629348898036,0.015303066147136307,0.005741141032634659,0.011579205706985356
-121.5,-0.5,8660,0.009741359403672914,0.016140248610799473,0.005939227604880344,0.009344345648788513
-120.5,-0.5,8661,0.009696604704283442,0.016883136076125377,0.007182286679364664,0.005854609091744374
-119.5,-0.5,8662,0.007179753250468287,0.011255939227579625,NA,0.004542964180769263
-118.5,-0.5,8663,0.005603258460614377,0.009363469807851002,NA,0.0036811818012256335
-117.5,-0.5,8664,0.005938726773193069,0.010297031996719245,NA,0.003639724059570957
-116.5,-0.5,8665,0.007302544217679976,0.008721420361244524,NA,0.0035742981690109667
-115.5,-0.5,8666,0.007875783795487713,0.00814988628753397,NA,0.004225848739907848
-114.5,-0.5,8667,0.010796650586761535,0.007774879961648998,NA,0.0035168430300469952
-113.5,-0.5,8668,0.009765729449309913,0.009166144023710208,NA,0.0032606695962464306
-112.5,-0.5,8669,0.01702754780837191,0.01768402147844638,NA,0.004907268036052052
-111.5,-0.5,8670,0.013946566124023464,0.018264283076540246,NA,0.004714496793378159
-110.5,-0.5,8671,0.014506768970225858,0.0192697970261364,NA,0.004939808949628048
-109.5,-0.5,8672,0.020021947381581858,0.021064412217676413,0.033597305429727345,0.005187138651475195
-108.5,-0.5,8673,0.022136392958050612,0.019354220710205604,0.024621572703625527,0.005350276064845614
-107.5,-0.5,8674,0.020947912589235597,0.021245540425310024,0.025176919542960658,0.009389485316588765
-106.5,-0.5,8675,0.025355576597418775,0.024947118826234196,0.019358872147371912,0.00911733193965155
-105.5,-0.5,8676,0.029053631994131433,0.02684841406895423,0.02013090378611965,0.014107977101939064
-104.5,-0.5,8677,0.025725046417592084,0.020678596099596536,0.01052971132719366,0.01070857843610456
-103.5,-0.5,8678,0.020190427636869915,0.020437968524888765,0.006378604397062423,0.01747250770752649
-102.5,-0.5,8679,0.02064085064833842,0.01960606406234714,0.007954623639195193,0.01665899118499834
-101.5,-0.5,8680,0.01878165371957791,0.017616844814336032,0.008223771336102472,0.01447543487130931
-100.5,-0.5,8681,0.014952949249074103,0.01615143421551415,0.006800831964351002,0.012406681437890796
-99.5,-0.5,8682,0.008415171326274062,0.00884342284372973,0.003153171957835247,0.008332195709340915
-98.5,-0.5,8683,0.008971763848945468,0.010315201382368631,0.0037795847526011597,0.004821999803939417
-97.5,-0.5,8684,0.008677644422961862,0.00869313843639638,0.004058371956659047,0.005300441715702371
-96.5,-0.5,8685,0.009095467412975806,0.009192056530422819,0.003859052323013476,0.005093636255977284
-95.5,-0.5,8686,0.007928864785377344,0.009543771769132894,0.003950839907508985,0.005067048733293374
-94.5,-0.5,8687,0.006610787984385257,0.008852072252961547,0.003990368931220249,0.0050500066614017035
-93.5,-0.5,8688,0.006626444476511515,0.008969741043891888,0.003007610096531427,0.007486417218083446
-92.5,-0.5,8689,0.00713462254253588,0.00842711053328527,0.003951234197563732,0.008630456925690047
-91.5,-0.5,8690,0.007474939871132236,0.008158636564572656,0.008088728418018323,0.008616934875405822
-90.5,-0.5,8691,0.0073907843487387,0.013632126970217342,0.00990561233881297,0.007536172141659998
-89.5,-0.5,8692,0.010141603674374992,0.01619985888921714,0.015183033243924038,0.009160510889644568
-88.5,-0.5,8693,0.013726399549405731,0.031741193448986606,0.018709471077596903,0.01721334061892666
-87.5,-0.5,8694,0.01830516853944177,0.04946644544844551,0.02279011947107397,0.02861820233236887
-86.5,-0.5,8695,0.013287994576516818,0.06234432452216494,0.0196790848984635,0.018984950148032146
-85.5,-0.5,8696,0.011673290818588512,0.03660737883531195,0.02455224588389687,0.021684564151347837
-84.5,-0.5,8697,0.01069547626254818,0.036129265128217514,0.026152665809556983,0.04224341351345733
-83.5,-0.5,8698,0.012470780560639763,0.03145363184033352,0.028413753715068858,0.045875903502486756
-82.5,-0.5,8699,0.02573069568593454,0.04230141245691928,0.02882802534430453,0.09358607689722721
-81.5,-0.5,8700,0.003513335464191785,0.009608024684333373,0.004436106819292082,0.004430413858768854
-80.5,-0.5,8701,0.009614053310223929,0.05838930507472018,0.014026529156601807,0.03416435412463438
-76.5,-0.5,8702,0.003084361934939956,0.003973262836274043,0.0017188919500657407,0.0030996551514320724
-74.5,-0.5,8703,0.01857983055240226,0.01453109929581841,0.008842856977176954,0.011438100376664229
-73.5,-0.5,8704,0.006101345148005507,0.004146402630888679,0.006119629169170702,0.004455109415496952
-72.5,-0.5,8705,0.007848731324592016,0.015915341835430287,0.006140573506052002,0.005549715486629497
-71.5,-0.5,8706,0.0019689539294184184,0.00596529398312414,0.004136835033830757,0.00583946561121174
-61.5,-0.5,8707,0.22624299700370396,0.14685808128243083,0.11118971992966074,0.1333944824562836
-60.5,-0.5,8708,0.06324080261520457,0.05557914999529292,0.0258692350351041,0.07994757706693982
-56.5,-0.5,8709,0.03944121840673998,0.11058016362840438,0.05085648846145031,0.08715075342802318
-55.5,-0.5,8710,0.09261776548896594,0.19938668263630183,0.1214335696167683,0.1930528417073618
-54.5,-0.5,8711,0.06249525626201604,0.17744056318834067,0.0536387166825132,0.08268933627128874
-53.5,-0.5,8712,0.07587129827634266,0.20789677934730752,0.07948731214751074,0.15734130497414409
-46.5,-0.5,8713,0.07877892890973781,NA,NA,0.38678554311816105
-45.5,-0.5,8714,0.15160394241155636,NA,NA,0.3737322265593754
-44.5,-0.5,8715,0.06716368956767708,NA,NA,0.16083139294977855
-43.5,-0.5,8716,0.055959900244431184,NA,NA,0.2014483544954051
-42.5,-0.5,8717,0.08073139751089833,NA,NA,0.21776007024875196
-41.5,-0.5,8718,0.06250238659037695,NA,NA,0.41131168522200057
-40.5,-0.5,8719,0.10185292055540053,NA,NA,0.25807824686997566
-39.5,-0.5,8720,0.12483961636567335,0.040672642525704614,0.07864515603069507,0.05469084805317889
-38.5,-0.5,8721,0.03873737809055123,0.056208586706340956,0.06809669781181485,0.06334264119611047
-37.5,-0.5,8722,0.028663972346377593,0.040487254716913564,0.08676813591799541,0.04216407545997849
-36.5,-0.5,8723,0.030525375961505598,0.0248655114854583,0.10085929045932442,0.05949533488590054
-35.5,-0.5,8724,0.01818826292752127,0.05641897297041194,0.061561274739092654,0.13048513273913329
-34.5,-0.5,8725,0.011182310771679914,0.04821045118338364,0.07780962828094873,0.09335307770916391
-33.5,-0.5,8726,0.017524181731750126,0.046004388770033385,0.07137248349477145,0.04407554059338545
-32.5,-0.5,8727,0.07325395860391964,0.04140953456151678,0.03590509001170049,0.14518064273954526
-31.5,-0.5,8728,0.04337101812582102,0.05506065159242211,0.04181754633301773,0.19706276755553248
-30.5,-0.5,8729,0.04643057609416348,0.11266617266272205,0.048188403469152645,0.04891012274346699
-29.5,-0.5,8730,0.029663727106293614,0.028322626779263557,0.032358714572678096,0.04989089539494552
-28.5,-0.5,8731,0.019826383421180028,0.03651636387398873,0.03898599204414682,0.10176611915473249
-27.5,-0.5,8732,0.015509834060152048,0.06143346464522922,0.04100624553273182,0.11747669555107358
-26.5,-0.5,8733,0.01304420346608166,0.027593376000217437,0.041523520553496625,0.47099337435305455
-25.5,-0.5,8734,0.009758460735589728,0.0267893878389228,0.06636999549107776,0.07061693422143932
-24.5,-0.5,8735,0.013106572630368147,0.027459885618369338,0.03383824510365626,0.061941300583510384
-23.5,-0.5,8736,0.020280738782180428,0.03715265172149203,0.023852386816345734,0.0799249269170519
-22.5,-0.5,8737,0.05158216404537122,0.03857655312035013,0.020284735548630785,0.0831260044638922
-21.5,-0.5,8738,0.016877699176272028,0.032959052296419745,0.0142670188157758,0.07589455091573025
-20.5,-0.5,8739,0.021622984743829395,0.024717220865697196,0.014737623814523851,0.06407967567587386
-19.5,-0.5,8740,0.01529072752229514,0.025071078652311823,0.0123887308441295,0.05663038437662967
-18.5,-0.5,8741,0.014901110740892778,0.03553374261384156,0.014935797359886906,0.07001303043014637
-17.5,-0.5,8742,0.014124579581123665,0.03771447054016428,0.015604944347834835,0.04382528621996962
-16.5,-0.5,8743,0.01536365027754894,0.02439554487421624,0.023764924967184888,0.02072403792289088
-15.5,-0.5,8744,0.019672025764179372,0.05732157622542394,0.025968501010868197,0.029279923301407815
-14.5,-0.5,8745,0.02168116601152238,0.06664575345851283,0.019596066589805887,0.02590371306786772
-13.5,-0.5,8746,0.02950744309324918,0.06169992037461691,0.04213662883880594,0.04350316062035045
-12.5,-0.5,8747,0.024287492613866386,0.043756685471602004,0.030016717815981184,0.044426737475391685
-11.5,-0.5,8748,0.020402574583768165,0.03320171476062481,0.04089500557461004,0.03348368100490932
-10.5,-0.5,8749,0.029164903782843414,0.03936428973018905,0.05796010663837558,0.06580599012188572
-9.5,-0.5,8750,0.025931419944571647,0.036910837557104614,0.04163834394378415,NA
-8.5,-0.5,8751,0.02542879478622279,0.029416963039960945,0.030944445185648817,NA
-7.5,-0.5,8752,0.029880847489733176,0.020523070241165144,0.039091003582144006,NA
-6.5,-0.5,8753,0.032063216900311796,0.024658009338463144,0.017711028825207798,NA
-5.5,-0.5,8754,0.043936903264533804,0.021409036202181098,0.026894363392020115,NA
-4.5,-0.5,8755,0.046974524034240156,0.023473989442342264,0.023409771599243748,NA
-3.5,-0.5,8756,0.03574260179476356,0.03180040015529817,0.022316354805604177,NA
-2.5,-0.5,8757,0.01645256537735513,0.02066961491142139,0.019159872961366096,NA
-1.5,-0.5,8758,0.020863074679689207,0.01927002753757271,0.018423559416002447,NA
-0.5,-0.5,8759,0.04816622322369965,0.02039159740819692,0.017550193280863914,NA
0.5,-0.5,8760,0.019419323959096367,0.018917468259652133,0.017145332955102375,0.026722304066796643
1.5,-0.5,8761,0.014792890721445717,0.0196557228625666,0.017741258400767294,0.023103998002427222
2.5,-0.5,8762,0.020218707604000616,0.02550739536162483,0.024681013476080132,0.024889591000447155
3.5,-0.5,8763,0.020963693314042246,0.039116627198884445,0.027854633029088884,0.027757538179622235
4.5,-0.5,8764,0.019696405751581887,0.02590827635674589,0.02536882634946584,0.026402729812351183
5.5,-0.5,8765,0.020819297247629223,0.025412759123758483,0.023185752860247134,0.025231841624600442
6.5,-0.5,8766,0.01791332602101257,0.02821414053111156,0.022582136260098834,0.02992109225601176
7.5,-0.5,8767,0.02075057535602585,0.027618584825504985,0.017188834850762766,0.024319452153547045
8.5,-0.5,8768,0.0181861327533647,0.027748652312548173,0.017717087126165935,0.02687861639640885
9.5,-0.5,8769,0.019090391568465637,0.02323734231673577,0.022984281724402544,0.025960816264621142
20.5,-0.5,8780,0.03547763712916584,0.07846875951054397,0.02341808884921507,0.0451766564420516
21.5,-0.5,8781,0.01566251345824767,0.020082077640463946,0.01454187733275016,0.020127050488793527
22.5,-0.5,8782,0.016621643637621402,0.021801731556759713,0.014296654203096774,0.01923839027902659
23.5,-0.5,8783,0.015595815695128168,0.02181188375162347,0.014623197309893522,0.019247372314915537
24.5,-0.5,8784,0.013202489883711583,0.020817605067258757,0.018878487882694375,0.01877678731512822
25.5,-0.5,8785,0.014606429612741426,0.020904168481070736,0.016778599160472953,0.018840610762867624
26.5,-0.5,8786,0.014176732232150583,0.019757566474858438,0.011761111957730877,0.015176974223334526
27.5,-0.5,8787,0.014630352903568287,0.02329299781037044,0.011299896240650668,0.015244185965062645
28.5,-0.5,8788,0.012223730096303655,0.019845993021362782,0.012922594406729578,0.01217012639768129
29.5,-0.5,8789,0.01035747356417335,0.017427865515827652,0.01022239760695091,0.010030169371896054
30.5,-0.5,8790,0.008956525071122334,0.013896798140025438,0.008672608485539383,0.008288835997172063
31.5,-0.5,8791,0.008582014712992704,0.015357117632320208,0.00812689283553781,0.007978928943463654
32.5,-0.5,8792,0.008582014712992704,0.013893328596285883,0.00812689283553781,0.007978928943463654
33.5,-0.5,8793,0.020579898559619128,0.013881543841793251,0.006193978801978311,0.008427246321493472
34.5,-0.5,8794,0.01046646126624257,0.013765078217651683,0.007961884969788018,0.007846348404270398
35.5,-0.5,8795,0.011679846954231387,0.015963269490507165,0.007801181272223431,0.010487384066112406
36.5,-0.5,8796,0.012579638561620572,0.014802668076862199,0.007813895628793364,0.009630947736251541
37.5,-0.5,8797,0.013893658826008922,0.01228319869424218,0.007754795442018028,0.009630947736251541
38.5,-0.5,8798,0.016557468520458765,0.011049127398937656,0.007754795442018028,0.010585763779673981
39.5,-0.5,8799,0.01928909583156079,0.011049127398937656,0.007754795442018028,0.010413802906061332
40.5,-0.5,8800,0.03585720454044439,0.011309121302040627,0.007754795442018028,0.010539098971652673
41.5,-0.5,8801,0.021115772916283523,0.012216966413873848,0.008105495753955872,0.01350420813202382
42.5,-0.5,8802,0.017082745151554474,0.010887384966816174,0.008808946225958023,0.017024394821558902
43.5,-0.5,8803,0.017082745151554474,0.011013543886854403,0.009493539240092412,0.014179342874868174
44.5,-0.5,8804,0.015399190746650075,0.010242107627446406,0.010223377798769705,0.01498465996065222
45.5,-0.5,8805,0.017276326009057822,0.010106474840367483,0.010436676397010793,0.016365088736252892
46.5,-0.5,8806,0.017059390506211726,0.010363886557935732,0.011472086234173841,0.01739748074211422
47.5,-0.5,8807,0.020557477196815308,0.010656856688594087,0.019755026531428427,0.012561004335200066
48.5,-0.5,8808,0.019028917835418626,0.011040389972126988,0.01001779028684088,0.011874995701900136
49.5,-0.5,8809,0.018760572355395178,0.008713388548708742,0.009987359265024883,0.014404822318787622
50.5,-0.5,8810,0.020066178403152498,0.007272897395976486,NA,0.010953355420432227
51.5,-0.5,8811,0.01949422490680739,0.006287549319605936,NA,0.013210232222601995
52.5,-0.5,8812,0.01961515035578244,0.006711797552082938,NA,0.01351887567556518
53.5,-0.5,8813,0.01987716020865805,0.012719963072808161,NA,0.013390750270067055
54.5,-0.5,8814,0.021485289337551207,0.007151743638623682,NA,0.011429451693177661
55.5,-0.5,8815,0.016318712918725116,0.0072381176684229226,NA,0.009522094685040871
56.5,-0.5,8816,0.017375645371842753,0.007396837556304384,NA,0.008249656017902656
57.5,-0.5,8817,0.014165594117180502,0.010640883879042558,NA,0.008551702059834751
58.5,-0.5,8818,0.012250061046959493,0.007891455745535712,NA,0.008547319684498107
59.5,-0.5,8819,0.01273517354057828,0.00640367496503221,NA,0.009271360595092697
60.5,-0.5,8820,0.01271734048573852,0.006980782109480819,NA,0.008252267243592988
61.5,-0.5,8821,0.013041572738899694,0.007940808938464581,NA,0.008339124877188854
62.5,-0.5,8822,0.012883187801426818,0.009077274445665707,NA,0.01082267329637674
63.5,-0.5,8823,0.017375370418279135,0.008640728842325274,NA,0.009900133429005057
64.5,-0.5,8824,0.021818503709164952,0.0072880323199355605,NA,0.00935835734276627
65.5,-0.5,8825,0.021006384533189797,0.009290838605751998,NA,0.009257436397009605
66.5,-0.5,8826,0.019468335190406326,0.007812242837591677,NA,0.010138028271330899
67.5,-0.5,8827,0.019595350363473592,0.007705618610350841,NA,0.012266573647820047
68.5,-0.5,8828,0.0178211005913518,0.0076282652113296885,NA,0.013654569185593936
69.5,-0.5,8829,0.017447387858868617,0.008647999033679531,NA,0.012587069795006758
70.5,-0.5,8830,0.017242578040319426,0.00669529606616877,NA,0.01205471096057746
71.5,-0.5,8831,0.017863544463592066,0.009255571115235214,NA,0.014041588838332238
72.5,-0.5,8832,0.015760146293592833,0.008510635256764541,NA,0.010440892651898995
73.5,-0.5,8833,0.017927578165217273,0.010388928364178224,NA,0.011342788331561252
74.5,-0.5,8834,0.018284966614212087,0.014429582499792157,NA,0.011334180442963929
75.5,-0.5,8835,0.016510624372811367,0.015276995092558204,NA,0.01183215646383004
76.5,-0.5,8836,0.013970327872936695,0.014463777442201496,NA,0.011710912198494253
77.5,-0.5,8837,0.009726654217346012,0.010791795388992447,NA,0.009327356898842459
78.5,-0.5,8838,0.014867418460890425,0.01877412238822273,NA,0.00892906414199434
79.5,-0.5,8839,0.010801977902737583,0.010298750493609739,NA,0.010109079043564353
80.5,-0.5,8840,0.011261145823155912,NA,NA,0.011334832070190468
81.5,-0.5,8841,0.011296210968928291,NA,NA,0.011336393807189786
82.5,-0.5,8842,0.017378236191769137,NA,NA,0.017173848394150457
83.5,-0.5,8843,0.01810542210191874,NA,NA,0.0183356987147237
84.5,-0.5,8844,0.01788697207372751,NA,NA,0.018087080808321793
85.5,-0.5,8845,0.019796309352493286,NA,NA,0.018889291342305357
86.5,-0.5,8846,0.01780063070901223,NA,NA,0.018859254086207387
87.5,-0.5,8847,0.017581963840322214,NA,NA,0.027287950897969405
88.5,-0.5,8848,0.018248796294342694,NA,NA,0.009043127774989654
89.5,-0.5,8849,0.0031623413884603606,NA,NA,0.005634442331677277
-119.5,0.5,8877,0.005107413700962703,0.0066262265211685795,NA,0.00485142411760806
-118.5,0.5,8878,0.004408415209287061,0.006386371074102255,NA,0.004770411552209997
-117.5,0.5,8879,0.0048517193459798455,0.007627204549605267,NA,0.0036094080409453696
-116.5,0.5,8880,0.00536062245638163,0.008206665386150863,NA,0.0036804012563547072
-115.5,0.5,8881,0.006613280497280132,0.009111058420801616,NA,0.003704119201675371
-114.5,0.5,8882,0.006427855274076756,0.008351643511564292,NA,0.0033602182340764226
-113.5,0.5,8883,0.005418919148623006,0.009656075711340709,NA,0.0030921352775272423
-112.5,0.5,8884,0.012670367540027757,0.020050487328554308,NA,0.00410453520649351
-111.5,0.5,8885,0.015960806576196043,0.025175250823400375,NA,0.004034928259051783
-110.5,0.5,8886,0.017576664488566884,0.020476094630046245,NA,0.008157345244373304
-109.5,0.5,8887,0.019137501205273636,NA,NA,0.005937056685229028
-108.5,0.5,8888,0.02336343490339593,NA,NA,0.006582622422115236
-107.5,0.5,8889,0.024231030645882765,NA,NA,0.006367852733583442
-106.5,0.5,8890,0.020384088727494382,NA,NA,0.00840707398321248
-105.5,0.5,8891,0.02701767952499843,NA,NA,0.007122728160541815
-104.5,0.5,8892,0.024904854452896728,NA,NA,0.00962343457423161
-103.5,0.5,8893,0.02136682698184325,NA,NA,0.01186348042465176
-102.5,0.5,8894,0.01904632361209877,NA,NA,0.011216443905102085
-101.5,0.5,8895,0.019303992009048365,NA,NA,0.008070349853377604
-100.5,0.5,8896,0.015205322616677314,NA,NA,0.007759410383196048
-99.5,0.5,8897,0.009235663532783671,0.009189922217488298,0.004529151147201928,0.00545155494985879
-98.5,0.5,8898,0.01180923729503128,0.011188204316017468,0.0032752408306859415,0.004777923829294762
-97.5,0.5,8899,0.014993064843393024,0.01001657228158787,0.0045872524159607875,0.005212283476162481
-96.5,0.5,8900,0.012867785776818734,0.008229981041983627,0.004117112445692775,0.004964129360622608
-95.5,0.5,8901,0.014211604842007971,0.008269307121912145,0.004120057573464916,0.00471747040266758
-94.5,0.5,8902,0.009690487120220206,0.012045057749330287,0.004097700150864893,0.004673491160584452
-93.5,0.5,8903,0.009405333286492403,0.007947787850819711,0.004582692617395068,0.004707125815109154
-92.5,0.5,8904,0.007143335250384643,0.008135505628681709,0.005358025853085432,0.009583292342845818
-91.5,0.5,8905,0.009005431080813708,0.008012327152772402,0.004804175204605347,0.004743703397012743
-90.5,0.5,8906,0.0073603660042135,0.012141828365321338,0.006688005753892173,0.008299599554107574
-89.5,0.5,8907,0.015919383897401353,NA,0.020753377656889237,0.020770274196130565
-88.5,0.5,8908,0.022247226103973262,NA,0.02308876427232629,0.021348812128017883
-87.5,0.5,8909,0.015262283256778275,NA,0.018576687369909018,0.017757456247360352
-86.5,0.5,8910,0.014043594442820455,NA,0.021798275995508987,0.022383185888937243
-85.5,0.5,8911,0.012163830061546393,NA,0.02591899332912492,0.03457729467851579
-84.5,0.5,8912,0.010498444972699411,NA,0.01384519168361678,0.029613156101478653
-83.5,0.5,8913,0.014735545621313876,NA,0.033069070378028594,0.052942739014209206
-82.5,0.5,8914,0.015202835492651234,NA,0.023121879060946926,0.025116265101652158
-81.5,0.5,8915,0.02058016682791163,NA,0.011823495303394906,0.0144959952135307
-76.5,0.5,8916,0.001611587965216285,0.017515341945111857,0.002257609170317412,0.004122697307916564
-75.5,0.5,8917,0.0023792154473117207,0.003011677649646087,0.002084814563918236,0.0026524925462576
-74.5,0.5,8918,0.010748214007406342,0.0070776907052139725,0.008331848638143836,0.004901741155099061
-73.5,0.5,8919,0.011958888807418239,0.007473817266847665,0.00465009827361808,0.0038895148029889333
-72.5,0.5,8920,0.01195594965903842,0.027102966289161347,0.014434609308015198,0.007539832656150244
-71.5,0.5,8921,0.0032356136617215005,0.012919933900968456,0.0047103650565016005,0.004803193923817287
-61.5,0.5,8922,0.14007634515412495,NA,0.045778502907436965,0.10728818752189224
-60.5,0.5,8923,0.17223954889387824,NA,0.04920408520952066,0.12563901527243868
-55.5,0.5,8924,0.07309153561202014,0.06326788263648861,0.04446537488083581,0.1459922807879242
-54.5,0.5,8925,0.30111670688541703,0.4902353262893936,0.0901104489692183,0.45256606517847436
-53.5,0.5,8926,0.10988343447486519,0.14705937598092222,0.059348824026191925,0.2757223847747713
-52.5,0.5,8927,0.04431728176009195,0.3117876105636677,0.006048920045721717,0.5080403019494437
-49.5,0.5,8928,0.051953308668425326,0.04745570252625147,0.20289047943221036,0.11762905236117836
-48.5,0.5,8929,0.06720424502409825,0.15033652461096633,0.21418140329270183,0.23607324469592358
-47.5,0.5,8930,0.10067495968949136,0.2877205131753804,0.2884457570453031,0.24526275868964512
-46.5,0.5,8931,0.13665203117119437,0.20184067864896513,0.22361429191868376,0.3544130496205157
-45.5,0.5,8932,0.07092941760373589,0.12107230245384852,0.14119694265193328,0.3626059288033354
-44.5,0.5,8933,0.060821151812855086,0.0776786118182747,0.21597741497868833,0.16587517044618175
-43.5,0.5,8934,0.046513820902156874,0.044511912404601256,0.12820663370110752,0.0660261854063372
-42.5,0.5,8935,0.054307050285969306,0.05184613187001939,0.10097481515200545,0.07790685808978327
-41.5,0.5,8936,0.05855388903661867,0.05915711422981935,0.15918669371328217,0.09219124718469164
-40.5,0.5,8937,0.053917952151525735,0.1806764530110002,0.11206727159403769,0.03538868837827082
-39.5,0.5,8938,0.012045111107524835,0.02484320176231323,0.05975721098829848,0.045591280964524035
-38.5,0.5,8939,0.011493722068959928,0.021419543330222394,0.05154952651756416,0.04274214651873843
-37.5,0.5,8940,0.01692641196931949,0.1000360939650829,0.04690954381831682,0.059354318825364856
-36.5,0.5,8941,0.0089278458515277,0.040969464771082945,0.03185418544079376,0.14973960577777204
-35.5,0.5,8942,0.009859679002543687,0.04568417828499881,0.021424426067784767,0.15412487455971732
-34.5,0.5,8943,0.007986719303400181,0.03337154137850692,0.018355513080796176,0.06477683146477768
-33.5,0.5,8944,0.009687339955471339,0.04317899423186535,0.021610088612381055,0.12434065351025383
-32.5,0.5,8945,0.061700751800660314,0.03776526424912234,0.024088675517699294,0.0905206582698589
-31.5,0.5,8946,0.053273983364287306,0.045644836298956215,0.02943933317665209,0.1925296201594235
-30.5,0.5,8947,0.008574113127347993,0.05036784012218853,0.05629654460819594,0.034630498177560115
-29.5,0.5,8948,0.00773522286050431,0.011426221392287259,0.047833263889450243,0.025424794274172262
-28.5,0.5,8949,0.0094377075880839,0.010807780894158209,0.038878033547651014,0.023105609891228392
-27.5,0.5,8950,0.014316252442224882,0.027403520668486468,0.061720656156762824,0.035355078593289915
-26.5,0.5,8951,0.014575116173333695,0.031941827905406624,0.04377382616673315,0.037038437030695114
-25.5,0.5,8952,0.020251119822852496,0.032872313523210094,0.048418727874806264,0.05119481645883363
-24.5,0.5,8953,0.05144198611808783,0.05120839908261246,0.08359229889891132,0.07464432180662282
-23.5,0.5,8954,0.05141519358972553,0.054706306462573136,0.0286799568522495,0.0767052728074955
-22.5,0.5,8955,0.028617209283020528,0.046881178448051126,0.03152295701297029,0.07786621630682176
-21.5,0.5,8956,0.03108439055868333,0.01927318580528046,0.018364480624220452,0.05829744283452827
-20.5,0.5,8957,0.016105859084036677,0.027216322552824013,0.023469543841553663,0.05635789574655138
-19.5,0.5,8958,0.01621480540702247,0.02196577277156808,0.023114683993740413,0.07639387325065382
-18.5,0.5,8959,0.013696112202931609,0.04103521055545213,0.020648500870088946,0.07215297740215125
-17.5,0.5,8960,0.01589792769064861,0.027941968985633496,0.027644179715496486,0.04383361066301551
-16.5,0.5,8961,0.020527352356730737,0.027839229324366013,0.019786425997916152,0.03769113148366437
-15.5,0.5,8962,0.022519598633982917,0.029306924179919307,0.02793198431469449,0.03564671835456303
-14.5,0.5,8963,0.01925105414153149,0.024101667177302926,0.026461459516728788,0.03383214399303546
-13.5,0.5,8964,0.025338306309244007,0.049704927307621584,0.0314607599559,0.04739672650322139
-12.5,0.5,8965,0.032464389401253305,0.055602774925132596,0.036923874315593776,0.046010814269901945
-11.5,0.5,8966,0.023676567095907115,0.053782783293840154,0.03156428078357935,0.04540914053992267
-10.5,0.5,8967,0.025391337796444476,0.033707522636041515,0.03403145142357584,0.04014351840884206
-9.5,0.5,8968,0.027024795674551984,0.02950605780800103,0.03429797743123494,0.046041055445576747
-8.5,0.5,8969,0.03070404495479878,0.040441940157106525,0.039042851038211784,0.07789438561493761
-7.5,0.5,8970,0.04279671952117024,0.052575588041942733,0.045799944535183545,0.1191160723660679
-6.5,0.5,8971,0.033996112258387445,0.03749703719980069,0.04233211564815646,0.07362954587911488
-5.5,0.5,8972,0.034750862840454665,0.03920624444664676,0.052052320260537695,0.07869122276175304
-4.5,0.5,8973,0.050205200632450465,0.03296586299696592,0.03885467877233478,0.06095974124966234
-3.5,0.5,8974,0.040471598726840384,0.03144994619743247,0.02844444355766313,0.04373483067800938
-2.5,0.5,8975,0.037587760484017824,0.031762581880765806,0.045279698298996966,0.052239403310098756
-1.5,0.5,8976,0.03751589654292965,0.03142961840707659,0.028642807242222863,0.04575915323457569
-0.5,0.5,8977,0.04406130911565352,0.028983664330419295,0.029589479724816643,0.04179576796255136
0.5,0.5,8978,0.021333353874462082,0.030253462067066954,0.05160505425218704,0.03727329430031415
1.5,0.5,8979,0.024399520459748275,0.030729199815027145,0.05672870735059288,0.03703571991173476
2.5,0.5,8980,0.03039018404810862,0.04945899475904421,0.06807726494912035,0.04570117744048045
3.5,0.5,8981,0.03215938988513468,0.04922121395141779,0.06799298481045553,0.04598209429132373
4.5,0.5,8982,0.031126860867438166,0.048852031739631326,0.06912602853115642,0.05748614017126946
5.5,0.5,8983,0.021929921674750975,0.031297964581588865,0.03890151067239511,0.03783938877224723
6.5,0.5,8984,0.024553916055256943,0.030577191798738017,0.03768345102032045,0.06821627034727175
7.5,0.5,8985,0.019461994358015478,0.03029859185510942,0.026280535387851446,0.03115603731900425
8.5,0.5,8986,0.023463701220338258,0.030607695304896678,0.03386940301619884,0.06354752012947812
9.5,0.5,8987,0.02364344597783857,0.03438381085165781,0.0338338297027406,0.03314701014191456
10.5,0.5,8988,0.022646673253942526,0.035155673888755706,0.03373351792348727,0.029473582697274726
11.5,0.5,8989,0.021801351783632506,0.03514641653489656,0.034262636616770537,0.029937953472667755
12.5,0.5,8990,0.021024753619046693,0.029210497799104923,0.02470947884102075,0.03221726977411791
13.5,0.5,8991,0.015653940342695568,0.02138272765410615,0.016252556468995084,0.021032139424922575
14.5,0.5,8992,0.021197128204661554,0.027579095710301958,0.022471714138815532,0.031279456858638685
15.5,0.5,8993,0.0220599553412962,0.0247572004952862,0.022873151719797154,0.030232895374552635
16.5,0.5,8994,0.018296547232895866,0.027800566315032815,0.02284290759719827,0.030652830293518875
17.5,0.5,8995,0.020339359595937644,0.029871092707714632,0.024988917450480774,0.026230974551319106
18.5,0.5,8996,0.020362501069790925,0.029916510454380676,0.02398410776645673,0.02693683718167629
19.5,0.5,8997,0.021601370841391198,0.03619182580232083,0.026630063121357947,0.03317975953581721
20.5,0.5,8998,0.018851034716620377,0.03619182580232083,0.021656119247135192,0.03398891132162923
21.5,0.5,8999,0.01512830638734312,0.030581841775220532,0.025010548843198033,0.024560386428445248
22.5,0.5,9000,0.038520654358904775,0.032974728151938956,0.028455414624176605,0.028739288189891167
23.5,0.5,9001,0.020026801509992077,0.02647843198242267,0.02788850900617349,0.02906861057071573
24.5,0.5,9002,0.023270911395591485,0.026562337894805922,0.02767596617593862,0.0331326111471998
25.5,0.5,9003,0.023388330468463264,0.02757129297675626,0.035801896884380416,0.0330071645412699
26.5,0.5,9004,0.021261779639605096,0.025306452715060858,0.02092657393058611,0.029310504647419505
27.5,0.5,9005,0.024719879471556766,0.026427082694678836,0.020831156713230943,0.039028077393697076
28.5,0.5,9006,0.017686869551747097,0.02217129470803401,0.03399863955454532,0.0324310858641309
29.5,0.5,9007,0.015126747217695942,0.015986637847136612,0.01354181013882812,0.017518363744849823
30.5,0.5,9008,0.014629340999054961,0.014583231217893752,0.011708104843867001,0.015028304107962052
31.5,0.5,9009,0.016239981723270066,0.01602430952279749,0.011708104843867001,0.015073860792568325
32.5,0.5,9010,0.01810395525293241,0.015169890892525354,0.01138199750971972,0.014802944954326535
33.5,0.5,9011,0.01854972715923676,0.016675985080783218,0.011088495820408717,0.015942548713131693
34.5,0.5,9012,0.01981349562962628,0.016675985080783218,0.011931808937386709,0.027869493148096693
35.5,0.5,9013,0.024032756908370263,0.022239333371403946,0.012235464920814246,0.01766809355636799
36.5,0.5,9014,0.027365403108039622,0.015079435217377781,0.009932361241857176,0.017337578145106662
37.5,0.5,9015,0.09462711922826489,0.02801389235953469,0.01287295782007068,0.017412281843483375
38.5,0.5,9016,0.03283726022225758,0.01804920087416048,0.01813741440501713,0.024161781417504597
39.5,0.5,9017,0.027102364605726913,0.017806604648839628,0.01636213963027349,0.0256128957618198
40.5,0.5,9018,0.028085535267152094,0.01876075046980959,0.016873071084326407,0.02753985727370163
41.5,0.5,9019,0.0253145815540296,0.019862708204598296,0.01779267806720938,0.030619470238547303
42.5,0.5,9020,0.02565940196509754,0.019722924277524916,0.01870686944607883,0.034338717620053125
43.5,0.5,9021,0.025984628442990987,0.022123200519116232,0.033157975067964134,0.03601769015734829
44.5,0.5,9022,0.027697365062169736,0.021428595080121262,0.03570247156196861,0.055798843581497407
45.5,0.5,9023,0.03027178117417875,0.020557357567900742,0.025938553262154995,0.02911549746735427
46.5,0.5,9024,0.029334806584824503,0.026722080636952358,0.02658786974050548,0.028945748555686865
47.5,0.5,9025,0.03046608157323989,0.02470236700582065,0.023633754525721633,0.029103937036577165
48.5,0.5,9026,0.02670353341560966,0.02091575144670597,0.02203885801513026,0.02966007754113058
49.5,0.5,9027,0.030568934301283178,0.020511366732143075,0.022084316749765007,0.02722951054848821
50.5,0.5,9028,0.03101836349270953,0.016472582982610107,0.02220280110082754,0.03009685790288896
51.5,0.5,9029,0.03168478816341403,0.016086653431519906,0.022488293311084102,0.02992263192149754
52.5,0.5,9030,0.04547216327519987,0.015171919941150962,0.01810508818814641,0.029915859926707648
53.5,0.5,9031,0.03378449071946158,0.013001102983155802,0.018827999584253206,0.027546857801671248
54.5,0.5,9032,0.027030428472969208,0.014175849020638141,0.01860220218996628,0.023288035342680764
55.5,0.5,9033,0.022707961288977972,0.014616671714455477,0.018016378681592605,0.02055731515328554
56.5,0.5,9034,0.025758674139913992,0.01365810817820435,0.015121028238841368,0.028933156379934665
57.5,0.5,9035,0.026854042163385532,0.01516567105360654,0.015458395889537723,0.02818093682884081
58.5,0.5,9036,0.02936217076820605,0.019742641826752946,0.01333903117203679,0.024761307770208952
59.5,0.5,9037,0.03024595273705427,0.025509578961916385,0.01331644405328402,0.025801190008012537
60.5,0.5,9038,0.025488066348132287,0.01969573823248531,0.013111452887744334,0.029564999306876862
61.5,0.5,9039,0.024547558592685988,0.017200086404078455,0.012909946473437418,0.024446976844102675
62.5,0.5,9040,0.020178523151680464,0.015703146430124423,0.013342063931074379,0.021594155125710234
63.5,0.5,9041,0.02784617325065843,0.015703146430124423,0.01796353780274439,0.021594155125710234
64.5,0.5,9042,0.027124853549975746,0.015703146430124423,0.011919428960309002,0.025621507748247487
65.5,0.5,9043,0.03679202105096272,0.02253848901367156,0.010728361904212532,0.016698549858330948
66.5,0.5,9044,0.032533578124134675,0.02528021355345832,0.010304509113135593,0.015963008902987505
67.5,0.5,9045,0.027678923631741275,0.023759815605939198,0.011549235271952552,0.014269806917211128
68.5,0.5,9046,0.0270738373875077,0.024100530131416838,0.013007701125815486,0.01508997046809837
69.5,0.5,9047,0.027247683074563833,0.026782160049693728,0.011578658833834075,0.019197792754269766
70.5,0.5,9048,0.025237719293718038,0.026886071414374185,0.012951171170371065,0.016873943161477663
71.5,0.5,9049,0.03024479567121815,0.03381602912721382,0.024357915767740636,0.02176691033820635
72.5,0.5,9050,0.019753804468392814,0.027224483652009974,0.020639394814531795,0.015039747607087355
73.5,0.5,9051,0.026245826710447076,0.03710961985465459,0.02564538344691857,0.019792343247477747
74.5,0.5,9052,0.02632398635527445,0.03628940342387786,0.02660200806949418,0.022708716207367186
75.5,0.5,9053,0.02975319508718008,0.04141209223870221,0.0261805365998334,0.025564173569674387
76.5,0.5,9054,0.023185707355898637,0.03623141406818694,0.02272073172232572,0.027881380410320282
77.5,0.5,9055,0.018927310785357993,0.029130216143873112,0.018259864458858632,0.02270888248660852
78.5,0.5,9056,0.021040277066677836,0.029365532163218862,0.012263666017234755,0.022679868138340758
79.5,0.5,9057,0.028398448960965997,0.050769024215913366,0.018971948223559677,0.025488329595428696
80.5,0.5,9058,0.027947679861134826,NA,0.02114387011127321,0.019514083973532534
81.5,0.5,9059,0.02287073376720174,NA,0.02643422031876051,0.018845513494912126
82.5,0.5,9060,0.02961001752711738,NA,0.03129468997445718,0.023169096515835038
83.5,0.5,9061,0.02763224676263686,NA,0.0313799297462876,0.023964277643701973
84.5,0.5,9062,0.027398545127308684,NA,0.04551379011784672,0.027340973847888708
85.5,0.5,9063,0.03232698347836951,NA,0.026566493130552215,0.031377954161376696
86.5,0.5,9064,0.03689269573437802,NA,0.027452967177736917,0.03148963798651575
87.5,0.5,9065,0.052731578773877824,NA,0.06630675840544191,0.05722153915661904
88.5,0.5,9066,0.03552211159483987,NA,0.10075295582226058,0.048616081269469404
89.5,0.5,9067,0.029131687512171794,NA,0.059147978753075814,0.03368750986964834
90.5,0.5,9068,0.02606345698324287,NA,NA,0.04493630607135496
91.5,0.5,9069,0.022061947849435982,NA,NA,0.029867465671355595
92.5,0.5,9070,0.024185209101516378,NA,NA,0.03700737901056255
93.5,0.5,9071,0.02755221848323343,NA,NA,0.04065412611407795
94.5,0.5,9072,0.025483394110348324,NA,NA,0.03444067496563711
95.5,0.5,9073,0.028503922483138672,NA,NA,0.030934556063171772
96.5,0.5,9074,0.0321898530919422,NA,NA,0.05399061516837972
97.5,0.5,9075,0.03481619411487138,NA,NA,0.05424807272485329
98.5,0.5,9076,0.18096093816302192,NA,NA,0.3599855341083978
99.5,0.5,9077,0.18520840780578263,NA,NA,0.407927276439732
-119.5,1.5,9094,0.004112315191830111,0.006745081785677366,NA,0.00506186048215667
-118.5,1.5,9095,0.004950389758511072,0.009900248447937519,NA,0.007057343747995774
-117.5,1.5,9096,0.004097031037115747,0.00959777850328051,NA,0.005497439796812129
-116.5,1.5,9097,0.0051899290731460355,0.01126659136788685,NA,0.006091714995713928
-115.5,1.5,9098,0.005089571365681383,0.015131225756720108,NA,0.0048043537584826265
-114.5,1.5,9099,0.004702728641617417,0.01722791659654496,NA,0.004170095219415866
-113.5,1.5,9100,0.005260441853910884,0.018588502907619122,NA,0.0039059548445091086
-112.5,1.5,9101,0.009730972887864982,0.049386941210918994,NA,0.006574727227547715
-111.5,1.5,9102,0.012452746841436043,0.0464002790478986,NA,0.010586104795033672
-110.5,1.5,9103,0.015611274534152737,0.043148962047316705,NA,0.007769971283768488
-109.5,1.5,9104,0.01642308005954925,NA,NA,0.007569849200492913
-108.5,1.5,9105,0.01727602425933175,NA,NA,0.007618654932792668
-107.5,1.5,9106,0.020078911910498706,NA,NA,0.007733475250069824
-106.5,1.5,9107,0.021642746212970472,NA,NA,0.0048837961856127605
-105.5,1.5,9108,0.031057702815895014,NA,NA,0.00710133201638167
-104.5,1.5,9109,0.016932957564824793,NA,NA,0.00426646761531834
-103.5,1.5,9110,0.02066679691756428,NA,NA,0.004473625639609327
-102.5,1.5,9111,0.01651619292225022,NA,NA,0.006130546507707487
-101.5,1.5,9112,0.015419567408169726,NA,NA,0.008425911846408096
-100.5,1.5,9113,0.017352440290986825,NA,NA,0.009123106790750514
-99.5,1.5,9114,0.017389898410428834,0.016939563562983685,0.023342444126194458,0.014213964651671747
-98.5,1.5,9115,0.022327720352376807,0.0169392884121417,0.017620543008074824,0.013497348892189932
-97.5,1.5,9116,0.05412576859521858,0.017005458985836823,0.019349950499909792,0.014419863882151093
-96.5,1.5,9117,0.024531521143786417,0.014192943309603245,0.0104687719947141,0.012262040976832122
-95.5,1.5,9118,0.014753462378089973,0.010997746020739503,0.0078065053501488926,0.006463087051733278
-94.5,1.5,9119,0.013147751651631841,0.010138308865302047,0.008023114292741926,0.006334947203821613
-93.5,1.5,9120,0.008930139697187957,0.007459921448448542,0.005253045274689406,0.00558927366138027
-92.5,1.5,9121,0.007861891684124768,0.007390892810200506,0.009289361632220352,0.006669730716112225
-91.5,1.5,9122,0.009490863400926978,0.009681353246283825,0.00935167989755085,0.00798097142926631
-90.5,1.5,9123,0.008636044243402951,0.014181977420746873,0.009171888131047527,0.014955426655836036
-89.5,1.5,9124,0.01584254244038765,NA,0.011936448155848762,0.03444605673570418
-88.5,1.5,9125,0.024145903416901923,NA,0.01885930386082031,0.03334270809205808
-87.5,1.5,9126,0.0139045643735682,NA,0.033221294587637576,0.02557484062101823
-86.5,1.5,9127,0.015986056333838213,NA,0.028958972097639226,0.033292389231525436
-85.5,1.5,9128,0.014314558470024252,NA,0.032313309475255986,0.08384223793843598
-84.5,1.5,9129,0.02049424807380183,NA,0.04114864539077617,0.060259636861334155
-83.5,1.5,9130,0.032691879196316144,NA,0.05948011410884521,0.05774333723715254
-82.5,1.5,9131,0.004140242701484396,NA,0.0035927129821991736,0.007685752055102934
-81.5,1.5,9132,0.01076894710698596,NA,0.004839188616513783,0.009074879481911201
-77.5,1.5,9133,0.0013246672460518613,0.036654014213489676,0.0016854312106947189,0.0031339320286122223
-75.5,1.5,9134,0.005465833409376564,0.014221545474867743,0.002630550496606652,0.006006174791877981
-74.5,1.5,9135,0.009233989260083496,0.012311818331900832,0.010219470614216275,0.006696326602637015
-73.5,1.5,9136,0.010757430773169374,0.011040120994733978,0.010093083890119793,0.004129335899296201
-72.5,1.5,9137,0.009103935878602578,0.014250389515646607,0.019318655969884586,0.009546370623148283
-71.5,1.5,9138,0.0033538618618377063,0.007059792253079067,0.006392360711905497,0.004018310418235207
-61.5,1.5,9139,0.017926087608306655,NA,0.015072079057948615,0.025857572147849305
-60.5,1.5,9140,0.12309024340079043,NA,0.04167296068969075,0.11191422537927051
-59.5,1.5,9141,0.11221897948215266,0.05899763156713384,0.03572792112970121,0.13342576449807167
-58.5,1.5,9142,0.06753476057464923,0.07540693468391162,0.03278392145285088,0.09812334113489844
-57.5,1.5,9143,0.16131439125167896,0.05975270157898329,0.0582480171092333,0.3472560767621491
-56.5,1.5,9144,0.12028508603175059,0.04565366660491975,0.07691845122363455,0.1274479466225269
-55.5,1.5,9145,0.09021980460497252,0.021444306404935973,0.06652128789451497,0.037411570235179784
-54.5,1.5,9146,0.03561195618813083,0.09882082780089117,0.04630779033570613,0.10180947577786961
-53.5,1.5,9147,0.08314894671383341,0.1412727197115536,0.08944710513644305,0.17775021435962746
-52.5,1.5,9148,0.1990856092927316,0.6587010620361824,0.06374264033316301,0.6300481532295878
-50.5,1.5,9149,0.12621309214621637,0.07789832116606994,0.04326672800053995,0.16843970194502023
-49.5,1.5,9150,0.11409079777284974,0.07303556577649961,0.1506106076198973,0.08419255498187028
-48.5,1.5,9151,0.09956776993607525,0.0994745414644698,0.14710376147851603,0.11341349419993255
-47.5,1.5,9152,0.08517271344338562,0.08412648386627548,0.17088961092338836,0.26588051961694253
-46.5,1.5,9153,0.08046077032831017,0.10868750669971716,0.18872025686541974,0.23975937910328593
-45.5,1.5,9154,0.06394266860638895,0.07016045390464269,0.16532328474831798,0.31740540516415444
-44.5,1.5,9155,0.044884829641345915,0.04585842614689436,0.029874474385357633,0.09011632275287068
-43.5,1.5,9156,0.03543837321663919,0.03633999843706745,0.028286021729162728,0.032726268460112715
-42.5,1.5,9157,0.03886400344328594,0.05926043484891826,0.05621004403323314,0.06991737537415736
-41.5,1.5,9158,0.03359551976984089,0.039388955090316397,0.0537957468122283,0.05165181264837259
-40.5,1.5,9159,0.035240277997553526,0.02949767944177721,0.050669274724302195,0.05186412576286275
-39.5,1.5,9160,0.01828444292884376,0.020097830792537894,0.039563682345850046,0.0497719703649376
-38.5,1.5,9161,0.011682471588326295,0.0442034226471743,0.06456453904443962,0.05369952106725293
-37.5,1.5,9162,0.028969590890989435,0.04515872139400205,0.16837130818137566,0.5270362991392854
-36.5,1.5,9163,0.01862835412762959,0.04869105169240095,0.043278510177327374,0.21081335282819516
-35.5,1.5,9164,0.024948232721715063,0.04528687134552123,0.043821041884235065,0.09388589987851054
-34.5,1.5,9165,0.018272343228171197,0.045698150015374375,0.0493393020449904,0.13890268021815805
-33.5,1.5,9166,0.02108649866098136,0.05571149530440674,0.08615122795802958,0.11756436282586821
-32.5,1.5,9167,0.012557759848410434,0.019665175551696765,0.015023181379648212,0.10115405187534714
-31.5,1.5,9168,0.01474450357001418,0.02115447198657004,0.011557359456624144,0.17548882233088672
-30.5,1.5,9169,0.018092860583877466,0.02743301628524501,0.012307446706047737,0.0452987170931687
-29.5,1.5,9170,0.01985813112994809,0.009885165738945828,0.016446682352751384,0.029954652945105166
-28.5,1.5,9171,0.02273592752671665,0.015005151821808045,0.017716626074234347,0.045106069322047374
-27.5,1.5,9172,0.01864269148697076,0.013719157726087554,0.03437636103824693,0.039864801832003895
-26.5,1.5,9173,0.03008022933664841,0.022415059993904574,0.02533875396912798,0.03850964490849869
-25.5,1.5,9174,0.052119315560220036,0.025742729366554765,0.020377589527880866,0.07893413168887528
-24.5,1.5,9175,0.02223894123186364,0.03445251915668487,0.027871327490704624,0.11455123548244248
-23.5,1.5,9176,0.01823229857270954,0.021686300952469567,0.033457103752799804,0.07586508285183291
-22.5,1.5,9177,0.019592344689247254,0.02950106539678981,0.022421156060172046,0.045107731544967215
-21.5,1.5,9178,0.014695038680597143,0.01743744482912794,0.016301724618606208,0.0395028030240606
-20.5,1.5,9179,0.030943716706939458,0.03052845114861761,0.02156855547422142,0.05822135041417512
-19.5,1.5,9180,0.018306936821483377,0.02029235120193013,0.018266838195410195,0.037311340093268926
-18.5,1.5,9181,0.016698913227045826,0.020812876444257715,0.029139425423556308,0.057396747331666886
-17.5,1.5,9182,0.015718985860371206,0.024287004644359924,0.01978354426317584,0.033246193315165914
-16.5,1.5,9183,0.015336979612541905,0.024649309142583745,0.015755709246230407,0.03249160152412692
-15.5,1.5,9184,0.015318900081464987,0.02504368410414553,0.020057440743575922,0.03143475803622737
-14.5,1.5,9185,0.025510485423321325,0.027131016725986067,0.021641497804137003,0.025790211805984065
-13.5,1.5,9186,0.03541584889841066,0.03995595323170254,0.028043730337678315,0.024288783313569887
-12.5,1.5,9187,0.019211158426880707,0.03005727941678843,0.02794492810499915,0.02645582582218058
-11.5,1.5,9188,0.02015858782887816,0.030654228106545448,0.021254280889825207,0.029824782315036307
-10.5,1.5,9189,0.01755340392663713,0.027307415561704233,0.027059292889097628,0.030004552139257464
-9.5,1.5,9190,0.021203374943835427,0.02676115047680501,0.03197680278021049,0.03621477377955069
-8.5,1.5,9191,0.023410596768340317,0.05849391997268546,0.03038246195595137,0.0584786429123617
-7.5,1.5,9192,0.03733908966174394,0.07513397648333765,0.05437338050943097,0.0921924260669231
-6.5,1.5,9193,0.051904623944795496,0.1149761882060918,0.07395961932783805,0.1290612714599088
-5.5,1.5,9194,0.033649120105382666,0.06622898703313636,0.03982834372787056,0.08732697014912572
-4.5,1.5,9195,0.024935926010771343,0.07973600905485884,0.03899825844321249,0.06464922569904755
-3.5,1.5,9196,0.02614951522570392,0.06180096208794084,0.05524098560332745,0.05296808724302713
-2.5,1.5,9197,0.02287903594849637,0.04719815505696182,0.05094880976837363,0.05354655589302918
-1.5,1.5,9198,0.028061028630838876,0.04311976160394427,0.04358052102822289,0.045378794481818134
-0.5,1.5,9199,0.0637756494120386,0.0814660508767851,0.03991711760977915,0.04922425758420735
0.5,1.5,9200,0.052231742640791536,0.05306860747656562,0.036587628555552,0.05115744183872131
1.5,1.5,9201,0.05477767676533977,0.05503366050672924,0.03598212651008077,0.06345462483444862
2.5,1.5,9202,0.05128710386923526,0.06541133253098924,0.035777228149807855,0.07072506855659233
3.5,1.5,9203,0.054254041658648534,0.08018421308554624,0.06068071141929878,0.08875270019268669
4.5,1.5,9204,0.03784484455212099,0.054950649456514816,0.05002571189485508,0.08046848811183731
5.5,1.5,9205,0.034572846955419796,0.06100384447812714,0.04995532923171438,0.06549743120984389
6.5,1.5,9206,0.033011575472429104,0.039966280860901995,0.0524046422234334,0.05921032429206803
7.5,1.5,9207,0.03292490188927575,0.043624730098760396,0.034626192358285755,0.053891726821281
8.5,1.5,9208,0.02774379525259425,0.04469524501870852,0.03584665742220988,0.06579567462095318
9.5,1.5,9209,0.027492736221568555,0.04461456351584431,0.03631471145791475,0.0506068994636117
10.5,1.5,9210,0.025802327634312415,0.0418464650684309,0.04005607660096667,0.050084141190866516
11.5,1.5,9211,0.02277234157048173,0.034961261122341714,0.052793390220138986,0.03905307905154055
12.5,1.5,9212,0.0189047808789415,0.02899828908387378,0.031125147044048344,0.03233023643771137
13.5,1.5,9213,0.0167460145134492,0.06498343305783853,0.02820527348300867,0.03268552063569459
14.5,1.5,9214,0.026945789779849152,0.04444580940527856,0.03805262377621797,0.050016293521472584
15.5,1.5,9215,0.03236162579210353,0.04159498783457811,0.03884407209370072,0.0545617869477062
16.5,1.5,9216,0.033585003649940166,0.041978202386573196,0.04191308462533468,0.05355815682169161
17.5,1.5,9217,0.03285153294185995,0.04205012711863156,0.03882737493858759,0.06208990493482666
18.5,1.5,9218,0.05056762320572521,0.048726583739775106,0.032010742232124106,0.05396945401560425
19.5,1.5,9219,0.037280837321780766,0.04914047946225645,0.032168407837617014,0.05565505859200786
20.5,1.5,9220,0.03267489712939884,0.05804901775212412,0.033731738607248395,0.056316732459032154
21.5,1.5,9221,0.053720413241621676,0.15582100173651095,0.0831712223633384,0.11939461269403154
22.5,1.5,9222,0.051303815644057074,0.1595291917008853,0.05995134034393843,0.09080410848142893
23.5,1.5,9223,0.07128583077504842,0.12354140363467439,0.04526242160893212,0.06991729940570068
24.5,1.5,9224,0.042346293423135305,0.07190563774363509,0.03854188053153176,0.04523097782332844
25.5,1.5,9225,0.05075617806406144,0.07145865099283777,0.030192031828152704,0.04860946728646442
26.5,1.5,9226,0.03912854824328771,0.0620498304731351,0.02586117321365745,0.03877620563186501
27.5,1.5,9227,0.044783636010530516,0.08562623519989879,0.02572296722646547,0.039039071520569055
28.5,1.5,9228,0.03826142106585806,0.04279293450609099,0.021346952742252505,0.03273880394107715
29.5,1.5,9229,0.018974454564706218,0.023566809435907898,0.017154521673658458,0.019255357837924814
30.5,1.5,9230,0.020051468397527143,0.02115634813209543,0.011668335519865129,0.017284830051089526
31.5,1.5,9231,0.020111941342642967,0.02342625847500451,0.013161488326272935,0.017284830051089526
32.5,1.5,9232,0.020583184346691312,0.022555420352836107,0.013166439162780576,0.017877686867063813
33.5,1.5,9233,0.01856412922989043,0.022385564941030597,0.01655753084946195,0.01896070158473072
34.5,1.5,9234,0.018848134624986943,0.022076803546327368,0.01794973385296864,0.018799803942983813
35.5,1.5,9235,0.018901627978572352,0.025050686955880048,0.016561684025655683,0.019033053404915963
36.5,1.5,9236,0.018901627978572352,0.022223510956559507,0.016691564537784014,0.019033053404915963
37.5,1.5,9237,0.01890162797857235,0.020648952985447843,0.013886082574866133,0.019205789596636973
38.5,1.5,9238,0.02107831180548765,0.020366515551418843,0.016504095982799297,0.018919941993826486
39.5,1.5,9239,0.021011788543723986,0.02236424965279352,0.017046261074362492,0.01900538209502076
40.5,1.5,9240,0.032292053484937085,0.02013800288678878,0.018132241195595273,0.01900538209502076
41.5,1.5,9241,0.03548314587854249,0.02236424965279352,0.01827330283833588,0.020518591128886245
42.5,1.5,9242,0.03426484498972643,0.022244883527260745,0.018196759469576638,0.021213838327803883
43.5,1.5,9243,0.0396922363199302,0.019913853973047128,0.018358106888298895,0.022612198375995676
44.5,1.5,9244,0.0396922363199302,0.02325997442865698,0.019664463289536947,0.020937455843128172
45.5,1.5,9245,0.07428131366021719,0.04943631560131968,0.01908809616894093,0.020937455843128172
46.5,1.5,9246,0.07793488001598163,0.05082845751424677,0.01893631428865502,0.020849989856302
47.5,1.5,9247,0.059133652094863015,0.05352303625767914,0.020738773013127987,0.020849989856302
48.5,1.5,9248,0.037794594564014516,0.03680692462411019,0.020596994827799777,0.023101653581955477
49.5,1.5,9249,0.03790711240863068,0.045180059212925575,0.014759100295078431,0.02107579605939306
50.5,1.5,9250,0.03861121998991039,0.041664348564122516,0.018280834269184424,0.02777329976584011
51.5,1.5,9251,0.03847601823574762,0.046513420045344825,0.018280834269184424,0.04751728076972326
52.5,1.5,9252,0.039668021293375176,0.04955231931929426,0.017300643634104426,0.047123281450660595
53.5,1.5,9253,0.039354309579831166,0.04819720594144848,0.017126562352847464,0.0470067724366027
54.5,1.5,9254,0.03949633763926646,0.03466818635352138,0.013227326095075376,0.04947345718036552
55.5,1.5,9255,0.03627382496075513,0.03466818635352138,0.012380007991890185,0.03788741181806714
56.5,1.5,9256,0.03261864196791138,0.030968656449503855,0.02356136849537682,0.03900817243094134
57.5,1.5,9257,0.028903149121222674,0.03038853649473959,0.02396652697778026,0.04211859783461627
58.5,1.5,9258,0.03218319772733359,0.03225598989166267,0.025459669492488225,0.0640914491522917
59.5,1.5,9259,0.032410749633183224,0.030457901693139514,0.027558397243919036,0.04924294797446912
60.5,1.5,9260,0.03274847279153907,0.030662658095642212,0.02911639837355982,0.048997093381058135
61.5,1.5,9261,0.03528342078279894,0.03628632456055211,0.029551006691096084,0.05347270758316018
62.5,1.5,9262,0.03843909087771754,0.03575500736674505,0.03246185191746227,0.058217062492126555
63.5,1.5,9263,0.030684376224261137,0.031098895235087774,0.03551299551196577,0.058559047863546924
64.5,1.5,9264,0.030789265191822457,0.03165102506164462,0.041007348225986825,0.054967267528565907
65.5,1.5,9265,0.034105236035275655,0.03219509967831568,0.05708570037154027,0.056726663480224274
66.5,1.5,9266,0.030970987682146595,0.045637252056940185,0.03261497979003762,0.03224603479098202
67.5,1.5,9267,0.03089784573630424,0.04713465832787389,0.032658747992541544,0.03223689993823091
68.5,1.5,9268,0.0343770492982601,0.04854840770283298,0.03261497979003762,0.033010183358576514
69.5,1.5,9269,0.030386338536265878,0.049796732078214,0.03256464826619513,0.0311306007490211
70.5,1.5,9270,0.030963128838827313,0.050645861783007666,0.03179633149365335,0.031439932553372185
71.5,1.5,9271,0.03042494186176712,0.04584100035993865,0.0527180072323409,0.026815075942164365
72.5,1.5,9272,0.027884955887497846,0.04480395703813314,0.049289867643682865,0.026495590756962378
73.5,1.5,9273,0.028588759907335132,0.059448055680912715,0.03750572263783886,0.03439077068390476
74.5,1.5,9274,0.02687964729523369,0.06276085219411906,0.03015732945155168,0.03501095416499414
75.5,1.5,9275,0.025991289386970515,0.0542302526814257,0.03868782817597154,0.030102927920992034
76.5,1.5,9276,0.03027420010425119,0.04874448109467261,0.036305917888946555,0.026074550558431234
77.5,1.5,9277,0.028601920446520008,0.0388857406621669,0.027818384073397075,0.022227332086926177
78.5,1.5,9278,0.029409374499196447,0.03825420770767432,0.0360550815908379,0.022930025220356372
79.5,1.5,9279,0.029742076275992776,0.02850092592637656,0.033611546206197634,0.020916788885648584
80.5,1.5,9280,0.030235566608146365,NA,0.027133964267065578,0.02432145814645397
81.5,1.5,9281,0.034930693717167914,NA,0.020045602662649615,0.03174482030357512
82.5,1.5,9282,0.053252392921509246,NA,0.024139316543166815,0.04262418090475589
83.5,1.5,9283,0.05369138601864181,NA,0.031202610606981544,0.0456961653669538
84.5,1.5,9284,0.059421717300178915,NA,0.03175464073798799,0.053442738434760294
85.5,1.5,9285,0.0607756919097215,NA,0.036026949926692906,0.05394568904532906
86.5,1.5,9286,0.08598957892105531,NA,0.04016437121745409,0.051078656649627095
87.5,1.5,9287,0.08221407928938504,NA,0.047824936718256564,0.16043625764271832
88.5,1.5,9288,0.04966871389890518,NA,0.046155867919023597,0.08310699703604729
89.5,1.5,9289,0.06749150483572071,NA,0.055101233050764094,0.06935883378337017
90.5,1.5,9290,0.06475635368202982,NA,NA,0.06880375074061128
91.5,1.5,9291,0.06885653722213605,NA,NA,0.0652895951018935
92.5,1.5,9292,0.0707702451943095,NA,NA,0.049857793066493405
93.5,1.5,9293,0.08225824441208492,NA,NA,0.10753303445005229
94.5,1.5,9294,0.12307560811125358,NA,NA,0.10522415310864973
95.5,1.5,9295,0.09731956078391218,NA,NA,0.08265502433274954
96.5,1.5,9296,0.06826108135528537,NA,NA,0.04019158699537775
97.5,1.5,9297,0.0551713224361207,NA,NA,0.07615533094938191
98.5,1.5,9298,0.1704817823834858,NA,NA,0.36433758627763846
99.5,1.5,9299,0.33046742605367313,NA,NA,0.7689856478312013
100.5,1.5,9300,0.22913814963468368,NA,0.19531795848998615,0.08246109014497384
-119.5,2.5,9315,0.004579752863488401,0.006082666979389931,NA,0.00545697954338358
-118.5,2.5,9316,0.0048620971790336465,0.008317477218981805,NA,0.006667635758127491
-117.5,2.5,9317,0.004804387690898383,0.011600331302729151,NA,0.006987748144160074
-116.5,2.5,9318,0.004030874895960891,0.020360074414500544,NA,0.007378416271600276
-115.5,2.5,9319,0.003797257250224501,0.01849337357867105,NA,0.005271546977766595
-114.5,2.5,9320,0.004328113112320014,0.021712191167065367,NA,0.0038317788502976176
-113.5,2.5,9321,0.005819343511262887,0.032153989116326276,NA,0.005758776874860609
-112.5,2.5,9322,0.010847375754098004,0.052887902039819225,NA,0.0065866515157476544
-111.5,2.5,9323,0.008917946230701735,0.047988318748343854,NA,0.006815547902434074
-110.5,2.5,9324,0.01092919553116784,0.04499737845387287,NA,0.006556473524783306
-109.5,2.5,9325,0.014688677463128052,NA,NA,0.0070380093853239815
-108.5,2.5,9326,0.015959593278747276,NA,NA,0.008455692827099263
-107.5,2.5,9327,0.02682395767760563,NA,NA,0.008634351142696433
-106.5,2.5,9328,0.019151858494963953,NA,NA,0.0075990334667839715
-105.5,2.5,9329,0.025971184173947073,NA,NA,0.009532396649501557
-104.5,2.5,9330,0.014272385895899183,NA,NA,0.005381496383380505
-103.5,2.5,9331,0.019906198412629496,NA,NA,0.006054419820615601
-102.5,2.5,9332,0.01998136347572225,NA,NA,0.005882202481115789
-101.5,2.5,9333,0.02027268277330168,NA,NA,0.00490987640963803
-100.5,2.5,9334,0.023638931950729507,NA,NA,0.007169080461194327
-99.5,2.5,9335,0.02553252906034537,0.02130466040807046,0.03171551266172334,0.013467861897806273
-98.5,2.5,9336,0.05607815853485761,0.02113021612349361,0.03082374575885363,0.01648305037269605
-97.5,2.5,9337,0.029283886137714692,0.022674184990158067,0.026753384586493,0.015408091075123151
-96.5,2.5,9338,0.025632258769900405,0.023003924758768494,0.03435829452314809,0.01626831950704202
-95.5,2.5,9339,0.025352774114745246,0.018708977953515924,0.03298210068254198,0.018342792145266382
-94.5,2.5,9340,0.030796953721458232,0.016832424626639912,0.02116349323540579,0.015305636122656507
-93.5,2.5,9341,0.014925027223552215,0.01004561098569093,0.007005447584831183,0.008579424896866179
-92.5,2.5,9342,0.010533274416223695,0.009907612670606676,0.007607641407429691,0.008136731227966557
-91.5,2.5,9343,0.00975107629858993,0.01270592649778837,0.011435177268508408,0.016806332374452965
-90.5,2.5,9344,0.012795912704539461,0.01699584058050889,0.02184255310813711,0.030308399253112496
-89.5,2.5,9345,0.021941090101186438,NA,0.01750643831457801,0.05618825043869737
-88.5,2.5,9346,0.02091747064081912,NA,0.01658235990278115,0.03190285433933641
-87.5,2.5,9347,0.020226992903942045,NA,0.015775158384773752,0.02378396002750249
-86.5,2.5,9348,0.018332996960849408,NA,0.03075709286457206,0.02635654780748949
-85.5,2.5,9349,0.01763343028703671,NA,0.0614825176415389,0.048901003995359967
-84.5,2.5,9350,0.009904529850505961,NA,0.02837413837159805,0.01792281837727064
-83.5,2.5,9351,0.00716751198694267,NA,0.006875491139904465,0.003918660739798174
-82.5,2.5,9352,0.07455771553094431,NA,0.04435271675144243,0.10123323302900282
-79.5,2.5,9353,0.009931399371143172,0.03655872116010681,0.021279346225306785,0.016134573250726654
-78.5,2.5,9354,0.01919702200251879,0.1609393385192047,0.04939362663021724,0.018337443165312967
-75.5,2.5,9355,0.0018580236409295656,0.004552467917864371,0.003435783872264389,0.0053136023723606785
-74.5,2.5,9356,0.013297416751607278,0.02596000290520404,0.01468629712042775,0.006232920466975758
-73.5,2.5,9357,0.008021630023898699,0.012894591355108903,0.00894253934947072,0.004405586160585269
-72.5,2.5,9358,0.010725037363311951,0.013951730692821462,0.02310200123061099,0.008874502480012056
-71.5,2.5,9359,0.008222497110368064,0.010619749056498375,0.01596791274850108,0.008048538028789787
-70.5,2.5,9360,0.012790209969220135,0.036186666509355446,0.008499704194289073,0.006144397921833517
-69.5,2.5,9361,0.0060131933886006395,NA,0.00942805414199666,0.006867039519186908
-61.5,2.5,9362,0.030392877094633324,NA,0.01900838458100891,0.06701474761183698
-60.5,2.5,9363,0.16758975230936732,NA,0.06215415740246292,0.41180955827802596
-59.5,2.5,9364,0.11095462075241933,0.11228761036925602,0.0518638476345294,0.24952488855058255
-58.5,2.5,9365,0.11715096757955791,0.11236264680238733,0.047130978155274804,0.1859478949943524
-57.5,2.5,9366,0.09194360783157804,0.06539239022008575,0.12844913520218115,0.13107125200588868
-56.5,2.5,9367,0.15841784257369187,0.037491025474635245,0.11584193969376574,0.04373350130759136
-55.5,2.5,9368,0.1668552929971165,0.06755658468487503,0.12569500597041033,0.05153232536962127
-54.5,2.5,9369,0.011482940879813677,0.021321572619347817,0.01601051513423188,0.026454047196433225
-53.5,2.5,9370,0.014148516888310269,0.05026091658332572,0.03563182796793916,0.07938277118156946
-52.5,2.5,9371,0.06692034141159439,0.15212605207921176,0.12084700133341318,0.25538502343653885
-50.5,2.5,9372,0.1407642706622699,0.1755902929898725,0.12105914728472203,0.4263484508599728
-49.5,2.5,9373,0.16066730827879394,0.20379296925019103,0.07351704057045585,0.22938601167009615
-48.5,2.5,9374,0.10597427076790453,0.12023221213963256,0.06906342231106109,0.18927902352346745
-47.5,2.5,9375,0.18712764627543782,0.1553372268967618,0.09570865307768997,0.44319859367395764
-46.5,2.5,9376,0.11621854143368451,0.13592160342464124,0.19366484235727724,0.3297649271739979
-45.5,2.5,9377,0.09661965631515476,0.11626218900226755,0.13380525227157142,0.28696299917788876
-44.5,2.5,9378,0.08439606837473886,0.08401353766417566,0.04916504694136364,0.1262377474470838
-43.5,2.5,9379,0.0992853231831666,0.07955927101918257,0.033198235076186994,0.08618841393287369
-42.5,2.5,9380,0.06157670362612879,0.09904813793113619,0.028908847904863713,0.09612863337087064
-41.5,2.5,9381,0.06301221537497145,0.1110419072506923,0.027937495941577805,0.1107973569715102
-40.5,2.5,9382,0.1107517017427154,0.03290132179793101,0.01821408124754926,0.09976030009509618
-39.5,2.5,9383,0.08448404917110726,0.04011290450538185,0.026890682301564446,0.13269642246527572
-38.5,2.5,9384,0.024799574866140452,0.13487813443974203,0.015803391692385794,0.10770870073697611
-37.5,2.5,9385,0.017235588124933414,0.0675544668124141,0.052647801988887376,0.1128544781898741
-36.5,2.5,9386,0.027563042872320313,0.10305762933504382,0.11311886418454681,0.13227967859525858
-35.5,2.5,9387,0.026398306846793163,0.036857661567083796,0.049340746127121,0.43792071958593193
-34.5,2.5,9388,0.021599233941573835,0.04970396501406018,0.0389683110442481,0.21090601548704935
-33.5,2.5,9389,0.026435260850930786,0.02201410479694019,0.04620579719401673,0.6081328707014749
-32.5,2.5,9390,0.020400378133270496,0.022717475742681414,0.04659897935534489,0.6696806934134252
-31.5,2.5,9391,0.014991169912022654,0.009398420302459926,0.010834930113041466,0.064190773620884
-30.5,2.5,9392,0.018044320539275585,0.01035153261650253,0.01462807040675366,0.06429578599539115
-29.5,2.5,9393,0.02136622117001244,0.01671050750488715,0.01756211769501418,0.03470547051200911
-28.5,2.5,9394,0.029552089111747386,0.009319231356694229,0.013883594203746073,0.02027813923316353
-27.5,2.5,9395,0.017466512113133627,0.013684821135409347,0.015545759129642574,0.019082841949250563
-26.5,2.5,9396,0.012928977628985282,0.019335918922227337,0.02061260664506723,0.0266866547447926
-25.5,2.5,9397,0.01829225995471102,0.023238259408785433,0.013223247599797771,0.0325170980025755
-24.5,2.5,9398,0.014062749953526616,0.023557578818086306,0.012140058636801199,0.05320085145260795
-23.5,2.5,9399,0.010793511722240669,0.020733882031063886,0.01290368361206788,0.03875942023947465
-22.5,2.5,9400,0.009906111428296704,0.024230374347027683,0.016963775825951054,0.052686670981910655
-21.5,2.5,9401,0.00984194971047886,0.023819631554109787,0.01898699150255765,0.05190894668873496
-20.5,2.5,9402,0.015692066508150426,0.023329694202697367,0.014505093860531478,0.03942989093269071
-19.5,2.5,9403,0.021249421889311778,0.019441048829485053,0.010428299971871684,0.02333558004399835
-18.5,2.5,9404,0.022383915543469014,0.019729453724309568,0.010296007077848574,0.01717705440894479
-17.5,2.5,9405,0.026172467404773792,0.020448707699886562,0.013390919415548715,0.02565298665535202
-16.5,2.5,9406,0.01606528517798229,0.031083651187227612,0.01432400386635883,0.025647657730739296
-15.5,2.5,9407,0.022933831500268766,0.020519204785087283,0.01505081491815237,0.025662767357409078
-14.5,2.5,9408,0.01616957531799679,0.021635266892157126,0.014467289741487232,0.025276640679449333
-13.5,2.5,9409,0.02370234832492504,0.021397507629762554,0.014991606369154335,0.022836651506504248
-12.5,2.5,9410,0.017199376524390044,0.02281515052480246,0.020462375447190442,0.023046228409255416
-11.5,2.5,9411,0.021681358433577894,0.02257316788870435,0.01594430051190761,0.020568276515934125
-10.5,2.5,9412,0.017659823830659376,0.02256997296623501,0.020390235560198398,0.0200412900915383
-9.5,2.5,9413,0.015807398730630386,0.024779839420737113,0.019613737085437188,0.027900599498086532
-8.5,2.5,9414,0.011295747104733436,0.028757668893748246,0.0209292191232463,0.03396730117314565
-7.5,2.5,9415,0.017152188948289723,0.03676125222300576,0.03104476832054546,0.03875500345090978
-6.5,2.5,9416,0.01606697630396742,0.04259291840054562,0.023377430134886707,0.03211930263510562
-5.5,2.5,9417,0.01352893752329047,0.0287439898995733,0.024764984869953315,0.06008305431148039
-4.5,2.5,9418,0.015372795744701573,0.0325570076489447,0.031870570496195225,0.05533932185393833
-3.5,2.5,9419,0.01302054946438326,0.027108752142494783,0.028411429761123996,0.07267042744736207
-2.5,2.5,9420,0.01625413131304317,0.044315535136543266,0.016577218555438953,0.047730619980740345
-1.5,2.5,9421,0.016452230148275793,0.04780958275687979,0.02141411003199163,0.07577765437566208
-0.5,2.5,9422,0.01745329823772514,0.0731795845531554,0.018349542406546536,0.054709382900939026
0.5,2.5,9423,0.015075491584410149,0.06989136496880989,0.01959273620206548,0.05055874428548673
1.5,2.5,9424,0.0162558588095061,0.07210125145483076,0.02013402566836893,0.04139658912605225
2.5,2.5,9425,0.027223449662322666,0.07130079152474891,0.022221486578672574,0.03893397559823209
3.5,2.5,9426,0.03193936263841146,0.049118016463914164,0.028296066429142865,0.043039755128414736
4.5,2.5,9427,0.036482816824862895,0.05113029175685303,0.02519338637486996,0.0496514197480543
5.5,2.5,9428,0.0337356407735479,0.05144409614821951,0.02590967508849714,0.0372840804918633
6.5,2.5,9429,0.028732279757767445,0.05052293115333123,0.04132399625877673,0.035069814999177766
7.5,2.5,9430,0.028694149206929552,0.059158874898755494,0.047734195869994715,0.036747417620228026
8.5,2.5,9431,0.0272722648139495,0.059151896593792545,0.05634700142944081,0.03633061922136079
9.5,2.5,9432,0.016899257780264403,0.04308966831066741,0.03020779673674398,0.025389408291327183
10.5,2.5,9433,0.01684958332728385,0.04444120381682406,0.019694994834784478,0.021910997321993565
11.5,2.5,9434,0.013447221470148644,0.04577446409702976,0.018211847577142882,0.019908278750571502
12.5,2.5,9435,0.01670732012746708,0.0508842099890846,0.018306434618259614,0.022760261296726366
13.5,2.5,9436,0.02638096810451264,0.06490359380014092,0.027257894041993202,0.03514512622018995
14.5,2.5,9437,0.04156291676577828,0.06980331448465392,0.02542537032060455,0.03912006149861307
15.5,2.5,9438,0.03248693844815366,0.06777355078482704,0.023539638353150566,0.05480409310015707
16.5,2.5,9439,0.03147816186795179,0.06278440433422407,0.023889412977138716,0.05438286154303044
17.5,2.5,9440,0.031548360623505294,0.06298600264508059,0.028809189576217552,0.03856721157513208
18.5,2.5,9441,0.03434022936500844,0.06364699615771602,0.03114603758123281,0.04704533463882576
19.5,2.5,9442,0.027545361684768708,0.06210309269543406,0.027217197264262524,0.04787681235078808
20.5,2.5,9443,0.05153685776455812,0.07468600079936595,0.02737231383702799,0.03341461498386195
21.5,2.5,9444,0.052855294273970906,0.1061665861608846,0.03063991165545018,0.04092436591672419
22.5,2.5,9445,0.06789585791302669,0.1945145143361376,0.06585959634260435,0.06349301803951328
23.5,2.5,9446,0.0528152704612493,0.1500513755172799,0.0467195202135751,0.04255822820901665
24.5,2.5,9447,0.044196706852529674,0.09185412483031041,0.03480621856606903,0.02839152665273004
25.5,2.5,9448,0.041061329964922164,0.08601134047492483,0.03427025530439484,0.027492646905723356
26.5,2.5,9449,0.03562793802204105,0.07268774411277897,0.021004444132774528,0.022856583184882047
27.5,2.5,9450,0.036125547060890384,0.07296736330096935,0.020522707423890493,0.03444619198277753
28.5,2.5,9451,0.029514138090080497,0.05921523676684969,0.0168269076011671,0.031917107193796576
29.5,2.5,9452,0.017238881480684108,0.03462544446880429,0.008960978299882448,0.017290376119762554
30.5,2.5,9453,0.015574813897825128,0.03159425567948653,0.0080893985774949,0.024499396740847775
31.5,2.5,9454,0.016276944499060343,0.020851319186421656,0.008006911138381319,0.021044262036611534
32.5,2.5,9455,0.017550034479680024,0.02008916334505873,0.00773422091521361,0.014646626748720972
33.5,2.5,9456,0.01702520410697911,0.020089163345058725,0.009793751824156979,0.014379663359449108
34.5,2.5,9457,0.01702520410697911,0.018305145775592037,0.009004789127419038,0.014379663359449108
35.5,2.5,9458,0.017173721582712787,0.02286067001679282,0.009139966581092238,0.014420661032225744
36.5,2.5,9459,0.01764206037856183,0.022428260715806406,0.007522828075415423,0.015512325306528999
37.5,2.5,9460,0.01748956480609117,0.022365014184629287,0.007501291558459864,0.014379663359449108
38.5,2.5,9461,0.027385805261830248,0.023036535587890605,0.009213934200741661,0.014420661032225744
39.5,2.5,9462,0.021052136242014963,0.022735034282169796,0.009113461947470768,0.014594891155482669
40.5,2.5,9463,0.021052136242014963,0.02200504817839126,0.01223539340188966,0.014742972280000136
41.5,2.5,9464,0.021052136242014963,0.020639053098371114,0.01646993426596816,0.014874534204604118
42.5,2.5,9465,0.021052136242014963,0.02243959603404351,0.012596797317448765,0.020901543187634222
43.5,2.5,9466,0.020916996159998855,0.019949972523277286,0.014436023038509192,0.022440978265764883
44.5,2.5,9467,0.020726686600413137,0.021443504513300602,0.014427749212092849,0.021085581383545635
45.5,2.5,9468,0.020706135619406905,0.021443504513300602,0.01466710719092038,0.01209348385015481
46.5,2.5,9469,0.020706135619406905,0.023057954937254765,0.01444217707091887,0.013202445783667447
47.5,2.5,9470,0.03109551713389191,0.020259861423587773,0.014828735095412738,0.012404031271863212
48.5,2.5,9471,0.033300311416649075,0.019064236356005418,0.015585209998477567,0.012641892977723794
49.5,2.5,9472,0.03498479000756504,0.019064236356005418,0.015797847677514337,0.013602708662642042
50.5,2.5,9473,0.03615001760763871,0.019122163750407727,0.015717167455728098,0.013554144024252897
51.5,2.5,9474,0.03939934735059736,0.02011713522929331,0.012632305848611467,0.013154579286449924
52.5,2.5,9475,0.03951966683345052,0.022001138986688137,0.015957711920170523,0.013154579286449924
53.5,2.5,9476,0.045431040595319425,0.019098197763009982,0.015609792585533952,0.01311713315542446
54.5,2.5,9477,0.03148082964049668,0.018977984585072136,0.016162636683124017,0.013580458023093218
55.5,2.5,9478,0.03494530062423442,0.01680479300774211,0.01587768005387679,0.013952197210001937
56.5,2.5,9479,0.04861127157949564,0.019575570314952186,0.015834432252437792,0.014125833949158477
57.5,2.5,9480,0.05195340104415636,0.024797084748627782,0.015999675568338586,0.015224030141389266
58.5,2.5,9481,0.05324502076088109,0.02486703404660787,0.017337879935450603,0.01515420689719139
59.5,2.5,9482,0.053061405193094394,0.025439808417752247,0.02622333953414219,0.01931634104459042
60.5,2.5,9483,0.05309044083487243,0.028039263081191184,0.024862065941838613,0.013909981179429376
61.5,2.5,9484,0.05409311994820689,0.028266517983351593,0.014496619899283235,0.013515073926657276
62.5,2.5,9485,0.05403590662518084,0.02707999428880006,0.010845347874771726,0.012986267790174493
63.5,2.5,9486,0.047433154328350144,0.029373371803247193,0.010845347874771726,0.012815751720731882
64.5,2.5,9487,0.041414460180384166,0.026677387827994167,0.01058776833098285,0.013897536761939298
65.5,2.5,9488,0.03265948908313415,0.025780938185678146,0.013203522624397009,0.01387855099881381
66.5,2.5,9489,0.029834952575328654,0.024899709523226524,0.013209610646654078,0.01269324528938641
67.5,2.5,9490,0.024366580813237993,0.024683051666056253,0.010209024757893632,0.012321648598699761
68.5,2.5,9491,0.0161308963192164,0.02598462615226618,0.013209610646654078,0.010304723543433713
69.5,2.5,9492,0.015540482443343495,0.02636737587714464,0.012737522862486928,0.009873770979504119
70.5,2.5,9493,0.015957722601339673,0.027472757027892057,0.009897862488914206,0.010202817599521586
71.5,2.5,9494,0.016678541105640127,0.030132942029759743,0.012646760082045828,0.011325547726639662
72.5,2.5,9495,0.016237892923103493,0.030335014293703704,0.0124813019283859,0.010962782783929006
73.5,2.5,9496,0.028326923556182156,0.028460138106100846,0.014369959641374015,0.012401172557122973
74.5,2.5,9497,0.029994987208930613,0.030402272570834242,0.014716818510750513,0.015508722047770955
75.5,2.5,9498,0.028397527435704974,0.031370641954912695,0.01527600416110852,0.01470004862617682
76.5,2.5,9499,0.02569117197175968,0.02843684975338787,0.012574065834881572,0.012886567940157367
77.5,2.5,9500,0.021809623598451684,0.025949721206071398,0.0066241052758822935,0.012608292826708972
78.5,2.5,9501,0.022111666552486264,0.027101009027360436,0.008723436169872837,0.014780440079691759
79.5,2.5,9502,0.022615761750720362,0.028131325819943404,0.00984962884208981,0.014462291299944655
80.5,2.5,9503,0.024721065241998158,NA,0.008300344591810572,0.016326568249016526
81.5,2.5,9504,0.018113745097259312,NA,0.00932614584937137,0.016053617417048683
82.5,2.5,9505,0.030660498364799702,NA,0.02686861157847042,0.022361991538006793
83.5,2.5,9506,0.050317005115139854,NA,0.026305502181704517,0.04454777266791366
84.5,2.5,9507,0.06612133242829223,NA,0.023930844882401443,0.0677357991097845
85.5,2.5,9508,0.07348370903760092,NA,0.03581753331743148,0.058801687009015835
86.5,2.5,9509,0.09616330591188435,NA,0.06761960866012014,0.0719165616905089
87.5,2.5,9510,0.09113094509795089,NA,0.08469817998697797,0.05592657021108366
88.5,2.5,9511,0.10784584182777986,NA,0.03918512709712835,0.07259289583703363
89.5,2.5,9512,0.05312543755702314,NA,0.04167382177468337,0.05583941492526793
90.5,2.5,9513,0.08863300643554102,NA,NA,0.05388136976280466
91.5,2.5,9514,0.06633496354262357,NA,NA,0.06220546198904921
92.5,2.5,9515,0.04989011536440504,NA,NA,0.0697463869454397
93.5,2.5,9516,0.0645882961613051,NA,NA,0.05471711175686424
94.5,2.5,9517,0.10823113079315956,NA,NA,0.13117789221812115
95.5,2.5,9518,0.11154943557287451,NA,NA,0.12614011588983381
96.5,2.5,9519,0.15086810652579596,NA,NA,0.12806602539200654
97.5,2.5,9520,0.09022154194848661,NA,NA,0.08777225898896755
98.5,2.5,9521,0.15403114091024922,NA,NA,0.3766834516421898
99.5,2.5,9522,0.18649410176460024,NA,NA,0.5459935995260431
100.5,2.5,9523,0.4477201418035872,NA,0.4267899703100161,0.2403611333810035
101.5,2.5,9524,0.02979771954908659,NA,0.14405235981054404,0.04350636749673538
-119.5,3.5,9538,0.0029484883450626954,0.008127662651525216,NA,0.006594288908610393
-118.5,3.5,9539,0.0022210654674722037,0.015711886859283496,NA,0.007396856022729649
-117.5,3.5,9540,0.00209555187791351,0.01418430964647402,NA,0.00464653808736055
-116.5,3.5,9541,0.002441834214649257,0.022413338963542535,NA,0.004076352683661557
-115.5,3.5,9542,0.002388249790359468,0.023731745365092347,NA,0.003703450557631346
-114.5,3.5,9543,0.002121882696160465,0.027345340341055468,NA,0.0032616060950481874
-113.5,3.5,9544,0.00633658517079654,0.038788766117834834,NA,0.0042225214441377
-112.5,3.5,9545,0.004141035523456368,0.06412879036438582,NA,0.005901571360842371
-111.5,3.5,9546,0.004757475178617172,0.04084771116169748,NA,0.005991114016838271
-110.5,3.5,9547,0.00619600957906203,0.042090960823899654,NA,0.006296145758163054
-109.5,3.5,9548,0.009450702383235783,NA,NA,0.005968440582265956
-108.5,3.5,9549,0.011373994710446686,NA,NA,0.005178990941316906
-107.5,3.5,9550,0.011817449528506623,NA,NA,0.004932776713511882
-106.5,3.5,9551,0.016624420756153124,NA,NA,0.005494146611150724
-105.5,3.5,9552,0.016829156653706,NA,NA,0.007692456453140147
-104.5,3.5,9553,0.012311237804750168,NA,NA,0.004992436010926872
-103.5,3.5,9554,0.012033285297481953,NA,NA,0.0062406329674018135
-102.5,3.5,9555,0.01275325211465558,NA,NA,0.006583804264438389
-101.5,3.5,9556,0.03855628410079925,NA,NA,0.007429131280588984
-100.5,3.5,9557,0.029423665603454534,NA,NA,0.018492182901832906
-99.5,3.5,9558,0.01621889232316206,0.05187638664654994,0.04895519914483358,0.018181838967007927
-98.5,3.5,9559,0.01476904739690927,0.02329363746487995,0.024045864415823126,0.029178824072102125
-97.5,3.5,9560,0.02856433010581077,0.022385643912495153,0.02685916720011194,0.02469250454338685
-96.5,3.5,9561,0.03251250112628593,0.02074003691448558,0.024729691657242633,0.027144278074473185
-95.5,3.5,9562,0.04016937474711938,0.020799833871488944,0.0491994170036298,0.024916393781743762
-94.5,3.5,9563,0.04250400197999256,0.02189208928796291,0.03219465820982973,0.021278693977175266
-93.5,3.5,9564,0.026328700864942246,0.02440725585437645,0.02106264355559829,0.026393312463739493
-92.5,3.5,9565,0.01194779777939852,0.015727721568626243,0.009206383581525755,0.020593914683336653
-91.5,3.5,9566,0.011971419982313547,0.01394777064676882,0.017509943771720445,0.019954362503214314
-90.5,3.5,9567,0.0178320600256886,0.021665018424448543,0.018959708669876736,0.03447439697672777
-89.5,3.5,9568,0.02395648252632155,NA,0.0183259817753154,0.04211363453736357
-88.5,3.5,9569,0.02971087854028394,NA,0.027898805802661752,0.05205146998401354
-87.5,3.5,9570,0.0396771599799331,NA,0.02330487033853333,0.02870061534349571
-86.5,3.5,9571,0.030661769951571726,NA,0.047166284675974925,0.049053309257666454
-85.5,3.5,9572,0.01664666716069416,NA,0.013992163482146727,0.02211552943789146
-84.5,3.5,9573,0.03084684966838768,NA,0.02565375514349946,0.018794147984401446
-83.5,3.5,9574,0.004288957533705584,NA,0.006311842441980984,0.007920461389368942
-80.5,3.5,9575,0.0013154813137824916,NA,0.004955931465274235,0.0038352635796397544
-79.5,3.5,9576,0.016285529090322427,0.05068769655642917,0.07398646135392002,0.061852775066223845
-76.5,3.5,9577,0.0012563919778992968,0.0013091168562015972,6.055466174045232e-4,9.738832751105299e-4
-75.5,3.5,9578,0.0027093052039067526,0.00378420085444403,0.0017804432695996215,0.0026188249727397204
-74.5,3.5,9579,0.00908983967254426,0.014415350502378107,0.006852984007352454,0.008196004675453174
-73.5,3.5,9580,0.00938272398935217,0.009626876830982478,0.00961710016876493,0.006819814518349118
-72.5,3.5,9581,0.015083490991010019,0.014935203232130679,0.018478587142816156,0.005898346214882359
-71.5,3.5,9582,0.012401534463583781,0.02338221489021883,0.008439472873048578,0.004015459227988598
-70.5,3.5,9583,0.015489080957679027,0.02562980493031768,0.026304495647863173,0.0077834374502959445
-69.5,3.5,9584,0.005586150885081224,NA,0.03044357397839635,0.010058821741314656
-68.5,3.5,9585,0.011413164204846315,NA,0.014683564452798616,0.00930186402449461
-67.5,3.5,9586,0.03241792045512636,NA,0.03777887915305527,0.011375543871949728
-62.5,3.5,9587,0.008493447962963628,NA,0.02057057579327964,0.0632106422420757
-61.5,3.5,9588,0.06485395349928376,NA,0.054018975590340836,0.12269220208144577
-60.5,3.5,9589,0.12199519389566325,NA,0.08489808365753633,0.1919629210322483
-59.5,3.5,9590,0.11041158596184851,0.06453721386118048,0.08480229320477653,0.3141596884182155
-58.5,3.5,9591,0.0769589736929498,0.054782021307030866,0.05360413699394764,0.07775082784766822
-57.5,3.5,9592,0.11313401651422432,0.05274321871145857,0.0721959833884082,0.09424251261809768
-56.5,3.5,9593,0.09182101261663189,0.08083084710934187,0.11621065451548912,0.25464242731577413
-55.5,3.5,9594,0.054773465620063876,0.05396768736325086,0.20306321981112643,0.16560043884307862
-54.5,3.5,9595,0.010064102820557056,0.020861605825862405,0.021804877594194097,0.049252919218151406
-53.5,3.5,9596,0.011296771605723026,0.03271410197140504,0.03487065243091344,0.07415184296220677
-52.5,3.5,9597,0.044112192438628496,0.1169059113079034,0.09188199379621317,0.2694567525913758
-51.5,3.5,9598,0.07191682607473725,0.1799664048016225,0.0930857148429596,0.17059294563770117
-50.5,3.5,9599,0.13971968311975486,0.17313496822641158,0.11462375230449051,0.22717806656408207
-49.5,3.5,9600,0.11939544436744541,0.21549863173024458,0.12600889750293265,0.1617476488622771
-48.5,3.5,9601,0.12017291329714444,0.23101891239567832,0.11419002717417015,0.11337324078500709
-47.5,3.5,9602,0.08610519075150977,0.3073231461247974,0.15610471679669283,0.13391515959286737
-46.5,3.5,9603,0.07651009298235549,0.27069835769497086,0.07008296246314319,0.23292146556312404
-45.5,3.5,9604,0.06356707635426095,0.10801415988818819,0.05683200345170689,0.2290624393455705
-44.5,3.5,9605,0.04683734841264857,0.07322740604879825,0.05183142545949354,0.22453120076499614
-43.5,3.5,9606,0.053166073254727,0.05964400184527081,0.059132835179979415,0.3709924095160019
-42.5,3.5,9607,0.043094381490420455,0.06916933510982064,0.02658767782689417,0.2596063546384184
-41.5,3.5,9608,0.05174516755931,0.09368396537880903,0.022102052039729144,0.13688211480206564
-40.5,3.5,9609,0.06446250188363636,0.07289426422758509,0.016243614061604884,0.0632879246380813
-39.5,3.5,9610,0.01820227988954475,0.027831776503567666,0.02668870139666697,0.03791560736070985
-38.5,3.5,9611,0.015085881302351046,0.014378782079707619,0.013867511719589975,0.03523158107654304
-37.5,3.5,9612,0.01271764644979348,0.015226178542936408,0.014617744859467,0.03280648114943138
-36.5,3.5,9613,0.010512607177737346,0.019430585926176993,0.0221232588156397,0.057308328672659746
-35.5,3.5,9614,0.015918330500933595,0.5969743907313054,0.18177123848360013,0.051150691987604933
-34.5,3.5,9615,0.020540977278719567,0.1284885505734841,0.47757531338274273,0.036015316512560645
-33.5,3.5,9616,0.014180630240642833,0.11458228825767522,0.5074567296590514,0.08312171601251178
-32.5,3.5,9617,0.021208774317122796,0.19243924990115313,0.06960688146312989,0.15669944563766336
-31.5,3.5,9618,0.01749453271652503,0.06492198973085615,0.07167911463126991,0.3370949830288653
-30.5,3.5,9619,0.028706442622414827,0.01895265160026203,0.08529074778720601,0.09989883891179839
-29.5,3.5,9620,0.0165234442380484,0.013160113245948847,0.1237034223127632,0.2162812094848873
-28.5,3.5,9621,0.011055491106491186,0.0138524296261592,0.30378084427961466,0.08213059696580194
-27.5,3.5,9622,0.010612279205769537,0.03886277874806582,0.019241675332955965,0.08547308346003965
-26.5,3.5,9623,0.013523033090724097,0.03620871683564234,0.012834992987635324,0.07715973566526425
-25.5,3.5,9624,0.016831786982065347,0.02887872468310711,0.011369215936843367,0.04493247340806451
-24.5,3.5,9625,0.005801195563227584,0.04327753692075071,0.011367771965963972,0.03716877125414189
-23.5,3.5,9626,0.008479596044300632,0.02948712702502816,0.011653711790279395,0.03929690773436315
-22.5,3.5,9627,0.0067757758576195174,0.019971704057313036,0.00933223705502659,0.026477316164250822
-21.5,3.5,9628,0.006345971255210156,0.02148464918519742,0.008883292722917688,0.020546899514418206
-20.5,3.5,9629,0.006651877508849231,0.02503255032284419,0.012135046106919463,0.019464951013773962
-19.5,3.5,9630,0.0069435638333312935,0.02378575011288036,0.01091175318442251,0.016830677777470753
-18.5,3.5,9631,0.010064013823292046,0.03017380264300278,0.01249530509582562,0.018237658551110977
-17.5,3.5,9632,0.009209392530078542,0.03687181513904901,0.01449821561594507,0.033047210907302754
-16.5,3.5,9633,0.00924923228701135,0.04402411236405534,0.01303643674474827,0.028757323730353796
-15.5,3.5,9634,0.009556243814803758,0.03730713842912397,0.013512249307335888,0.027930741057760774
-14.5,3.5,9635,0.015556118447493663,0.03633791064551836,0.012333413279001311,0.027903168628946144
-13.5,3.5,9636,0.016528297073885253,0.03054101668143574,0.018156455583838348,0.0262234187649187
-12.5,3.5,9637,0.014481187773686741,0.030959565821573762,0.01618598479867137,0.023304029856089575
-11.5,3.5,9638,0.014379854042488508,0.025780089567712206,0.016833284709333794,0.02390892060881408
-10.5,3.5,9639,0.011378427630713955,0.030804658036497904,0.020716603368634883,0.02202884207666205
-9.5,3.5,9640,0.01320994824081999,0.021886516763741783,0.01548724000924676,0.018281119590805896
-8.5,3.5,9641,0.01204931872216294,0.027325010885079968,0.021162506089958802,0.021870755592840904
-7.5,3.5,9642,0.012451054382912486,0.031972029679670236,0.01696975936244008,0.02894353511078615
-6.5,3.5,9643,0.015563302658131165,0.03220539845058355,0.01854272393976338,0.0246397864083862
-5.5,3.5,9644,0.012043149971113882,0.01985879995376134,0.01811097162170466,0.022276000907028953
-4.5,3.5,9645,0.012546940231275495,0.021374375067017618,0.01575950070418129,0.02405784646296097
-3.5,3.5,9646,0.013096333786840927,0.020918088777566297,0.011516773076726874,0.036950505990699704
-2.5,3.5,9647,0.013951955559583219,0.0222081891486536,0.009480541777116812,0.02564813806044715
-1.5,3.5,9648,0.01458093140951314,0.024711791011149075,0.009585341456469781,0.0215527067942237
-0.5,3.5,9649,0.016663233175866283,0.026430051795076168,0.00952882767933328,0.023659233067211804
0.5,3.5,9650,0.02104115659826692,0.02952977878901167,0.010448698271295256,0.024707417323563435
1.5,3.5,9651,0.021177233031650408,0.031182006935561064,0.011893164767062718,0.041603619297413734
2.5,3.5,9652,0.021453010886811723,0.03188070428105375,0.012272092732201628,0.046254915795428134
3.5,3.5,9653,0.021548821819636455,0.03277502725749517,0.012780316503218824,0.050808807153331165
4.5,3.5,9654,0.01731807626388329,0.05898833787298131,0.013543140644828788,0.0583809732370414
5.5,3.5,9655,0.033362820763128694,0.06999991236147148,0.022312786444512726,0.06913405512800037
6.5,3.5,9656,0.03620243730221728,0.04649672516635343,0.022890175948652516,0.06196000049644137
7.5,3.5,9657,0.039109523460240665,0.046358077136031316,0.022836951503505103,0.06116231680641357
8.5,3.5,9658,0.05813495783734029,0.0939656104330115,0.03479965166003295,0.10138673244043611
9.5,3.5,9659,0.024660660401760456,0.027975571050421352,0.013931759105429087,0.03307773437189341
10.5,3.5,9660,0.013636510234570975,0.0256591174280146,0.013021007877541672,0.028297913950032824
11.5,3.5,9661,0.01471047320272635,0.04068297057951988,0.013695512347382732,0.0271120519701318
12.5,3.5,9662,0.0330930255810325,0.12383955326414314,0.06055751318859358,0.04753656239862058
13.5,3.5,9663,0.025623972318002727,0.0975094175347784,0.06770065901001163,0.03955442598033595
14.5,3.5,9664,0.024828446178544992,0.08157128679645799,0.05536337800016437,0.03911623717249886
15.5,3.5,9665,0.026256995188243013,0.06295081155016172,0.05545690908850532,0.03931636018754647
16.5,3.5,9666,0.028875641163909293,0.064054894261331,0.05757560308023523,0.04183593754389601
17.5,3.5,9667,0.030979173183821197,0.062235192005438054,0.06545347377524575,0.04425186896050056
18.5,3.5,9668,0.039256285464157846,0.057145161245401394,0.05565404434254078,0.0443323454994448
19.5,3.5,9669,0.0389496358041963,0.06219463889404508,0.062388587657050805,0.05156494190656487
20.5,3.5,9670,0.050309434022427005,0.07671073340789918,0.06704378503798256,0.06344293669451112
21.5,3.5,9671,0.036997525956875006,0.06670135331738389,0.06141432151945367,0.056113969128114005
22.5,3.5,9672,0.032915102389959115,0.04720520234912207,0.05265890833903237,0.041132447785240125
23.5,3.5,9673,0.03386030437474325,0.0475570099179137,0.052082019121621886,0.04065266884927324
24.5,3.5,9674,0.03739730977998971,0.04630790260639131,0.03461882968890592,0.03903151447182036
25.5,3.5,9675,0.0430675527925713,0.05341197002458661,0.03177293699013409,0.027815507802709867
26.5,3.5,9676,0.04907898639536322,0.05763674938717994,0.028411267023536142,0.023443446502540898
27.5,3.5,9677,0.0317918608767679,0.059360191684537385,0.026912943469276557,0.02350450193466216
28.5,3.5,9678,0.024150063396032304,0.04680303551685885,0.020143860976841402,0.017957091844592498
29.5,3.5,9679,0.015043756797736235,0.029464668815143397,0.010113734785586375,0.01135747727795465
30.5,3.5,9680,0.014002224386831349,0.029714624402922277,0.009198873046847881,0.010350306565171634
31.5,3.5,9681,0.014144378572585183,0.02928932815553533,0.009088081340447965,0.009787854808367084
32.5,3.5,9682,0.013703856631346868,0.027444893294814126,0.008706203239181984,0.009366087910002176
33.5,3.5,9683,0.015391030712226417,0.028569123930743616,0.008044129459445644,0.009330206311789276
34.5,3.5,9684,0.013823647815422925,0.026468394785957628,0.008186316751970358,0.015540728230822747
35.5,3.5,9685,0.01435462475703461,0.026890177351070344,0.008031673625650522,0.020936158866603313
36.5,3.5,9686,0.01439555208522644,0.028617205546227945,0.00795017917814842,0.020877434646912572
37.5,3.5,9687,0.01554839169548505,0.020197157513596027,0.009510655906516516,0.022150414620081032
38.5,3.5,9688,0.017357039165471964,0.020197157513596027,0.007974771279576832,0.02187674668137469
39.5,3.5,9689,0.017357039165471964,0.02074620697820494,0.007944177088513122,0.016651807568239155
40.5,3.5,9690,0.017830286458984212,0.020545911514306334,0.007944177088513122,0.021543366952622548
41.5,3.5,9691,0.017812555086931924,0.020545911514306334,0.010059050052408836,0.019818356030783742
42.5,3.5,9692,0.019232653170940008,0.02114211581824473,0.010059050052408836,0.0196415946609989
43.5,3.5,9693,0.019232653170940008,0.020357812135802938,0.009248915146291514,0.012276328582607526
44.5,3.5,9694,0.019166994463841253,0.018321490550683047,0.0092772419773588,0.012314880454214786
45.5,3.5,9695,0.019021739782023848,0.026346591620557677,0.009258792234024461,0.011222141655184342
46.5,3.5,9696,0.028636478551775327,0.02282149388214449,0.009171101850623021,0.011198071679480783
47.5,3.5,9697,0.028805970222258392,0.022179004427891034,0.018872104575793275,0.011186512783378741
48.5,3.5,9698,0.02635881142190885,0.01942081555457826,0.015610554576629545,0.010902364374765768
49.5,3.5,9699,0.028767492157553476,0.01942081555457826,0.015610554576629545,0.010886670710801936
50.5,3.5,9700,0.036298980770018224,0.02016050897592109,0.012701358620340938,0.010886670710801936
51.5,3.5,9701,0.03482439012141858,0.020221631889557837,0.014641674431659667,0.011034562431923882
52.5,3.5,9702,0.024000951755344578,0.02067562549326918,0.015978649955324557,0.012639204609989067
53.5,3.5,9703,0.02303822914434047,0.022246108103640753,0.014570179860633484,0.010870736546781357
54.5,3.5,9704,0.02758451917668233,0.020221631889557837,0.021926249488825416,0.010833534601994505
55.5,3.5,9705,0.02872800069773105,0.020164479583329977,0.02011419985956926,0.010787503423621104
56.5,3.5,9706,0.03168779334914307,0.020164479583329977,0.01763579462565763,0.010654645696707744
57.5,3.5,9707,0.03388680792802782,0.02245781430988097,0.01151141596638213,0.011203352525001872
58.5,3.5,9708,0.02905532100249523,0.02044403971367837,0.012104905157106136,0.011874470691007583
59.5,3.5,9709,0.033062665244691515,0.021874029476704263,0.009890591420550727,0.011037452353486304
60.5,3.5,9710,0.02196170672575534,0.02254793224718704,0.012137858911534122,0.011556815493362889
61.5,3.5,9711,0.017503840527830532,0.020516905869290846,0.011911999232309033,0.011245401528086564
62.5,3.5,9712,0.017684933004172648,0.022978593520677507,0.009405872383138697,0.007779731928189509
63.5,3.5,9713,0.017850531521343495,0.02643768151793554,0.009475936040505539,0.008174013264630766
64.5,3.5,9714,0.016958162678925574,0.02643768151793554,0.01524314089796752,0.008247363954786714
65.5,3.5,9715,0.017240306184824066,0.029566683987960588,0.015283150550555033,0.008481572298031963
66.5,3.5,9716,0.01718920823120519,0.030785139168658975,0.015252536385215718,0.008887668367760271
67.5,3.5,9717,0.01777363668956502,0.03343451682022543,0.012719881175354518,0.008369126911079574
68.5,3.5,9718,0.019142877294171853,0.033574239049061705,0.012939844537237805,0.008903822087663684
69.5,3.5,9719,0.017714768585145722,0.03489346416648496,0.011937623632669167,0.009043226148376814
70.5,3.5,9720,0.017714768585145722,0.03809541800058817,0.009233157721502523,0.009878502943042471
71.5,3.5,9721,0.01823444603726462,0.038243355748673095,0.009342735497369309,0.00930447609805963
72.5,3.5,9722,0.01590599341615951,0.034480558235364445,0.011272936709888442,0.0126393732069017
73.5,3.5,9723,0.019492705589642115,0.04796090200338444,0.013626094647427015,0.0249803640988129
74.5,3.5,9724,0.01611679833607492,0.050075215842253204,0.013364701072846213,0.022858192750401126
75.5,3.5,9725,0.01949300346325617,0.04906129144976743,0.014987231778503324,0.025948407671813115
76.5,3.5,9726,0.018359000081120565,0.05973131920657968,0.010589743465747955,0.024346027029581583
77.5,3.5,9727,0.015174988249341454,0.04215293478478071,0.008132796269968903,0.01939218427019008
78.5,3.5,9728,0.01446279655815229,0.04616544283129638,0.008515612848219218,0.018589272655216878
79.5,3.5,9729,0.013751776586616388,0.030844443951336852,0.009917776639894614,0.021767629041549906
80.5,3.5,9730,0.018590186687977843,NA,0.014761162558187827,0.019522329707070237
81.5,3.5,9731,0.016556435158593615,NA,0.02437877516581507,0.01622616651062193
82.5,3.5,9732,0.02095678062233254,NA,0.031393368379154546,0.019638537773631223
83.5,3.5,9733,0.021438500160722542,NA,0.034814214435202336,0.019105994166897754
84.5,3.5,9734,0.02051049426090591,NA,0.02467044540983469,0.026923184986166356
85.5,3.5,9735,0.027222963276709762,NA,0.03419322605232587,0.036243657036529174
86.5,3.5,9736,0.02537898620750997,NA,0.03092667708886184,0.03745572542089938
87.5,3.5,9737,0.022265878454676143,NA,0.05625170548681775,0.03039566619695029
88.5,3.5,9738,0.03438703878996665,NA,0.048130955297583385,0.03317583374784636
89.5,3.5,9739,0.04541539637025051,NA,0.08732615540153345,0.035794044152016126
90.5,3.5,9740,0.04740366904004761,NA,NA,0.03154400765451748
91.5,3.5,9741,0.08335344563672552,NA,NA,0.029218437822102646
92.5,3.5,9742,0.0888283224529828,NA,NA,0.030080530023813508
93.5,3.5,9743,0.10982406031236304,NA,NA,0.04059265757490955
94.5,3.5,9744,0.189364230963628,NA,NA,0.08372661078001785
95.5,3.5,9745,0.39509150934469145,NA,NA,0.09423974907195178
96.5,3.5,9746,0.1783972469757664,NA,NA,0.10133666077237972
97.5,3.5,9747,0.12891315090105882,NA,NA,0.09081444211542988
98.5,3.5,9748,0.18382426999413562,NA,NA,0.2536881412010455
99.5,3.5,9749,0.19291577821019185,NA,NA,0.437249394497469
100.5,3.5,9750,0.2966406258215325,NA,0.4434742914114948,0.26225398041595394
101.5,3.5,9751,0.18137172636927293,NA,0.43091564483066014,0.23414899791784835
102.5,3.5,9752,0.057580650647462886,NA,0.1432865026962359,0.1279844354534883
-119.5,4.5,9765,0.002743858563033243,0.0064257691411432364,NA,0.0056237460009775555
-118.5,4.5,9766,0.002711164460532206,0.007506628303699925,NA,0.005262858110428819
-117.5,4.5,9767,0.0026149474331309134,0.009837751912279485,NA,0.0048987877152983
-116.5,4.5,9768,0.0024433176832775448,0.012247815703938358,NA,0.004548025228932664
-115.5,4.5,9769,0.0025036279937241477,0.02054646504837523,NA,0.0050446397805595745
-114.5,4.5,9770,0.0030138610461187356,0.026546233685316407,NA,0.005221851780057434
-113.5,4.5,9771,0.0034458415657714673,0.027820798462866992,NA,0.00503657789539371
-112.5,4.5,9772,0.00398489315925887,0.044427100285056746,NA,0.006234561738408017
-111.5,4.5,9773,0.006465339673651313,0.04091389592274658,NA,0.006955541558328691
-110.5,4.5,9774,0.007637832422829069,0.040718173184220136,NA,0.006858303086533558
-109.5,4.5,9775,0.011065293011465348,NA,NA,0.007070298876524777
-108.5,4.5,9776,0.016717680303814528,NA,NA,0.005883312575454953
-107.5,4.5,9777,0.027847020521167856,NA,NA,0.005769271523627113
-106.5,4.5,9778,0.03462187260205458,NA,NA,0.00756515749790754
-105.5,4.5,9779,0.073630547483539,NA,NA,0.007416137856414728
-104.5,4.5,9780,0.041296998096305076,NA,NA,0.0044185622976096305
-103.5,4.5,9781,0.04888667943532134,NA,NA,0.005382141710165243
-102.5,4.5,9782,0.04168339604798,NA,NA,0.009090710452928197
-101.5,4.5,9783,0.06747031354081671,NA,NA,0.056464630851937696
-100.5,4.5,9784,0.09887244894024345,NA,NA,0.10896529990394681
-99.5,4.5,9785,0.09560592047963011,0.19887564040753117,0.006765490746109302,0.13785930356523288
-98.5,4.5,9786,0.026419846916077613,0.0834429014463758,0.008636874293454349,0.14393568481111868
-97.5,4.5,9787,0.04133575837165245,0.07465212295102341,0.007486164232169721,0.13222776793607527
-96.5,4.5,9788,0.02968044041098777,0.02527165545115582,0.006586221523160411,0.12784112050808782
-95.5,4.5,9789,0.030707980845667553,0.02560609298092151,0.007536178317851956,0.029412007085246803
-94.5,4.5,9790,0.059318402048185365,0.04175228944268747,0.02156759941588462,0.02580079323797657
-93.5,4.5,9791,0.03301519845433967,0.030295888902699807,0.019203118721680325,0.03182582785517194
-92.5,4.5,9792,0.04165754627850694,0.0356051644257715,0.012303481458519467,0.03124942295010775
-91.5,4.5,9793,0.02296119361833462,0.02875735082841456,0.019711565096664174,0.025580662135179053
-90.5,4.5,9794,0.029940324796669446,0.03768041844983574,0.028560757475402678,0.032411092802812465
-89.5,4.5,9795,0.0260873356941156,NA,0.017351250478786207,0.049878759697558006
-88.5,4.5,9796,0.027934931091676763,NA,0.01669658196018008,0.036384884070267354
-87.5,4.5,9797,0.02743710041375559,NA,0.030303397330320177,0.02491832126398241
-86.5,4.5,9798,0.014939388580011047,NA,0.015589646030809923,0.02606913580548038
-85.5,4.5,9799,0.02831774936981206,NA,0.03792281399608649,0.037059406371314364
-84.5,4.5,9800,0.013376568043089199,NA,0.006044458317229436,0.008020625807961403
-81.5,4.5,9801,0.004798086630875577,NA,0.0048545460353471796,0.004441170566921845
-80.5,4.5,9802,0.007670068479256708,NA,0.015932059481175403,0.017697568466483137
-79.5,4.5,9803,0.004596516244762774,0.05376258741004252,0.07877172710906553,0.005748368544007313
-76.5,4.5,9804,0.003383984672171656,0.010547049716461003,0.0024111525235918723,0.005307287961842235
-75.5,4.5,9805,0.022130867009071967,0.0930959520212072,0.02500723212075246,0.03960355032800199
-74.5,4.5,9806,0.007902522962656137,0.011403542691833359,0.0052092932876759025,0.006685562946790213
-73.5,4.5,9807,0.008343457240797209,0.006079132544682348,0.008213889466275248,0.010046667217368948
-72.5,4.5,9808,0.012275028183653952,0.008574140970728058,0.010691389534882603,0.006184095761888663
-71.5,4.5,9809,0.008066399798397919,0.00944004578637705,0.01594078000076678,0.006177376100580364
-70.5,4.5,9810,0.012841941197228752,0.009431214013668351,0.017740695898477925,0.010309879592533154
-69.5,4.5,9811,0.01738931090931963,NA,0.0340703910329852,0.017145079562674217
-68.5,4.5,9812,0.017983442833416467,NA,0.042024655316073904,0.017989203878298735
-67.5,4.5,9813,0.02244402590185122,NA,0.032848593875969244,0.029721037668710013
-66.5,4.5,9814,0.043907517081604765,NA,0.0240574044814787,0.09210360309857757
-60.5,4.5,9815,0.08992938014618579,NA,0.16415996240158814,0.16073597782770108
-59.5,4.5,9816,0.09422817141972746,0.11832302639374896,0.13484919181111824,0.19387455798064848
-58.5,4.5,9817,0.1402518456077801,0.0638959679558338,0.19180070844233799,0.3333867484539949
-57.5,4.5,9818,0.08666062686664285,0.033970682579917984,0.08212808419365103,0.19958475373358306
-56.5,4.5,9819,0.11448854585668092,0.041561200046848455,0.08133590267362581,0.09577939408758902
-55.5,4.5,9820,0.03990757376743261,0.0591418902015353,0.09395564328757192,0.1766821993896532
-54.5,4.5,9821,0.037705427900787965,0.06554306803355285,0.1492788609120355,0.13681587916939597
-53.5,4.5,9822,0.024370216984280744,0.09226755674074548,0.06626795589692153,0.064950648141961
-52.5,4.5,9823,0.03080561073145007,0.14926219320688025,0.08105303315047477,0.1733804470465961
-51.5,4.5,9824,0.0511064332265784,0.19162993692384694,0.13844716446124633,0.16655473399928966
-50.5,4.5,9825,0.04660929952296032,0.21241368650566989,0.08059485220199933,0.16079908846767735
-49.5,4.5,9826,0.062240236328360087,0.22092331980468824,0.12749240131161416,0.15869582635022672
-48.5,4.5,9827,0.07559104219037421,0.29961102665835726,0.08644868163770641,0.12082581124180294
-47.5,4.5,9828,0.054814483468868684,0.40563443183252973,0.08856462010998094,0.12200765768792717
-46.5,4.5,9829,0.05047753927873495,0.2702467329398727,0.07832596145305076,0.20309476134973092
-45.5,4.5,9830,0.04108987251365404,0.2181416377179683,0.0620283339720105,0.16456660078754398
-44.5,4.5,9831,0.029317785492357678,0.2321801809323727,0.0591400539323528,0.25593024935064485
-43.5,4.5,9832,0.034501642564978806,0.1439163084140419,0.025091985553907237,0.27990362492809995
-42.5,4.5,9833,0.030288168285864312,0.09553433042318694,0.040390050078096894,0.20462215962350586
-41.5,4.5,9834,0.036919427753901175,0.05630895518306849,0.028226721487137663,0.19218338330705426
-40.5,4.5,9835,0.036593345610305576,0.04657258972024095,0.04340274207563415,0.18098338804339537
-39.5,4.5,9836,0.010038067825711617,0.01905017716254609,0.01667715763074241,0.2130790419849068
-38.5,4.5,9837,0.00767397310338392,0.00911595585599545,0.02058022672902728,0.1692189508282381
-37.5,4.5,9838,0.008307321828776982,0.01030748218417175,0.01966608591690811,0.19705167797192136
-36.5,4.5,9839,0.010651515787982515,0.01035316895248961,0.032632744910805686,0.2977707701227448
-35.5,4.5,9840,0.012624961946146339,0.026110458431686433,0.05658229780533186,0.18817335483132921
-34.5,4.5,9841,0.012665513782498077,0.14380209403222605,0.0363565291236041,0.22254331437277988
-33.5,4.5,9842,0.009607509933720448,0.11043082313419174,0.16351136835883245,0.18254072449226064
-32.5,4.5,9843,0.010598694701706888,0.058735007631734414,0.30767518658453036,0.2538881207644053
-31.5,4.5,9844,0.012213112009491647,0.05787641128971762,0.36368501572893125,0.245060567789934
-30.5,4.5,9845,0.006152748837880929,0.15472520900409178,0.3910164312182477,0.15933865139690656
-29.5,4.5,9846,0.005200888435125561,0.38628826345492556,0.03617386173207919,0.35120958880624387
-28.5,4.5,9847,0.005162148379266716,0.021643781362948526,0.030130915416421034,0.12248658993838296
-27.5,4.5,9848,0.007251302825782933,0.03215427515851801,0.030835728556043492,0.07995709819078071
-26.5,4.5,9849,0.00785418938210035,0.037157602901689346,0.036554265676013595,0.08287325121589316
-25.5,4.5,9850,0.006384517395025982,0.025031556114792852,0.019331602089136934,0.07152741479309968
-24.5,4.5,9851,0.008748784652782135,0.030067009926669185,0.021378616770031864,0.036316696922607465
-23.5,4.5,9852,0.006547365202020733,0.01967525542143299,0.015247797981000687,0.018297503515629546
-22.5,4.5,9853,0.006775294929107369,0.020430439520615518,0.015671299198906776,0.018062081686171263
-21.5,4.5,9854,0.0075732361221330004,0.026885937413806692,0.014271985822589674,0.01701149298736921
-20.5,4.5,9855,0.010420228681157561,0.03354547073991499,0.01753510695945964,0.021103254090243766
-19.5,4.5,9856,0.010721191685502075,0.03124489284332445,0.0177017351120103,0.020292136124820455
-18.5,4.5,9857,0.010552094999038973,0.030175699058559612,0.017876536353474907,0.017798910545734972
-17.5,4.5,9858,0.014396496385831225,0.04819250180975956,0.02288141572414431,0.029266706268169
-16.5,4.5,9859,0.014231098726975701,0.08085273044434853,0.022311596872061728,0.029495536640819355
-15.5,4.5,9860,0.011443375958283656,0.02907551233066794,0.016655728167556026,0.019328034631066502
-14.5,4.5,9861,0.011550619642208859,0.028082625907297376,0.014273230660719192,0.019700100932631425
-13.5,4.5,9862,0.01155317135679662,0.022642677462649596,0.014352026881406186,0.020712307919013538
-12.5,4.5,9863,0.012997576405236428,0.033696033890909645,0.01611309134411082,0.02732065228973308
-11.5,4.5,9864,0.011973568541293058,0.025279467036025106,0.016467945447845907,0.02827824710639955
-10.5,4.5,9865,0.012936681652896376,0.0338671246869642,0.025422993033976184,0.03018041299794
-9.5,4.5,9866,0.010767799727411485,0.02853747646583054,0.013047972483235326,0.019884965944810554
-8.5,4.5,9867,0.014309894042660917,0.034731138818896716,0.011091793993094184,0.01891933149250335
-7.5,4.5,9868,0.012861682276515704,0.02811045042476959,0.012938262473242047,0.018228126564056337
-6.5,4.5,9869,0.012217736552980335,0.028064226145838596,0.01481164719778806,0.022398567781344976
-5.5,4.5,9870,0.01216156605326306,0.027032117920098436,0.015258123149628607,0.039010690753107306
-4.5,4.5,9871,0.014140578683834564,0.026894916073548228,0.013335648960983684,0.017256594999531413
-3.5,4.5,9872,0.01679808497275587,0.025073744369681402,0.014052946430358348,0.014402346509458297
-2.5,4.5,9873,0.01798454949644776,0.028542984108703873,0.012799947524638713,0.01476814907502913
-1.5,4.5,9874,0.018329815385635165,0.028270176395353425,0.012863941786849879,0.01510075685301351
-0.5,4.5,9875,0.0146427517802178,0.029013802773950517,0.01671282517269712,0.012058835358828852
0.5,4.5,9876,0.016881427740087933,0.025265563676252527,0.011172736308786102,0.015768498465278554
1.5,4.5,9877,0.017314625574255546,0.0255142827592872,0.007800439973433239,0.016506103693713206
2.5,4.5,9878,0.015796467591113326,0.03304970174134522,0.007826503317049463,0.019514207477356025
3.5,4.5,9879,0.015789475611765014,0.033218633111595036,0.008740518027453055,0.01773960713432585
4.5,4.5,9880,0.0158184839333074,0.03697223875596836,0.009429385785622836,0.023001356450763354
5.5,4.5,9881,0.017669886906440137,0.04106489205179308,0.009557262661953392,0.022997086422436367
6.5,4.5,9882,0.018314596245125683,0.04120790064966886,0.010890517115218509,0.023511324059453546
7.5,4.5,9883,0.022122797592900617,0.0694649949097915,0.013089651388458499,0.028555917108779208
8.5,4.5,9884,0.010840102485039842,0.02291955881196404,0.00843190063473165,0.014519194649366105
9.5,4.5,9885,0.009163258400968932,0.030434333261628293,0.007890016982313933,0.014582427581351578
10.5,4.5,9886,0.008280037814277079,0.050360659107672505,0.008583770876261311,0.01458242758135158
11.5,4.5,9887,0.009713057196783031,0.06187842828217678,0.01013406706068151,0.01626867365140757
12.5,4.5,9888,0.015538931149757967,0.08372876930407407,0.020623536077958946,0.026912799880845877
13.5,4.5,9889,0.01743008049328366,0.0750970554941904,0.020441196401344994,0.03027261509207904
14.5,4.5,9890,0.01597450487347973,0.11476822374090888,0.020550197561183595,0.023949674271881438
15.5,4.5,9891,0.015568108026163294,0.0962221140901993,0.02204829674185019,0.02382121413722724
16.5,4.5,9892,0.016859901386916076,0.054751892131049924,0.02229749619189105,0.023215219554224942
17.5,4.5,9893,0.01760036287038588,0.05462288782901813,0.024504245460782965,0.029200715932864593
18.5,4.5,9894,0.02364715966181593,0.06483020222292843,0.028324732576019203,0.028786973076264166
19.5,4.5,9895,0.022846945416103073,0.07239971407349408,0.027754849047236137,0.034548360836651554
20.5,4.5,9896,0.021311723369669033,0.10389395342456893,0.029709719343913983,0.03718429598201693
21.5,4.5,9897,0.03134584440817521,0.14138860467286085,0.03456764526622852,0.04929624001166884
22.5,4.5,9898,0.016884845387572532,0.047872664203751115,0.024371440660308035,0.026600444722812592
23.5,4.5,9899,0.021122009694974388,0.0447928557047377,0.02215763450186525,0.03377035738273356
24.5,4.5,9900,0.02037170972154723,0.04154135195538255,0.01992044631273664,0.028970920090903234
25.5,4.5,9901,0.03652161614377223,0.04010848720318258,0.01992795483000718,0.028858008302489302
26.5,4.5,9902,0.030860407579948873,0.03592939583089498,0.02211102340382683,0.026867205294912214
27.5,4.5,9903,0.03619550278169167,0.035832255149798264,0.02222442210612306,0.027032126177465067
28.5,4.5,9904,0.018071014528798297,0.017558294481152703,0.01107743796947733,0.013134056622947777
29.5,4.5,9905,0.012916210037825757,0.015934466331474394,0.010051818975560161,0.015603997777103177
30.5,4.5,9906,0.012807266939534084,0.0160431289373084,0.010047544747169077,0.011357326176537612
31.5,4.5,9907,0.018583120074502715,0.015598183324248617,0.016351534904069664,0.008952671579607389
32.5,4.5,9908,0.028038352425823428,0.01808500830846435,0.021409891975826628,0.007557523035270555
33.5,4.5,9909,0.02005912616101894,0.02020406582158265,0.018734771156663572,0.008031455463325501
34.5,4.5,9910,0.022798059742485062,0.019671860509033592,0.01914105540578212,0.007557523035270555
35.5,4.5,9911,0.020125066798297973,0.021281245279136166,0.02204992650505854,0.007583719680023067
36.5,4.5,9912,0.021305223186585287,0.020783727391991892,0.014531701639878958,0.008052703336151903
37.5,4.5,9913,0.018652160970168405,0.022568955412180645,0.009226181078803663,0.007557523035270555
38.5,4.5,9914,0.022851312657951373,0.02285680795094174,0.009138347667374876,0.008003610811364836
39.5,4.5,9915,0.023215249095788166,0.024027479979350286,0.009922670452824734,0.007474862453979822
40.5,4.5,9916,0.020800365394384155,0.025434056234571262,0.008248910909580263,0.007842880099446068
41.5,4.5,9917,0.023978123605055607,0.021455770089462065,0.013853735367968115,0.007402834891022038
42.5,4.5,9918,0.024105051515417582,0.0265361368664192,0.015215854540303149,0.007826000815531966
43.5,4.5,9919,0.02412864545344592,0.03282508512135361,0.012329460237088743,0.007318678432363015
44.5,4.5,9920,0.02281597889298199,0.022345371466926153,0.014682611603851795,0.007181841485983368
45.5,4.5,9921,0.014084153029525136,0.025769625545376148,0.014608780241079245,0.011047488858202255
46.5,4.5,9922,0.015408432286490744,0.027445027381519674,0.01326963352802801,0.011022210552594463
47.5,4.5,9923,0.015147003772825495,0.028219573540532727,0.011235681372403354,0.011173019128439689
48.5,4.5,9924,0.015147003772825495,0.02821957354053273,0.011275069373215547,0.011184216485223865
49.5,4.5,9925,0.0135693454067221,0.02542479136001058,0.012705491453658704,0.01281197860130182
50.5,4.5,9926,0.015210057329727942,0.02546530934643542,0.012744604081175333,0.01110127054015914
51.5,4.5,9927,0.02261361851334767,0.04104242747497569,0.018030061666869945,0.016820268872624146
52.5,4.5,9928,0.01509970230514034,0.0281673304774841,0.007926097063187403,0.010985652827833411
53.5,4.5,9929,0.014627956307566345,0.02831755607224234,0.008037307157071823,0.010833101826306002
54.5,4.5,9930,0.014627956307566345,0.03165927217198242,0.008121853543643065,0.010427838985287919
55.5,4.5,9931,0.014627956307566345,0.029202240906773275,0.00804808103305765,0.010203634613457541
56.5,4.5,9932,0.019743390278079316,0.029503188059677873,0.006732243848727963,0.010245574095262047
57.5,4.5,9933,0.023950490586363993,0.0321151071525803,0.006675948398043115,0.008335043660977025
58.5,4.5,9934,0.024028640380167488,0.03763595989132131,0.00672412068560583,0.005824213157403383
59.5,4.5,9935,0.021919035720031257,0.031919186861557834,0.008097824776609376,0.009710188118894549
60.5,4.5,9936,0.02112156289761272,0.032669292435536186,0.008171420035847868,0.005842937924147795
61.5,4.5,9937,0.02414914214933513,0.03218752371218633,0.008186656883970076,0.0058220512151891625
62.5,4.5,9938,0.024305169237070122,0.027984571496805413,0.008306124691316995,0.005693456600286315
63.5,4.5,9939,0.023782065858589628,0.030676371031641825,0.007026275467021078,0.005578715103092716
64.5,4.5,9940,0.027613811763284223,0.04200734271146497,0.007063571918997297,0.008723102449242773
65.5,4.5,9941,0.027041698383707066,0.04410497126856689,0.007126513235982584,0.011922553865955443
66.5,4.5,9942,0.016486552431877563,0.039527503217802795,0.008772893666149245,0.01288959655473352
67.5,4.5,9943,0.01536517138294038,0.04093336461374645,0.00735893183477381,0.010420701247558811
68.5,4.5,9944,0.016196907500575564,0.04218013599396905,0.0069646871928446905,0.010951942435647575
69.5,4.5,9945,0.015503075007671957,0.04700354559915925,0.007268120082781293,0.010392972015152295
70.5,4.5,9946,0.015398193982302326,0.04481751840609887,0.007838929780150942,0.012585040173418884
71.5,4.5,9947,0.01544587453256319,0.05007367917274173,0.011135846959243315,0.027736135502535543
72.5,4.5,9948,0.015588954319140303,0.04959233919698836,0.015642427562539057,0.019889702292523764
73.5,4.5,9949,0.019424152535489573,0.058342165782187295,0.02571266670510319,0.02502289240236859
74.5,4.5,9950,0.017164344582567045,0.054526956831304214,0.01840178394668412,0.03747138336702165
75.5,4.5,9951,0.01893086475230247,0.05367510366566074,0.015408640761263671,0.03932031816620625
76.5,4.5,9952,0.012520131844504307,0.051344953195086016,0.014332400294048312,0.024617282401032687
77.5,4.5,9953,0.009881784991874299,0.041436038558755564,0.01928287673470579,0.020085514130548977
78.5,4.5,9954,0.009371998899927092,0.027296293932160393,0.029764588205665198,0.019678983125250488
79.5,4.5,9955,0.009447391256188325,0.028260702699112388,0.02144830399909758,0.016173427803221944
80.5,4.5,9956,0.010745319055083857,NA,0.022672560647159452,0.016790336892980456
81.5,4.5,9957,0.008895370626084212,NA,0.030140414242748128,0.013030578576981817
82.5,4.5,9958,0.0082521742906034,NA,0.033751135545839424,0.01423937099147362
83.5,4.5,9959,0.014779161712964502,NA,0.03636633809913962,0.02547555426096072
84.5,4.5,9960,0.01257489033898704,NA,0.029371123058736254,0.037311860860833
85.5,4.5,9961,0.014369780902841448,NA,0.020064060383179295,0.024808307461803947
86.5,4.5,9962,0.013656682500948465,NA,0.05692779724108871,0.0249140585606863
87.5,4.5,9963,0.013969535748492771,NA,0.038788984013514355,0.026296105666614195
88.5,4.5,9964,0.02366252834280643,NA,0.046270954886564235,0.026942230901972064
89.5,4.5,9965,0.03039962828579543,NA,0.055429588185008406,0.027712500485201935
90.5,4.5,9966,0.08167664487132478,NA,NA,0.02748682800631031
91.5,4.5,9967,0.08326029964158403,NA,NA,0.035987951068950044
92.5,4.5,9968,0.1042710049304892,NA,NA,0.03355675314772808
93.5,4.5,9969,0.08350543490191958,NA,NA,0.031785160818904375
94.5,4.5,9970,0.254403912407785,NA,NA,0.05099262458359162
95.5,4.5,9971,0.22150042042643403,NA,NA,0.06405574041202919
96.5,4.5,9972,0.13342573517381837,NA,NA,0.09151861879890336
97.5,4.5,9973,0.12360859301736836,NA,NA,0.4474825666089996
98.5,4.5,9974,0.26177689860396053,NA,NA,0.45085375408156925
99.5,4.5,9975,0.18764864505866183,NA,NA,0.5095938699447505
100.5,4.5,9976,0.1795914472040257,NA,0.47165665707164633,0.4399367405486847
101.5,4.5,9977,0.3722050008222944,NA,0.3701887446447343,0.3083459063450209
102.5,4.5,9978,0.07351559245609786,NA,0.45667510494832825,0.2747986396315246
-119.5,5.5,9990,0.0024414144782285256,0.006681043242480209,NA,0.005836360812430686
-118.5,5.5,9991,0.002631432878192927,0.008177006857444269,NA,0.006064546112840484
-117.5,5.5,9992,0.0032496928155461304,0.0077945657434264825,NA,0.00453143208403154
-116.5,5.5,9993,0.0032089952915360293,0.009370895013056848,NA,0.0053686836760628385
-115.5,5.5,9994,0.003374339974493257,0.012247682226454696,NA,0.004844282110119453
-114.5,5.5,9995,0.003468602322303119,0.017239323056537446,NA,0.004526726831800098
-113.5,5.5,9996,0.00413319311361618,0.02746663727956059,NA,0.006873355231823644
-112.5,5.5,9997,0.005192189799687686,0.05268752467026799,NA,0.0073961644390084375
-111.5,5.5,9998,0.007786556712425467,0.09455901366748998,NA,0.00694073001642804
-110.5,5.5,9999,0.019067893416985785,0.04355943691399759,NA,0.007265021619607489
-109.5,5.5,10000,0.02706106550151718,NA,NA,0.005252141954109639
-108.5,5.5,10001,0.027423489637199445,NA,NA,0.005411620477666717
-107.5,5.5,10002,0.03540003837374338,NA,NA,0.003600848783331217
-106.5,5.5,10003,0.037886682659113484,NA,NA,0.0029795041746930296
-105.5,5.5,10004,0.10291696558448189,NA,NA,0.014059582956039018
-104.5,5.5,10005,0.08749953086575873,NA,NA,0.008187131653552206
-103.5,5.5,10006,0.08572270989625566,NA,NA,0.012350227614035637
-102.5,5.5,10007,0.0470789692894643,NA,NA,0.03197620483063038
-101.5,5.5,10008,0.04417788952754801,NA,NA,0.12561663188771183
-100.5,5.5,10009,0.050808753554975696,NA,NA,0.25116430923910193
-99.5,5.5,10010,0.05938122302866471,0.04394692662798027,0.009478774663907053,0.04432484390533831
-98.5,5.5,10011,0.04220795398915741,0.052899609036536864,0.0235142658383209,0.02239754705353379
-97.5,5.5,10012,0.04397901257829246,0.08957469256350055,0.043987105288201926,0.03440584546315158
-96.5,5.5,10013,0.03353778347720013,0.06791629713319179,0.02539959954106838,0.133595916117817
-95.5,5.5,10014,0.0639679351852759,0.05303483582076013,0.009000198453339355,0.04861264948807856
-94.5,5.5,10015,0.0645608974322685,0.03791750962185574,0.010398446130912625,0.02412861695976836
-93.5,5.5,10016,0.0368593658771119,0.025768771838262847,0.012716259294308651,0.033381110069493965
-92.5,5.5,10017,0.03298943858847477,0.026977776673404348,0.0080047916166969,0.04022750211605689
-91.5,5.5,10018,0.041126617959801895,0.026367364920686597,0.00885654463628197,0.03559790918904308
-90.5,5.5,10019,0.060282040174555636,0.026104666322400275,0.01638944733343194,0.05161598719890409
-89.5,5.5,10020,0.0483381756686365,NA,0.02868844752039628,0.042550616557290206
-88.5,5.5,10021,0.02724414230442077,NA,0.018924843141088547,0.03897079879487286
-87.5,5.5,10022,0.030415577298243488,NA,0.02217245444207772,0.037110262476829664
-86.5,5.5,10023,0.030597324009279166,NA,0.03027788372788083,0.02881432177692759
-85.5,5.5,10024,0.035421720214748945,NA,0.022933730340713644,0.03667279088311587
-83.5,5.5,10025,0.011229921815572128,NA,0.012800489820334052,0.006353168065555076
-82.5,5.5,10026,0.006764498576281656,NA,0.013729327026416466,0.009246013886275559
-81.5,5.5,10027,0.015912510240267932,NA,0.023353046337643305,0.011680541176824275
-80.5,5.5,10028,0.008279047956250786,NA,0.019228154247831458,0.010395413990370117
-76.5,5.5,10029,0.004332490655309836,0.00591842856911235,0.0027635319082397096,0.002657953955112516
-75.5,5.5,10030,0.009232326599334857,0.01661190063075267,0.006010461839130463,0.00999484588679625
-74.5,5.5,10031,0.007390265953741149,0.0033470691363894104,0.006183252826170675,0.005846561381014352
-73.5,5.5,10032,0.006589061343967719,0.007480590039274878,0.0073339290618010256,0.012916481761474674
-72.5,5.5,10033,0.007663740079329131,0.016330078824258715,0.013876878021962821,0.005907573006408756
-71.5,5.5,10034,0.010383220652266972,0.0074008312109325,0.019370690513622005,0.009156445143051167
-70.5,5.5,10035,0.007528198527624213,0.008921712781459624,0.02268521291933421,0.010426261820201298
-69.5,5.5,10036,0.00977451122984989,NA,0.013176707453471208,0.007647615310134541
-68.5,5.5,10037,0.023088368679036124,NA,0.041937936008807054,0.024080869337531292
-67.5,5.5,10038,0.024119336010215677,NA,0.08123237955855292,0.04459876707651844
-66.5,5.5,10039,0.06612504433887847,NA,0.15660975719907108,0.19907395405338846
-65.5,5.5,10040,0.04681424065611686,NA,0.02473835509878529,0.20978074401530952
-60.5,5.5,10041,0.013566162736909134,NA,0.05384468654743682,0.026637725027887256
-59.5,5.5,10042,0.0073028512826711365,0.017409417508078704,0.030731752153431234,0.017825124422809948
-58.5,5.5,10043,0.043735100549000004,0.05503736653724428,0.04389494649614679,0.05935273539550198
-57.5,5.5,10044,0.08233967162711052,0.1237522920881133,0.1624113337585647,0.35575994559750057
-56.5,5.5,10045,0.08610012062495329,0.04738194038340785,0.22135452557638816,0.16220557144841918
-55.5,5.5,10046,0.14630658803003738,0.044865546480652295,0.11940948449880628,0.1658190290926683
-54.5,5.5,10047,0.023422307622205953,0.03729907741418137,0.05317098114036172,0.11956439940464615
-53.5,5.5,10048,0.017562656508590443,0.035596596601289214,0.03383596156943019,0.04576367125259477
-52.5,5.5,10049,0.03251843644029281,0.1582506847284265,0.06148869706359457,0.1640335079207664
-51.5,5.5,10050,0.02869775511835284,0.16257177560708794,0.05899403233424299,0.12032772731638136
-50.5,5.5,10051,0.02757540458427488,0.1734932051230179,0.0913047160530448,0.10299394896969638
-49.5,5.5,10052,0.030132472825910313,0.16887658483728724,0.081157760168888,0.19156000420438724
-48.5,5.5,10053,0.03386752466101483,0.30463719211298484,0.08546593543748868,0.17763708440736528
-47.5,5.5,10054,0.03281423395579987,0.14227148628810507,0.07345312022359392,0.11497540158352582
-46.5,5.5,10055,0.04697865007476097,0.2825916155605981,0.1056076102543996,0.24944888169379453
-45.5,5.5,10056,0.03390613892893976,0.2163036224821325,0.0758783482364954,0.20202264626846794
-44.5,5.5,10057,0.025817261323258078,0.20562914314290126,0.06540458287667428,0.14517853701847055
-43.5,5.5,10058,0.02469778698977001,0.11653023986363319,0.06841324786034321,0.15756024896172877
-42.5,5.5,10059,0.02260760290465224,0.08561392837401242,0.09325534554432861,0.1401843228244553
-41.5,5.5,10060,0.025567642581102643,0.07935375286603974,0.039236419957682234,0.3039268340128792
-40.5,5.5,10061,0.02125382783043272,0.07948272722844044,0.0388210526282438,0.1644300435005644
-39.5,5.5,10062,0.0276566981201833,0.05775154443074801,0.03317182833665945,0.12057288630664528
-38.5,5.5,10063,0.011104688244624754,0.039424876163607035,0.04035714106813119,0.20538032597465394
-37.5,5.5,10064,0.015421216763869277,0.040633702783290815,0.028871269334313644,0.1989075110058195
-36.5,5.5,10065,0.01328631949889654,0.03341676096212561,0.04716848123527898,0.1880164099586801
-35.5,5.5,10066,0.01624226653139363,0.042348077762053515,0.06149080436916111,0.24918964637957255
-34.5,5.5,10067,0.012188765804171924,0.04870397574250391,0.03558671953723262,0.12080780187678013
-33.5,5.5,10068,0.00742224634460342,0.04722930525016843,0.03811848441817815,0.1795530338112146
-32.5,5.5,10069,0.00598515887975801,0.0456160080109017,0.048390540339853405,0.18165244821498286
-31.5,5.5,10070,0.007290719276824027,0.04451728064826935,0.05491314297922825,0.1536823301044032
-30.5,5.5,10071,0.008409084783743475,0.02886698086518446,0.038942149368202915,0.19728353111482794
-29.5,5.5,10072,0.0071282827694006375,0.03141153817893367,0.045941578574561576,0.2958310031395699
-28.5,5.5,10073,0.007321542776597291,0.028212123157618972,0.04281838971500227,0.1194073865806328
-27.5,5.5,10074,0.00995889370409132,0.030433001568497983,0.04454885464065315,0.14721122260072242
-26.5,5.5,10075,0.008232752724286205,0.03481752517221257,0.03947534783046948,0.03896595610902638
-25.5,5.5,10076,0.009564498377527993,0.03956884893494088,0.03005751812292324,0.10591717569367519
-24.5,5.5,10077,0.007534430163871881,0.023588531294768147,0.024797528547974877,0.04698115734003647
-23.5,5.5,10078,0.008750958979201395,0.033912961245910526,0.0280759867196464,0.03811236053363846
-22.5,5.5,10079,0.013819489011033036,0.04201786858082585,0.03514368079511278,0.02105496043549307
-21.5,5.5,10080,0.008111487887143052,0.026019909357707528,0.024084340040923562,0.022590916836274195
-20.5,5.5,10081,0.008696908188559409,0.02746544918520471,0.024199859581092102,0.034535626991136555
-19.5,5.5,10082,0.009553623938800443,0.033229652816695834,0.025872329506841808,0.02840387733704383
-18.5,5.5,10083,0.01028318128103594,0.032213938881818116,0.03690192209499087,0.03232156842319484
-17.5,5.5,10084,0.015016648593677285,0.035543890060976954,0.02839254994684128,0.047005798304360816
-16.5,5.5,10085,0.012264245965837155,0.04689436201913928,0.015196468154131894,0.03326833413825699
-15.5,5.5,10086,0.009388907956610163,0.025571786442350378,0.012279561136963511,0.022955368560463
-14.5,5.5,10087,0.009300084141625753,0.024103345607138425,0.022668570001814506,0.018364873279372324
-13.5,5.5,10088,0.009333966781365253,0.023995437347476424,0.01830541531349986,0.018481607040344895
-12.5,5.5,10089,0.011540972489759188,0.035865505593758826,0.02378737313881178,0.018807156556684513
-11.5,5.5,10090,0.01444804955804436,0.02522846895646882,0.029207757665548527,0.01630599180108402
-10.5,5.5,10091,0.010309796417412836,0.022657776729369278,0.015080391129439845,0.013713957424352073
-9.5,5.5,10092,0.011207941290539408,0.03329415623395155,0.03523508687309297,0.016790605201804622
-8.5,5.5,10093,0.011250127500758595,0.02542368898997155,0.023700140262878484,0.016082141642568683
-7.5,5.5,10094,0.011091387111821845,0.025170262690721208,0.02344387794599911,0.017732196688201914
-6.5,5.5,10095,0.009391653222444892,0.02194058597162243,0.0173837098809237,0.020220619684060956
-5.5,5.5,10096,0.009348352551448702,0.02125479341152182,0.020323200654397824,0.021755631657194366
-4.5,5.5,10097,0.00883462050927215,0.01749024691575843,0.011162745053482468,0.01393743703164278
-3.5,5.5,10098,0.009455318929463696,0.017824469729083196,0.011349228943199844,0.013647208440894353
-2.5,5.5,10099,0.009975663203620108,0.023333677972167722,0.011164837600608596,0.012754110202399855
-1.5,5.5,10100,0.013308065120605787,0.01591685829780523,0.008428410515472258,0.009618297348742963
-0.5,5.5,10101,0.010886057156245407,0.013254543773874711,0.006926016448920766,0.008662489988924545
0.5,5.5,10102,0.011005515995804913,0.015623314576062542,0.006623223120588114,0.007497397789500463
1.5,5.5,10103,0.01654532295028371,0.025244236927147293,0.012413329913758405,0.013339191138666981
2.5,5.5,10104,0.017731359207003538,0.034014920470916116,0.01549956763646623,0.014295303514752057
3.5,5.5,10105,0.022379872559344628,0.03656224457342459,0.015200028486965951,0.013442880890541553
4.5,5.5,10106,0.015409928862957181,0.03643646642626206,0.019687530785104747,0.01172169250368674
5.5,5.5,10107,0.013297402204982116,0.046016269903499156,0.009320737166134878,0.010579443729776013
6.5,5.5,10108,0.010064580398496031,0.024233147164675513,0.004536946920477066,0.008616388597954586
7.5,5.5,10109,0.009554305239176481,0.022129471352112358,0.004759963161359307,0.01102215060840153
8.5,5.5,10110,0.00791964813463287,0.013089166466283893,0.004404214052106754,0.009613830871725931
9.5,5.5,10111,0.007865350005370992,0.013110104157567956,0.004461808638182936,0.010144841689190566
10.5,5.5,10112,0.007865350005370992,0.013134427978484506,0.00624601086086156,0.009511430232750312
11.5,5.5,10113,0.011136195990070524,0.01855151822138745,0.009194233095366705,0.01713527905720706
12.5,5.5,10114,0.01488062937498312,0.02484143637263902,0.012516858751066753,0.02269140917786811
13.5,5.5,10115,0.014776130663655114,0.02468115328285726,0.012394150384738681,0.02236650966107098
14.5,5.5,10116,0.015281235228768177,0.02503730414075146,0.013435955140481909,0.023685381528801723
15.5,5.5,10117,0.013796420040453424,0.0389474497540844,0.01585962857034687,0.02471281567393328
16.5,5.5,10118,0.01359276895382628,0.05037180471333023,0.016497512011676433,0.026334605681864263
17.5,5.5,10119,0.014522288889183953,0.07212229707329564,0.020134887498311854,0.038209546853788856
18.5,5.5,10120,0.014657115754292275,0.12549845776283813,0.020139740013715043,0.03890919193048261
19.5,5.5,10121,0.01308936823559991,0.07533843143287591,0.01854575927317362,0.025481731588041012
20.5,5.5,10122,0.015166293153434917,0.04430701741671434,0.019340876261612565,0.02657223681712513
21.5,5.5,10123,0.012136843054134821,0.03842704896499384,0.01781631313802349,0.023894994901142358
22.5,5.5,10124,0.011952776944823214,0.03520225739373533,0.019819473348910266,0.022101618796526532
23.5,5.5,10125,0.011292593505475231,0.037869698806153373,0.019193967272933477,0.019322399585127457
24.5,5.5,10126,0.012692640587038265,0.03427798800656328,0.023986160323941207,0.0192885667925258
25.5,5.5,10127,0.011856729155878192,0.033369439678210266,0.018108575645523664,0.0192885667925258
26.5,5.5,10128,0.010859975205485919,0.030442238278272832,0.015588415470411388,0.01751035883299234
27.5,5.5,10129,0.007445213175691809,0.01680830301265144,0.009026787072507302,0.010913156890873075
28.5,5.5,10130,0.005599236607257663,0.021249856714037015,0.006732964247563862,0.008349520255707765
29.5,5.5,10131,0.0053288365050815426,0.022396155724420417,0.006732964247563862,0.008911839775926833
30.5,5.5,10132,0.005177955142832916,0.026480243371901076,0.006837465413266454,0.008904832920202343
31.5,5.5,10133,0.004941530687733957,0.02544341558093465,0.00681971526170474,0.00861048922616457
32.5,5.5,10134,0.004914984684060724,0.016882119810898082,0.006819715261704741,0.00861048922616457
33.5,5.5,10135,0.006584782321895285,0.01720695014046443,0.006900083964691259,0.008574312633498088
34.5,5.5,10136,0.005369667170748477,0.017359093662748466,0.007338686428992485,0.008477394803667439
35.5,5.5,10137,0.006185003876448946,0.017644272779189774,0.007338686428992485,0.010065082198318089
36.5,5.5,10138,0.00620670500467394,0.017327407892148705,0.007740073940143137,0.009411524530133558
37.5,5.5,10139,0.005388523063897054,0.017197768047271026,0.007844200374804919,0.008260677066249474
38.5,5.5,10140,0.005433116223983849,0.017197768047271026,0.007873534521698065,0.007123231971003621
39.5,5.5,10141,0.00592226104335921,0.017392129610615176,0.012005999007511661,0.007123231971003621
40.5,5.5,10142,0.005945992204134186,0.01602778012912683,0.009477593887503763,0.007123231971003621
41.5,5.5,10143,0.012226227649356141,0.01602778012912683,0.01132019960575066,0.007279385327545896
42.5,5.5,10144,0.009417444983939623,0.017308095257824715,0.011298983329002744,0.0067744346176764735
43.5,5.5,10145,0.00927197894560089,0.01910692424901366,0.009470814253568157,0.0067038197126620255
44.5,5.5,10146,0.0077042590664051355,0.01722629946847465,0.011186904821364847,0.007359191246905928
45.5,5.5,10147,0.007786030172892514,0.017275270896993385,0.011709511961880432,0.008102672587542941
46.5,5.5,10148,0.007877650672051891,0.021824020118272752,0.009141872656932119,0.008116327398514497
47.5,5.5,10149,0.00779585444430001,0.02328209386105565,0.00918581415745124,0.00812949199913146
48.5,5.5,10150,0.00830052165974362,0.025808372834485543,0.009728658155129723,0.008150997054703358
49.5,5.5,10151,0.009053571756566492,0.029130466564588786,0.010894497697341103,0.008176086908353888
50.5,5.5,10152,0.021279804535923142,0.04979634230476134,0.021509520388641127,0.018972691328596827
51.5,5.5,10153,0.013552507022838185,0.03623620050157479,0.014195827724707176,0.012331606355804417
52.5,5.5,10154,0.011707702838819894,0.023840235923477192,0.009420734823593528,0.007708430371638154
53.5,5.5,10155,0.015598853546568446,0.02091767209452493,0.008720611734707737,0.00755682408896759
54.5,5.5,10156,0.014681385424997502,0.020693081711960805,0.008720611734707737,0.006588666104612747
55.5,5.5,10157,0.011974076234883876,0.02602098083197676,0.008720611734707737,0.00616201962861936
56.5,5.5,10158,0.012578892416968503,0.036558592093035386,0.007323598924404825,0.00632856803918535
57.5,5.5,10159,0.012394544652077545,0.03439149238061633,0.007331402447978824,0.006532113747433353
58.5,5.5,10160,0.012297114246236392,0.03550971522255648,0.008513392283106132,0.00629021776642069
59.5,5.5,10161,0.012287825241877279,0.04088574338751811,0.009642995122110302,0.006467382790873494
60.5,5.5,10162,0.010598432890013538,0.040882601197742306,0.009791905171835069,0.006983951815656741
61.5,5.5,10163,0.011804915403097024,0.041266834863440155,0.009791905171835069,0.006765737694166816
62.5,5.5,10164,0.01220543992939806,0.04101052405521784,0.00804969880781002,0.006093682830400715
63.5,5.5,10165,0.01286464068329113,0.04354048691179277,0.009017531786392379,0.01256387864642755
64.5,5.5,10166,0.013316500061337314,0.042719341086614133,0.009955406077627328,0.011881679377425815
65.5,5.5,10167,0.019453907546684086,0.03901358927667536,0.01157537219120752,0.014944530843577141
66.5,5.5,10168,0.018179623506247806,0.06296812055469506,0.0126297006143449,0.01032372114328044
67.5,5.5,10169,0.02141307793953463,0.06491412100412872,0.01930763081984832,0.011684544761132466
68.5,5.5,10170,0.02972886164056982,0.12410377561048372,0.03508965669708822,0.028366450314620904
69.5,5.5,10171,0.03567468221747577,0.10448529055565721,0.030446919918850363,0.034900547802222966
70.5,5.5,10172,0.032285143928880364,0.08170026936448643,0.020816176434127524,0.04159998453422544
71.5,5.5,10173,0.01850738713366144,0.07687913799040495,0.024757865359817995,0.059644316613489394
72.5,5.5,10174,0.015343699875166754,0.06848592414006101,0.037277930487529344,0.04893022965028017
73.5,5.5,10175,0.016563097925725547,0.09760465879371207,0.04257492176765786,0.04003654883357836
74.5,5.5,10176,0.01232580398738788,0.03545817607398005,0.036330100085373164,0.03205617703440632
75.5,5.5,10177,0.012512101582511372,0.039560779241022435,0.046144341257819486,0.024011747802845585
76.5,5.5,10178,0.012401296768624042,0.0383439729729512,0.03955528425517497,0.018503824515855645
77.5,5.5,10179,0.010324641094732504,0.03047405652701025,0.03493840660850238,0.013585606877914614
78.5,5.5,10180,0.008976621487315267,0.02595283242575384,0.02818942307691396,0.022433904278960623
79.5,5.5,10181,0.009132232695939197,0.022823092335794146,0.025305207955424378,0.022298990404246554
80.5,5.5,10182,0.013507352569676173,NA,0.026767844642335056,0.019974195612509103
81.5,5.5,10183,0.013473825405630729,NA,0.020887077389890516,0.013808076051938498
82.5,5.5,10184,0.009687655036728153,NA,0.014262741838419019,0.013900570144294867
83.5,5.5,10185,0.011618608496262568,NA,0.02834589539925972,0.014241563723806252
84.5,5.5,10186,0.01763967737873616,NA,0.031229377492092824,0.020585147016313615
85.5,5.5,10187,0.021069448350384712,NA,0.049579983120294074,0.019384307692911926
86.5,5.5,10188,0.020394932729998577,NA,0.032961006220707995,0.02183052664961525
87.5,5.5,10189,0.018260356785987704,NA,0.0313633049772364,0.016231555869906544
88.5,5.5,10190,0.024077908768332875,NA,0.030480323003482968,0.016633503984453277
89.5,5.5,10191,0.0538093893538892,NA,0.02909802807105486,0.020687202367606367
90.5,5.5,10192,0.07471949999004383,NA,NA,0.0199322967792386
91.5,5.5,10193,0.13099033927740594,NA,NA,0.044704523266892914
92.5,5.5,10194,0.11422097036648012,NA,NA,0.05661591192824103
93.5,5.5,10195,0.12028585132733866,NA,NA,0.05670818202436153
94.5,5.5,10196,0.22205917151723664,NA,NA,0.06993978720516057
95.5,5.5,10197,0.2065414989474028,NA,NA,0.4191777279199969
96.5,5.5,10198,0.19321893891796024,NA,NA,0.16854367333798115
97.5,5.5,10199,0.20166611603644055,NA,NA,0.12236766570128127
98.5,5.5,10200,0.3484055763669823,NA,NA,0.2620737000382357
99.5,5.5,10201,0.3076071790177696,NA,NA,0.23981076653421954
100.5,5.5,10202,0.3042174608174397,NA,0.7253980785850634,0.29213378598213297
101.5,5.5,10203,0.48142649398648274,NA,0.4700025857714097,0.24832959440095756
102.5,5.5,10204,0.10667035364913882,NA,0.35881220010728854,0.2143200073290154
-119.5,6.5,10216,0.0024451409962763762,0.006558281789404035,NA,0.004058800349256204
-118.5,6.5,10217,0.0025293566228758568,0.0061668061407034415,NA,0.00469564372474921
-117.5,6.5,10218,0.0032439021533357884,0.007634869120454673,NA,0.0063782547904390596
-116.5,6.5,10219,0.003395783555551825,0.006533448628390685,NA,0.006146941694288148
-115.5,6.5,10220,0.004570255566162399,0.008932458586710214,NA,0.006347243383722895
-114.5,6.5,10221,0.004889337997513765,0.012404638645472988,NA,0.004824622758735133
-113.5,6.5,10222,0.007076135086001107,0.02069465647030068,NA,0.0077093877612238355
-112.5,6.5,10223,0.0154953361504402,0.07687208135677298,NA,0.008714338858878378
-111.5,6.5,10224,0.018573940263007856,0.05969956528693215,NA,0.006581064212690835
-110.5,6.5,10225,0.05315678611445762,0.09108090045706224,NA,0.004556306002440088
-109.5,6.5,10226,0.09904127498045848,NA,NA,0.005813550462556558
-108.5,6.5,10227,0.10043620395387926,NA,NA,0.004876365703415264
-107.5,6.5,10228,0.045777095334036344,NA,NA,0.004210558330231857
-106.5,6.5,10229,0.039759197380564895,NA,NA,0.0080554709225807
-105.5,6.5,10230,0.032467821167981005,NA,NA,0.024362379246398592
-104.5,6.5,10231,0.050877229356661474,NA,NA,0.042298499093146334
-103.5,6.5,10232,0.03192514670314403,NA,NA,0.048893198550497605
-102.5,6.5,10233,0.03693263870102368,NA,NA,0.08783302258613619
-101.5,6.5,10234,0.03690526479950993,NA,NA,0.20437312182436373
-100.5,6.5,10235,0.028011131374367174,NA,NA,0.1216665934236394
-97.5,6.5,10236,0.029020459826929666,0.07073244351614662,0.02485308905406005,0.015944866930416312
-96.5,6.5,10237,0.024341750314957274,0.04460594414103951,0.06496308571228225,0.03381607747739948
-95.5,6.5,10238,0.02578635082592431,0.03963331087250416,0.0413056850405787,0.07468644078974677
-94.5,6.5,10239,0.046405567128708546,0.04019665252846283,0.02466723907025335,0.03189400177672398
-93.5,6.5,10240,0.035863056988985106,0.02444446292485496,0.01336978001455798,0.023794665786471166
-92.5,6.5,10241,0.022553511831377722,0.017317409850411615,0.01216473365467065,0.03425078561473711
-91.5,6.5,10242,0.027009249199172008,0.018217431561415698,0.0175040860700025,0.03728554606481182
-90.5,6.5,10243,0.019381508038124332,0.017164866777364254,0.015881672629573577,0.041849864887079445
-89.5,6.5,10244,0.025643295077378662,NA,0.02937247518176715,0.036691702848687016
-88.5,6.5,10245,0.04652454760690697,NA,0.014409637227554659,0.028124805012545447
-87.5,6.5,10246,0.129283501052918,NA,0.023901708738824443,0.031367462987789904
-86.5,6.5,10247,0.022720018222275797,NA,0.020783328719010268,0.030024051190256435
-85.5,6.5,10248,0.02936212465348088,NA,0.02171131155648793,0.029069201904927018
-84.5,6.5,10249,0.023476262227662237,NA,0.016269133504759673,0.012900035787535775
-83.5,6.5,10250,0.03105431357920703,NA,0.039049538262611094,0.02145673569891784
-82.5,6.5,10251,0.014331181938607895,NA,0.023016014476526913,0.015712070588630167
-81.5,6.5,10252,0.00872183660910877,NA,0.02381239981131551,0.011879180263461176
-80.5,6.5,10253,0.005545629904346745,NA,0.02871079250220258,0.007761417983005444
-77.5,6.5,10254,0.004317714145392944,0.00851946346763089,0.006623181960349179,0.00237151343830434
-76.5,6.5,10255,0.007538573224443936,0.013214331356659805,0.010469298931964634,0.011195934570655668
-75.5,6.5,10256,0.008370079829963843,0.020926988698354555,0.007624945243506475,0.012506415655924072
-74.5,6.5,10257,0.003933539637209305,0.011098973777042147,0.00968033059015944,0.009728167367087086
-73.5,6.5,10258,0.005100158432701376,0.009605039494202921,0.00921290699561247,0.005528144877731833
-72.5,6.5,10259,0.005473206010881674,0.007951010383712268,0.01562403610967678,0.004971707707094183
-71.5,6.5,10260,0.0066142434450675545,0.020177449691375374,0.024011521508148382,0.00732873830443568
-70.5,6.5,10261,0.013554934735818869,0.017647662547534672,0.022758715086928328,0.009725172755520753
-69.5,6.5,10262,0.029182328590321056,NA,0.03804147223282287,0.049046480044430726
-68.5,6.5,10263,0.03797433225266991,NA,0.07153301404357877,0.06492558887852466
-67.5,6.5,10264,0.05373750296568629,NA,0.08092501181340205,0.07501331472036354
-66.5,6.5,10265,0.041495000560047825,NA,0.12150200302382214,0.12128320030584176
-65.5,6.5,10266,0.059818685430187424,NA,0.2676189765480891,0.2772771962778039
-64.5,6.5,10267,0.036763215100721745,NA,0.029448780955271994,0.09912462628418471
-61.5,6.5,10268,0.01988336200059034,NA,0.04244712500168174,0.038063913255420766
-60.5,6.5,10269,0.06796648822511117,NA,0.24111871734710164,0.2501187325248107
-59.5,6.5,10270,0.04747759535642015,0.1459129042484689,0.18531919293885443,0.1743945305128433
-58.5,6.5,10271,0.008775836208985447,0.005417151822334717,0.028949743326653243,0.03302952323059325
-57.5,6.5,10272,0.03647448795993827,0.02685278387703981,0.06868038273664795,0.06287114999582202
-56.5,6.5,10273,0.33712160071665026,0.46691036034473543,0.5423729371157605,0.4141199424103339
-53.5,6.5,10274,0.03175098420492441,0.03207524088286989,0.035815046898016,0.10294416279305338
-52.5,6.5,10275,0.03498615091104281,0.07316185536367678,0.0582843332524528,0.13134395027434073
-51.5,6.5,10276,0.0271498310747282,0.10348771114570482,0.030177264856947397,0.11489244009666581
-50.5,6.5,10277,0.026240919505952795,0.16827050725128767,0.041284907254235885,0.05223901705748747
-49.5,6.5,10278,0.02541182699548858,0.10149968885046161,0.04651085775820721,0.07130155390031286
-48.5,6.5,10279,0.02812553662202942,0.058850498433721206,0.08777124404792157,0.051096406786519416
-47.5,6.5,10280,0.03058293193137666,0.11175981157030557,0.12823252926171197,0.11849959223972148
-46.5,6.5,10281,0.02656946018351763,0.08733778621644274,0.09784542575309584,0.20258767318973145
-45.5,6.5,10282,0.032059981517832306,0.23288781261512456,0.10187293578321772,0.2702655812763517
-44.5,6.5,10283,0.018903101713303578,0.11725474927193423,0.06284464697045444,0.15719140838237355
-43.5,6.5,10284,0.024452925073780617,0.07479623598395521,0.06352666193502911,0.15692907203088863
-42.5,6.5,10285,0.016619242131817938,0.08158489307043636,0.04745737119385166,0.25203623319613466
-41.5,6.5,10286,0.009738987665157486,0.07727389264635244,0.073080656822554,0.1503941533243976
-40.5,6.5,10287,0.01291288843185734,0.10140182927242689,0.06334863034430047,0.17250683380501886
-39.5,6.5,10288,0.007397245525887319,0.062439365006926456,0.05178498892126649,0.14315460947962969
-38.5,6.5,10289,0.005817316819865763,0.052717985145324574,0.03373295832590411,0.1336389091299865
-37.5,6.5,10290,0.006402142720548588,0.0654065368090077,0.057256289823525146,0.1049262748899332
-36.5,6.5,10291,0.006206773529106373,0.058598891685839205,0.03221955324889763,0.08320787181571038
-35.5,6.5,10292,0.005933223444921566,0.04688926973432538,0.036133038155910756,0.08859711461550492
-34.5,6.5,10293,0.005791616843418301,0.03905956037065061,0.03513686983646797,0.08730326303422406
-33.5,6.5,10294,0.006099738374163159,0.05176233400641707,0.045684871270709915,0.09577642447613299
-32.5,6.5,10295,0.006827355631025939,0.04779486994994547,0.04364115269582499,0.10695937334428324
-31.5,6.5,10296,0.006696453800142986,0.05780927927945817,0.07012862921073174,0.1206359454864558
-30.5,6.5,10297,0.0077774034684453975,0.029954758408968073,0.03442026634414143,0.13843472952612518
-29.5,6.5,10298,0.008953769884466643,0.035774643602409825,0.06294521013180801,0.1275812151077982
-28.5,6.5,10299,0.007566369430560439,0.04838766368093651,0.08803817509160193,0.1176459284249551
-27.5,6.5,10300,0.00628680983353376,0.02223866314696189,0.027455472973512328,0.07331860692851457
-26.5,6.5,10301,0.006403792860819898,0.021775249581978462,0.030562303602186813,0.07974565569750151
-25.5,6.5,10302,0.006267179571953626,0.020352407120981842,0.03161642026373141,0.09748400607824083
-24.5,6.5,10303,0.005843205418667973,0.018334737638971744,0.029398567493884146,0.06975955244194644
-23.5,6.5,10304,0.00804647688697604,0.030041550978985296,0.03366665241308773,0.17155867570485708
-22.5,6.5,10305,0.0060130429298019756,0.017009352563265797,0.023959069076189176,0.10801074546218363
-21.5,6.5,10306,0.005609384769117294,0.02111886814010863,0.024243076042228116,0.04630006762971138
-20.5,6.5,10307,0.006071100981404858,0.01936218455590048,0.029368962721685734,0.03879938622369758
-19.5,6.5,10308,0.0057073475613889264,0.01525814262874198,0.021840347542000035,0.04538534667487798
-18.5,6.5,10309,0.005884323187115623,0.016737005218032393,0.010025765873963456,0.03052821274041553
-17.5,6.5,10310,0.006075794705908059,0.015456142556534163,0.006365059105453979,0.03343884172695227
-16.5,6.5,10311,0.006367995697574891,0.016336157870054126,0.009169696934186618,0.022888256410767832
-15.5,6.5,10312,0.006387028213754289,0.016212269427796928,0.006093657614007949,0.027778401541472455
-14.5,6.5,10313,0.0063306974440255764,0.01959105768604294,0.006072924848761034,0.01796053505265933
-13.5,6.5,10314,0.006465495423562591,0.01887830333300177,0.014247318491818504,0.01782606677013478
-12.5,6.5,10315,0.0072800679715953566,0.02027302787553564,0.021212408147553256,0.025457035635746188
-11.5,6.5,10316,0.00824534196935155,0.02306230772451405,0.031116681586368513,0.020751910903453772
-10.5,6.5,10317,0.011231184490421074,0.02210903316799299,0.028794003219207203,0.019515175910368693
-9.5,6.5,10318,0.01116104131283686,0.021795789434907547,0.03279899845975037,0.018683129879330976
-8.5,6.5,10319,0.012418554628455628,0.02237663471648738,0.03673610976037966,0.02190138362814683
-7.5,6.5,10320,0.011450069627811855,0.02759401466829083,0.02570587834453915,0.020482407422956653
-6.5,6.5,10321,0.009611338274313642,0.019489056838217996,0.029953722051689703,0.00841300196569286
-5.5,6.5,10322,0.009385684648218819,0.018198983160173064,0.017678063692737774,0.012197563379906646
-4.5,6.5,10323,0.00886492665803324,0.017197714967965985,0.017461918330639037,0.01215484542117844
-3.5,6.5,10324,0.00879796409649935,0.016959820431762966,0.019058871265427355,0.012150833134140586
-2.5,6.5,10325,0.008597230015767373,0.01709627371260237,0.017737023635406895,0.012176139579267092
-1.5,6.5,10326,0.005265643261849507,0.009458042188777145,0.010352585758174071,0.007458093747829281
-0.5,6.5,10327,0.005081892422550117,0.009940793611755813,0.012129312833866144,0.006608765055608435
0.5,6.5,10328,0.005360435154965242,0.014639033459932713,0.009353614151118315,0.004953933768376804
1.5,6.5,10329,0.006997316447297119,0.011398683983532863,0.008996187693662077,0.004574477491238394
2.5,6.5,10330,0.008717884897113736,0.025741953727599586,0.009967454105316605,0.005901570478345702
3.5,6.5,10331,0.007747922671418485,0.012402571553732455,0.008852148144500922,0.004932508784712656
4.5,6.5,10332,0.006871543276889627,0.01145360908980197,0.007350462293065718,0.004796012128972287
5.5,6.5,10333,0.007318852291116304,0.011911955424480971,0.007224801723100324,0.0049166275213474876
6.5,6.5,10334,0.007173340698437164,0.012188578776528338,0.007043910308642391,0.004650361612847133
7.5,6.5,10335,0.007184884209870436,0.012394300258633957,0.007394415320989326,0.005224301861057061
8.5,6.5,10336,0.007168187103725838,0.012448829270890397,0.006968104407732423,0.004716091549538643
9.5,6.5,10337,0.007168187103725839,0.012541475950864635,0.007675523700733102,0.004670629877597845
10.5,6.5,10338,0.00956429458615881,0.014394020532218603,0.009679066574788798,0.005359058870890552
11.5,6.5,10339,0.010700371467596241,0.02088953901438557,0.010482439324426133,0.007670925529349607
12.5,6.5,10340,0.011826079944984674,0.023169165862159773,0.015829611199471388,0.009821319276165828
13.5,6.5,10341,0.01157908522000401,0.02238188519900891,0.03147322312393264,0.009821319276165828
14.5,6.5,10342,0.012588054661686448,0.023363636139196925,0.038919240809841986,0.010497306299756128
15.5,6.5,10343,0.012251729974933389,0.022523915741251174,0.049305237374244235,0.016270619386842843
16.5,6.5,10344,0.013429414931222987,0.026114862703261167,0.039827983971023766,0.01168670047520914
17.5,6.5,10345,0.00860510026373467,0.034108978910648347,0.021585843122308896,0.008987453578918003
18.5,6.5,10346,0.012753934665764952,0.058209750572953495,0.026002701520232086,0.01447577482117969
19.5,6.5,10347,0.00970706524865442,0.0317257825866214,0.020370844939644882,0.012937692540381835
20.5,6.5,10348,0.010633510431930506,0.03265169454535836,0.024551476372145557,0.01629377216428218
21.5,6.5,10349,0.010085754563582646,0.03292780334260134,0.023368140143148936,0.017566021993896966
22.5,6.5,10350,0.009594623282594097,0.031480439133445115,0.02240347195486258,0.016749472616786693
23.5,6.5,10351,0.009525133172690032,0.03199633631550537,0.022243295845148288,0.015803278895882934
24.5,6.5,10352,0.00952513317269003,0.03296302245223544,0.022792421099730363,0.01467525371378523
25.5,6.5,10353,0.00951145474540421,0.03223724046127944,0.03435345404769067,0.016253089474840023
26.5,6.5,10354,0.0052329341334137235,0.017202210417761987,0.02087966556129921,0.009184305157372919
27.5,6.5,10355,0.004863734378192963,0.015838999302402665,0.013433062693384252,0.00850029000567956
28.5,6.5,10356,0.004185494373159721,0.013482578831390804,0.0065322420577112695,0.0075441074487960155
29.5,6.5,10357,0.004216759174566925,0.013829728801006249,0.006467999653005083,0.007197571358943682
30.5,6.5,10358,0.004768442407984238,0.013605488999958858,0.005862889349229166,0.006450224535308564
31.5,6.5,10359,0.00607846921038343,0.013887012027671156,0.006164840628430202,0.006390030592292956
32.5,6.5,10360,0.005938817564826046,0.013098566698188638,0.006311807817293757,0.006020487144382901
33.5,6.5,10361,0.004407395579567294,0.013188149504256256,0.006406047097806252,0.006020487144382901
34.5,6.5,10362,0.004407395579567294,0.013188149504256256,0.00728093234647726,0.006398653466633178
35.5,6.5,10363,0.004379679756537119,0.012068622013708416,0.007253840092915651,0.006398653466633178
36.5,6.5,10364,0.005042071061284321,0.013383288554793024,0.007276003420729072,0.006020487144382901
37.5,6.5,10365,0.004376013756495373,0.015697881842455845,0.007349811212169168,0.006398653466633178
38.5,6.5,10366,0.004509953336746381,0.01694421538906651,0.007349811212169168,0.006414785020622958
39.5,6.5,10367,0.004789671209315059,0.0168973460044627,0.008682274562429412,0.006377525042439709
40.5,6.5,10368,0.00454953436520462,0.01535198376588793,0.007291358065082561,0.0059459982428834626
41.5,6.5,10369,0.00454953436520462,0.017185706842702247,0.007178530810199614,0.011715048112318886
42.5,6.5,10370,0.00454953436520462,0.015614391165023788,0.007178530810199614,0.010916364978627075
43.5,6.5,10371,0.003917221984218096,0.016021387453774395,0.007178530810199614,0.011266503072494745
44.5,6.5,10372,0.004552125161433498,0.019982589523074162,0.007178530810199614,0.005878137684240344
45.5,6.5,10373,0.003951186513449888,0.0189545526252894,0.008548109450762755,0.005787051270116637
46.5,6.5,10374,0.004329907058476576,0.016581972639533985,0.007199147389334256,0.006128625370941121
47.5,6.5,10375,0.012927697315936055,0.01910824721002022,0.01069907929361152,0.008102939813360922
48.5,6.5,10376,0.015866502720434557,0.03517224839595987,0.018860917486871617,0.014508504638736293
49.5,6.5,10377,0.01779420303963484,0.03220723796609109,0.02050989245457251,0.01546063907337458
50.5,6.5,10378,0.005594713753601033,0.020000939094957287,0.009309502708719143,0.006510623414034198
51.5,6.5,10379,0.005511022799500634,0.02300923451857779,0.009307237059254068,0.006437766147677278
52.5,6.5,10380,0.005664861884415491,0.02275344917076153,0.011079414761432463,0.005912130562259046
53.5,6.5,10381,0.005876320083775851,0.020471688552059445,0.011079414761432463,0.00645844548566549
54.5,6.5,10382,0.0058436391157576355,0.020361097118812028,0.01117677376219038,0.006757072133108039
55.5,6.5,10383,0.005630811966886541,0.02211042978282377,0.016419029140776094,0.01018072714775838
56.5,6.5,10384,0.00558652725839376,0.02220304976728341,0.00930003533925266,0.006709129850545436
57.5,6.5,10385,0.005950172876934521,0.01638546789237292,0.012859679962150232,0.010342349370889781
58.5,6.5,10386,0.005991193442780727,0.015347219162590815,0.02094072943013177,0.01336521973298911
59.5,6.5,10387,0.006278188083762685,0.01580475569711147,0.03480943038566618,0.009876830300402633
60.5,6.5,10388,0.007271854976909481,0.017620657118866907,0.019041176538686727,0.009942087774364726
61.5,6.5,10389,0.007016934904685209,0.0162793923068527,0.012460699160480936,0.011412421183199847
62.5,6.5,10390,0.006820778529982405,0.02003013973115298,0.021921800279723916,0.013064455239176816
63.5,6.5,10391,0.007923229337549227,0.020978037144426802,0.01896297492862377,0.012753700396288401
64.5,6.5,10392,0.007941942750190658,0.020827103333443436,0.016894269016724472,0.01724395459593832
65.5,6.5,10393,0.008596263665156355,0.02334290672626364,0.01829725288651224,0.02559731029563851
66.5,6.5,10394,0.015749460358762114,0.036854185078904214,0.057933570678682,0.044437814642607334
67.5,6.5,10395,0.02661956841057251,0.04346178554115649,0.07440661076024704,0.059752373133137415
68.5,6.5,10396,0.024694283064215814,0.07056386906514264,0.1210045208348653,0.04419854649007649
69.5,6.5,10397,0.025043338981029936,0.08077635890930257,0.10170296467469327,0.04487773162203559
70.5,6.5,10398,0.029129335360395078,0.05502415774688719,0.12842709314469725,0.03377710549275368
71.5,6.5,10399,0.02130723543377881,0.05973387201928358,0.08729171829382469,0.032525469564765534
72.5,6.5,10400,0.02473554549377372,0.06265418686386964,0.06715658471203283,0.030756454640985677
73.5,6.5,10401,0.03549654486294748,0.07055775663899268,0.057535084611990486,0.05202532321094161
74.5,6.5,10402,0.0286742486370008,0.047006354152271876,0.036608428537925876,0.047022830299411476
75.5,6.5,10403,0.022502208786765194,0.04351414046503999,0.03148437996368651,0.035491639963216436
76.5,6.5,10404,0.02047982560708794,0.041989927723060254,0.03293735812065196,0.019467792318525808
77.5,6.5,10405,0.013460690969477563,0.028467243459594994,0.02294050494952523,0.01039934197645047
78.5,6.5,10406,0.01234112542089868,0.02871081408489725,0.030997048576054665,0.007263094305762575
79.5,6.5,10407,0.01146475129860074,0.024073490853399878,0.026834900322908042,0.01162205331765088
80.5,6.5,10408,0.01797979053778696,NA,0.01838537479848632,0.010191548281917394
81.5,6.5,10409,0.026797153158386003,NA,0.017126377173019524,0.008420327821028323
82.5,6.5,10410,0.013280354673241674,NA,0.01546420602478852,0.008324690028258195
83.5,6.5,10411,0.014238012223402584,NA,0.0102952042687156,0.008294793231125062
84.5,6.5,10412,0.013450895818323828,NA,0.011368400992605608,0.008050922801021338
85.5,6.5,10413,0.020040371887268954,NA,0.010141015653559517,0.008760166355017616
86.5,6.5,10414,0.023096560280889796,NA,0.01648533787822549,0.025938614103582877
87.5,6.5,10415,0.02756294271701823,NA,0.01920935253845248,0.05880340693539551
88.5,6.5,10416,0.03795622765957705,NA,0.022266935793105708,0.028822612930065713
89.5,6.5,10417,0.04508775632803269,NA,0.03655881083880001,0.02351901118728529
90.5,6.5,10418,0.07016111135376624,NA,NA,0.05674822298520726
91.5,6.5,10419,0.15019352261043872,NA,NA,0.06507954762485531
92.5,6.5,10420,0.2327718253355635,NA,NA,0.0792046082169216
93.5,6.5,10421,0.206186662018821,NA,NA,0.03792749571582552
94.5,6.5,10422,0.14833708806542723,NA,NA,0.09588817063218677
95.5,6.5,10423,0.08799909322163868,NA,NA,0.09044752091504292
96.5,6.5,10424,0.10053019929262799,NA,NA,0.09285472610157602
97.5,6.5,10425,0.1924896443411061,NA,NA,0.0920629715382352
98.5,6.5,10426,0.12024267929835544,NA,NA,0.10898789444360996
99.5,6.5,10427,0.32204576846749955,NA,NA,0.23950263563813112
100.5,6.5,10428,0.17722274427699256,NA,0.47464759267995354,0.20487963270006276
101.5,6.5,10429,0.40888499951328955,NA,0.6326078110133542,0.2412504071351895
102.5,6.5,10430,0.07454127975862962,NA,0.12436933564366091,0.13532514173477153
-119.5,7.5,10441,0.0027005063069154697,0.006960954104344425,NA,0.0037609219249805904
-118.5,7.5,10442,0.002886552332045423,0.007227955741185155,NA,0.0040125821018168915
-117.5,7.5,10443,0.003238000730696711,0.006468184440714482,NA,0.004082802054690866
-116.5,7.5,10444,0.004610087535757827,0.007918005689300785,NA,0.006253212416823668
-115.5,7.5,10445,0.004714375116270485,0.010553052833544465,NA,0.005673197039665041
-114.5,7.5,10446,0.009871352465893312,0.025026565099832563,NA,0.005633719327305557
-113.5,7.5,10447,0.026629667321925874,0.05985538971719469,NA,0.011326419752731211
-112.5,7.5,10448,0.04468973852136971,0.09213565115693007,NA,0.008231795666604069
-111.5,7.5,10449,0.03425678827814604,0.08808419018705115,NA,0.005863340845723498
-110.5,7.5,10450,0.04675475199844852,0.10166435062456262,NA,0.005087058248673505
-109.5,7.5,10451,0.0321227505493763,NA,NA,0.00500191657547107
-108.5,7.5,10452,0.05440028559979902,NA,NA,0.004677602933094463
-107.5,7.5,10453,0.24865096432108846,NA,NA,0.01276563446634143
-106.5,7.5,10454,0.1426305802588475,NA,NA,0.04113071073905739
-105.5,7.5,10455,0.14804289308894614,NA,NA,0.08835080986492531
-104.5,7.5,10456,0.04381349891284722,NA,NA,0.05210963408195007
-103.5,7.5,10457,0.03500984179676429,NA,NA,0.1486834396940633
-102.5,7.5,10458,0.0068702959944044895,NA,NA,0.049858195122564
-101.5,7.5,10459,0.04105489071561057,NA,NA,0.159261824634722
-100.5,7.5,10460,0.03062912694620227,NA,NA,0.1122472735805958
-97.5,7.5,10461,0.030241974860894735,0.05312914584188012,0.042520771345293903,0.04798497252330683
-96.5,7.5,10462,0.017301440696337406,0.04807217584265645,0.05086805369407148,0.10060761268577789
-95.5,7.5,10463,0.022647286965959974,0.030031391591701897,0.0505981562912121,0.04300529853547166
-94.5,7.5,10464,0.024985326123523426,0.037673045163764914,0.062244239272639376,0.033021579141950086
-93.5,7.5,10465,0.029765593195439144,0.031776131001786834,0.0371262348206169,0.029785233095250302
-92.5,7.5,10466,0.02171115362322137,0.024276090323572162,0.017764247718518766,0.02243778846368349
-91.5,7.5,10467,0.01544626321989404,0.016203162885605447,0.009874685575890598,0.018814050480062062
-90.5,7.5,10468,0.01404254717923054,0.017692925538792193,0.01199552583449882,0.017951923590706683
-89.5,7.5,10469,0.021820182811785018,NA,0.015083563096525279,0.029488167248012762
-88.5,7.5,10470,0.019299012742101235,NA,0.011750530502858996,0.02871983888664293
-87.5,7.5,10471,0.06243371233320502,NA,0.014975106186794653,0.07324916927563942
-86.5,7.5,10472,0.012494343871950989,NA,0.013297158977278485,0.020109328246214687
-85.5,7.5,10473,0.02560925863823036,NA,0.02598204317184761,0.03426567541849043
-84.5,7.5,10474,0.011416171843009835,NA,0.021464614096267307,0.018140139984756876
-83.5,7.5,10475,0.01092770642446464,NA,0.01657428875685568,0.029568686788489586
-82.5,7.5,10476,0.005902200299696138,NA,0.020245396857473657,0.012251013594658256
-81.5,7.5,10477,0.005126451429972374,NA,0.009826782518639653,0.011271355282637386
-79.5,7.5,10478,0.005810125448191205,0.02744920763786617,0.018580158276446074,0.0053227952158853
-78.5,7.5,10479,0.008602338269288764,0.013229284522139305,0.014491086098402715,0.004895788637368537
-77.5,7.5,10480,0.019856656091781368,0.024613664833550448,0.01861660145686577,0.0055708362070875424
-76.5,7.5,10481,0.006272587318679821,0.012087790558466174,0.011604933151856074,0.00413114011635475
-75.5,7.5,10482,0.013944704068536585,0.01659437971479251,0.004369045065665414,0.0035777769545951425
-74.5,7.5,10483,0.01860222503632262,0.016995197700605508,0.0072573651955824305,0.0059695792281081
-73.5,7.5,10484,0.010665309558647156,0.006724427550238987,0.007222140616163307,0.004283131471430747
-72.5,7.5,10485,0.0035562573429224827,0.009811442187748499,0.0067796335946131445,0.016209347985286112
-71.5,7.5,10486,0.010312949171379789,0.008556032225152646,0.014094208102071753,0.010926036793822787
-70.5,7.5,10487,0.0095537711059521125,0.012095506873667686,0.009904747650852929,0.011402385059389107
-69.5,7.5,10488,0.021773440256931488,NA,0.029057839086847722,0.027985219626932407
-68.5,7.5,10489,0.04676871248643625,NA,0.05092753266024449,0.0493597876885059
-67.5,7.5,10490,0.05721017284584245,NA,0.11501832136891114,0.0619242937370844
-66.5,7.5,10491,0.06553698103790945,NA,0.11906953055269687,0.06466817042317846
-65.5,7.5,10492,0.07166697107072018,NA,0.12484573197353353,0.06223707526840659
-64.5,7.5,10493,0.057372489320034296,NA,0.21624559463284687,0.155413778353853
-63.5,7.5,10494,0.047879086845403825,NA,0.06404877537643955,0.0499047267827706
-62.5,7.5,10495,0.010034305818174888,NA,0.00987751934360366,0.01902300226623503
-61.5,7.5,10496,0.03172345051551668,NA,0.07477738970105396,0.10617004332651481
-60.5,7.5,10497,0.036797293894820074,NA,0.1158796334901998,0.11568632270596098
-59.5,7.5,10498,0.05804968652027392,0.14816311891303363,0.0804108479513962,0.09011212676502967
-58.5,7.5,10499,0.13316430517228656,0.24770275964269056,0.08492992043109492,0.1625987550575028
-57.5,7.5,10500,0.009907413798733403,0.01203960764704516,0.011389623312393812,0.02380935466794547
-56.5,7.5,10501,0.07167286298097494,0.04575436037440439,0.07783904120621504,0.10354426797758035
-52.5,7.5,10502,0.057942968887302757,0.094069292896701,0.06249157483031238,0.2535851838675463
-51.5,7.5,10503,0.028202084619637788,0.1571982326868448,0.04377298999315666,0.07539489128614359
-50.5,7.5,10504,0.02811455737838611,0.0637626654457063,0.06191363241957406,0.05850945132638351
-49.5,7.5,10505,0.028361724159810506,0.06348840213292774,0.0767408056433007,0.06302116431810857
-48.5,7.5,10506,0.029702654976598967,0.06409098427413885,0.043195617721516796,0.09500765327869287
-47.5,7.5,10507,0.028055522435880685,0.052092789199663654,0.06515409981743676,0.1221722856247337
-46.5,7.5,10508,0.0283297767009764,0.1378277648561943,0.054430412250708084,0.1707310711313936
-45.5,7.5,10509,0.007079835222780339,0.07516122842866829,0.03950355144665452,0.060596159593175145
-44.5,7.5,10510,0.02434732466829624,0.17530635080150514,0.05749495766419748,0.10452502661869305
-43.5,7.5,10511,0.008715610360280165,0.07321269391841771,0.0593447062169517,0.07708900469092154
-42.5,7.5,10512,0.00757005352978274,0.0692404260914332,0.06895751661098902,0.07424955150504423
-41.5,7.5,10513,0.006583104087269366,0.06064104749321294,0.08651388553300135,0.12550791599299924
-40.5,7.5,10514,0.006748699738748407,0.0569246198126097,0.054393328032372505,0.07680922482374702
-39.5,7.5,10515,0.005540549212995916,0.037955686488891305,0.030469126635787238,0.06080981750989711
-38.5,7.5,10516,0.005095430266471653,0.040716606206933986,0.02789638132512623,0.06221321773659304
-37.5,7.5,10517,0.004765160520699842,0.03447448622003383,0.025071261283363018,0.06699092607429408
-36.5,7.5,10518,0.004939538802102723,0.03551020213375169,0.026237399029180052,0.042508225475930014
-35.5,7.5,10519,0.005752778222881854,0.02992374096280764,0.028460225816740358,0.06528246368491826
-34.5,7.5,10520,0.004938672052798398,0.036262995476428264,0.03176879095114355,0.07410044974505539
-33.5,7.5,10521,0.005543259295559659,0.03911926719316389,0.02517844930508058,0.07089470341587967
-32.5,7.5,10522,0.005448458612637595,0.027707318864189118,0.014360324711233914,0.05038548695460753
-31.5,7.5,10523,0.006445280543520039,0.031284772310796564,0.021282743715811014,0.07620045613316585
-30.5,7.5,10524,0.008364196407223887,0.03557661300797439,0.017485956957693432,0.07758985577077193
-29.5,7.5,10525,0.006548956877734001,0.03048067861104627,0.029732141661406947,0.11850605949260523
-28.5,7.5,10526,0.00702802754304526,0.024379806155992265,0.020129074257962568,0.08329551114164373
-27.5,7.5,10527,0.007096443477839262,0.024103929023355303,0.0278714638490004,0.04777421290610567
-26.5,7.5,10528,0.005892010831642137,0.019178279228597342,0.020965635743731073,0.048532133853085496
-25.5,7.5,10529,0.0058872184038791554,0.020741042531453598,0.018167990689803213,0.051857969917183486
-24.5,7.5,10530,0.004777254459103391,0.01189518030949783,0.012533141481152229,0.04885968947585747
-23.5,7.5,10531,0.005099370125067656,0.013781133127174959,0.007794838051170667,0.06963885855654411
-22.5,7.5,10532,0.006058398024551908,0.014335548111896983,0.009429682614767782,0.0987871949423599
-21.5,7.5,10533,0.005929997170188523,0.017982722528896756,0.008979558718292226,0.07918311175741978
-20.5,7.5,10534,0.00549705234691865,0.014012584761134756,0.01229103784287318,0.03740200921056822
-19.5,7.5,10535,0.005092749608736175,0.01263540331311235,0.008946816398558377,0.05387265573969522
-18.5,7.5,10536,0.005048409289857086,0.012476037575569036,0.010626543889151973,0.04800013386410267
-17.5,7.5,10537,0.005168465508591842,0.01176853714195976,0.010097369385953419,0.04561992953281473
-16.5,7.5,10538,0.0051874684024673335,0.011780746869722641,0.008171559554564714,0.03531718151243026
-15.5,7.5,10539,0.005168342161642449,0.01373375730717982,0.00848494567000205,0.03062022224287328
-14.5,7.5,10540,0.006218717784334135,0.012590900180446955,0.01364419286260005,0.022814113506019487
-13.5,7.5,10541,0.005679815834236535,0.013396369197863661,0.017842653142365578,0.023983551730937972
-12.5,7.5,10542,0.006562128105486142,0.018166740705802382,0.04773035362099473,0.022593999371303342
-11.5,7.5,10543,0.0052001721988493,0.009177064217143961,0.025479106237502196,0.011473090378587777
-10.5,7.5,10544,0.0094006943594667,0.02159651168557275,0.05814667973799507,0.02077991857328682
-9.5,7.5,10545,0.007418382395144064,0.020198479617569865,0.04867730911859971,0.019863395242997767
-8.5,7.5,10546,0.009171174735915432,0.03221780889762083,0.03579163333408487,0.030481798766247306
-7.5,7.5,10547,0.007686316853334358,0.025912707812758014,0.03217183304047387,0.023697289516728483
-6.5,7.5,10548,0.006917252109880089,0.01783689489985231,0.02637503134825137,0.021360583875312845
-5.5,7.5,10549,0.0065865748200448085,0.0176816186753497,0.01835888887944925,0.03569966997194757
-4.5,7.5,10550,0.0062201482509461285,0.016750044735758845,0.022602365679360373,0.023408840490682217
-3.5,7.5,10551,0.006208656662886174,0.017743376451129684,0.016977200850939084,0.014117388020311799
-2.5,7.5,10552,0.0061883050593936235,0.016943131012587438,0.016731610961265325,0.013189775061128436
-1.5,7.5,10553,0.003734172237926152,0.0056580088781143295,0.009548255934044196,0.007631487003161563
-0.5,7.5,10554,0.0034630447179694545,0.005536821653384968,0.00830225250169456,0.005488203020104059
0.5,7.5,10555,0.004681751431561369,0.005536821653384968,0.011055092648970085,0.006337791228628066
1.5,7.5,10556,0.00463319034442369,0.00585912929663447,0.0094083206239152,0.0062254799319639825
2.5,7.5,10557,0.0046537836450644575,0.006304867512703399,0.009449416661085354,0.005949479161973378
3.5,7.5,10558,0.00468139171159969,0.007915785453745073,0.006994560787129892,0.004859490001780009
4.5,7.5,10559,0.004994538576615215,0.00882474990615106,0.009176689560463101,0.0048674532924274745
5.5,7.5,10560,0.005295905251958829,0.008506964980351034,0.0073870319737770395,0.0048600977269467995
6.5,7.5,10561,0.005295905251958829,0.008213523391626955,0.007287041167537772,0.0048161310815732165
7.5,7.5,10562,0.0055614723467989355,0.007418151106555337,0.007186405021553534,0.004412809857374528
8.5,7.5,10563,0.0069829536824942764,0.0073203843760006725,0.007186405021553534,0.004437971098429537
9.5,7.5,10564,0.006842266498840334,0.007536935033216485,0.007995749128008796,0.008355205727939978
10.5,7.5,10565,0.006842266498840335,0.007599986865540145,0.007404806355004015,0.005175303656993058
11.5,7.5,10566,0.009533497975475962,0.010701656455728372,0.010341017220231103,0.0072512445911333484
12.5,7.5,10567,0.012510096208945456,0.014103535325313674,0.01427494590268557,0.009492794075631503
13.5,7.5,10568,0.011830983274180555,0.014173320597714027,0.014646327248835285,0.00951923388185501
14.5,7.5,10569,0.011082867279438427,0.013275689538918707,0.0142680079014074,0.009521881969237969
15.5,7.5,10570,0.01186555651535458,0.01504621429461106,0.019499415021634717,0.009346275717256743
16.5,7.5,10571,0.011963997153468261,0.015214387303561646,0.031035650117428093,0.008696648002251646
17.5,7.5,10572,0.013429309024529537,0.01747708491099151,0.03674259682128275,0.009999864317449337
18.5,7.5,10573,0.011398770477730394,0.014229203064356918,0.020490244848819946,0.012893505780656483
19.5,7.5,10574,0.012383054197436436,0.015101098824879818,0.028758137938489636,0.007531101334372242
20.5,7.5,10575,0.015703593535746067,0.031847319396818556,0.026004347328733333,0.009509016726801673
21.5,7.5,10576,0.011716863553145142,0.02204312698528457,0.020666418585364315,0.0070836094120798115
22.5,7.5,10577,0.011679585435367797,0.023853935306719715,0.027014607541694498,0.0071632700757175444
23.5,7.5,10578,0.011682788567044283,0.023891675676586604,0.02112562828040959,0.0071632700757175444
24.5,7.5,10579,0.011721711982649418,0.024505628202837908,0.020174970849801976,0.007181553190662754
25.5,7.5,10580,0.007059902341076251,0.0251958533287317,0.011979221161335667,0.005436437857236839
26.5,7.5,10581,0.005793088288577396,0.02102520912072383,0.00861458661553729,0.004533409481268916
27.5,7.5,10582,0.005755786617533706,0.023446178130002326,0.007869527266378868,0.004869515359397347
28.5,7.5,10583,0.00513305662589449,0.015197814824550814,0.006466327821149746,0.00507171957741067
29.5,7.5,10584,0.004870888923295445,0.012673275826833261,0.0062852918463489685,0.0048737959949569105
30.5,7.5,10585,0.004528656888615395,0.011646753425661944,0.009706712821072657,0.00995778852678937
31.5,7.5,10586,0.004528656888615395,0.012281977924718874,0.008120605585555303,0.0064121346283570685
32.5,7.5,10587,0.004528656888615395,0.012281977924718872,0.009119971126530452,0.006508388625829835
33.5,7.5,10588,0.004528656888615395,0.011568560260663566,0.009562743861566983,0.006215348880997052
34.5,7.5,10589,0.004535963955638174,0.011708740737601886,0.009479335091314824,0.0057927917516887185
35.5,7.5,10590,0.004535963955638174,0.011897378118462493,0.009620364998475111,0.00581567128334872
36.5,7.5,10591,0.004476862239079437,0.01194974736285059,0.012067507678800111,0.00581567128334872
37.5,7.5,10592,0.005226993502518932,0.01201139934886059,0.01049832816588791,0.00581567128334872
38.5,7.5,10593,0.004534747689977146,0.013595267637798699,0.013852381625203837,0.006322410397632338
39.5,7.5,10594,0.005223975065712683,0.013595267637798699,0.014009495400862429,0.0074666035895008965
40.5,7.5,10595,0.005213262254195354,0.013371866389274853,0.014277670091790852,0.0077999184790913554
41.5,7.5,10596,0.005213262254195354,0.01343301449298062,0.014109840862024867,0.00879022950407948
42.5,7.5,10597,0.004533635127561966,0.013743647744810742,0.012115480988320677,0.018181056048139112
43.5,7.5,10598,0.005521955404884454,0.01574970170230964,0.016433950926774646,0.014863128132537642
44.5,7.5,10599,0.007954896067658711,0.027462750304647697,0.02421710104414938,0.02265350446482063
45.5,7.5,10600,0.011580111573820134,0.033707447218034134,0.03856595232610924,0.03114564144901058
46.5,7.5,10601,0.011840935258910673,0.03427624979862648,0.049495918833745225,0.030488375026522574
47.5,7.5,10602,0.01028772488745244,0.034916250454159206,0.053116743026570996,0.030189957072547877
48.5,7.5,10603,0.010436404451465332,0.02807421418548826,0.034669572753070636,0.02666766634681261
49.5,7.5,10604,0.004993993472414701,0.013683575567674891,0.01761721174171172,0.012891609649783182
50.5,7.5,10605,0.0049749514542804145,0.021007989541570488,0.017805633891441502,0.011962217403926678
51.5,7.5,10606,0.008106718143904863,0.024042938939594617,0.02298767405061376,0.011870048534900224
52.5,7.5,10607,0.011300812856095186,0.02648153659257482,0.022988313601180362,0.011871722174294295
53.5,7.5,10608,0.007980702609417889,0.029753635402552128,0.022544038732105826,0.014968317855034064
54.5,7.5,10609,0.007633003157415019,0.018572418955381895,0.02299817386826562,0.015128842231870405
55.5,7.5,10610,0.007748823307162754,0.023214032496305378,0.025271600591762065,0.015201288156505342
56.5,7.5,10611,0.007949195518223963,0.019070920277428377,0.017334947959407647,0.017137913437110446
57.5,7.5,10612,0.006872931004819733,0.01844152116511955,0.014415263043163842,0.016563273795013246
58.5,7.5,10613,0.007110806014589757,0.015644920129447442,0.022126830070352474,0.014114355216280006
59.5,7.5,10614,0.007095702533134974,0.017546299979735603,0.029597487462933482,0.01337404028422216
60.5,7.5,10615,0.008765187857771283,0.01776783969401204,0.02969128478597872,0.015485083327359981
61.5,7.5,10616,0.00868668927332183,0.01663650854182677,0.03389337978050102,0.020081421573360767
62.5,7.5,10617,0.0077894125719255546,0.014690877345523531,0.03589466693301716,0.023188813225034095
63.5,7.5,10618,0.00782348476789451,0.014690877345523531,0.04379844323310401,0.02090106170770674
64.5,7.5,10619,0.010195120908091247,0.020352896082689545,0.06061509710996502,0.023889869431975685
65.5,7.5,10620,0.015992676678391472,0.0372064927324462,0.04590130852523703,0.03714102350231059
66.5,7.5,10621,0.031154462715175944,0.04008616103278272,0.041217819068293464,0.04755262928317008
67.5,7.5,10622,0.03392351820572197,0.08316286340276725,0.04467428474846433,0.05273287780169501
68.5,7.5,10623,0.03610044633837294,0.05639695866950224,0.043579503464844335,0.045137509040995054
69.5,7.5,10624,0.03875658064201012,0.078448152763409,0.052056938986764195,0.03541671359111642
70.5,7.5,10625,0.05113188851709209,0.07970804905200768,0.06869421334695267,0.030150651113591477
71.5,7.5,10626,0.03771368354039766,0.06796024595046257,0.06496154385388239,0.022076918704547165
72.5,7.5,10627,0.02959998742619676,0.07435029326069775,0.06289369209367728,0.019462376406710523
73.5,7.5,10628,0.042266563936032835,0.10690587159648242,0.0670594864772309,0.023050695184779563
74.5,7.5,10629,0.04022003549605457,0.08539902332633471,0.06447770009868775,0.019098483601709692
75.5,7.5,10630,0.035747270148413765,0.07507868660337921,0.03513250746311479,0.02511723172628634
76.5,7.5,10631,0.022175848098125703,0.04520886180862668,0.022498291873421904,0.013373759221280564
77.5,7.5,10632,0.01791332675785065,0.03715556875355135,0.016500444974952577,0.006815135146682786
78.5,7.5,10633,0.016844848198615536,0.03426572289655265,0.014842976407627597,0.008765513712457136
79.5,7.5,10634,0.014710376441435725,0.03757738914943388,0.012339713204699622,0.007595078916891413
80.5,7.5,10635,0.013765891185561213,NA,0.01247952260229684,0.008174250451338568
81.5,7.5,10636,0.018869176781093063,NA,0.011985307098887924,0.010061582578079572
82.5,7.5,10637,0.015363245224258026,NA,0.01128760644714413,0.012934517479921609
83.5,7.5,10638,0.013364856027004388,NA,0.020072584810695952,0.029176872616673188
84.5,7.5,10639,0.008949818156855511,NA,0.05661657644394757,0.027249725296509746
85.5,7.5,10640,0.008621016459482251,NA,0.0797227848293309,0.024863828825616927
86.5,7.5,10641,0.010784672078922796,NA,0.08561771006317417,0.012943376410490256
87.5,7.5,10642,0.04496614039329729,NA,0.19253614238106917,0.03033297337046428
88.5,7.5,10643,0.04023503690139381,NA,0.11404472912280776,0.02101663733411038
89.5,7.5,10644,0.038711579169742515,NA,0.06316389688843323,0.018596333009546905
90.5,7.5,10645,0.060903661797644296,NA,NA,0.018969810334984204
91.5,7.5,10646,0.08790877457541409,NA,NA,0.023090560331585578
92.5,7.5,10647,0.11674252535980237,NA,NA,0.02611711706942586
93.5,7.5,10648,0.3002796574096171,NA,NA,0.03661258540793185
94.5,7.5,10649,0.413614570606934,NA,NA,0.23557159993973353
95.5,7.5,10650,0.12145292531672112,NA,NA,0.05005555774210062
96.5,7.5,10651,0.05643230472418763,NA,NA,0.042878784601725534
97.5,7.5,10652,0.036471861658400884,NA,NA,0.03241288098627408
98.5,7.5,10653,0.037645848594300306,NA,NA,0.05752299058482719
100.5,7.5,10654,0.1156901746677501,NA,0.251909243664555,0.11002701351669285
101.5,7.5,10655,0.14689415745954568,NA,0.0799984284634542,0.08084110031997908
-119.5,8.5,10666,0.002791678702676415,0.0057692044553222565,NA,0.003840436544545013
-118.5,8.5,10667,0.0032505805170379913,0.007250917059271228,NA,0.0037903286315004096
-117.5,8.5,10668,0.0034434213520804237,0.008195306122450332,NA,0.0037589675114193285
-116.5,8.5,10669,0.0036789519850661716,0.00862963386011539,NA,0.0035706825807951077
-115.5,8.5,10670,0.009151191786618088,0.018438221070914244,NA,0.0038269278463171547
-114.5,8.5,10671,0.010771625591305806,0.022629487976863014,NA,0.004353408642334148
-113.5,8.5,10672,0.011892431136840928,0.02461811350507524,NA,0.003706863165152959
-112.5,8.5,10673,0.02015233921857009,0.05142935505479744,NA,0.0065725791856187715
-111.5,8.5,10674,0.03504776541100983,0.07480134990650807,NA,0.006067399574791023
-110.5,8.5,10675,0.034612793665810694,0.07705930959103445,NA,0.004421453059141057
-109.5,8.5,10676,0.028257087499440742,NA,NA,0.0065393652577731215
-108.5,8.5,10677,0.020655736334649608,NA,NA,0.007797410524208962
-107.5,8.5,10678,0.03244544346814847,NA,NA,0.06362494322801912
-106.5,8.5,10679,0.07730700071478407,NA,NA,0.06095486796824391
-105.5,8.5,10680,0.22316446508467974,NA,NA,0.06716177921720345
-104.5,8.5,10681,0.12064260567848477,NA,NA,0.10267033407012217
-103.5,8.5,10682,0.010316863194939713,NA,NA,0.0424408498416004
-101.5,8.5,10683,0.019977426472174122,NA,NA,0.00321928196384389
-100.5,8.5,10684,0.03550678159777215,NA,NA,0.021291349424482405
-98.5,8.5,10685,0.007159211614475894,0.011756574159925383,0.03259676153643882,0.015896434118558473
-97.5,8.5,10686,0.09020681650654365,0.0940086009970561,0.03643025360241444,0.07535930307699637
-96.5,8.5,10687,0.04528140249221579,0.06880105977435087,0.0327020451576573,0.059652057814215384
-95.5,8.5,10688,0.020956711892789717,0.04368056794300831,0.03702508522364155,0.04738077369913826
-94.5,8.5,10689,0.02212583735759892,0.026397708512909426,0.0574785645188514,0.019332033449327494
-93.5,8.5,10690,0.03050580045061473,0.03697754064401717,0.02386443817510413,0.016094113842746362
-92.5,8.5,10691,0.023208894590863356,0.03247067799600973,0.022753181143659304,0.014908870826314749
-91.5,8.5,10692,0.02373853727764711,0.03518986834949529,0.018442490158464362,0.014882211083903344
-90.5,8.5,10693,0.018266364899491943,0.048782046346035765,0.013318606536514802,0.017773671236430866
-89.5,8.5,10694,0.03165258596393356,NA,0.01492523948582174,0.019511502790213756
-88.5,8.5,10695,0.02459464945344463,NA,0.011400063405013714,0.01582323566567243
-87.5,8.5,10696,0.01885571291727927,NA,0.012301700401817786,0.02135369053104577
-86.5,8.5,10697,0.007748130960934672,NA,0.008250061410866491,0.010014531767066692
-85.5,8.5,10698,0.0346893167113762,NA,0.021374991878567375,0.03310490250900698
-84.5,8.5,10699,0.021747383343907502,NA,0.021043771927550647,0.027092383222650375
-83.5,8.5,10700,0.0073443740219652776,NA,0.005743660857827976,0.009703614293719926
-82.5,8.5,10701,0.01779752554369233,NA,0.0181160449619388,0.009198189871110455
-79.5,8.5,10702,0.0024154824041792075,0.02567938432255399,0.009046784689591246,0.0034416924746258856
-78.5,8.5,10703,0.007326311494820839,0.02423389510947007,0.025401899261376048,0.004426498895665858
-77.5,8.5,10704,0.008886087033408605,0.032057264994470765,0.017607189054112484,0.007151655924240185
-76.5,8.5,10705,0.0047373053332839055,0.0074519925338283315,0.010842198747781397,0.004525097258924353
-75.5,8.5,10706,0.0034527272486737687,0.004340234819541941,0.0026772389431341894,0.0026025711783195394
-74.5,8.5,10707,0.0037866217135187675,0.005369735226660696,0.0015190631852415543,0.002960257439999708
-73.5,8.5,10708,0.005159265959872542,0.004372849588213541,0.0013895315512783587,0.0027079998050337823
-72.5,8.5,10709,0.019477586692062954,0.021760904597681468,0.0027541110248446078,0.006419549875142373
-71.5,8.5,10710,0.005611845874861448,0.0074157332378519455,0.009664128880059068,0.024297295081437607
-70.5,8.5,10711,0.03183467141455248,0.03504309639938719,0.04041048680955693,0.026683463692791478
-69.5,8.5,10712,0.020550251248665927,NA,0.02539956084461599,0.026189999240425962
-68.5,8.5,10713,0.05378477721247661,NA,0.0810954137203886,0.04444199627885086
-67.5,8.5,10714,0.05375874030655746,NA,0.10176631889019092,0.058304034438725554
-66.5,8.5,10715,0.058346040772101516,NA,0.12182015726586995,0.05957809692302822
-65.5,8.5,10716,0.05034522030946288,NA,0.11022308358947125,0.05854064429275525
-64.5,8.5,10717,0.07026345861434434,NA,0.1119457722851892,0.12885405504366232
-63.5,8.5,10718,0.08378323064616111,NA,0.11225873807455183,0.1490810944015483
-62.5,8.5,10719,0.004940410695378335,NA,0.009468583760038155,0.012216830620878302
-61.5,8.5,10720,0.01943599763591075,NA,0.059186040896558406,0.05564521449541491
-60.5,8.5,10721,0.0413162959819918,NA,0.14732563936059076,0.14078137328506307
-59.5,8.5,10722,0.03124869923213476,0.14100105653768077,0.06316501408415333,0.07481808807330077
-58.5,8.5,10723,0.043678908105129005,0.11839649812288904,0.09191073040591503,0.13896753877486392
-57.5,8.5,10724,0.019443246147271404,0.06482884605435546,0.05313206865740711,0.06882553521941476
-53.5,8.5,10725,0.047779555739322015,0.0164374766046709,0.0518064098346918,0.05173133753756555
-52.5,8.5,10726,0.043860511878025144,0.22514895118656006,0.05294931967614016,0.16884036859250545
-51.5,8.5,10727,0.02242068149844239,0.04401414666664739,0.023418765281774046,0.08508940318697217
-50.5,8.5,10728,0.02259621175225836,0.04276825079905939,0.03070770177515889,0.06893138599713422
-49.5,8.5,10729,0.03312347696540995,0.03968392075665132,0.0475487048089355,0.11017610395406913
-48.5,8.5,10730,0.039983096188468764,0.05373585185551353,0.10143217674779742,0.17400363590873247
-47.5,8.5,10731,0.02310158232211825,0.04727869142415765,0.038140375700319196,0.12200662528982932
-46.5,8.5,10732,0.01516277063842791,0.05877778025185701,0.062563841260063,0.14303846506898144
-45.5,8.5,10733,0.014088472395392076,0.06388586484697704,0.065497020401924,0.10612605406954821
-44.5,8.5,10734,0.009960005223831213,0.05638636627193438,0.08726527884393423,0.1005375441108321
-43.5,8.5,10735,0.007557442329741706,0.045655008567252166,0.0724545434491215,0.07788415525066339
-42.5,8.5,10736,0.008992687105661847,0.04839114274448973,0.05271113023305628,0.058102871459288545
-41.5,8.5,10737,0.010617324234003201,0.06731755674235794,0.06054131766201968,0.10625909642948247
-40.5,8.5,10738,0.0067418790285845385,0.05271135306546376,0.051971471820088835,0.06776802335558758
-39.5,8.5,10739,0.006564076197080153,0.034426915717226794,0.03179545557542079,0.06661114232331039
-38.5,8.5,10740,0.005961325369880372,0.032373217623811595,0.020069835218573223,0.04328954486652287
-37.5,8.5,10741,0.00509402428439632,0.03421256747919411,0.01624983172384315,0.04059359450173049
-36.5,8.5,10742,0.005148838901544072,0.040311065696612976,0.016789672983225368,0.045527742763727196
-35.5,8.5,10743,0.005802272596902187,0.02704111063430493,0.01550140977180477,0.044043397091821056
-34.5,8.5,10744,0.005758152564800627,0.027789216517857623,0.008463507954006329,0.13300784117525033
-33.5,8.5,10745,0.005738250053714452,0.03893191636051196,0.009822278028821555,0.09937025975618818
-32.5,8.5,10746,0.005414132035136102,0.03486368080932274,0.013753469427999217,0.04214913724028569
-31.5,8.5,10747,0.009714768791357192,0.03333975589489217,0.008573488287004117,0.05211316472253159
-30.5,8.5,10748,0.011539304162913929,0.02722726324389972,0.00993409368055565,0.13555979158432607
-29.5,8.5,10749,0.005181047925367877,0.016176689036111344,0.004464102622914993,0.04407428684739195
-28.5,8.5,10750,0.0084926194263341,0.024059495933769975,0.010790886847418378,0.0814136350980593
-27.5,8.5,10751,0.0049860567943278205,0.016021023580694207,0.0075178036437754435,0.04755872004789034
-26.5,8.5,10752,0.007241409037819287,0.023147279678849445,0.008678257271100364,0.04084422436620198
-25.5,8.5,10753,0.006005363645411297,0.015897516306093675,0.012461993413998809,0.03861037359160756
-24.5,8.5,10754,0.005420669524483165,0.013071073834835386,0.008855984521603156,0.03423704607155634
-23.5,8.5,10755,0.004973360017085702,0.014624443703568534,0.008074239426712206,0.05549710981355198
-22.5,8.5,10756,0.005011753075804208,0.020399010460739723,0.009855287180148798,0.03454184190717668
-21.5,8.5,10757,0.0049705956318482885,0.016387557960108906,0.004716578453406551,0.028355787269055004
-20.5,8.5,10758,0.004907621858006631,0.011364635627441945,0.009575380117168537,0.02594611530784662
-19.5,8.5,10759,0.004853939921149324,0.011204798912040912,0.006486242974708509,0.03240457332703351
-18.5,8.5,10760,0.004598438229843568,0.011648941345581572,0.0065058313280100125,0.029671330452167587
-17.5,8.5,10761,0.004592896800051326,0.01151956574776224,0.006188456697867371,0.028289388962720593
-16.5,8.5,10762,0.0045797094493265425,0.01143414548464879,0.00617071649728206,0.017690543769130564
-15.5,8.5,10763,0.005602359042027943,0.011965880956732323,0.009924858588574217,0.019323505208957415
-14.5,8.5,10764,0.004882397717190782,0.011360238129527757,0.027365440848941682,0.016556061093226857
-13.5,8.5,10765,0.005772551026699913,0.013482482533904275,0.05067005555108548,0.01965487459432052
-12.5,8.5,10766,0.005113677501422843,0.013809208962715104,0.0461640978091267,0.014897983186988333
-11.5,8.5,10767,0.00583671428287035,0.012836323341479461,0.05405686090685206,0.01856620733849871
-10.5,8.5,10768,0.006642609421613254,0.011320173437082443,0.046353650303258664,0.017436234462941503
-9.5,8.5,10769,0.007500476380369714,0.012931590672579207,0.04796576524160351,0.017573298606517868
-8.5,8.5,10770,0.007218559511720235,0.015941574477782057,0.02934134784769287,0.015661760809837427
-7.5,8.5,10771,0.0055575518705342645,0.012068487468387106,0.026578083062082123,0.015357112116253095
-6.5,8.5,10772,0.005693252884929176,0.012458811620238909,0.017124540576626317,0.014925784443656014
-5.5,8.5,10773,0.005643713907725049,0.012682686079697348,0.015269214737922749,0.017127650762012725
-4.5,8.5,10774,0.005454893546237073,0.007253107234363446,0.014558268674758797,0.014762052423415785
-3.5,8.5,10775,0.005389762634996498,0.007147194081820244,0.018745955052481143,0.012510639213481584
-2.5,8.5,10776,0.005219286018469291,0.006361915389370061,0.017432474138521354,0.01097173738245625
-1.5,8.5,10777,0.0033068701308938,0.005726970757139354,0.008223282774079917,0.006440542112751559
-0.5,8.5,10778,0.003083856545835172,0.005372511893850113,0.0081817060430452,0.0063437019455302905
0.5,8.5,10779,0.003032072362796401,0.005301029432527223,0.007881224327050818,0.005281133982494188
1.5,8.5,10780,0.0029662785466880613,0.004905540936912849,0.00710929372961063,0.0055156314338918756
2.5,8.5,10781,0.002983876194114267,0.004934586448833888,0.009882781225479531,0.005981284779010198
3.5,8.5,10782,0.002983876194114267,0.005340193613721141,0.006971984192865239,0.008588466720538453
4.5,8.5,10783,0.0034382037880397987,0.005450932189024558,0.009012583024271952,0.005773120987744553
5.5,8.5,10784,0.0030125447193907365,0.005503172895445004,0.009112589449284707,0.005377980602183685
6.5,8.5,10785,0.003325739547428092,0.00617242509063246,0.008973482987448152,0.007530479837903958
7.5,8.5,10786,0.0031809636175698054,0.006574912775750289,0.006928983738370906,0.0033512174930494273
8.5,8.5,10787,0.0031998308111133144,0.00661564652385008,0.006950392225565751,0.0036870958126297977
9.5,8.5,10788,0.003251503746570397,0.006845316049781898,0.007377440836448029,0.004012295045607896
10.5,8.5,10789,0.003251503746570397,0.00688563179198911,0.0108885254289644,0.005496476950083702
11.5,8.5,10790,0.003537243459310654,0.00748411568814348,0.008849823635197141,0.006733008045740687
12.5,8.5,10791,0.0058548095728122584,0.012728794742694399,0.015190624658191196,0.013294536951406482
13.5,8.5,10792,0.005871176743116321,0.012764131473711832,0.0152326902901482,0.0097481266683883145
14.5,8.5,10793,0.006331549100658449,0.012753951303148003,0.015241214246203512,0.009173634577892838
15.5,8.5,10794,0.006176676645196281,0.011964414774450143,0.019767295312575983,0.00939377693274381
16.5,8.5,10795,0.006507657630325115,0.013519122905398388,0.016925675415685244,0.009733727966535108
17.5,8.5,10796,0.00655788879325026,0.01362273191975146,0.0220884032990162,0.0097908912341252
18.5,8.5,10797,0.006461686984758842,0.013820048778766872,0.024483399567298322,0.009748454758061699
19.5,8.5,10798,0.007106776038392985,0.014102628911609929,0.020723047566044414,0.00994363044959439
20.5,8.5,10799,0.007532470306651997,0.013274106728557448,0.019577154909523223,0.00766832291743807
21.5,8.5,10800,0.007451506302823776,0.013322903796201453,0.02480219057482826,0.00761422991498649
22.5,8.5,10801,0.008682414320598951,0.01331312063544395,0.018032804509466448,0.008915941267220078
23.5,8.5,10802,0.006795447582407289,0.012024645514122575,0.016192462262731425,0.0066313036849065055
24.5,8.5,10803,0.004710439252438025,0.007365242504643059,0.010092804297595147,0.004149387768075623
25.5,8.5,10804,0.0037606972357203576,0.007190122412586048,0.010704837431373652,0.003816547351019789
26.5,8.5,10805,0.0036041222205499,0.0066402086102161275,0.008818869562673061,0.0038042853926357908
27.5,8.5,10806,0.0036261932688359433,0.006683166759737083,0.007868475985236774,0.00383893915580202
28.5,8.5,10807,0.0031556952274019055,0.0066545291353273224,0.0063924499434912675,0.0038233406604161195
29.5,8.5,10808,0.0036436543330869505,0.005755850074103645,0.008309421908278353,0.004221684955656891
30.5,8.5,10809,0.004239177617437295,0.005755850074103645,0.009292594842166501,0.0038177410287571828
31.5,8.5,10810,0.004942359740133625,0.007881307791998856,0.008374453125734004,0.0039363958535459
32.5,8.5,10811,0.004244217710865627,0.008760935384738221,0.006991698381041832,0.00607391374086277
33.5,8.5,10812,0.004889504896718882,0.013840201967688951,0.006525753727064589,0.006668333401736557
34.5,8.5,10813,0.004889504896718882,0.00905079338565526,0.009177367481977443,0.010547275394467585
35.5,8.5,10814,0.004889504896718882,0.008435361085333173,0.008436467381005045,0.006960887009492649
36.5,8.5,10815,0.004897134953160759,0.008435361085333173,0.011450943183768167,0.006486633117743683
37.5,8.5,10816,0.004275261249858869,0.008382649482287598,0.011450943183768167,0.00699433214259355
38.5,8.5,10817,0.004935336529207445,0.008535430756199587,0.008286416067766348,0.0076150738990042
39.5,8.5,10818,0.004935336529207445,0.00845175123198794,0.010695346436226282,0.007758354322091374
40.5,8.5,10819,0.004858788164161048,0.009179338972314571,0.008261811990540036,0.008263434024384569
41.5,8.5,10820,0.011612055434280517,0.019100046994342774,0.028994944005922885,0.020303619438692726
42.5,8.5,10821,0.010106973702331481,0.021521293021413673,0.03492836212312588,0.02414782422048953
43.5,8.5,10822,0.01165185177469924,0.023328798616859367,0.04534008816797774,0.022324241261905367
44.5,8.5,10823,0.011616404412650034,0.023657942045519603,0.037498349585198196,0.02481635604483292
45.5,8.5,10824,0.01154404625944119,0.024482746528874843,0.04719286074782709,0.02250486203506462
46.5,8.5,10825,0.011496040240784591,0.024482746528874843,0.06067981270678427,0.023109942091279763
47.5,8.5,10826,0.010855828747600778,0.02321061481884793,0.049387151895608626,0.026955030523007913
48.5,8.5,10827,0.004766897787970271,0.011572376507206177,0.019787721017446323,0.012523246313422602
49.5,8.5,10828,0.005456501094053434,0.015040326016274459,0.020247861336324443,0.01759821160353104
50.5,8.5,10829,0.00535095005872718,0.01458037450098483,0.04020622329001507,0.02195343223087596
51.5,8.5,10830,0.005297231021817901,0.02623495227648229,0.03710430704716476,0.014846146852651435
52.5,8.5,10831,0.008648875873065238,0.02707698648312072,0.028486458392322986,0.014890210132899701
53.5,8.5,10832,0.007669655485374412,0.02619488812094641,0.04218184761797375,0.015377054643583004
54.5,8.5,10833,0.0071833930719129874,0.028435113620903403,0.04006394422759509,0.01364542557532706
55.5,8.5,10834,0.006783103471326503,0.018100013879559382,0.037055479783194435,0.01364542557532706
56.5,8.5,10835,0.0074925504169545114,0.018126381646723547,0.035928512051634734,0.013969597853960314
57.5,8.5,10836,0.007549747638109163,0.018623092654473636,0.04461784234514738,0.01875993713958524
58.5,8.5,10837,0.009488743087403434,0.021374944565227236,0.034893026160548325,0.018658093561633164
59.5,8.5,10838,0.009653098770973235,0.021880682388721377,0.026533022562449483,0.024587421480297512
60.5,8.5,10839,0.01011036598231259,0.019536448454763905,0.03262814504863732,0.030368558564990204
61.5,8.5,10840,0.012228188691704861,0.018110751609120738,0.02878600930021433,0.02522221504511824
62.5,8.5,10841,0.01227864964540495,0.01770993437613362,0.029333727865591144,0.020617256770615155
63.5,8.5,10842,0.012384486080804467,0.01847585281420822,0.05199508577236234,0.016354082340301772
64.5,8.5,10843,0.012334502768480372,0.021074227505465268,0.04886659134186117,0.018536234373324568
65.5,8.5,10844,0.03561828541349565,0.03558355100245118,0.043053185743147496,0.02665358831770385
66.5,8.5,10845,0.0402064553974353,0.09969617646370724,0.041876400784611245,0.021492761832072032
67.5,8.5,10846,0.03884728600220432,0.06487259382918065,0.03710445138293786,0.021347201690336774
68.5,8.5,10847,0.061365717731894726,0.06840445260139302,0.03578488399996536,0.01842346128423369
69.5,8.5,10848,0.047818383470097384,0.07896618870282282,0.03335523337530313,0.016670552042454854
70.5,8.5,10849,0.05127916796250955,0.07702062555801731,0.032290786365832026,0.016156531460180194
71.5,8.5,10850,0.023980793526049475,0.07551188591582843,0.029207629373064904,0.013544634516474013
72.5,8.5,10851,0.03250717915612356,0.0742764117912866,0.026466439897993126,0.018658096521205574
73.5,8.5,10852,0.029916956298447102,0.07653244289550037,0.03137391417509581,0.023853886849406532
74.5,8.5,10853,0.03579444685228028,0.06479444412118258,0.04193199204955196,0.020471260746361335
75.5,8.5,10854,0.03837930637916334,0.0692983456350707,0.04139404730130876,0.02516222400532894
76.5,8.5,10855,0.03591669896075088,0.059916338957510265,0.02875785243909313,0.014930721464521464
77.5,8.5,10856,0.011904692349002492,0.031358784978259585,0.01429526565087676,0.017014268666076266
78.5,8.5,10857,0.015629455062921353,0.032289117588938404,0.014660365088425243,0.03788953364902871
79.5,8.5,10858,0.012767705890518564,0.03014655319509578,0.01664162882940606,0.023234159594298677
80.5,8.5,10859,0.01233293082868662,NA,0.025921016947257125,0.016812261563044027
81.5,8.5,10860,0.02105183529021142,NA,0.05558847748760165,0.04004316768373896
82.5,8.5,10861,0.017165986866217602,NA,0.04242549251375402,0.021014786511389556
83.5,8.5,10862,0.02186787908500981,NA,0.038666388117879105,0.014589201819437386
84.5,8.5,10863,0.01475352861090626,NA,0.03636421922101833,0.012318050834750217
85.5,8.5,10864,0.013610128311114847,NA,0.07334658683207228,0.017761509121025892
86.5,8.5,10865,0.010300944137751549,NA,0.0814260056018688,0.011479029482116572
87.5,8.5,10866,0.010705221113215516,NA,0.09043448216523017,0.011647625136448013
88.5,8.5,10867,0.02447006410847016,NA,0.142232646853181,0.019566798597124496
89.5,8.5,10868,0.026593647540246807,NA,0.13021744228782234,0.03909409529954438
90.5,8.5,10869,0.028942514210189972,NA,NA,0.014979210729137174
91.5,8.5,10870,0.0633448138909799,NA,NA,0.016051936117815354
92.5,8.5,10871,0.09291194241202543,NA,NA,0.023249744398511334
93.5,8.5,10872,0.18339294935793213,NA,NA,0.0606299556791548
94.5,8.5,10873,0.6307839158741434,NA,NA,0.4698826071254627
95.5,8.5,10874,0.1562701966596754,NA,NA,0.036861063282550684
100.5,8.5,10875,0.013313069772940701,NA,0.012301449801921709,0.013307461015088519
101.5,8.5,10876,0.02876664351878194,NA,0.016951396778878025,0.018346638637275235
-119.5,9.5,10886,0.0025808067891640563,0.007360831299648049,NA,0.00468597190921249
-118.5,9.5,10887,0.0024816146803091116,0.006464959249563943,NA,0.0035418665716530906
-117.5,9.5,10888,0.0026390404829960187,0.006981760289485774,NA,0.0035100233752952594
-116.5,9.5,10889,0.0026737598833582537,0.007123283613137305,NA,0.0038248940518379997
-115.5,9.5,10890,0.0032849136268364837,0.00861456007764474,NA,0.003657866111052446
-114.5,9.5,10891,0.00923039392375036,0.02266870619281494,NA,0.0038525390330348777
-113.5,9.5,10892,0.019209602846320114,0.04402981830896964,NA,0.006599447183889376
-112.5,9.5,10893,0.014254604060854473,0.04937891066084858,NA,0.004697409976409361
-111.5,9.5,10894,0.01667287798965107,0.03996398368685021,NA,0.004800323056360936
-110.5,9.5,10895,0.02918537902253194,0.06841522349696873,NA,0.004104544798330651
-109.5,9.5,10896,0.026469269899171734,NA,NA,0.005228329484847096
-108.5,9.5,10897,0.028637850705553185,NA,NA,0.022490374735457282
-107.5,9.5,10898,0.01618138197521397,NA,NA,0.04053518964509902
-106.5,9.5,10899,0.018293471813944452,NA,NA,0.05917781271313592
-105.5,9.5,10900,0.07406076897513292,NA,NA,0.1363841731795554
-104.5,9.5,10901,0.1218197563172274,NA,NA,0.07220168404914962
-98.5,9.5,10902,0.01316530035091875,0.030035608535298915,0.039065231641919725,0.01318630940733368
-97.5,9.5,10903,0.06963026038277834,0.08569884000863386,0.015835557099894183,0.033076688920557255
-96.5,9.5,10904,0.03496234953247257,0.041006578576823514,0.009127552667048794,0.035667615495779015
-95.5,9.5,10905,0.010173272673649973,0.020336042352340294,0.013819424858194432,0.017395631171769024
-94.5,9.5,10906,0.016157781541368904,0.023741322517838986,0.027689885692754424,0.014851837847517934
-93.5,9.5,10907,0.026324051573306032,0.02637775363763939,0.0116079190325229,0.012031578609535966
-92.5,9.5,10908,0.02900807164475502,0.023652748193147576,0.013926289783673749,0.012231284188977789
-91.5,9.5,10909,0.02360582775010426,0.02386587603587721,0.018136105892212224,0.01509920649801279
-90.5,9.5,10910,0.027447452521440138,0.04444057899454545,0.011281229322139407,0.01789405996576419
-89.5,9.5,10911,0.02648142302081776,NA,0.01100564065448315,0.031409548461298765
-88.5,9.5,10912,0.04493866494549477,NA,0.018160789807341194,0.020116438971576132
-87.5,9.5,10913,0.009540391119806445,NA,0.009921380850145796,0.009548441798353829
-86.5,9.5,10914,0.03674670002470205,NA,0.015566926015299118,0.02766483877714126
-85.5,9.5,10915,0.029545539549307224,NA,0.021492535337091834,0.03320659767260317
-84.5,9.5,10916,0.06353583731622509,NA,0.019434002623327763,0.026698969495129295
-83.5,9.5,10917,0.00943687572240721,NA,0.005206854259854965,0.007372312351788932
-82.5,9.5,10918,0.012582054039337381,NA,0.019885487900224378,0.008988477333259883
-80.5,9.5,10919,0.038520663333565304,NA,0.05501313095219119,0.007634408352566567
-79.5,9.5,10920,0.002489253574372551,0.01291649721746307,0.009129570460527358,0.0031769576349912655
-78.5,9.5,10921,0.005525427632052323,0.014945304779697795,0.023294516182020466,0.007155975058698747
-77.5,9.5,10922,0.010491334445992345,0.01832751727289279,0.009168081851928916,0.00847357549838338
-76.5,9.5,10923,0.009905659213941796,0.016793694498609905,0.02446524982563579,0.004797560528179575
-75.5,9.5,10924,0.00235697889220042,0.002595741195755634,0.003788265367089111,0.0030199073197708817
-73.5,9.5,10925,0.0021146742815990093,0.0030797374596457927,0.0051915608504560975,0.0022126728963384364
-72.5,9.5,10926,0.018224374702475718,0.014147197037963142,0.012006185492782864,0.010730877734885133
-71.5,9.5,10927,0.007222403966781212,0.007387872637929271,0.006015839623603873,0.004247388466322486
-70.5,9.5,10928,0.026863394541807042,0.03234627159015661,0.07447075597517133,0.02573942593570825
-69.5,9.5,10929,0.02094059382217978,NA,0.08856125419529877,0.05056461221872026
-68.5,9.5,10930,0.025507746205984505,NA,0.07033485695369968,0.09434957490462181
-67.5,9.5,10931,0.03331105008477868,NA,0.09520654441372042,0.10673519179228651
-66.5,9.5,10932,0.04238254735291119,NA,0.1499109466136961,0.12283888956304112
-65.5,9.5,10933,0.03073699045961017,NA,0.07334556070928584,0.06521856248969116
-64.5,9.5,10934,0.03480281827948559,NA,0.06277551642674277,0.08744686529476636
-63.5,9.5,10935,0.07034303189750675,NA,0.0545314400163236,0.07310891225067814
-62.5,9.5,10936,0.1150330567842943,NA,0.12886612459154684,0.17883938084673057
-60.5,9.5,10937,0.016756032846993993,NA,0.14247626535169036,0.027558107868464906
-59.5,9.5,10938,0.02609798944423024,0.1903255876888738,0.09468561932593374,0.0813571973438976
-58.5,9.5,10939,0.05256822998848915,0.08683140857236978,0.06720445857976103,0.10166009359250647
-57.5,9.5,10940,0.17622160749655474,0.3283333017812247,0.4724621185142204,0.2749516475251714
-53.5,9.5,10941,0.02055785512553767,0.03019442123350888,0.0718146080199525,0.05334427738251763
-52.5,9.5,10942,0.024952457447486438,0.06434887445129904,0.02816257187191076,0.07625054874634897
-51.5,9.5,10943,0.021896468538840287,0.04326368318372613,0.023441090434816715,0.058901129087479256
-50.5,9.5,10944,0.011789680780005448,0.030998181212745612,0.03576368879306662,0.08466592145621475
-49.5,9.5,10945,0.01177221978336383,0.05520733204115396,0.03277310601115909,0.08904514133555828
-48.5,9.5,10946,0.011618284390793363,0.04322068721951876,0.036591876354062726,0.08392599618214479
-47.5,9.5,10947,0.01428369500987825,0.0458767318218094,0.03342695980616706,0.09366560489709594
-46.5,9.5,10948,0.014951316883975439,0.04673883037087155,0.06643505172934604,0.1262349878876968
-45.5,9.5,10949,0.009475318166327643,0.05427406296817421,0.035536945240242555,0.04627481140303914
-44.5,9.5,10950,0.007736241017860275,0.0438977790183935,0.02938029833433227,0.05290269908307728
-43.5,9.5,10951,0.009216526461938967,0.03864389447755932,0.019545360448438274,0.0552656342975893
-42.5,9.5,10952,0.009495490473626984,0.04214689145625539,0.030911897761045446,0.06826585780947368
-41.5,9.5,10953,0.006623855020217668,0.036610995659468376,0.030871181649617364,0.05983963945900125
-40.5,9.5,10954,0.009817882001204824,0.07480887877921606,0.05261760696791664,0.0654803883014733
-39.5,9.5,10955,0.005812209915277813,0.029460231802473747,0.02359508710955098,0.04452440820797614
-38.5,9.5,10956,0.0053761043296812125,0.03327921897494482,0.018126733623584253,0.05609116017706215
-37.5,9.5,10957,0.004605732582083946,0.028153949825533046,0.00961713025064334,0.0389706346435823
-36.5,9.5,10958,0.005185589491821313,0.029711833788031734,0.010683247304000037,0.04782791341161437
-35.5,9.5,10959,0.00495681880344923,0.027587903119061487,0.01660957647620079,0.05228771650557935
-34.5,9.5,10960,0.004380210659739784,0.02256596603052481,0.007839422869642862,0.0440688692869012
-33.5,9.5,10961,0.004699136273341914,0.021841596059118524,0.005912851283734776,0.04397038360524106
-32.5,9.5,10962,0.0055904234241345805,0.023781702148349668,0.008639624798202204,0.04391925103468828
-31.5,9.5,10963,0.004378355940106998,0.018283569607347817,0.006183621289854732,0.03707435194683165
-30.5,9.5,10964,0.0055821928974074675,0.030721035923685202,0.008347109397010909,0.057699944324785674
-29.5,9.5,10965,0.007475696240008137,0.022201819483214442,0.009924438531559584,0.049904181664947346
-28.5,9.5,10966,0.006654611236593947,0.01419018432168346,0.007702615255422223,0.0349687429289226
-27.5,9.5,10967,0.006551640476459319,0.01530178398107691,0.006308738363155729,0.02313603548832158
-26.5,9.5,10968,0.005435078639396312,0.015662117051218786,0.005995135615278612,0.01891908989408466
-25.5,9.5,10969,0.004535884825132393,0.01649587433404887,0.006014981965366135,0.01689423801800624
-24.5,9.5,10970,0.005447271366528193,0.016169000334710786,0.0072703368398800575,0.016775921545868867
-23.5,9.5,10971,0.0041088103867260835,0.011281516941608304,0.006942447178540938,0.01672326190315091
-22.5,9.5,10972,0.003989063798670599,0.013570395878302995,0.0057948002839173975,0.015177002845197345
-21.5,9.5,10973,0.004150016315135973,0.014841357235762574,0.003896297593358697,0.014766663555044005
-20.5,9.5,10974,0.00395300283068365,0.014231140262612735,0.004010795280841174,0.012910230482036735
-19.5,9.5,10975,0.004157951281241325,0.014987180621553357,0.004867279729668447,0.013533148380033774
-18.5,9.5,10976,0.004274907864813362,0.013954168427300517,0.004882059365443469,0.013146168691869152
-17.5,9.5,10977,0.0041815262509405085,0.013920901611288599,0.003991372634487964,0.01428030910285426
-16.5,9.5,10978,0.004129259666835016,0.013377289881757105,0.006503633248652829,0.012373225040521352
-15.5,9.5,10979,0.004458716620489844,0.01150626956178794,0.016938448626396048,0.01272118422602742
-14.5,9.5,10980,0.004692603879001245,0.014812072475042235,0.025145923033896483,0.014225130494599818
-13.5,9.5,10981,0.00470627532162339,0.012039658884189591,0.04760723909312636,0.015397308881760193
-12.5,9.5,10982,0.006027550310242625,0.013429826487294322,0.05186718306213385,0.014925509756684453
-11.5,9.5,10983,0.005255957634938476,0.013276279852378082,0.032882152691229516,0.016537497446561886
-10.5,9.5,10984,0.006024715791072728,0.01239573150194294,0.04563264370244274,0.014630572677799644
-9.5,9.5,10985,0.004239151320932512,0.010216752707516711,0.02348959282179866,0.011643083776896865
-8.5,9.5,10986,0.0065958321323652935,0.014966515128128303,0.025501660421463214,0.014873423897432153
-7.5,9.5,10987,0.004844026719647736,0.010299051195467267,0.020721028628639896,0.014262314291805571
-6.5,9.5,10988,0.004868319739531635,0.010444392971882271,0.021642610669780144,0.013939977482633849
-5.5,9.5,10989,0.004717737516594438,0.00595778356515321,0.0173882855523814,0.013146119428493513
-4.5,9.5,10990,0.004723274053242081,0.006513937751952885,0.013077725114630049,0.013088367461642105
-3.5,9.5,10991,0.004738078514252079,0.006054522734823823,0.013048674739467366,0.015324712494715632
-2.5,9.5,10992,0.0035573686345916227,0.004532461687928289,0.008919628632181903,0.007912822660783787
-1.5,9.5,10993,0.0026728157681111483,0.003420193324520369,0.0064546865721097964,0.005687674064770616
-0.5,9.5,10994,0.002704859084736654,0.003578908972926377,0.00848681146170808,0.0049580502120205715
0.5,9.5,10995,0.0027128804094337026,0.003584990558850176,0.006980113509354543,0.005137659088276458
1.5,9.5,10996,0.0027174500850491662,0.0035826669830947722,0.00904206369603021,0.005144591073282794
2.5,9.5,10997,0.0027174500850491662,0.0035826669830947722,0.008434614895075533,0.0053222925511058365
3.5,9.5,10998,0.002767943077560864,0.0035826669830947722,0.006206624454502758,0.005436142779291119
4.5,9.5,10999,0.002767943077560864,0.0035826669830947722,0.008434614895075533,0.0051425901703142955
5.5,9.5,11000,0.002767943077560864,0.0035826669830947714,0.008434614895075533,0.004844150574745221
6.5,9.5,11001,0.0027714104574861806,0.003587151289871412,0.008730333074819959,0.005103706843014714
7.5,9.5,11002,0.00279010300991386,0.0036133706082378076,0.00662642118392031,0.00470870735154279
8.5,9.5,11003,0.002835178215413127,0.003671697052840369,0.0067838147468015425,0.0050501764369730836
9.5,9.5,11004,0.0028298190180315297,0.003664832310643092,0.00842537217484203,0.004791447355688052
10.5,9.5,11005,0.0028298190180315297,0.003664832310643092,0.006942472718332325,0.005222007594108185
11.5,9.5,11006,0.0030315680643065003,0.0036316766656189067,0.0069134685450235964,0.005255630528501941
12.5,9.5,11007,0.0036177099319716897,0.004626542044109511,0.009883583486995558,0.005509941591942004
13.5,9.5,11008,0.005078371953113592,0.007480225216798005,0.016561330520408164,0.010065399549015168
14.5,9.5,11009,0.005095976353793522,0.007917497352172035,0.012731789284039485,0.009981219320478293
15.5,9.5,11010,0.0050175368120202865,0.007687380834449273,0.016544598594854257,0.009967529654284591
16.5,9.5,11011,0.005000969345258239,0.00771162558308433,0.01605960639570285,0.010019340989810726
17.5,9.5,11012,0.004998241618244019,0.007658020945110209,0.016220542356435216,0.010013903591891221
18.5,9.5,11013,0.004865748923950949,0.0076810374487411605,0.016000055829704995,0.00920384364807116
19.5,9.5,11014,0.00455182149854402,0.00809199827289597,0.017167022723048587,0.009187562079926551
20.5,9.5,11015,0.004567511058292307,0.010820519598377501,0.012764285686950235,0.009996203488015675
21.5,9.5,11016,0.005283189362739972,0.011442038912951771,0.020468214987214874,0.009188295413615639
22.5,9.5,11017,0.004765293839687271,0.010378157133526527,0.02029938412355896,0.008275355411537353
23.5,9.5,11018,0.003632123215910861,0.006968399588253605,0.014385687005765486,0.005854000451855623
24.5,9.5,11019,0.0033384644363846825,0.005936485870132766,0.013210996095463945,0.004961616471619302
25.5,9.5,11020,0.0028972781805653115,0.005573941436969375,0.013371163200335105,0.00501882924655898
26.5,9.5,11021,0.0033864549421234735,0.005202302649455507,0.013016225838510061,0.005218596647420868
27.5,9.5,11022,0.003003019036637615,0.005376052631104252,0.016447041720843103,0.006487537096010051
28.5,9.5,11023,0.003086318195672868,0.004759159109181565,0.011819837116675025,0.006299694409694703
29.5,9.5,11024,0.003086318195672868,0.004759159109181565,0.016105591944733176,0.006395178573866647
30.5,9.5,11025,0.002748113173500093,0.004759159109181565,0.013203859550085507,0.0063268857067635366
31.5,9.5,11026,0.0029366312063772238,0.004771177205064501,0.014263489432569356,0.006384489780428154
32.5,9.5,11027,0.003342955490788294,0.004487394079655234,0.010884641429022074,0.006388327691890234
33.5,9.5,11028,0.003342955490788294,0.0044939350996369715,0.010908729075170293,0.005868672298339517
34.5,9.5,11029,0.0028926118180690923,0.004553229295197256,0.010497792126092094,0.006180671932314711
35.5,9.5,11030,0.002865986380693833,0.004482580815495966,0.009886470429392582,0.005666453292281911
36.5,9.5,11031,0.0032808010615334978,0.006570695929382163,0.007631246818546637,0.0057265385985248145
37.5,9.5,11032,0.003264223806644851,0.009980299746401971,0.010038142417467123,0.006205758528184495
38.5,9.5,11033,0.0032623714719062615,0.007049301277641391,0.009957191906875036,0.00672325284170291
39.5,9.5,11034,0.0032809416482993824,0.007665010509574529,0.008727353050730574,0.00705952040201576
40.5,9.5,11035,0.006016613552057493,0.012930953534523575,0.016668519589752993,0.021830329805442108
41.5,9.5,11036,0.007615034460804681,0.016444273215241605,0.02198789386697872,0.024466415215849253
42.5,9.5,11037,0.007854973765128422,0.01705846004805292,0.022686977460601304,0.02545863092356818
43.5,9.5,11038,0.00782241722377775,0.01696037998172377,0.026167887950211587,0.025860282507780757
44.5,9.5,11039,0.007744079911275398,0.016962759021021137,0.027085357186337703,0.02340723365652335
45.5,9.5,11040,0.009084764341107355,0.0166968992013168,0.026268672221555708,0.022754769209914576
46.5,9.5,11041,0.010001689648143384,0.019927552072815352,0.029240041520573537,0.02325470716194902
47.5,9.5,11042,0.004193996268553789,0.008034618281903567,0.013141908129059693,0.010900129137472047
48.5,9.5,11043,0.0041922956805199064,0.008671705110577542,0.014097941700580801,0.012323523789410004
49.5,9.5,11044,0.00359972202558281,0.009656670058862818,0.0135986511440586,0.012469357837164245
50.5,9.5,11045,0.004147428778292795,0.009666886607496698,0.013720490629372797,0.01797125617760542
51.5,9.5,11046,0.005229190055797196,0.010069476016064002,0.011839860771080877,0.018399063063427253
52.5,9.5,11047,0.006986948859986176,0.011714952925911716,0.010343423537209129,0.020175004448236895
53.5,9.5,11048,0.006538642029501474,0.01798299063712868,0.011789888487464028,0.024107330763812312
54.5,9.5,11049,0.006662741804433061,0.019902820139154533,0.012263216236845155,0.02263944393992852
55.5,9.5,11050,0.0069434543823703706,0.01862460928540332,0.013316842831913082,0.021234444148297397
56.5,9.5,11051,0.007891050408862586,0.025142144307972097,0.013212802059348966,0.01747228451928971
57.5,9.5,11052,0.01019071351629893,0.03358776569949377,0.011621170165784771,0.01770536968709284
58.5,9.5,11053,0.01617777384373991,0.01945770259790383,0.013590016504148575,0.019458521471429867
59.5,9.5,11054,0.01677180214508051,0.020757610794627304,0.013881255222611476,0.0213627947648232
60.5,9.5,11055,0.012843741223680216,0.021536071592937238,0.018503055536994842,0.00930262046287199
61.5,9.5,11056,0.012003311802090468,0.02395528657809244,0.015791580995468676,0.009422376858202443
62.5,9.5,11057,0.013352141387225926,0.02742754440315012,0.013690100002844902,0.009232337652985024
63.5,9.5,11058,0.011403149404785958,0.030387920505029316,0.013495853414827884,0.00743886724852265
64.5,9.5,11059,0.01953397603323599,0.03806520259630525,0.018541864882673897,0.00913968774629641
65.5,9.5,11060,0.04520898864158174,0.11636555273124949,0.02679130914380802,0.012852168724788135
66.5,9.5,11061,0.046310698932215635,0.07103674849718569,0.03054298839943472,0.012745544747682665
67.5,9.5,11062,0.03490992247841475,0.06506699901289899,0.041602792817306035,0.01351916342499792
68.5,9.5,11063,0.03732388967418963,0.06706866570260904,0.022984081965819345,0.024549378289021265
69.5,9.5,11064,0.035802234368101066,0.07578219653981698,0.022448399374103055,0.017517791005236386
70.5,9.5,11065,0.04142835353262198,0.06557185907883,0.022308315503824356,0.018554729282034978
71.5,9.5,11066,0.09610345822187563,0.057504552039373075,0.021757056161001025,0.022737616978656457
72.5,9.5,11067,0.05862609352445293,0.05199374310972271,0.01981737395711196,0.025815186227046323
73.5,9.5,11068,0.09510269091882127,0.06250969615893334,0.027338902384497845,0.034047702437767516
74.5,9.5,11069,0.046974983869037194,0.05188641948888435,0.028765601751329934,0.05401346146712964
75.5,9.5,11070,0.0645081909996848,0.059000617846310686,0.026959866381601468,0.04834125961943736
76.5,9.5,11071,0.03666177893065171,0.0482664790564612,0.05833622886778911,0.04994941037103762
77.5,9.5,11072,0.01711116019098911,0.02448846974003931,0.013986082356157023,0.021635279947587488
78.5,9.5,11073,0.016838410561115656,0.021923985419949544,0.013041378486162174,0.019142035841367935
79.5,9.5,11074,0.015458165593709649,0.02394958706002397,0.013460734851886084,0.017017370458349158
80.5,9.5,11075,0.01567656685690822,NA,0.014157798212696946,0.016030679274158105
81.5,9.5,11076,0.017379083441414762,NA,0.02627105875549868,0.019120037429027844
82.5,9.5,11077,0.013037059090955866,NA,0.023853799864301955,0.013860543615223288
83.5,9.5,11078,0.012743882546135602,NA,0.04001801691794998,0.025317124112805588
84.5,9.5,11079,0.012693170359158472,NA,0.06603392937654724,0.060501041483365464
85.5,9.5,11080,0.022559405799962972,NA,0.08363306041082798,0.05096549931605039
86.5,9.5,11081,0.026501725780372742,NA,0.04038198484475119,0.024645255915793536
87.5,9.5,11082,0.02348905347022234,NA,0.03895656753450218,0.01800817390151245
88.5,9.5,11083,0.016397600224418538,NA,0.041413541416386104,0.016364033126874095
89.5,9.5,11084,0.01645962405951864,NA,0.042489552343945365,0.014992075663922737
90.5,9.5,11085,0.015016682796768061,NA,NA,0.013962552376901147
91.5,9.5,11086,0.020959804578825028,NA,NA,0.014068242458412294
92.5,9.5,11087,0.060167940533209625,NA,NA,0.05346827047359686
93.5,9.5,11088,0.1479685984475634,NA,NA,0.10938768473285525
94.5,9.5,11089,0.14333294775717287,NA,NA,0.04729423918418623
95.5,9.5,11090,0.011951372462389328,NA,NA,0.006386585513128339
-128.5,10.5,11091,8.389468612333245e-4,NA,NA,0.0010141409278363082
-127.5,10.5,11092,0.004361154292234242,NA,NA,0.007218104602065572
-126.5,10.5,11093,0.0028730873523568285,NA,NA,0.005193851669284069
-125.5,10.5,11094,0.0029969190192002055,NA,NA,0.0050221601302808516
-124.5,10.5,11095,0.0026009007183655395,NA,NA,0.0051900898765571855
-123.5,10.5,11096,0.0022696304908553385,NA,NA,0.005336455066169109
-122.5,10.5,11097,0.0026675344170934254,NA,NA,0.005995933280851203
-121.5,10.5,11098,0.0025014099653070565,NA,NA,0.010155449178494853
-120.5,10.5,11099,0.002158075471591811,NA,NA,0.007562977870869895
-99.5,10.5,11116,0.009686909173826053,NA,NA,NA
-98.5,10.5,11117,0.03212751271121546,NA,NA,NA
-97.5,10.5,11118,0.03656144897105771,NA,NA,NA
-96.5,10.5,11119,0.03393847040012537,NA,NA,NA
-95.5,10.5,11120,0.01310214961389727,NA,NA,NA
-94.5,10.5,11121,0.011669198469157054,NA,NA,NA
-93.5,10.5,11122,0.00901820345009494,NA,NA,NA
-92.5,10.5,11123,0.022394112291042434,NA,NA,NA
-91.5,10.5,11124,0.0454574072612017,NA,NA,NA
-90.5,10.5,11125,0.03197777103074012,NA,NA,NA
-89.5,10.5,11126,0.05771328717956121,NA,NA,NA
-88.5,10.5,11127,0.03627017026938336,NA,NA,NA
-87.5,10.5,11128,0.008848558492590239,NA,NA,NA
-86.5,10.5,11129,0.041592998774316374,NA,NA,NA
-85.5,10.5,11130,0.04109862093753534,NA,NA,NA
-84.5,10.5,11131,0.031354334862745734,NA,NA,NA
-83.5,10.5,11132,0.02361801384794855,NA,NA,NA
-82.5,10.5,11133,0.006857854029675416,NA,NA,NA
-80.5,10.5,11134,0.0024121743927779504,NA,NA,NA
-69.5,10.5,11142,0.021533020846138555,0.038513299827829986,0.07879309372209264,0.030036525015836403
-68.5,10.5,11143,0.021934468117919194,0.08162350703239699,0.1598064751463646,0.05937726663508667
-67.5,10.5,11144,0.023157162258198073,0.0929024174652072,0.06289766271458563,0.08879192214612744
-66.5,10.5,11145,0.03718935246334094,0.12573509426791768,0.10093766585185714,0.08995323752188014
-65.5,10.5,11146,0.03153405727249908,0.08038168804812539,0.05426587460281288,0.05760050960958015
-64.5,10.5,11147,0.035990355483741916,0.09212589325785112,0.04631671790820188,0.03448989375402066
-63.5,10.5,11148,0.11392261400559572,0.1758505280334053,0.09365131571412606,0.060561038452177404
-62.5,10.5,11149,0.04873555743485101,0.13563368913175033,0.05609505927577963,0.040599471571529176
-61.5,10.5,11150,0.012243259324858003,0.017471679284491306,0.01583127866988638,0.0066081240833100316
-59.5,10.5,11151,0.008788064513608656,0.035210962661415796,0.03367937749171906,0.02170561705810615
-58.5,10.5,11152,0.055740364065078034,0.059218449378103784,0.08143558589271802,0.05805371454170121
-57.5,10.5,11153,0.00443645413974955,0.050420889975304486,0.022596081575497858,0.020787330696840127
-53.5,10.5,11154,0.030983716607803292,0.075191466000992,0.07057419365636061,0.048676056101907554
-52.5,10.5,11155,0.02257677986261109,0.04326528160225754,0.023826798303054907,0.052088227077579145
-51.5,10.5,11156,0.011620224613892565,0.04712384724240409,0.027516559640714602,0.04519201353838055
-50.5,10.5,11157,0.011430185803030558,0.04930789112201214,0.027035281932833447,0.045761980383922325
-49.5,10.5,11158,0.011609568378893827,0.08490423408383162,0.040386044791627634,0.06522504410904542
-48.5,10.5,11159,0.014142669650345907,0.04586265897806048,0.026946431813958067,0.06258370461672697
-47.5,10.5,11160,0.011728371788066997,0.04462215297634757,0.025903494189199607,0.06291693584665721
-46.5,10.5,11161,0.014137998367765305,0.04052385619556213,0.06294108157883828,0.07433013928241884
-45.5,10.5,11162,0.008881634650279418,0.07026001290980097,0.023105435534451543,0.052968634925778545
-44.5,10.5,11163,0.006787062838246899,0.04121549522649693,0.017178269149960443,0.04123337327537372
-43.5,10.5,11164,0.006902348132026176,0.022172633744155457,0.017495108181508734,0.03499142584040607
-42.5,10.5,11165,0.00733390068125035,0.023396238155736587,0.028442166201677867,0.03667947870200929
-41.5,10.5,11166,0.007995228549221517,0.03291091885092804,0.010734214715718528,0.04709448870502669
-40.5,10.5,11167,0.00785005225839249,0.0383565301781163,0.012955496480256618,0.057907197724592886
-39.5,10.5,11168,0.006237013502493961,0.02596573212144441,0.00624238243167064,0.046669131508831715
-38.5,10.5,11169,0.0057005417033293175,0.02632069782089305,0.011233124129079846,0.04598865363561639
-37.5,10.5,11170,0.005104587723789347,0.021499006082937283,0.010698500806950126,0.03912306040380813
-36.5,10.5,11171,0.0059084262016623436,0.02281243260659725,0.00492555569139528,0.024539293270089416
-35.5,10.5,11172,0.005113423984865625,0.020033462166611254,0.004367696342716775,0.02047803853111464
-34.5,10.5,11173,0.00476995757806469,0.02050748508535604,0.006424585209625399,0.02208922498588145
-33.5,10.5,11174,0.004645451626135001,0.021968141546659624,0.008713148299445028,0.02103822674370996
-32.5,10.5,11175,0.004661595372959632,0.02010938341022869,0.005371653665270894,0.021010912839012137
-31.5,10.5,11176,0.004702554351983721,0.02160377830002728,0.004907494264931838,0.018492130846594276
-30.5,10.5,11177,0.004738866817053216,0.019499145334792453,0.004781858621855743,0.01640019532312255
-29.5,10.5,11178,0.005520284811850024,0.02016616618931384,0.008568041899504079,0.014497384821626153
-28.5,10.5,11179,0.004675876519501177,0.0181992719377325,0.007876996293193163,0.009812275973504696
-27.5,10.5,11180,0.004647836709314787,0.017377888105565367,0.00791860608622978,0.009626665723592743
-26.5,10.5,11181,0.004624251002707796,0.017131003888519784,0.005993781863368298,0.009364024470579027
-25.5,10.5,11182,0.004624251002707796,0.017047667303781842,0.0058343132131690005,0.011558441625206223
-24.5,10.5,11183,0.004686231858560627,0.017090870890736402,0.005893964008706936,0.01334771060822051
-23.5,10.5,11184,0.004388637374561555,0.015852079112996423,0.005807276505295722,0.011772875577445099
-22.5,10.5,11185,0.004510288932724433,0.013182468504369067,0.006065568789086996,0.011752103305388697
-21.5,10.5,11186,0.004198650336423293,0.013182468504369067,0.0035535090205726706,0.011362724159177745
-20.5,10.5,11187,0.004198650336423293,0.013182468504369065,0.003380892477829798,0.011480558577112868
-19.5,10.5,11188,0.004170228173448505,0.012723981229033995,0.004709761675806888,0.01107747706776117
-18.5,10.5,11189,0.003893174089159169,0.00964203392683415,0.005468135221245158,0.01034326993300924
-17.5,10.5,11190,0.003868598222625013,0.010310862551703387,0.00367039185922509,0.009695980825539288
-16.5,10.5,11191,0.0044523669729521955,0.011832656889309958,0.009508053938082578,0.013712353240976392
-15.5,10.5,11192,0.004460247402376368,0.01179088383373915,0.01036623276204481,0.014307933741405118
-14.5,10.5,11193,0.004792280162012533,0.011953561692463468,0.03501722047192606,0.01711281357426593
-13.5,10.5,11194,0.006259870606880155,0.014204877760598488,0.03893870058888876,0.015365305014262682
-12.5,10.5,11195,0.005321089440884109,0.014059633327455093,0.031058595024154236,0.014879543149851605
-11.5,10.5,11196,0.004629420048738379,0.011941855372122062,0.022416717436290503,0.012483212029009596
-10.5,10.5,11197,0.004780583939099593,0.012220858092221261,0.018098501660332333,0.012621880421104275
-9.5,10.5,11198,0.006691131368036276,0.015243415837688026,0.02172564096006723,0.01474436851996639
-8.5,10.5,11199,0.005533363516599109,0.016720873666518685,0.0204498933377282,0.01892656804489058
-7.5,10.5,11200,0.0048501489344074476,0.010835910548876641,0.014029906069733826,0.013268609649248477
-6.5,10.5,11201,0.004893255865560417,0.010673405966842863,0.014190354808268798,0.013221809327960061
-5.5,10.5,11202,0.0046830272069294295,0.005727241435613226,0.014219243559013883,0.011710665089690476
-4.5,10.5,11203,0.004569548749765472,0.0070047379672787775,0.011749103705933248,0.01269328874920113
-3.5,10.5,11204,0.004620626984451161,0.006606259755041271,0.010858869365875757,0.010304660262684256
-2.5,10.5,11205,0.0026882859731223252,0.004075485776186795,0.006439988052023145,0.005316493059156739
-1.5,10.5,11206,0.0026003696674588616,0.003554360376190865,0.0063444043368396045,0.0048536163199736455
-0.5,10.5,11207,0.0025662059509469408,0.0032121409618857824,0.006178931682415618,0.0048289626047952105
0.5,10.5,11208,0.002501559952489249,0.0032319796328253757,0.006347486856532532,0.005143002194253223
1.5,10.5,11209,0.00247073430940699,0.0032851151770496535,0.006445129596914314,0.006178212525622883
2.5,10.5,11210,0.00247073430940699,0.0032851151770496535,0.006445129596914314,0.0053399559882718415
3.5,10.5,11211,0.0025074374160020184,0.003247882072132952,0.006433878872614384,0.0047032640520781295
4.5,10.5,11212,0.0025223198439402665,0.0032671448770207703,0.006091858844720835,0.004717760462701177
5.5,10.5,11213,0.0025524976076718164,0.003319901223087648,0.00813271010454158,0.004776115000927509
6.5,10.5,11214,0.0025053357133215065,0.0033199012230876483,0.006111925394317871,0.0047808900901293895
7.5,10.5,11215,0.0023494571578154813,0.0034785911287406697,0.008302504270069077,0.005791303115795953
8.5,10.5,11216,0.0024252263368304806,0.00334168867536305,0.008334603478182757,0.005677714476753871
9.5,10.5,11217,0.0024813500898487485,0.003356619501166817,0.008070429257419659,0.005447909628430141
10.5,10.5,11218,0.002476120135218165,0.0033495509312520527,0.006198096752222371,0.005449118630502875
11.5,10.5,11219,0.0024676453891602484,0.0033317901294403454,0.008262050030834623,0.004997024519333911
12.5,10.5,11220,0.002474766135835065,0.0033335812701865072,0.006370051552997017,0.0053953502561040045
13.5,10.5,11221,0.002744429988002046,0.003696479467775409,0.009024270509469499,0.006787511582094032
14.5,10.5,11222,0.0040428697116542504,0.005416167590967012,0.014823432959381922,0.009300470325704732
15.5,10.5,11223,0.0044564405248574655,0.005958946277221577,0.01608258243411957,0.009204830412612715
16.5,10.5,11224,0.004456083150181077,0.00595846913347448,0.012288880640993318,0.009946474950932285
17.5,10.5,11225,0.004456083150181077,0.0058173538353811964,0.011976683584855657,0.009138676790182546
18.5,10.5,11226,0.004510976916296936,0.005085318718839904,0.011875417028457352,0.009324824760851664
19.5,10.5,11227,0.004410271005475217,0.005654886955125501,0.015428378281811704,0.009298919859268036
20.5,10.5,11228,0.004397269459984741,0.0063490721407866765,0.011744108126498537,0.009298919859268036
21.5,10.5,11229,0.003889529440321822,0.004440484453426852,0.008960179928004424,0.007170552481267006
22.5,10.5,11230,0.002630458320058222,0.0037402785962124888,0.009694164733567063,0.006027996165081899
23.5,10.5,11231,0.0027712759458901775,0.003657939370911125,0.010958387881408316,0.005154422292592763
24.5,10.5,11232,0.0027644914069200363,0.003597254319964226,0.014578769513797794,0.005148892021900893
25.5,10.5,11233,0.0029545879061961757,0.003830005235876652,0.01562372808418963,0.005108549231961857
26.5,10.5,11234,0.002820980471557182,0.0037583984357175554,0.016258124105280682,0.005023785691985632
27.5,10.5,11235,0.002500716619959777,0.003907658316475138,0.018038245947382497,0.004994564653828417
28.5,10.5,11236,0.002796468126420261,0.0033179112773493026,0.017052428433749295,0.005266509700040988
29.5,10.5,11237,0.002874422583813031,0.004985553010777481,0.016669148877300612,0.004862189076538223
30.5,10.5,11238,0.0029007796637779714,NA,NA,0.005131022077488759
31.5,10.5,11239,0.002906754404971546,NA,NA,0.005008259911757646
32.5,10.5,11240,0.002866637976023464,NA,NA,0.005094006642228877
33.5,10.5,11241,0.0029143839641668856,NA,NA,0.00533859813953107
34.5,10.5,11242,0.0029173472358023666,NA,NA,0.005830983896991247
35.5,10.5,11243,0.002894664905640815,NA,NA,0.005854106132558663
36.5,10.5,11244,0.0028950767519928433,NA,NA,0.0074846681811292235
37.5,10.5,11245,0.0028977970474516617,NA,NA,0.010280196793530516
38.5,10.5,11246,0.0025547795599830223,NA,NA,0.010437567121116402
39.5,10.5,11247,0.002909540617649512,NA,NA,0.008320703403892064
40.5,10.5,11248,0.0031171537193582853,NA,NA,NA
41.5,10.5,11249,0.007253001078861312,NA,NA,NA
42.5,10.5,11250,0.007417094797587109,NA,NA,NA
43.5,10.5,11251,0.006643566208528954,NA,NA,NA
44.5,10.5,11252,0.007650845377277248,NA,NA,NA
45.5,10.5,11253,0.007302336191297224,NA,NA,NA
46.5,10.5,11254,0.0040825450827648956,NA,NA,NA
47.5,10.5,11255,0.003038804869509349,NA,NA,NA
48.5,10.5,11256,0.0030739140533140165,NA,NA,NA
49.5,10.5,11257,0.005049689022678449,NA,NA,NA
50.5,10.5,11258,0.009141972644353024,NA,NA,0.01916858191024143
51.5,10.5,11259,0.006623377527620365,NA,NA,0.018231877500695524
52.5,10.5,11260,0.006609749906525792,NA,NA,0.02914742246412862
53.5,10.5,11261,0.00742167666837685,NA,NA,0.011668984684045846
54.5,10.5,11262,0.012513803538504684,NA,NA,0.011169050161157556
55.5,10.5,11263,0.013036748923525916,NA,NA,0.009102330763933273
56.5,10.5,11264,0.014709224291536527,NA,NA,0.008378518598638213
57.5,10.5,11265,0.015607025774145775,NA,NA,0.00834773599248861
58.5,10.5,11266,0.016929630050917313,NA,NA,0.012303632552981655
59.5,10.5,11267,0.01621607205135976,NA,NA,0.006243879797533663
60.5,10.5,11268,0.01434234031478446,NA,NA,NA
61.5,10.5,11269,0.015168013036069643,NA,NA,NA
62.5,10.5,11270,0.013980695597328126,NA,NA,NA
63.5,10.5,11271,0.011857875132658178,NA,NA,NA
64.5,10.5,11272,0.014017913370238552,NA,NA,NA
65.5,10.5,11273,0.01744597291219709,NA,NA,NA
66.5,10.5,11274,0.015427064162633907,NA,NA,NA
67.5,10.5,11275,0.017814487887552466,NA,NA,NA
68.5,10.5,11276,0.02409646820356248,NA,NA,NA
69.5,10.5,11277,0.06353809721847907,NA,NA,NA
70.5,10.5,11278,0.054968578502193874,0.07609236756620126,NA,NA
71.5,10.5,11279,0.0488690903422034,0.05173946401924472,NA,NA
72.5,10.5,11280,0.06075944304002551,0.051133213281982795,NA,NA
73.5,10.5,11281,0.08675982737067557,0.07258926995409833,NA,NA
74.5,10.5,11282,0.08163135278088463,0.057881511102513786,NA,NA
75.5,10.5,11283,0.07787934459077644,0.06744513303880684,NA,NA
76.5,10.5,11284,0.07344022503793715,0.056461907170010164,NA,NA
77.5,10.5,11285,0.016064823064596095,0.02610720829056045,NA,NA
78.5,10.5,11286,0.016230713162383056,0.023260708716894094,NA,NA
79.5,10.5,11287,0.01658152827998629,0.025427057780152675,NA,NA
80.5,10.5,11288,0.02436765033764745,0.035392288920352934,NA,NA
81.5,10.5,11289,0.030945009943329573,0.05812852968827506,NA,NA
82.5,10.5,11290,0.033506280986272494,0.04747314437252287,NA,NA
83.5,10.5,11291,0.024027921829966877,0.044690236085772696,NA,NA
84.5,10.5,11292,0.025612403852153343,0.05949480253779031,NA,NA
85.5,10.5,11293,0.028754881020611973,0.0680595392349089,NA,NA
86.5,10.5,11294,0.021505197322004274,0.05872653479578637,NA,NA
87.5,10.5,11295,0.019853923589492627,0.052270037460147,NA,NA
88.5,10.5,11296,0.019530946607209946,0.037200500290035465,NA,NA
89.5,10.5,11297,0.01889990410315536,0.028798848208476092,NA,NA
90.5,10.5,11298,0.01720327095732478,NA,NA,NA
91.5,10.5,11299,0.012955523362851896,NA,NA,NA
92.5,10.5,11300,0.01985458517107826,NA,NA,NA
93.5,10.5,11301,0.018660654326242587,NA,NA,NA
-128.5,11.5,11302,0.0010810147134620298,NA,NA,0.0021695292593718963
-127.5,11.5,11303,0.006028437096523545,NA,NA,0.004901707187730662
-126.5,11.5,11304,0.003877305034839941,NA,NA,0.0067380479903894714
-125.5,11.5,11305,0.002940040395328418,NA,NA,0.005509748779706386
-124.5,11.5,11306,0.0029282478310034997,NA,NA,0.005421804673554728
-123.5,11.5,11307,0.00310410586164367,NA,NA,0.004348897518627333
-122.5,11.5,11308,0.003699972963068696,NA,NA,0.005531950877530731
-121.5,11.5,11309,0.0029123045361245004,NA,NA,0.006925877140448235
-120.5,11.5,11310,0.0023998549553936074,NA,NA,0.006673665395201239
-99.5,11.5,11327,0.008977414492678394,NA,NA,NA
-98.5,11.5,11328,0.049753921997069524,NA,NA,NA
-97.5,11.5,11329,0.03467124762343725,NA,NA,NA
-96.5,11.5,11330,0.01701506201931317,NA,NA,NA
-95.5,11.5,11331,0.013630434449775485,NA,NA,NA
-94.5,11.5,11332,0.010463889911376853,NA,NA,NA
-93.5,11.5,11333,0.009269102152091663,NA,NA,NA
-92.5,11.5,11334,0.011632870804935027,NA,NA,NA
-91.5,11.5,11335,0.024489048913134987,NA,NA,NA
-90.5,11.5,11336,0.03024945202362668,NA,NA,NA
-89.5,11.5,11337,0.044634172578710864,NA,NA,NA
-88.5,11.5,11338,0.036924154280331224,NA,NA,NA
-87.5,11.5,11339,0.004466693796772282,NA,NA,NA
-86.5,11.5,11340,0.0361151187256085,NA,NA,NA
-85.5,11.5,11341,0.09981863490040752,NA,NA,NA
-84.5,11.5,11342,0.06015586445187438,NA,NA,NA
-83.5,11.5,11343,0.042620348310191354,NA,NA,NA
-82.5,11.5,11344,0.006493862915393327,NA,NA,NA
-81.5,11.5,11345,0.004961617114425222,NA,NA,NA
-69.5,11.5,11350,0.025195764383146718,0.029946343125522856,0.0711632008984914,0.04302968021499987
-68.5,11.5,11351,0.03520706723416184,0.0811536617400954,0.10895760825583059,0.05002702373262666
-67.5,11.5,11352,0.02618058264098014,0.08693089939511937,0.07074307126233251,0.08893515364002516
-66.5,11.5,11353,0.054350415910359065,0.10782776472657063,0.08282458900791581,0.12179909270740699
-65.5,11.5,11354,0.07564092653567106,0.15297780347311507,0.10115337142929055,0.055667837743744425
-64.5,11.5,11355,0.05083062785548909,0.09703950039023358,0.04512989999758864,0.03999006766583472
-63.5,11.5,11356,0.045087762287238965,0.09178521257872888,0.046286748188025854,0.037359885256942386
-62.5,11.5,11357,0.03775062217024481,0.09389875066498307,0.04602827954807877,0.0369112560887224
-61.5,11.5,11358,0.028332068824879136,0.16274535095280035,0.06082060957564668,0.04668873059313606
-60.5,11.5,11359,0.005776937506011232,0.009651261217622819,0.004825984049127503,0.003702442695438534
-59.5,11.5,11360,0.00668567505882136,0.018841082423706534,0.020811874153849115,0.008323427224521767
-58.5,11.5,11361,0.006755111904306915,0.029265805635208697,0.016972345519422477,0.015494593733781516
-53.5,11.5,11362,0.03655658206060503,0.054824631556157785,0.04782702339180265,0.052390397786239204
-52.5,11.5,11363,0.012615309484524962,0.030744616000613595,0.01822997008025198,0.04067067599230463
-51.5,11.5,11364,0.01215520851819572,0.03457009773832188,0.02754350276413231,0.03820066163852765
-50.5,11.5,11365,0.01154822821234632,0.04012408180745761,0.026157455841806527,0.04975569907551588
-49.5,11.5,11366,0.011610865926675536,0.04041253131229701,0.02596401554401659,0.03651599138707016
-48.5,11.5,11367,0.013244635477593627,0.02723640794592499,0.02486692309687535,0.03323403431450614
-47.5,11.5,11368,0.011301409709344302,0.02601838416123789,0.033821710226991895,0.041064979827859054
-46.5,11.5,11369,0.011301409709344302,0.02537729200508519,0.037241054440436384,0.04337572554750494
-45.5,11.5,11370,0.008629827860727354,0.02131926471727082,0.020792029257557607,0.03188566107933973
-44.5,11.5,11371,0.007828264984613753,0.016333948165230417,0.013424287147685161,0.03498941385706713
-43.5,11.5,11372,0.00824701293006668,0.014988788186058215,0.015544922078426022,0.031396119364289966
-42.5,11.5,11373,0.007633970064208637,0.014072346028976527,0.017764996984907407,0.028075183935601936
-41.5,11.5,11374,0.006695216645009931,0.015843501640592124,0.010173919149462638,0.028106165244401474
-40.5,11.5,11375,0.006873737509656729,0.018726770963082357,0.009986009559679602,0.02471649515254457
-39.5,11.5,11376,0.005326400206656087,0.016038483285883674,0.005063107328905965,0.01891509070772121
-38.5,11.5,11377,0.005133284249113072,0.014007544031408747,0.006282392810455754,0.018301241207178392
-37.5,11.5,11378,0.005883314863218351,0.01535077930366874,0.007126353806351393,0.01951515509235608
-36.5,11.5,11379,0.006919750175914479,0.013691376277862629,0.006036084298899888,0.01955157850500025
-35.5,11.5,11380,0.0054727833517603216,0.012793592514057307,0.0059548075986972995,0.01823043032757711
-34.5,11.5,11381,0.006227380406262998,0.014066856340138894,0.004512121163006349,0.017753166988112457
-33.5,11.5,11382,0.006251290286370547,0.013626736477990061,0.004475896985129306,0.017394641525106804
-32.5,11.5,11383,0.005537340221096526,0.010605891378648041,0.004163292983508387,0.013939803440742929
-31.5,11.5,11384,0.004778030422242534,0.010589169740644814,0.0045910162607322065,0.01183466894616891
-30.5,11.5,11385,0.005126991992956098,0.012408882755007773,0.007966692338002367,0.012007164234543491
-29.5,11.5,11386,0.00509041958086281,0.012408882755007773,0.007675303761218164,0.011888939553160185
-28.5,11.5,11387,0.0054719471593827045,0.011609133090897462,0.007329381980549484,0.00883263583141032
-27.5,11.5,11388,0.004764616702969615,0.010613683290734803,0.010633184901268834,0.008755641114985396
-26.5,11.5,11389,0.00471915783874146,0.010156107919981726,0.006535173664105476,0.008617693704356905
-25.5,11.5,11390,0.004951841413890263,0.010223616369323,0.005791582911475515,0.011431296158225353
-24.5,11.5,11391,0.004730065222155515,0.009149674543295233,0.008291700683754444,0.010541933784794837
-23.5,11.5,11392,0.004743009888058934,0.01672061802850319,0.008135688381851327,0.010572107120769416
-22.5,11.5,11393,0.004795410675467737,0.014551672160335784,0.005011803449603481,0.01036520118701356
-21.5,11.5,11394,0.004948578082146667,0.014331262488917655,0.005099510358755416,0.0101347058864428
-20.5,11.5,11395,0.005401878989206141,0.015590068856439241,0.0034882352966289056,0.009997806804287825
-19.5,11.5,11396,0.004750217342348013,0.014293209175717273,0.003560145935577468,0.0100977567300803
-18.5,11.5,11397,0.00414350607452679,0.01374702038340833,0.005259285712455982,0.009924874093157262
-17.5,11.5,11398,0.0043712227139650235,0.01750803208855548,0.005946720700975443,0.009636313298186512
-16.5,11.5,11399,0.004765543445632755,0.018033500944401207,0.006538701112919299,0.014737683774722647
-15.5,11.5,11400,0.005357064027890405,0.02274895292399432,0.007934142046036785,0.015046998807864224
-14.5,11.5,11401,0.005957091639884235,0.018379184143418183,0.011029281138154328,0.013808585475521272
-13.5,11.5,11402,0.006788392829590592,0.023266015944700857,0.024582914717812796,0.01701639177019497
-12.5,11.5,11403,0.0054838890703856275,0.01884704223043754,0.020905086618754846,0.014751130722534731
-11.5,11.5,11404,0.004894888156818635,0.013977928841803296,0.0196481981138259,0.012487373507764249
-10.5,11.5,11405,0.005405026526465893,0.013804589723905499,0.014518198197000934,0.015461063934675888
-9.5,11.5,11406,0.00487723961624946,0.013331309973763144,0.013427366940285007,0.014359960146346707
-8.5,11.5,11407,0.004737885155811743,0.012450813243432375,0.009697790707650748,0.01223815761641733
-7.5,11.5,11408,0.004704149392766393,0.012235369302047255,0.013288159313055561,0.012668152841216777
-6.5,11.5,11409,0.004676960654265228,0.012129599524139324,0.009009623308880074,0.01166125906673454
-5.5,11.5,11410,0.00435486247962235,0.014461151176087202,0.008543337651331183,0.011250984697978533
-4.5,11.5,11411,0.004099489948761426,0.010262135889637513,0.008528214458839781,0.009903543345737629
-3.5,11.5,11412,0.004033404517706868,0.005760632989577352,0.00884538737888398,0.008607181524471553
-2.5,11.5,11413,0.002474284560585556,0.0034979427410105593,0.00422238655093807,0.005524732308208923
-1.5,11.5,11414,0.0022755044207719505,0.003301375412400822,0.005243087698664881,0.005078854067015319
-0.5,11.5,11415,0.0023095467405515597,0.003571988385727873,0.004194393833289438,0.004682244227733065
0.5,11.5,11416,0.002198138979949818,0.003794648535742656,0.004079010519284841,0.004811325230776523
1.5,11.5,11417,0.0020628642423549362,0.0035668420363448397,0.0040862786756055425,0.0047358791341154905
2.5,11.5,11418,0.0021114003524495425,0.0036280437848180028,0.004094679263406364,0.004618954737638573
3.5,11.5,11419,0.0021105809934969513,0.00364955302847535,0.0041004827280952064,0.004686204847253708
4.5,11.5,11420,0.0022101179699875765,0.004014000406062876,0.004166639177226307,0.004727212155991335
5.5,11.5,11421,0.0023420796397685116,0.0037708707715545815,0.004166639177226306,0.004775660103683474
6.5,11.5,11422,0.0022863919113557743,0.0032451113753286026,0.004166639177226306,0.004803918143913633
7.5,11.5,11423,0.0024549442741726643,0.003545196208146811,0.004529872206892209,0.005168806862113638
8.5,11.5,11424,0.002454570749211452,0.0035354198635432544,0.004662201271612769,0.005176051524671879
9.5,11.5,11425,0.002515337431441053,0.0036370721484422445,0.005981146128743849,0.005330428608587602
10.5,11.5,11426,0.002534405344875693,0.0036370721484422445,0.004792140521832889,0.005297497535797618
11.5,11.5,11427,0.00254715331614067,0.0035958643963673,0.004792140521832889,0.005309833232426943
12.5,11.5,11428,0.002490281360140246,0.003432198074261535,0.004808416716943045,0.005191598174383367
13.5,11.5,11429,0.0023327921859258435,0.0029579789959110815,0.004669412115236187,0.004973312599619671
14.5,11.5,11430,0.0025260364788128186,0.003212335990337358,0.005038397220391692,0.0055275292947721735
15.5,11.5,11431,0.002547198090789114,0.0032161855555132364,0.005038152576376227,0.005551451740462608
16.5,11.5,11432,0.003217674000055389,0.004013118404827092,0.0063111260976658114,0.006952133524143418
17.5,11.5,11433,0.0032948069040443888,0.004117885961770578,0.006588796337755007,0.007937099010790427
18.5,11.5,11434,0.003215217504974913,0.0040388866871459966,0.006482782539233812,0.008154800608332357
19.5,11.5,11435,0.0025533767283531772,0.003291443854750974,0.005545859226383624,0.006661666426604426
20.5,11.5,11436,0.002492255397261567,0.003218007251940468,0.005306421299510164,0.006684991700470423
21.5,11.5,11437,0.002641301117602348,0.0029596548744672438,0.004818627076224905,0.005775255234554243
22.5,11.5,11438,0.0026147131668419385,0.0034017772037924035,0.006431425932009944,0.006604445021398304
23.5,11.5,11439,0.0026147131668419385,0.0032393995901137435,0.008264512589751721,0.006194352392074001
24.5,11.5,11440,0.002600059890118974,0.0033649059175531273,0.006508363061054985,0.006128616785109283
25.5,11.5,11441,0.00257459239296107,0.003171807984765457,0.008467819217209002,0.0060007330477518375
26.5,11.5,11442,0.002564856634948886,0.003234013482904063,0.00893408410003118,0.006234919261516953
27.5,11.5,11443,0.002936735379183974,0.0033763567320641034,0.01248779590372448,0.006351407392779224
28.5,11.5,11444,0.00215891784365138,0.0029750901234916085,0.013134569635010682,0.005120805029790607
29.5,11.5,11445,0.0022884213619166825,0.0031038884193539777,0.010591232738525675,0.005607313232739959
30.5,11.5,11446,0.002344913924589283,NA,NA,0.005500776959830832
31.5,11.5,11447,0.0028332880006959873,NA,NA,0.005547367486591432
32.5,11.5,11448,0.0024780102581675894,NA,NA,0.006097466075162117
33.5,11.5,11449,0.002847183743224361,NA,NA,0.005535941421997018
34.5,11.5,11450,0.0028559610895347903,NA,NA,0.007132749613613079
35.5,11.5,11451,0.002894606647267947,NA,NA,0.009450492784037624
36.5,11.5,11452,0.002898940979216342,NA,NA,0.010472692962564865
37.5,11.5,11453,0.002898940979216342,NA,NA,0.010384709394030522
38.5,11.5,11454,0.0030244211411960703,NA,NA,0.00784080991589503
39.5,11.5,11455,0.0028600441623873765,NA,NA,0.007919233785821928
40.5,11.5,11456,0.0028927666333368077,NA,NA,NA
41.5,11.5,11457,0.002908818258411123,NA,NA,NA
42.5,11.5,11458,0.006998213193342446,NA,NA,NA
43.5,11.5,11459,0.007529377280691216,NA,NA,NA
44.5,11.5,11460,0.007441733810684181,NA,NA,NA
45.5,11.5,11461,0.010410683398091966,NA,NA,NA
46.5,11.5,11462,0.005067903173167118,NA,NA,NA
47.5,11.5,11463,0.00685268739028047,NA,NA,NA
48.5,11.5,11464,0.0054092887954614805,NA,NA,NA
49.5,11.5,11465,0.006741316736701142,NA,NA,NA
50.5,11.5,11466,0.00813739316626368,NA,NA,0.009791263153801154
51.5,11.5,11467,0.011801630006711479,NA,NA,0.010829830437548076
52.5,11.5,11468,0.012696389364266222,NA,NA,0.009994064925158839
53.5,11.5,11469,0.012581624789693626,NA,NA,0.009820246934990416
54.5,11.5,11470,0.01294704050341743,NA,NA,0.00901408581372726
55.5,11.5,11471,0.013062699592382784,NA,NA,0.008975747670884474
56.5,11.5,11472,0.013478711119723099,NA,NA,0.008604424876353088
57.5,11.5,11473,0.015501194913450886,NA,NA,0.009046046023980452
58.5,11.5,11474,0.016626151787626053,NA,NA,0.007144128424025706
59.5,11.5,11475,0.019503194920095817,NA,NA,0.010053972830148005
60.5,11.5,11476,0.01499621007873708,NA,NA,NA
61.5,11.5,11477,0.015803578349291435,NA,NA,NA
62.5,11.5,11478,0.02267914461947345,NA,NA,NA
63.5,11.5,11479,0.0122937724236911,NA,NA,NA
64.5,11.5,11480,0.014776467683626143,NA,NA,NA
65.5,11.5,11481,0.024021235492817566,NA,NA,NA
66.5,11.5,11482,0.021991935170426868,NA,NA,NA
67.5,11.5,11483,0.021339044801055994,NA,NA,NA
68.5,11.5,11484,0.04413461772749053,NA,NA,NA
69.5,11.5,11485,0.036498399931508566,NA,NA,NA
70.5,11.5,11486,0.03410487454792021,0.07827172466039352,NA,NA
71.5,11.5,11487,0.05012918673753883,0.07436019132592822,NA,NA
72.5,11.5,11488,0.04630054976528564,0.053256217046679724,NA,NA
73.5,11.5,11489,0.07209223688634109,0.06975517987228473,NA,NA
74.5,11.5,11490,0.08695985425179499,0.07565696646899722,NA,NA
75.5,11.5,11491,0.13028202489511642,0.08358696787375716,NA,NA
76.5,11.5,11492,0.10252903894617182,0.09177340322592537,NA,NA
77.5,11.5,11493,0.04424751849153685,0.03361112282930175,NA,NA
78.5,11.5,11494,0.10093363161000653,0.08472549379316671,NA,NA
79.5,11.5,11495,0.051177341594193584,0.04096152993043939,NA,NA
80.5,11.5,11496,0.053446021991640655,0.04816054769829324,NA,NA
81.5,11.5,11497,0.04105268719234306,0.061813520676595055,NA,NA
82.5,11.5,11498,0.029101240381961633,0.055546631447618094,NA,NA
83.5,11.5,11499,0.020833377164108165,0.057193684832219496,NA,NA
84.5,11.5,11500,0.02560120216576524,0.06053378822879019,NA,NA
85.5,11.5,11501,0.028120173316563944,0.03807344652663635,NA,NA
86.5,11.5,11502,0.021895617954799582,0.06876143753473829,NA,NA
87.5,11.5,11503,0.026015866899563905,0.06965662014625218,NA,NA
88.5,11.5,11504,0.026826656570200755,0.05721069814404708,NA,NA
89.5,11.5,11505,0.03214649507276941,0.08425037557875352,NA,NA
90.5,11.5,11506,0.026310127567311617,NA,NA,NA
91.5,11.5,11507,0.01991765628019759,NA,NA,NA
92.5,11.5,11508,0.02166776547774149,NA,NA,NA
93.5,11.5,11509,0.004005703651935962,NA,NA,NA
-128.5,12.5,11510,0.005297476709543145,NA,NA,0.008203202530559906
-127.5,12.5,11511,0.0048240322604463,NA,NA,0.003939788832632565
-125.5,12.5,11512,0.00256348024077259,NA,NA,0.002671358355868103
-124.5,12.5,11513,0.003767113685988628,NA,NA,0.004687656809745293
-123.5,12.5,11514,0.0026868268134417348,NA,NA,0.003955866945850696
-122.5,12.5,11515,0.0030315156722545596,NA,NA,0.004275021024578973
-121.5,12.5,11516,0.0028452716758234145,NA,NA,0.0047249554693505075
-120.5,12.5,11517,0.0031188687439041773,NA,NA,0.005174388532101766
-99.5,12.5,11533,0.010347827856551093,NA,NA,NA
-98.5,12.5,11534,0.0743261428593495,NA,NA,NA
-97.5,12.5,11535,0.023218025749678663,NA,NA,NA
-96.5,12.5,11536,0.012966497905801901,NA,NA,NA
-95.5,12.5,11537,0.012623521035742357,NA,NA,NA
-94.5,12.5,11538,0.015049923993607715,NA,NA,NA
-93.5,12.5,11539,0.015319968577362493,NA,NA,NA
-92.5,12.5,11540,0.01981427785454006,NA,NA,NA
-91.5,12.5,11541,0.020989025955977327,NA,NA,NA
-90.5,12.5,11542,0.0587015178679582,NA,NA,NA
-89.5,12.5,11543,0.037732194883393744,NA,NA,NA
-88.5,12.5,11544,0.028800541982250242,NA,NA,NA
-87.5,12.5,11545,0.005094871561394292,NA,NA,NA
-86.5,12.5,11546,0.05457772736963158,NA,NA,NA
-85.5,12.5,11547,0.050409224506977636,NA,NA,NA
-84.5,12.5,11548,0.07345153938449774,NA,NA,NA
-83.5,12.5,11549,0.03274408784290615,NA,NA,NA
-82.5,12.5,11550,0.00840824383650168,NA,NA,NA
-81.5,12.5,11551,0.006690244559041438,NA,NA,NA
-69.5,12.5,11555,0.03344291423246447,0.0631337683938621,0.04684323396984965,0.02603130026115431
-68.5,12.5,11556,0.03800611261346671,0.04242630906620952,0.06568101269814029,0.08352645997225479
-67.5,12.5,11557,0.028562864883762,0.06130167506881709,0.06018043507473306,0.08046738936639732
-66.5,12.5,11558,0.0365605372773676,0.06422564428345029,0.06215163280025356,0.05576687899820691
-65.5,12.5,11559,0.04303928174976283,0.07189653411585772,0.052288428038473465,0.0394669336664458
-64.5,12.5,11560,0.04553130551378951,0.09896743679235472,0.05380411210703711,0.03875273902255897
-63.5,12.5,11561,0.052940288084563386,0.09189524630917839,0.039243986893124264,0.05298287738355073
-62.5,12.5,11562,0.05548031408256632,0.09102047521753656,0.04658155648538905,0.04837950297139568
-61.5,12.5,11563,0.04547723580940403,0.1431200141678213,0.08881021868208401,0.06106107652391677
-60.5,12.5,11564,0.05609548061957758,0.10424205105260417,0.13152231262766503,0.05236920972342058
-59.5,12.5,11565,0.02505650143273254,0.05088409586349401,0.058926855972648136,0.0263373398896131
-54.5,12.5,11566,0.07567003894685395,0.09470275016714094,0.21734871495710315,0.19706528894539732
-53.5,12.5,11567,0.017719430769663477,0.0626715383511328,0.07543916231474092,0.03717114961138458
-52.5,12.5,11568,0.014240408228980376,0.025479112987511467,0.016820355923834875,0.03530848443617906
-51.5,12.5,11569,0.01209180923676455,0.03029259894532673,0.02716249217171467,0.038843419600553965
-50.5,12.5,11570,0.011151573656172843,0.028778345090195473,0.02504867330424746,0.03571375847327717
-49.5,12.5,11571,0.011161485115733605,0.02653071922097326,0.02727288251833367,0.033073977403488525
-48.5,12.5,11572,0.00991163975208269,0.022226577367062968,0.014032626336925057,0.029246228428364412
-47.5,12.5,11573,0.01120714934911743,0.013882098159749275,0.036413853481413606,0.03351870753230861
-46.5,12.5,11574,0.011284429673507339,0.013867334339099133,0.01666515727395787,0.03463348859006793
-45.5,12.5,11575,0.008860341780495962,0.012418864090244492,0.011948090824290861,0.026664961442464902
-44.5,12.5,11576,0.006837419267600223,0.008391066522098667,0.013108231643091743,0.022035476158624834
-43.5,12.5,11577,0.006863616939891077,0.008581296522066451,0.015977780507725258,0.017325423955191915
-42.5,12.5,11578,0.007765586319442647,0.008628377489796205,0.00915350615241378,0.020358316946048904
-41.5,12.5,11579,0.007807394718597642,0.008820117475317284,0.009075333930300083,0.018602600270623534
-40.5,12.5,11580,0.007834912488654294,0.010156275674510449,0.006221716299274513,0.018655410017020403
-39.5,12.5,11581,0.006739069502249454,0.007941269652038367,0.005090405347704487,0.015039881789907896
-38.5,12.5,11582,0.004762068939513138,0.005161312407429552,0.0038001038956723713,0.012099515830922034
-37.5,12.5,11583,0.005035650966319435,0.006759824428234741,0.004812790564422194,0.012169162722134318
-36.5,12.5,11584,0.006529604476961896,0.0065450156984660866,0.006330978892989087,0.012866288694435827
-35.5,12.5,11585,0.008243997138883496,0.009481172633736266,0.005467349307149338,0.018902974348700433
-34.5,12.5,11586,0.014070321685924002,0.010554200656444523,0.006278234862818611,0.01727517589410081
-33.5,12.5,11587,0.008513914579988437,0.007106554259202922,0.006454905045612113,0.012883647268229164
-32.5,12.5,11588,0.006575289362443992,0.007045984042839313,0.00420513786418044,0.012317636938077582
-31.5,12.5,11589,0.006240890219459245,0.006687807958420254,0.006304752129396248,0.012949458405151751
-30.5,12.5,11590,0.005875081336379937,0.006679235440535189,0.00641272821866275,0.012170635760706853
-29.5,12.5,11591,0.005496903847315801,0.006679724791659945,0.007010091559231523,0.011019650806188528
-28.5,12.5,11592,0.005401138239318867,0.006585211345715039,0.009519953768931668,0.007913198009573026
-27.5,12.5,11593,0.005802090796206948,0.007388137561171453,0.007269943991660667,0.008559718277558491
-26.5,12.5,11594,0.005754336204280392,0.006587624199061367,0.006759942683109154,0.011189943298624596
-25.5,12.5,11595,0.005734083933737288,0.0074254682008593875,0.009666532357482103,0.01071429748044509
-24.5,12.5,11596,0.006114732842532895,0.007492827615836533,0.006027516970310731,0.010859363489996126
-23.5,12.5,11597,0.006115484478197004,0.006063301766533191,0.0054046618075199145,0.010138659348374466
-22.5,12.5,11598,0.004272009428186762,0.0054765386917252174,0.005905760994050148,0.008445964032986825
-21.5,12.5,11599,0.003972384092896526,0.0042480655547032,0.003170419644329284,0.007591513913296191
-20.5,12.5,11600,0.005606385371098732,0.007104807808741772,0.006413907874570563,0.013686782847427335
-19.5,12.5,11601,0.005609223986418606,0.007214371833832846,0.003920580782319513,0.012259396582879117
-18.5,12.5,11602,0.005587179855087096,0.006501460876660007,0.003968237826824525,0.010328963180699716
-17.5,12.5,11603,0.005956426473626452,0.007349934082171079,0.00406386078742346,0.011522874889527024
-16.5,12.5,11604,0.005615229863305374,0.006947741451044411,0.004012086303965727,0.011484413221499153
-15.5,12.5,11605,0.007331651734072103,0.007957546697924152,0.007067393260144596,0.013992320215705898
-14.5,12.5,11606,0.007881501646330377,0.008393801691643435,0.007425227140490497,0.017349992629439273
-13.5,12.5,11607,0.005858415227633648,0.010936050314142647,0.006770422355210564,0.008221316045112982
-12.5,12.5,11608,0.0049261638969044065,0.010455844006797256,0.006540813940907515,0.008429850244784202
-11.5,12.5,11609,0.004718168260861317,0.017799648263943042,0.006900271941001272,0.008262761866448644
-10.5,12.5,11610,0.00468866481520155,0.019566510154001567,0.009535402579672937,0.008314067550881824
-9.5,12.5,11611,0.00447530062634088,0.017262274970584735,0.015955031543090064,0.008241256265207268
-8.5,12.5,11612,0.00447530062634088,0.015591619252308252,0.015967739794199198,0.007668112268730903
-7.5,12.5,11613,0.004336001708773791,0.013064419090208996,0.010393851031753944,0.0066832732091612395
-6.5,12.5,11614,0.004224382446825232,0.012498194867032287,0.00838520844306629,0.00630091462519686
-5.5,12.5,11615,0.004117265830424054,0.01143265136784441,0.007211231321913612,0.006259827034878766
-4.5,12.5,11616,0.004116621230975585,0.011339152217669382,0.007171243586324219,0.0060511502219637026
-3.5,12.5,11617,0.0031246547458132078,0.008600497870811965,0.005351897841187831,0.004419531667756759
-2.5,12.5,11618,0.0022748775445776423,0.005824945657733586,0.003788528355267499,0.003182008531531251
-1.5,12.5,11619,0.0022714496951058752,0.0068547350709970345,0.003604407529495605,0.005402380608983632
-0.5,12.5,11620,0.0022714496951058752,0.005233111590034498,0.003660145807184389,0.006263569528807369
0.5,12.5,11621,0.002222124062857789,0.003038810376819345,0.0035356390096795112,0.007146265165671695
1.5,12.5,11622,0.002222124062857789,0.003038810376819345,0.0034142151161392865,0.005453562614312823
2.5,12.5,11623,0.0022423864702691755,0.0031327850681074215,0.0035434779808069827,0.005077364313809939
3.5,12.5,11624,0.002272075628856585,0.003100037294109565,0.0035096779031718295,0.005144395001517794
4.5,12.5,11625,0.0022577899935785706,0.003100037294109565,0.0038977145632356314,0.005082132540342232
5.5,12.5,11626,0.002441982383308431,0.003367415786759465,0.0038506705891350967,0.0054690223840234455
6.5,12.5,11627,0.0025379585100072065,0.0035149584927603264,0.005295125332541554,0.00558530308071064
7.5,12.5,11628,0.0038734798303185105,0.005498265190883407,0.006819394967765365,0.008655117462649266
8.5,12.5,11629,0.004051076379451133,0.006450214561460751,0.007173918153024573,0.009062336808001878
9.5,12.5,11630,0.0040003517493524985,0.006525973944611218,0.007837590918871366,0.009181718624776517
10.5,12.5,11631,0.003915347916862505,0.006241428478038882,0.007429636925257088,0.009047637720489783
11.5,12.5,11632,0.003904411627132419,0.006231866343265304,0.00763033009953851,0.009005523051561475
12.5,12.5,11633,0.003904411627132419,0.006231866343265304,0.007675349227555308,0.00900679648334528
13.5,12.5,11634,0.0035980069136682946,0.0057270365312817465,0.00697492953277004,0.008013480057079336
14.5,12.5,11635,0.0024355788145315033,0.0034513784904443056,0.004575951643955284,0.005260352952181105
15.5,12.5,11636,0.002204065982960517,0.002921906740380554,0.004209039304347284,0.004892982388590701
16.5,12.5,11637,0.0021653481380128196,0.0029219067403805535,0.004209039304347284,0.004472228356546276
17.5,12.5,11638,0.0022056052016967355,0.0029219067403805535,0.004209039304347284,0.004876435993317012
18.5,12.5,11639,0.0021833934659377992,0.0029219067403805535,0.004284416649537089,0.0050559552060709745
19.5,12.5,11640,0.0021833934659377992,0.0029219067403805535,0.00450701719166714,0.0046249136179384864
20.5,12.5,11641,0.0025239726092139416,0.002903547193830853,0.004597463735767014,0.0050656507587839746
21.5,12.5,11642,0.0028687354874428043,0.002969396695321372,0.00448228138773288,0.004977299282013955
22.5,12.5,11643,0.0025643562941340186,0.002969396695321372,0.004424257463809272,0.005541840902169038
23.5,12.5,11644,0.002248671506708267,0.0031086381997037205,0.004523574633680304,0.005007765718958197
24.5,12.5,11645,0.0025947469229215037,0.0029331392458408017,0.005770678154235855,0.005079194710913705
25.5,12.5,11646,0.00225289930713003,0.00321038579084403,0.0060830838928701315,0.005080571478416253
26.5,12.5,11647,0.002586400222908982,0.0030967738310604055,0.006063584238113706,0.005042316610057943
27.5,12.5,11648,0.002578834160249308,0.002923483106528641,0.006039317571850482,0.005163991707466523
28.5,12.5,11649,0.002207174772069732,0.0028686877996437965,0.006456375624555816,0.005747283441712606
29.5,12.5,11650,0.002498828099510319,0.0029559925547795766,0.008352245616016099,0.005587168972321206
30.5,12.5,11651,0.0025649759360940514,NA,NA,0.004856384633689135
31.5,12.5,11652,0.0025967874446875044,NA,NA,0.004859130834964971
32.5,12.5,11653,0.0027359013755639426,NA,NA,0.005431116833149209
33.5,12.5,11654,0.0038441395168811125,NA,NA,0.006050001044496462
34.5,12.5,11655,0.002810940777332233,NA,NA,0.008837869284883578
35.5,12.5,11656,0.0024722735086193885,NA,NA,0.008393030393241924
36.5,12.5,11657,0.0028963784674691183,NA,NA,0.008735368133283612
37.5,12.5,11658,0.002897699413329982,NA,NA,0.008735368133283612
38.5,12.5,11659,0.002886759305402073,NA,NA,0.009519867856495478
39.5,12.5,11660,0.003196518026021009,NA,NA,0.00795160081774387
40.5,12.5,11661,0.0035032557723652397,NA,NA,NA
41.5,12.5,11662,0.0035144731690107947,NA,NA,NA
42.5,12.5,11663,0.0054456258614559005,NA,NA,NA
43.5,12.5,11664,0.012378670638362491,NA,NA,NA
44.5,12.5,11665,0.012479209207125839,NA,NA,NA
45.5,12.5,11666,0.011874581299346595,NA,NA,NA
46.5,12.5,11667,0.011190833030742661,NA,NA,NA
47.5,12.5,11668,0.012586646654555554,NA,NA,NA
48.5,12.5,11669,0.009148051551254146,NA,NA,NA
49.5,12.5,11670,0.012235091299443192,NA,NA,NA
50.5,12.5,11671,0.012607360280515817,NA,NA,0.011592489518090623
51.5,12.5,11672,0.012704000280894561,NA,NA,0.013886047185654438
52.5,12.5,11673,0.012852816469556412,NA,NA,0.011042304981266906
53.5,12.5,11674,0.012980168137332439,NA,NA,0.012169982118700151
54.5,12.5,11675,0.013144611457607546,NA,NA,0.008241170305297628
55.5,12.5,11676,0.016071757151056697,NA,NA,0.008241170305297628
56.5,12.5,11677,0.015298195325767483,NA,NA,0.009234404443221593
57.5,12.5,11678,0.012587545848743798,NA,NA,0.009753968206342932
58.5,12.5,11679,0.01187547466513005,NA,NA,0.009295738304427053
59.5,12.5,11680,0.015383385347664778,NA,NA,0.009238756552611912
60.5,12.5,11681,0.014647990726491643,NA,NA,NA
61.5,12.5,11682,0.01409265198819851,NA,NA,NA
62.5,12.5,11683,0.01674733894804131,NA,NA,NA
63.5,12.5,11684,0.019247090625752344,NA,NA,NA
64.5,12.5,11685,0.024139758633488034,NA,NA,NA
65.5,12.5,11686,0.04966112805974782,NA,NA,NA
66.5,12.5,11687,0.04291829333934449,NA,NA,NA
67.5,12.5,11688,0.04405779955550753,NA,NA,NA
68.5,12.5,11689,0.07653920657218735,NA,NA,NA
69.5,12.5,11690,0.06084471578294311,NA,NA,NA
70.5,12.5,11691,0.06925267500995856,0.11033550767093062,NA,NA
71.5,12.5,11692,0.10477839565962146,0.19853421122895085,NA,NA
72.5,12.5,11693,0.07254825399352488,0.07142087893811368,NA,NA
73.5,12.5,11694,0.11397437540043286,0.08188533905687936,NA,NA
74.5,12.5,11695,0.10154206585286348,0.07197142856134511,NA,NA
75.5,12.5,11696,0.14958571326161954,0.029258460992984577,NA,NA
76.5,12.5,11697,0.13147449904435568,0.026342547216362536,NA,NA
77.5,12.5,11698,0.0970060830108382,0.025056939378501498,NA,NA
78.5,12.5,11699,0.0897310437773323,0.018763195930724143,NA,NA
79.5,12.5,11700,0.0671691986788652,0.012946064954791734,NA,NA
80.5,12.5,11701,0.07209602821254904,0.015482499580235847,NA,NA
81.5,12.5,11702,0.07412946836697011,0.02297277058273271,NA,NA
82.5,12.5,11703,0.04899565861970856,0.03464786883004105,NA,NA
83.5,12.5,11704,0.026892233720405678,0.04559275943728807,NA,NA
84.5,12.5,11705,0.023157443527486127,0.053857357773251145,NA,NA
85.5,12.5,11706,0.03376819642723382,0.0335914020986825,NA,NA
86.5,12.5,11707,0.024918065922110464,0.028639127871490637,NA,NA
87.5,12.5,11708,0.020261765114304546,0.03382728213866029,NA,NA
88.5,12.5,11709,0.022450924323915683,0.08443667036813719,NA,NA
89.5,12.5,11710,0.02601167953817518,0.08147668338927362,NA,NA
90.5,12.5,11711,0.040077059758989404,NA,NA,NA
91.5,12.5,11712,0.02892208874148494,NA,NA,NA
92.5,12.5,11713,0.004187973102345379,NA,NA,NA
-128.5,13.5,11714,0.00418848948971284,NA,NA,0.005148903942023752
-127.5,13.5,11715,0.0025809068779738616,NA,NA,0.005721211426678799
-126.5,13.5,11716,0.003526715099094986,NA,NA,0.00751789169335263
-125.5,13.5,11717,0.003041091529375644,NA,NA,0.00470305596694164
-124.5,13.5,11718,0.0026221195763019203,NA,NA,0.0029473555004774117
-123.5,13.5,11719,0.002597245899150296,NA,NA,0.00296040074015953
-122.5,13.5,11720,0.0024735564734871033,NA,NA,0.0028515122825628187
-121.5,13.5,11721,0.0027423981018791523,NA,NA,0.0034965513267128713
-120.5,13.5,11722,0.002810543636787383,NA,NA,0.004158541808182391
-99.5,13.5,11738,0.007920971815802902,NA,NA,NA
-98.5,13.5,11739,0.07878702295490367,NA,NA,NA
-97.5,13.5,11740,0.05719942839348032,NA,NA,NA
-96.5,13.5,11741,0.009899166343141075,NA,NA,NA
-95.5,13.5,11742,0.012604332941138772,NA,NA,NA
-94.5,13.5,11743,0.026019091355082836,NA,NA,NA
-93.5,13.5,11744,0.018186243340682445,NA,NA,NA
-92.5,13.5,11745,0.03590578128401897,NA,NA,NA
-91.5,13.5,11746,0.00843810208105904,NA,NA,NA
-90.5,13.5,11747,0.02700354104999619,NA,NA,NA
-89.5,13.5,11748,0.02530372320201265,NA,NA,NA
-88.5,13.5,11749,0.02913124290627057,NA,NA,NA
-87.5,13.5,11750,0.01892413247516703,NA,NA,NA
-86.5,13.5,11751,0.031574631940392305,NA,NA,NA
-85.5,13.5,11752,0.041465892037455834,NA,NA,NA
-84.5,13.5,11753,0.05684191255443714,NA,NA,NA
-83.5,13.5,11754,0.01058640153445027,NA,NA,NA
-82.5,13.5,11755,0.0040654563362552175,NA,NA,NA
-69.5,13.5,11758,0.03252502217423534,0.03051896110581409,0.02743182502335153,0.01779782593560199
-68.5,13.5,11759,0.05656802010350622,0.065616963863874,0.06412558189268211,0.11473393274576776
-67.5,13.5,11760,0.0359247214291996,0.04594800052221708,0.0650012491452159,0.09621176075686362
-66.5,13.5,11761,0.03154712873778546,0.052978014986248594,0.06556246319272431,0.031427096295130866
-65.5,13.5,11762,0.04140737928022358,0.05003489920934302,0.04632396268615521,0.038128769854719184
-64.5,13.5,11763,0.04150862144483081,0.06269506308200368,0.05570230011721872,0.04226264977839
-63.5,13.5,11764,0.04639159257264507,0.0889334904100596,0.05932323559366367,0.06610365361793895
-62.5,13.5,11765,0.05212101299659955,0.09190748367171947,0.07578053047383507,0.047614848257421426
-61.5,13.5,11766,0.04981428814974137,0.06986401750184189,0.08289205203786333,0.035201625048845185
-60.5,13.5,11767,0.056765497708824136,0.15156832745602467,0.12480910215232795,0.0383526028790835
-55.5,13.5,11768,0.05242553262322428,0.11224828693863248,0.29850442897768825,0.12510517261580292
-54.5,13.5,11769,0.01907161991929074,0.039513164152758115,0.07483088376353307,0.05642920507201408
-53.5,13.5,11770,0.014160168989064227,0.04695535001061717,0.033191214302287594,0.02633828605988928
-52.5,13.5,11771,0.012506163443289935,0.027219874221707848,0.01650766881071441,0.02971810674874568
-51.5,13.5,11772,0.011804426047972777,0.017997493144105668,0.022249074508461225,0.02861536945357532
-50.5,13.5,11773,0.011531542922110895,0.01792436382202542,0.01560967037444364,0.029329702843009762
-49.5,13.5,11774,0.011557750127226367,0.016464503360908708,0.015460608579112944,0.027979330537690708
-48.5,13.5,11775,0.009778448079883534,0.011784096550239894,0.016526672553675764,0.020908972642578686
-47.5,13.5,11776,0.007681554563581326,0.007805420822435206,0.011861310991685761,0.016330888730853102
-46.5,13.5,11777,0.006860428767751966,0.0079827062091803,0.00865751792245953,0.014508336357209875
-45.5,13.5,11778,0.008877213475279342,0.012497275279516693,0.011868491812883703,0.022358961602428132
-44.5,13.5,11779,0.007146310845535071,0.008557464376398302,0.008927328108646283,0.01892042180210883
-43.5,13.5,11780,0.008670921164399246,0.009362258779779788,0.011132513260827048,0.014249674446982054
-42.5,13.5,11781,0.007067881237088077,0.009110863713877362,0.01938249164883558,0.01633999294815849
-41.5,13.5,11782,0.008118193725331353,0.009082339142151502,0.01902415635630014,0.016693042538241703
-40.5,13.5,11783,0.009146968092502414,0.010571729373564485,0.01784390440241911,0.015954917097586157
-39.5,13.5,11784,0.006030715963128307,0.007135739310217082,0.010428858606731421,0.01293911863766953
-38.5,13.5,11785,0.006258988457467128,0.006560183734723428,0.006013913194369464,0.012545035349581018
-37.5,13.5,11786,0.006841188341987744,0.006068192790593786,0.005431000889590931,0.011372731184057303
-36.5,13.5,11787,0.008271736051419124,0.007177037174351106,0.006722162628234987,0.013319162062241265
-35.5,13.5,11788,0.007829265119826949,0.009514974484903866,0.015259283364176453,0.016995157883539683
-34.5,13.5,11789,0.009723298092317036,0.011130752603562083,0.010660647132349923,0.016412931545119486
-33.5,13.5,11790,0.008806621563825598,0.008754142594112974,0.013729378085908326,0.01698464948109924
-32.5,13.5,11791,0.0067000428202849405,0.006767910210563361,0.008548881241990228,0.010747580226229096
-31.5,13.5,11792,0.006362015467986339,0.005686270582462379,0.008259129737604832,0.010784849349710482
-30.5,13.5,11793,0.006316118478727335,0.006388053099121857,0.008632661133884655,0.010455807870823416
-29.5,13.5,11794,0.006316118478727335,0.006428303630256898,0.010936937876213566,0.011978660156410244
-28.5,13.5,11795,0.005318503259483011,0.006283978280665521,0.015620145721858218,0.01208219471036834
-27.5,13.5,11796,0.006780738471033766,0.007851219101420252,0.011389716268617484,0.014679833536042193
-26.5,13.5,11797,0.003955512875288966,0.0038085776864861085,0.006535449335136959,0.006404400053007975
-25.5,13.5,11798,0.003405591671620369,0.004106403936265444,0.00965757777162133,0.009285421491125594
-24.5,13.5,11799,0.003445505479475531,0.00370090324267314,0.008946351884591147,0.009728849103742
-23.5,13.5,11800,0.0034872841550911983,0.0039944958376283354,0.008970004176285974,0.006744439842746197
-22.5,13.5,11801,0.0032188669195549863,0.0036740341366967226,0.004534998442541882,0.004190226639819098
-21.5,13.5,11802,0.0034866796864273593,0.005203763929197796,0.00539663552428846,0.003868670138139291
-20.5,13.5,11803,0.005217712113169907,0.007013164131996941,0.007330347597456804,0.006889201181893978
-19.5,13.5,11804,0.006761390928330008,0.007787624564497755,0.0040544759828133855,0.007727679517202523
-18.5,13.5,11805,0.0053331704469449445,0.006891723328893147,0.005836149734437269,0.006215479432068758
-17.5,13.5,11806,0.006231583309582836,0.006903964718311593,0.005701379137883233,0.006159436586209402
-16.5,13.5,11807,0.005660364681159291,0.0074968040923982186,0.006086326578115558,0.0065139102950871434
-15.5,13.5,11808,0.010097876154735163,0.008239327664025606,0.006066087439411429,0.007640020178606018
-14.5,13.5,11809,0.005404950023752061,0.006950107380624664,0.004107659710512844,0.006510831046213375
-13.5,13.5,11810,0.005056460593332683,0.0070206326616122985,0.004261384428609252,0.007087402335624101
-12.5,13.5,11811,0.005025026498748862,0.00719325476832858,0.004719289129613663,0.007187246116553544
-11.5,13.5,11812,0.005364079823810093,0.008772512236548884,0.004944556044104634,0.007564643477532842
-10.5,13.5,11813,0.005253040200375959,0.007441460746712057,0.006569340488200518,0.007344094225723744
-9.5,13.5,11814,0.004613065745127622,0.011905712987662884,0.004244691183506053,0.006696261820254938
-8.5,13.5,11815,0.005152976501735143,0.019772194076675784,0.005796126392650168,0.006349852845694604
-7.5,13.5,11816,0.00421603339200299,0.018977811575548367,0.003928128682521575,0.006026849160456852
-6.5,13.5,11817,0.004208537764614644,0.017710309689941698,0.006216697296948941,0.00543577720725291
-5.5,13.5,11818,0.004182781596470876,0.01311242357866,0.009335427351620487,0.005058974728353304
-4.5,13.5,11819,0.003803367207052326,0.010826767082278138,0.008940468784021676,0.0046858469322339676
-3.5,13.5,11820,0.002531023779622152,0.007317583878703549,0.007506972924165207,0.0029436364907544877
-2.5,13.5,11821,0.0023229086589075334,0.006428580063009272,0.0038536430951914436,0.002556589878067157
-1.5,13.5,11822,0.0023229086589075334,0.00612147117643183,0.0041290421179016506,0.002841021070007906
-0.5,13.5,11823,0.002285959122910177,0.006000171289378185,0.003686344397465156,0.002786351555370036
0.5,13.5,11824,0.002224564213309968,0.005808263849135954,0.0034133318479378696,0.0026812084448941814
1.5,13.5,11825,0.002237771466551184,0.0047727124803250975,0.0036318109156079784,0.003026343145255542
2.5,13.5,11826,0.0022739438873912473,0.006625710379026128,0.0034802430470156766,0.0027951748027003178
3.5,13.5,11827,0.0022763933280528052,0.005863283474986583,0.0031913799691947404,0.004148215898836395
4.5,13.5,11828,0.0024651723847317003,0.004482436182379474,0.0033831779988977746,0.007172986948480568
5.5,13.5,11829,0.0031355564832788634,0.00387497793025792,0.0043531162657218245,0.010119780624719237
6.5,13.5,11830,0.004090760394312041,0.005089474882070339,0.0059711663479499084,0.010146553892765373
7.5,13.5,11831,0.004057922804008227,0.00504866099367222,0.007766154135259428,0.010027795349615282
8.5,13.5,11832,0.004032454067693732,0.00504866099367222,0.006773401404746194,0.009519858272465346
9.5,13.5,11833,0.0040387880421626655,0.005099636848089526,0.006794106849985823,0.009490223371545547
10.5,13.5,11834,0.004045982564760605,0.005108711427598165,0.006875250905694388,0.00937063718600684
11.5,13.5,11835,0.004026877204535862,0.005115598309789919,0.006863060076767034,0.009348054952204886
12.5,13.5,11836,0.003989853044641484,0.00515320843904706,0.006863060076767034,0.00914102548557239
13.5,13.5,11837,0.003964838108481801,0.005221295213907125,0.006850139476435066,0.009117286766478026
14.5,13.5,11838,0.003933799945073545,0.0052164680502994115,0.006815141289774205,0.008818550551874922
15.5,13.5,11839,0.0023527014301734364,0.003179850647536452,0.004132037224112257,0.005368241868545276
16.5,13.5,11840,0.002129309642173377,0.0028985045170709335,0.0036570479307414935,0.0051974760708359165
17.5,13.5,11841,0.0021305942708072603,0.0031137823566884746,0.0037309306563593652,0.004844204135041325
18.5,13.5,11842,0.0021721966028985205,0.003207093840645859,0.004025327855186471,0.004788376879158776
19.5,13.5,11843,0.002297175650163077,0.0035171581759231903,0.0034971553693207,0.0044873947647565285
20.5,13.5,11844,0.0019987816933848723,0.0032466244720394475,0.0034755105761422635,0.004089846429467847
21.5,13.5,11845,0.002611468177034242,0.003480990087647766,0.003770719624925324,0.004576593556042617
22.5,13.5,11846,0.0023709407999356414,0.003051470437599782,0.0037861154717747734,0.0050132529723017315
23.5,13.5,11847,0.0028663623650416457,0.003400904528391323,0.0039890328333815105,0.004585835150615796
24.5,13.5,11848,0.00287733492468168,0.0029842780483436246,0.00520660076126107,0.004585835150615796
25.5,13.5,11849,0.0027764990014840308,0.0031450627718742673,0.005776381789746856,0.004508530847138406
26.5,13.5,11850,0.002735630822874548,0.0030477830964601503,0.0056786486315094165,0.004953491981345804
27.5,13.5,11851,0.002192111250949962,0.0027692454551022437,0.004022070709350088,0.004211475244452078
28.5,13.5,11852,0.0024742174479183824,0.0027653080508023777,0.0040022121082908015,0.004112204755270365
29.5,13.5,11853,0.002465865811000177,0.002552998759357115,0.005142056225127559,0.004167701821770372
30.5,13.5,11854,0.0024561936469401275,NA,NA,0.004405758613755511
31.5,13.5,11855,0.002568062309141971,NA,NA,0.004401081823781271
32.5,13.5,11856,0.0025599184368783417,NA,NA,0.004636076400036444
33.5,13.5,11857,0.0025896648482166087,NA,NA,0.005450480056159647
34.5,13.5,11858,0.0027152921275417014,NA,NA,0.007991124991120101
35.5,13.5,11859,0.002716204436402632,NA,NA,0.007997071707159745
36.5,13.5,11860,0.002704603872870137,NA,NA,0.00839076508631514
37.5,13.5,11861,0.0033779364910030613,NA,NA,0.00839076508631514
38.5,13.5,11862,0.00492657261945146,NA,NA,0.007977360997250361
39.5,13.5,11863,0.004930250136849592,NA,NA,0.007977360997250361
40.5,13.5,11864,0.004945417346824391,NA,NA,NA
41.5,13.5,11865,0.005173388719902406,NA,NA,NA
42.5,13.5,11866,0.0051701162287182065,NA,NA,NA
43.5,13.5,11867,0.01085348370640582,NA,NA,NA
44.5,13.5,11868,0.012340526303985447,NA,NA,NA
45.5,13.5,11869,0.005439240466620008,NA,NA,NA
46.5,13.5,11870,0.008914303103936904,NA,NA,NA
47.5,13.5,11871,0.015023594830489746,NA,NA,NA
48.5,13.5,11872,0.009960537428198205,NA,NA,NA
49.5,13.5,11873,0.010054379510867835,NA,NA,NA
50.5,13.5,11874,0.010092208203345627,NA,NA,0.009991638313997724
51.5,13.5,11875,0.0095146128909063,NA,NA,0.010277923555505698
52.5,13.5,11876,0.013526333752023516,NA,NA,0.012148066502727132
53.5,13.5,11877,0.014629099550987552,NA,NA,0.010904744785487882
54.5,13.5,11878,0.014253806186770988,NA,NA,0.010808401258483953
55.5,13.5,11879,0.012142535921300992,NA,NA,0.01087117996359564
56.5,13.5,11880,0.01158355335447765,NA,NA,0.01196735907484074
57.5,13.5,11881,0.010305153381014195,NA,NA,0.01291477594609812
58.5,13.5,11882,0.011652284008790164,NA,NA,0.01341107240552155
59.5,13.5,11883,0.009739286876842796,NA,NA,0.013484494972564662
60.5,13.5,11884,0.011727443461192819,NA,NA,NA
61.5,13.5,11885,0.01200489537984865,NA,NA,NA
62.5,13.5,11886,0.03008400172111621,NA,NA,NA
63.5,13.5,11887,0.019568446661998185,NA,NA,NA
64.5,13.5,11888,0.02329752144775369,NA,NA,NA
65.5,13.5,11889,0.029424239089933996,NA,NA,NA
66.5,13.5,11890,0.049565598751632765,NA,NA,NA
67.5,13.5,11891,0.030861089940147985,NA,NA,NA
68.5,13.5,11892,0.03801982454279605,NA,NA,NA
69.5,13.5,11893,0.0443514637502731,NA,NA,NA
70.5,13.5,11894,0.10017304816142591,0.1343906681749257,NA,NA
71.5,13.5,11895,0.07658476546698102,0.12318753017136468,NA,NA
72.5,13.5,11896,0.0867189332616069,0.08056505162267875,NA,NA
73.5,13.5,11897,0.08686968353678604,0.12093202160722315,NA,NA
74.5,13.5,11898,0.08909233933173366,0.05996919340212725,NA,NA
75.5,13.5,11899,0.14579669505402418,0.029889588152998574,NA,NA
76.5,13.5,11900,0.13520239096388761,0.025126535835022737,NA,NA
77.5,13.5,11901,0.10503551545496839,0.0241895931146584,NA,NA
78.5,13.5,11902,0.061866648954772833,0.02335878100173332,NA,NA
79.5,13.5,11903,0.056660903684693634,0.016077248243455595,NA,NA
80.5,13.5,11904,0.05672648677234192,0.01546590987210981,NA,NA
81.5,13.5,11905,0.06798147807264458,0.015578500469756262,NA,NA
82.5,13.5,11906,0.051616745302337945,0.01459765331476045,NA,NA
83.5,13.5,11907,0.04609904826090907,0.01593409183289787,NA,NA
84.5,13.5,11908,0.02098970160835092,0.03994197754097547,NA,NA
85.5,13.5,11909,0.019950657947346635,0.032358250577175215,NA,NA
86.5,13.5,11910,0.03342201972058536,0.04330027713965097,NA,NA
87.5,13.5,11911,0.026260012879086265,0.10546126942471165,NA,NA
88.5,13.5,11912,0.023005557187891334,0.06677852534886321,NA,NA
89.5,13.5,11913,0.006441378420260385,0.009555391512006543,NA,NA
90.5,13.5,11914,0.00413606879359913,NA,NA,NA
-128.5,14.5,11915,0.004843236909216529,NA,NA,0.027599347439367403
-127.5,14.5,11916,0.004737502664344279,NA,NA,0.01562767051872093
-126.5,14.5,11917,0.005017052667145373,NA,NA,0.005707925346075339
-125.5,14.5,11918,0.003652277312824012,NA,NA,0.004254304703842525
-124.5,14.5,11919,0.0026728929466708277,NA,NA,0.003969410599180818
-123.5,14.5,11920,0.003139852593706322,NA,NA,0.0033220484293847163
-122.5,14.5,11921,0.0026858334441709547,NA,NA,0.0032095242257700507
-121.5,14.5,11922,0.0030323082503729173,NA,NA,0.003709182612916706
-120.5,14.5,11923,0.0030978771689487285,NA,NA,0.0037583940972480915
-99.5,14.5,11938,0.010700551005508695,NA,NA,NA
-98.5,14.5,11939,0.04755973195138168,NA,NA,NA
-97.5,14.5,11940,0.08737820832572563,NA,NA,NA
-96.5,14.5,11941,0.03360288480012588,NA,NA,NA
-95.5,14.5,11942,0.013282403268710389,NA,NA,NA
-94.5,14.5,11943,0.019276565765117055,NA,NA,NA
-93.5,14.5,11944,0.018682405243026366,NA,NA,NA
-92.5,14.5,11945,0.017855744859913716,NA,NA,NA
-91.5,14.5,11946,0.044809609441502876,NA,NA,NA
-90.5,14.5,11947,0.03158863912839753,NA,NA,NA
-89.5,14.5,11948,0.030732894031520342,NA,NA,NA
-88.5,14.5,11949,0.03911969559242607,NA,NA,NA
-87.5,14.5,11950,0.03956243292063846,NA,NA,NA
-86.5,14.5,11951,0.014689992493843701,NA,NA,NA
-85.5,14.5,11952,0.007846703724152542,NA,NA,NA
-84.5,14.5,11953,0.006340070910354659,NA,NA,NA
-83.5,14.5,11954,0.008174918518060936,NA,NA,NA
-82.5,14.5,11955,0.0034818474435502978,NA,NA,NA
-69.5,14.5,11957,0.03516396540216318,0.020488068578969874,0.021305268060080245,0.015342426699430969
-68.5,14.5,11958,0.04892214406564337,0.05585268612877865,0.04452579906312349,0.05181290945793107
-67.5,14.5,11959,0.0597285951940391,0.046849312946750314,0.08365923377838987,0.06612768522366469
-66.5,14.5,11960,0.028094627982843203,0.024073808321865616,0.07027284366979389,0.043535461812416444
-65.5,14.5,11961,0.027229620029384245,0.048397037879966125,0.11524871570373765,0.03128940409360174
-64.5,14.5,11962,0.03222327157077703,0.03724659456193753,0.06391744666055903,0.03561331578731366
-63.5,14.5,11963,0.028090046465533165,0.07599020227926911,0.05579375568044197,0.03185107633108179
-62.5,14.5,11964,0.04778357984775246,0.10715806134393072,0.09667576023951567,0.04806535762301508
-61.5,14.5,11965,0.0624079488356565,0.09208922591315565,0.06453181802583058,0.0349282960465866
-60.5,14.5,11966,0.044892947668063204,0.13667317896002937,0.09709010539627597,0.031355325197388685
-57.5,14.5,11967,0.02019513699422515,0.033828430633571216,0.0585939475517206,0.04977644498253807
-56.5,14.5,11968,0.011024023897946125,0.013045000367946967,0.025536735293482212,0.03234911515296225
-55.5,14.5,11969,0.014015240713432776,0.02318933365551157,0.08910687441446323,0.023701991477047782
-54.5,14.5,11970,0.014402628344311032,0.02370632425244095,0.07424086595293683,0.023041321958512686
-53.5,14.5,11971,0.01302005612928035,0.034085364282115706,0.04241797762126441,0.02861357363246142
-52.5,14.5,11972,0.011898331792027738,0.031492403702414566,0.0221068458731021,0.024642557119711306
-51.5,14.5,11973,0.011432585375400733,0.03018722022674886,0.02216665113000748,0.026371224169860517
-50.5,14.5,11974,0.011426150913098199,0.028235262162023822,0.013723313878451408,0.025659501448975865
-49.5,14.5,11975,0.010280308956461698,0.022415714435254603,0.01223966016181079,0.02447412703901277
-48.5,14.5,11976,0.007646119391400338,0.012297724257464945,0.00785459198073462,0.01551725649902922
-47.5,14.5,11977,0.007130221675097374,0.007337561486397802,0.011141689748126087,0.012879537026417505
-46.5,14.5,11978,0.007130221675097374,0.007636190092535494,0.01032051293709622,0.01468594812635308
-45.5,14.5,11979,0.005620945825992306,0.007353067080593707,0.009151203487551527,0.012463453282680666
-44.5,14.5,11980,0.004624319540046885,0.006071959085662083,0.007296505770699606,0.009932613235794916
-43.5,14.5,11981,0.010735952107584339,0.010819783706352046,0.022776311992980643,0.019259376835526282
-42.5,14.5,11982,0.007895354923082482,0.008649408375024929,0.011639540193284191,0.011472584082893396
-41.5,14.5,11983,0.007975812233897792,0.008723741295966496,0.01721181414231258,0.011508454485503946
-40.5,14.5,11984,0.008147792356775069,0.011082076286052874,0.018855071068738485,0.01600410135821035
-39.5,14.5,11985,0.008269342001149661,0.00865282718571594,0.012352754941578545,0.011257958819694967
-38.5,14.5,11986,0.007244401075689179,0.006596900483226855,0.01547565845824853,0.011384678008596548
-37.5,14.5,11987,0.007504312409893165,0.00702351728270056,0.009950070220895935,0.010707837524066288
-36.5,14.5,11988,0.00759187644740266,0.007261123705928521,0.010296078767110568,0.011828984102806984
-35.5,14.5,11989,0.008183075916307124,0.010502191950047163,0.01884501391509184,0.01677572380152163
-34.5,14.5,11990,0.011588468534859087,0.011653430368255353,0.02805280398437347,0.024650631646552394
-33.5,14.5,11991,0.008534498996118035,0.008355514790556443,0.020054472085626537,0.019093547383697188
-32.5,14.5,11992,0.005886897741787369,0.006795919989116245,0.012274165330544075,0.013083725395178158
-31.5,14.5,11993,0.006150800900871455,0.00932648495744478,0.009631148537008194,0.011538361953527686
-30.5,14.5,11994,0.0059728564365113335,0.006343822344324728,0.00914276802322212,0.010954339340076
-29.5,14.5,11995,0.004925089409080335,0.006332567807739913,0.00913793497894711,0.012047509191989447
-28.5,14.5,11996,0.0048582101414714205,0.006291401902778407,0.015643162931059898,0.00934567553523874
-27.5,14.5,11997,0.0029493932355632393,0.003231209417108256,0.005845996999388904,0.008455600949312926
-26.5,14.5,11998,0.002771862565954846,0.0029457687419413387,0.0053881890397594915,0.011453600776980896
-25.5,14.5,11999,0.0027736263423587064,0.0029346231246874838,0.007848951781100219,0.008346264042328008
-24.5,14.5,12000,0.0032142941083386513,0.0032963488852491177,0.00891087908693771,0.006478991395891393
-23.5,14.5,12001,0.0032516631086430743,0.0032963488852491177,0.00891087908693771,0.004243372387695016
-22.5,14.5,12002,0.0027936777303989246,0.0032548558612289545,0.008650721405052473,0.004348548407567145
-21.5,14.5,12003,0.0030337234720169645,0.0032548558612289545,0.007817847990409507,0.004309935471503278
-20.5,14.5,12004,0.0036876900990889657,0.0033971797396889873,0.007497702507804042,0.004670313288153583
-19.5,14.5,12005,0.005489316862141308,0.006116121212546398,0.011027933617131553,0.0080068856605209
-18.5,14.5,12006,0.006209306416112829,0.006919037825693186,0.008028105429947094,0.006310822128695007
-17.5,14.5,12007,0.006209306416112829,0.006919037825693186,0.005411384451489552,0.00628702477090274
-16.5,14.5,12008,0.005270799952351251,0.006061834650467252,0.007709464359597074,0.006298198879298674
-15.5,14.5,12009,0.008043576088268183,0.007749380815241246,0.008235162356866742,0.006298198879298674
-14.5,14.5,12010,0.0057394484856060895,0.0077520889056100694,0.005833462561737511,0.006296173509227319
-13.5,14.5,12011,0.004982785587990736,0.008208016139039301,0.008161217445615192,0.007800728201915158
-12.5,14.5,12012,0.0051791823891321675,0.007687317420578788,0.009645527865617051,0.008279815238052404
-11.5,14.5,12013,0.00789118968249466,0.016911459962382344,0.011779492560188063,0.015612830522775154
-10.5,14.5,12014,0.00789118968249466,0.015543183941024715,0.010966110143448279,0.010133143906125602
-9.5,14.5,12015,0.004944704965077791,0.007878212869603005,0.00640897585847324,0.007131544320526672
-8.5,14.5,12016,0.004817604449586466,0.007515871394277272,0.003947280974211704,0.006676825129928493
-7.5,14.5,12017,0.00446046929365049,0.006958348717406106,0.004015124229054704,0.005521495648138651
-6.5,14.5,12018,0.004832721759017343,0.009814606239411314,0.00391878554968459,0.0061055412189249605
-5.5,14.5,12019,0.004154508784617364,0.010650882787467855,0.0038890015339768987,0.0060811853760358485
-4.5,14.5,12020,0.0025787163135695327,0.010115929207982445,0.0023473663678401113,0.0036723687224587995
-3.5,14.5,12021,0.002317002928207636,0.009170590905060099,0.00195873541476777,0.0029334852216273593
-2.5,14.5,12022,0.002304203833678603,0.008650234814413082,0.0019339723855049935,0.003211585074001268
-1.5,14.5,12023,0.0024573768886343834,0.00838289822400991,0.002900786432959563,0.0031605445150020414
-0.5,14.5,12024,0.002277151677716412,0.006269832766223472,0.006028230083047127,0.003131412827692218
0.5,14.5,12025,0.002277151677716412,0.006197896893260199,0.004266567166574477,0.003131412827692218
1.5,14.5,12026,0.002290670426330759,0.006179871454181047,0.005880699391814806,0.0029395865344397226
2.5,14.5,12027,0.0026823817522518985,0.006007849500259261,0.004602659470260167,0.0030210630106471724
3.5,14.5,12028,0.0023276959367139957,0.005913558738519361,0.0035907937460427095,0.0027873288249937235
4.5,14.5,12029,0.0025888237783663844,0.00698201307265505,0.003964773597706929,0.003099859437891302
5.5,14.5,12030,0.004182781596470876,0.010101052674972275,0.008612162452846841,0.005216026593108887
6.5,14.5,12031,0.004194494319484492,0.008997722231571846,0.0067796541944833075,0.005334324270280833
7.5,14.5,12032,0.004874247624134456,0.008983737430718858,0.008333394181439566,0.005820606783407141
8.5,14.5,12033,0.004874247624134456,0.008590751200583559,0.006883924595478957,0.005711424751922561
9.5,14.5,12034,0.004427601323172965,0.009049913873387964,0.007396024278038827,0.005922648273202234
10.5,14.5,12035,0.005135797818320549,0.009709744038111824,0.0076945441803449215,0.009004891688172506
11.5,14.5,12036,0.004427601323172965,0.013992347096820556,0.0073983753644226834,0.013627456357425505
12.5,14.5,12037,0.0042019650403017274,0.008886072597351179,0.008386796111155195,0.009427268165140537
13.5,14.5,12038,0.004194494319484492,0.00527273352400441,0.008389192728651377,0.009223278779290632
14.5,14.5,12039,0.004154439284240321,0.00526192125235938,0.006551164896861094,0.008596219627215185
15.5,14.5,12040,0.004092647433260224,0.005295070239755882,0.006122951023969221,0.008572321318143667
16.5,14.5,12041,0.0024469623604242347,0.003161756292524963,0.00363290427422981,0.005034909227975433
17.5,14.5,12042,0.002199947872532226,0.0028466459481787474,0.003341354234681166,0.004596592091992135
18.5,14.5,12043,0.0021233386615468796,0.0028466459481787474,0.003365656749910743,0.004216301643522156
19.5,14.5,12044,0.0023599464961067194,0.0030551390466139272,0.0036593195210395803,0.004987692399611931
20.5,14.5,12045,0.002871377832659609,0.0038058675597339884,0.0046093088036585905,0.006280927578298701
21.5,14.5,12046,0.0034627216313243324,0.004584029325020397,0.005659417101316268,0.00743553131075764
22.5,14.5,12047,0.004453981686389124,0.005189119986391682,0.006319245975058528,0.009234367486970381
23.5,14.5,12048,0.004563513117034646,0.005102759716765121,0.0069816640376832734,0.007505492411573716
24.5,14.5,12049,0.0044623179950585646,0.004966502750542774,0.006474251972429218,0.007459224693054948
25.5,14.5,12050,0.003891997474103659,0.004774381242150074,0.00648688510256663,0.007459224693054948
26.5,14.5,12051,0.004311020984441163,0.004265277650909677,0.007299968196735447,0.006723383529184719
27.5,14.5,12052,0.0024668643638765444,0.003284542658778812,0.0038980633936285818,0.004519134202250121
28.5,14.5,12053,0.0027745406411536816,0.0027448387158712506,0.004768368147104076,0.004332702842982731
29.5,14.5,12054,0.00253176062260144,0.002731063830125806,0.004705473898255467,0.0041396130391332785
30.5,14.5,12055,0.002472273962140446,NA,NA,0.0041396130391332785
31.5,14.5,12056,0.002134906533691925,NA,NA,0.0041954784412186145
32.5,14.5,12057,0.002447046829995012,NA,NA,0.0041107262520697525
33.5,14.5,12058,0.0024214917137616036,NA,NA,0.004102247070104317
34.5,14.5,12059,0.0024201346526366223,NA,NA,0.004102247070104317
35.5,14.5,12060,0.0025916069215222103,NA,NA,0.005427976738059488
36.5,14.5,12061,0.0031318405288395896,NA,NA,0.008823756724942214
37.5,14.5,12062,0.004805788513349546,NA,NA,0.008088102178958745
38.5,14.5,12063,0.00499288276546554,NA,NA,0.00844644856923799
39.5,14.5,12064,0.00516860433728582,NA,NA,0.008509576477752818
40.5,14.5,12065,0.005461915405030116,NA,NA,NA
41.5,14.5,12066,0.005484650735607554,NA,NA,NA
42.5,14.5,12067,0.005444564629709431,NA,NA,NA
43.5,14.5,12068,0.005632070016901415,NA,NA,NA
44.5,14.5,12069,0.013144054905373246,NA,NA,NA
45.5,14.5,12070,0.0055478233705424426,NA,NA,NA
46.5,14.5,12071,0.008202846628935079,NA,NA,NA
47.5,14.5,12072,0.011542603467794253,NA,NA,NA
48.5,14.5,12073,0.012479217465329852,NA,NA,NA
49.5,14.5,12074,0.009535455140726257,NA,NA,NA
50.5,14.5,12075,0.009592114717187626,NA,NA,0.00594473992996933
51.5,14.5,12076,0.010737681248986566,NA,NA,0.006243137623851841
52.5,14.5,12077,0.008791024781168758,NA,NA,0.00604932349193421
53.5,14.5,12078,0.009980300734185057,NA,NA,0.007549331101318078
54.5,14.5,12079,0.00799600637445088,NA,NA,0.010579927882071193
55.5,14.5,12080,0.00844406469033089,NA,NA,0.013676115092766235
56.5,14.5,12081,0.0077404444590869976,NA,NA,0.013825051571094272
57.5,14.5,12082,0.006753853735291595,NA,NA,0.01409113559016653
58.5,14.5,12083,0.00924355965871419,NA,NA,0.013995400906244808
59.5,14.5,12084,0.009818650242962832,NA,NA,0.015204180627128425
60.5,14.5,12085,0.017335432881675866,NA,NA,NA
61.5,14.5,12086,0.019149180470964398,NA,NA,NA
62.5,14.5,12087,0.01936829145018127,NA,NA,NA
63.5,14.5,12088,0.019250639078714882,NA,NA,NA
64.5,14.5,12089,0.01936861876088761,NA,NA,NA
65.5,14.5,12090,0.021075075611346555,NA,NA,NA
66.5,14.5,12091,0.021449495201474707,NA,NA,NA
67.5,14.5,12092,0.019531362067416184,NA,NA,NA
68.5,14.5,12093,0.027957667629536772,NA,NA,NA
69.5,14.5,12094,0.027948740432800198,NA,NA,NA
70.5,14.5,12095,0.028962181449451625,0.0706476309911312,NA,NA
71.5,14.5,12096,0.04132010822945443,0.048366695238678294,NA,NA
72.5,14.5,12097,0.02328058633236936,0.04314683121768869,NA,NA
73.5,14.5,12098,0.03359767451116795,0.0506639432942077,NA,NA
74.5,14.5,12099,0.0483541269263427,0.018768813019604917,NA,NA
75.5,14.5,12100,0.09216116900635334,0.0340377538614208,NA,NA
76.5,14.5,12101,0.25696621963279465,0.028249223540010866,NA,NA
77.5,14.5,12102,0.06706560524972903,0.017710172813838198,NA,NA
78.5,14.5,12103,0.06707894031511273,0.01772222531433837,NA,NA
79.5,14.5,12104,0.06387022449924475,0.017804811154835575,NA,NA
80.5,14.5,12105,0.06925572477125876,0.01670007122043377,NA,NA
81.5,14.5,12106,0.05892343402732624,0.01717264503241065,NA,NA
82.5,14.5,12107,0.044406936703375054,0.01230252380277041,NA,NA
83.5,14.5,12108,0.04509489327520632,0.015871311631275052,NA,NA
84.5,14.5,12109,0.02278043651904977,0.05520629832521238,NA,NA
85.5,14.5,12110,0.019914094848335333,0.054216590063275505,NA,NA
86.5,14.5,12111,0.026879038933174566,0.06268221082309762,NA,NA
87.5,14.5,12112,0.007283641743901844,0.04721181012102592,NA,NA
-127.5,15.5,12113,0.0026961993454409712,NA,NA,0.005888293289887743
-126.5,15.5,12114,0.005870346468344933,NA,NA,0.01669388448097893
-125.5,15.5,12115,0.004352896512681792,NA,NA,0.00851440613141217
-124.5,15.5,12116,0.004067699304271921,NA,NA,0.0047736758643067544
-123.5,15.5,12117,0.0025550565898006666,NA,NA,0.003015957621765253
-122.5,15.5,12118,0.003107171686065393,NA,NA,0.0031809555712568726
-121.5,15.5,12119,0.002697184357554497,NA,NA,0.0031779691628519907
-120.5,15.5,12120,0.002613123612332212,NA,NA,0.003315335042917565
-99.5,15.5,12135,0.002203021155234128,NA,NA,NA
-98.5,15.5,12136,0.024736314513176996,NA,NA,NA
-97.5,15.5,12137,0.3163001110772907,NA,NA,NA
-96.5,15.5,12138,0.14275734481733615,NA,NA,NA
-95.5,15.5,12139,0.04492500548524107,NA,NA,NA
-94.5,15.5,12140,0.027622195428675105,NA,NA,NA
-93.5,15.5,12141,0.015580977368301436,NA,NA,NA
-92.5,15.5,12142,0.04585924504120875,NA,NA,NA
-91.5,15.5,12143,0.12460789021744641,NA,NA,NA
-90.5,15.5,12144,0.0409992348694961,NA,NA,NA
-89.5,15.5,12145,0.03091360004058318,NA,NA,NA
-88.5,15.5,12146,0.042612802514721236,NA,NA,NA
-87.5,15.5,12147,0.09510432050319972,NA,NA,NA
-86.5,15.5,12148,0.02034977584550407,NA,NA,NA
-85.5,15.5,12149,0.0032858536363592197,NA,NA,NA
-84.5,15.5,12150,0.0029539900281749173,NA,NA,NA
-69.5,15.5,12152,0.040866493246602055,0.06239310112447559,0.02741155899314944,0.01567637473150761
-68.5,15.5,12153,0.06317198376189925,0.09644556711387887,0.061798334396651056,0.03369949193876668
-67.5,15.5,12154,0.07406975455157182,0.05184823052129052,0.08797623257873524,0.06255652733400782
-66.5,15.5,12155,0.07920585217035578,0.04647900935932904,0.14893675314017674,0.06809669430270845
-65.5,15.5,12156,0.06408211259206639,0.03798032643095512,0.12279529607912852,0.03660195728330686
-64.5,15.5,12157,0.0506161577028214,0.052815508277842114,0.048875592919063335,0.03207344332349292
-63.5,15.5,12158,0.050571602787931,0.05253423172333034,0.05121212443962815,0.03030410819710802
-62.5,15.5,12159,0.05293467485128054,0.09521509878713552,0.050004684575239336,0.033792071171624694
-61.5,15.5,12160,0.06879043578684939,0.11924722276780507,0.07480210042099421,0.03328628106996336
-60.5,15.5,12161,0.04139194240211336,0.27376889521199116,0.07537914669811333,0.10554343840534479
-58.5,15.5,12162,0.011770248525045922,0.03247780209927118,0.028928613262125907,0.0178965501476758
-57.5,15.5,12163,0.012557006035644382,0.026156389485923116,0.059028339122395135,0.020302387998793095
-56.5,15.5,12164,0.013184697678696651,0.03438642374757589,0.072025207261884,0.02331530267034911
-55.5,15.5,12165,0.013586916308571182,0.023492873439209538,0.0775349656888013,0.02482876572631286
-54.5,15.5,12166,0.013853835853385786,0.03221684604996923,0.09608399466973061,0.015081599681836007
-53.5,15.5,12167,0.013874809162223242,0.03066811122935745,0.031414511579603725,0.015614362584258865
-52.5,15.5,12168,0.013457126283480838,0.032758332741826025,0.019847447261165364,0.016335258110901772
-51.5,15.5,12169,0.01161701598344623,0.06731669052183702,0.014582207400837589,0.01626129661593105
-50.5,15.5,12170,0.01164841163611544,0.03788296579998712,0.01789325850737493,0.01641619293883444
-49.5,15.5,12171,0.006882393082722871,0.02098104947812989,0.012267100071863043,0.008826568378446175
-48.5,15.5,12172,0.006178345304935466,0.017237814411961302,0.010795212762691075,0.008930683027999136
-47.5,15.5,12173,0.007041340607489937,0.01625281718012306,0.010717317982719158,0.015127290413853694
-46.5,15.5,12174,0.006198402937860654,0.013463168555191297,0.010627101962037196,0.016512484765257903
-45.5,15.5,12175,0.005548702819227699,0.009796879370913598,0.01244222421970292,0.0192321007567447
-44.5,15.5,12176,0.004313538376869726,0.00786732035443048,0.009993422007077236,0.012118611022641907
-43.5,15.5,12177,0.004313538376869726,0.006722029503364211,0.013611974458096435,0.009260355654304555
-42.5,15.5,12178,0.004679061274088536,0.005455543351528132,0.010351934742516073,0.008686104073403136
-41.5,15.5,12179,0.0063357314261277674,0.007181743277847449,0.014283481776532774,0.01114341673529572
-40.5,15.5,12180,0.007694143471157579,0.009836514436410364,0.013041360750722692,0.012702714742313931
-39.5,15.5,12181,0.006682834860521586,0.009366711288992404,0.013316020986344497,0.010444788103221
-38.5,15.5,12182,0.007093358537045699,0.00822846327685772,0.009004007640272574,0.009703834692312091
-37.5,15.5,12183,0.007315247762331764,0.008266789655016203,0.010318750197128483,0.011702933664352473
-36.5,15.5,12184,0.006411483868045509,0.006301247347871662,0.008879517471695783,0.010680318818517939
-35.5,15.5,12185,0.00916014251053813,0.008115587043394806,0.011567453582643904,0.010644177815755263
-34.5,15.5,12186,0.009615074657214367,0.009953932631180313,0.013794332004556048,0.029301925661565018
-33.5,15.5,12187,0.008567959454818787,0.010565305604710059,0.012285305218089857,0.025245942529084592
-32.5,15.5,12188,0.007500261259553477,0.006937540734995322,0.009735627382488525,0.01831742335307556
-31.5,15.5,12189,0.00652113570695955,0.006758005151324157,0.009858862539391593,0.01805402780110871
-30.5,15.5,12190,0.004954129154567035,0.007586291950283634,0.008962011459976282,0.009572155857060036
-29.5,15.5,12191,0.0049015398359374,0.0064627196061747254,0.013545827211676981,0.01018739717234845
-28.5,15.5,12192,0.005687653783767371,0.006490110052604043,0.009312612918635027,0.01583949650264652
-27.5,15.5,12193,0.0034303814739318605,0.00329660841597424,0.007829017618357163,0.009885671414666366
-26.5,15.5,12194,0.0026735245920958186,0.0034106992819677466,0.0078723088596564985,0.007077562219717311
-25.5,15.5,12195,0.0026591298043097296,0.0030248341191579232,0.0053608741508543315,0.004683014349748619
-24.5,15.5,12196,0.0029907807220087464,0.0033858864878177687,0.007954427323488259,0.004132256786030448
-23.5,15.5,12197,0.002542931896662944,0.0033520990487885716,0.005594306106412012,0.005371611760069952
-22.5,15.5,12198,0.0026459341448255348,0.0030076086349204766,0.006468341536497072,0.004796218220116613
-21.5,15.5,12199,0.003004355519254649,0.0030517807219623805,0.008633652435802852,0.0035751178951700774
-20.5,15.5,12200,0.0026285308163287212,0.0030133569095854127,0.005754127757557515,0.0035751178951700774
-19.5,15.5,12201,0.002912971445299208,0.003351145865245224,0.008207827759958338,0.003950811334077809
-18.5,15.5,12202,0.005213598628054649,0.005282701899652857,0.010831915291187148,0.007384887485510512
-17.5,15.5,12203,0.005481667725204408,0.00630879555721656,0.008286459665160093,0.0064168837553357115
-16.5,15.5,12204,0.004712363130193577,0.006372878926907779,0.008208199940078329,0.007777749105502905
-15.5,15.5,12205,0.004715034857978676,0.006092963620271265,0.005993351428028977,0.006409470983831305
-14.5,15.5,12206,0.004723081588452816,0.006963732417188597,0.008088036713244777,0.007673101143650516
-13.5,15.5,12207,0.004974106684542537,0.006690684145420182,0.008442551771284524,0.006739340229810069
-12.5,15.5,12208,0.004778746101948269,0.007232506423097259,0.006403558912783691,0.008147250355690127
-11.5,15.5,12209,0.005498020275992696,0.013553054667182398,0.007868458013342038,0.009195105259383048
-10.5,15.5,12210,0.005070710232669578,0.008396193262724876,0.011354893416952935,0.009010424306272592
-9.5,15.5,12211,0.004441661302864348,0.006909859539378886,0.005917736919181357,0.007320216053859066
-8.5,15.5,12212,0.0048847855295917975,0.006779029587305438,0.005463608347741729,0.007243578733443342
-7.5,15.5,12213,0.004714940673962488,0.006223838541056528,0.008671727749684787,0.005888022933031597
-6.5,15.5,12214,0.0055402641700583715,0.00723071509617325,0.005754079870443957,0.006863236516032316
-5.5,15.5,12215,0.004534439698076653,0.006326827497921212,0.005269078852881787,0.006937156109463634
-4.5,15.5,12216,0.0028086831368466293,0.003799715548766863,0.0023696251038139247,0.0038415191254376445
-3.5,15.5,12217,0.002487264003374639,0.0034187343352671358,0.0028475489522404147,0.0034563609887199483
-2.5,15.5,12218,0.002416575626912812,0.003540366173880644,0.002193448829784356,0.0035460638383592357
-1.5,15.5,12219,0.002371296340714947,0.003391833105930749,0.0020961966155389642,0.0034538382293001573
-0.5,15.5,12220,0.0023492881105670227,0.005093889708866788,0.0019236197043933452,0.0033650281166353662
0.5,15.5,12221,0.0022656795105392806,0.005231106703287226,0.002472319547870257,0.0035561073198512204
1.5,15.5,12222,0.002645690552347554,0.00900676482944284,0.0027407098475280573,0.0034218866195204335
2.5,15.5,12223,0.002295845170133739,0.008057755831117647,0.0021352819362555515,0.003512666855414452
3.5,15.5,12224,0.0028767156232372276,0.011107704231344797,0.0022876127858560955,0.003814955008895421
4.5,15.5,12225,0.0038174505969156155,0.015624177929924337,0.004538440741936027,0.0053708604792839995
5.5,15.5,12226,0.0041728387169198125,0.014162722880308353,0.00483562859213687,0.00595604700774497
6.5,15.5,12227,0.004889707529277119,0.012046101728709107,0.007299786753723033,0.0058186466605355475
7.5,15.5,12228,0.005010986002365805,0.012201921201335541,0.01119533715937007,0.0052895762536119065
8.5,15.5,12229,0.005187380315488618,0.012438228232904344,0.009221928910342465,0.006026674463259405
9.5,15.5,12230,0.0044798014533176875,0.012233095112950437,0.00940882487243207,0.00555626385626562
10.5,15.5,12231,0.004579947353739075,0.012167433624210034,0.009327833849857189,0.005697151178878397
11.5,15.5,12232,0.004479801453317688,0.01166418995586047,0.010484082996047247,0.005327432118029904
12.5,15.5,12233,0.005172244995483903,0.010227060561351453,0.00714851545715406,0.005225684595445691
13.5,15.5,12234,0.004884114061741872,0.009121720186068804,0.006169944444546967,0.00479312215055622
14.5,15.5,12235,0.004202990613916315,0.009141283633735144,0.007479446484146511,0.0047846054548352605
15.5,15.5,12236,0.004270962923823882,0.008927830838350592,0.006382793514610329,0.005517487654793964
16.5,15.5,12237,0.005923968344548191,0.012303123700795412,0.008686144363132572,0.010779618835613689
17.5,15.5,12238,0.00252964400968726,0.005131703433620585,0.003400926514653135,0.006464391679268959
18.5,15.5,12239,0.002525991449028027,0.005124313052958443,0.0033535601529127834,0.005042486343221028
19.5,15.5,12240,0.003777472669142146,0.007898053443127263,0.0055756170888090675,0.007750688059266127
20.5,15.5,12241,0.006142674529269581,0.008829822891662566,0.006230007397372162,0.00858517600676619
21.5,15.5,12242,0.005880261339795182,0.008656253562004444,0.006443895794172772,0.008609109841534688
22.5,15.5,12243,0.004642681015004817,0.00855400005871451,0.006318988556535629,0.008566060410431824
23.5,15.5,12244,0.004748125349722233,0.011679304967111928,0.006272118903852781,0.007922175009304089
24.5,15.5,12245,0.0039325015544522625,0.008428448903103349,0.006690776146284461,0.007857131345187212
25.5,15.5,12246,0.004473278873574018,0.0071679268541320375,0.006326937990290435,0.0076857812464253255
26.5,15.5,12247,0.003817754731270326,0.00490547029648629,0.008064861740352414,0.007553301323983129
27.5,15.5,12248,0.004416475759746465,0.004499069230638697,0.006520738148707232,0.008019863279048595
28.5,15.5,12249,0.003900497711524017,0.003960897223775979,0.007251406545572173,0.006731918306084455
29.5,15.5,12250,0.002258001014150285,0.0026218910823804357,0.004726180983561506,0.004362677557202925
30.5,15.5,12251,0.0024094054816076764,NA,NA,0.004022977374029907
31.5,15.5,12252,0.0024094054816076764,NA,NA,0.0040290377836393184
32.5,15.5,12253,0.0024094054816076764,NA,NA,0.0041745358518822185
33.5,15.5,12254,0.002388084354906224,NA,NA,0.004101477643275175
34.5,15.5,12255,0.002388084354906224,NA,NA,0.003958515802737668
35.5,15.5,12256,0.002383149957931531,NA,NA,0.004101477643275175
36.5,15.5,12257,0.002450611740004507,NA,NA,0.0041696397555783344
37.5,15.5,12258,0.002979729048805007,NA,NA,0.007436412293743093
38.5,15.5,12259,0.004200100722577056,NA,NA,0.004881231648882997
39.5,15.5,12260,0.00477686326330985,NA,NA,0.0059908211795729254
40.5,15.5,12261,0.0045831566062348545,NA,NA,NA
41.5,15.5,12262,0.004801495653017921,NA,NA,NA
42.5,15.5,12263,0.005070668823780531,NA,NA,NA
43.5,15.5,12264,0.0073756779698626335,NA,NA,NA
44.5,15.5,12265,0.017670868876022476,NA,NA,NA
45.5,15.5,12266,0.01272510945969324,NA,NA,NA
46.5,15.5,12267,0.008610701495329106,NA,NA,NA
47.5,15.5,12268,0.007963147510370909,NA,NA,NA
48.5,15.5,12269,0.006917575434662848,NA,NA,NA
49.5,15.5,12270,0.008079485252818455,NA,NA,NA
50.5,15.5,12271,0.006690215036621367,NA,NA,0.00736269743792908
51.5,15.5,12272,0.0076088807007762644,NA,NA,0.0067865820809074485
52.5,15.5,12273,0.008180857300286977,NA,NA,0.007826003922543042
53.5,15.5,12274,0.009000252735997187,NA,NA,0.008741443055634237
54.5,15.5,12275,0.007639610319564531,NA,NA,0.010117719580218334
55.5,15.5,12276,0.008556157571504125,NA,NA,0.009423500235805729
56.5,15.5,12277,0.007508572511839621,NA,NA,0.00956038957755119
57.5,15.5,12278,0.0074165575044968955,NA,NA,0.017133805164835977
58.5,15.5,12279,0.00793658809222169,NA,NA,0.020751062235658056
59.5,15.5,12280,0.011920964158284255,NA,NA,0.032714449675736244
60.5,15.5,12281,0.013834555726427477,NA,NA,NA
61.5,15.5,12282,0.014324524505690404,NA,NA,NA
62.5,15.5,12283,0.016786923745439414,NA,NA,NA
63.5,15.5,12284,0.01700682326650595,NA,NA,NA
64.5,15.5,12285,0.02149595562806916,NA,NA,NA
65.5,15.5,12286,0.019013941310085308,NA,NA,NA
66.5,15.5,12287,0.019436568005164204,NA,NA,NA
67.5,15.5,12288,0.016427569872968523,NA,NA,NA
68.5,15.5,12289,0.015884235333502476,NA,NA,NA
69.5,15.5,12290,0.022327657731997016,NA,NA,NA
70.5,15.5,12291,0.0204330967991469,0.03393824648539638,NA,NA
71.5,15.5,12292,0.02040589773828778,0.05257371259385449,NA,NA
72.5,15.5,12293,0.03376375509660383,0.016289909722785063,NA,NA
73.5,15.5,12294,0.052105285383034154,0.020880171163252907,NA,NA
74.5,15.5,12295,0.0626665999490193,0.03204014592499612,NA,NA
75.5,15.5,12296,0.07932878667847618,0.02412561076897185,NA,NA
76.5,15.5,12297,0.09436212340947958,0.05304638946015403,NA,NA
77.5,15.5,12298,0.04276246757874049,0.027042983186492196,NA,NA
78.5,15.5,12299,0.045990942546532375,0.03169710188929936,NA,NA
79.5,15.5,12300,0.11511837676192505,0.024735640161177262,NA,NA
80.5,15.5,12301,0.10529976790348297,0.025502396513636557,NA,NA
81.5,15.5,12302,0.06445444438763628,0.020648121955642817,NA,NA
82.5,15.5,12303,0.0547954970229761,0.049585025405426864,NA,NA
83.5,15.5,12304,0.06963990087143215,0.05577315893457672,NA,NA
84.5,15.5,12305,0.016744877092960377,0.07428523548092032,NA,NA
-126.5,16.5,12306,0.003543098423117437,NA,NA,0.015798906865410547
-125.5,16.5,12307,0.005607684053128919,NA,NA,0.009334502853846986
-124.5,16.5,12308,0.004589243028245283,NA,NA,0.0058040850536498585
-123.5,16.5,12309,0.00441177818941039,NA,NA,0.005671161338820125
-122.5,16.5,12310,0.004543493439289397,NA,NA,0.004290605385395592
-121.5,16.5,12311,0.00266961978781305,NA,NA,0.003233147561002889
-120.5,16.5,12312,0.0025543150777501446,NA,NA,0.0033809394071783925
-97.5,16.5,12326,0.06630068352545629,NA,NA,NA
-96.5,16.5,12327,0.10130925741832397,NA,NA,NA
-95.5,16.5,12328,0.0784340535085588,NA,NA,NA
-94.5,16.5,12329,0.052738420789522074,NA,NA,NA
-93.5,16.5,12330,0.07548662325396102,NA,NA,NA
-92.5,16.5,12331,0.048148019141698244,NA,NA,NA
-91.5,16.5,12332,0.09532320393369888,NA,NA,NA
-90.5,16.5,12333,0.030787172803247942,NA,NA,NA
-89.5,16.5,12334,0.025992976162063072,NA,NA,NA
-88.5,16.5,12335,0.04851306445281621,NA,NA,NA
-87.5,16.5,12336,0.02953530663443327,NA,NA,NA
-86.5,16.5,12337,0.056271094363593996,NA,NA,NA
-69.5,16.5,12340,0.03404442169232222,0.0719589529118012,0.049056665958943306,0.03021264749616566
-68.5,16.5,12341,0.03799911602853178,0.12939765047804033,0.03778018740521742,0.022055804496132644
-67.5,16.5,12342,0.10847614435252627,0.14986342002563577,0.07426211414599317,0.03595254926325543
-66.5,16.5,12343,0.1300865083962004,0.13258571393818824,0.09744736614774505,0.042200503135062885
-65.5,16.5,12344,0.09507671825262233,0.0969062974115926,0.08484944818511464,0.0363099040073212
-64.5,16.5,12345,0.09342072985958608,0.07620142285958817,0.0846464736813429,0.0375356289731625
-63.5,16.5,12346,0.0721267576481866,0.06563895265969712,0.06072923715106723,0.03179762234176344
-62.5,16.5,12347,0.05265692058238743,0.11904828875483237,0.084067983824562,0.036870567368107975
-61.5,16.5,12348,0.05929303947685493,0.11639570286107517,0.06409879742303944,0.06692696688520679
-60.5,16.5,12349,0.05069888627715759,0.1235405960617276,0.17781122958038154,0.08093321114760392
-57.5,16.5,12350,0.017021129467168758,0.04731348383601695,0.07265292512163746,0.026872653638082597
-56.5,16.5,12351,0.01800125292815298,0.039711834307695475,0.13324302128650448,0.01905603567603292
-55.5,16.5,12352,0.013656586275182226,0.03244595117276536,0.03503394738277185,0.014686680569449367
-54.5,16.5,12353,0.012983983562673839,0.03573962806287224,0.050476774661630947,0.014263143110992972
-53.5,16.5,12354,0.013513649830696882,0.03557508678275774,0.0370763806944772,0.014629229892964932
-52.5,16.5,12355,0.013489848032478206,0.03421010505964368,0.036189059405401514,0.014873871430759541
-51.5,16.5,12356,0.011768254358766626,0.03365799831826711,0.023774408213514515,0.01676620223287325
-50.5,16.5,12357,0.008633316169999421,0.02171539907029863,0.017344933746112647,0.012401348230410874
-49.5,16.5,12358,0.0062454647435912745,0.01542091157317901,0.013178737375234763,0.009047363032386194
-48.5,16.5,12359,0.0062454647435912745,0.015253214347738442,0.014463830935699149,0.009047363032386194
-47.5,16.5,12360,0.006174482008319408,0.015081407869844589,0.014339437923598689,0.009186127972982627
-46.5,16.5,12361,0.0069593100564859876,0.017986653975994464,0.012178517481554404,0.01019770056216624
-45.5,16.5,12362,0.004760373648487388,0.014337457365361914,0.017154318299715827,0.00826253196873608
-44.5,16.5,12363,0.003745907823281267,0.010679168855466077,0.006878618393833042,0.005646225904892932
-43.5,16.5,12364,0.004317224863534043,0.008548153245074571,0.007037540564990378,0.005200148128522905
-42.5,16.5,12365,0.004208560983074306,0.00800279822162402,0.006810405691793959,0.004367714821860223
-41.5,16.5,12366,0.004593609551311858,0.008149386484101866,0.0067958591593063784,0.005165654244376289
-40.5,16.5,12367,0.006961381795997097,0.01372082311382672,0.01051255660835635,0.00806856401560151
-39.5,16.5,12368,0.005475780245409792,0.012759630065665866,0.009360257138765312,0.005269615208543708
-38.5,16.5,12369,0.005178265793596692,0.008344771155039472,0.008606675822066152,0.0058978937862048724
-37.5,16.5,12370,0.0063416652864600265,0.0073170884399534845,0.008686099836279097,0.006308618030602828
-36.5,16.5,12371,0.01138512916928097,0.008201333881882112,0.01570275449123611,0.006820264882164875
-35.5,16.5,12372,0.009397291213297073,0.009146934091500539,0.01155913815436757,0.009028493635557858
-34.5,16.5,12373,0.014868847920467406,0.020972888809206437,0.019748621843143205,0.019524536577001
-33.5,16.5,12374,0.007967657114625958,0.008639011198692382,0.011102977953003034,0.011431244437084178
-32.5,16.5,12375,0.00863898396638086,0.0080043228154596,0.011774294405679163,0.00819760076876639
-31.5,16.5,12376,0.007750042329150326,0.007059122236119247,0.011234837184276479,0.008524938222512216
-30.5,16.5,12377,0.006167658810843295,0.006694137433629685,0.009049826286365015,0.009814259204774137
-29.5,16.5,12378,0.007115824659966503,0.007224501073919012,0.009493578931367706,0.006921251091754841
-28.5,16.5,12379,0.005295522334895076,0.006336529733778049,0.009510617674405253,0.009530163345961214
-27.5,16.5,12380,0.0030695989751001666,0.003929859803774888,0.005670807115187688,0.005820170563405686
-26.5,16.5,12381,0.002735928468396174,0.0034666677619690236,0.007318051621034035,0.0044396762482216395
-25.5,16.5,12382,0.0031882595949957794,0.0032238679284827447,0.007089973977814971,0.0044396762482216395
-24.5,16.5,12383,0.0031375885725284393,0.0031726327838389992,0.007882582972725247,0.003905197934277124
-23.5,16.5,12384,0.0026822372775932024,0.002871653960320253,0.005291567097124992,0.005421814130014616
-22.5,16.5,12385,0.003125719460586691,0.0030612774177542343,0.007466409925331258,0.004847784154496483
-21.5,16.5,12386,0.0027235974446562063,0.0034630234811029704,0.005900545486085397,0.0053845994773718524
-20.5,16.5,12387,0.003143577667148431,0.0034251278045715127,0.0055241637778557645,0.004315615659736763
-19.5,16.5,12388,0.0032975462478133295,0.003723960199199054,0.008828847142106017,0.005184106875777242
-18.5,16.5,12389,0.006515544709467897,0.007548993825738019,0.018565286279093103,0.009712119082167459
-17.5,16.5,12390,0.00636707147136908,0.005651697748369656,0.01084754160543564,0.008185467923342508
-16.5,16.5,12391,0.005474192093545082,0.006405283095705877,0.01044822764400907,0.008215526462240828
-15.5,16.5,12392,0.005474192093545082,0.006364703373226177,0.010459723579011747,0.006767239387902063
-14.5,16.5,12393,0.0048913953219904245,0.006069661244373112,0.00885059651448445,0.006779261172728822
-13.5,16.5,12394,0.004891395321990424,0.006349165986401456,0.006006020808257977,0.007727337915460426
-12.5,16.5,12395,0.0051538608893471095,0.007109814782944261,0.008843462599287396,0.008149380952560787
-11.5,16.5,12396,0.005309826721514944,0.0070997896418926055,0.0071625323868409856,0.008184840435803482
-10.5,16.5,12397,0.006677135077508429,0.007034499960093468,0.007171954172744567,0.00784718777011597
-9.5,16.5,12398,0.005699837541428863,0.006415193806416674,0.006568051556561198,0.0077387513155047095
-8.5,16.5,12399,0.005469292563168589,0.006300251924687841,0.008924164858583815,0.007275517746700628
-7.5,16.5,12400,0.005459580999934938,0.006364285510649163,0.006710230008362815,0.0072582646011585435
-6.5,16.5,12401,0.005554520576766642,0.0064748550544125975,0.009027594306212331,0.0072582646011585435
-5.5,16.5,12402,0.005022758934584459,0.005800987756020521,0.00575850470330252,0.006533649080047182
-4.5,16.5,12403,0.0033556889763941044,0.003852801253226266,0.0036141994616667216,0.00444745419949847
-3.5,16.5,12404,0.0029944578672205934,0.0034190723630205862,0.003284098126594128,0.003961393818160424
-2.5,16.5,12405,0.0029944578672205934,0.003403416192904652,0.003282295605706117,0.0033256708327175774
-1.5,16.5,12406,0.0027575950639873014,0.0033023512450487003,0.004514544421442435,0.00324752392296098
-0.5,16.5,12407,0.0027575950639873014,0.0032895685500533883,0.004464344197616294,0.00324752392296098
0.5,16.5,12408,0.003157887577261012,0.0029473215356574938,0.0032532439993526725,0.003276649981511957
1.5,16.5,12409,0.0032660970663786508,0.004385653276852305,0.00450130965443483,0.0033145556705587447
2.5,16.5,12410,0.0032660970663786508,0.0038352219010845275,0.0032156852105308235,0.003962144237887869
3.5,16.5,12411,0.003551103934490395,0.004240755777758899,0.0035432050269398243,0.004412060171318985
4.5,16.5,12412,0.005628898994699121,0.00685005006620776,0.003982773790101474,0.006715089314427893
5.5,16.5,12413,0.005076379918390035,0.007274337571667558,0.004164199273614208,0.005833881248890668
6.5,16.5,12414,0.005563265013631306,0.007204854891685414,0.005755525001430628,0.005762300823440878
7.5,16.5,12415,0.005066915870162871,0.0075905106326450145,0.004631087112042835,0.007253618242425187
8.5,16.5,12416,0.005934439632365825,0.012381897453217024,0.0059706458806777964,0.005973636736448871
9.5,16.5,12417,0.0072091555864531014,0.0133117760420982,0.006973267717261746,0.009786006990828298
10.5,16.5,12418,0.006710430660675141,0.026710106101422704,0.006074633759539305,0.009033939439380058
11.5,16.5,12419,0.007242811257216944,0.03074252464032987,0.006170968142533092,0.009487006936866917
12.5,16.5,12420,0.006409571101587634,0.023274228033437566,0.004893980969840493,0.005511704924620938
13.5,16.5,12421,0.005901499816085309,0.016434774246420873,0.0033272620719877605,0.006446474656440742
14.5,16.5,12422,0.004728861015306613,0.012651740612230079,0.004297596869853793,0.005667232800583421
15.5,16.5,12423,0.004688755944845243,0.01256517396927527,0.004421398677578373,0.006134619834333165
16.5,16.5,12424,0.004067025714165555,0.011000511167764555,0.004484290351705988,0.005133557562195972
17.5,16.5,12425,0.0027209521172185786,0.007037022246288269,0.006416821216404413,0.0031957549137594647
18.5,16.5,12426,0.010300440323156657,0.02611759126106616,0.012247040643550262,0.006686039203035607
19.5,16.5,12427,0.007052654794577854,0.010211231138547366,0.007977610825283496,0.006767921887044732
20.5,16.5,12428,0.007072346729620611,0.0108530794406412,0.00691633009765527,0.011303062160419278
21.5,16.5,12429,0.0070849066616250275,0.009529719281613731,0.007896153993203902,0.010017999324978237
22.5,16.5,12430,0.007122870149378562,0.00928342613346637,0.007687487012223392,0.008797259646746807
23.5,16.5,12431,0.008440853779734988,0.009446466075315347,0.007287080755756273,0.00838702273158013
24.5,16.5,12432,0.008049435351946785,0.00929713401990624,0.006782474836676386,0.008439335862391503
25.5,16.5,12433,0.00756030735800429,0.008708436720332172,0.006541734306839893,0.00823329365246971
26.5,16.5,12434,0.009534433536383446,0.007771342155285737,0.008003141997780365,0.008079401643553983
27.5,16.5,12435,0.006609889565230313,0.00761071634183314,0.0063971679121754095,0.00824654171572302
28.5,16.5,12436,0.004485143526927851,0.010202091981294311,0.007847373733258342,0.008007573638976067
29.5,16.5,12437,0.004400936832842935,0.007218929956018459,0.0077862621413473665,0.007808706037778099
30.5,16.5,12438,0.0026989488342398327,NA,NA,0.005038166636626888
31.5,16.5,12439,0.004102095792753265,NA,NA,0.004095711884519137
32.5,16.5,12440,0.003631210854579861,NA,NA,0.0070761955817483565
33.5,16.5,12441,0.002487437917252536,NA,NA,0.004352809287585763
34.5,16.5,12442,0.003573004175218987,NA,NA,0.004270156221293193
35.5,16.5,12443,0.005068731971605839,NA,NA,0.004349992167538668
36.5,16.5,12444,0.005550482013262675,NA,NA,0.00426303924366346
37.5,16.5,12445,0.003944937079858645,NA,NA,0.00426303924366346
38.5,16.5,12446,0.005520826572292005,NA,NA,0.004671363248325469
39.5,16.5,12447,0.005506684926933353,NA,NA,0.004723344474838944
40.5,16.5,12448,0.0034386404115863997,NA,NA,NA
41.5,16.5,12449,0.003939401694847911,NA,NA,NA
42.5,16.5,12450,0.0057970938453751845,NA,NA,NA
43.5,16.5,12451,0.005118449436519248,NA,NA,NA
44.5,16.5,12452,0.005973374095800214,NA,NA,NA
45.5,16.5,12453,0.006161626637240743,NA,NA,NA
46.5,16.5,12454,0.005391362843179632,NA,NA,NA
47.5,16.5,12455,0.00612134021093754,NA,NA,NA
48.5,16.5,12456,0.006273651694681684,NA,NA,NA
49.5,16.5,12457,0.006216164339922388,NA,NA,NA
50.5,16.5,12458,0.006249495589437465,NA,NA,0.007875767436805771
51.5,16.5,12459,0.00601294570299283,NA,NA,0.008026876757172627
52.5,16.5,12460,0.006147659014835279,NA,NA,0.008115428223334987
53.5,16.5,12461,0.006138725806642485,NA,NA,0.007936247245246
54.5,16.5,12462,0.006190173251697082,NA,NA,0.007874562827034722
55.5,16.5,12463,0.007585736729089716,NA,NA,0.007262208694907183
56.5,16.5,12464,0.013084001028699698,NA,NA,0.007270584142838686
57.5,16.5,12465,0.008419010800854592,NA,NA,0.007991223302034401
58.5,16.5,12466,0.009146974272945606,NA,NA,0.008667019141079134
59.5,16.5,12467,0.016648376189751554,NA,NA,0.015319200159048248
60.5,16.5,12468,0.016694410172450973,NA,NA,NA
61.5,16.5,12469,0.016872519142271218,NA,NA,NA
62.5,16.5,12470,0.016561027964562755,NA,NA,NA
63.5,16.5,12471,0.0203802398690087,NA,NA,NA
64.5,16.5,12472,0.01763190055517071,NA,NA,NA
65.5,16.5,12473,0.015574174554139201,NA,NA,NA
66.5,16.5,12474,0.014589835904552203,NA,NA,NA
67.5,16.5,12475,0.01454490155551375,NA,NA,NA
68.5,16.5,12476,0.014787690132368787,NA,NA,NA
69.5,16.5,12477,0.01590225457244834,NA,NA,NA
70.5,16.5,12478,0.02203038681703268,0.014671970882952646,NA,NA
71.5,16.5,12479,0.023357899405461385,0.02093737217850121,NA,NA
72.5,16.5,12480,0.040385220458443616,0.02005328749242281,NA,NA
73.5,16.5,12481,0.12712014531826674,0.034463639396080735,NA,NA
74.5,16.5,12482,0.08152982019462404,0.04477876669802616,NA,NA
75.5,16.5,12483,0.04484507122802306,0.034602171778767975,NA,NA
76.5,16.5,12484,0.02171052482671318,0.03931882371140744,NA,NA
77.5,16.5,12485,0.06057439657386859,0.06358044090532383,NA,NA
78.5,16.5,12486,0.0542309283894604,0.03263986160847093,NA,NA
79.5,16.5,12487,0.042564052699805746,0.043331755175355625,NA,NA
80.5,16.5,12488,0.11572999497933373,0.03288347677657129,NA,NA
-124.5,17.5,12489,0.005174338424840482,NA,NA,0.005871002676048185
-123.5,17.5,12490,0.00659034139080565,NA,NA,0.010568244345534673
-122.5,17.5,12491,0.007657914682520511,NA,NA,0.011689065540789684
-121.5,17.5,12492,0.004473970096338082,NA,NA,0.005625638394485225
-120.5,17.5,12493,0.0028644414760773756,NA,NA,0.004890439597946235
-96.5,17.5,12507,0.004180549860267636,NA,NA,NA
-95.5,17.5,12508,0.053179094756474046,NA,NA,NA
-94.5,17.5,12509,0.05884053241300148,NA,NA,NA
-93.5,17.5,12510,0.07262447927106529,NA,NA,NA
-92.5,17.5,12511,0.11826932461280966,NA,NA,NA
-91.5,17.5,12512,0.24985366359489566,NA,NA,NA
-90.5,17.5,12513,0.04522766925970264,NA,NA,NA
-89.5,17.5,12514,0.03820523486796363,NA,NA,NA
-88.5,17.5,12515,0.05940895619095784,NA,NA,NA
-87.5,17.5,12516,0.040115242590006435,NA,NA,NA
-86.5,17.5,12517,0.05168951680729343,NA,NA,NA
-85.5,17.5,12518,0.008490676362237628,NA,NA,NA
-69.5,17.5,12522,0.04549599867934137,0.07260837786144787,0.18088634874885934,0.08275634855631164
-68.5,17.5,12523,0.0694366472010435,0.0860350179863848,0.20894163611379807,0.0596334025291752
-67.5,17.5,12524,0.06916944487777998,0.20527804429536628,0.07356799190068462,0.04860646832373278
-66.5,17.5,12525,0.09385954310621197,0.33088539405160294,0.10821205530470171,0.0443473635295393
-65.5,17.5,12526,0.06453002615357586,0.23923678152911515,0.06438878343582902,0.041555182217444045
-64.5,17.5,12527,0.055698116589801346,0.16922178306971078,0.07729559340733622,0.04429393409751201
-63.5,17.5,12528,0.06486227664984892,0.1344557130170605,0.0691837076212826,0.04941923841290146
-62.5,17.5,12529,0.09177094015942412,0.13971325860453299,0.053640915839776745,0.06005026044781956
-61.5,17.5,12530,0.08364701409438462,0.14580895866128504,0.060356422322263556,0.05421801721005966
-60.5,17.5,12531,0.09018223935661643,0.1813755013182113,0.09983746614397047,0.11646416645475785
-57.5,17.5,12532,0.016143546914192352,0.027658013208501177,0.02828918140836874,0.022836548020071748
-56.5,17.5,12533,0.01617548940143147,0.03288065863327681,0.04192273663145946,0.017910166570385556
-55.5,17.5,12534,0.014009920080620575,0.035872941296320585,0.02827039421623639,0.015058750491579712
-54.5,17.5,12535,0.014214921540670467,0.04811181885383682,0.04344956515850599,0.015556397120669831
-53.5,17.5,12536,0.013706454951400259,0.05327601926790124,0.06983793337095448,0.015097678579631003
-52.5,17.5,12537,0.011824689133437786,0.046787992735095776,0.04578090201276601,0.016294949532487446
-51.5,17.5,12538,0.010815665378687445,0.040829274084007224,0.031142916626182716,0.014451436936233478
-50.5,17.5,12539,0.007737033948538951,0.022557050303979122,0.018305705831666477,0.008543092229542587
-49.5,17.5,12540,0.006255204324033182,0.020587491795648075,0.016422904192687045,0.00896530875373734
-48.5,17.5,12541,0.006278881997576004,0.020358143554296625,0.017799643095849943,0.00919162832494651
-47.5,17.5,12542,0.006134437536846692,0.015462578155566923,0.020818724282803826,0.01000097115890537
-46.5,17.5,12543,0.006082326570984716,0.019939602675489963,0.0200902966712996,0.010025288825883062
-45.5,17.5,12544,0.0048239837085110645,0.011488764484517067,0.016373169995374325,0.008197021980662616
-44.5,17.5,12545,0.00433815786682437,0.008633589029857227,0.007559526806777347,0.0065329391717568715
-43.5,17.5,12546,0.004425961349863391,0.007783152338760626,0.009013647470336993,0.006615317339298402
-42.5,17.5,12547,0.004142495079742317,0.007975580922273582,0.005768476142381254,0.005521151200202941
-41.5,17.5,12548,0.003907744432420324,0.008944417714912774,0.00920741221774453,0.005438181637777153
-40.5,17.5,12549,0.005910977886024794,0.0234036301655771,0.00967757667092124,0.00868817005569934
-39.5,17.5,12550,0.00557561934837782,0.014308387473752742,0.013536345175075484,0.00741097350229561
-38.5,17.5,12551,0.006304587681778794,0.015653864059534173,0.010287542914929141,0.007852037277036027
-37.5,17.5,12552,0.006726247142126246,0.011265870945660193,0.009771880866197635,0.007079240686132833
-36.5,17.5,12553,0.005692680893988425,0.010207598753017678,0.013153917199545779,0.006789932855815952
-35.5,17.5,12554,0.006940546273010662,0.0108321783553706,0.014905862768097366,0.008308620417161065
-34.5,17.5,12555,0.007127784226111422,0.00834640684513872,0.009795729162032562,0.009295944137272224
-33.5,17.5,12556,0.010299229412414892,0.011259155414257344,0.01348123570681912,0.010367083827196161
-32.5,17.5,12557,0.008669358262502803,0.008059813651117126,0.010268378035802366,0.0076128282803057485
-31.5,17.5,12558,0.0083385766583408,0.007780640560952436,0.009913249149935823,0.00638649088077977
-30.5,17.5,12559,0.007943189687874249,0.008246518979541926,0.009393951256242707,0.008409765300518759
-29.5,17.5,12560,0.006352209174166824,0.0077842944417452365,0.00864453494923204,0.007566818002227413
-28.5,17.5,12561,0.006633060054426468,0.007444532010490242,0.009590958726720522,0.008348291708467605
-27.5,17.5,12562,0.003699775993935472,0.004078353800951374,0.008338105865610184,0.005192303473184599
-26.5,17.5,12563,0.0038316616402741164,0.0034363987882376997,0.007510993067492173,0.00453944574400001
-25.5,17.5,12564,0.0032883496222298595,0.005168608197214675,0.007510993067492173,0.0035485710216522468
-24.5,17.5,12565,0.0032872284551259704,0.0036048602916814096,0.004974921413147115,0.003527900200536966
-23.5,17.5,12566,0.0038303559421145245,0.0032827167059464955,0.007124302914453078,0.004546639427011885
-22.5,17.5,12567,0.0038303559421145245,0.003639924890885584,0.0069017967424137745,0.004510944984866878
-21.5,17.5,12568,0.0032872284551259704,0.003538194496221516,0.006671193286965349,0.00485093816729375
-20.5,17.5,12569,0.0038303559421145245,0.003067623581765514,0.0046542892201563366,0.004562078510396819
-19.5,17.5,12570,0.0036794883471272855,0.0034114748657188085,0.005937114988424766,0.0045253572495285105
-18.5,17.5,12571,0.006727615690063402,0.005754930308650017,0.014532206808940644,0.009289707326232558
-17.5,17.5,12572,0.006757591240973003,0.00652795989848522,0.01320314103327843,0.011355972015095162
-16.5,17.5,12573,0.005804372698151242,0.006462969074784729,0.013191043653723913,0.009158790686028834
-15.5,17.5,12574,0.006092999272177316,0.006665656562515265,0.01626154095243933,0.008474223325364537
-14.5,17.5,12575,0.006146457576048578,0.007248263396043962,0.008175794327831838,0.007550849234572596
-13.5,17.5,12576,0.006154080419520242,0.007374309445109179,0.007553801179864689,0.008934104059281318
-12.5,17.5,12577,0.006146457576048578,0.007112575296333412,0.006198629803956726,0.00978266328873741
-11.5,17.5,12578,0.006140283534382583,0.007107515333161927,0.008843462599287396,0.008681085459412
-10.5,17.5,12579,0.005827877675861709,0.006301303102016335,0.008444655937769465,0.008159733786799822
-9.5,17.5,12580,0.005747912331991653,0.006301303102016335,0.00839673231799521,0.008159733786799822
-8.5,17.5,12581,0.0057454266111857805,0.0067423054281115415,0.005856623878240941,0.00839004774086833
-7.5,17.5,12582,0.0060217373578261854,0.006961442484460196,0.006170604573283265,0.00711079553288761
-6.5,17.5,12583,0.005713575471414626,0.006625361490008801,0.006260218569928631,0.008046846292373202
-5.5,17.5,12584,0.003568020726762888,0.004011512942135244,0.0035021387723195426,0.00468463186008521
-4.5,17.5,12585,0.003151835963731489,0.003650947197284958,0.0031118850331826892,0.004212998306442634
-3.5,17.5,12586,0.003150113634254216,0.003648953125458819,0.004466420892530751,0.004210698551268384
-2.5,17.5,12587,0.003215462247675686,0.00407202048752048,0.005077231994844526,0.003500129971278095
-1.5,17.5,12588,0.0031045519469682236,0.003648969143249035,0.006763904340356167,0.004310845024829473
-0.5,17.5,12589,0.0035681817916526897,0.0040432936098150464,0.004703676205304249,0.004118912056917385
0.5,17.5,12590,0.0035681817916526897,0.0040432936098150464,0.004494749648039776,0.0034996957961263312
1.5,17.5,12591,0.003147436619374363,0.004132877234966117,0.002912159981156794,0.004562965661609461
2.5,17.5,12592,0.003429572230353798,0.0034923928836666177,0.00415537555749298,0.0038628518392229846
3.5,17.5,12593,0.003933009552744211,0.004005014780644506,0.003583636831532195,0.003924490831241449
4.5,17.5,12594,0.005613397558392955,0.006594957939766736,0.007163202773133507,0.005294350392784578
5.5,17.5,12595,0.006592218947175289,0.007847890487800446,0.008604812159170267,0.00804734842973432
6.5,17.5,12596,0.006569749261628379,0.007821174521956976,0.0063734014797197334,0.006086670695468634
7.5,17.5,12597,0.00690841997259254,0.008421309460476074,0.006745672134924735,0.006400599142665723
8.5,17.5,12598,0.007033153072320826,0.008331119068048209,0.007194883930769443,0.007629914939614747
9.5,17.5,12599,0.007577099611107315,0.007712242277031319,0.00737242872276168,0.006424373632338803
10.5,17.5,12600,0.008661040913417779,0.008309192082040012,0.00844697632532052,0.0073696025055079465
11.5,17.5,12601,0.007609800448053297,0.008187256833831211,0.008261776542842337,0.00846490005024823
12.5,17.5,12602,0.007053870277523079,0.006280231681035725,0.005421760175448745,0.007140594355171453
13.5,17.5,12603,0.005896993096196004,0.006763588988418399,0.004235851423399684,0.006656143582906957
14.5,17.5,12604,0.005859677337444497,0.006269675039248112,0.004032644975400157,0.005462761630320183
15.5,17.5,12605,0.0051025869164152676,0.005462984103937305,0.004541515786741335,0.007540776928382847
16.5,17.5,12606,0.004613423298416194,0.007664555143203185,0.005688750548940484,0.004992464959730579
17.5,17.5,12607,0.006022001236127418,0.012547041438978382,0.006478760713186311,0.00614115115546042
18.5,17.5,12608,0.0055285565650965195,0.016957826161775214,0.007126345734110028,0.006247456007401401
19.5,17.5,12609,0.006815127268162748,0.019065375359363368,0.006496715045037123,0.007559724160232775
20.5,17.5,12610,0.009774455411198577,0.016095476836423067,0.006178652628367292,0.011182949940337583
21.5,17.5,12611,0.012818912946922301,0.01620677932940629,0.0066743535202081344,0.011037170554321912
22.5,17.5,12612,0.012471153531838574,0.015876370855465866,0.008982967204717677,0.011385516207226536
23.5,17.5,12613,0.012845752334189777,0.018755838489219606,0.020023203160067147,0.02260224545366735
24.5,17.5,12614,0.012590366479019514,0.014645412895008396,0.02057770018837919,0.01565781629126295
25.5,17.5,12615,0.00829408086632565,0.010634738876313733,0.011656638880746363,0.010100536180977995
26.5,17.5,12616,0.0074272179636897286,0.008747484828152052,0.014451883390028163,0.009152533387588944
27.5,17.5,12617,0.007985260580137979,0.008225395601064731,0.009982196189255658,0.008445951857539935
28.5,17.5,12618,0.010796223781667686,0.007912530017275859,0.009636807995450745,0.008192972643070224
29.5,17.5,12619,0.010679120778117678,0.007766485650085862,0.008504937282685521,0.007867435911024885
30.5,17.5,12620,0.007474464493308693,NA,NA,0.0074739489379283056
31.5,17.5,12621,0.004355456378178022,NA,NA,0.0046332980985420305
32.5,17.5,12622,0.003978103717706735,NA,NA,0.0045054692329190935
33.5,17.5,12623,0.004161201873402658,NA,NA,0.004580365130127125
34.5,17.5,12624,0.006625539133157179,NA,NA,0.004553877626098911
35.5,17.5,12625,0.002959021088682892,NA,NA,0.004527062812694341
36.5,17.5,12626,0.0033501745233831463,NA,NA,0.004941035196508412
37.5,17.5,12627,0.0029714895109765093,NA,NA,0.00496635717986033
38.5,17.5,12628,0.005234063135620152,NA,NA,0.004830338701173936
39.5,17.5,12629,0.00270058080774408,NA,NA,0.004782874471268556
40.5,17.5,12630,0.0030098518569302225,NA,NA,NA
41.5,17.5,12631,0.0027930803613113024,NA,NA,NA
42.5,17.5,12632,0.003215233128722732,NA,NA,NA
43.5,17.5,12633,0.003204546826806685,NA,NA,NA
44.5,17.5,12634,0.003204546826806685,NA,NA,NA
45.5,17.5,12635,0.0031099740612860988,NA,NA,NA
46.5,17.5,12636,0.003181435070491907,NA,NA,NA
47.5,17.5,12637,0.0031252044282863403,NA,NA,NA
48.5,17.5,12638,0.003143727412184875,NA,NA,NA
49.5,17.5,12639,0.0030817321431744916,NA,NA,NA
50.5,17.5,12640,0.003732595955038365,NA,NA,0.006153286491401549
51.5,17.5,12641,0.00369551582227069,NA,NA,0.006063250109313939
52.5,17.5,12642,0.005585273408945091,NA,NA,0.006045568657522515
53.5,17.5,12643,0.006024600516824206,NA,NA,0.007178117808659924
54.5,17.5,12644,0.006413241630212035,NA,NA,0.005729908694522675
55.5,17.5,12645,0.006296975980828861,NA,NA,0.00695619547364115
56.5,17.5,12646,0.0066610944144478105,NA,NA,0.006268337144422147
57.5,17.5,12647,0.007575595218755418,NA,NA,0.006275001031438222
58.5,17.5,12648,0.007479064138584942,NA,NA,0.007260399227036753
59.5,17.5,12649,0.012463101280664099,NA,NA,0.011977327047985582
60.5,17.5,12650,0.01257011887297882,NA,NA,NA
61.5,17.5,12651,0.01324827225416255,NA,NA,NA
62.5,17.5,12652,0.015271229890843408,NA,NA,NA
63.5,17.5,12653,0.010833886317937868,NA,NA,NA
64.5,17.5,12654,0.010718838040805225,NA,NA,NA
65.5,17.5,12655,0.011701274724588857,NA,NA,NA
66.5,17.5,12656,0.008592895491111488,NA,NA,NA
67.5,17.5,12657,0.00826724611025383,NA,NA,NA
68.5,17.5,12658,0.008960978696516504,NA,NA,NA
69.5,17.5,12659,0.011100965324529151,NA,NA,NA
70.5,17.5,12660,0.012161349703612738,0.016783789200495915,NA,NA
71.5,17.5,12661,0.014913775748928437,0.017461921349072564,NA,NA
72.5,17.5,12662,0.018695432551303872,0.02232402550960189,NA,NA
73.5,17.5,12663,0.05852713660438092,0.02646864848401374,NA,NA
74.5,17.5,12664,0.0506213076216033,0.02262123774330932,NA,NA
75.5,17.5,12665,0.046094333884124664,0.025624125415016737,NA,NA
76.5,17.5,12666,0.033783481385740916,0.03040412697531894,NA,NA
77.5,17.5,12667,0.014742093744660501,0.036640053241425684,NA,NA
78.5,17.5,12668,0.008919763462332935,0.024009011541301632,NA,NA
-122.5,18.5,12669,0.0018431690155869414,NA,NA,0.003140897328305211
-121.5,18.5,12670,0.005757205582164105,NA,NA,0.010992352672972461
-120.5,18.5,12671,0.004860504589432538,NA,NA,0.007720647220843421
-95.5,18.5,12685,0.004204638872194016,NA,NA,NA
-94.5,18.5,12686,0.0460343373206494,NA,NA,NA
-93.5,18.5,12687,0.05226945511134589,NA,NA,NA
-92.5,18.5,12688,0.03901286007901615,NA,NA,NA
-91.5,18.5,12689,0.04366651305256583,NA,NA,NA
-90.5,18.5,12690,0.05288318207463099,NA,NA,NA
-89.5,18.5,12691,0.020603897747176254,NA,NA,NA
-88.5,18.5,12692,0.0562629958157886,NA,NA,NA
-87.5,18.5,12693,0.07284287548815695,NA,NA,NA
-86.5,18.5,12694,0.009468804921156716,NA,NA,NA
-69.5,18.5,12698,0.003464626270595685,0.008862264621187749,0.008485427026404658,0.001644299807012701
-68.5,18.5,12699,0.056342144888050325,0.22477335384837738,0.10935095266906401,0.05476464060539248
-67.5,18.5,12700,0.031626435077670455,0.12313422913995788,0.09696671778085493,0.05438482131536693
-66.5,18.5,12701,0.04070358475507382,0.1567142201036714,0.08558528232431667,0.04517422596320985
-65.5,18.5,12702,0.04079591919895175,0.1568183976863084,0.05577580159500358,0.04215142313779822
-64.5,18.5,12703,0.047077686741781005,0.1423072087684791,0.09044733131538808,0.04736020543430879
-63.5,18.5,12704,0.04424158721423375,0.12148090946801514,0.06435905633021864,0.05552194118066554
-62.5,18.5,12705,0.06590667885346481,0.15735090668313328,0.08621068003208365,0.0822633772469046
-61.5,18.5,12706,0.09538596291676295,0.17079022399261823,0.05910695917964488,0.09403951127936261
-60.5,18.5,12707,0.12597304098345785,0.21342384894028607,0.1488984146127554,0.20281464532144103
-59.5,18.5,12708,0.05014063849767136,0.08159995823142599,0.13926638765141225,0.044662683654888895
-58.5,18.5,12709,0.01448880626138979,0.007300271267468873,0.03195720458286644,0.009666498557039419
-57.5,18.5,12710,0.014996031232001448,0.03108399054978907,0.027406442311218665,0.02420993154999936
-56.5,18.5,12711,0.017186955601972094,0.041853293800919435,0.03499041161317621,0.017013225738504847
-55.5,18.5,12712,0.01450977991298521,0.03774981429344702,0.03204503625034238,0.016528536270662402
-54.5,18.5,12713,0.014992235909958303,0.038851166470167134,0.042587671648606426,0.016795907037329826
-53.5,18.5,12714,0.014492915806489398,0.048117827746183714,0.02777912914311445,0.015589976140837873
-52.5,18.5,12715,0.014301804404687228,0.04826123521359865,0.026355076016653867,0.015215863854759204
-51.5,18.5,12716,0.011222754028402336,0.0388526872927644,0.022567766647770476,0.013725698378917505
-50.5,18.5,12717,0.008192611528697161,0.02356124536746819,0.014217248222474277,0.009320300748211243
-49.5,18.5,12718,0.006627453289911787,0.02405113994532888,0.013345616226986295,0.008101116827965814
-48.5,18.5,12719,0.006627453289911787,0.02379031766086349,0.012359974798991907,0.009617578339763401
-47.5,18.5,12720,0.007489804134857875,0.020649059764648953,0.01319349287809611,0.010213593097274487
-46.5,18.5,12721,0.007464649245053714,0.01838765200102421,0.018247940669887157,0.010213593097274487
-45.5,18.5,12722,0.004995518008895372,0.014296629337029068,0.009267474405937714,0.007502628522220638
-44.5,18.5,12723,0.004360286999579055,0.010621027166616661,0.012036634638108574,0.005618290730503996
-43.5,18.5,12724,0.004518984438531118,0.009279275689219803,0.013576965713239499,0.006112080381922325
-42.5,18.5,12725,0.003631465939108409,0.008687685244456091,0.009866979825222718,0.0052605453696521545
-41.5,18.5,12726,0.003920774327973716,0.009246160141361844,0.009881401883563635,0.006470694447250044
-40.5,18.5,12727,0.00624011995809472,0.016650904300138953,0.014404689245611058,0.010559451558105087
-39.5,18.5,12728,0.005887696446027462,0.015054458109979725,0.019135370760910982,0.008192059740813384
-38.5,18.5,12729,0.005513808935897724,0.013715255754972762,0.009801105649066975,0.007399643325754801
-37.5,18.5,12730,0.00643265712833052,0.015398767726798346,0.01378173425551219,0.00857803468071368
-36.5,18.5,12731,0.005580206342424929,0.015190935406995214,0.011721562022373873,0.007241648378366072
-35.5,18.5,12732,0.007141164330164589,0.016817359966804793,0.012148115497109027,0.0097253975769553
-34.5,18.5,12733,0.007617722249018513,0.018885605347309178,0.016941797657796395,0.007276852629243276
-33.5,18.5,12734,0.006282329916147182,0.014867098906782594,0.016559743895608287,0.011499181283807294
-32.5,18.5,12735,0.005545431472172776,0.013664876140556032,0.010998884637000909,0.007988002526555996
-31.5,18.5,12736,0.00580292617318581,0.012061101712626759,0.016077055815602037,0.006027114586719762
-30.5,18.5,12737,0.00580552416396207,0.007066201988691719,0.011624251566873758,0.00701331889235363
-29.5,18.5,12738,0.0067589305197853335,0.007087299701690794,0.01564715819515114,0.006875267524382112
-28.5,18.5,12739,0.0059273044847748795,0.007332357150878405,0.013626363043071358,0.005642490096031519
-27.5,18.5,12740,0.004016775729476899,0.004724592207190178,0.009607583905689759,0.004496226662817798
-26.5,18.5,12741,0.00453097639731314,0.004250834024436759,0.009056165634954299,0.0044973311415777845
-25.5,18.5,12742,0.00463773134058163,0.003955136620097515,0.00918101472197965,0.00369424381998644
-24.5,18.5,12743,0.003710997030987537,0.004397819018597877,0.00889116001096467,0.0039159501746608505
-23.5,18.5,12744,0.0032044918673800747,0.005245095348275575,0.0057788743985138025,0.0037727222916899878
-22.5,18.5,12745,0.003240473492846746,0.005359366853559555,0.00578403852823587,0.005903951419881912
-21.5,18.5,12746,0.0032444559116207687,0.004021553682545881,0.007771006169974321,0.004372101787018822
-20.5,18.5,12747,0.0040544801483161285,0.004318019975113166,0.007164515641653216,0.004743583645452754
-19.5,18.5,12748,0.005326540693302532,0.006139466338280559,0.011050297263317596,0.008599075785879422
-18.5,18.5,12749,0.005876040362052918,0.006089677774217946,0.012826912912596068,0.008016254044261914
-17.5,18.5,12750,0.0058570311086364995,0.006075474399510031,0.012433930620126672,0.0077775792624104395
-16.5,18.5,12751,0.00601448133100995,0.007011215620940861,0.011231109823122365,0.01057611598391105
-15.5,18.5,12752,0.006293375357794128,0.007097880475632454,0.012511099636405733,0.009177938324796788
-14.5,18.5,12753,0.0064208657304678785,0.007440221602005973,0.008742811302344953,0.011880809126153278
-13.5,18.5,12754,0.007189518782534168,0.010326486135668797,0.009318805726688998,0.012108025271681344
-12.5,18.5,12755,0.006564092000189955,0.0072636296040238515,0.011157498994281605,0.010630823324476409
-11.5,18.5,12756,0.005272374313392771,0.006505082599990527,0.009482392477616206,0.008523685748097134
-10.5,18.5,12757,0.005205641784697102,0.007325824504954749,0.006897906411793161,0.008379756035897495
-9.5,18.5,12758,0.004625163574204647,0.006919700009379709,0.00581240700819891,0.008970350394698992
-8.5,18.5,12759,0.006718054708870099,0.010264313545514063,0.008766357549835154,0.013833699058898351
-7.5,18.5,12760,0.004512794280777831,0.006825432843677447,0.004907514144673786,0.008800846034450902
-6.5,18.5,12761,0.002989853760977891,0.00407156642961138,0.0030398634560233955,0.005458686370894736
-5.5,18.5,12762,0.002691330495283695,0.0037692906516258477,0.00274328076739878,0.0049095079129354855
-4.5,18.5,12763,0.00392680174566943,0.00536294403344296,0.0057190318819877834,0.007155940357512481
-3.5,18.5,12764,0.003345788697593301,0.004291763846927767,0.004172802715443245,0.005220303309675152
-2.5,18.5,12765,0.0035806555878425805,0.003642986611400697,0.004049721284893783,0.004322081499352481
-1.5,18.5,12766,0.0031934060344765143,0.004074259458089108,0.0032933264477046594,0.0044610430263352365
-0.5,18.5,12767,0.003146857751899223,0.004063466134392253,0.0046731798661402675,0.005650917402854641
0.5,18.5,12768,0.0034991592358238678,0.0034620890429692733,0.004084906392185082,0.004106736744994669
1.5,18.5,12769,0.003297407200781505,0.0038015432122164706,0.0029134192693722775,0.004483600834619105
2.5,18.5,12770,0.003264196609266438,0.004176593221734726,0.004131134953479009,0.005655377968878015
3.5,18.5,12771,0.0032728739007685742,0.004187685768590693,0.0029376952762654057,0.005708351191069013
4.5,18.5,12772,0.005002565497814702,0.005710410339815566,0.006551668850515891,0.007421208962226999
5.5,18.5,12773,0.00796504701301223,0.01242039363560389,0.014161084143386904,0.014513437594674007
6.5,18.5,12774,0.00678107613880336,0.008218079517342498,0.00875587078290639,0.008523339807738782
7.5,18.5,12775,0.005908857095096682,0.008443377838579498,0.008903412669463623,0.007868421992306134
8.5,18.5,12776,0.007543150916082464,0.008038859012296527,0.009505319423764808,0.006157134034056829
9.5,18.5,12777,0.0076013136682346865,0.008027776607836568,0.007226350150580051,0.007927839356388045
10.5,18.5,12778,0.007651012786234713,0.00808024133474986,0.006833380554078709,0.00799485338850475
11.5,18.5,12779,0.006257061080970728,0.008957332462262126,0.007356613634807393,0.009529332989436095
12.5,18.5,12780,0.0062255767065342756,0.007822159114300365,0.007131925023369001,0.009515541229472605
13.5,18.5,12781,0.005904011358878839,0.007405475558398713,0.006709797243028151,0.005610512800898219
14.5,18.5,12782,0.007021496271535461,0.006587881690337748,0.004794138968128477,0.009467749524232386
15.5,18.5,12783,0.00727221125008079,0.006615950544819891,0.0053614563983477494,0.009699359865087905
16.5,18.5,12784,0.007500297737704024,0.007236954742411206,0.005076107505868721,0.009670707943955744
17.5,18.5,12785,0.0065164570638623935,0.006580141285431428,0.0069430963611141,0.006821190296711741
18.5,18.5,12786,0.005076705517064709,0.006867129707489133,0.0073390400648322765,0.008021046936748353
19.5,18.5,12787,0.00652504359275229,0.006981467721066153,0.007667006560385696,0.00833484311258167
20.5,18.5,12788,0.009888555259893942,0.009549017149300574,0.005297102959436643,0.013878760806395178
21.5,18.5,12789,0.01070164303344558,0.010099322448036236,0.007855796835185004,0.01915850679889727
22.5,18.5,12790,0.009959590406267912,0.01100364211842188,0.0057075387251817634,0.020577154391044426
23.5,18.5,12791,0.014179713839896621,0.013271998230320914,0.012176363546229679,0.018518587435035882
24.5,18.5,12792,0.028182747291277215,0.024181394091643455,0.035660421262451815,0.015275643115116373
25.5,18.5,12793,0.017545323732952582,0.021896205589198702,0.02410318164904704,0.01940119394114187
26.5,18.5,12794,0.008829715229300823,0.012085894489520587,0.012890430175449984,0.010734890657647895
27.5,18.5,12795,0.00916405290633272,0.012912109739356355,0.010101874668574684,0.015464468019701128
28.5,18.5,12796,0.007384517221180129,0.011168481508501615,0.013821770507338457,0.014161676185867476
29.5,18.5,12797,0.008424752766664894,0.00941138433784492,0.015647698508490626,0.00966967157646297
30.5,18.5,12798,0.007353374913788063,NA,NA,0.009642817995328748
31.5,18.5,12799,0.005178050504297551,NA,NA,0.006792842874658407
32.5,18.5,12800,0.0033148607513980017,NA,NA,0.007867618997009116
33.5,18.5,12801,0.003959957446298725,NA,NA,0.004764500900984938
34.5,18.5,12802,0.003804041520813086,NA,NA,0.00470936109071194
35.5,18.5,12803,0.0037466212772661153,NA,NA,0.0046745976145324015
36.5,18.5,12804,0.003674211591145004,NA,NA,0.0046745976145324015
37.5,18.5,12805,0.0035626301987619464,NA,NA,0.005047461627952321
38.5,18.5,12806,0.0035644534747362,NA,NA,0.005036512722265606
39.5,18.5,12807,0.0032719825709081078,NA,NA,0.004760233891630508
40.5,18.5,12808,0.0032619438247753697,NA,NA,NA
41.5,18.5,12809,0.003547604191272205,NA,NA,NA
42.5,18.5,12810,0.0031975133728555515,NA,NA,NA
43.5,18.5,12811,0.0031876914985715294,NA,NA,NA
44.5,18.5,12812,0.0036005850491824224,NA,NA,NA
45.5,18.5,12813,0.0036835334080764152,NA,NA,NA
46.5,18.5,12814,0.003204138656506765,NA,NA,NA
47.5,18.5,12815,0.003244454661532127,NA,NA,NA
48.5,18.5,12816,0.003176463170635939,NA,NA,NA
49.5,18.5,12817,0.003184988272662576,NA,NA,NA
50.5,18.5,12818,0.0031234395706033853,NA,NA,0.005556078829982295
51.5,18.5,12819,0.0030444618873984217,NA,NA,0.006737035154736935
52.5,18.5,12820,0.0030444618873984217,NA,NA,0.0055119716847196595
53.5,18.5,12821,0.0030915429000344884,NA,NA,0.00586780745809487
54.5,18.5,12822,0.0031052203098372484,NA,NA,0.006553388021534623
55.5,18.5,12823,0.0031003292637263383,NA,NA,0.0062595241974962275
56.5,18.5,12824,0.0031487350016438202,NA,NA,0.00617798347539895
57.5,18.5,12825,0.002971184018841483,NA,NA,0.0054130938979724055
58.5,18.5,12826,0.003222358122615165,NA,NA,0.0070670985777426115
59.5,18.5,12827,0.005585569845180513,NA,NA,0.010439978397800968
60.5,18.5,12828,0.0062135745892148595,NA,NA,NA
61.5,18.5,12829,0.009673276288099612,NA,NA,NA
62.5,18.5,12830,0.00580278923909633,NA,NA,NA
63.5,18.5,12831,0.005770762670812768,NA,NA,NA
64.5,18.5,12832,0.005306658592065863,NA,NA,NA
65.5,18.5,12833,0.004742935535875297,NA,NA,NA
66.5,18.5,12834,0.010487750278451594,NA,NA,NA
67.5,18.5,12835,0.0053166390014352674,NA,NA,NA
68.5,18.5,12836,0.010912250697442064,NA,NA,NA
69.5,18.5,12837,0.010443720513167068,NA,NA,NA
70.5,18.5,12838,0.008244926175811206,0.008553816747360067,NA,NA
71.5,18.5,12839,0.009078183522234724,0.009772614237171285,NA,NA
72.5,18.5,12840,0.011708172380754195,0.016291610637221572,NA,NA
73.5,18.5,12841,0.024133856509760958,0.017664173903143846,NA,NA
74.5,18.5,12842,0.06761006678465423,0.02218163072278804,NA,NA
75.5,18.5,12843,0.04584540375043675,0.03002162328123327,NA,NA
-121.5,19.5,12844,0.003358614037754128,NA,NA,0.007477293875711568
-120.5,19.5,12845,0.005739965377359031,NA,NA,0.009496703498615719
-94.5,19.5,12859,0.007240898007716603,NA,NA,NA
-93.5,19.5,12860,0.034986555418259825,NA,NA,NA
-92.5,19.5,12861,0.03702969705441176,NA,NA,NA
-91.5,19.5,12862,0.02796710530947977,NA,NA,NA
-90.5,19.5,12863,0.02613034914285285,NA,NA,NA
-89.5,19.5,12864,0.027945378444504655,NA,NA,NA
-88.5,19.5,12865,0.020222702121128908,NA,NA,NA
-87.5,19.5,12866,0.03372281881534461,NA,NA,NA
-86.5,19.5,12867,0.002901033119055833,NA,NA,NA
-68.5,19.5,12871,0.007413676456810681,0.034442910794995646,0.08424955104248819,0.009120301441792416
-67.5,19.5,12872,0.007626444230420753,0.06333854981633819,0.08618434382566964,0.03034340837577712
-66.5,19.5,12873,0.005036922989904691,0.03745035183504963,0.0748699564065335,0.018621921368262833
-65.5,19.5,12874,0.03140597788466736,0.14943292028995409,0.19454860147508654,0.07001222157265884
-64.5,19.5,12875,0.0371448444976857,0.1043227359377395,0.06786898077378327,0.059275947657079046
-63.5,19.5,12876,0.032713640389735635,0.10558616754705645,0.09193443698453573,0.0351896595299232
-62.5,19.5,12877,0.041905657319608526,0.09558836612471341,0.060148155738346205,0.029013073405015095
-61.5,19.5,12878,0.060102516569752025,0.10569990164298605,0.06735187792194412,0.01932816462685292
-60.5,19.5,12879,0.04464003746469002,0.08879423354281929,0.0696069653383794,0.04456851056315623
-59.5,19.5,12880,0.044522319727268576,0.09231186548111721,0.10989330299097272,0.06399182046847401
-58.5,19.5,12881,0.00667934557065419,0.01226981384990754,0.03274289593959117,0.019426804116986315
-57.5,19.5,12882,0.010583731146482868,0.027733187541944253,0.050637159715948774,0.013614492141238187
-56.5,19.5,12883,0.02951470805979648,0.041829528414929,0.025063240085559813,0.017266282708028918
-55.5,19.5,12884,0.017118441263282606,0.04237731795443815,0.03446555427648254,0.01627512613643272
-54.5,19.5,12885,0.013186004980292975,0.0425414784339588,0.03533750434161734,0.0169390849187898
-53.5,19.5,12886,0.013314957312321076,0.04500229830039337,0.0665920288963007,0.016121182666093796
-52.5,19.5,12887,0.013965700546800202,0.08812059748624873,0.07971837109969336,0.017057922492034774
-51.5,19.5,12888,0.015920858384587854,0.06778285731524926,0.03483231270522907,0.019422536604178166
-50.5,19.5,12889,0.006969651170132462,0.029533676573360028,0.016630506681437212,0.009609473896949215
-49.5,19.5,12890,0.006574688978564779,0.02965491751747016,0.013731020157041602,0.010249849357426531
-48.5,19.5,12891,0.006729590935639971,0.03287062889425003,0.014412320590375541,0.010315251270625698
-47.5,19.5,12892,0.006653142709289038,0.028229928450877625,0.015092629132846952,0.009304148353093298
-46.5,19.5,12893,0.00680898478750582,0.028161265347602053,0.01424733228110204,0.008951432047530015
-45.5,19.5,12894,0.006104521303853931,0.021257710172110127,0.01004396134668521,0.006977015380608987
-44.5,19.5,12895,0.003969890961882158,0.01676154306080555,0.011066427737317894,0.005809098145253652
-43.5,19.5,12896,0.003981249433524391,0.013651432110255554,0.011025491604619138,0.005727776114661895
-42.5,19.5,12897,0.004823626373623885,0.013918997449233,0.006985790067879512,0.005800801050541625
-41.5,19.5,12898,0.005564180557063219,0.015166632793046114,0.00786525169473524,0.006313868577232773
-40.5,19.5,12899,0.009230154579330664,0.026523334700928807,0.013708775721849713,0.010740211371370805
-39.5,19.5,12900,0.006254499224535196,0.023498643188952673,0.0128641495169292,0.007881573938359221
-38.5,19.5,12901,0.005725636355148964,0.020359374546227674,0.01325083262746962,0.007873862811267684
-37.5,19.5,12902,0.0060191030136333545,0.016648000013339697,0.00881703028480147,0.007662898038891856
-36.5,19.5,12903,0.0055667049469555405,0.02006198552226057,0.017763659617129123,0.008858422663086538
-35.5,19.5,12904,0.005968241607019494,0.021953884825011035,0.014060359912670286,0.012610001344636758
-34.5,19.5,12905,0.010456955454977669,0.030570692991923252,0.025331678739452128,0.01796629595318721
-33.5,19.5,12906,0.008947285001083407,0.04677526715637502,0.01638532442044371,0.015340499018019775
-32.5,19.5,12907,0.004862747062244765,0.015588615804328404,0.011599663484423628,0.008272787297820803
-31.5,19.5,12908,0.004712234047119688,0.014608520371295883,0.011320328708820432,0.006972655247679347
-30.5,19.5,12909,0.004386606521821409,0.011245587927376061,0.01539151515281367,0.00811337082805354
-29.5,19.5,12910,0.004564583287839918,0.009988062959292289,0.009315946466976073,0.006592004648535624
-28.5,19.5,12911,0.004679812701567207,0.009892632346807326,0.01489668716981062,0.0076601300360566804
-27.5,19.5,12912,0.0050623620907435125,0.006813965972888721,0.012671365948470435,0.007123903968434363
-26.5,19.5,12913,0.0053428782820289025,0.006225983816160946,0.012477395575184307,0.006096167821710614
-25.5,19.5,12914,0.006434972053364451,0.006156275865927188,0.007780628261708283,0.007564977738203192
-24.5,19.5,12915,0.006333698527565368,0.00587325072281235,0.01061587782299979,0.006189036315612765
-23.5,19.5,12916,0.005704710438339155,0.0055288766009760435,0.009949043926730565,0.006974236821545328
-22.5,19.5,12917,0.004588107431283906,0.003374729189555838,0.005175264855354453,0.003987070489894885
-21.5,19.5,12918,0.0037636820108057764,0.003306852958598799,0.008476190808337374,0.004625300725302293
-20.5,19.5,12919,0.0039156713352028,0.0048619003469622495,0.007724386968201852,0.004100906921813857
-19.5,19.5,12920,0.005400843967012627,0.004790506714529914,0.010582099286265648,0.007791870848727527
-18.5,19.5,12921,0.004727874614340848,0.005368204598597141,0.009303886801522181,0.007445738464032378
-17.5,19.5,12922,0.0047309943866138205,0.0057745526036487,0.009180666551284307,0.009801054004583884
-16.5,19.5,12923,0.00435473730404389,0.005637802871447649,0.00602279368843025,0.010090352630260532
-15.5,19.5,12924,0.004447232038147844,0.00573178358806247,0.005978851084797216,0.010134211724104
-14.5,19.5,12925,0.0051867869368758535,0.005510921022396534,0.011537681975956589,0.011664458183449604
-13.5,19.5,12926,0.004630179987560677,0.005878903913731497,0.007777872962459172,0.007890091732361333
-12.5,19.5,12927,0.005048979656631507,0.006380039366747448,0.005722008415163349,0.012254866236186454
-11.5,19.5,12928,0.004487386321478909,0.004298929598967422,0.004549904661070634,0.009306988262520965
-10.5,19.5,12929,0.0033643336069976216,0.004269414794367022,0.006674600998215922,0.00922000038049039
-9.5,19.5,12930,0.0032573957431044757,0.004129448764362297,0.006134123640310205,0.008134431493979905
-8.5,19.5,12931,0.003848040931883483,0.004375823760646258,0.0062048989996886135,0.010010795804601768
-7.5,19.5,12932,0.0032774930230274205,0.004878653046663033,0.005884702981572381,0.011584578554042402
-6.5,19.5,12933,0.002390996189980521,0.0032029996155614167,0.0035975367225692155,0.005589301593521012
-5.5,19.5,12934,0.002237012364186124,0.002813375526491528,0.004449962034704177,0.003896581027349694
-4.5,19.5,12935,0.002165150190899748,0.002880207083678115,0.004677592479609551,0.004710767864361778
-3.5,19.5,12936,0.0023761268928672256,0.0027819010296141373,0.0036236883543806584,0.0035418604468517665
-2.5,19.5,12937,0.0021859933631748316,0.00265738078323977,0.0032928999030916303,0.0037673091844430424
-1.5,19.5,12938,0.002225297335810782,0.0031766998856908773,0.004640561132852597,0.003803590677674234
-0.5,19.5,12939,0.0026379062382994906,0.0038503926090050233,0.0032710413288638113,0.005712384696179167
0.5,19.5,12940,0.0028429252276514216,0.004070813160281032,0.004646300722706422,0.004509845762245344
1.5,19.5,12941,0.002878968045515954,0.003195365979066114,0.0043368031625951745,0.005015457025490141
2.5,19.5,12942,0.002592640301940631,0.0037167486573346574,0.0030278625110360946,0.005015457025490141
3.5,19.5,12943,0.00328156637672058,0.003716748657334657,0.0030477253146862235,0.003925694639076744
4.5,19.5,12944,0.00451947149072399,0.003877415713158019,0.004453035109327353,0.005391914776268666
5.5,19.5,12945,0.00557391853063459,0.006019012977972539,0.006669244346272669,0.010643771508312591
6.5,19.5,12946,0.0055903055713571355,0.006368804586976439,0.005415783368581209,0.00872109502946202
7.5,19.5,12947,0.004711474793380628,0.007277688376346794,0.005699096810256209,0.008081777883536938
8.5,19.5,12948,0.0056606076069938595,0.007711428206055718,0.0061935609506013,0.01080164326146673
9.5,19.5,12949,0.005521787848832569,0.007462497688991677,0.0058807979648586375,0.007532356171540468
10.5,19.5,12950,0.005915065924044986,0.007894270510985625,0.006398798997094678,0.011018200301924975
11.5,19.5,12951,0.006087061480872129,0.007894270510985624,0.0048984525028809515,0.011169363395649088
12.5,19.5,12952,0.00487723509525661,0.007844504710242289,0.0052688717070064174,0.0096462269732599
13.5,19.5,12953,0.00581513352921606,0.007830608803143789,0.005018354137510324,0.011789424794185975
14.5,19.5,12954,0.005916901273117217,0.007765614112710799,0.0050805578614979375,0.011878536937781393
15.5,19.5,12955,0.005650098510843373,0.008010138014114435,0.00704736941406503,0.011965976772344207
16.5,19.5,12956,0.005926226389837284,0.008107686575247151,0.005450986972074131,0.008270902238371751
17.5,19.5,12957,0.005892185945520276,0.010161141319363454,0.0074203749353701455,0.011683079901512412
18.5,19.5,12958,0.006831380128281275,0.011511280486469704,0.007642315624213867,0.008734929847132212
19.5,19.5,12959,0.007900724391521221,0.012576520923401424,0.007405401773185763,0.012427472631437165
20.5,19.5,12960,0.007294862360313662,0.012207306213418036,0.012813090672350964,0.0085477272138232
21.5,19.5,12961,0.011017935868624474,0.017424877734119045,0.011650905091507374,0.01255632009935056
22.5,19.5,12962,0.01340752746845071,0.01697902850888043,0.017555777998521455,0.0097488658292206945
23.5,19.5,12963,0.030775593691022174,0.03608696102815358,0.025230439417254176,0.0171659524188588
25.5,19.5,12964,0.005743524530426954,0.012998606047740698,0.014000016028702924,0.0065723849944897186
26.5,19.5,12965,0.02394920903476515,0.025842207662165273,0.01743108107416705,0.008850606816259536
27.5,19.5,12966,0.012827895544647912,0.027384178965667878,0.006898402530818324,0.010084575333584568
28.5,19.5,12967,0.01066581763988637,0.029883108683542645,0.00658087566124865,0.009389196742706996
29.5,19.5,12968,0.009033669610133624,0.016576289837360394,0.006246772833080015,0.015122550605465858
30.5,19.5,12969,0.00767751898132882,NA,NA,0.02273831381912468
31.5,19.5,12970,0.007949711481650221,NA,NA,0.015016578820496654
32.5,19.5,12971,0.004978348599600988,NA,NA,0.015833585882583587
33.5,19.5,12972,0.004543329456160081,NA,NA,0.008970293457910587
34.5,19.5,12973,0.004481232784918711,NA,NA,0.009935373580456689
35.5,19.5,12974,0.004273835455184191,NA,NA,0.005731248513847133
36.5,19.5,12975,0.004273835455184191,NA,NA,0.005715685981283545
37.5,19.5,12976,0.004201708049204245,NA,NA,0.005671985175373402
38.5,19.5,12977,0.004196559558336669,NA,NA,0.006720702335248903
39.5,19.5,12978,0.004029169831579074,NA,NA,0.005602920395395017
40.5,19.5,12979,0.0035477957561156725,NA,NA,NA
41.5,19.5,12980,0.003540699498188503,NA,NA,NA
42.5,19.5,12981,0.00402111462054919,NA,NA,NA
43.5,19.5,12982,0.00402111462054919,NA,NA,NA
44.5,19.5,12983,0.0042330988318055865,NA,NA,NA
45.5,19.5,12984,0.004488191867516079,NA,NA,NA
46.5,19.5,12985,0.003896057093712469,NA,NA,NA
47.5,19.5,12986,0.005098989617849185,NA,NA,NA
48.5,19.5,12987,0.0052124556121467165,NA,NA,NA
49.5,19.5,12988,0.005110426902547433,NA,NA,NA
50.5,19.5,12989,0.005111978018095311,NA,NA,0.005992204429662723
51.5,19.5,12990,0.004251419220942804,NA,NA,0.008652235563721918
52.5,19.5,12991,0.005314584027146326,NA,NA,0.0052666254814634755
53.5,19.5,12992,0.0017740156425059728,NA,NA,0.005126897393059078
54.5,19.5,12993,0.0017791383903826136,NA,NA,0.004488473263132348
55.5,19.5,12994,0.00199091914797074,NA,NA,0.005029872712600359
56.5,19.5,12995,0.0018700447301957955,NA,NA,0.004280312495623249
57.5,19.5,12996,0.0027685326681650205,NA,NA,0.004397176340407346
58.5,19.5,12997,0.00399807174672125,NA,NA,0.004747406616425462
59.5,19.5,12998,0.005962979138745876,NA,NA,0.009700850559428717
60.5,19.5,12999,0.0051047943843468445,NA,NA,NA
61.5,19.5,13000,0.0037019932437856807,NA,NA,NA
62.5,19.5,13001,0.004340971870069072,NA,NA,NA
63.5,19.5,13002,0.003786914622962667,NA,NA,NA
64.5,19.5,13003,0.007193900724581502,NA,NA,NA
65.5,19.5,13004,0.007645252245890626,NA,NA,NA
66.5,19.5,13005,0.004380453716162927,NA,NA,NA
67.5,19.5,13006,0.0038812979603471904,NA,NA,NA
68.5,19.5,13007,0.006087097342492574,NA,NA,NA
69.5,19.5,13008,0.005332040382928114,NA,NA,NA
70.5,19.5,13009,0.006991578732680985,0.01161464283913552,NA,NA
71.5,19.5,13010,0.007083732554456381,0.009769464203784214,NA,NA
72.5,19.5,13011,0.009843323115049471,0.01598801393351398,NA,NA
73.5,19.5,13012,0.035324420487971554,0.023383017497041865,NA,NA
74.5,19.5,13013,0.06585253156605551,0.03199858186203175,NA,NA
-59.5,20.5,13044,0.02648929945338179,0.11250192843878966,0.05247010306670107,0.02830564619094762
-58.5,20.5,13045,0.031050506196141477,0.11949560560123881,0.06749564732914201,0.02767986461682997
-57.5,20.5,13046,0.0324484391730548,0.04673953579056287,0.0619550847058795,0.022786198087169477
-56.5,20.5,13047,0.03546528488183424,0.07497581011912116,0.03074889158445349,0.01828448819782747
-55.5,20.5,13048,0.033695031232625065,0.05070935869679744,0.030476309773335236,0.015106102288288249
-54.5,20.5,13049,0.01638292973482139,0.05714161202842285,0.05059437251902565,0.01429478642001301
-53.5,20.5,13050,0.012094001351181268,0.07861342189344137,0.054881401290753154,0.014492200408679637
-52.5,20.5,13051,0.0152072811575803,0.10997724776831938,0.06503601553067488,0.015480325868823586
-51.5,20.5,13052,0.01425071636016625,0.14349156060417337,0.08012397540876683,0.01623665538114846
-50.5,20.5,13053,0.013124593104409884,0.12347942433207527,0.0536873909738717,0.016413519146142013
-49.5,20.5,13054,0.006752139130477194,0.08006105711243457,0.024117360858634793,0.01096502618224147
-48.5,20.5,13055,0.0070613025844777355,0.04943845074209142,0.016578975562573827,0.010046952413669406
-47.5,20.5,13056,0.007004484155017314,0.04813480382799585,0.0180789299862097,0.009983925399308827
-46.5,20.5,13057,0.007020122290409425,0.05381065557006952,0.026818121746025766,0.009825850568681934
-45.5,20.5,13058,0.005247392440677904,0.034196229224398814,0.011715784584402056,0.007062524634740246
-44.5,20.5,13059,0.004051854787201967,0.022958632191533247,0.021592365850917606,0.005597422386187964
-43.5,20.5,13060,0.005741957600829496,0.017171368369677944,0.02265934054913647,0.005572065363025229
-42.5,20.5,13061,0.005360761020488351,0.020645129902109042,0.011794500395968025,0.01061963233752146
-41.5,20.5,13062,0.007717845968989307,0.028658346628728636,0.02743935775837456,0.017322621101165663
-40.5,20.5,13063,0.006782527238727395,0.03986617503655093,0.013870696358019319,0.0199585168979071
-39.5,20.5,13064,0.006101058340850104,0.030735536731261292,0.015544306745116752,0.016071744323798435
-38.5,20.5,13065,0.004421922435486105,0.02304849332519899,0.012903022347922464,0.016979374302833753
-37.5,20.5,13066,0.005218875294280872,0.02430914351455899,0.013634297524075805,0.018297277553559095
-36.5,20.5,13067,0.014593622632586876,0.044292358078297664,0.021896074135884618,0.02569424742108491
-35.5,20.5,13068,0.005708154252595884,0.0262536430200393,0.010140143554014398,0.012199893934087568
-34.5,20.5,13069,0.0125550865182134,0.029567115957091928,0.026016064124271727,0.019731228415284057
-33.5,20.5,13070,0.004569139722591296,0.01321517292404434,0.008867967707711262,0.00797640779680627
-32.5,20.5,13071,0.004572425912515263,0.012243738047706242,0.011828064498655203,0.006874283970080857
-31.5,20.5,13072,0.005345072719286929,0.013734924943199143,0.007661977308802228,0.007842540769379616
-30.5,20.5,13073,0.0038640919518538605,0.009750586979215818,0.01170284051756875,0.007815827472933731
-29.5,20.5,13074,0.004109085184083676,0.008083316234733143,0.014374374238600338,0.007785642356652895
-28.5,20.5,13075,0.004340886885478635,0.010330212748574524,0.011461489122779785,0.00783664323883384
-27.5,20.5,13076,0.004773876804870908,0.007599902172509078,0.011105152861220694,0.007850938877697416
-26.5,20.5,13077,0.004042516636904155,0.008654619987167274,0.009592830700069426,0.00785351518588681
-25.5,20.5,13078,0.0050072343124499315,0.008066183539253242,0.00941747062072997,0.007500869130755324
-24.5,20.5,13079,0.00501606978586536,0.010583041782591996,0.00988770914779354,0.006749360888278603
-23.5,20.5,13080,0.004285663076228184,0.005030349504364523,0.013420836633099837,0.006279533999315769
-22.5,20.5,13081,0.003671987787791441,0.004271163910058019,0.008002593735770617,0.0073274838266826105
-21.5,20.5,13082,0.0035759319355420397,0.003856528214365053,0.009464766849932763,0.006652338760306649
-20.5,20.5,13083,0.0027801623427585083,0.0024285011696494672,0.005278513056317894,0.0038198537369134628
-19.5,20.5,13084,0.00407640966421036,0.003475363349857409,0.00722470862175964,0.006189272560364934
-18.5,20.5,13085,0.003400156629331488,0.003705105579004725,0.00461508796379254,0.005700866434662998
-17.5,20.5,13086,0.0035537940985990208,0.002881502565204373,0.004203137176298083,0.006663289226905341
-16.5,20.5,13087,0.003052673720495316,0.0028965510695219804,0.0038808118257788026,0.005664250649012447
-15.5,20.5,13088,0.0034341619825404113,0.003004686694660608,0.004766850967791954,0.00653073586997165
-14.5,20.5,13089,0.003469045450755011,0.003027506811832681,0.004783584705500648,0.005193370558115089
-13.5,20.5,13090,0.003392812415789873,0.003620698793941976,0.00804196872279677,0.0052931245753462825
-12.5,20.5,13091,0.0025825136438927757,0.0033828974057047412,0.0037206488604689114,0.005228476540303809
-11.5,20.5,13092,0.0025705253761361766,0.0033574075196267103,0.0027497204048645336,0.004545728378499245
-10.5,20.5,13093,0.0024759039518596456,0.0035809468491971525,0.0026622410366143813,0.004416250018959808
-9.5,20.5,13094,0.00247910955084471,0.003643625118390716,0.002545998451817563,0.005254660297799135
-8.5,20.5,13095,0.002484943610510321,0.0036750978736194858,0.002522478537270775,0.004129652799442023
-7.5,20.5,13096,0.0022985128394093037,0.003523023281018697,0.0023854665342215517,0.003923990741690723
-6.5,20.5,13097,0.001873725310766856,0.0025266696198819045,0.0017320071135144323,0.0029097166780248846
-5.5,20.5,13098,0.0017477479623003414,0.002086432746360582,0.0016337517233383832,0.0025086059454222016
-4.5,20.5,13099,0.0017448984645573908,0.0021197671705141504,0.0016337517233383832,0.0025159742830151858
-3.5,20.5,13100,0.0018596976678858495,0.002047659169855257,0.002225671921279842,0.0025274944332149677
-2.5,20.5,13101,0.0018269588171356704,0.0021768242668382576,0.0016891525210890519,0.002701839842362988
-1.5,20.5,13102,0.0019525424546070773,0.0021879255042982536,0.002447095203155029,0.0024203854675045205
-0.5,20.5,13103,0.002009174521504552,0.0018947078888419094,0.0022481245942559723,0.0031591552639508376
0.5,20.5,13104,0.0018386954252822179,0.0022442363017197474,0.002385395480330585,0.0028463185219479025
1.5,20.5,13105,0.0019499955993328073,0.002242961472312846,0.002385395480330585,0.003641286799606011
2.5,20.5,13106,0.0022125448278008577,0.002015144539290749,0.002385395480330585,0.0028657225142081333
3.5,20.5,13107,0.002007210170134365,0.0026629018511356876,0.0027241875847351165,0.0029596340637828796
4.5,20.5,13108,0.0019833977662050846,0.002684552228447918,0.0027633524653901103,0.0038652664730843863
5.5,20.5,13109,0.0023485415425880092,0.0027221425778970244,0.003026092002340057,0.004206814359531668
6.5,20.5,13110,0.00253373710779894,0.008374818180549,0.006138830154729541,0.004270082243122271
7.5,20.5,13111,0.0031602439640713766,0.0048136501703779835,0.0035678818591939596,0.005740976324254044
8.5,20.5,13112,0.003160547885750075,0.004827120903071595,0.0033737060791474292,0.005985430298565152
9.5,20.5,13113,0.0025246513838709946,0.005203057057711251,0.0036481721149536303,0.007400501847591628
10.5,20.5,13114,0.0031636205662882748,0.004457860801784411,0.0058449774949701615,0.008132462131426732
11.5,20.5,13115,0.0026232806812709355,0.004528035745716707,0.004718936351798075,0.008104785333951068
12.5,20.5,13116,0.002615736632708724,0.005230926359468541,0.004403906920302061,0.010962209762603523
13.5,20.5,13117,0.0027062651239937742,0.005465345623378891,0.004844910385638301,0.01098312387008623
14.5,20.5,13118,0.002609430998720875,0.0061076622901243965,0.0051576702755795146,0.009425211684624124
15.5,20.5,13119,0.003118141718197769,0.00974849101092624,0.005141709983665925,0.005989423042895878
16.5,20.5,13120,0.003118141718197769,0.008580089851041393,0.004868689950036539,0.005287508562834832
17.5,20.5,13121,0.00494843920869125,0.008932096766702211,0.0054237199270311814,0.005585174242104562
18.5,20.5,13122,0.003516310707426831,0.011103283832976358,0.0050575986857336296,0.008031274333991971
19.5,20.5,13123,0.005427054190562296,0.011450421271923625,0.009563428536358099,0.010398670359074293
20.5,20.5,13124,0.005296460205486817,0.013732019038832033,NA,0.02379466921547852
21.5,20.5,13125,0.011985281729229903,0.022394582948174153,NA,0.02225819433447393
22.5,20.5,13126,0.021426144141903893,0.02128877744366068,NA,0.04752603364084459
23.5,20.5,13127,0.009731569709285076,0.014293571239525339,NA,0.02022368728681451
24.5,20.5,13128,0.0067931050813625745,0.009644947651752101,NA,0.009778596056854503
25.5,20.5,13129,0.003419505413005751,0.0043848857579760715,NA,0.013537170709989953
26.5,20.5,13130,0.005673940325933559,0.0246134527286731,NA,0.011176931186074051
27.5,20.5,13131,0.006424146601135213,0.008478853443143997,NA,0.010282088351915011
28.5,20.5,13132,0.005959820080725281,0.00822154563995142,NA,0.009777709895379717
29.5,20.5,13133,0.0053224549659111175,0.010046377335845914,NA,0.00902353538026645
30.5,20.5,13134,0.009403649071516314,NA,NA,0.012692037509146919
31.5,20.5,13135,0.010942628185294258,NA,NA,0.008441379824247502
32.5,20.5,13136,0.008745839463997011,NA,NA,0.008993166255016513
33.5,20.5,13137,0.006420429499272426,NA,NA,0.005337997305971139
34.5,20.5,13138,0.008498712572390788,NA,NA,0.005121759506567961
35.5,20.5,13139,0.010392577958809886,NA,NA,0.013361753452573863
36.5,20.5,13140,0.010107285792374172,NA,NA,0.0077629767155468436
37.5,20.5,13141,0.009882082674587057,NA,NA,0.008240423219763692
38.5,20.5,13142,0.008350833134023452,NA,NA,0.007617115286966484
39.5,20.5,13143,0.009584144620070092,NA,NA,0.012642225971526654
40.5,20.5,13144,0.007890774487213452,NA,NA,NA
41.5,20.5,13145,0.008116086960320066,NA,NA,NA
42.5,20.5,13146,0.0038818346927117177,NA,NA,NA
43.5,20.5,13147,0.0026900823158813774,NA,NA,NA
44.5,20.5,13148,0.0022788459703115592,NA,NA,NA
45.5,20.5,13149,0.0025108905736207212,NA,NA,NA
46.5,20.5,13150,0.0024984798252291255,NA,NA,NA
47.5,20.5,13151,0.002137929586744622,NA,NA,NA
48.5,20.5,13152,0.0023540114006876905,NA,NA,NA
49.5,20.5,13153,0.002329814353905018,NA,NA,NA
-59.5,21.5,13205,0.009494862057173389,0.0580924313409821,0.12907451298868627,0.014131156938206105
-58.5,21.5,13206,0.031975622349345624,0.14897099220821378,0.09569064121536784,0.03670806155142845
-57.5,21.5,13207,0.030270868511371375,0.10024484508833112,0.09831170773094734,0.01746619454651928
-56.5,21.5,13208,0.027435790755090523,0.04494985707135931,0.016870240798764386,0.01631612841347611
-55.5,21.5,13209,0.03702514415441451,0.12500873201281945,0.06687742401807352,0.01615624474685352
-54.5,21.5,13210,0.04135837321894183,0.18464826775343002,0.04568685104328396,0.015026707337709102
-53.5,21.5,13211,0.033990047036142286,0.25023768025651577,0.044360611820759316,0.014744273635974988
-52.5,21.5,13212,0.015561838967896311,0.17079526365228526,0.05756036402235627,0.0156921471244835
-51.5,21.5,13213,0.016176707481576024,0.20834622899408606,0.05748242019273813,0.014720400273307925
-50.5,21.5,13214,0.015968970608516698,0.25920970836241625,0.054803114393893376,0.015280690726219931
-49.5,21.5,13215,0.015082239674768438,0.1437538453907003,0.028895028253991793,0.016283225343127636
-48.5,21.5,13216,0.01567971843092263,0.1376668005836645,0.027017693253685582,0.01610477528061035
-47.5,21.5,13217,0.01548780053743934,0.09945998830377988,0.025980227707450655,0.015004408210814136
-46.5,21.5,13218,0.014675157349582134,0.10064662023866287,0.02804308355705306,0.015127782416238456
-45.5,21.5,13219,0.008959417023256854,0.09593788945581042,0.030395774748156502,0.011942663367605955
-44.5,21.5,13220,0.007012873302451141,0.039433879037979534,0.014977494548340664,0.008849591626356483
-43.5,21.5,13221,0.008098742049003524,0.04278026866359391,0.03736317167962904,0.016765302216862545
-42.5,21.5,13222,0.007479660931372902,0.03922417224733571,0.020299798430763606,0.022110886525013775
-41.5,21.5,13223,0.007008172642716218,0.03965086631069975,0.021181859756897233,0.01748526613305597
-40.5,21.5,13224,0.00550679343394182,0.0480793006048482,0.013750491252538704,0.015569889575119036
-39.5,21.5,13225,0.004448591068297968,0.03886977561035477,0.009401922594566415,0.013166984186647293
-38.5,21.5,13226,0.00418989880608449,0.03457710915696356,0.012308156410395055,0.012126860600454068
-37.5,21.5,13227,0.004635529030098375,0.024571049808396677,0.01281695785828742,0.01340431860545372
-36.5,21.5,13228,0.004499545728173918,0.025784377411673432,0.014008581272468783,0.013162363377138848
-35.5,21.5,13229,0.009352971761726026,0.04071382101136487,0.0311886191962813,0.027093559005454283
-34.5,21.5,13230,0.006073019898699831,0.02125091211915523,0.01589547578737986,0.016827850037451932
-33.5,21.5,13231,0.004683113264364422,0.020906764305458188,0.014668039909090975,0.02092659869970203
-32.5,21.5,13232,0.005286966034216984,0.01713363024691763,0.014819098513214815,0.013623278760568482
-31.5,21.5,13233,0.004588015322616677,0.01627106093901302,0.017667249448884988,0.0128588451222081
-30.5,21.5,13234,0.0043668747743169705,0.013267525231400474,0.008561759283606639,0.012918984351601154
-29.5,21.5,13235,0.0036836946931570777,0.009117199885302494,0.012154462241759006,0.009639175390183819
-28.5,21.5,13236,0.0036781168965173226,0.008150647605676903,0.010460210995200274,0.006594817415227646
-27.5,21.5,13237,0.004215795310795752,0.0064431314685284985,0.008018398379905124,0.007668637196294893
-26.5,21.5,13238,0.00371694355276949,0.006908193463231294,0.010901612789017837,0.006675949127490103
-25.5,21.5,13239,0.003821026335699229,0.010790171967254672,0.010063727259864888,0.007733173210685286
-24.5,21.5,13240,0.004097966636233172,0.015662287580723747,0.006735864764009597,0.00887262345047422
-23.5,21.5,13241,0.003915678970279105,0.009755819143320063,0.008224032618485002,0.007864866027655158
-22.5,21.5,13242,0.003313039463407952,0.005219963352218893,0.006672539956457674,0.006892340713812745
-21.5,21.5,13243,0.004064145968957042,0.006291076692214401,0.007174559269042829,0.007140068915974983
-20.5,21.5,13244,0.0031064164214833013,0.004708392416664031,0.0064519792066680065,0.007319224077815116
-19.5,21.5,13245,0.002476094813633859,0.0032354063002681534,0.0034715302930932892,0.005381473512167548
-18.5,21.5,13246,0.0027887320253620305,0.0029207043135228636,0.003241666476567939,0.006463893963765518
-17.5,21.5,13247,0.002366526209675539,0.0028389845507799005,0.00434058805821661,0.007444227714448879
-16.5,21.5,13248,0.002373665033810946,0.002777642906217055,0.004167070595852752,0.0043811350219806556
-15.5,21.5,13249,0.0018678035387947225,0.0026137056011584273,0.0032718349395493306,0.003627393012673413
-14.5,21.5,13250,0.0030597907234205233,0.0027268436887667546,0.004360599051561168,0.004007551248660167
-13.5,21.5,13251,0.002449068493336898,0.002999458462229319,0.002737592920590561,0.008480910597786115
-12.5,21.5,13252,0.002458044032393391,0.0030267277006852324,0.0027400174781153715,0.0036663296929347246
-11.5,21.5,13253,0.0024175932618613147,0.0029355803213806423,0.0026568444613895856,0.003643029356442088
-10.5,21.5,13254,0.0026654164679229537,0.00288704181929181,0.002508820448282925,0.003502045701313796
-9.5,21.5,13255,0.0028294704515744173,0.0028439697939419257,0.0023343865544269084,0.0035072932333177326
-8.5,21.5,13256,0.0027987823959979286,0.0028360175408432293,0.002337850585248084,0.00295480660322413
-7.5,21.5,13257,0.0023055707544077765,0.002326110205705076,0.0028573992722103867,0.002938326975502827
-6.5,21.5,13258,0.0018985415470628498,0.0019277419106505265,0.0017315304609625034,0.0018749169281389725
-5.5,21.5,13259,0.003297343511021288,0.002745873559680656,0.0040933815792470905,0.00329093447866108
-4.5,21.5,13260,0.002021099801303757,0.001872667509181203,0.0027486993678176056,0.002463939019856687
-3.5,21.5,13261,0.002775513101555283,0.003499677063476995,0.0031331384788536518,0.003939045028474901
-2.5,21.5,13262,0.0029481664322239974,0.0035530605105043257,0.0032254566309518995,0.003545149701018124
-1.5,21.5,13263,0.002048011142218296,0.0018874302308280514,0.0018913553709567924,0.0021172342199337803
-0.5,21.5,13264,0.001776397745227194,0.0019357404112642208,0.002700954134415494,0.0021833916820446467
0.5,21.5,13265,0.0017655435755084348,0.0021414040953840123,0.0019201686077564705,0.0021759166402650367
1.5,21.5,13266,0.001940758609321692,0.002325144580854137,0.002896074054110836,0.00274155200733807
2.5,21.5,13267,0.002162539055065038,0.0026462819989590456,0.0023215415266862904,0.0030506753255693615
3.5,21.5,13268,0.002478099261820583,0.0031528476210609577,0.00287185592879701,0.0029154508851176298
4.5,21.5,13269,0.002644498228877548,0.00290905820347051,0.00293268602108413,0.0036992306055922543
5.5,21.5,13270,0.0025588935740485045,0.003010298626611412,0.002621783957970206,0.003699230605592254
6.5,21.5,13271,0.002558893574048504,0.003010298626611412,0.0025617526728357143,0.003551829375376781
7.5,21.5,13272,0.002566043165647835,0.003140925204911739,0.0036431947889225703,0.004361408036823435
8.5,21.5,13273,0.0025892226371576157,0.003203242726951619,0.0025016396873314426,0.004538221092463642
9.5,21.5,13274,0.0025892226371576157,0.003193456597331362,0.0035432182459532603,0.0035491760738467263
10.5,21.5,13275,0.0025818531291147266,0.003207815892000695,0.0021524658628782048,0.004454526141712323
11.5,21.5,13276,0.0026414151379479433,0.0033174410506148144,0.0021473261086842046,0.004057766531715293
12.5,21.5,13277,0.0025247614529925223,0.0031838061374943336,0.002139466411931601,0.004802520572679274
13.5,21.5,13278,0.00283628823585803,0.003400209463274983,0.002282903958923839,0.004958842659413873
14.5,21.5,13279,0.003417158060705964,0.00342301325665926,0.002474453476327793,0.0036296376182518102
15.5,21.5,13280,0.0023703660194754556,0.003455269283507342,0.0026428245784047887,0.00499070845979861
16.5,21.5,13281,0.0022856094055805293,0.0034305520911867733,0.002786983904710292,0.003093163870427007
17.5,21.5,13282,0.0027522595276046574,0.003978904780017353,0.0030492247798667477,0.00422465061916928
18.5,21.5,13283,0.002952352027571016,0.006228457843587752,0.0034344234262743607,0.003806203746043296
19.5,21.5,13284,0.0035969840731195518,0.010007487509185585,0.005200859915791317,0.005711170186361146
20.5,21.5,13285,0.00492139829025681,0.015144674236723239,NA,0.0095982776259938
21.5,21.5,13286,0.009645421990301356,0.018820635254239167,NA,0.02289571142588796
22.5,21.5,13287,0.014344847891811771,0.020569694610077995,NA,0.03208735021581322
23.5,21.5,13288,0.0066047214969232534,0.019059429968431497,NA,0.03902863196058949
24.5,21.5,13289,0.007509240926586793,0.0098002427191791,NA,0.02321872492814563
25.5,21.5,13290,0.004943657920397772,0.007450720749643128,NA,0.012755393428089346
26.5,21.5,13291,0.0049247702003417364,0.007345443745452673,NA,0.012045010162636037
27.5,21.5,13292,0.005533219297840755,0.007812162137086192,NA,0.014867751316701384
28.5,21.5,13293,0.009094575493357508,0.012393211604505497,NA,0.009202619278266464
29.5,21.5,13294,0.0054400391953602105,0.006349870366376761,NA,0.009062762213320079
30.5,21.5,13295,0.0043559606624220815,NA,NA,0.008954125213679628
31.5,21.5,13296,0.003533086271970414,NA,NA,0.006704122761519937
32.5,21.5,13297,0.0026623656982366706,NA,NA,0.0031477262912804906
33.5,21.5,13298,0.0022209314805602958,NA,NA,0.0031477262912804906
34.5,21.5,13299,0.0032737636936790836,NA,NA,0.0031283232108061947
35.5,21.5,13300,0.0032511021801769034,NA,NA,0.003119060339512122
36.5,21.5,13301,0.0026676988967959505,NA,NA,0.003260987968502209
37.5,21.5,13302,0.0031758651586642527,NA,NA,0.003422631624993752
38.5,21.5,13303,0.0032064393293206174,NA,NA,0.002831458986149962
39.5,21.5,13304,0.0031022954296765037,NA,NA,0.003542315914533521
40.5,21.5,13305,0.002843110470394928,NA,NA,NA
41.5,21.5,13306,0.0027940380322453925,NA,NA,NA
42.5,21.5,13307,0.0027940380322453925,NA,NA,NA
43.5,21.5,13308,0.002788445212364034,NA,NA,NA
44.5,21.5,13309,0.00443232973667428,NA,NA,NA
45.5,21.5,13310,0.0025766898242305537,NA,NA,NA
46.5,21.5,13311,0.002885080103573262,NA,NA,NA
47.5,21.5,13312,0.0025124991116928616,NA,NA,NA
48.5,21.5,13313,0.0022242080352181154,NA,NA,NA
49.5,21.5,13314,0.002011287899708383,NA,NA,NA
-58.5,22.5,13356,0.012787265627587955,0.09007228410509459,0.07500308713908371,0.007859416956418359
-57.5,22.5,13357,0.03801643653475105,0.20402992078329488,0.1402616958902944,0.03834089951801608
-56.5,22.5,13358,0.02430417591647493,0.12833947183221084,0.10023067412690082,0.03844709535151087
-55.5,22.5,13359,0.030902856038736513,0.21362015026928607,0.034619538935500786,0.03932740731770292
-54.5,22.5,13360,0.018515772655891796,0.3713658176685779,0.06256126214448425,0.022009210660978884
-53.5,22.5,13361,0.03576333589719002,0.26404325846073584,0.09666984323797112,0.01853241651259952
-52.5,22.5,13362,0.030372986880623492,0.3224031255186854,0.09661508592337445,0.0193212413156201
-51.5,22.5,13363,0.01682633579486884,0.3356038999275258,0.06505064788536045,0.01785832281960377
-50.5,22.5,13364,0.014043507296740096,0.31748205999522816,0.059939223875563954,0.01658358731769284
-49.5,22.5,13365,0.01497683962931188,0.2809240731439593,0.0583916521587032,0.019074920615154135
-48.5,22.5,13366,0.012420167981522132,0.20098461798819342,0.029495435926532518,0.014496620915416421
-47.5,22.5,13367,0.014760972973429971,0.13900105475024022,0.026030080894309,0.015651792628404302
-46.5,22.5,13368,0.014770982866148726,0.07995152539966827,0.029136153984698408,0.016950241071702274
-45.5,22.5,13369,0.009184368497232986,0.0412806616257668,0.01679137573888834,0.010837863996561236
-44.5,22.5,13370,0.007305642338355485,0.02742532358056384,0.01235013816803512,0.011882968977212074
-43.5,22.5,13371,0.005361257638625789,0.026688594583700504,0.017949727508838643,0.018374669100127975
-42.5,22.5,13372,0.006625739833051794,0.0324158520889957,0.011386467191172638,0.011425152438565598
-41.5,22.5,13373,0.007219145317096265,0.02908733187871499,0.019608094432924047,0.012422568702942357
-40.5,22.5,13374,0.00598772826854872,0.03842135821568406,0.012981317491625462,0.015869636412074818
-39.5,22.5,13375,0.004892691140228381,0.030879066928971327,0.029397253507660075,0.01353033167128896
-38.5,22.5,13376,0.004736789313938845,0.027825381552428072,0.021703379775872906,0.012982932389757283
-37.5,22.5,13377,0.00405129797426446,0.02549186319230537,0.024959814278945988,0.01294772429844894
-36.5,22.5,13378,0.004516340668849596,0.025479420331322833,0.022869237679511725,0.010498814544326952
-35.5,22.5,13379,0.005640051312444031,0.01814455933406953,0.02029327498881702,0.012766106657687421
-34.5,22.5,13380,0.0034809816381540046,0.015192394161319152,0.013737526613495041,0.013796820083593422
-33.5,22.5,13381,0.003631086434470728,0.018938325430106692,0.01656786139738817,0.013060110616596789
-32.5,22.5,13382,0.0038763699138619455,0.010862875383755365,0.020284146970393296,0.012203409132255543
-31.5,22.5,13383,0.0034161444357041493,0.011437828421952897,0.012716445813142439,0.011817177711438327
-30.5,22.5,13384,0.003386219373619713,0.009646118416364398,0.013194045835881536,0.011506762359955897
-29.5,22.5,13385,0.003485320196958794,0.009583010913113647,0.012881599900261128,0.01098128170798743
-28.5,22.5,13386,0.003770196788907477,0.007706191305087096,0.014598622838708072,0.011146204921452348
-27.5,22.5,13387,0.004316060184646275,0.007207149586164141,0.010028625595678348,0.013529182386259272
-26.5,22.5,13388,0.0046822974317841425,0.007357915801265064,0.009697456133043987,0.01585396190834722
-25.5,22.5,13389,0.003893319661396583,0.006055999882897122,0.014345765324383251,0.011421084349263552
-24.5,22.5,13390,0.004432295526242023,0.007224561278664268,0.00940202507340498,0.007753172116748174
-23.5,22.5,13391,0.004009771356121009,0.005336162808667741,0.007845540845085866,0.006930425065470236
-22.5,22.5,13392,0.0031834051645741523,0.004996446095526424,0.005776412399361075,0.006969866196319836
-21.5,22.5,13393,0.003160490511045675,0.00431558249267039,0.0040137014530179285,0.006185938143314278
-20.5,22.5,13394,0.002927344559260369,0.003912044494760417,0.003323968469365392,0.006346367749836826
-19.5,22.5,13395,0.0020518795362015063,0.004591883356791408,0.002350682560685339,0.0036190234270302643
-18.5,22.5,13396,0.0025891294269853923,0.004074839611333586,0.004393107547883282,0.0052237328158753985
-17.5,22.5,13397,0.0019888781958531192,0.0034305848758180344,0.0050617667080197016,0.004698255772351313
-16.5,22.5,13398,0.0024216779841913557,0.0036806295644801054,0.0039565365338852755,0.003791921677818105
-15.5,22.5,13399,0.0017702825124151123,0.003720171523864784,0.0026259102905016813,0.0037913019357221646
-14.5,22.5,13400,0.0018397240526049823,0.003944308516777492,0.0025626475226491778,0.003309952500226669
-13.5,22.5,13401,0.0018475726814608548,0.003602130067007771,0.0029787938440214694,0.0032712146637378977
-12.5,22.5,13402,0.0020012129155294123,0.003960155693546146,0.0029951057786291686,0.0032287432130750685
-11.5,22.5,13403,0.0020080425994003907,0.0035079321223007937,0.0027930371477465766,0.003025496674374722
-10.5,22.5,13404,0.0020080425994003907,0.00331158718988321,0.005455010380746166,0.003025496674374722
-9.5,22.5,13405,0.0020052107728307914,0.00304597045876633,0.004791184078050287,0.0030162078321073946
-8.5,22.5,13406,0.002864109778513949,0.0033911734853370617,0.0037285232979264895,0.003864875432822558
-7.5,22.5,13407,0.0017528308579110126,0.002241053666379532,0.0030022475628536586,0.0019621646345003435
-6.5,22.5,13408,0.0016245272694670957,0.0021663265009064644,0.002000901322071657,0.002140985936387826
-5.5,22.5,13409,0.0019576563690341725,0.001815408164131458,0.0020502427839350764,0.002140985936387826
-4.5,22.5,13410,0.0017249352283138413,0.0017699418505318341,0.0033823820050478937,0.0020293830467614667
-3.5,22.5,13411,0.002099808151004114,0.0019689714100143535,0.0023206225834846296,0.00218353819787794
-2.5,22.5,13412,0.0018338426131530264,0.0017517460206932184,0.0034018781279408507,0.0018663042900521991
-1.5,22.5,13413,0.0018110232045605813,0.0021314424125542402,0.0035067344389266486,0.002220186414977592
-0.5,22.5,13414,0.0018621376427934036,0.00209762048699778,0.002429046987233552,0.0021427491180385067
0.5,22.5,13415,0.0019032271736973522,0.0021276422369774766,0.004083952224190528,0.0018314798159632046
1.5,22.5,13416,0.0029829971781743744,0.0028045025517948363,0.003343240332830457,0.0027780765835294275
2.5,22.5,13417,0.0031583404336090514,0.002688274566810501,0.005017778978024512,0.0030011086260002787
3.5,22.5,13418,0.002585056155810521,0.0030605380261184575,0.004907822145653348,0.002498997219863936
4.5,22.5,13419,0.0029246860344134215,0.002754570434389991,0.0053988529963694895,0.002498997219863936
5.5,22.5,13420,0.002837158210910705,0.0024764132882046726,0.0053988529963694895,0.0026144317250693205
6.5,22.5,13421,0.002697884322101541,0.002776801738801336,0.005094840430082151,0.0033332557478339335
7.5,22.5,13422,0.0026882154418006836,0.002808545589099619,0.0051039065183610816,0.0027814164091179636
8.5,22.5,13423,0.002756916890099993,0.0028838169130174225,0.00565818100115025,0.0027696785192871127
9.5,22.5,13424,0.0027495626057320766,0.003158138327250168,0.004429066242669037,0.0026131507159709447
10.5,22.5,13425,0.002381706682400724,0.003135341604167309,0.00438559124462178,0.003343590496350382
11.5,22.5,13426,0.0023879201952150125,0.0032335623974510557,0.003062680045590456,0.0035053474285653987
12.5,22.5,13427,0.0021593288667538396,0.003254910232449938,0.004911636696744655,0.002849962077730286
13.5,22.5,13428,0.0018525758954478844,0.0032999317515437663,0.005026603823459696,0.0028097077590838186
14.5,22.5,13429,0.0017012744767489574,0.003679913988424244,0.004504671139976465,0.0032646604097191375
15.5,22.5,13430,0.0018095076432689575,0.003594655465861047,0.003279093569046083,0.0028662256542140124
16.5,22.5,13431,0.0017835331990423673,0.0033611546689328834,0.004510473607343474,0.0026935343186122677
17.5,22.5,13432,0.0026594743190227694,0.0036268668077939167,0.005490773627937265,0.004719567060615737
18.5,22.5,13433,0.002617025528036551,0.004850795775228575,0.00402104038589166,0.004741524528999661
19.5,22.5,13434,0.0032622908546065454,0.0042350221374524225,0.0046548200677295065,0.0033141641513649675
20.5,22.5,13435,0.003658329844333367,0.006058173804530731,NA,0.003826899863356111
21.5,22.5,13436,0.003916783015792104,0.01052420101117302,NA,0.0054620600593673395
22.5,22.5,13437,0.003902798347549907,0.014001002747276703,NA,0.008649357353136619
23.5,22.5,13438,0.004022862250564381,0.008851368732537864,NA,0.006726596681988783
24.5,22.5,13439,0.003949844105771322,0.007680880817843967,NA,0.004543227691355309
25.5,22.5,13440,0.003294094373716129,0.006107290052602821,NA,0.0036974738069889216
26.5,22.5,13441,0.0033594132631449996,0.006243084716734908,NA,0.005705855941572364
27.5,22.5,13442,0.0029946831331854372,0.006610395030441365,NA,0.006789290785493224
28.5,22.5,13443,0.0030004591561061315,0.005433608898592954,NA,0.006899484167467617
29.5,22.5,13444,0.0032670814231092644,0.005049377021779565,NA,0.005401433176287979
30.5,22.5,13445,0.002456096245554439,NA,NA,0.005329001806805808
31.5,22.5,13446,0.001741157463069542,NA,NA,0.004047342285241923
32.5,22.5,13447,0.0016326210113750354,NA,NA,0.004798232908528384
33.5,22.5,13448,0.0015522949514248708,NA,NA,0.003378409491537815
34.5,22.5,13449,0.0014969049238159689,NA,NA,0.003348350812064635
35.5,22.5,13450,0.0016838779373022225,NA,NA,0.0030349913257894045
36.5,22.5,13451,0.001700957862590167,NA,NA,0.002849813267404489
37.5,22.5,13452,0.0018078738079691378,NA,NA,0.003408259913595584
38.5,22.5,13453,0.003394583754779106,NA,NA,0.0031718456327093315
39.5,22.5,13454,0.0037202468636045095,NA,NA,0.0020181692310222875
40.5,22.5,13455,0.002311194825173047,NA,NA,NA
41.5,22.5,13456,0.002501315889275835,NA,NA,NA
42.5,22.5,13457,0.002461999373155568,NA,NA,NA
43.5,22.5,13458,0.002383441041573506,NA,NA,NA
44.5,22.5,13459,0.0021528965139432322,NA,NA,NA
45.5,22.5,13460,0.00224702868791703,NA,NA,NA
46.5,22.5,13461,0.0021732111163546863,NA,NA,NA
47.5,22.5,13462,0.0020063385480183185,NA,NA,NA
48.5,22.5,13463,0.0019794889784605085,NA,NA,NA
49.5,22.5,13464,0.001912298000993634,NA,NA,NA
-58.5,23.5,13499,0.02326023539915136,0.06771898118602274,0.05236265091201931,0.015263699283431574
-57.5,23.5,13500,0.10426716246888336,0.506495570341849,0.1895798575616425,0.06803828469857567
-56.5,23.5,13501,0.04525100660133107,0.1997744840740955,0.12435072537300577,0.044030783434034444
-55.5,23.5,13502,0.0492880889178201,0.20276765075456366,0.0901462238123731,0.0557201180377166
-54.5,23.5,13503,0.024202008800685553,0.3074241175027325,0.05594264035228314,0.05339641361038078
-53.5,23.5,13504,0.01726758934016961,0.27092722333085534,0.05325122647559901,0.026573928295767706
-52.5,23.5,13505,0.02373210898165871,0.26212587717443975,0.10006001252815538,0.020555041856406865
-51.5,23.5,13506,0.03267337506511244,0.3248979453029049,0.10193854171156691,0.02226024166450999
-50.5,23.5,13507,0.028983645638404006,0.34200553019806,0.08158066939422513,0.02023634532349617
-49.5,23.5,13508,0.03562192335870506,0.3344910823184907,0.0857139075641056,0.024682821104347837
-48.5,23.5,13509,0.015974633056279188,0.5387820489701001,0.09123554853401789,0.02077635337992229
-47.5,23.5,13510,0.01319696549418761,0.4467733118387196,0.0618410158653756,0.02031521394608241
-46.5,23.5,13511,0.012319089327397226,0.3050673033631244,0.04063392357983653,0.020120553660956764
-45.5,23.5,13512,0.007369600802038395,0.05527454592133951,0.022163822729388456,0.018727972860239937
-44.5,23.5,13513,0.005003583707377466,0.03463970982913667,0.018100210226196952,0.01612582382614049
-43.5,23.5,13514,0.005488504859522279,0.015077298134567702,0.0353137313963633,0.011821081064385595
-42.5,23.5,13515,0.004679513352340323,0.0135852517452891,0.017711616142133825,0.01108017375462687
-41.5,23.5,13516,0.006600149166967611,0.017390173083858717,0.018835972773081355,0.011664842344215007
-40.5,23.5,13517,0.005570313805634692,0.01595276617497219,0.0193477427530195,0.014097115286029936
-39.5,23.5,13518,0.005909736582820944,0.016907816699127488,0.02630603231822791,0.012297087846417941
-38.5,23.5,13519,0.0069308840561646805,0.023923519360952727,0.026149423405166,0.02395797095622301
-37.5,23.5,13520,0.0038628718658573996,0.013803060093025439,0.01700109569111187,0.015670682068263057
-36.5,23.5,13521,0.004883259535373124,0.010287021613926882,0.014330060533580397,0.010624702906620516
-35.5,23.5,13522,0.0034538560853614557,0.011410934007714063,0.014043311584574605,0.009988166046609856
-34.5,23.5,13523,0.004579319410251609,0.012569265159344888,0.012880931717852791,0.010925980314785873
-33.5,23.5,13524,0.003232431991925089,0.012703249829582153,0.012559599004562043,0.008615804738965983
-32.5,23.5,13525,0.004346853122683572,0.00902134228175092,0.01731001029332119,0.007481577307664237
-31.5,23.5,13526,0.003346056409099916,0.007651888171709713,0.012148420243636063,0.008606624802675605
-30.5,23.5,13527,0.003412461638735883,0.008238433313358221,0.01731001029332119,0.008198928469840952
-29.5,23.5,13528,0.004009794181118408,0.008853127154066014,0.01955255256387564,0.009389453140941553
-28.5,23.5,13529,0.003984941072640985,0.009565462570248366,0.014093682188027116,0.010024768873913193
-27.5,23.5,13530,0.004512869656743636,0.007439446849519905,0.021004811364994103,0.01022323119024612
-26.5,23.5,13531,0.007149853895175823,0.009803982160202413,0.018863952483580672,0.01522406969949105
-25.5,23.5,13532,0.005856856035761453,0.006999584639756027,0.013810521860251692,0.013563215780682761
-24.5,23.5,13533,0.003705918450967654,0.0062567039195043994,0.015559391378752596,0.013197923960870439
-23.5,23.5,13534,0.003865835603691558,0.006180962489889639,0.014259855187459147,0.00953216265056636
-22.5,23.5,13535,0.0037502527099059937,0.0050393147127594925,0.00853674558850307,0.008717108718707836
-21.5,23.5,13536,0.003458414926235221,0.004226280486730047,0.008395405009651857,0.005092524434795638
-20.5,23.5,13537,0.0036174196233754057,0.003074056043777377,0.007192133433391481,0.005207666181759477
-19.5,23.5,13538,0.0024955778438344174,0.002793372401318283,0.005197432218551739,0.004214221786582755
-18.5,23.5,13539,0.00182881261997607,0.004751247774987479,0.00463703272055295,0.0033494164959613645
-17.5,23.5,13540,0.0019315644090478717,0.0025012816559400234,0.0038205051163265214,0.0027539168500345292
-16.5,23.5,13541,0.002029419977055368,0.0029664811053745042,0.002257768703884978,0.0030487618094111072
-15.5,23.5,13542,0.0020347455982806066,0.00300991506197564,0.002302810349654379,0.003397346613907903
-14.5,23.5,13543,0.0016054915063278322,0.0030593810060611385,0.0033338191483360397,0.002730503497980045
-13.5,23.5,13544,0.0015310081555146863,0.00392126529265399,0.0027085585331289228,0.0027853565080118736
-12.5,23.5,13545,0.001531430362118275,0.004079173028901753,0.0033619732859068254,0.002591491620662267
-11.5,23.5,13546,0.001494246312131417,0.0037688848651765213,0.005098846281933996,0.0027276734736951897
-10.5,23.5,13547,0.001468753785639336,0.0034663036476866894,0.005187939489203636,0.0023917955952936967
-9.5,23.5,13548,0.0013440422056023229,0.0027200449144574234,0.0031958697219800743,0.0021517799655958875
-8.5,23.5,13549,0.0011321933494255212,0.002565282358184767,0.003111777596118837,0.002057514092806513
-7.5,23.5,13550,0.001252291106295347,0.0024576417773130243,0.002203899427138149,0.0019021409115537887
-6.5,23.5,13551,0.0010323280421983272,0.0023074729142892425,0.006364903883448517,0.0018362155173903202
-5.5,23.5,13552,0.0010266238514824886,0.0022094103188737115,0.005842756819959452,0.0017980739332181235
-4.5,23.5,13553,0.0010266238514824886,0.0021531247045437894,0.003077809969556784,0.001997549890169204
-3.5,23.5,13554,0.0010328519373599557,0.002147448012970622,0.004321134268824557,0.001796673464852471
-2.5,23.5,13555,0.0010905435598286468,0.002273248587096995,0.0034677118188262946,0.0018969485632763915
-1.5,23.5,13556,0.0012281294382236786,0.002471980449054394,0.0029075379787150656,0.001837296783226501
-0.5,23.5,13557,0.0016788529235376045,0.003896293401701357,0.006823145290448057,0.003091850281761182
0.5,23.5,13558,0.0014696938630208388,0.0029759694931586088,0.00358122419918851,0.0022509359676615858
1.5,23.5,13559,0.001575043879864601,0.004108890928272535,0.0034869076560456033,0.0023709838873778016
2.5,23.5,13560,0.0014364999612923898,0.004207205032589917,0.005056981682298892,0.0023682245780373853
3.5,23.5,13561,0.001449965182917476,0.004271430202402947,0.005224478723092407,0.00236444138009588
4.5,23.5,13562,6.391130620239259e-5,1.234276082826769e-4,0.005041491749161251,0.0025540093778377328
5.5,23.5,13563,0.001519773290268893,0.004971669867353364,0.0052977053178981754,0.0029516815553188216
6.5,23.5,13564,0.0015496667009531298,0.003820163130682051,0.005345800581620123,0.002934588397044237
7.5,23.5,13565,0.0016130682055183602,0.005058279043685526,0.005752722700356498,0.0029335952691744954
8.5,23.5,13566,0.0017771045364210743,0.0051505606937463115,0.00555621262742096,0.0026082831939764676
9.5,23.5,13567,0.0016765194009906728,0.003588047050599492,0.005623260845187332,0.0026931058534235114
10.5,23.5,13568,0.001729876020106066,0.0043611473496182225,0.005432411375211567,0.0028358634274801417
11.5,23.5,13569,0.0017446929463937042,0.003602949823227371,0.0036661585135433668,0.0032278034358453438
12.5,23.5,13570,0.0014874714663069607,0.0032921266274067895,0.004886934749671408,0.003268980326857047
13.5,23.5,13571,0.0016456019737309902,0.003092076016916621,0.004494910597279535,0.0026440947501154013
14.5,23.5,13572,0.0020692608206135626,0.005078434442266622,0.0057227615491973905,0.00302753624146869
15.5,23.5,13573,0.003063074657224031,0.004915489761085553,0.00858483061787586,0.004678079079302553
16.5,23.5,13574,0.0019387589928375457,0.0035981780027497406,0.005314339027149661,0.0028802870727448783
17.5,23.5,13575,0.002053949907509933,0.00426099774377159,0.003529320985202741,0.003040351363754661
18.5,23.5,13576,0.0022365808477403585,0.003386007780637889,0.0027024514109912265,0.003349387837684698
19.5,23.5,13577,0.0019182373234313283,0.0030987838539940464,0.00316068058227609,0.0029222553195773224
20.5,23.5,13578,0.002284083623181504,0.002615417336904243,NA,0.0027854835750609473
21.5,23.5,13579,0.0022205756104679716,0.003560724416512346,NA,0.00269367810757055
22.5,23.5,13580,0.0024291174826455374,0.004738504026012053,NA,0.00272457971713729
23.5,23.5,13581,0.0020872183560801494,0.00479437914182584,NA,0.002664749372049767
24.5,23.5,13582,0.0017647531425651183,0.0038331491355898116,NA,0.0026351396052612087
25.5,23.5,13583,0.0014250064493112574,0.002974971651607336,NA,0.002502051133752924
26.5,23.5,13584,0.0016181256016522905,0.0024046073096695877,NA,0.003275137396100827
27.5,23.5,13585,0.0015816867202072954,0.0018554927428978982,NA,0.002617196282671916
28.5,23.5,13586,0.001584268328299922,0.0016935529472647418,NA,0.0027675355872465598
29.5,23.5,13587,0.001518304263012094,0.0015790784247769723,NA,0.0037104405909599374
30.5,23.5,13588,0.001156777395376196,NA,NA,0.003659409350891242
31.5,23.5,13589,0.001040247233672898,NA,NA,0.0023486381050135353
32.5,23.5,13590,0.0010680642817375947,NA,NA,0.003339439937830783
33.5,23.5,13591,0.001054701579300144,NA,NA,0.0023660436237222422
34.5,23.5,13592,0.0010623138072957867,NA,NA,0.0023146686039250018
35.5,23.5,13593,0.00105600294714919,NA,NA,0.0024205486575167067
36.5,23.5,13594,0.0010845555669685347,NA,NA,0.0020146746039365914
37.5,23.5,13595,0.0010956702440185785,NA,NA,0.0019514960157792866
38.5,23.5,13596,0.0010853040106350448,NA,NA,0.001629080397807186
39.5,23.5,13597,0.0010985512100450988,NA,NA,0.0016191695016472885
40.5,23.5,13598,0.0013469915592315455,NA,NA,NA
41.5,23.5,13599,0.0014290305799321732,NA,NA,NA
42.5,23.5,13600,0.0019663409834255793,NA,NA,NA
43.5,23.5,13601,0.0017338724015346172,NA,NA,NA
44.5,23.5,13602,0.0019469295560451086,NA,NA,NA
45.5,23.5,13603,0.0018559127168773298,NA,NA,NA
46.5,23.5,13604,0.001868191736112229,NA,NA,NA
47.5,23.5,13605,0.0018710142281217143,NA,NA,NA
48.5,23.5,13606,0.0018802734381997885,NA,NA,NA
49.5,23.5,13607,0.0015941702895536116,NA,NA,NA
-59.5,24.5,13637,0.014125807784302846,0.024596249901725514,0.02246065338052341,0.020147572283946057
-57.5,24.5,13638,0.18635826451471985,0.3251374931274036,0.2784907133006527,0.09510862618448941
-56.5,24.5,13639,0.06565014638587095,0.2939044332498383,0.15948781894540925,0.07262101922131654
-55.5,24.5,13640,0.06903719897814388,0.43920356347956835,0.24215696576683637,0.09706719961485413
-54.5,24.5,13641,0.06750787237778991,0.4695958743478365,0.17787455728332133,0.09269544890900196
-53.5,24.5,13642,0.03944938649452818,0.6827644388105432,0.21069122686732772,0.09191044409181297
-52.5,24.5,13643,0.02734433867921363,0.4551848049243088,0.08254132827147792,0.02661040447242183
-51.5,24.5,13644,0.025072929862465412,0.3117126882199075,0.07961361219105367,0.025733886066849412
-50.5,24.5,13645,0.032283341997782794,0.3795678319656699,0.09914004788326282,0.026863500796148423
-49.5,24.5,13646,0.04109731958559552,0.3727998169886309,0.16206564838595672,0.025379516752232247
-48.5,24.5,13647,0.08588725128993466,0.4929483779147891,0.16288253107952852,0.03874380989306036
-47.5,24.5,13648,0.03897274996038694,0.45489998740937676,0.07202394399789176,0.028443324379341068
-46.5,24.5,13649,0.034992143752519946,0.40407866356432537,0.04891998862183024,0.02812447902213317
-45.5,24.5,13650,0.017950032024662298,0.235064514936669,0.030961995537810292,0.0225718598525541
-44.5,24.5,13651,0.011246808222178124,0.1582269459139787,0.01555208897128371,0.01419128354780611
-43.5,24.5,13652,0.00596624119074228,0.05920205962794685,0.022287047101562228,0.011175140557051384
-42.5,24.5,13653,0.004570023855884522,0.05684445193386064,0.02024257797402599,0.009162776588583658
-41.5,24.5,13654,0.004414842108573035,0.03946283727346794,0.016567918289458115,0.00939231762525063
-40.5,24.5,13655,0.004698411743896958,0.03769368118840607,0.02159146623235903,0.013095474504109424
-39.5,24.5,13656,0.004896169669585623,0.04057147003401598,0.020699195049434682,0.015436345153219401
-38.5,24.5,13657,0.0059933529255857074,0.058915261595521656,0.03560120527461605,0.01984406039746565
-37.5,24.5,13658,0.004287171877367689,0.05638041878041377,0.027868817153993572,0.010493923054283413
-36.5,24.5,13659,0.004112646510377587,0.029198805001146747,0.014417625052649652,0.007994532991260756
-35.5,24.5,13660,0.00282327472842063,0.02150399120788256,0.013921433570708365,0.00799954805010592
-34.5,24.5,13661,0.002919987407156968,0.01774826916409391,0.013977534153437806,0.007314374406990048
-33.5,24.5,13662,0.002287162466163895,0.017752145438960046,0.012132309778794375,0.0070123942774830625
-32.5,24.5,13663,0.0027319839112408995,0.015163244574984504,0.012481783301649292,0.006435337560647579
-31.5,24.5,13664,0.002488582304453597,0.017182709449286203,0.018447046682078777,0.006980361960355944
-30.5,24.5,13665,0.0030380769290635078,0.015652374309859395,0.012600326511110229,0.008994644077674994
-29.5,24.5,13666,0.0026980797723901405,0.009072215286503742,0.011446239150952641,0.008005864489576959
-28.5,24.5,13667,0.0028697260174553782,0.008376089436224868,0.011379644819043478,0.007914061403878736
-27.5,24.5,13668,0.0034552301541124642,0.009276764236272895,0.018178228876026947,0.0103699720632522
-26.5,24.5,13669,0.004982669255991142,0.010387145418542765,0.02305120215780685,0.01110424273982767
-25.5,24.5,13670,0.00459193486391105,0.014001958819917514,0.015550768657200082,0.011583700403485836
-24.5,24.5,13671,0.003815895695224193,0.022809826152439996,0.01404368997566024,0.009376742564965306
-23.5,24.5,13672,0.004160866184492628,0.011330067029223748,0.009389816507761137,0.007690886880429131
-22.5,24.5,13673,0.0033215200863875617,0.009381181097766223,0.006976415835185198,0.007339957002038795
-21.5,24.5,13674,0.002878895173868761,0.008261518803101092,0.006149851499835824,0.008282273831114479
-20.5,24.5,13675,0.002916024460712481,0.011270893200359214,0.00911486860629035,0.00868458054721694
-19.5,24.5,13676,0.0021436706566411497,0.0063966815686434895,0.007705967548495969,0.008937590231399306
-18.5,24.5,13677,0.001434805944038764,0.004749236002742569,0.0030423595549987905,0.003969048754627941
-17.5,24.5,13678,0.0014679451159003167,0.00430461417212697,0.0029414529948858154,0.0027355378378398276
-16.5,24.5,13679,0.0014430607349621622,0.004154053584971181,0.0030287445447325662,0.002100785583287932
-15.5,24.5,13680,0.0015911412746697242,0.004368796896495666,0.002541490093729228,0.001968559605525035
-14.5,24.5,13681,0.0013256148500436276,0.002156335278421898,0.0027929212931689395,0.0033431202257657587
-13.5,24.5,13682,0.0015015867828970168,0.0021934224704911994,0.0031383178829718873,0.002031382736830675
-12.5,24.5,13683,0.0011743792775276718,0.0028039043514568006,0.004758175538109302,0.00198133839018282
-11.5,24.5,13684,8.940140879389473e-4,0.005223877371065327,0.0018993352751129728,0.001810381509299998
-10.5,24.5,13685,8.915317218415394e-4,0.003816412662189217,0.0027038807712552906,0.0016555478240978245
-9.5,24.5,13686,9.655938488924976e-4,0.0033575051984964374,0.0026462571824441426,0.001549986929130363
-8.5,24.5,13687,9.655938488924976e-4,0.003423234302129756,0.0017879249335345322,0.0014530579904850998
-7.5,24.5,13688,0.0011764567837806333,0.007091631924468025,0.00260874504355371,0.0016991321894726675
-6.5,24.5,13689,0.0010769660108626493,0.005509121460912111,0.0018558575984388174,0.0016797031267747665
-5.5,24.5,13690,9.398793118691463e-4,0.005044476031890294,0.003047736595624934,0.0015942031022253126
-4.5,24.5,13691,9.32583700730124e-4,0.005005479000810021,0.00352762568092615,0.0016408627701103365
-3.5,24.5,13692,8.23681221814894e-4,0.0054283780405670135,0.004216840453950315,0.0019187314655243616
-2.5,24.5,13693,0.0012181890119975175,0.006228637174426276,0.00490213281231799,0.002283805836345497
-1.5,24.5,13694,0.0012630735413190592,0.003325741836855583,0.0034362695883915027,0.002267397319376633
-0.5,24.5,13695,0.0012542569522161348,0.0036795176050199766,0.005431496693355126,0.0022196914029160813
0.5,24.5,13696,0.0012593437565350208,0.0031849188120218587,0.004668538688640125,0.0022236839209735047
1.5,24.5,13697,0.0012456393183649258,0.003047936739305592,0.009373304260859045,0.002390536418043264
2.5,24.5,13698,0.0012689872014954404,0.0034300998058603947,0.007372932622351487,0.0021261786216984365
3.5,24.5,13699,0.0014051726934925161,0.003260091008412575,0.010731576593194682,0.002445217715971453
4.5,24.5,13700,0.0014046967212316488,0.0032538384260787398,0.0061155908621902105,0.002319772056795823
5.5,24.5,13701,0.0014177043750501913,0.003512349660193972,0.007541654329932222,0.0022129910461234966
6.5,24.5,13702,0.0012700043921759524,0.003262973078835683,0.004468929430288511,0.002801083063053142
7.5,24.5,13703,0.0012794943935095803,0.0037024405120776684,0.004386989683375518,0.003110618673146467
8.5,24.5,13704,0.0010853420198208953,0.003885850550216024,0.0038866305406515074,0.003125563313193585
9.5,24.5,13705,0.0012271759200887516,0.00335752244648916,0.00344949450974588,0.0024349632648154314
10.5,24.5,13706,0.001129275960545564,0.003589040486277594,0.005848860333831009,0.002852855772530201
11.5,24.5,13707,0.0017868195155038868,0.006612559273701642,0.009756887404932644,0.004490914695473816
12.5,24.5,13708,0.0026801083264770356,0.009471564824650862,0.011517349594502837,0.006898289746999267
13.5,24.5,13709,0.001314991086531649,0.0048646096444422545,0.005677020816592953,0.0024836676336750406
14.5,24.5,13710,0.0015028573792973717,0.005323607437166803,0.006003548069580841,0.002801304909559064
15.5,24.5,13711,0.0013308822442800266,0.005024031970134444,0.00406923283410535,0.0029494439061157774
16.5,24.5,13712,0.001596946921575665,0.005543502460795679,0.003549974794384832,0.00259826576579777
17.5,24.5,13713,0.0015607981801070627,0.004241866106078047,0.0033042311445905716,0.002414147191608747
18.5,24.5,13714,0.0014222923263674948,0.003012072818354056,0.004383203377514553,0.002487496886540229
19.5,24.5,13715,0.0014483541529198693,0.0028618997141363284,0.004016398323501566,0.002495110630725561
20.5,24.5,13716,0.001577070172423409,0.002713165393557977,NA,0.0025193696766649615
21.5,24.5,13717,0.0015658839665411298,0.0027243350047290054,NA,0.003031005478748864
22.5,24.5,13718,0.002103225583276645,0.002751026643856643,NA,0.0029610423509862445
23.5,24.5,13719,0.001836971060320094,0.0019278477955128174,NA,0.0025519070772398477
24.5,24.5,13720,0.0014896713752611552,0.0021194477256691975,NA,0.002421187688151979
25.5,24.5,13721,0.0011881842474968881,0.001826274749621376,NA,0.00281431021863301
26.5,24.5,13722,0.0013716537706809204,0.0017267366246310357,NA,0.0024431701037761705
27.5,24.5,13723,0.0013780831802221592,0.0017285506394570974,NA,0.002886202140681854
28.5,24.5,13724,0.0012993750185860701,0.0015683052067103494,NA,0.0024557554771175807
29.5,24.5,13725,8.747239780408939e-4,0.0011540051010132334,NA,0.0019277653276384874
30.5,24.5,13726,9.46330577088147e-4,NA,NA,0.0018257956374486796
31.5,24.5,13727,9.587508585769111e-4,NA,NA,0.0018887095151479088
32.5,24.5,13728,9.86501217315283e-4,NA,NA,0.0017257057708417458
33.5,24.5,13729,9.482941099669964e-4,NA,NA,0.0017001045900271639
34.5,24.5,13730,9.83669150673439e-4,NA,NA,0.0018495053369527842
35.5,24.5,13731,9.895850867989284e-4,NA,NA,0.0015405538084724464
36.5,24.5,13732,8.57880311691702e-4,NA,NA,0.002049856943040899
37.5,24.5,13733,8.498299232926068e-4,NA,NA,0.001984984816530733
38.5,24.5,13734,8.645421460091656e-4,NA,NA,0.0019552575616039285
39.5,24.5,13735,8.492185656782676e-4,NA,NA,0.0014924177402914343
40.5,24.5,13736,8.638068014760293e-4,NA,NA,NA
41.5,24.5,13737,0.001055005884415912,NA,NA,NA
42.5,24.5,13738,0.0013720732796941135,NA,NA,NA
43.5,24.5,13739,0.0013607896140198285,NA,NA,NA
44.5,24.5,13740,0.0015823551415876853,NA,NA,NA
45.5,24.5,13741,0.0015818901519796123,NA,NA,NA
46.5,24.5,13742,0.001597688357255055,NA,NA,NA
47.5,24.5,13743,0.0018815031245295948,NA,NA,NA
48.5,24.5,13744,0.0015343516622406165,NA,NA,NA
49.5,24.5,13745,0.0015343516622406165,NA,NA,NA
-59.5,25.5,13768,0.01976615291716151,0.05458752987778492,0.0719922796540274,0.04259469147229973
-58.5,25.5,13769,0.015222052822594197,0.0463985789690775,0.04951034721386825,0.0227806152246035
-57.5,25.5,13770,0.019882269442465347,0.09011571628698518,0.14447699489073315,0.022688249826223934
-56.5,25.5,13771,0.0348889875628625,0.29637697259010976,0.09784762996717976,0.035048032995827885
-55.5,25.5,13772,0.05314879432295075,0.3903342478392368,0.09928891960280575,0.05440578880689549
-54.5,25.5,13773,0.049797046904241776,0.5981926611991184,0.1532788739072649,0.06265608996250217
-53.5,25.5,13774,0.09320533341074416,0.7825719961394277,0.23709851463545883,0.12320976997917966
-52.5,25.5,13775,0.03761713371480426,0.6598427838755799,0.1288516964403483,0.10590949143402319
-51.5,25.5,13776,0.034016130154927576,0.557153316832203,0.09775843390725686,0.042241866010686954
-50.5,25.5,13777,0.026702022794943294,0.42568233437219777,0.09086922647904508,0.025988289219654216
-49.5,25.5,13778,0.045984869300414705,0.6571649362949327,0.21266679355682389,0.04292806254914298
-48.5,25.5,13779,0.04518156392068367,0.5499194890831246,0.14114874716540468,0.04074209167639938
-47.5,25.5,13780,0.022553337541610156,0.32069815800394896,0.08039092295968722,0.028986160374053434
-46.5,25.5,13781,0.02568127206255487,0.47952569450263177,0.05751450371547065,0.02688282315268812
-45.5,25.5,13782,0.013029381822678422,0.0925958548005746,0.02781329395903393,0.02127712862585955
-44.5,25.5,13783,0.012248594969520502,0.05775242319393828,0.019052563945347958,0.018004726168114927
-43.5,25.5,13784,0.015875293005851207,0.04849766284351901,0.017785070298691325,0.014478041731949534
-42.5,25.5,13785,0.013054292257527123,0.04583081444482114,0.024940059110998284,0.011784513141844763
-41.5,25.5,13786,0.013568595709626007,0.05037715700817475,0.02356745971981876,0.013080520322312742
-40.5,25.5,13787,0.011403629725471381,0.054811475479367607,0.023195660237508266,0.01316033485831153
-39.5,25.5,13788,0.022177401478641293,0.15050917137588568,0.06191728612337967,0.026107891328941608
-38.5,25.5,13789,0.006925772228718467,0.08485949889290777,0.044729114437671004,0.026960487318498216
-37.5,25.5,13790,0.009027966117388271,0.08117401281368432,0.04725092884134512,0.02095864890536634
-36.5,25.5,13791,0.004061920258902202,0.03545650828652655,0.01808177361978684,0.008422768191491256
-35.5,25.5,13792,0.004309291826653388,0.039148769379253,0.013267803711226493,0.010418675137553703
-34.5,25.5,13793,0.004046678264513258,0.0317841953559639,0.018476342865034356,0.006585367156114375
-33.5,25.5,13794,0.003750729935733882,0.028055901166634666,0.016226651307764198,0.006940588646182755
-32.5,25.5,13795,0.0032514076019272164,0.031067401084407698,0.011197657376733668,0.006764030465772995
-31.5,25.5,13796,0.004232379635903596,0.02873590757254449,0.01121626260773378,0.0074516943488597545
-30.5,25.5,13797,0.003609375272499293,0.032277644888120974,0.016307736095171867,0.008101579050740427
-29.5,25.5,13798,0.003219262791710993,0.03277073093721687,0.012061602397593052,0.005938647183000126
-28.5,25.5,13799,0.0036362419663662515,0.02941829410749252,0.017587159072306208,0.007088347300800379
-27.5,25.5,13800,0.0029918955535032364,0.028917201245140738,0.017292836965920752,0.012017464146230106
-26.5,25.5,13801,0.003698636653201139,0.042750745573929466,0.014113116033251018,0.009112865049403795
-25.5,25.5,13802,0.0032954405584900903,0.03747398571251832,0.025617485077279446,0.009402071147454526
-24.5,25.5,13803,0.0027360607412157036,0.028513074428028813,0.017584000037264284,0.008092929740162298
-23.5,25.5,13804,0.0026888993608899367,0.024718290215023912,0.01571123809957925,0.007061070375645174
-22.5,25.5,13805,0.002568192092432162,0.02517372493314401,0.013086670128857624,0.006998535921800967
-21.5,25.5,13806,0.002874184977846632,0.02787896592407619,0.012992004179064232,0.007450469905296742
-20.5,25.5,13807,0.0024634737833599,0.027822044434475994,0.012909692772850387,0.006591466763120359
-19.5,25.5,13808,0.0015419951255443637,0.012120494680786027,0.004283649280602786,0.004606097807427474
-18.5,25.5,13809,0.0013960426100876667,0.010025334217947057,0.004734700018664344,0.004054842603151436
-17.5,25.5,13810,0.0013935888440342976,0.01008762748885674,0.003319434060755827,0.0034519741668601425
-16.5,25.5,13811,0.0013995018512923208,0.011582103663426057,0.004265643279796079,0.003327571471789334
-15.5,25.5,13812,0.0012377991549003295,0.009605689287701738,0.002839592959067552,0.004015260134243862
-14.5,25.5,13813,0.0012377991549003295,0.008671893616160156,0.004041854767368519,0.0025493750924059744
-13.5,25.5,13814,0.0012371940781696353,0.008125137541728833,0.0039877218597728315,0.0014981137666311602
-12.5,25.5,13815,0.0012875424857154267,0.00802198006144216,0.0032738858292270024,0.0011545157181077146
-11.5,25.5,13816,0.0012194873595037005,0.00615059428781805,0.0024595365257259207,0.0011248265445056478
-10.5,25.5,13817,0.0011122432119626312,0.005995147817054496,0.00347667841622659,0.0014477254289520208
-9.5,25.5,13818,0.0011163747831524112,0.007798250173728516,0.0036029425516103243,0.0012277599941954865
-8.5,25.5,13819,0.0011122432119626312,0.007322478274890396,0.0035089779841929567,0.0012664839610982248
-7.5,25.5,13820,0.001999983973818523,0.006502038555165251,0.003441019731430768,0.0012509695963993676
-6.5,25.5,13821,9.239297637952945e-4,0.007474488961407981,0.00348935998539355,0.0012571340084848793
-5.5,25.5,13822,9.268085968117156e-4,0.006006532661899409,0.002585054940179833,0.0013311063937356197
-4.5,25.5,13823,9.788805339507236e-4,0.006445465992694675,0.0035979182479044065,0.001411015453734656
-3.5,25.5,13824,0.0012445465787552887,0.008947753213633971,0.004436263001944181,0.001777174894962005
-2.5,25.5,13825,0.0013219224410797037,0.010304096824103106,0.00513192581768521,0.0018893177445138145
-1.5,25.5,13826,0.001298854924945489,0.011512577442229364,0.004486930340540282,0.0021109612259181936
-0.5,25.5,13827,0.0012937677775685696,0.011504068295311715,0.0045874558195382,0.0019590756242769142
0.5,25.5,13828,0.001293684123530365,0.022847695780311934,0.004143752805546834,0.001955778083663923
1.5,25.5,13829,0.001293684123530365,0.013420471649412825,0.00424941787277922,0.001865074292619413
2.5,25.5,13830,0.0013260244279284757,0.01329679359523035,0.0043374409541871725,0.0018702434584437523
3.5,25.5,13831,0.001376920567194786,0.013225041478207083,0.0047344788970106085,0.002092551016324532
4.5,25.5,13832,0.0014383050978007137,0.01560127639301639,0.004852479139358797,0.002032456272074748
5.5,25.5,13833,0.0019351888271252635,0.017230676550903264,0.007395825102737996,0.0035884374342684926
6.5,25.5,13834,0.0017592806362131343,0.017366789903200494,0.008258556462251331,0.0038991834937836963
7.5,25.5,13835,0.0018120915597246506,0.015205015226889634,0.007413687815112841,0.003640311020053022
8.5,25.5,13836,0.001777397488524918,0.015260351541583818,0.00798456179142514,0.0036282735479758145
9.5,25.5,13837,0.0028106367233339566,0.020383031181632368,0.015222358613650752,0.0043701717500326965
10.5,25.5,13838,0.0014438317754932913,0.01072716324384681,0.007504794255225419,0.0024948675881697273
11.5,25.5,13839,0.002995913452550991,0.028301175293088305,0.014867355865267766,0.005528829126524925
12.5,25.5,13840,0.002212662292094854,0.02675744794735764,0.011013111324001701,0.004236060426936493
13.5,25.5,13841,0.001392341296053366,0.013244521353019921,0.008798254865588596,0.0025979577279170076
14.5,25.5,13842,0.0013303273428294782,0.01128474757328562,0.003964815164572698,0.002931131910747496
15.5,25.5,13843,0.0013303273428294782,0.009940579439825384,0.004653766880772972,0.0026008055095961217
16.5,25.5,13844,0.0013303273428294782,0.005070685016645192,0.004619196648670245,0.0024581088147720967
17.5,25.5,13845,0.0013187013521069092,0.004165853073746209,0.004578960370247233,0.0024185104326179836
18.5,25.5,13846,0.0011454786635349584,0.004114177903382566,0.003236214528594075,0.0024173753912381845
19.5,25.5,13847,0.0013223193089473648,0.0036436557647701374,0.004381609550016225,0.0023497168902972773
20.5,25.5,13848,0.001405206630358966,0.0038152291836155267,NA,0.0022989621120106285
21.5,25.5,13849,0.0014322718327285768,0.0031767109285486214,NA,0.002292488846870419
22.5,25.5,13850,0.0013898963581034495,0.001964296101967623,NA,0.0022884052035722787
23.5,25.5,13851,0.0011227964084209745,0.001841323590761419,NA,0.0023191498160251233
24.5,25.5,13852,0.0011227964084209745,0.001841323590761419,NA,0.0023151425562383597
25.5,25.5,13853,0.0013695487477577925,0.0028918443848199673,NA,0.002312214982196044
26.5,25.5,13854,0.0013756905685596232,0.0030781362403386357,NA,0.002348477832620031
27.5,25.5,13855,0.0011480088396975299,0.002432491479383685,NA,0.0021838771036785842
28.5,25.5,13856,9.93921046136003e-4,0.0019367436987728346,NA,0.0017219640652228654
29.5,25.5,13857,9.96182700791637e-4,0.0025445485358859387,NA,0.0016930219040074725
30.5,25.5,13858,0.001012003970245918,NA,NA,0.0017494886667667403
31.5,25.5,13859,0.0010009865904957401,NA,NA,0.001725069640060356
32.5,25.5,13860,9.187203769839351e-4,NA,NA,0.0016242965503158189
33.5,25.5,13861,9.090322556015791e-4,NA,NA,0.0014325335406738147
34.5,25.5,13862,7.674106748558771e-4,NA,NA,0.0011948969889755434
35.5,25.5,13863,8.890956189419868e-4,NA,NA,0.0010993899174787844
36.5,25.5,13864,9.032857091007575e-4,NA,NA,0.001122325338745546
37.5,25.5,13865,8.4413566882313e-4,NA,NA,0.0014886119953882284
38.5,25.5,13866,8.240743619001721e-4,NA,NA,0.0026166738202801467
39.5,25.5,13867,8.175817756860425e-4,NA,NA,0.002905391870817476
40.5,25.5,13868,8.172083430684716e-4,NA,NA,NA
41.5,25.5,13869,9.767469975090841e-4,NA,NA,NA
42.5,25.5,13870,0.0014553008935532246,NA,NA,NA
43.5,25.5,13871,0.0032483168852807977,NA,NA,NA
44.5,25.5,13872,0.003618817668242582,NA,NA,NA
45.5,25.5,13873,0.0036350487955965883,NA,NA,NA
46.5,25.5,13874,0.0018485417172285673,NA,NA,NA
47.5,25.5,13875,0.0015768010811602938,NA,NA,NA
48.5,25.5,13876,0.0016118303190171745,NA,NA,NA
49.5,25.5,13877,0.001604925979394141,NA,NA,NA
-59.5,26.5,13898,0.013055654042297348,0.021607303615680154,0.04640690958234289,0.01430412237029742
-58.5,26.5,13899,0.00931338954553713,0.024862778625455717,0.13467239908723844,0.0253909985625229
-57.5,26.5,13900,0.0875918231195171,0.1969302321883656,0.20549490865232073,0.06960685943122373
-56.5,26.5,13901,0.0218396485868173,0.1971294991844694,0.12586301216285414,0.01917558713484463
-55.5,26.5,13902,0.018515420541732698,0.2933095312920253,0.07003720687960097,0.022212234773940742
-54.5,26.5,13903,0.05058440666525351,0.49778840196773333,0.13368388663123362,0.05401785470205368
-53.5,26.5,13904,0.0325550678163759,0.4317523626994894,0.12804160854385943,0.05688962466385859
-52.5,26.5,13905,0.015755288332574297,0.3930000650414995,0.039572847512246316,0.02745796641905912
-51.5,26.5,13906,0.024933564853855172,0.6238756309866113,0.08886725067514709,0.07876648744189144
-50.5,26.5,13907,0.023055358981357143,0.5409745187762942,0.12130085579348077,0.043225912322035966
-49.5,26.5,13908,0.03419653695192475,0.5567225169536497,0.15597816375516368,0.04284483648965868
-48.5,26.5,13909,0.042756249994688356,0.6099677097182271,0.1606675899387268,0.03445648441069699
-47.5,26.5,13910,0.02390033176174966,0.41563496298892033,0.09432464241464704,0.026952541545987217
-46.5,26.5,13911,0.02772197598954723,0.39087207919282463,0.09094594576269219,0.024217948746524134
-45.5,26.5,13912,0.013451986891436672,0.24291640438698558,0.05794352986933879,0.01351989940940949
-44.5,26.5,13913,0.009710854268466013,0.1386475811078785,0.027359791930159423,0.009942366562823086
-43.5,26.5,13914,0.011819175961054921,0.046571548173879054,0.044302994118052996,0.024277023077327358
-42.5,26.5,13915,0.010186937473303825,0.03469480495826736,0.04067357690336014,0.013267542038739493
-41.5,26.5,13916,0.007218194281540798,0.039094744543361995,0.025390890884011707,0.01790747040690591
-40.5,26.5,13917,0.010115600019779217,0.053178669212618476,0.01867736721528276,0.019731876882575283
-39.5,26.5,13918,0.01783346932714943,0.06611185982635809,0.034862969488673415,0.03310268405736867
-38.5,26.5,13919,0.0113853912225177,0.04570445510736442,0.029187227659515282,0.021753520644567956
-37.5,26.5,13920,0.01961615195256488,0.10202202764380425,0.05316273111753255,0.039932276129808916
-36.5,26.5,13921,0.0127928074402496,0.04073861410742553,0.01823969094539768,0.01237112097516579
-35.5,26.5,13922,0.009650092930079035,0.031231379032540477,0.015306353934070286,0.008630312435465103
-34.5,26.5,13923,0.0050800910065837476,0.031972436846555236,0.019588396029633817,0.009351546238347568
-33.5,26.5,13924,0.003908226212118278,0.026499731928849315,0.018480919267957585,0.007688960291842114
-32.5,26.5,13925,0.003816514635607517,0.02628526849379942,0.012336683352694599,0.007248767580897172
-31.5,26.5,13926,0.003878339308467536,0.025953357660248602,0.019411625949414826,0.008116857344914238
-30.5,26.5,13927,0.003840022779459683,0.026283083632393484,0.02215538046623365,0.007153954175497717
-29.5,26.5,13928,0.0038567707526314748,0.02424270196387335,0.014732975631116864,0.013823804849436443
-28.5,26.5,13929,0.0037778211166105066,0.02522059474845537,0.02042447754313418,0.008629616991635312
-27.5,26.5,13930,0.004094829182642,0.028558711476044767,0.0239636292797414,0.006500615237847179
-26.5,26.5,13931,0.004090604778291058,0.03068577719995499,0.01697728388423381,0.006435263261072484
-25.5,26.5,13932,0.004074399014064104,0.02872739239575274,0.019963901361411768,0.006869707461182775
-24.5,26.5,13933,0.004129040535577432,0.02845162115404606,0.017551695223733944,0.00694031025734569
-23.5,26.5,13934,0.0038235742114110104,0.025881250115293984,0.017427057760870966,0.006972642153507981
-22.5,26.5,13935,0.004233903258530283,0.025419645889144055,0.01632959885513001,0.006729672083639402
-21.5,26.5,13936,0.0038037978943019474,0.023964426999793866,0.01802019270132062,0.007420539934181274
-20.5,26.5,13937,0.0029364039100940823,0.01997133672058344,0.010923068939464974,0.006643089499800512
-19.5,26.5,13938,0.0019231653861480845,0.01022616444467593,0.009692873844996787,0.0038871009698823993
-18.5,26.5,13939,0.0015594393733053891,0.00919544617024641,0.011490089146098387,0.003655790518752002
-17.5,26.5,13940,0.0015767640860475665,0.010338556190956747,0.005321482623747421,0.003552245086951645
-16.5,26.5,13941,0.001534258085528923,0.010350770911572611,0.004228199106326475,0.003737651123147278
-15.5,26.5,13942,0.0017682570188382583,0.009260254101386077,0.0037733597753829835,0.0035651211032287095
-14.5,26.5,13943,0.00176074473457026,0.007057579314771442,0.0047381621489301935,0.003015320632882828
-13.5,26.5,13944,0.0017828933744056556,0.00769995704315281,0.004738509966612919,0.003965762102129826
-12.5,26.5,13945,0.0016013877167807059,0.006627859858374266,0.004274417181831459,0.0039354307425733355
-11.5,26.5,13946,0.0016013877167807059,0.006404801639163973,0.003947824122665445,0.0024652773573658024
-10.5,26.5,13947,0.0015898157361313447,0.006167145721751992,0.0025310729204893858,0.0018568832298204076
-9.5,26.5,13948,0.0015479748161188302,0.00725094504206716,0.004082808005360624,0.0014601616978836595
-8.5,26.5,13949,0.0014957213771256898,0.007152525564796538,0.003217828161133807,0.0013851705679573053
-7.5,26.5,13950,0.0013306330505375153,0.0069310463829286295,0.003341903885136278,0.0014128616377901116
-6.5,26.5,13951,0.0012471672971495259,0.005540039154363495,0.003624999142868203,0.0014163905827839734
-5.5,26.5,13952,0.001350709202484232,0.006399413346347981,0.0037967406986719365,0.0014814628283610861
-4.5,26.5,13953,0.002303399942219541,0.004581998383459294,0.004392740288838716,0.0017788291085827645
-3.5,26.5,13954,0.002100462270070787,0.006450728725179519,0.005114096753251474,0.002071906362475419
-2.5,26.5,13955,0.0018686589663079636,0.005750796722620751,0.0051284039362915704,0.0020474543706497025
-1.5,26.5,13956,0.001639354586041774,0.005507935932285522,0.005127840602936466,0.0020518958073255083
-0.5,26.5,13957,0.0017233185620970889,0.005694404664797845,0.005396480011714511,0.0022728036997542453
0.5,26.5,13958,0.0017385055464148177,0.005918143985020696,0.005408751847334566,0.002310502104351514
1.5,26.5,13959,0.0017385055464148177,0.00610606095477523,0.005303132131435895,0.002310502104351514
2.5,26.5,13960,0.0013841878184013025,0.005949441272909932,0.005308376471033352,0.0023908254104897777
3.5,26.5,13961,0.0014319088148143136,0.005835359714859993,0.0050237823347048,0.0021274620853640033
4.5,26.5,13962,0.0014602037510376724,0.005806857249897672,0.005835449470231042,0.0023532200307819287
5.5,26.5,13963,0.002217107503175464,0.008488472599531866,0.006753698177775416,0.0037932634403016843
6.5,26.5,13964,0.002245277444160514,0.008174991984380353,0.006765626831422854,0.002985178297953583
7.5,26.5,13965,0.0019395442343294702,0.007148478483479851,0.006132025668019964,0.003001488549085136
8.5,26.5,13966,0.0018874843167411592,0.007813146793974959,0.006308466488335125,0.0036747435127231546
9.5,26.5,13967,0.0016314051890297943,0.007704988248083294,0.005177094596950013,0.002413907006859479
10.5,26.5,13968,0.0013840725281897208,0.0064181272797326225,0.004500401509238967,0.0021756575368721102
11.5,26.5,13969,0.0014422540209878616,0.006701262503134073,0.003289100478676907,0.002195199677854481
12.5,26.5,13970,0.0014355507066056454,0.006557707850422797,0.00470148878953013,0.0021836498692313472
13.5,26.5,13971,0.001426737833288485,0.006517655198613101,0.00450191158596645,0.002187734427875641
14.5,26.5,13972,0.0013633619399475458,0.007486522346486367,0.0041761671417909155,0.002102721499650428
15.5,26.5,13973,0.001300959277424225,0.005390785084888595,0.00423381164522383,0.0020415150300266485
16.5,26.5,13974,0.0013171191531686495,0.007150064841557881,0.006594916022560101,0.002120602945385877
17.5,26.5,13975,0.0013171191531686495,0.009127141647369478,0.007158474044869243,0.0021110427004213694
18.5,26.5,13976,0.001312324680978091,0.0073384249151292975,0.004198201504242538,0.002195733751312352
19.5,26.5,13977,0.0013075744671630439,0.006838860565022269,0.0030335936713717137,0.002095033572236765
20.5,26.5,13978,0.0012799845452990896,0.0063955291097857305,NA,0.0021756883825569716
21.5,26.5,13979,0.0012813646905992196,0.006024747715316,NA,0.0023216216833511767
22.5,26.5,13980,0.001267513326910526,0.005221917954805189,NA,0.0024853044951270525
23.5,26.5,13981,0.0012984930874200315,0.005185246392551862,NA,0.0025144134290704507
24.5,26.5,13982,0.001280352677668297,0.004947286443966239,NA,0.0024072081583983926
25.5,26.5,13983,0.001124259621177699,0.0049065000347898536,NA,0.0020870615250392225
26.5,26.5,13984,0.001023056026063398,0.003453733407889262,NA,0.0018003291984868997
27.5,26.5,13985,9.529619475118471e-4,0.003143721705885862,NA,0.0016438017825032977
28.5,26.5,13986,9.304275064004517e-4,0.0030491346995982498,NA,0.0016344366997555165
29.5,26.5,13987,9.344104069111626e-4,0.0029930716449385352,NA,0.0016907272269651675
30.5,26.5,13988,9.344104069111626e-4,NA,NA,0.0017297670769956988
31.5,26.5,13989,9.195267753863774e-4,NA,NA,0.0016180362640793315
32.5,26.5,13990,9.40320820591183e-4,NA,NA,0.0012645238520808371
33.5,26.5,13991,9.111562540498284e-4,NA,NA,0.001221258017604718
34.5,26.5,13992,9.05093502209753e-4,NA,NA,0.0011987479444241066
35.5,26.5,13993,8.921798742551999e-4,NA,NA,0.0012140081730870709
36.5,26.5,13994,8.921798742551999e-4,NA,NA,0.0011291624388407367
37.5,26.5,13995,8.934301752904442e-4,NA,NA,0.0010167270325646886
38.5,26.5,13996,9.374834381622529e-4,NA,NA,0.0010369058495555928
39.5,26.5,13997,8.629609850229364e-4,NA,NA,0.0012946193165641199
40.5,26.5,13998,0.0010698091813257057,NA,NA,NA
41.5,26.5,13999,0.0012352297578488334,NA,NA,NA
42.5,26.5,14000,0.0013176106352695395,NA,NA,NA
43.5,26.5,14001,0.001532414264973004,NA,NA,NA
44.5,26.5,14002,0.001878699603891582,NA,NA,NA
45.5,26.5,14003,0.0018485417172285673,NA,NA,NA
46.5,26.5,14004,0.001602602648779444,NA,NA,NA
47.5,26.5,14005,0.001575557075991622,NA,NA,NA
48.5,26.5,14006,0.001623227493648655,NA,NA,NA
49.5,26.5,14007,0.0016007316126429108,NA,NA,NA
-58.5,27.5,14027,0.01922679822100317,0.0370015748418119,0.07344365293129558,0.030895140549588494
-57.5,27.5,14028,0.01979268853951514,0.05020960802510744,0.20654877908217367,0.032807213065450654
-56.5,27.5,14029,0.03558658556175581,0.1007964048733784,0.13755343457230126,0.025716904010686634
-55.5,27.5,14030,0.02054825490745048,0.10521755848824607,0.12918777795463796,0.015606165299204425
-54.5,27.5,14031,0.018932227403754987,0.24679582207004458,0.05734084737224307,0.020089126649587886
-53.5,27.5,14032,0.06182929907887985,0.39575821138539585,0.2954916388444216,0.09180326821146687
-52.5,27.5,14033,0.12063828705208841,0.7490359117310259,0.34350730281538755,0.16883276873370312
-51.5,27.5,14034,0.04270953091902379,0.676746038178597,0.10439758663054664,0.08376204969526073
-50.5,27.5,14035,0.06491987789474088,0.7988084064125,0.2741472676040393,0.1773413376743077
-49.5,27.5,14036,0.045746931389804256,0.6403506534498193,0.31224792534089396,0.13268575055610426
-48.5,27.5,14037,0.024773675127917543,0.3619856588880291,0.1460923182935774,0.037148142819655956
-47.5,27.5,14038,0.017420978248423404,0.40973809363134883,0.15611423918272677,0.027632589609866906
-46.5,27.5,14039,0.018542346470124087,0.40919856023126544,0.14781813758407544,0.025775214662703425
-45.5,27.5,14040,0.008874686966244844,0.27658645840768864,0.04579240681309451,0.013656505839272144
-44.5,27.5,14041,0.00588003758139867,0.13960186240332645,0.030151799515292833,0.008708294136445194
-43.5,27.5,14042,0.007203948062917545,0.13666044088867788,0.03714939523300609,0.009602876773125924
-42.5,27.5,14043,0.0071228510798516985,0.12596630135312992,0.05813980729979725,0.008804898509469038
-41.5,27.5,14044,0.0060694256269816236,0.14431124639504447,0.026502086551674485,0.015165867641557045
-40.5,27.5,14045,0.018049879610286406,0.16143690867929086,0.06220347897106303,0.026497827292262688
-39.5,27.5,14046,0.016188453581171387,0.10008640809304603,0.05148940753646205,0.026943363672122096
-38.5,27.5,14047,0.014104157838696244,0.09352216232646977,0.052658751988113234,0.029414420972465154
-37.5,27.5,14048,0.024023955876574857,0.12475233640231595,0.15151530642262462,0.04788653841414438
-36.5,27.5,14049,0.012162976114389094,0.04359726089060964,0.17883644225704196,0.023358073519014068
-35.5,27.5,14050,0.007081557013252707,0.018532774354533047,0.049128128502904066,0.010921761456440915
-34.5,27.5,14051,0.006501509593914998,0.02064798326595702,0.03962674055864486,0.00964656760060521
-33.5,27.5,14052,0.006388458887511644,0.019976827059515714,0.04216888455140116,0.009911298674750048
-32.5,27.5,14053,0.005917262755490919,0.019531783115588165,0.03167601152480312,0.00772440938285891
-31.5,27.5,14054,0.00677322705987751,0.01713145531059625,0.028635501050914378,0.00822435231887855
-30.5,27.5,14055,0.0064343846508175834,0.017626680115568536,0.03515169573034141,0.007719540160096712
-29.5,27.5,14056,0.008234759938130994,0.017387804165101432,0.03760316854604843,0.00740824256869115
-28.5,27.5,14057,0.008237033085683612,0.017568870593413062,0.037548165996059986,0.007092348331423519
-27.5,27.5,14058,0.008669986548764044,0.018327069433824554,0.03797183822985837,0.007248943806313376
-26.5,27.5,14059,0.00845484331603359,0.01777255275471581,0.03744641633888402,0.008782145234471395
-25.5,27.5,14060,0.004570275496398501,0.020207788790443146,0.03524011830791573,0.007841351198338224
-24.5,27.5,14061,0.003907067827384117,0.01736622954319334,0.034593334835536345,0.007555610769463447
-23.5,27.5,14062,0.003870377071075816,0.019367042936843534,0.03441664852543203,0.007818969679540586
-22.5,27.5,14063,0.003800707449138771,0.016955200142822976,0.0347056468312275,0.007411686854325516
-21.5,27.5,14064,0.003425036987589753,0.017220755343996242,0.03737178963452743,0.006749310572524961
-20.5,27.5,14065,0.001960409151655326,0.010466287733296612,0.023095884400295474,0.004318132206816299
-19.5,27.5,14066,0.0017829787995091472,0.012678744001807622,0.020529191622599714,0.003964055455691357
-18.5,27.5,14067,0.0017829787995091472,0.01018276236006968,0.023443548308049823,0.004299337707277296
-17.5,27.5,14068,0.0020574272635498644,0.010694269799239785,0.018016361243197575,0.0038514575334087004
-16.5,27.5,14069,0.0020213447031126805,0.010754591090631323,0.01643861184815389,0.003816349704738943
-15.5,27.5,14070,0.0017539127377987406,0.012746964874870937,0.008763457607118965,0.003824058562536049
-14.5,27.5,14071,0.0020213447031126805,0.017001458305716907,0.007967693299022055,0.003824058562536049
-13.5,27.5,14072,0.0020007562904523534,0.01132162052131176,0.011361438804079018,0.00412380387252527
-12.5,27.5,14073,0.00200836225159036,0.009324757482366124,0.007847441004873446,0.003820674208279807
-11.5,27.5,14074,0.002029028772861548,0.007476262988017557,0.006280122258559907,0.0038012264975362162
-10.5,27.5,14075,0.0017605819679669973,0.007211422913682179,0.003906703025506064,0.003700185077519603
-9.5,27.5,14076,0.002029028772861548,0.007211422913682179,0.004645770301310494,0.005307978421221607
-8.5,27.5,14077,0.0021764958119434097,0.006176335797075794,0.004982469041099688,0.004479375916266557
-7.5,27.5,14078,0.0024324323516378894,0.0072477130991737936,0.005979342296430934,0.002226709882863368
-6.5,27.5,14079,0.002641634369889529,0.008439926672078655,0.00432642717525933,0.0020537081551404196
-5.5,27.5,14080,0.002761502183173947,0.006221942435008658,0.003954616145669933,0.0019170323209885662
-4.5,27.5,14081,0.003680425956124692,0.009588331989785578,0.007906046069059076,0.0024888841735441728
-3.5,27.5,14082,0.004474646176526992,0.00899031175642922,0.005802435858689525,0.0020713382743790653
-2.5,27.5,14083,0.00456204680023222,0.009064170073550683,0.005721065023430095,0.002109076569626169
-1.5,27.5,14084,0.0047523793817503485,0.008494243537299264,0.009310631706657817,0.002157814144977559
-0.5,27.5,14085,0.004918956089510873,0.010022169872237821,0.005345761647527584,0.0022578429106965975
0.5,27.5,14086,0.005475032503122394,0.008533858395709646,0.005966542503814357,0.0026182237817384208
1.5,27.5,14087,0.01038562938574917,0.014266834338682002,0.012478787561101727,0.006075267471818073
2.5,27.5,14088,0.01026195745074402,0.011801884664929124,0.01111127204134981,0.004723583095350771
3.5,27.5,14089,0.008110360550245659,0.011174719961976345,0.011122564761967924,0.004502157795761877
4.5,27.5,14090,0.004395596492836462,0.005697251568380041,0.005534368623696843,0.0023156615177069738
5.5,27.5,14091,0.00436631923018913,0.005433364861356602,0.00515398047894969,0.0021949405130859663
6.5,27.5,14092,0.00415384164175832,0.006151802309182926,0.005073322514820014,0.002301397367309082
7.5,27.5,14093,0.004767242136012193,0.004389579270607289,0.0059229080100738135,0.0021384843103953986
8.5,27.5,14094,0.003181854852338972,0.005279784444675296,0.00583490929077752,0.002101809271995084
9.5,27.5,14095,0.0030554618004801693,0.00487958728030164,0.005800696390262308,0.002066807280268531
10.5,27.5,14096,0.004894015871388184,0.007893661400399822,0.004394757736150385,0.002057532849454282
11.5,27.5,14097,0.002392802751212797,0.004894466407852398,0.0058525712760436515,0.0021369498849928364
12.5,27.5,14098,0.0022164983879747,0.004820754408398208,0.005874573965704058,0.00204802317192936
13.5,27.5,14099,0.0018819728728944095,0.004668899593775404,0.004479964746437548,0.001985616505694271
14.5,27.5,14100,0.0015962841375054195,0.00442414856142767,0.004431755415131589,0.0019554755952778517
15.5,27.5,14101,0.0018491517828700566,0.004502894411948273,0.004483762955422227,0.001955040374591706
16.5,27.5,14102,0.0018549081230008198,0.005011386505569224,0.004369239909747385,0.00195101802356365
17.5,27.5,14103,0.001945745540980609,0.005799306419219548,0.004018213563098181,0.002087635915578064
18.5,27.5,14104,0.0013627532713874843,0.00640937553344935,0.0041119609202554365,0.0020691736735364624
19.5,27.5,14105,0.001314659696147299,0.005106437631292354,0.007206096963359633,0.0019763581261629417
20.5,27.5,14106,0.0013052950848797204,0.004800839545040031,NA,0.001989828989536546
21.5,27.5,14107,0.0012601291189729147,0.004270238942693959,NA,0.0019498313075371682
22.5,27.5,14108,0.0010029581492852233,0.0030578583146482308,NA,0.0015229705360409423
23.5,27.5,14109,9.863755314102147e-4,0.0025797525174525078,NA,0.001819528545433459
24.5,27.5,14110,0.0010078428935097823,0.002580574347483973,NA,0.0015302996068958384
25.5,27.5,14111,9.496761607214488e-4,0.0024442504226787885,NA,0.0014631926599467432
26.5,27.5,14112,9.633207453627594e-4,0.002441690538150544,NA,0.0014562406805708871
27.5,27.5,14113,9.670467981074839e-4,0.00235588740439964,NA,0.0014639801849071262
28.5,27.5,14114,9.607794340591257e-4,0.0022497523030329445,NA,0.001509345631152342
29.5,27.5,14115,9.548441257532497e-4,0.0022242500449657704,NA,0.0012259104265810773
30.5,27.5,14116,9.281829860824657e-4,NA,NA,0.0012030527318194534
31.5,27.5,14117,9.281829860824657e-4,NA,NA,0.0011618110208628369
32.5,27.5,14118,9.321562873927016e-4,NA,NA,0.0012313985215155435
33.5,27.5,14119,9.340800499125347e-4,NA,NA,0.001166050017468087
34.5,27.5,14120,9.337799945487407e-4,NA,NA,0.0011234911802088935
35.5,27.5,14121,9.525631314224986e-4,NA,NA,0.0010684651627867262
36.5,27.5,14122,9.42420210420545e-4,NA,NA,0.0010747003901123331
37.5,27.5,14123,0.0011342097846657895,NA,NA,0.001021236000809086
38.5,27.5,14124,9.894626919965729e-4,NA,NA,0.0010394662356279119
39.5,27.5,14125,0.0012618056558243843,NA,NA,0.0010683381821510111
40.5,27.5,14126,0.001486164725423191,NA,NA,NA
41.5,27.5,14127,0.0015833265225062975,NA,NA,NA
42.5,27.5,14128,0.0015418368657501395,NA,NA,NA
43.5,27.5,14129,0.0015539206936715916,NA,NA,NA
44.5,27.5,14130,0.002592195729613025,NA,NA,NA
45.5,27.5,14131,0.001626157954983929,NA,NA,NA
46.5,27.5,14132,0.001626157954983929,NA,NA,NA
47.5,27.5,14133,0.0016202723769390508,NA,NA,NA
48.5,27.5,14134,0.0016342839382907468,NA,NA,NA
49.5,27.5,14135,0.0015340212912536792,NA,NA,NA
-57.5,28.5,14152,0.043649141722023874,0.051710352057872014,0.04339379000896248,0.04596697520768138
-56.5,28.5,14153,0.013213063602082725,0.05382738172093722,0.10551155426207091,0.024174778726230358
-55.5,28.5,14154,0.04701731290666745,0.12985594016802968,0.14436835497024164,0.020387260973355532
-54.5,28.5,14155,0.040370435905327684,0.0783716044296374,0.08590164101892757,0.015923485108814372
-53.5,28.5,14156,0.017568322589177152,0.08148312047808207,0.11412429653380379,0.014322105290131164
-52.5,28.5,14157,0.14407932203718196,0.6385990281789089,0.3898156859399734,0.22307938006688238
-51.5,28.5,14158,0.12714954542633586,0.689984883085324,0.39657335413267353,0.22669761489760162
-50.5,28.5,14159,0.01865704013506327,0.19710357403485038,0.055918822627340076,0.0321010729724448
-49.5,28.5,14160,0.08003819523279045,0.6673490086881069,0.3137893894713283,0.21323531600381487
-48.5,28.5,14161,0.03221472348335804,0.49230345533848163,0.2335549838355572,0.09990863771593757
-47.5,28.5,14162,0.023462548116914495,0.30097980279529596,0.14467544754450296,0.058110145534814715
-46.5,28.5,14163,0.02103223602178243,0.1790459091350852,0.14933899898281233,0.030677044998708106
-45.5,28.5,14164,0.01049314778587122,0.12069671786258673,0.057671976775695195,0.013140170707590342
-44.5,28.5,14165,0.0062302600082110625,0.07975281317852854,0.03750364581316214,0.009430423314475906
-43.5,28.5,14166,0.008184908097926026,0.07629971615617298,0.039934529220483926,0.009399544570052853
-42.5,28.5,14167,0.007673476375632946,0.07493527839112049,0.031768465040277055,0.00994975741375405
-41.5,28.5,14168,0.007495131403947942,0.1147251944133215,0.04796500203223246,0.009188227730817412
-40.5,28.5,14169,0.005810007453179185,0.12373888263985834,0.05641874230288716,0.009846602790790688
-39.5,28.5,14170,0.00680391118309157,0.0932738999008673,0.05073112761313137,0.008596156952147356
-38.5,28.5,14171,0.011039865728678933,0.14843338144816778,0.10518984424188954,0.027737807546512068
-37.5,28.5,14172,0.012281400989222266,0.21517761568442023,0.15069875186220033,0.02799604324922673
-36.5,28.5,14173,0.005035728569904321,0.06543857137229392,0.07739553167821067,0.012504007552848025
-35.5,28.5,14174,0.005173281191911749,0.03998232738921959,0.06230455686874525,0.010877754955484946
-34.5,28.5,14175,0.00484790971486667,0.04242599733145557,0.06541873615088034,0.0103529803348005
-33.5,28.5,14176,0.006807807364784004,0.048686931744912496,0.04097228061151209,0.023244546959578016
-32.5,28.5,14177,0.006702060978173848,0.051265704364878484,0.052331837674291344,0.01026211931803964
-31.5,28.5,14178,0.00921750190169974,0.044778864240792894,0.0413347447577959,0.011296997419983017
-30.5,28.5,14179,0.009234515726871232,0.04764608983167359,0.01875026856012175,0.011271304555214932
-29.5,28.5,14180,0.006684142000404393,0.033900847763644125,0.03100832285097742,0.007230818431941912
-28.5,28.5,14181,0.007529699712334808,0.0341833209118176,0.03398146235732803,0.007326311155731309
-27.5,28.5,14182,0.00805086131675495,0.04113496279216538,0.036398191769703686,0.007711159871550252
-26.5,28.5,14183,0.007748247788239469,0.03513520407666721,0.036089959690374616,0.008056612032406832
-25.5,28.5,14184,0.008081309669484069,0.01995234042313989,0.03512940799798131,0.007835177671307841
-24.5,28.5,14185,0.006455658105898292,0.020985121684723572,0.040458895797884455,0.008226049836754916
-23.5,28.5,14186,0.007393629556573153,0.015341340709519313,0.0371462966434451,0.00813388717668431
-22.5,28.5,14187,0.0036215488571610813,0.011385990630351294,0.019457815108542303,0.0069016177437997385
-21.5,28.5,14188,0.003215470293309016,0.008815816446120568,0.01687408368542431,0.004785641413148154
-20.5,28.5,14189,0.0025024935350184455,0.008199689338663033,0.015312546542018413,0.004389221859143881
-19.5,28.5,14190,0.002884207621359217,0.008344638304024144,0.010973777894141987,0.004850605914343525
-18.5,28.5,14191,0.002546085901001955,0.0094189036419026,0.010669598262961641,0.005604208826068195
-17.5,28.5,14192,0.0028091496183266134,0.009210602782909827,0.015275637335983977,0.004382241020727873
-16.5,28.5,14193,0.0023088185017553072,0.009687017583776068,0.015130721687522419,0.004361896640574149
-15.5,28.5,14194,0.002281803675356879,0.011301531876961913,0.01667701592236559,0.004361896640574149
-14.5,28.5,14195,0.0019799803171515512,0.009467178372292296,0.011405749657370904,0.004336227370022408
-13.5,28.5,14196,0.002125958629438583,0.009002749042737915,0.03331307711826515,0.004303822557800586
-12.5,28.5,14197,0.0021101301927171023,0.011740809667129933,0.035733281072727295,0.0042519145178408005
-11.5,28.5,14198,0.0020615275707079653,0.010647055729941818,0.020578916150135802,0.004235310348243452
-10.5,28.5,14199,0.0020314954832369447,0.00925194826578963,0.02067791359912593,0.004592807930684331
-9.5,28.5,14200,0.0017753945370171513,0.008652045245216363,0.010613330653723033,0.00414695323394693
-8.5,28.5,14201,0.003646126434659596,0.015338481691799627,0.011419669094730293,0.004171526007440039
-7.5,28.5,14202,0.0022750519635537586,0.009613082723703458,0.013780013251348271,0.004774837796089281
-6.5,28.5,14203,0.002310071047814028,0.010241074048181352,0.009307937385303562,0.006694943141332609
-5.5,28.5,14204,0.002076982101280915,0.011537950578461553,0.009994211481000048,0.00580950418145896
-4.5,28.5,14205,0.003423182366754307,0.01802701318044569,0.012998328654906188,0.007621685970848603
-3.5,28.5,14206,0.0040551792559655984,0.020497151049390684,0.013560030560767978,0.004650258937101949
-2.5,28.5,14207,0.004062402858066443,0.016369687535662064,0.010912749959090395,0.0038921622415904688
-1.5,28.5,14208,0.004321803086385525,0.017186054290574623,0.009892434100943247,0.004042948249080587
-0.5,28.5,14209,0.0044242705767683806,0.016118498538567637,0.009048340273110326,0.0040995211012692925
0.5,28.5,14210,0.008301941764120208,0.028505985816427378,0.01534297269747978,0.008937191591715306
1.5,28.5,14211,0.008309176532978017,0.02701364686330703,0.016892937787297266,0.006075704499272576
2.5,28.5,14212,0.009239173171277386,0.030194640744358105,0.014045038971162714,0.005689137440197203
3.5,28.5,14213,0.009345641925239274,0.03159193427140552,0.012648973063006467,0.007386043475317269
4.5,28.5,14214,0.004410796097696053,0.014891157669024066,0.0051161165015002974,0.004150108601873156
5.5,28.5,14215,0.004398777691643515,0.012998741967226451,0.00571865203268626,0.0018959021792630051
6.5,28.5,14216,0.004412649099016529,0.012933776214766643,0.005751623904013302,0.0017696669962332294
7.5,28.5,14217,0.004156549298483373,0.012069234721275638,0.005470960486181796,0.0017129366488129484
8.5,28.5,14218,0.004172316337412424,0.009451542577505691,0.00672742784591962,0.0017093791444409252
9.5,28.5,14219,0.004042896163368687,0.007464016899236503,0.0043074852302102,0.0016737365059005438
10.5,28.5,14220,0.004042896163368687,0.007522151694840594,0.006031199067053107,0.001738894796906161
11.5,28.5,14221,0.004037675324157443,0.0075751408570417286,0.006009563467224278,0.001590413968550255
12.5,28.5,14222,0.004037675324157443,0.008139720700323694,0.006891728634141232,0.0016099646093486301
13.5,28.5,14223,0.0045477266664773665,0.008524386854878375,0.00572635573659556,0.0016189322693742872
14.5,28.5,14224,0.004007437870937075,0.007211013111681348,0.005710355594913232,0.00161928392114444
15.5,28.5,14225,0.004608970601811817,0.008483874953499481,0.005780335955521431,0.0016466676512159168
16.5,28.5,14226,0.004107373579972755,0.006659178624463028,0.005765806797941543,0.0016420577580333587
17.5,28.5,14227,0.003164957140797941,0.005484776311966984,0.005401697064152663,0.0015637915596468303
18.5,28.5,14228,0.002056017233653939,0.00359296872938839,0.0033175936366057666,0.0012350271958860724
19.5,28.5,14229,0.0015942578708506593,0.0035817838861337344,0.003245155432091778,0.0012153033407879593
20.5,28.5,14230,0.001506031217125161,0.004529468251966917,NA,0.0012205042254892899
21.5,28.5,14231,0.0013565879832466423,0.0038569019750091357,NA,0.0012097989095026219
22.5,28.5,14232,0.0014584457084093553,0.00379522872928282,NA,0.0011458057113109478
23.5,28.5,14233,0.0016770120671111763,0.0031740581182320925,NA,0.0011458057113109478
24.5,28.5,14234,0.0016113810242370061,0.004323301136633051,NA,0.001191657478192727
25.5,28.5,14235,0.0013171493203898742,0.0028275897573352944,NA,0.001210614299722237
26.5,28.5,14236,0.0013121622971036693,0.0028168999978864014,NA,0.0011931915327290715
27.5,28.5,14237,0.0012912694717817199,0.002282872446543399,NA,0.0011293555791537012
28.5,28.5,14238,0.0013029983303738414,0.002142772639579421,NA,0.0010801644134999372
29.5,28.5,14239,0.0012291976454955756,0.0021145673300750727,NA,0.0010664346222069843
30.5,28.5,14240,0.0012531881945920702,NA,NA,0.0010677728184787386
31.5,28.5,14241,0.0012778446801519124,NA,NA,0.0010546322460664352
32.5,28.5,14242,0.0012619350814017107,NA,NA,0.0010100549229199293
33.5,28.5,14243,0.0012619350814017107,NA,NA,0.0010105074780653455
34.5,28.5,14244,0.0013124799152530002,NA,NA,0.0010176636178018984
35.5,28.5,14245,0.0013296791510237944,NA,NA,0.001113922484936377
36.5,28.5,14246,0.0014681035754285352,NA,NA,0.0011278661577109007
37.5,28.5,14247,0.0014823638635370145,NA,NA,0.0011337286303207223
38.5,28.5,14248,0.0017403674018908377,NA,NA,0.0011416717306059435
39.5,28.5,14249,0.001720048060938029,NA,NA,0.0011547042917976725
40.5,28.5,14250,0.001661883179592335,NA,NA,NA
41.5,28.5,14251,0.001688195542055127,NA,NA,NA
42.5,28.5,14252,0.0015551664885913696,NA,NA,NA
43.5,28.5,14253,0.0018121485595912286,NA,NA,NA
44.5,28.5,14254,0.0016953466125554022,NA,NA,NA
45.5,28.5,14255,0.0018070142330413844,NA,NA,NA
46.5,28.5,14256,0.0017956240026870162,NA,NA,NA
47.5,28.5,14257,0.0019912502801244206,NA,NA,NA
48.5,28.5,14258,0.0018518138163452446,NA,NA,NA
49.5,28.5,14259,0.0017620097675804763,NA,NA,NA
-57.5,29.5,14277,0.024469078001231895,0.03272390104875321,0.03437244413017767,0.02409755502600479
-56.5,29.5,14278,0.030973977738595473,0.043710849194260694,0.05624227645723165,0.03978926341609062
-55.5,29.5,14279,0.01606141519453161,0.029903826496121222,0.04806730392033208,0.01378064775195835
-54.5,29.5,14280,0.01736819532195057,0.06765847019249004,0.02422297029826175,0.02087930078004235
-53.5,29.5,14281,0.03240569113246683,0.05925115921500863,0.03851377522595277,0.017593209647398286
-52.5,29.5,14282,0.01946781306870192,0.0599402593327839,0.10388344883689042,0.01569704447941352
-51.5,29.5,14283,0.14709586106136258,0.6969508171044957,0.487839601970454,0.15723447018933936
-50.5,29.5,14284,0.04327909846859818,0.33934052678995913,0.12838832051513685,0.08352729177705166
-49.5,29.5,14285,0.08133036320553892,0.4502295776023648,0.32178319772821107,0.19619455896532034
-48.5,29.5,14286,0.04859223895512734,0.24186253963459442,0.13361939067263395,0.07198183997624728
-47.5,29.5,14287,0.023104178028770486,0.10063194367124448,0.10336874173429347,0.04054515698685822
-46.5,29.5,14288,0.0166151116563303,0.06950804399973885,0.12840429550032528,0.03518132119901325
-45.5,29.5,14289,0.015584900834181526,0.09406658548574554,0.11605266481159589,0.031166761978694366
-44.5,29.5,14290,0.00731892535003463,0.07155551700509218,0.042351792840377475,0.012982143327637767
-43.5,29.5,14291,0.006223102995373833,0.06770380057445424,0.039965681927854206,0.01371165364620063
-42.5,29.5,14292,0.007343846114004772,0.07974978917597281,0.051945400138912065,0.01334552330119805
-41.5,29.5,14293,0.0070874568075780945,0.06689431736123676,0.04058366821153777,0.014775893265726493
-40.5,29.5,14294,0.011445569592656687,0.12464685883391947,0.1246648143520163,0.034275205315333894
-39.5,29.5,14295,0.013816672122566364,0.10718924502607026,0.20800894527489217,0.0405709095536857
-38.5,29.5,14296,0.010003964260893906,0.10669209586764102,0.1428037995114956,0.013049562245129622
-37.5,29.5,14297,0.006428627752363795,0.05226081794190758,0.06735392810626678,0.007694334423265821
-36.5,29.5,14298,0.005622068299140601,0.03693264959764789,0.045182352345775334,0.006401704769804139
-35.5,29.5,14299,0.005333011655186893,0.05150088770555856,0.03682739911538209,0.009819584005916086
-34.5,29.5,14300,0.0056324823543694325,0.042276981755929116,0.050579336567518986,0.009465740743399982
-33.5,29.5,14301,0.00606455387990585,0.032357942765339535,0.08015042265900651,0.00907537106914935
-32.5,29.5,14302,0.00573836318039199,0.029271420081425123,0.05431401039797313,0.009627698679715965
-31.5,29.5,14303,0.0031586212501542744,0.013325360164378245,0.016282775840094847,0.005307583948177939
-30.5,29.5,14304,0.003073827925328548,0.013175865485294156,0.00899493832195736,0.0053504989321458965
-29.5,29.5,14305,0.0030304086850191903,0.014399382330707252,0.00817347393043783,0.0062130333706311176
-28.5,29.5,14306,0.003837509385211706,0.022700918237105263,0.01135898002989527,0.0068783345189354665
-27.5,29.5,14307,0.0033714670948020694,0.027186842619716108,0.013329475089696643,0.006138340389267157
-26.5,29.5,14308,0.006016792645672654,0.042788473258608815,0.020660240663290537,0.009461824857816525
-25.5,29.5,14309,0.0037859842513235354,0.02949081216071958,0.01253558142576663,0.0056085979915278545
-24.5,29.5,14310,0.0031260130142080427,0.024988483821970383,0.00991957191041817,0.004900568010255894
-23.5,29.5,14311,0.0031725412917203073,0.02122963631836826,0.006915594416586364,0.004352524113907699
-22.5,29.5,14312,0.002789962485898052,0.01789474508731379,0.015697361848001155,0.0040256008965569206
-21.5,29.5,14313,0.002786944061486583,0.018090783323036215,0.01845329664328828,0.004094200011357315
-20.5,29.5,14314,0.003734555844934609,0.022454965821584374,0.02133086990451388,0.00397997994495608
-19.5,29.5,14315,0.004258848399850798,0.01996518975492012,0.023241064920348702,0.003943907884603513
-18.5,29.5,14316,0.0036616301945550152,0.019167798768170284,0.01538512538690916,0.003801036422529807
-17.5,29.5,14317,0.004225794581334445,0.019102357156360054,0.01639133286034017,0.004052747611265975
-16.5,29.5,14318,0.004091320960130395,0.021066094046499083,0.016360769562243367,0.0040696637485331585
-15.5,29.5,14319,0.004078877835906332,0.010654107296323793,0.015285268839175296,0.003865823651576085
-14.5,29.5,14320,0.0040523964390432096,0.01156752760856195,0.015467772326141218,0.0037936139774963416
-13.5,29.5,14321,0.003948926186674924,0.0076618583189957635,0.013043856413937007,0.0037799162495837733
-12.5,29.5,14322,0.00401770230097857,0.0077947943224660286,0.012960475697674428,0.0037576589421515513
-11.5,29.5,14323,0.003970771892888254,0.00852674987469546,0.012824094259767571,0.003719499779611553
-10.5,29.5,14324,0.004055946592919213,0.010624856459823955,0.015432925306333748,0.003674613198617908
-9.5,29.5,14325,0.004019507409356991,0.012242013113110984,0.015499551731614795,0.0062575842427089485
-8.5,29.5,14326,0.004140908655952327,0.008613551775641227,0.014138414202327644,0.003875002368293851
-7.5,29.5,14327,0.004409180096508626,0.009819014118045439,0.017490577616731645,0.00397076098470998
-6.5,29.5,14328,0.00413855804697839,0.0080220905969821,0.01363706054771954,0.0032721406021793283
-5.5,29.5,14329,0.004484844040988,0.008780120306523465,0.01503034365889062,0.0035990783171953675
-4.5,29.5,14330,0.007083484446308937,0.014999573204052293,0.025227624600890675,0.005728746616595773
-3.5,29.5,14331,0.0056764784160098555,0.016477881790251437,0.0267831921637091,0.006874776150395692
-2.5,29.5,14332,0.0056764784160098555,0.01639890518418909,0.0267831921637091,0.008013127625225241
-1.5,29.5,14333,0.005574844687322664,0.01706420098226532,0.026696686480445354,0.008824464416016163
-0.5,29.5,14334,0.006099493738367001,0.018677599513407545,0.035187897263215924,0.007806983824683852
0.5,29.5,14335,0.006183509820086974,0.019046629332110376,0.03655031749852859,0.006853992214144244
1.5,29.5,14336,0.010610669498439642,0.032798877904611994,0.06302055020336413,0.006683993336399602
2.5,29.5,14337,0.0067795439512047225,0.021855866741303173,0.07173326378356122,0.004245591267205556
3.5,29.5,14338,0.006139530105827241,0.020061358016872484,0.0595775740424997,0.003899473263602249
4.5,29.5,14339,0.00612283026552657,0.022171800133170008,0.046385065281079184,0.003846370548678944
5.5,29.5,14340,0.006052545254557756,0.021262230215338573,0.029634932049194873,0.0040792973984832255
6.5,29.5,14341,0.005715785023132492,0.019878454750284342,0.024085315754464178,0.00348252630425984
7.5,29.5,14342,0.005705638285941636,0.018407634464532235,0.01607191165599333,0.0034048160943120406
8.5,29.5,14343,0.00417149507483661,0.018832149463397094,0.013816767049365915,0.003029069305990803
9.5,29.5,14344,0.00417149507483661,0.018258220416902067,0.012079469356950175,0.0028392651841501163
10.5,29.5,14345,0.004191504174271666,0.01603898104470432,0.011615107385434222,0.0026646820816542535
11.5,29.5,14346,0.004405017843731051,0.016410873071640367,0.009110100094507752,0.002885931456319845
12.5,29.5,14347,0.00420416025394632,0.014365262119986013,0.008675195590917426,0.002646797202150173
13.5,29.5,14348,0.00420416025394632,0.014365262119986013,0.007683036382489335,0.002688143880814788
14.5,29.5,14349,0.0042015294383495865,0.014309234616377602,0.005983533324962019,0.00237703254687147
15.5,29.5,14350,0.0036975187068627254,0.011314646989384202,0.006000142440255282,0.0020561177907753333
16.5,29.5,14351,0.0024392199008795145,0.006578526040024972,0.004865176249642556,0.0015372959145895481
17.5,29.5,14352,0.001946516746707213,0.005846135826313001,0.004444611666633738,0.0013452640655928303
18.5,29.5,14353,0.0019567777462250573,0.005742055279583149,0.0042959933621188615,0.0023279181726409267
19.5,29.5,14354,0.0022617489930188577,0.005665829777587091,0.0041587720454076705,0.0010806021463316063
20.5,29.5,14355,0.0019524000372229398,0.005776283481659017,NA,0.0010808494382692443
21.5,29.5,14356,0.002249941359632838,0.00564859896025888,NA,0.0010941429688223387
22.5,29.5,14357,0.0019829999472069145,0.007180803052325928,NA,0.0010765656192134095
23.5,29.5,14358,0.0020119605322479256,0.005482520986667181,NA,0.0010765656192134095
24.5,29.5,14359,0.0017749759788682974,0.004304325061271146,NA,0.001142344737426186
25.5,29.5,14360,0.0017755229522407104,0.003447215543595799,NA,0.0010511982275853281
26.5,29.5,14361,0.0017041957357191767,0.003113576798081294,NA,0.0010349318862614783
27.5,29.5,14362,0.0017041957357191767,0.003075172899974391,NA,9.96685489645753e-4
28.5,29.5,14363,0.0016566740121970094,0.0029880858275330288,NA,9.490922327446316e-4
29.5,29.5,14364,0.0016566740121970094,0.0028998842855546387,NA,9.538140366463799e-4
30.5,29.5,14365,0.0016971492293599679,NA,NA,9.56728393651549e-4
31.5,29.5,14366,0.0017216971281009113,NA,NA,9.581783792567376e-4
32.5,29.5,14367,0.0017347336891991648,NA,NA,9.86579125346484e-4
33.5,29.5,14368,0.001762448033938253,NA,NA,9.907193044711793e-4
34.5,29.5,14369,0.0017405154742152172,NA,NA,9.907193044711793e-4
35.5,29.5,14370,0.0017405154742152172,NA,NA,9.949361966768502e-4
36.5,29.5,14371,0.001747960068101814,NA,NA,0.0010206955975149174
37.5,29.5,14372,0.0018029472280593302,NA,NA,0.00120599729935657
38.5,29.5,14373,0.0017766021234196473,NA,NA,0.0032067730285872927
39.5,29.5,14374,0.0017947807712669153,NA,NA,0.0016775042147101405
40.5,29.5,14375,0.0018639879338481474,NA,NA,NA
41.5,29.5,14376,0.0017784314670180516,NA,NA,NA
42.5,29.5,14377,0.001806491220035631,NA,NA,NA
43.5,29.5,14378,0.0019697079874823596,NA,NA,NA
44.5,29.5,14379,0.0022756550498996496,NA,NA,NA
45.5,29.5,14380,0.0021982843374017858,NA,NA,NA
46.5,29.5,14381,0.001999422080439552,NA,NA,NA
47.5,29.5,14382,0.0016470376214422098,NA,NA,NA
48.5,29.5,14383,0.0019401930237215716,NA,NA,NA
49.5,29.5,14384,0.0035313413943641424,NA,NA,NA
-29.5,30.5,14429,0.0026987795870451288,NA,NA,NA
-28.5,30.5,14430,0.0032531645510826194,NA,NA,NA
-27.5,30.5,14431,0.00332017995155418,NA,NA,NA
-26.5,30.5,14432,0.0032828816921901824,NA,NA,NA
-25.5,30.5,14433,0.003089266912752991,NA,NA,NA
-24.5,30.5,14434,0.002939383396345673,NA,NA,NA
-23.5,30.5,14435,0.0025780427661709496,NA,NA,NA
-22.5,30.5,14436,0.0029256805343658592,NA,NA,NA
-21.5,30.5,14437,0.0027452334908887655,NA,NA,NA
-20.5,30.5,14438,0.002664202710337924,NA,NA,NA
-29.5,31.5,14553,0.004191358891329569,NA,NA,NA
-28.5,31.5,14554,0.004178237302433096,NA,NA,NA
-27.5,31.5,14555,0.004086348431848777,NA,NA,NA
-26.5,31.5,14556,0.003344633441603153,NA,NA,NA
-25.5,31.5,14557,0.0034756688613869556,NA,NA,NA
-24.5,31.5,14558,0.0042026354483901025,NA,NA,NA
-23.5,31.5,14559,0.004129833221614149,NA,NA,NA
-22.5,31.5,14560,0.0037781134512575,NA,NA,NA
-21.5,31.5,14561,0.003606490181768133,NA,NA,NA
-20.5,31.5,14562,0.0032055840875429785,NA,NA,NA
-29.5,32.5,14675,0.004145056233851604,NA,NA,NA
-28.5,32.5,14676,0.0032853166806735795,NA,NA,NA
-27.5,32.5,14677,0.003972327415822701,NA,NA,NA
-26.5,32.5,14678,0.003931327891739489,NA,NA,NA
-25.5,32.5,14679,0.003931917793228542,NA,NA,NA
-24.5,32.5,14680,0.003908823430091862,NA,NA,NA
-23.5,32.5,14681,0.004313760785243636,NA,NA,NA
-22.5,32.5,14682,0.0041494055927053615,NA,NA,NA
-21.5,32.5,14683,0.0053493526790252075,NA,NA,NA
-20.5,32.5,14684,0.004082320111675505,NA,NA,NA
-29.5,33.5,14792,0.00408525071497988,NA,NA,NA
-28.5,33.5,14793,0.003998242301086185,NA,NA,NA
-27.5,33.5,14794,0.003895036501191391,NA,NA,NA
-26.5,33.5,14795,0.003647281363241542,NA,NA,NA
-25.5,33.5,14796,0.0035245719928356754,NA,NA,NA
-24.5,33.5,14797,0.0035245719928356754,NA,NA,NA
-23.5,33.5,14798,0.0035095873785043036,NA,NA,NA
-22.5,33.5,14799,0.003701885151498056,NA,NA,NA
-21.5,33.5,14800,0.003672303581627169,NA,NA,NA
-20.5,33.5,14801,0.00373509602605804,NA,NA,NA
-29.5,34.5,14906,0.0030119356723489975,NA,NA,NA
-28.5,34.5,14907,0.003592342047974211,NA,NA,NA
-27.5,34.5,14908,0.0034301327551264477,NA,NA,NA
-26.5,34.5,14909,0.0033765260161375123,NA,NA,NA
-25.5,34.5,14910,0.0033765260161375123,NA,NA,NA
-24.5,34.5,14911,0.0034190036415066636,NA,NA,NA
-23.5,34.5,14912,0.0033212595413715422,NA,NA,NA
-22.5,34.5,14913,0.0033212595413715422,NA,NA,NA
-21.5,34.5,14914,0.003270644556134837,NA,NA,NA
-20.5,34.5,14915,0.0030614170353310123,NA,NA,NA
-29.5,35.5,15016,0.0030074880563515003,NA,NA,NA
-28.5,35.5,15017,0.0030029310758375003,NA,NA,NA
-27.5,35.5,15018,0.002955196748108411,NA,NA,NA
-26.5,35.5,15019,0.0032605392717573864,NA,NA,NA
-25.5,35.5,15020,0.0033212595413715422,NA,NA,NA
-24.5,35.5,15021,0.0033212595413715422,NA,NA,NA
-23.5,35.5,15022,0.0033212595413715422,NA,NA,NA
-22.5,35.5,15023,0.0032605392717573864,NA,NA,NA
-21.5,35.5,15024,0.003056161683548655,NA,NA,NA
-20.5,35.5,15025,0.0029018777226005993,NA,NA,NA
-29.5,36.5,15127,0.003005138954915226,NA,NA,NA
-28.5,36.5,15128,0.0030163862185482197,NA,NA,NA
-27.5,36.5,15129,0.003025765101031701,NA,NA,NA
-26.5,36.5,15130,0.003030451200235936,NA,NA,NA
-25.5,36.5,15131,0.0029822807235852684,NA,NA,NA
-24.5,36.5,15132,0.002954353640157045,NA,NA,NA
-23.5,36.5,15133,0.002949178384259098,NA,NA,NA
-22.5,36.5,15134,0.002949178384259098,NA,NA,NA
-21.5,36.5,15135,0.0029356021092083427,NA,NA,NA
-20.5,36.5,15136,0.003081617817253516,NA,NA,NA
-29.5,37.5,15240,0.00318486008879075,NA,NA,NA
-28.5,37.5,15241,0.0029170561277291236,NA,NA,NA
-27.5,37.5,15242,0.002943869773255788,NA,NA,NA
-26.5,37.5,15243,0.0029584662135306774,NA,NA,NA
-25.5,37.5,15244,0.0030248825733651705,NA,NA,NA
-24.5,37.5,15245,0.0029339699571510696,NA,NA,NA
-23.5,37.5,15246,0.0029021877763490992,NA,NA,NA
-22.5,37.5,15247,0.0029021877763490992,NA,NA,NA
-21.5,37.5,15248,0.0029513064783621592,NA,NA,NA
-20.5,37.5,15249,0.00282083951345623,NA,NA,NA
-29.5,38.5,15355,0.005809092202339877,NA,NA,NA
-28.5,38.5,15356,0.003931262898951746,NA,NA,NA
-27.5,38.5,15357,0.003826356927307046,NA,NA,NA
-26.5,38.5,15358,0.00346574596603286,NA,NA,NA
-25.5,38.5,15359,0.003451070757906258,NA,NA,NA
-24.5,38.5,15360,0.003416845574967001,NA,NA,NA
-23.5,38.5,15361,0.0029019848559433963,NA,NA,NA
-22.5,38.5,15362,0.0027910668492363818,NA,NA,NA
-21.5,38.5,15363,0.0027422793353848187,NA,NA,NA
-20.5,38.5,15364,0.0026890904805963703,NA,NA,NA
-29.5,39.5,15466,0.005957735397175208,NA,NA,NA
-28.5,39.5,15467,0.005816461480176802,NA,NA,NA
-27.5,39.5,15468,0.008969844251175764,NA,NA,NA
-26.5,39.5,15469,0.00375666372469492,NA,NA,NA
-25.5,39.5,15470,0.003336830350039207,NA,NA,NA
-24.5,39.5,15471,0.006030505148170215,NA,NA,NA
-23.5,39.5,15472,0.0031538389029154255,NA,NA,NA
-22.5,39.5,15473,0.0031538389029154255,NA,NA,NA
-21.5,39.5,15474,0.0031538389029154255,NA,NA,NA
-20.5,39.5,15475,0.00528751510564174,NA,NA,NA
-39.5,-39.5,101,NA,0.004569163266935184,NA,NA
-38.5,-39.5,102,NA,0.00344929356657374,NA,NA
-37.5,-39.5,103,NA,0.0029851554965657063,NA,NA
-36.5,-39.5,104,NA,0.0013621205151072464,NA,NA
-31.5,-39.5,105,NA,0.0013648139022377286,NA,NA
-30.5,-39.5,106,NA,0.0021933336492360256,NA,NA
-39.5,-38.5,341,NA,0.005685532770757757,NA,NA
-38.5,-38.5,342,NA,3.2199775267024885e-4,NA,NA
-37.5,-38.5,343,NA,0.0010171263381592666,NA,NA
-30.5,-38.5,344,NA,0.0038655136488452953,NA,NA
-119.5,-19.5,4383,NA,0.005149981118324424,NA,0.027612073086702726
-118.5,-19.5,4384,NA,0.008507177915478262,NA,0.02196016133762337
-117.5,-19.5,4385,NA,0.01776940825588489,NA,0.03778202565247853
-116.5,-19.5,4386,NA,0.018095166604594544,NA,0.029206474541866038
-115.5,-19.5,4387,NA,0.017045382072973674,NA,0.03374694231842588
-114.5,-19.5,4388,NA,0.014979699103669628,NA,0.03148197838334244
-113.5,-19.5,4389,NA,0.014482569228418712,NA,0.03207257181492352
-112.5,-19.5,4390,NA,0.008605236280401692,NA,0.011034613632708449
-111.5,-19.5,4391,NA,0.01152428125278429,NA,0.009951908527741226
-110.5,-19.5,4392,NA,0.008456213708222726,NA,0.014350595401956963
-9.5,-19.5,4466,NA,0.015708632578757188,0.009352437828657419,0.09942701212656276
-8.5,-19.5,4467,NA,0.010810906115521433,0.006972890228474605,0.045338887810338874
-7.5,-19.5,4468,NA,0.010524063118826872,0.0069308371337082775,0.029703771604869093
-6.5,-19.5,4469,NA,0.013581541119550178,0.007167984227961018,0.04062794624723113
-5.5,-19.5,4470,NA,0.011503912959736089,0.008308285171275142,0.06624779846061246
-4.5,-19.5,4471,NA,0.012642905055468823,0.0063989045329703445,0.06571362716606526
-3.5,-19.5,4472,NA,0.013460649773998306,0.005966792376203046,0.058235650109074735
-2.5,-19.5,4473,NA,0.026603860472685564,0.007106668376075376,0.03543282104412324
-1.5,-19.5,4474,NA,0.02013074248278887,0.005108322649916407,0.02982939755609528
-0.5,-19.5,4475,NA,0.018363691185594246,0.004471201678519334,0.01616486887832462
30.5,-19.5,4506,NA,0.004600040439471014,0.002133421609773733,0.011987652788199347
31.5,-19.5,4507,NA,0.0054867345121302705,0.002055503032466607,0.01431037992039796
32.5,-19.5,4508,NA,0.009033125590453947,0.0021127047148971094,0.01666854641668414
33.5,-19.5,4509,NA,0.010860020634890392,0.002102029864439816,0.015892076316680367
34.5,-19.5,4510,NA,0.00598628528288406,0.0021127047148971094,0.01584687414688873
35.5,-19.5,4511,NA,0.0031294162456524314,0.0021127047148971094,0.012020597745198626
36.5,-19.5,4512,NA,0.00308081988882514,0.0021322546052518253,0.012054512527986564
37.5,-19.5,4513,NA,0.0033435181624241984,0.002334529077396418,0.01305690273195002
38.5,-19.5,4514,NA,0.004396925880411302,0.0028095737911689703,0.015623974595640964
39.5,-19.5,4515,NA,0.0031816783618209186,0.002041043998174665,0.010112935471113981
-119.5,-18.5,4601,NA,0.013916215134723823,NA,0.026374954875601857
-118.5,-18.5,4602,NA,0.010165247083189919,NA,0.020901334031249826
-117.5,-18.5,4603,NA,0.008949159189262462,NA,0.015280785834956205
-116.5,-18.5,4604,NA,0.010258365404335305,NA,0.013732791063789196
-115.5,-18.5,4605,NA,0.009401722588555822,NA,0.012201174798056744
-114.5,-18.5,4606,NA,0.015670462877837465,NA,0.020356819594365704
-113.5,-18.5,4607,NA,0.009261108921635295,NA,0.01261520134263968
-112.5,-18.5,4608,NA,0.008759945597603586,NA,0.012549840706914605
-111.5,-18.5,4609,NA,0.008444441736885808,NA,0.01187923521457656
-110.5,-18.5,4610,NA,0.01223252058436009,NA,0.01275119777768818
-9.5,-18.5,4687,NA,0.016803512180005562,0.007983183791323761,0.10559078917725465
-8.5,-18.5,4688,NA,0.013212720559239248,0.0060894936511546515,0.0520768160405771
-7.5,-18.5,4689,NA,0.01614086717150341,0.006243395959853629,0.05747244953835198
-6.5,-18.5,4690,NA,0.014975104327425106,0.005872519886267534,0.054255530167343205
-5.5,-18.5,4691,NA,0.015881212837446902,0.008064293714544386,0.05480031547553564
-4.5,-18.5,4692,NA,0.021116980930744694,0.009697576723963647,0.061905393080927226
-3.5,-18.5,4693,NA,0.023341773300735533,0.01095707759062664,0.1451406430963675
-2.5,-18.5,4694,NA,0.006459509891809283,0.0011967066080055295,0.012541043556331318
-1.5,-18.5,4695,NA,0.010836441862743615,0.0013100379666826749,0.010366626859217765
-0.5,-18.5,4696,NA,0.010665095213387817,0.0013245870534326922,0.0073422073983272695
30.5,-18.5,4727,NA,0.007400654056360413,0.0023051041988450785,0.019408683337068952
31.5,-18.5,4728,NA,0.009186360452264604,0.0024605044529579815,0.03822938145914158
32.5,-18.5,4729,NA,0.008734964650976965,0.0024297413974793203,0.01811312980781584
33.5,-18.5,4730,NA,0.01340899828468031,0.00246805198705988,0.020504602010829733
34.5,-18.5,4731,NA,0.008242523597757598,0.0027607744552225117,0.021095832626830534
35.5,-18.5,4732,NA,0.004887618721195163,0.0026287063868285433,0.01519661357949505
36.5,-18.5,4733,NA,0.005202890498340485,0.003066146830554476,0.01608289428647174
37.5,-18.5,4734,NA,0.005921560839878023,0.0032136185170820617,0.016179003671545275
38.5,-18.5,4735,NA,0.00491654183489033,0.0027700313824671244,0.011060188949758064
39.5,-18.5,4736,NA,0.004909075398120658,0.0033401484093542734,0.011495285972016735
-119.5,-17.5,4822,NA,0.009391536786746856,NA,0.01370535784011616
-118.5,-17.5,4823,NA,0.008652764791610089,NA,0.013742986906747771
-117.5,-17.5,4824,NA,0.009257412079028327,NA,0.01283472257207112
-116.5,-17.5,4825,NA,0.009762212644155279,NA,0.012577483033307408
-115.5,-17.5,4826,NA,0.009581847521298745,NA,0.012226909705906229
-114.5,-17.5,4827,NA,0.009553299813798379,NA,0.012341936428933588
-113.5,-17.5,4828,NA,0.009163576601210225,NA,0.011823277857900357
-112.5,-17.5,4829,NA,0.00940403174002466,NA,0.014703276257483593
-111.5,-17.5,4830,NA,0.009757950803530556,NA,0.012096144435572102
-110.5,-17.5,4831,NA,0.014331435820043113,NA,0.013323343663718418
-9.5,-17.5,4909,NA,0.017532397277280235,0.007016939182350202,0.06359853046801611
-8.5,-17.5,4910,NA,0.020464465071757004,0.00699761482639659,0.061795577913836254
-7.5,-17.5,4911,NA,0.018710851901493113,0.006773026392777219,0.05218509538037034
-6.5,-17.5,4912,NA,0.023492661524013955,0.007430264528298089,0.055007245965529
-5.5,-17.5,4913,NA,0.026349905536351425,0.010373947516381345,0.05717446648628121
-4.5,-17.5,4914,NA,0.027696775087430753,0.01097830797906517,0.12150164122627223
-3.5,-17.5,4915,NA,0.03416426176048021,0.01215886552215044,0.10990484004504662
-2.5,-17.5,4916,NA,0.013136371937013303,0.0018314618960513873,0.008130078649421325
-1.5,-17.5,4917,NA,0.009286906261236301,0.0021187830528229304,0.007237946362049065
-0.5,-17.5,4918,NA,0.021404572321456327,0.0018992600020995385,0.005984112950505023
31.5,-17.5,4949,NA,0.00841588483936422,0.0028217973992300917,0.021835079662592353
32.5,-17.5,4950,NA,0.011031796857556503,0.00207114308988468,0.02093605070413849
33.5,-17.5,4951,NA,0.016311742378641313,0.003061320207565191,0.028402319790112165
34.5,-17.5,4952,NA,0.006422667302810012,0.0018683385562944439,0.010742442596931337
35.5,-17.5,4953,NA,0.005311187520516849,0.002807298922015427,0.013776913523732275
36.5,-17.5,4954,NA,0.0036503473370596644,0.002029612377410049,0.010034938902982692
37.5,-17.5,4955,NA,0.004504721744445154,0.002041815812701012,0.007734187462807089
38.5,-17.5,4956,NA,0.005244952200656024,0.0025101583794532724,0.00850702048452102
39.5,-17.5,4957,NA,0.006014900301983506,0.002615360847376684,0.008083315694115467
-119.5,-16.5,5041,NA,0.01220504938331403,NA,0.01840467756456797
-118.5,-16.5,5042,NA,0.008581177180842638,NA,0.01169987891435623
-117.5,-16.5,5043,NA,0.00891220506933137,NA,0.01247444091449309
-116.5,-16.5,5044,NA,0.009235815795439153,NA,0.011972721443577384
-115.5,-16.5,5045,NA,0.00945313355745342,NA,0.012235115878621191
-114.5,-16.5,5046,NA,0.008502218928092888,NA,0.011682589002805952
-113.5,-16.5,5047,NA,0.008326155301997536,NA,0.01009701385356259
-112.5,-16.5,5048,NA,0.008630303170193114,NA,0.01009701385356259
-111.5,-16.5,5049,NA,0.011250096236517706,NA,0.010054313920371118
-110.5,-16.5,5050,NA,0.010460124707606612,NA,0.009831057756629187
-9.5,-16.5,5130,NA,0.024073492188561533,0.007122259045450537,0.06667021601584382
-8.5,-16.5,5131,NA,0.025742521176028276,0.0070526964585363346,0.06572159355947814
-7.5,-16.5,5132,NA,0.022793868634818984,0.0068033442213986306,0.058343630506500606
-6.5,-16.5,5133,NA,0.023364573524711784,0.007526464352065284,0.05841700840805219
-5.5,-16.5,5134,NA,0.021872873308972265,0.007445630595197072,0.07550810361088428
-4.5,-16.5,5135,NA,0.023225872371287055,0.010958874143999358,0.10438004903740018
-3.5,-16.5,5136,NA,0.02776550242033542,0.013308451121328762,0.09462107590464462
-2.5,-16.5,5137,NA,0.029925768325854054,0.010162842059782967,0.056313422990144135
-1.5,-16.5,5138,NA,0.037350245551503305,0.006466350124259255,0.05774074457027945
30.5,-16.5,5169,NA,0.009974804945018867,0.0032609819067234403,0.04823841040728976
31.5,-16.5,5170,NA,0.009284885384767119,0.0031776457867286906,0.03786128072559682
32.5,-16.5,5171,NA,0.010146330199100499,0.0030268853208772132,0.035425873343668604
33.5,-16.5,5172,NA,0.011154736524233216,0.003244021117219147,0.0209151440380418
34.5,-16.5,5173,NA,0.014967405708878438,0.003605661153064927,0.019644425526401086
35.5,-16.5,5174,NA,0.024125743428660255,0.004364093934228201,0.0192894394274604
36.5,-16.5,5175,NA,0.00526227438573478,0.002608278650720135,0.005586907819450428
37.5,-16.5,5176,NA,0.008462875000924597,0.003966149569786356,0.013892421914775138
38.5,-16.5,5177,NA,0.006453557008778991,0.0031439679056502142,0.010051156315999463
39.5,-16.5,5178,NA,0.006834146420734033,0.003163963981225301,0.013160016301272072
-119.5,-15.5,5261,NA,0.006375468686245053,NA,0.007878526144789259
-118.5,-15.5,5262,NA,0.014061318845091693,NA,0.01727621154994612
-117.5,-15.5,5263,NA,0.010395373013163076,NA,0.013460625839969102
-116.5,-15.5,5264,NA,0.010541526254416667,NA,0.013366347374884034
-115.5,-15.5,5265,NA,0.009537123583110487,NA,0.012096084479524934
-114.5,-15.5,5266,NA,0.0097904170680232,NA,0.01073532830795206
-113.5,-15.5,5267,NA,0.010300704989983926,NA,0.011294304359742003
-112.5,-15.5,5268,NA,0.014074748924345105,NA,0.010953586255261188
-111.5,-15.5,5269,NA,0.009030937540075073,NA,0.009555963359501273
-110.5,-15.5,5270,NA,0.00531590945159278,NA,0.006374290663785787
-9.5,-15.5,5355,NA,0.028502978733256263,0.007885763793204277,0.06478260983271247
-8.5,-15.5,5356,NA,0.02430961755163808,0.007059286005029172,0.06763474767769148
-7.5,-15.5,5357,NA,0.021703251376222463,0.007415389486953335,0.06780719515798869
-6.5,-15.5,5358,NA,0.020849243539836398,0.006752998416572398,0.07967590459057486
-5.5,-15.5,5359,NA,0.021017293927885074,0.005741861285324834,0.05881181390933265
-4.5,-15.5,5360,NA,0.020015303323004597,0.00878008933592635,0.03754101531307231
-3.5,-15.5,5361,NA,0.022726437553044675,0.008071191688802304,0.036476315932373556
-2.5,-15.5,5362,NA,0.02571429356657894,0.01108411155060818,0.04627912702984115
-1.5,-15.5,5363,NA,0.02649330174156712,0.009885879373660342,0.04249190448213839
-0.5,-15.5,5364,NA,0.028042279823552296,0.006629322841233279,0.026932954645881257
30.5,-15.5,5395,NA,0.00898726937313496,0.003013544558196936,0.02557920105620304
31.5,-15.5,5396,NA,0.014562960753520645,0.0031234195043177006,0.02727129981331461
32.5,-15.5,5397,NA,0.011744768507711242,0.0028560360881177125,0.020227785542969345
33.5,-15.5,5398,NA,0.012830301251824197,0.002931955647779743,0.016294161597143145
34.5,-15.5,5399,NA,0.008294809611893128,0.001860589180310646,0.009934483885777888
35.5,-15.5,5400,NA,0.016290101491204252,0.00313486985571435,0.01813037385682025
36.5,-15.5,5401,NA,0.006142985382702144,0.002705388216208884,0.02068734444762751
37.5,-15.5,5402,NA,0.0066685835111346915,0.0029902074626769436,0.017702559643014985
38.5,-15.5,5403,NA,0.007180405822042521,0.0030937382553885067,0.014225268595444627
39.5,-15.5,5404,NA,0.006903899020675842,0.0031221695823392716,0.015032402109658132
-119.5,-14.5,5487,NA,0.008876794913376809,NA,0.006962053180604146
-118.5,-14.5,5488,NA,0.009132015323275169,NA,0.007832559833551429
-117.5,-14.5,5489,NA,0.006515742369554975,NA,0.007623924764103983
-116.5,-14.5,5490,NA,0.007491175298055865,NA,0.007744892350347069
-115.5,-14.5,5491,NA,0.00795485353817753,NA,0.008264541881709895
-114.5,-14.5,5492,NA,0.007983585758597676,NA,0.007352977137582397
-113.5,-14.5,5493,NA,0.013335743721737894,NA,0.007941484157881854
-112.5,-14.5,5494,NA,0.011030512316676556,NA,0.006157191251020055
-111.5,-14.5,5495,NA,0.005893027269489421,NA,0.006067544097928972
-110.5,-14.5,5496,NA,0.004489609059738459,NA,0.00706974600838625
-9.5,-14.5,5584,NA,0.025318534223357763,0.008765853298007035,0.08745137851467778
-8.5,-14.5,5585,NA,0.023969549756959117,0.008307839823871944,0.13213627497396818
-7.5,-14.5,5586,NA,0.022394455220776033,0.008305569549019735,0.13368396175733904
-6.5,-14.5,5587,NA,0.02179645639717456,0.008238174228798793,0.07710629532094512
-5.5,-14.5,5588,NA,0.02183459017444659,0.00814171203660013,0.07344176207581869
-4.5,-14.5,5589,NA,0.020447471157709386,0.00856182085210124,0.044422658629344886
-3.5,-14.5,5590,NA,0.02016162215266122,0.006698724069768974,0.03590236650342509
-2.5,-14.5,5591,NA,0.021395484148746816,0.005280071240400014,0.02089824531222552
-1.5,-14.5,5592,NA,0.022056243251907928,0.004237399273870787,0.017450541615536365
-0.5,-14.5,5593,NA,0.021246471772173748,0.0030987322696310244,0.0126437415178816
30.5,-14.5,5624,NA,0.006278468243082922,0.002977644293062973,0.015246876648787584
31.5,-14.5,5625,NA,0.015493309110296082,0.004409679375411427,0.03467007219334674
32.5,-14.5,5626,NA,0.012720536316038455,0.0034159671278073006,0.02546323032147625
33.5,-14.5,5627,NA,0.005247636245077153,0.0027744354903309265,0.021008608433640295
34.5,-14.5,5628,NA,0.005202301134463299,0.00278186365431754,0.017875711611251916
35.5,-14.5,5629,NA,0.0057525114902009225,0.0029496184432186126,0.016615895054101354
36.5,-14.5,5630,NA,0.005740547740917817,0.003051122554284366,0.013313956238611667
37.5,-14.5,5631,NA,0.0060360790140393215,0.0031116040029634485,0.013019872760295375
38.5,-14.5,5632,NA,0.006657980341808566,0.0036249714446176394,0.014612176860926666
39.5,-14.5,5633,NA,0.005810191995083639,0.003382946231757176,0.011732176138653242
-119.5,-13.5,5715,NA,0.016331483790587357,NA,0.009195233910633729
-118.5,-13.5,5716,NA,0.008073348801997822,NA,0.005766477038034686
-117.5,-13.5,5717,NA,0.004541642962832123,NA,0.0045679386290192105
-116.5,-13.5,5718,NA,0.005547177593062407,NA,0.005539020238856358
-115.5,-13.5,5719,NA,0.004357499714842662,NA,0.004971131557941931
-114.5,-13.5,5720,NA,0.004363894994756317,NA,0.005169715106988221
-113.5,-13.5,5721,NA,0.004363894994756317,NA,0.005605685267066403
-112.5,-13.5,5722,NA,0.0040964942743284315,NA,0.005582984208312796
-111.5,-13.5,5723,NA,0.004807417398456875,NA,0.006552040999510964
-110.5,-13.5,5724,NA,0.006001370853292219,NA,0.005819923243550782
-9.5,-13.5,5817,NA,0.02170947221183915,0.006322159845155006,0.15211306789510548
-8.5,-13.5,5818,NA,0.021960932306687785,0.00636942732687668,0.14520666262693238
-7.5,-13.5,5819,NA,0.027269853071794543,0.00728764214643683,0.09174264675438361
-6.5,-13.5,5820,NA,0.021895792565604574,0.006899688528512273,0.08827352741508292
-5.5,-13.5,5821,NA,0.01960926355048978,0.007531286690239351,0.07317103292525579
-4.5,-13.5,5822,NA,0.020961884381640424,0.007367942410231662,0.044435693858605824
-3.5,-13.5,5823,NA,0.02060513110292304,0.006831454239583628,0.021946546748814293
-2.5,-13.5,5824,NA,0.022235678861711107,0.0060151769731917396,0.012859239931820084
-1.5,-13.5,5825,NA,0.019771940999314976,0.00408964833786306,0.011555553706222353
-0.5,-13.5,5826,NA,0.019654194120192283,0.003065922129791185,0.008674424044449479
30.5,-13.5,5856,NA,0.00394730205173756,0.0030823707796098173,0.011563299430052144
31.5,-13.5,5857,NA,0.003945146757933884,0.003135289070410003,0.009538939170307048
32.5,-13.5,5858,NA,0.003958833865274501,0.0032166411759705586,0.009341323765265079
33.5,-13.5,5859,NA,0.004590806940170507,0.0036683492720552425,0.009668431678755826
34.5,-13.5,5860,NA,0.004692057108815459,0.0033417720083570935,0.009894252925450937
35.5,-13.5,5861,NA,0.004781484166865952,0.003270841057174033,0.009633345080585994
36.5,-13.5,5862,NA,0.004349836784490552,0.0028950256300484117,0.008346404167914915
37.5,-13.5,5863,NA,0.004589137603051192,0.0029916694768243645,0.00856271954772814
38.5,-13.5,5864,NA,0.007620857480055436,0.0036419672080689504,0.010569888540655626
39.5,-13.5,5865,NA,0.0062938204308993755,0.004730678465530458,0.00991834180035632
-119.5,-12.5,5948,NA,0.011614142527644849,NA,0.00923296097921416
-118.5,-12.5,5949,NA,0.010105542822921518,NA,0.006558769042874956
-117.5,-12.5,5950,NA,0.004289897199260505,NA,0.004258987466106025
-116.5,-12.5,5951,NA,0.004548460780815758,NA,0.004059784879615454
-115.5,-12.5,5952,NA,0.004015925649714532,NA,0.00435573962420016
-114.5,-12.5,5953,NA,0.0036710757646101137,NA,0.004008237164498891
-113.5,-12.5,5954,NA,0.003774215951108185,NA,0.004754656680612059
-112.5,-12.5,5955,NA,0.00354081535251766,NA,0.005114434798780718
-111.5,-12.5,5956,NA,0.0037913082916394935,NA,0.005398880056824366
-110.5,-12.5,5957,NA,0.0037992410754968302,NA,0.005612319270594536
-9.5,-12.5,6051,NA,0.019249057364558914,0.005260359565208603,0.09645407493236115
-8.5,-12.5,6052,NA,0.02172373036010761,0.007116900540054997,0.0780418326398674
-7.5,-12.5,6053,NA,0.01778999213079829,0.00531697039304041,0.09535457084632
-6.5,-12.5,6054,NA,0.016516649191769844,0.005857064141666485,0.0720043851186205
-5.5,-12.5,6055,NA,0.016963120598988874,0.00513591777544732,0.06157713013003371
-4.5,-12.5,6056,NA,0.01579839643628458,0.00644456102625949,0.04083837868664459
-3.5,-12.5,6057,NA,0.024106239364983136,0.006555412667368211,0.03228648252342568
-2.5,-12.5,6058,NA,0.021744853927991102,0.007051249561766822,0.015231437669577751
-1.5,-12.5,6059,NA,0.017703235044524774,0.0036546289975553513,0.011311758912414002
-0.5,-12.5,6060,NA,0.01686625363375661,0.0026236243075442637,0.0074994536605166575
30.5,-12.5,6091,NA,0.0035261346068994094,0.0049459083772170264,0.008093253150343432
31.5,-12.5,6092,NA,0.0033389954653160114,0.004424836254486308,0.008069130185933585
32.5,-12.5,6093,NA,0.0033975870664635036,0.004383921636409803,0.00848253287705286
33.5,-12.5,6094,NA,0.004897609058552706,0.004578148175449816,0.007653404264154458
34.5,-12.5,6095,NA,0.004787337010535466,0.004432404472796784,0.008202084744188059
35.5,-12.5,6096,NA,0.0048057176270159575,0.004432404472796784,0.008231675190947224
36.5,-12.5,6097,NA,0.004815686255583565,0.0040170076100921066,0.008695200872204552
37.5,-12.5,6098,NA,0.005017259989859498,0.007487607315840775,0.007895567581682163
38.5,-12.5,6099,NA,0.005374984733222253,0.004751955808839401,0.010421825210145683
39.5,-12.5,6100,NA,0.005536986742748192,0.004720998670527136,0.007654722110575327
-119.5,-11.5,6184,NA,0.012350309049017063,NA,0.008251654345362215
-118.5,-11.5,6185,NA,0.007254195502406767,NA,0.004722348809444518
-117.5,-11.5,6186,NA,0.00816578755539608,NA,0.005683604226595929
-116.5,-11.5,6187,NA,0.004335582447549542,NA,0.003829555795185253
-115.5,-11.5,6188,NA,0.004904118096738457,NA,0.00410936715454517
-114.5,-11.5,6189,NA,0.004065776187275945,NA,0.003946227651536973
-113.5,-11.5,6190,NA,0.004167831428882694,NA,0.004096928706330187
-112.5,-11.5,6191,NA,0.004441647146997714,NA,0.004457422914749452
-111.5,-11.5,6192,NA,0.006140340124269191,NA,0.007640268537307449
-110.5,-11.5,6193,NA,0.007018369936185848,NA,0.009450084022161846
-9.5,-11.5,6290,NA,0.03209840229461394,0.006246216811539266,0.11289235540030147
-8.5,-11.5,6291,NA,0.03132044685999004,0.005045650982584341,0.10555485610509424
-7.5,-11.5,6292,NA,0.027628907957804535,0.0057652040714295735,0.13022445807627142
-6.5,-11.5,6293,NA,0.023858896131367987,0.0062038256806941396,0.09633025466891815
-5.5,-11.5,6294,NA,0.022593655302883524,0.006046630945984174,0.07038757155691433
-4.5,-11.5,6295,NA,0.020569973023163265,0.005840394114947815,0.05355107641206111
-3.5,-11.5,6296,NA,0.01871632477424694,0.005704940137152006,0.02934287408054397
-2.5,-11.5,6297,NA,0.025568515691241807,0.00499352510376924,0.018450057134761597
-1.5,-11.5,6298,NA,0.024625908312248583,0.003722446902552628,0.011016470893661019
-0.5,-11.5,6299,NA,0.025075789662415634,0.0031407561408500887,0.009092992598520071
30.5,-11.5,6330,NA,0.003980145521105804,0.003980335078716798,0.00880688355863674
31.5,-11.5,6331,NA,0.003608209370605881,0.0032183233416477066,0.00820007814960956
32.5,-11.5,6332,NA,0.0036137025932160838,0.003603768019368397,0.008430979418817822
33.5,-11.5,6333,NA,0.003710145942413729,0.0035110521208636426,0.008430979418817822
34.5,-11.5,6334,NA,0.003725349822089695,0.0036757776532077738,0.008085607104758814
35.5,-11.5,6335,NA,0.004138324202439468,0.0036700178262002114,0.007944350090481103
36.5,-11.5,6336,NA,0.004287455206613684,0.0031394111751950637,0.00791370095309841
37.5,-11.5,6337,NA,0.004620944141807345,0.0037674047099902834,0.007981728967540033
38.5,-11.5,6338,NA,0.006768260778174444,0.006722247005788163,0.008358215137619357
39.5,-11.5,6339,NA,0.005430971037889641,0.004200235446082697,0.009730557318971282
-119.5,-10.5,6423,NA,0.005833789881261773,NA,0.00712536334386094
-118.5,-10.5,6424,NA,0.007585223904540982,NA,0.004810496793365696
-117.5,-10.5,6425,NA,0.011066539609983057,NA,0.009573052828595427
-116.5,-10.5,6426,NA,0.005431397670115875,NA,0.00602010580584901
-115.5,-10.5,6427,NA,0.006368752981159777,NA,0.005978794084470328
-114.5,-10.5,6428,NA,0.008263963705196838,NA,0.008387166506086374
-113.5,-10.5,6429,NA,0.007339505572003506,NA,0.007258132457946186
-112.5,-10.5,6430,NA,0.009697225680372734,NA,0.010976792653506524
-111.5,-10.5,6431,NA,0.011786495709440445,NA,0.010531483624909356
-110.5,-10.5,6432,NA,0.009322702635864547,NA,0.01177337273655662
-9.5,-10.5,6529,NA,0.028989037826106383,0.00732881183877893,0.09812627098778055
-8.5,-10.5,6530,NA,0.029746841793520322,0.007064778336461997,0.10613580116276358
-7.5,-10.5,6531,NA,0.029786173979881,0.006944025547893282,0.0948933041893771
-6.5,-10.5,6532,NA,0.032457644811233415,0.006866430784987077,0.08325387915935963
-5.5,-10.5,6533,NA,0.0231545384472968,0.009173478721128569,0.06786239973487368
-4.5,-10.5,6534,NA,0.021169452721857933,0.009724540661467667,0.06157780261313691
-3.5,-10.5,6535,NA,0.0195411485883708,0.007960825926575417,0.028454637995730645
-2.5,-10.5,6536,NA,0.018592853704817065,0.0063234270649571945,0.02221798163533528
-1.5,-10.5,6537,NA,0.01829814152890696,0.00535635867416997,0.014665970055575425
-0.5,-10.5,6538,NA,0.01729587398115052,0.004065445794136028,0.009580508212031177
30.5,-10.5,6569,NA,0.004114497194005574,0.0035117917241850294,0.00861602231067181
31.5,-10.5,6570,NA,0.003860393922501894,0.003466997019703694,0.007960745714350723
32.5,-10.5,6571,NA,0.003918111610151071,0.003364993310861358,0.008675666285607106
33.5,-10.5,6572,NA,0.004172420109227679,0.003640504020081718,0.009788862439924195
34.5,-10.5,6573,NA,0.004353764656825415,0.003640504020081718,0.008255867821578276
35.5,-10.5,6574,NA,0.005692789808786703,0.002987695878392252,0.008172403904264314
36.5,-10.5,6575,NA,0.006326469821662981,0.0029700368205070665,0.007922831151002655
37.5,-10.5,6576,NA,0.00699019594713821,0.0030239832598942295,0.009022347086409917
38.5,-10.5,6577,NA,0.006648258987551043,0.0038527686187266015,0.009001207177119216
39.5,-10.5,6578,NA,0.0070414383023644925,0.0036061323225377584,0.011058799802861523
10.5,-9.5,6780,NA,0.005300663952609799,0.004846309510749904,0.009995247282398007
11.5,-9.5,6781,NA,0.007666720264695536,0.004829846351979278,0.010030065471255805
12.5,-9.5,6782,NA,0.009979265144091408,0.004849300954744267,0.009773035597434893
13.5,-9.5,6783,NA,0.004410392215311007,0.004432789127808394,0.008878227413534211
14.5,-9.5,6784,NA,0.004785783159182875,0.004675383411050132,0.007790021477163629
15.5,-9.5,6785,NA,0.0052575906467795235,0.005003581020304771,0.008753175528147823
16.5,-9.5,6786,NA,0.004513015172843617,0.004363482468223646,0.008013934815049984
17.5,-9.5,6787,NA,0.005119499309344697,0.004886066381411019,0.0090360932689433
18.5,-9.5,6788,NA,0.006409525141698986,0.0053429612885310795,0.011082106674813698
19.5,-9.5,6789,NA,0.006435882970395017,0.00619845127362011,0.014326857782512702
10.5,-8.5,7002,NA,0.008595814039879326,0.00547165281382182,0.012337108957011017
11.5,-8.5,7003,NA,0.01937224842782872,0.005390546115591481,0.01334926750894572
12.5,-8.5,7004,NA,0.015136381932333387,0.004785093860456421,0.011882856074548767
13.5,-8.5,7005,NA,0.006307782098202117,0.004700001775411629,0.011974666918720223
14.5,-8.5,7006,NA,0.005668703020437333,0.0045530637968219595,0.015228354518609318
15.5,-8.5,7007,NA,0.006126264337183807,0.004719822419777266,0.016806553957248033
16.5,-8.5,7008,NA,0.005662181534049493,0.006058951767956327,0.017699264835117464
17.5,-8.5,7009,NA,0.006118288497335277,0.0065819686603978906,0.018338074203425023
18.5,-8.5,7010,NA,0.007217711821306656,0.0068698698672795275,0.011452845262761859
19.5,-8.5,7011,NA,0.006408274183314006,0.006804656774184136,0.011601730768578887
10.5,-7.5,7221,NA,0.010893227152262309,0.008151332237811833,0.01864326299563737
11.5,-7.5,7222,NA,0.015431583532470712,0.0074488799830782345,0.022003836478035155
12.5,-7.5,7223,NA,0.01171849392435811,0.007435679641005692,0.018866617249013222
13.5,-7.5,7224,NA,0.009574502450904191,0.0074670810884164196,0.026615383155070695
14.5,-7.5,7225,NA,0.006990946569055263,0.007345442158838329,0.011428221232303117
15.5,-7.5,7226,NA,0.007073695591638277,0.007484271737832733,0.011702412793708946
16.5,-7.5,7227,NA,0.00863030686286457,0.007497557692401755,0.010973251647420747
17.5,-7.5,7228,NA,0.009052224638713014,0.008153360961946913,0.010890938722789106
18.5,-7.5,7229,NA,0.008993215218127005,0.009027790167024655,0.011621001550425437
19.5,-7.5,7230,NA,0.008612329615533564,0.007985958709999576,0.011351279567723204
10.5,-6.5,7446,NA,0.010917251910341715,0.008203418910021937,0.018180760719913425
11.5,-6.5,7447,NA,0.012292369498872415,0.008472618753580468,0.017917220849585306
12.5,-6.5,7448,NA,0.016834964951099367,0.008401869284164651,0.024936323226030753
13.5,-6.5,7449,NA,0.01911579381695479,0.008383944731530042,0.01105813142460446
14.5,-6.5,7450,NA,0.014708777178003242,0.007529698586635639,0.009413327119381988
15.5,-6.5,7451,NA,0.012810752956137999,0.007011780942010075,0.010276374310978517
16.5,-6.5,7452,NA,0.012523575688474085,0.0069821619942465815,0.012311032905391409
17.5,-6.5,7453,NA,0.007581345578638144,0.00949270032152246,0.010784503003161043
18.5,-6.5,7454,NA,0.00677295480439887,0.008840291553574858,0.010909695174437458
19.5,-6.5,7455,NA,0.006893071576625556,0.009287740636988942,0.011979606471557092
10.5,-5.5,7671,NA,0.01921652465084508,0.009035002857689095,0.01723523331279416
11.5,-5.5,7672,NA,0.015778211102449913,0.0094697124736761,0.020253496037530645
12.5,-5.5,7673,NA,0.024539755217946473,0.00941802771475841,0.015926883210537385
13.5,-5.5,7674,NA,0.013805657984514502,0.009423574499955402,0.009618908990632809
14.5,-5.5,7675,NA,0.011886082092034608,0.008937373920999957,0.00934651703396832
15.5,-5.5,7676,NA,0.007754878110106194,0.008021186854044005,0.006676266638563372
16.5,-5.5,7677,NA,0.011462043163935605,0.010089817167497583,0.00841864672974653
17.5,-5.5,7678,NA,0.01652671606811236,0.010444603128739707,0.009395431661973791
18.5,-5.5,7679,NA,0.016594137553336722,0.01102260542683929,0.009509155805524609
19.5,-5.5,7680,NA,0.02176672665615727,0.011490608278732984,0.009375972888288684
10.5,-4.5,7898,NA,0.015362241435506725,0.012092966697343336,0.017435262796680964
11.5,-4.5,7899,NA,0.01355879822863593,0.012397693404788572,0.02258884374570589
12.5,-4.5,7900,NA,0.012487405118294409,0.009676784305928039,0.013756837581917022
13.5,-4.5,7901,NA,0.013698296868771607,0.009689116616392194,0.008762413197450056
14.5,-4.5,7902,NA,0.011947207294201958,0.009411389355811938,0.01065325864258347
15.5,-4.5,7903,NA,0.007984417447117035,0.007734119836272474,0.006261318567055528
16.5,-4.5,7904,NA,0.010583682499479113,0.009805125699310338,0.008647437451279924
17.5,-4.5,7905,NA,0.012715640863445754,0.011356005670326462,0.009437466948317865
18.5,-4.5,7906,NA,0.013795292261311553,0.012082979860335385,0.009453349747251502
19.5,-4.5,7907,NA,0.01960606367485757,0.01131657373025536,0.008094826440168743
10.5,-3.5,8117,NA,0.014594081175867848,0.010117844039172518,0.02750489855868034
11.5,-3.5,8118,NA,0.013158796797579458,0.01018701420972709,0.02449616738776265
12.5,-3.5,8119,NA,0.012555219725519052,0.009808805319706479,0.011321338466442834
13.5,-3.5,8120,NA,0.012840908966774752,0.009298224727209993,0.011170443845625478
14.5,-3.5,8121,NA,0.012941384641206895,0.01076338991720489,0.011357437793782217
15.5,-3.5,8122,NA,0.014057441510469806,0.00979633644872178,0.010837482866683646
16.5,-3.5,8123,NA,0.015959118125811137,0.009884105206234648,0.010747902152528448
17.5,-3.5,8124,NA,0.013465062046735646,0.008970452594734814,0.011119606441277042
18.5,-3.5,8125,NA,0.018871780664343387,0.007073507658888224,0.010398082229843909
19.5,-3.5,8126,NA,0.01429741487350757,0.007110643792270064,0.008399258631238521
10.5,-2.5,8334,NA,0.018507492347458337,0.011014040066815427,0.01358683506181087
11.5,-2.5,8335,NA,0.015654162807962377,0.010328112898002156,0.012937097526658439
12.5,-2.5,8336,NA,0.013574668871945918,0.008976325500344296,0.011801215319461255
13.5,-2.5,8337,NA,0.01370134572825081,0.008812609858867337,0.011780393640331855
14.5,-2.5,8338,NA,0.01366345028572245,0.008104661374414042,0.011043272438163656
15.5,-2.5,8339,NA,0.013943228540853496,0.007151854322888076,0.012063566811475836
16.5,-2.5,8340,NA,0.015005842230756813,0.0059982340629725975,0.011455930920338748
17.5,-2.5,8341,NA,0.013747652052381064,0.00602070986512722,0.010751286775362946
18.5,-2.5,8342,NA,0.016276167479586573,0.008173001651200992,0.009286133996826762
19.5,-2.5,8343,NA,0.01610182790404362,0.006588708123304882,0.009420323456625355
10.5,-1.5,8555,NA,0.023679124212777174,0.012196855252506904,0.021046703433836116
11.5,-1.5,8556,NA,0.01879533810986062,0.010015134221682433,0.024830870113340682
12.5,-1.5,8557,NA,0.022090830426378775,0.009219408933032485,0.024987201748319997
13.5,-1.5,8558,NA,0.017114558750632287,0.009738856624814867,0.018574010690302498
14.5,-1.5,8559,NA,0.018924403431104644,0.009473484287411326,0.016579249565926702
15.5,-1.5,8560,NA,0.01647960127500512,0.00954641953511432,0.011298708509735597
16.5,-1.5,8561,NA,0.01615030731915964,0.006933132519046516,0.011041366889429336
17.5,-1.5,8562,NA,0.018266133169711908,0.00896978540136235,0.011871959854852697
18.5,-1.5,8563,NA,0.01855034076002677,0.007539328344867313,0.010353657902752236
19.5,-1.5,8564,NA,0.021947282078423173,0.007661950037760386,0.00993657973416117
10.5,-0.5,8770,NA,0.021333491908615398,0.02204539592695815,0.022924328574457364
11.5,-0.5,8771,NA,0.02665101477694386,0.016919672840476328,0.024626076077854116
12.5,-0.5,8772,NA,0.022685230442016775,0.01786915354049975,0.022458057289860014
13.5,-0.5,8773,NA,0.024989699730694807,0.01725199251940853,0.02239649233466385
14.5,-0.5,8774,NA,0.02277750478151538,0.016226491650447886,0.02239649233466385
15.5,-0.5,8775,NA,0.023178283291830578,0.016084280275141548,0.0217210267056288
16.5,-0.5,8776,NA,0.023297885453918466,0.02091959187350832,0.0238612160196221
17.5,-0.5,8777,NA,0.024569676928845763,0.01761332675376009,0.0208239830650101
18.5,-0.5,8778,NA,0.028061842009304797,0.015712371176339973,0.01944822373270686
19.5,-0.5,8779,NA,0.0994755193898376,0.026699739419723128,0.06068680307085461
-129.5,0.5,8867,NA,0.00924875276147736,NA,NA
-128.5,0.5,8868,NA,0.008649469511865297,NA,NA
-127.5,0.5,8869,NA,0.007102973409255126,NA,NA
-126.5,0.5,8870,NA,0.00896906294356256,NA,NA
-125.5,0.5,8871,NA,0.009036958333310563,NA,NA
-124.5,0.5,8872,NA,0.006999355109609033,NA,NA
-123.5,0.5,8873,NA,0.007613772129082554,NA,NA
-122.5,0.5,8874,NA,0.007613310404880659,NA,NA
-121.5,0.5,8875,NA,0.006812354928304646,NA,NA
-120.5,0.5,8876,NA,0.005093831518136873,NA,NA
-129.5,1.5,9084,NA,0.007868567734093978,NA,NA
-128.5,1.5,9085,NA,0.010610184084432876,NA,NA
-127.5,1.5,9086,NA,0.008393704682457861,NA,NA
-126.5,1.5,9087,NA,0.006439910387947081,NA,NA
-125.5,1.5,9088,NA,0.005154743343952538,NA,NA
-124.5,1.5,9089,NA,0.005296836960573911,NA,NA
-123.5,1.5,9090,NA,0.00508643001426822,NA,NA
-122.5,1.5,9091,NA,0.004780514352373935,NA,NA
-121.5,1.5,9092,NA,0.005619050657763531,NA,NA
-120.5,1.5,9093,NA,0.005231653709345534,NA,NA
-129.5,2.5,9305,NA,0.0077938552396637694,NA,NA
-128.5,2.5,9306,NA,0.008757580186649622,NA,NA
-127.5,2.5,9307,NA,0.008030933950895186,NA,NA
-126.5,2.5,9308,NA,0.007265649397088616,NA,NA
-125.5,2.5,9309,NA,0.007759908717154295,NA,NA
-124.5,2.5,9310,NA,0.005987930871493417,NA,NA
-123.5,2.5,9311,NA,0.005118883745126628,NA,NA
-122.5,2.5,9312,NA,0.004664774589586658,NA,NA
-121.5,2.5,9313,NA,0.005882816606008806,NA,NA
-120.5,2.5,9314,NA,0.005607676703762772,NA,NA
-129.5,3.5,9528,NA,0.007970106840154338,NA,NA
-128.5,3.5,9529,NA,0.008077799544776991,NA,NA
-127.5,3.5,9530,NA,0.010076159662334992,NA,NA
-126.5,3.5,9531,NA,0.009489000201187363,NA,NA
-125.5,3.5,9532,NA,0.009260510796965216,NA,NA
-124.5,3.5,9533,NA,0.005988957378846863,NA,NA
-123.5,3.5,9534,NA,0.0050142314360041365,NA,NA
-122.5,3.5,9535,NA,0.0067611764217324856,NA,NA
-121.5,3.5,9536,NA,0.005927587468779103,NA,NA
-120.5,3.5,9537,NA,0.008263838014664638,NA,NA
-129.5,4.5,9755,NA,0.007947549573552728,NA,NA
-128.5,4.5,9756,NA,0.007719234952888307,NA,NA
-127.5,4.5,9757,NA,0.007984269683410464,NA,NA
-126.5,4.5,9758,NA,0.008264765883301337,NA,NA
-125.5,4.5,9759,NA,0.008873545558588387,NA,NA
-124.5,4.5,9760,NA,0.008889093373146572,NA,NA
-123.5,4.5,9761,NA,0.007617261385882669,NA,NA
-122.5,4.5,9762,NA,0.010282657437606698,NA,NA
-121.5,4.5,9763,NA,0.010387506356570824,NA,NA
-120.5,4.5,9764,NA,0.006968120309885397,NA,NA
-129.5,5.5,9980,NA,0.009411087587796255,NA,NA
-128.5,5.5,9981,NA,0.006601521399380797,NA,NA
-127.5,5.5,9982,NA,0.007046710549278428,NA,NA
-126.5,5.5,9983,NA,0.007921914151510527,NA,NA
-125.5,5.5,9984,NA,0.00924997762543688,NA,NA
-124.5,5.5,9985,NA,0.009639766390315108,NA,NA
-123.5,5.5,9986,NA,0.0084436712851994,NA,NA
-122.5,5.5,9987,NA,0.007201866261224954,NA,NA
-121.5,5.5,9988,NA,0.010871107022473297,NA,NA
-120.5,5.5,9989,NA,0.007758586480945413,NA,NA
-129.5,6.5,10206,NA,0.01061012911728541,NA,NA
-128.5,6.5,10207,NA,0.0068150255289545405,NA,NA
-127.5,6.5,10208,NA,0.0067348070404805865,NA,NA
-126.5,6.5,10209,NA,0.00666524506216304,NA,NA
-125.5,6.5,10210,NA,0.007601643458057116,NA,NA
-124.5,6.5,10211,NA,0.009295731089765889,NA,NA
-123.5,6.5,10212,NA,0.010183115736779758,NA,NA
-122.5,6.5,10213,NA,0.00771382765208092,NA,NA
-121.5,6.5,10214,NA,0.007239231834102404,NA,NA
-120.5,6.5,10215,NA,0.006889367654500001,NA,NA
-129.5,7.5,10431,NA,0.007413884144419675,NA,NA
-128.5,7.5,10432,NA,0.009153182247362276,NA,NA
-127.5,7.5,10433,NA,0.007302936010664138,NA,NA
-126.5,7.5,10434,NA,0.007355713019800539,NA,NA
-125.5,7.5,10435,NA,0.007017252861283693,NA,NA
-124.5,7.5,10436,NA,0.0073141189047326504,NA,NA
-123.5,7.5,10437,NA,0.010910923106817511,NA,NA
-122.5,7.5,10438,NA,0.009907068477097245,NA,NA
-121.5,7.5,10439,NA,0.007806381662730145,NA,NA
-120.5,7.5,10440,NA,0.0071725693882576155,NA,NA
-129.5,8.5,10656,NA,0.028043072458957805,NA,NA
-128.5,8.5,10657,NA,0.01671660851245174,NA,NA
-127.5,8.5,10658,NA,0.00805745960495832,NA,NA
-126.5,8.5,10659,NA,0.006618600794865935,NA,NA
-125.5,8.5,10660,NA,0.006542835148160829,NA,NA
-124.5,8.5,10661,NA,0.006642945338370754,NA,NA
-123.5,8.5,10662,NA,0.008526516590806018,NA,NA
-122.5,8.5,10663,NA,0.008097759049701923,NA,NA
-121.5,8.5,10664,NA,0.00899679403805555,NA,NA
-120.5,8.5,10665,NA,0.006303201078701988,NA,NA
-128.5,9.5,10877,NA,0.0059697145005580985,NA,NA
-127.5,9.5,10878,NA,0.00801448625470313,NA,NA
-126.5,9.5,10879,NA,0.005689112942618648,NA,NA
-125.5,9.5,10880,NA,0.007097260233139124,NA,NA
-124.5,9.5,10881,NA,0.006708017348738834,NA,NA
-123.5,9.5,10882,NA,0.006593824873410254,NA,NA
-122.5,9.5,10883,NA,0.007397105081465211,NA,NA
-121.5,9.5,10884,NA,0.006899355291097264,NA,NA
-120.5,9.5,10885,NA,0.009996918252812953,NA,NA
70.5,20.5,13174,NA,0.0065730181058852415,NA,NA
71.5,20.5,13175,NA,0.016205438862950675,NA,NA
72.5,20.5,13176,NA,0.013913817563460926,NA,NA
73.5,20.5,13177,NA,0.03583590099442036,NA,NA
70.5,21.5,13335,NA,0.008598279057996368,NA,NA
71.5,21.5,13336,NA,0.015074489189430142,NA,NA
72.5,21.5,13337,NA,0.018222187017102823,NA,NA
73.5,21.5,13338,NA,0.08168112897229324,NA,NA
74.5,21.5,13339,NA,0.028793705892819578,NA,NA
70.5,22.5,13485,NA,0.019543178097664357,NA,NA
71.5,22.5,13486,NA,0.024830844701338357,NA,NA
72.5,22.5,13487,NA,0.040564232034036765,NA,NA
73.5,22.5,13488,NA,0.0326388669479716,NA,NA
71.5,23.5,13628,NA,0.03477255920360544,NA,NA
72.5,23.5,13629,NA,0.05049797644449768,NA,NA
70.5,24.5,13765,NA,0.01979199206362471,NA,NA
71.5,24.5,13766,NA,0.06826801898516874,NA,NA
70.5,25.5,13897,NA,0.07244549649162672,NA,NA
70.5,26.5,14026,NA,0.0054115800403573364,NA,NA
-57.5,30.5,14401,NA,0.016763427130514152,NA,NA
-56.5,30.5,14402,NA,0.027719091024386362,NA,NA
-55.5,30.5,14403,NA,0.02411856897566754,NA,NA
-54.5,30.5,14404,NA,0.024860929214883375,NA,NA
-53.5,30.5,14405,NA,0.0714362813113017,NA,NA
-52.5,30.5,14406,NA,0.06331848140255224,NA,NA
-51.5,30.5,14407,NA,0.1893202761785346,NA,NA
-50.5,30.5,14408,NA,0.20461863402872227,NA,NA
-49.5,30.5,14409,NA,0.13411991363467532,0.08303690685146894,NA
-48.5,30.5,14410,NA,0.1497140836673722,0.4449281278641651,NA
-47.5,30.5,14411,NA,0.09340214051149207,0.18920271496277666,NA
-46.5,30.5,14412,NA,0.06604512066859639,0.13724604136221558,NA
-45.5,30.5,14413,NA,0.03256723640372382,0.07109914609736875,NA
-44.5,30.5,14414,NA,0.034965887779899715,0.055955004286959535,NA
-43.5,30.5,14415,NA,0.03627631638706276,0.03372961936501898,NA
-42.5,30.5,14416,NA,0.026331520776879433,0.03881949068273571,NA
-41.5,30.5,14417,NA,0.02611672508096447,0.041896404142128855,NA
-40.5,30.5,14418,NA,0.05294481372235005,0.20134517022954193,NA
-39.5,30.5,14419,NA,0.03651118730103157,0.09306873832304345,0.03235535142870716
-38.5,30.5,14420,NA,0.029225175921572706,0.059133935276235484,0.017042394601258185
-37.5,30.5,14421,NA,0.013476033509501417,0.07051610826341997,0.010933505526074938
-36.5,30.5,14422,NA,0.03144357099021868,0.07231051326288165,0.009708232847035257
-35.5,30.5,14423,NA,0.03451254109337324,0.06260946834691875,0.009408219510166205
-34.5,30.5,14424,NA,0.031690608632663195,0.05356388652160973,0.010930213635695287
-33.5,30.5,14425,NA,0.023829388947375272,0.03148971748832908,0.006092355347018867
-32.5,30.5,14426,NA,0.019437893028863222,0.026913639792417548,0.002863587985715317
-31.5,30.5,14427,NA,0.019424583613392193,0.040611851272045,0.006112547223105148
-30.5,30.5,14428,NA,0.020685849810280422,0.020991272002246028,0.003918210323643537
-58.5,31.5,14525,NA,0.01940433565814173,NA,NA
-57.5,31.5,14526,NA,0.03501787443739789,NA,NA
-56.5,31.5,14527,NA,0.036379755767971554,NA,NA
-55.5,31.5,14528,NA,0.023002736763166276,NA,NA
-54.5,31.5,14529,NA,0.023116092891728807,NA,NA
-53.5,31.5,14530,NA,0.1582710817963944,NA,NA
-52.5,31.5,14531,NA,0.07390246015085845,NA,NA
-51.5,31.5,14532,NA,0.07116053207985816,NA,NA
-50.5,31.5,14533,NA,0.07978842835198725,NA,NA
-48.5,31.5,14534,NA,0.11902510918962926,0.22397034144422331,NA
-47.5,31.5,14535,NA,0.21308620401435904,0.6590821631973776,NA
-46.5,31.5,14536,NA,0.15226069454788763,0.27747515125956573,NA
-45.5,31.5,14537,NA,0.05958253696366131,0.09739656315789992,NA
-44.5,31.5,14538,NA,0.03910717813473645,0.07884983113211541,NA
-43.5,31.5,14539,NA,0.030687623098034657,0.06094685481556513,NA
-42.5,31.5,14540,NA,0.018520404818198354,0.047543841202369874,NA
-41.5,31.5,14541,NA,0.02812764740199851,0.0878712082477152,NA
-40.5,31.5,14542,NA,0.10767631616769238,0.2883083168320379,NA
-39.5,31.5,14543,NA,0.0433744305313158,0.20239978135120343,0.03345322381595647
-38.5,31.5,14544,NA,0.020774870382726008,0.07665792261518946,0.015106395978133009
-37.5,31.5,14545,NA,0.019655644122411987,0.044932103889535606,0.010559246782155045
-36.5,31.5,14546,NA,0.016704403495649365,0.043874707783913135,0.009278020496852458
-35.5,31.5,14547,NA,0.018423343927899093,0.08910846201267145,0.008181104318740227
-34.5,31.5,14548,NA,0.013425832508616698,0.20227328425403138,0.008013980097188277
-33.5,31.5,14549,NA,0.012328019285025475,0.15466562011268709,0.006764007283361699
-32.5,31.5,14550,NA,0.00866474256980395,0.060316096560933306,0.004318422101685244
-31.5,31.5,14551,NA,0.006393965970188341,0.034302942383448456,0.0038236626466883962
-30.5,31.5,14552,NA,0.009731928597489746,0.03203298219537843,0.0029005116022132577
-58.5,32.5,14647,NA,0.03736996567781079,NA,NA
-57.5,32.5,14648,NA,0.037568795733972475,NA,NA
-56.5,32.5,14649,NA,0.02131680289247421,NA,NA
-55.5,32.5,14650,NA,0.021519214717491283,NA,NA
-54.5,32.5,14651,NA,0.03377569062720617,NA,NA
-53.5,32.5,14652,NA,0.07157725188599057,NA,NA
-52.5,32.5,14653,NA,0.12131417014451018,NA,NA
-51.5,32.5,14654,NA,0.07265767820027429,NA,NA
-50.5,32.5,14655,NA,0.0619630846506156,NA,NA
-49.5,32.5,14656,NA,0.13005268544371948,0.16433551706119898,NA
-47.5,32.5,14657,NA,0.1515867824926333,0.6027977228951412,NA
-46.5,32.5,14658,NA,0.20307753636754283,0.7957092033203222,NA
-45.5,32.5,14659,NA,0.109256381450746,0.2515330445182103,NA
-44.5,32.5,14660,NA,0.03051909551853392,0.14797093242612155,NA
-43.5,32.5,14661,NA,0.038280852451321595,0.136324824714012,NA
-42.5,32.5,14662,NA,0.016201513760950616,0.08648247854443225,NA
-41.5,32.5,14663,NA,0.0315072113981362,0.08575718529924561,NA
-40.5,32.5,14664,NA,0.06375802193324825,0.16060291640794055,NA
-39.5,32.5,14665,NA,0.03917429426506657,0.15214019941838575,0.04062325376583506
-38.5,32.5,14666,NA,0.008498045939916684,0.02980164692965715,0.014946143852981233
-37.5,32.5,14667,NA,0.015999142098824092,0.03354399003515323,0.014107533936388755
-36.5,32.5,14668,NA,0.014459915803587893,0.025714828201421236,0.01220430446275387
-35.5,32.5,14669,NA,0.012643097595265676,0.059144879649147566,0.011694965985071923
-34.5,32.5,14670,NA,0.012664490768214692,0.06535715478790574,0.010943610767827103
-33.5,32.5,14671,NA,0.013679595085800906,0.06717852151966903,0.010897206360682721
-32.5,32.5,14672,NA,0.008981179152181292,0.08555229926133927,0.0072492692982788825
-31.5,32.5,14673,NA,0.009430548531089525,0.045416544554847255,0.005838187707394351
-30.5,32.5,14674,NA,0.00734917767048848,0.04708793383457728,0.003927360326809336
-58.5,33.5,14768,NA,0.03491532772313493,NA,NA
-57.5,33.5,14769,NA,0.02136380423067018,NA,NA
-56.5,33.5,14770,NA,0.02121360111334536,NA,NA
-55.5,33.5,14771,NA,0.05002062722435229,NA,NA
-54.5,33.5,14772,NA,0.06651130834845351,NA,NA
-52.5,33.5,14773,NA,0.07681491076798075,NA,NA
-51.5,33.5,14774,NA,0.11028404939869411,NA,NA
-50.5,33.5,14775,NA,0.01571907086007204,NA,NA
-45.5,33.5,14776,NA,0.01391074279160435,0.049417300181832255,NA
-44.5,33.5,14777,NA,0.039510515492027616,0.06942284776326266,NA
-43.5,33.5,14778,NA,0.060903064042439954,0.4221213883582594,NA
-42.5,33.5,14779,NA,0.03961817193394304,0.1344585533308581,NA
-41.5,33.5,14780,NA,0.03346013573425289,0.09312001595208545,NA
-40.5,33.5,14781,NA,0.028275673825135263,0.08768820644995376,NA
-39.5,33.5,14782,NA,0.0255367097246726,0.08697509454627068,0.024089939289318508
-38.5,33.5,14783,NA,0.008238558645431835,0.026312047436108207,0.009854047300525082
-37.5,33.5,14784,NA,0.009577829481993252,0.042820160222926416,0.013315586263810596
-36.5,33.5,14785,NA,0.00985959125051952,0.034374354178785156,0.013005597323451959
-35.5,33.5,14786,NA,0.012186998615184016,0.03351113017038296,0.007883468218450871
-34.5,33.5,14787,NA,0.016475510493529324,0.04796205220549237,0.00811502870091369
-33.5,33.5,14788,NA,0.012753616414467107,0.038405868767683905,0.010708479620525062
-32.5,33.5,14789,NA,0.011144322274628622,0.031007489440843024,0.008627808068274777
-31.5,33.5,14790,NA,0.0063731912089438165,0.021700525904640278,0.005502165067807447
-30.5,33.5,14791,NA,0.005479428184474398,0.03427909158681715,0.005078101563257168
-59.5,34.5,14884,NA,0.03017995507798702,NA,NA
-58.5,34.5,14885,NA,0.04029126994285082,NA,NA
-57.5,34.5,14886,NA,0.025249978866805193,NA,NA
-56.5,34.5,14887,NA,0.056202526822524274,NA,NA
-55.5,34.5,14888,NA,0.02720446647456009,NA,NA
-54.5,34.5,14889,NA,0.02068775519001666,NA,NA
-52.5,34.5,14890,NA,0.012260313908195602,NA,NA
-51.5,34.5,14891,NA,0.012331268884271863,NA,NA
-50.5,34.5,14892,NA,0.07775874757571288,NA,NA
-42.5,34.5,14893,NA,0.015607097062028995,0.037143565082101926,NA
-41.5,34.5,14894,NA,0.08648897168712363,0.09010202219175192,NA
-40.5,34.5,14895,NA,0.052201930916374054,0.34161100602209393,NA
-39.5,34.5,14896,NA,0.04084058925786067,0.19377725497538192,0.02185952352742934
-38.5,34.5,14897,NA,0.014173574880200372,0.057591236350066626,0.012661891770529924
-37.5,34.5,14898,NA,0.00930165521618612,0.03139579744601005,0.008101867099256302
-36.5,34.5,14899,NA,0.013560958774567162,0.037998642298294,0.009710809248440639
-35.5,34.5,14900,NA,0.007428984341133314,0.033166509384452154,0.008335576741143654
-34.5,34.5,14901,NA,0.010650602854516796,0.03273352865818724,0.007908789615983111
-33.5,34.5,14902,NA,0.012345102345570323,0.0278721089395162,0.007251722853671426
-32.5,34.5,14903,NA,0.011757841198372072,0.026799058449185217,0.006604737888367589
-31.5,34.5,14904,NA,0.006164619542558281,0.01564688270653854,0.003943541160366132
-30.5,34.5,14905,NA,0.005537184122086356,0.03432860051026096,0.0035861079118608935
-59.5,35.5,14995,NA,0.0713107285536874,NA,NA
-58.5,35.5,14996,NA,0.041574506089688525,NA,NA
-57.5,35.5,14997,NA,0.0371351406779329,NA,NA
-56.5,35.5,14998,NA,0.056144653823038834,NA,NA
-55.5,35.5,14999,NA,0.06813957958893478,NA,NA
-54.5,35.5,15000,NA,0.06398509206767396,NA,NA
-50.5,35.5,15001,NA,0.032288467177488865,NA,NA
-49.5,35.5,15002,NA,0.08280118009737489,0.3601075898028312,NA
-48.5,35.5,15003,NA,0.1251501027310101,0.2321573739354469,NA
-47.5,35.5,15004,NA,0.01266003513864568,0.011972363020676328,NA
-46.5,35.5,15005,NA,0.02280019554205787,0.01948751029229845,NA
-39.5,35.5,15006,NA,0.006773712245615068,0.02959038658595294,0.003272030515792965
-38.5,35.5,15007,NA,0.03687112240750258,0.1890760390062097,0.019612413594726225
-37.5,35.5,15008,NA,0.01724627869787845,0.1357079689121255,0.012276140466601951
-36.5,35.5,15009,NA,0.010581514665119116,0.029666178395945524,0.00857213779183364
-35.5,35.5,15010,NA,0.007361213650711894,0.02256950752369342,0.0077281256368033876
-34.5,35.5,15011,NA,0.006262576053429749,0.025717918143491038,0.00712871764400589
-33.5,35.5,15012,NA,0.0065014937414835695,0.021011487600611205,0.006915248414187457
-32.5,35.5,15013,NA,0.014420194424572748,0.021780937648964944,0.006413417981961998
-31.5,35.5,15014,NA,0.008788696552082025,0.01617061005300133,0.0045078149693955506
-30.5,35.5,15015,NA,0.006326434580352148,0.03133412959751447,0.003143486361760139
-58.5,36.5,15105,NA,0.17052356358086732,NA,NA
-57.5,36.5,15106,NA,0.03219520896293491,NA,NA
-56.5,36.5,15107,NA,0.06564203982617699,NA,NA
-55.5,36.5,15108,NA,0.03198538049345807,NA,NA
-54.5,36.5,15109,NA,0.03802984067562541,NA,NA
-53.5,36.5,15110,NA,0.08059264982987496,NA,NA
-50.5,36.5,15111,NA,0.11188689880941431,NA,NA
-49.5,36.5,15112,NA,0.16209243094066952,0.3007278892127829,NA
-48.5,36.5,15113,NA,0.16322019249600977,0.33408204369407507,NA
-47.5,36.5,15114,NA,0.25907626565377406,0.2975067475395216,NA
-46.5,36.5,15115,NA,0.09270295891085205,0.08040089836240327,NA
-45.5,36.5,15116,NA,0.20169021100428258,0.46437997042199897,NA
-44.5,36.5,15117,NA,0.06692661359039292,0.08492549518417078,NA
-38.5,36.5,15118,NA,0.03420854237108384,0.25466557561810305,0.013394190044904202
-37.5,36.5,15119,NA,0.02075233532327434,0.08256340410767733,0.012373110009233763
-36.5,36.5,15120,NA,0.009306219851959336,0.05097690058866749,0.007877228976880432
-35.5,36.5,15121,NA,0.006744311486415264,0.035800100994304154,0.007315012674088099
-34.5,36.5,15122,NA,0.006569394189002028,0.03460613254335731,0.005730418338061141
-33.5,36.5,15123,NA,0.006582326324575461,0.037159755855182025,0.006370655690481636
-32.5,36.5,15124,NA,0.0061589628536552355,0.03770013161269861,0.006373175561164561
-31.5,36.5,15125,NA,0.005936004722156547,0.040580978259395065,0.006382432172225017
-30.5,36.5,15126,NA,0.0036064499469159917,0.05104080062228392,0.0038107999581724634
-57.5,37.5,15216,NA,0.06207377089422932,NA,NA
-56.5,37.5,15217,NA,0.05378658628820308,NA,NA
-55.5,37.5,15218,NA,0.041415898243599654,NA,NA
-54.5,37.5,15219,NA,0.019677350644764724,NA,NA
-53.5,37.5,15220,NA,0.04835811663110323,NA,NA
-50.5,37.5,15221,NA,0.06569705998837416,NA,NA
-49.5,37.5,15222,NA,0.14712499722290273,0.25204817359627973,NA
-48.5,37.5,15223,NA,0.21572078675449666,0.2666784788106462,NA
-47.5,37.5,15224,NA,0.14196843522781755,0.11456323192712707,NA
-46.5,37.5,15225,NA,0.17367194202861974,0.1522032045557927,NA
-45.5,37.5,15226,NA,0.05202059205456103,0.04190898933165557,NA
-44.5,37.5,15227,NA,0.09877789286970105,0.08224636513006783,NA
-43.5,37.5,15228,NA,0.020783905731809958,0.0214222367287844,NA
-42.5,37.5,15229,NA,0.018555069613754607,0.019602747033022363,NA
-41.5,37.5,15230,NA,0.005008894224752893,0.002878555688176094,NA
-38.5,37.5,15231,NA,0.01720676481374361,0.07745622547960457,0.003958195772767278
-37.5,37.5,15232,NA,0.06250105888690366,0.16428633861238737,0.017040023307472424
-36.5,37.5,15233,NA,0.007332985554033968,0.04842597300146364,0.008425997305280812
-35.5,37.5,15234,NA,0.006810386240737966,0.026222091892700698,0.007247295810069952
-34.5,37.5,15235,NA,0.0066059757673805515,0.03816798663624879,0.006147508745622016
-33.5,37.5,15236,NA,0.006257677372642076,0.03351680726247328,0.006047156193902674
-32.5,37.5,15237,NA,0.006135894841646657,0.04395920923798129,0.006087129335821759
-31.5,37.5,15238,NA,0.005891720346029769,0.030806328986831364,0.006293947512317432
-30.5,37.5,15239,NA,0.004287097696486472,0.017838585971283516,0.00519888245295071
-59.5,38.5,15330,NA,0.0562673065979664,NA,NA
-58.5,38.5,15331,NA,0.10653994630668231,NA,NA
-57.5,38.5,15332,NA,0.18705229103617063,NA,NA
-56.5,38.5,15333,NA,0.19842403312420895,NA,NA
-55.5,38.5,15334,NA,0.01747395630269986,NA,NA
-51.5,38.5,15335,NA,0.07721508813442989,NA,NA
-50.5,38.5,15336,NA,0.21725635906442425,NA,NA
-49.5,38.5,15337,NA,0.19740066658931646,0.30084319257809555,NA
-48.5,38.5,15338,NA,0.14727248105098514,0.10759661211767726,NA
-47.5,38.5,15339,NA,0.08549776220133495,0.06948178711266342,NA
-46.5,38.5,15340,NA,0.08139946716593671,0.06724406811754143,NA
-45.5,38.5,15341,NA,0.04695151660959407,0.040359625403221376,NA
-44.5,38.5,15342,NA,0.036477577495832476,0.022931986116691637,NA
-43.5,38.5,15343,NA,0.06864541717607973,0.045775596726568855,NA
-42.5,38.5,15344,NA,0.0951623912646888,0.10461436375625284,NA
-41.5,38.5,15345,NA,0.06647912453927618,0.0623942222544769,NA
-40.5,38.5,15346,NA,0.003400884320162142,0.001983384040464173,NA
-37.5,38.5,15347,NA,0.06285842395434157,0.19872690703221113,0.021492307356542395
-36.5,38.5,15348,NA,0.01215910453861511,0.06677773952968775,0.011820645957367575
-35.5,38.5,15349,NA,0.0067567772492991025,0.043807705808473325,0.006934160148205369
-34.5,38.5,15350,NA,0.007114826149190744,0.034662784039245845,0.007592142461432225
-33.5,38.5,15351,NA,0.0065133844694951915,0.025821743123684397,0.0075977938133154135
-32.5,38.5,15352,NA,0.005844045519084676,0.02457457013305982,0.007516408238289688
-31.5,38.5,15353,NA,0.005921392728376598,0.02212578221060638,0.007911693337591329
-30.5,38.5,15354,NA,0.0057091868103922834,0.013786064906682022,0.008044500297677682
-59.5,39.5,15443,NA,0.16419131500726744,NA,NA
-56.5,39.5,15444,NA,0.028828484694573376,NA,NA
-55.5,39.5,15445,NA,0.04097109926998438,NA,NA
-51.5,39.5,15446,NA,0.3849603603343402,NA,NA
-50.5,39.5,15447,NA,0.3213130319370688,NA,NA
-49.5,39.5,15448,NA,0.17882366087414678,0.19081953388807152,NA
-48.5,39.5,15449,NA,0.0922429741172863,0.04027237922306332,NA
-47.5,39.5,15450,NA,0.12119896764585476,0.038509737351423705,NA
-46.5,39.5,15451,NA,0.14512776149238613,0.07410001792119363,NA
-45.5,39.5,15452,NA,0.058962804614494546,0.041093422783169645,NA
-44.5,39.5,15453,NA,0.03195488675355045,0.023923343219826275,NA
-43.5,39.5,15454,NA,0.032045305271808516,0.026103407132794538,NA
-42.5,39.5,15455,NA,0.05485003592322657,0.033217739325448886,NA
-41.5,39.5,15456,NA,0.06324033201353702,0.06022231279999363,NA
-40.5,39.5,15457,NA,0.020135884930973704,0.012609976845219225,NA
-37.5,39.5,15458,NA,0.04616074492352388,0.20500675709514884,0.022317105344816447
-36.5,39.5,15459,NA,0.03136969452130088,0.06456969166290143,0.015395627013076027
-35.5,39.5,15460,NA,0.008588874704771177,0.034370812794792316,0.008287721039369304
-34.5,39.5,15461,NA,0.0075230745596563935,0.027824109434942772,0.008713039902387892
-33.5,39.5,15462,NA,0.0070864195560598935,0.019383236699036185,0.008142404009085027
-32.5,39.5,15463,NA,0.006822992033923409,0.018290022610451626,0.008144666907192675
-31.5,39.5,15464,NA,0.00680414923186405,0.017225325964506065,0.008581124228586043
-30.5,39.5,15465,NA,0.006687041410133725,0.017923808558659323,0.008857719879565734
-9.5,-39.5,127,NA,NA,0.004292029526150296,NA
-8.5,-39.5,128,NA,NA,0.0033395718378215976,NA
-7.5,-39.5,129,NA,NA,0.0060983053622140106,NA
-6.5,-39.5,130,NA,NA,0.004084393381707273,NA
-2.5,-39.5,131,NA,NA,3.8125751776628376e-4,NA
-1.5,-39.5,132,NA,NA,0.0024440979239588505,NA
-0.5,-39.5,133,NA,NA,0.0017367803807690734,NA
-9.5,-38.5,365,NA,NA,0.002882769867504796,NA
-8.5,-38.5,366,NA,NA,0.002803176486981064,NA
-7.5,-38.5,367,NA,NA,0.006700829188668719,NA
-6.5,-38.5,368,NA,NA,0.002013263658824934,NA
-5.5,-38.5,369,NA,NA,0.0023851451158045244,NA
-1.5,-38.5,370,NA,NA,7.743846714335755e-4,NA
-0.5,-38.5,371,NA,NA,0.0021662973261552115,NA
-9.5,-37.5,598,NA,NA,0.0014581033731470387,NA
-8.5,-37.5,599,NA,NA,0.0015078732061579692,NA
-7.5,-37.5,600,NA,NA,0.0021765112943878664,NA
-6.5,-37.5,601,NA,NA,0.0032812662300542557,NA
-5.5,-37.5,602,NA,NA,0.0022035430772012112,NA
-3.5,-37.5,603,NA,NA,3.576701242055804e-4,NA
-2.5,-37.5,604,NA,NA,8.281305243090294e-4,NA
-1.5,-37.5,605,NA,NA,0.001505699029754816,NA
-0.5,-37.5,606,NA,NA,0.0017779845854458077,NA
-9.5,-36.5,833,NA,NA,0.0017105529399123326,NA
-8.5,-36.5,834,NA,NA,0.0016741264278226807,NA
-7.5,-36.5,835,NA,NA,0.0018999522849239162,NA
-6.5,-36.5,836,NA,NA,0.008247237917885642,NA
-4.5,-36.5,837,NA,NA,5.244755467713613e-4,NA
-3.5,-36.5,838,NA,NA,0.0017983985515163806,NA
-2.5,-36.5,839,NA,NA,0.0015800688143652404,NA
-1.5,-36.5,840,NA,NA,0.0019416473238954215,NA
-0.5,-36.5,841,NA,NA,0.0015274558610795246,NA
-9.5,-35.5,1065,NA,NA,0.001835355357180219,NA
-8.5,-35.5,1066,NA,NA,0.0020274804782024966,NA
-7.5,-35.5,1067,NA,NA,0.0029218656570424734,NA
-5.5,-35.5,1068,NA,NA,9.21119555132181e-4,NA
-4.5,-35.5,1069,NA,NA,0.0015606968986184866,NA
-3.5,-35.5,1070,NA,NA,0.0018690754363126349,NA
-2.5,-35.5,1071,NA,NA,0.001530139789093443,NA
-1.5,-35.5,1072,NA,NA,0.0015246379246816669,NA
-0.5,-35.5,1073,NA,NA,0.0015461197198551853,NA
-9.5,-34.5,1292,NA,NA,0.0018002530899417655,NA
-8.5,-34.5,1293,NA,NA,0.0022993175303176595,NA
-7.5,-34.5,1294,NA,NA,8.618474806876554e-4,NA
-6.5,-34.5,1295,NA,NA,0.002532011343361386,NA
-5.5,-34.5,1296,NA,NA,0.002256260310748457,NA
-4.5,-34.5,1297,NA,NA,0.002088194723064229,NA
-3.5,-34.5,1298,NA,NA,0.001669208649286873,NA
-2.5,-34.5,1299,NA,NA,0.001602348853227541,NA
-1.5,-34.5,1300,NA,NA,0.0018698642070838472,NA
-0.5,-34.5,1301,NA,NA,0.0017474049688504397,NA
-9.5,-33.5,1515,NA,NA,0.0016887719732908042,NA
-8.5,-33.5,1516,NA,NA,0.002133641667456966,NA
-7.5,-33.5,1517,NA,NA,0.002194739915712714,NA
-6.5,-33.5,1518,NA,NA,0.002722732913126083,NA
-5.5,-33.5,1519,NA,NA,0.001989788158525338,NA
-4.5,-33.5,1520,NA,NA,0.001779195053481347,NA
-3.5,-33.5,1521,NA,NA,0.0018079283956108148,NA
-2.5,-33.5,1522,NA,NA,0.0017216856021566621,NA
-1.5,-33.5,1523,NA,NA,0.001842184264073027,NA
-0.5,-33.5,1524,NA,NA,0.0016727985794201521,NA
-9.5,-32.5,1734,NA,NA,0.0016664602624113572,NA
-8.5,-32.5,1735,NA,NA,0.001718068722444141,NA
-7.5,-32.5,1736,NA,NA,0.0018139512297250724,NA
-6.5,-32.5,1737,NA,NA,0.0020377903412383985,NA
-5.5,-32.5,1738,NA,NA,0.0018588948171505382,NA
-4.5,-32.5,1739,NA,NA,0.001978666289888463,NA
-3.5,-32.5,1740,NA,NA,0.0020819571736836375,NA
-2.5,-32.5,1741,NA,NA,0.0018240219727131543,NA
-1.5,-32.5,1742,NA,NA,0.002053308141254903,NA
-0.5,-32.5,1743,NA,NA,0.0017991069215660472,NA
-9.5,-31.5,1945,NA,NA,0.00189557968196844,NA
-8.5,-31.5,1946,NA,NA,0.0022901246242079732,NA
-7.5,-31.5,1947,NA,NA,0.0018593475583866326,NA
-6.5,-31.5,1948,NA,NA,0.0020522393605990254,NA
-5.5,-31.5,1949,NA,NA,0.001786892628595965,NA
-4.5,-31.5,1950,NA,NA,0.002084231394696029,NA
-3.5,-31.5,1951,NA,NA,0.0021426411267781997,NA
-2.5,-31.5,1952,NA,NA,0.0021348918463108086,NA
-1.5,-31.5,1953,NA,NA,0.0019330469148489797,NA
-0.5,-31.5,1954,NA,NA,0.002083237857182752,NA
-9.5,-30.5,2155,NA,NA,0.0018960662058628806,NA
-8.5,-30.5,2156,NA,NA,0.002080290348332689,NA
-7.5,-30.5,2157,NA,NA,0.0018679718869235818,NA
-6.5,-30.5,2158,NA,NA,0.0018363750750859306,NA
-5.5,-30.5,2159,NA,NA,0.001796315907590492,NA
-4.5,-30.5,2160,NA,NA,0.0021239188143742198,NA
-3.5,-30.5,2161,NA,NA,0.0021518423818052365,NA
-2.5,-30.5,2162,NA,NA,0.0019633689903499813,NA
-1.5,-30.5,2163,NA,NA,0.0019151113297749644,NA
-0.5,-30.5,2164,NA,NA,0.0025189923958292572,NA
-19.5,-29.5,2355,NA,NA,0.001532255892323826,0.0037207920571380544
-18.5,-29.5,2356,NA,NA,0.0015279355280840095,0.0036292922122119673
-17.5,-29.5,2357,NA,NA,0.0018899900576156555,0.003451939021496697
-16.5,-29.5,2358,NA,NA,0.0014581765115777644,0.003202575211353095
-15.5,-29.5,2359,NA,NA,0.0017468365251114793,0.0031631514705872223
-14.5,-29.5,2360,NA,NA,0.0018095781675429485,0.0035998761248574483
-13.5,-29.5,2361,NA,NA,0.0019394898313478963,0.003857818569646446
-12.5,-29.5,2362,NA,NA,0.0023992392050089825,0.004842419987805994
-11.5,-29.5,2363,NA,NA,0.001901539410497181,0.0048944422211833205
-10.5,-29.5,2364,NA,NA,0.0020496151782184585,0.004157302185655954
-9.5,-29.5,2365,NA,NA,0.0021378242645440715,0.004178116722098877
-8.5,-29.5,2366,NA,NA,0.001974817256395416,0.004129975138946633
-7.5,-29.5,2367,NA,NA,0.0019339464306871105,0.004038258782604271
-6.5,-29.5,2368,NA,NA,0.001988155746923858,0.006098855805537218
-5.5,-29.5,2369,NA,NA,0.002051599824038165,0.008097019646384604
-4.5,-29.5,2370,NA,NA,0.0019717082997518114,0.010257691781664899
-3.5,-29.5,2371,NA,NA,0.0024151429806452862,0.012407506638313307
-2.5,-29.5,2372,NA,NA,0.0022850662617304347,0.01040789157567161
-1.5,-29.5,2373,NA,NA,0.0019141393198196886,0.009811619498771577
-0.5,-29.5,2374,NA,NA,0.0022090976445831786,0.00953034375830003
0.5,-29.5,2375,NA,NA,0.002063382075195252,NA
1.5,-29.5,2376,NA,NA,0.002379742427845868,NA
2.5,-29.5,2377,NA,NA,0.0021754731789690915,NA
3.5,-29.5,2378,NA,NA,0.0016925256524240777,NA
4.5,-29.5,2379,NA,NA,0.0015015096510005198,NA
5.5,-29.5,2380,NA,NA,0.0015063446598799458,NA
6.5,-29.5,2381,NA,NA,0.001398884166543442,NA
7.5,-29.5,2382,NA,NA,0.0013868576574753689,NA
8.5,-29.5,2383,NA,NA,0.0013213097957410706,NA
9.5,-29.5,2384,NA,NA,0.0010289088603568663,NA
-19.5,-28.5,2565,NA,NA,0.0014984385545660746,0.003489280052380391
-18.5,-28.5,2566,NA,NA,0.0014666493620070055,0.003761134108777215
-17.5,-28.5,2567,NA,NA,0.0014623797899208258,0.003377492254113876
-16.5,-28.5,2568,NA,NA,0.001458578662716043,0.003351665430699045
-15.5,-28.5,2569,NA,NA,0.0014483220805061874,0.003344101363857741
-14.5,-28.5,2570,NA,NA,0.001496266601993111,0.003542165148187629
-13.5,-28.5,2571,NA,NA,0.0015302814634052865,0.003643311738060852
-12.5,-28.5,2572,NA,NA,0.0023263072316493404,0.00465756184953957
-11.5,-28.5,2573,NA,NA,0.0018662291408811837,0.005370161726972971
-10.5,-28.5,2574,NA,NA,0.0020057338304097466,0.005438108973773983
-9.5,-28.5,2575,NA,NA,0.002242758773889441,0.007336838443059709
-8.5,-28.5,2576,NA,NA,0.0020331003741483724,0.007637527630549912
-7.5,-28.5,2577,NA,NA,0.0021892188118393455,0.010315285671309583
-6.5,-28.5,2578,NA,NA,0.0019919899467983103,0.011680728465603252
-5.5,-28.5,2579,NA,NA,0.0018364473818255561,0.008679488969375721
-4.5,-28.5,2580,NA,NA,0.0029911805711361774,0.014204409485083827
-3.5,-28.5,2581,NA,NA,0.002185317100772793,0.008302872186625647
-2.5,-28.5,2582,NA,NA,0.002071957286436492,0.0074003311530359715
-1.5,-28.5,2583,NA,NA,0.0017467330412736942,0.007044049706764653
-0.5,-28.5,2584,NA,NA,0.0014554515107781721,0.006559816367738958
0.5,-28.5,2585,NA,NA,0.0014362423476210436,NA
1.5,-28.5,2586,NA,NA,0.0016961699591053932,NA
2.5,-28.5,2587,NA,NA,0.0016691202811167764,NA
3.5,-28.5,2588,NA,NA,0.001470101661087399,NA
4.5,-28.5,2589,NA,NA,0.0016654203560249859,NA
5.5,-28.5,2590,NA,NA,0.001095350593747012,NA
6.5,-28.5,2591,NA,NA,0.0012966027496229084,NA
7.5,-28.5,2592,NA,NA,0.0012655624076248833,NA
8.5,-28.5,2593,NA,NA,0.0012079529173391207,NA
9.5,-28.5,2594,NA,NA,7.944721397847507e-4,NA
-19.5,-27.5,2775,NA,NA,0.0015202891887322212,0.00439859293705287
-18.5,-27.5,2776,NA,NA,0.0014895435876437027,0.004041192404113419
-17.5,-27.5,2777,NA,NA,0.0014931924594824353,0.004465372179448783
-16.5,-27.5,2778,NA,NA,0.001652756913812427,0.003725804077894149
-15.5,-27.5,2779,NA,NA,0.001840626532503194,0.004085184304083655
-14.5,-27.5,2780,NA,NA,0.001799213667318098,0.004933198882500276
-13.5,-27.5,2781,NA,NA,0.001816489686447176,0.004863902258265713
-12.5,-27.5,2782,NA,NA,0.0018624151967555258,0.006459619838539413
-11.5,-27.5,2783,NA,NA,0.0017253689033057994,0.0058003954813044285
-10.5,-27.5,2784,NA,NA,0.0015038425735461186,0.007820028563255976
-9.5,-27.5,2785,NA,NA,0.0017798880912815811,0.008877893529678034
-8.5,-27.5,2786,NA,NA,0.0016729527188432103,0.006702289159868004
-7.5,-27.5,2787,NA,NA,0.001729226918695919,0.006922461650852066
-6.5,-27.5,2788,NA,NA,0.001715283738686137,0.005468101996402054
-5.5,-27.5,2789,NA,NA,0.0016352497521891535,0.004382956790253432
-4.5,-27.5,2790,NA,NA,0.0013706899517765974,0.003845370109801762
-3.5,-27.5,2791,NA,NA,0.001151569188002116,0.005314623250291779
-2.5,-27.5,2792,NA,NA,0.0013061642934654857,0.005139930789524312
-1.5,-27.5,2793,NA,NA,0.0013046054337352683,0.005030130899000607
-0.5,-27.5,2794,NA,NA,0.0012180212323723099,0.005092012573527955
0.5,-27.5,2795,NA,NA,0.001233401468785042,NA
1.5,-27.5,2796,NA,NA,0.0011076170736473623,NA
2.5,-27.5,2797,NA,NA,0.0012509024719842023,NA
3.5,-27.5,2798,NA,NA,0.00102099622871539,NA
4.5,-27.5,2799,NA,NA,0.0012825897623922329,NA
5.5,-27.5,2800,NA,NA,0.0010558054056123867,NA
6.5,-27.5,2801,NA,NA,0.0012585574890644046,NA
7.5,-27.5,2802,NA,NA,0.0012577530224770293,NA
8.5,-27.5,2803,NA,NA,0.001060059655774164,NA
9.5,-27.5,2804,NA,NA,8.96219192027333e-4,NA
-19.5,-26.5,2984,NA,NA,0.0015081540366327255,0.007205404195858452
-18.5,-26.5,2985,NA,NA,0.0018874446813268986,0.009273260106328125
-17.5,-26.5,2986,NA,NA,0.0014489320575183382,0.009592168234794795
-16.5,-26.5,2987,NA,NA,0.0014579616112344017,0.0093220220909869915
-15.5,-26.5,2988,NA,NA,0.0019487100317596856,0.009560117930583657
-14.5,-26.5,2989,NA,NA,0.0013867126945938215,0.009366475778885577
-13.5,-26.5,2990,NA,NA,0.0014884297996092233,0.007505769931231516
-12.5,-26.5,2991,NA,NA,0.0015613868437403585,0.005506521421553231
-11.5,-26.5,2992,NA,NA,0.0017248570823541528,0.005934686826429315
-10.5,-26.5,2993,NA,NA,0.0014244148238232975,0.004566876091470938
-9.5,-26.5,2994,NA,NA,0.0016454685531363147,0.004811835489501151
-8.5,-26.5,2995,NA,NA,0.0016067033488849955,0.005046965409314171
-7.5,-26.5,2996,NA,NA,0.0013974371695498068,0.005675673737678271
-6.5,-26.5,2997,NA,NA,0.001323175997862409,0.006876583989152259
-5.5,-26.5,2998,NA,NA,0.0012862814244824696,0.006759592702012038
-4.5,-26.5,2999,NA,NA,0.0010702614103131202,0.007091791910582022
-3.5,-26.5,3000,NA,NA,0.0010076480234159884,0.006811525500451488
-2.5,-26.5,3001,NA,NA,0.0013166459100916663,0.007015385535451673
-1.5,-26.5,3002,NA,NA,0.00126562233210873,0.007245793143742215
-0.5,-26.5,3003,NA,NA,0.0013030119579573402,0.007126453019495401
0.5,-26.5,3004,NA,NA,9.694975422892887e-4,NA
1.5,-26.5,3005,NA,NA,0.0010384367150947157,NA
2.5,-26.5,3006,NA,NA,0.0011804121084857827,NA
3.5,-26.5,3007,NA,NA,0.0010866775475418132,NA
4.5,-26.5,3008,NA,NA,0.0011083857468857043,NA
5.5,-26.5,3009,NA,NA,0.0010531410495769643,NA
6.5,-26.5,3010,NA,NA,0.0010671438486464274,NA
7.5,-26.5,3011,NA,NA,0.0012351006381768038,NA
8.5,-26.5,3012,NA,NA,9.469487657116571e-4,NA
9.5,-26.5,3013,NA,NA,8.931892652446577e-4,NA
-19.5,-25.5,3192,NA,NA,0.0011958345617918546,0.008890487776237225
-18.5,-25.5,3193,NA,NA,0.0015320397440039182,0.01086640701987404
-17.5,-25.5,3194,NA,NA,0.001348582828928867,0.011364621736424425
-16.5,-25.5,3195,NA,NA,0.0013664164521015884,0.009680291590112581
-15.5,-25.5,3196,NA,NA,0.001534156946607918,0.008885554696270778
-14.5,-25.5,3197,NA,NA,0.0015681490461030207,0.0066739015932458885
-13.5,-25.5,3198,NA,NA,0.0015786046708337453,0.0076542363246982865
-12.5,-25.5,3199,NA,NA,0.0013075997185476912,0.007721871188952274
-11.5,-25.5,3200,NA,NA,0.0013309938119874373,0.007943080683396561
-10.5,-25.5,3201,NA,NA,0.0013659506278060015,0.008434814629246307
-9.5,-25.5,3202,NA,NA,0.0012163367661794232,0.007905859231356139
-8.5,-25.5,3203,NA,NA,0.0012871912306282934,0.009955574217672427
-7.5,-25.5,3204,NA,NA,0.0012745693604664366,0.01159755956155627
-6.5,-25.5,3205,NA,NA,0.0012987140566621657,0.015372310884345352
-5.5,-25.5,3206,NA,NA,0.0010771748468843842,0.014753027450243737
-4.5,-25.5,3207,NA,NA,0.0010799800197077124,0.015383435016779133
-3.5,-25.5,3208,NA,NA,0.0010831008056169601,0.010022980634225895
-2.5,-25.5,3209,NA,NA,0.0012931859449679677,0.009982741070643267
-1.5,-25.5,3210,NA,NA,0.0012957864096384143,0.009955025083868963
-0.5,-25.5,3211,NA,NA,0.0013431687459727196,0.009963020736251457
0.5,-25.5,3212,NA,NA,0.001180495068937541,NA
1.5,-25.5,3213,NA,NA,0.001180495068937541,NA
2.5,-25.5,3214,NA,NA,9.790147857898215e-4,NA
3.5,-25.5,3215,NA,NA,0.0011679560965644415,NA
4.5,-25.5,3216,NA,NA,0.0012645596433881502,NA
5.5,-25.5,3217,NA,NA,0.0012623047484659725,NA
6.5,-25.5,3218,NA,NA,0.0012605948751791283,NA
7.5,-25.5,3219,NA,NA,0.0012688292493273077,NA
8.5,-25.5,3220,NA,NA,0.001258885766212244,NA
9.5,-25.5,3221,NA,NA,0.00106341556590113,NA
-19.5,-24.5,3399,NA,NA,0.0012666529910762467,0.013925311959748832
-18.5,-24.5,3400,NA,NA,0.0012582587734275964,0.017022283667051788
-17.5,-24.5,3401,NA,NA,0.0014173739309633346,0.013214614371662513
-16.5,-24.5,3402,NA,NA,0.001343218595404049,0.0161678827805897
-15.5,-24.5,3403,NA,NA,0.0014788776669109255,0.015952778423781653
-14.5,-24.5,3404,NA,NA,0.0014797195529739609,0.01541427651699636
-13.5,-24.5,3405,NA,NA,0.0015908019321421542,0.015019880964891584
-12.5,-24.5,3406,NA,NA,0.0017324032159054842,0.00990232976216261
-11.5,-24.5,3407,NA,NA,0.0014914229662590453,0.01052544481793784
-10.5,-24.5,3408,NA,NA,0.0014785717077779009,0.014038474321117862
-9.5,-24.5,3409,NA,NA,0.0010619298847251834,0.013602226295069022
-8.5,-24.5,3410,NA,NA,0.0013727424581038105,0.01258069616179554
-7.5,-24.5,3411,NA,NA,0.0013656227976162362,0.008832908323432065
-6.5,-24.5,3412,NA,NA,0.0013541368958727709,0.006093213297609302
-5.5,-24.5,3413,NA,NA,0.0011280469398103191,0.006093213297609302
-4.5,-24.5,3414,NA,NA,0.0011264418930900812,0.008721871149408846
-3.5,-24.5,3415,NA,NA,0.001355515775068616,0.005928752240830266
-2.5,-24.5,3416,NA,NA,0.0013549340875022495,0.0058375936770228756
-1.5,-24.5,3417,NA,NA,0.0013556762346240774,0.005725759943893831
-0.5,-24.5,3418,NA,NA,0.0013363116812977842,0.007532061818495184
0.5,-24.5,3419,NA,NA,0.0011679705896523143,NA
1.5,-24.5,3420,NA,NA,0.0011768578531132809,NA
2.5,-24.5,3421,NA,NA,0.001023017915327987,NA
3.5,-24.5,3422,NA,NA,0.0012975431720067213,NA
4.5,-24.5,3423,NA,NA,0.0013272660608506126,NA
5.5,-24.5,3424,NA,NA,0.0013894610691058368,NA
6.5,-24.5,3425,NA,NA,0.0012664946172597155,NA
7.5,-24.5,3426,NA,NA,0.0013269643145277028,NA
8.5,-24.5,3427,NA,NA,0.00127313181939783,NA
9.5,-24.5,3428,NA,NA,0.00129562909881327,NA
-19.5,-23.5,3607,NA,NA,0.0015496518179757455,0.006552936018351999
-18.5,-23.5,3608,NA,NA,0.001259047343225233,0.006506528840841762
-17.5,-23.5,3609,NA,NA,0.001524035180279065,0.006535573812619399
-16.5,-23.5,3610,NA,NA,0.0016705175777078508,0.016426223343825028
-15.5,-23.5,3611,NA,NA,0.001929912876634464,0.0067740729997264265
-14.5,-23.5,3612,NA,NA,0.0018797907659606561,0.007441650621687089
-13.5,-23.5,3613,NA,NA,0.0022760418608257236,0.011609028472822193
-12.5,-23.5,3614,NA,NA,0.0032463649903360045,0.03472153858247779
-11.5,-23.5,3615,NA,NA,0.001679769809315302,0.0070683266482810736
-10.5,-23.5,3616,NA,NA,0.0015064727688258567,0.006192614763534578
-9.5,-23.5,3617,NA,NA,0.0011182693497223174,0.0063498910348133595
-8.5,-23.5,3618,NA,NA,0.0014295152370664926,0.003703198080843844
-7.5,-23.5,3619,NA,NA,0.0014343643939963673,0.0038633137789475225
-6.5,-23.5,3620,NA,NA,0.0014484937707813462,0.0038940869685317116
-5.5,-23.5,3621,NA,NA,0.0014456166970159745,0.005841804915868766
-4.5,-23.5,3622,NA,NA,0.0014387394187832263,0.003868671479449296
-3.5,-23.5,3623,NA,NA,0.0014232746610228436,0.003862392102405023
-2.5,-23.5,3624,NA,NA,0.001561407710302578,0.004605814140824919
-1.5,-23.5,3625,NA,NA,0.0014241627745193383,0.004607814226714893
-0.5,-23.5,3626,NA,NA,0.001279654482288669,0.0038289044464826383
0.5,-23.5,3627,NA,NA,0.0013885138006507263,NA
1.5,-23.5,3628,NA,NA,0.0012238018455981462,NA
2.5,-23.5,3629,NA,NA,0.0011008608154742855,NA
3.5,-23.5,3630,NA,NA,0.00134088185741445,NA
4.5,-23.5,3631,NA,NA,0.0013836112733653719,NA
5.5,-23.5,3632,NA,NA,0.001576550009035609,NA
6.5,-23.5,3633,NA,NA,0.0014121155991131346,NA
7.5,-23.5,3634,NA,NA,0.0013481406745128822,NA
8.5,-23.5,3635,NA,NA,0.001258711936563267,NA
9.5,-23.5,3636,NA,NA,0.001284474801019689,NA
-19.5,-22.5,3816,NA,NA,0.0013432499837597999,0.004733008861211322
-18.5,-22.5,3817,NA,NA,0.0015220375244325568,0.004281106283705125
-17.5,-22.5,3818,NA,NA,0.002009580338862058,0.00445621208547596
-16.5,-22.5,3819,NA,NA,0.0020739896301489886,0.008155526130131832
-15.5,-22.5,3820,NA,NA,0.002075756665084203,0.012411536657525066
-14.5,-22.5,3821,NA,NA,0.002380441749414859,0.016413111365494535
-13.5,-22.5,3822,NA,NA,0.00267599858397177,0.057736632242865266
-12.5,-22.5,3823,NA,NA,0.0029960976789992614,0.07065929262690186
-11.5,-22.5,3824,NA,NA,0.0023817674155035954,0.016436395685667893
-10.5,-22.5,3825,NA,NA,0.0014418038122376677,0.006350095450087579
-9.5,-22.5,3826,NA,NA,0.001323522292901532,0.006971306875376806
-8.5,-22.5,3827,NA,NA,0.0011351824268158665,0.004290014784046053
-7.5,-22.5,3828,NA,NA,0.0011106332699531505,0.004327723076168318
-6.5,-22.5,3829,NA,NA,0.0014269009703152232,0.009001076061910482
-5.5,-22.5,3830,NA,NA,0.002722704876801258,0.008038232385389728
-4.5,-22.5,3831,NA,NA,0.0018286714234900627,0.0067238727272126925
-3.5,-22.5,3832,NA,NA,0.0020286038901900765,0.006285905751611976
-2.5,-22.5,3833,NA,NA,0.0020005709573850906,0.005985299415483866
-1.5,-22.5,3834,NA,NA,0.0018131143695778588,0.005153734367545268
-0.5,-22.5,3835,NA,NA,0.0017928933780490114,0.004865182310083024
0.5,-22.5,3836,NA,NA,0.0015099516347915004,NA
1.5,-22.5,3837,NA,NA,0.0013714200856341336,NA
2.5,-22.5,3838,NA,NA,0.001631383452347952,NA
3.5,-22.5,3839,NA,NA,0.0016081955271611556,NA
4.5,-22.5,3840,NA,NA,0.0017224400191397325,NA
5.5,-22.5,3841,NA,NA,0.001583696907416221,NA
6.5,-22.5,3842,NA,NA,0.0015648940706397072,NA
7.5,-22.5,3843,NA,NA,0.0016347418535289824,NA
8.5,-22.5,3844,NA,NA,0.0015141497616113061,NA
9.5,-22.5,3845,NA,NA,0.0015197873798472325,NA
-19.5,-21.5,4027,NA,NA,0.0019828635872421764,0.006184748747557786
-18.5,-21.5,4028,NA,NA,0.0017346335825139609,0.006784468265947063
-17.5,-21.5,4029,NA,NA,0.0019591979397705884,0.004442346436374556
-16.5,-21.5,4030,NA,NA,0.0022602164882005657,0.0057387524253838945
-15.5,-21.5,4031,NA,NA,0.002365722204836111,0.018823817131905365
-13.5,-21.5,4032,NA,NA,0.0025858699081690753,0.0266902419475244
-12.5,-21.5,4033,NA,NA,0.0027688044053157295,0.028774627524251566
-11.5,-21.5,4034,NA,NA,0.00244652460372219,0.009526823994514719
-10.5,-21.5,4035,NA,NA,0.0017745326408446682,0.02156101207429927
-9.5,-21.5,4036,NA,NA,0.0017800411481215138,0.005748030917675187
-8.5,-21.5,4037,NA,NA,0.0017768585392860486,0.00872077124633381
-7.5,-21.5,4038,NA,NA,0.002137146012362903,0.010471404410217615
-6.5,-21.5,4039,NA,NA,0.0033035910989830833,0.009559394182155177
-5.5,-21.5,4040,NA,NA,0.0030616518252323593,0.009117915370605282
-4.5,-21.5,4041,NA,NA,0.004053604697910356,0.009940982383765649
-3.5,-21.5,4042,NA,NA,0.0027108428929201625,0.007928805455716299
-2.5,-21.5,4043,NA,NA,0.002941677497383307,0.007671213481287537
-1.5,-21.5,4044,NA,NA,0.002931468616815072,0.006421219559344481
-0.5,-21.5,4045,NA,NA,0.002519977294147316,0.0047803888488479425
0.5,-21.5,4046,NA,NA,0.0023773062166135067,NA
1.5,-21.5,4047,NA,NA,0.0023479738638547245,NA
2.5,-21.5,4048,NA,NA,0.0014400437092767751,NA
3.5,-21.5,4049,NA,NA,0.002140573211759106,NA
4.5,-21.5,4050,NA,NA,0.004353352827281141,NA
5.5,-21.5,4051,NA,NA,0.0016856702241244388,NA
6.5,-21.5,4052,NA,NA,0.0020440059875133495,NA
7.5,-21.5,4053,NA,NA,0.002448337870367747,NA
8.5,-21.5,4054,NA,NA,0.002254837798099828,NA
9.5,-21.5,4055,NA,NA,0.0022949122553470908,NA
-19.5,-20.5,4239,NA,NA,0.004028248000479077,0.01879950571931672
-18.5,-20.5,4240,NA,NA,0.0023003411528793633,0.011116464416874727
-17.5,-20.5,4241,NA,NA,0.002456818846793219,0.00707506526120795
-16.5,-20.5,4242,NA,NA,0.003289158361985852,0.011468634396402801
-14.5,-20.5,4243,NA,NA,0.004482347051784065,0.013450293474263346
-13.5,-20.5,4244,NA,NA,0.002210328292873258,0.01421086859227811
-12.5,-20.5,4245,NA,NA,0.0032050038262656797,0.015247734136955526
-11.5,-20.5,4246,NA,NA,0.0031401864265506643,0.020538525486526328
-10.5,-20.5,4247,NA,NA,0.00452113634537487,0.03271068939254558
-9.5,-20.5,4248,NA,NA,0.007246494288425922,0.02620502284010919
-8.5,-20.5,4249,NA,NA,0.007947267038148567,0.03266501570497373
-7.5,-20.5,4250,NA,NA,0.006774000702307972,0.028264449698725377
-6.5,-20.5,4251,NA,NA,0.0071811275698540535,0.028463104871653617
-5.5,-20.5,4252,NA,NA,0.008966555714987525,0.030042587092048156
-4.5,-20.5,4253,NA,NA,0.009205200615626814,0.018607847141951225
-3.5,-20.5,4254,NA,NA,0.007074981865262508,0.01928343570516302
-2.5,-20.5,4255,NA,NA,0.005921242156751729,0.01826574843948375
-1.5,-20.5,4256,NA,NA,0.0043819314616532256,0.012914616714936569
-0.5,-20.5,4257,NA,NA,0.004144349352654014,0.005997961847863107
0.5,-20.5,4258,NA,NA,0.003967221030177572,NA
1.5,-20.5,4259,NA,NA,0.0034863590397420574,NA
2.5,-20.5,4260,NA,NA,0.002094784872637993,NA
3.5,-20.5,4261,NA,NA,0.0020355616205387107,NA
4.5,-20.5,4262,NA,NA,0.0022211021475139316,NA
5.5,-20.5,4263,NA,NA,0.003455898302563471,NA
6.5,-20.5,4264,NA,NA,0.0023005444208636693,NA
7.5,-20.5,4265,NA,NA,0.0020172764032380074,NA
8.5,-20.5,4266,NA,NA,0.0019237901432784625,NA
9.5,-20.5,4267,NA,NA,0.001857585707327868,NA
-31.5,-19.5,4444,NA,NA,0.0015526628286799257,0.01083639098970734
-30.5,-19.5,4445,NA,NA,0.0019941784505024722,0.015586101573559613
-33.5,-18.5,4663,NA,NA,0.0035487263210360093,0.01967492417707284
-32.5,-18.5,4664,NA,NA,0.002384484205009812,0.023138220154528447
-31.5,-18.5,4665,NA,NA,0.00853169902429777,0.04216155951931344
-30.5,-18.5,4666,NA,NA,0.005253544964437723,0.03364062462255348
-39.5,-17.5,4884,NA,NA,0.005193333885378377,0.218530256747516
-33.5,-17.5,4885,NA,NA,0.004028914845699238,0.04697774553368041
-32.5,-17.5,4886,NA,NA,0.003638386007634309,0.07191964998835704
-31.5,-17.5,4887,NA,NA,0.008247043959640658,0.046788584262563326
-30.5,-17.5,4888,NA,NA,0.003185295069929242,0.017896502800879174
-39.5,-16.5,5105,NA,NA,0.08221755343822136,0.01758160493740399
-34.5,-16.5,5106,NA,NA,0.004275417488065794,0.023736431641639893
-33.5,-16.5,5107,NA,NA,0.003860774389717877,0.06308540788850299
-32.5,-16.5,5108,NA,NA,0.0057765158900675686,0.0541734398797798
-31.5,-16.5,5109,NA,NA,0.013588743966083281,0.09697736517295988
-30.5,-16.5,5110,NA,NA,0.006245642269875735,0.022658846935162943
-39.5,-15.5,5329,NA,NA,0.01788128882428097,0.0343933042275186
-34.5,-15.5,5330,NA,NA,0.0038185499135897152,0.02722440498266372
-33.5,-15.5,5331,NA,NA,0.005757620777038543,0.03722519255778258
-32.5,-15.5,5332,NA,NA,0.007918301112779004,0.043891221154525595
-31.5,-15.5,5333,NA,NA,0.010994578520306206,0.0907945770147751
-30.5,-15.5,5334,NA,NA,0.025343685908586332,0.17765307419154713
-39.5,-14.5,5557,NA,NA,0.018651225850259863,0.03982873232271223
-38.5,-14.5,5558,NA,NA,0.00964714651609112,0.11163986448938792
-34.5,-14.5,5559,NA,NA,0.007112265066896288,0.08123069820850191
-33.5,-14.5,5560,NA,NA,0.008979605925973699,0.06284008511018031
-32.5,-14.5,5561,NA,NA,0.00895150440296686,0.04844539645294592
-31.5,-14.5,5562,NA,NA,0.00884896579465104,0.0697674543324713
-30.5,-14.5,5563,NA,NA,0.010407045257415475,0.07429046849901139
-39.5,-13.5,5789,NA,NA,0.010966372800524713,0.03341601313648116
-38.5,-13.5,5790,NA,NA,0.012879783863296317,0.07016588021718907
-35.5,-13.5,5791,NA,NA,0.004295451346101177,0.0658912257341767
-34.5,-13.5,5792,NA,NA,0.009350220681904196,0.056913544712257465
-33.5,-13.5,5793,NA,NA,0.009050588770325345,0.04421784466897907
-32.5,-13.5,5794,NA,NA,0.008163282036344576,0.057163055022452856
-31.5,-13.5,5795,NA,NA,0.008488345176734299,0.05654106794721826
-30.5,-13.5,5796,NA,NA,0.010552639212236646,0.07462139604387362
-39.5,-12.5,6022,NA,NA,0.0090963587580305,0.037988176920349115
-38.5,-12.5,6023,NA,NA,0.02725663358999389,0.01960449449437277
-36.5,-12.5,6024,NA,NA,0.004281658139150447,0.013527325479150356
-35.5,-12.5,6025,NA,NA,0.0077324890672896655,0.086966918075837
-34.5,-12.5,6026,NA,NA,0.007044942356027426,0.04359320163348537
-33.5,-12.5,6027,NA,NA,0.0065072051656920055,0.04283847185139845
-32.5,-12.5,6028,NA,NA,0.00888756249529162,0.05160964089894077
-31.5,-12.5,6029,NA,NA,0.006447175522957531,0.07289397302091517
-30.5,-12.5,6030,NA,NA,0.006766543140571704,0.1024994947536174
-39.5,-11.5,6262,NA,NA,0.006292467228740406,0.01808931993794762
-38.5,-11.5,6263,NA,NA,0.023073072556521558,0.049899961188250325
-36.5,-11.5,6264,NA,NA,0.0039058745496765,0.015415329326546654
-35.5,-11.5,6265,NA,NA,0.0073524821120498594,0.07818234701423524
-34.5,-11.5,6266,NA,NA,0.006440316682516977,0.09581442622964581
-33.5,-11.5,6267,NA,NA,0.005615271761804695,0.06992343926178173
-32.5,-11.5,6268,NA,NA,0.0046521881467354205,0.07315434447937176
-31.5,-11.5,6269,NA,NA,0.006555150032444826,0.07843866554563698
-30.5,-11.5,6270,NA,NA,0.012727197510218223,0.11839002196136567
-39.5,-10.5,6501,NA,NA,0.00612292817805738,0.01840016114866062
-38.5,-10.5,6502,NA,NA,0.02016518919880548,0.02437034261204791
-36.5,-10.5,6503,NA,NA,0.005741126478225921,0.02697834505912589
-35.5,-10.5,6504,NA,NA,0.023756259681080513,0.37191704560678945
-34.5,-10.5,6505,NA,NA,0.007507266444133448,0.18830682790787942
-33.5,-10.5,6506,NA,NA,0.005462488794412291,0.13348703984596627
-32.5,-10.5,6507,NA,NA,0.00825346099259042,0.11558597336578204
-31.5,-10.5,6508,NA,NA,0.00434708694516374,0.04879597080965485
-30.5,-10.5,6509,NA,NA,0.010119995656267528,0.028011336335402988
90.5,-9.5,6860,NA,NA,0.002258280298606144,0.003808133084797575
91.5,-9.5,6861,NA,NA,0.0024345207456371756,0.005719027282767154
92.5,-9.5,6862,NA,NA,0.0028606906094707247,0.00450047116365866
93.5,-9.5,6863,NA,NA,0.0024042526263138952,0.003971925960531969
94.5,-9.5,6864,NA,NA,0.0025867249865226018,0.004709102916479666
95.5,-9.5,6865,NA,NA,0.00428446009012705,0.00595230240718674
96.5,-9.5,6866,NA,NA,0.008588402525547918,0.008271116819382692
97.5,-9.5,6867,NA,NA,0.0053026273850984825,0.012992627032046311
98.5,-9.5,6868,NA,NA,0.0201074272967978,0.027621872679826933
99.5,-9.5,6869,NA,NA,0.02437869335957141,0.043793989586662474
90.5,-8.5,7082,NA,NA,0.0034644736726861434,0.006742941080525376
91.5,-8.5,7083,NA,NA,0.003090314460094799,0.004476990174821875
92.5,-8.5,7084,NA,NA,0.00253621984952426,0.003425876579274972
93.5,-8.5,7085,NA,NA,0.0024555761335430877,0.004437932866826312
94.5,-8.5,7086,NA,NA,0.0082263715569423,0.006599832386571161
95.5,-8.5,7087,NA,NA,0.0062405946885517385,0.010539499654264178
96.5,-8.5,7088,NA,NA,0.005796247897260751,0.00898707544305372
97.5,-8.5,7089,NA,NA,0.0077380260508068364,0.01137487400264823
98.5,-8.5,7090,NA,NA,0.033808632311875905,0.03814024348362718
99.5,-8.5,7091,NA,NA,0.030018986060069763,0.043225739333803526
90.5,-7.5,7301,NA,NA,0.0029698304537504527,0.004553256952812971
91.5,-7.5,7302,NA,NA,0.004378990802565614,0.005439097223210928
92.5,-7.5,7303,NA,NA,0.003875404066079099,0.004612324382973688
93.5,-7.5,7304,NA,NA,0.006918587793598641,0.006909634126242571
94.5,-7.5,7305,NA,NA,0.0066621999326615024,0.011941155584683739
95.5,-7.5,7306,NA,NA,0.007094217584810878,0.009488259761868262
96.5,-7.5,7307,NA,NA,0.008743316737125046,0.013089929661882172
97.5,-7.5,7308,NA,NA,0.008705554310455015,0.012529212152945696
98.5,-7.5,7309,NA,NA,0.0547118845103431,0.03091130590995375
99.5,-7.5,7310,NA,NA,0.054457631230535694,0.02958765564230138
90.5,-6.5,7526,NA,NA,0.006290177638431398,0.0072971545219401145
91.5,-6.5,7527,NA,NA,0.00582482335352866,0.007097407066571379
92.5,-6.5,7528,NA,NA,0.004085558432558312,0.007152322943896128
93.5,-6.5,7529,NA,NA,0.005461603011792684,0.01376671012023767
94.5,-6.5,7530,NA,NA,0.007588211637254354,0.01354593989475173
95.5,-6.5,7531,NA,NA,0.0075209236480537605,0.012722239788144348
96.5,-6.5,7532,NA,NA,0.009076938710796914,0.013815734368033697
97.5,-6.5,7533,NA,NA,0.014397093603045693,0.013516259812149085
98.5,-6.5,7534,NA,NA,0.04893104857451409,0.049757155284504244
99.5,-6.5,7535,NA,NA,0.03602750327637649,0.020257332920914525
90.5,-5.5,7751,NA,NA,0.007538230633234734,0.013774776806314665
91.5,-5.5,7752,NA,NA,0.009421509673740173,0.01926036872518828
92.5,-5.5,7753,NA,NA,0.006286906864570145,0.013274368720918198
93.5,-5.5,7754,NA,NA,0.007331926647567463,0.013532634456339992
94.5,-5.5,7755,NA,NA,0.006106236457167161,0.01667569020396289
95.5,-5.5,7756,NA,NA,0.008555856590218885,0.015594703085420334
96.5,-5.5,7757,NA,NA,0.01872394125214966,0.017952590231213483
97.5,-5.5,7758,NA,NA,0.01583506165207206,0.014902979461235205
98.5,-5.5,7759,NA,NA,0.08356212576095137,0.08024766445118557
90.5,-4.5,7978,NA,NA,0.007589341194292847,0.017995586736983583
91.5,-4.5,7979,NA,NA,0.008279918590048002,0.021824473231386435
92.5,-4.5,7980,NA,NA,0.00866813869510827,0.022062954245088348
93.5,-4.5,7981,NA,NA,0.0064782362023396095,0.014799028416771701
94.5,-4.5,7982,NA,NA,0.00949758864508632,0.015467427073403628
95.5,-4.5,7983,NA,NA,0.01114802093170839,0.01635477448185801
96.5,-4.5,7984,NA,NA,0.01707307308650415,0.017146638243470236
97.5,-4.5,7985,NA,NA,0.018555346693477626,0.03764818809383083
98.5,-4.5,7986,NA,NA,0.10381562481410417,0.10377886155078554
90.5,-3.5,8197,NA,NA,0.02084857865060627,0.03059623312632459
91.5,-3.5,8198,NA,NA,0.013571793908500452,0.0420488237500641
92.5,-3.5,8199,NA,NA,0.012335425344873618,0.03663439449252553
93.5,-3.5,8200,NA,NA,0.012621520187958302,0.04191027092865928
94.5,-3.5,8201,NA,NA,0.01448265009021312,0.05664887580245672
95.5,-3.5,8202,NA,NA,0.013734772738407331,0.05658711736659643
96.5,-3.5,8203,NA,NA,0.016346583328392943,0.05850929031734666
97.5,-3.5,8204,NA,NA,0.03872134554515371,0.04622433841525832
98.5,-3.5,8205,NA,NA,0.06256449292975333,0.026333670964113105
90.5,-2.5,8414,NA,NA,0.025127737233600587,0.024533603790876813
91.5,-2.5,8415,NA,NA,0.016677124617691913,0.01863614692957203
92.5,-2.5,8416,NA,NA,0.03137922167753871,0.02090401252096618
93.5,-2.5,8417,NA,NA,0.02595704196489955,0.02057826323451617
94.5,-2.5,8418,NA,NA,0.06941295344470234,0.06026189231022677
95.5,-2.5,8419,NA,NA,0.0348692499606199,0.029073934201927328
96.5,-2.5,8420,NA,NA,0.058538659266403545,0.017678193603188792
97.5,-2.5,8421,NA,NA,0.018477370172458884,0.011051950379845424
98.5,-2.5,8422,NA,NA,0.05020668980926381,0.02925882937143061
90.5,-1.5,8635,NA,NA,0.06709803947963859,0.026670710623562653
91.5,-1.5,8636,NA,NA,0.025083157443454226,0.021156387883334203
92.5,-1.5,8637,NA,NA,0.0262617586618826,0.01524742369431758
93.5,-1.5,8638,NA,NA,0.05217364496701241,0.01955494293171728
94.5,-1.5,8639,NA,NA,0.032991372230122114,0.04652500966755491
95.5,-1.5,8640,NA,NA,0.01906116587099587,0.022588766779245876
96.5,-1.5,8641,NA,NA,0.01440948997562319,0.009497881894590592
97.5,-1.5,8642,NA,NA,0.011972459675286096,0.01520884957181598
98.5,-1.5,8643,NA,NA,0.15370836734682355,0.09894757590266448
90.5,-0.5,8850,NA,NA,0.06084553349905892,0.03183068063941389
91.5,-0.5,8851,NA,NA,0.022170250183558376,0.021993590197886565
92.5,-0.5,8852,NA,NA,0.022201931926855708,0.0180819290614894
93.5,-0.5,8853,NA,NA,0.029691135133893275,0.024856197090380967
94.5,-0.5,8854,NA,NA,0.13162619215628907,0.040389363332306735
95.5,-0.5,8855,NA,NA,0.05595882517027381,0.07937865398148436
96.5,-0.5,8856,NA,NA,0.06042231540014734,0.0475199975083313
97.5,-0.5,8857,NA,NA,0.05945078497884045,0.051972493381521635
98.5,-0.5,8858,NA,NA,0.16054048804987342,0.17411770130876308
99.5,-0.5,8859,NA,NA,0.03094422465470219,0.0222375991256121
-89.5,-39.5,51,NA,NA,NA,0.002209015426539698
-88.5,-39.5,52,NA,NA,NA,0.0023015353106067876
-87.5,-39.5,53,NA,NA,NA,0.0023928035952869345
-86.5,-39.5,54,NA,NA,NA,0.002771386115659782
-85.5,-39.5,55,NA,NA,NA,0.002682893309597458
-84.5,-39.5,56,NA,NA,NA,0.003118381636417195
-83.5,-39.5,57,NA,NA,NA,0.003757330586614827
-82.5,-39.5,58,NA,NA,NA,0.004119788147522609
-81.5,-39.5,59,NA,NA,NA,0.00444984674906802
-80.5,-39.5,60,NA,NA,NA,0.003663977301698288
70.5,-39.5,204,NA,NA,NA,0.007991260382126022
71.5,-39.5,205,NA,NA,NA,0.007993040873516134
72.5,-39.5,206,NA,NA,NA,0.0073942784906005045
73.5,-39.5,207,NA,NA,NA,0.010397683759876871
74.5,-39.5,208,NA,NA,NA,0.01742076755385824
75.5,-39.5,209,NA,NA,NA,0.012379766149027253
76.5,-39.5,210,NA,NA,NA,0.013034650021513185
77.5,-39.5,211,NA,NA,NA,0.010404450878472648
78.5,-39.5,212,NA,NA,NA,0.01008206285353795
79.5,-39.5,213,NA,NA,NA,0.010663707217330582
90.5,-39.5,224,NA,NA,NA,0.003861949378678105
91.5,-39.5,225,NA,NA,NA,0.0047632322039652545
92.5,-39.5,226,NA,NA,NA,0.004332525360855367
93.5,-39.5,227,NA,NA,NA,0.00496786880445876
94.5,-39.5,228,NA,NA,NA,0.00919743937826896
95.5,-39.5,229,NA,NA,NA,0.005447505530030744
96.5,-39.5,230,NA,NA,NA,0.008323399332742764
97.5,-39.5,231,NA,NA,NA,0.00849398190308668
98.5,-39.5,232,NA,NA,NA,0.025516259457051573
99.5,-39.5,233,NA,NA,NA,0.026406948643923362
-89.5,-38.5,291,NA,NA,NA,0.003137375314063403
-88.5,-38.5,292,NA,NA,NA,0.0029389425427452606
-87.5,-38.5,293,NA,NA,NA,0.002639536785013884
-86.5,-38.5,294,NA,NA,NA,0.0024360641134483717
-85.5,-38.5,295,NA,NA,NA,0.002458413294701648
-84.5,-38.5,296,NA,NA,NA,0.0026499725825954385
-83.5,-38.5,297,NA,NA,NA,0.003102534767143622
-82.5,-38.5,298,NA,NA,NA,0.0033365352637069337
-81.5,-38.5,299,NA,NA,NA,0.0036264489942180677
-80.5,-38.5,300,NA,NA,NA,0.003702970789508446
70.5,-38.5,442,NA,NA,NA,0.0064040380525718565
71.5,-38.5,443,NA,NA,NA,0.0069898864090650195
72.5,-38.5,444,NA,NA,NA,0.007999133767459254
73.5,-38.5,445,NA,NA,NA,0.00966766020629637
74.5,-38.5,446,NA,NA,NA,0.0105973358266689
75.5,-38.5,447,NA,NA,NA,0.01252958581668482
76.5,-38.5,448,NA,NA,NA,0.011186183478796177
77.5,-38.5,449,NA,NA,NA,0.008286418985346084
78.5,-38.5,450,NA,NA,NA,0.009755841327465627
79.5,-38.5,451,NA,NA,NA,0.009145040284621035
90.5,-38.5,462,NA,NA,NA,0.003768033727171823
91.5,-38.5,463,NA,NA,NA,0.0040869756732776225
92.5,-38.5,464,NA,NA,NA,0.003778435281219184
93.5,-38.5,465,NA,NA,NA,0.0037647921524093316
94.5,-38.5,466,NA,NA,NA,0.004768190113708303
95.5,-38.5,467,NA,NA,NA,0.0055910618416222715
96.5,-38.5,468,NA,NA,NA,0.004461698300134574
97.5,-38.5,469,NA,NA,NA,0.006862128265728536
98.5,-38.5,470,NA,NA,NA,0.022538081597608162
99.5,-38.5,471,NA,NA,NA,0.022516258551614352
-89.5,-37.5,528,NA,NA,NA,0.004037169543208589
-88.5,-37.5,529,NA,NA,NA,0.004042747556894919
-87.5,-37.5,530,NA,NA,NA,0.005370393189298981
-86.5,-37.5,531,NA,NA,NA,0.004108784575237345
-85.5,-37.5,532,NA,NA,NA,0.004108784575237345
-84.5,-37.5,533,NA,NA,NA,0.006046398471040652
-83.5,-37.5,534,NA,NA,NA,0.004881097202573284
-82.5,-37.5,535,NA,NA,NA,0.003401111288042637
-81.5,-37.5,536,NA,NA,NA,0.003714251213338901
-80.5,-37.5,537,NA,NA,NA,0.0037432088186333434
70.5,-37.5,677,NA,NA,NA,0.008621198925653956
71.5,-37.5,678,NA,NA,NA,0.008430634717932602
72.5,-37.5,679,NA,NA,NA,0.009190933845494121
73.5,-37.5,680,NA,NA,NA,0.011442115783399721
74.5,-37.5,681,NA,NA,NA,0.01224211249109325
75.5,-37.5,682,NA,NA,NA,0.012896657708827306
76.5,-37.5,683,NA,NA,NA,0.012215697498923848
77.5,-37.5,684,NA,NA,NA,0.009834529242519166
78.5,-37.5,685,NA,NA,NA,0.011309640238970992
79.5,-37.5,686,NA,NA,NA,0.010642496781626725
90.5,-37.5,697,NA,NA,NA,0.0053544739851640296
91.5,-37.5,698,NA,NA,NA,0.0034871985056106527
92.5,-37.5,699,NA,NA,NA,0.003621826124549342
93.5,-37.5,700,NA,NA,NA,0.0037503880843409456
94.5,-37.5,701,NA,NA,NA,0.0039990095319443275
95.5,-37.5,702,NA,NA,NA,0.003953606587788452
96.5,-37.5,703,NA,NA,NA,0.004019953988111945
97.5,-37.5,704,NA,NA,NA,0.005728629453708374
98.5,-37.5,705,NA,NA,NA,0.019475466887921802
99.5,-37.5,706,NA,NA,NA,0.02203306756225833
-89.5,-36.5,763,NA,NA,NA,0.004736715745545118
-88.5,-36.5,764,NA,NA,NA,0.00486494250547011
-87.5,-36.5,765,NA,NA,NA,0.004423049444272818
-86.5,-36.5,766,NA,NA,NA,0.004656009064243291
-85.5,-36.5,767,NA,NA,NA,0.004653468612272913
-84.5,-36.5,768,NA,NA,NA,0.005185257279399578
-83.5,-36.5,769,NA,NA,NA,0.006604670255748006
-82.5,-36.5,770,NA,NA,NA,0.007124483121742106
-81.5,-36.5,771,NA,NA,NA,0.007612477234378535
-80.5,-36.5,772,NA,NA,NA,0.0071149103093875255
70.5,-36.5,912,NA,NA,NA,0.008978622859458633
71.5,-36.5,913,NA,NA,NA,0.00839276613607055
72.5,-36.5,914,NA,NA,NA,0.008685722301069492
73.5,-36.5,915,NA,NA,NA,0.011484949319898035
74.5,-36.5,916,NA,NA,NA,0.011400408169971447
75.5,-36.5,917,NA,NA,NA,0.012024327811831454
76.5,-36.5,918,NA,NA,NA,0.01137067583905445
77.5,-36.5,919,NA,NA,NA,0.009363887774084895
78.5,-36.5,920,NA,NA,NA,0.009600881409042712
79.5,-36.5,921,NA,NA,NA,0.009600881409042712
90.5,-36.5,932,NA,NA,NA,0.00611444549392786
91.5,-36.5,933,NA,NA,NA,0.003597127506708466
92.5,-36.5,934,NA,NA,NA,0.0037967884701263516
93.5,-36.5,935,NA,NA,NA,0.003793892552463292
94.5,-36.5,936,NA,NA,NA,0.004883284250495764
95.5,-36.5,937,NA,NA,NA,0.007418262379736554
96.5,-36.5,938,NA,NA,NA,0.007207029590941072
97.5,-36.5,939,NA,NA,NA,0.006546958169801947
98.5,-36.5,940,NA,NA,NA,0.01867783874981007
99.5,-36.5,941,NA,NA,NA,0.01917757677900969
-89.5,-35.5,999,NA,NA,NA,0.005130019320491252
-88.5,-35.5,1000,NA,NA,NA,0.005130019320491252
-87.5,-35.5,1001,NA,NA,NA,0.005271680039172218
-86.5,-35.5,1002,NA,NA,NA,0.005268805437692172
-85.5,-35.5,1003,NA,NA,NA,0.005268805437692172
-84.5,-35.5,1004,NA,NA,NA,0.005112507916689344
-83.5,-35.5,1005,NA,NA,NA,0.0058358787290959694
-82.5,-35.5,1006,NA,NA,NA,0.00636708271363395
-81.5,-35.5,1007,NA,NA,NA,0.006611331904859715
-80.5,-35.5,1008,NA,NA,NA,0.006594192667768815
70.5,-35.5,1144,NA,NA,NA,0.008552042345525604
71.5,-35.5,1145,NA,NA,NA,0.0074606136836471255
72.5,-35.5,1146,NA,NA,NA,0.008141685418371063
73.5,-35.5,1147,NA,NA,NA,0.010144669794965387
74.5,-35.5,1148,NA,NA,NA,0.008988674853982784
75.5,-35.5,1149,NA,NA,NA,0.011878802863095898
76.5,-35.5,1150,NA,NA,NA,0.011077310333578444
77.5,-35.5,1151,NA,NA,NA,0.00937938155913693
78.5,-35.5,1152,NA,NA,NA,0.009683380291192156
79.5,-35.5,1153,NA,NA,NA,0.00970307400903474
90.5,-35.5,1164,NA,NA,NA,0.0037774181579048583
91.5,-35.5,1165,NA,NA,NA,0.003866254789959715
92.5,-35.5,1166,NA,NA,NA,0.0038775872761353672
93.5,-35.5,1167,NA,NA,NA,0.00445686901024371
94.5,-35.5,1168,NA,NA,NA,0.008957392168115785
95.5,-35.5,1169,NA,NA,NA,0.008836695762619995
96.5,-35.5,1170,NA,NA,NA,0.007835879998627076
97.5,-35.5,1171,NA,NA,NA,0.007516468885082477
98.5,-35.5,1172,NA,NA,NA,0.024231743373738953
99.5,-35.5,1173,NA,NA,NA,0.024890111547923692
-89.5,-34.5,1231,NA,NA,NA,0.005428956374472018
-88.5,-34.5,1232,NA,NA,NA,0.0054572637733803905
-87.5,-34.5,1233,NA,NA,NA,0.0054428266869838956
-86.5,-34.5,1234,NA,NA,NA,0.0054428266869838956
-85.5,-34.5,1235,NA,NA,NA,0.006044082998737703
-84.5,-34.5,1236,NA,NA,NA,0.005385216949929613
-83.5,-34.5,1237,NA,NA,NA,0.005510518121130394
-82.5,-34.5,1238,NA,NA,NA,0.005322836993491785
-81.5,-34.5,1239,NA,NA,NA,0.005788075919073875
-80.5,-34.5,1240,NA,NA,NA,0.004529963510872348
70.5,-34.5,1372,NA,NA,NA,0.008584349856463143
71.5,-34.5,1373,NA,NA,NA,0.008545395542745584
72.5,-34.5,1374,NA,NA,NA,0.009245396657715494
73.5,-34.5,1375,NA,NA,NA,0.013082383589696286
74.5,-34.5,1376,NA,NA,NA,0.01175345329311831
75.5,-34.5,1377,NA,NA,NA,0.012530135677434785
76.5,-34.5,1378,NA,NA,NA,0.01345460367089552
77.5,-34.5,1379,NA,NA,NA,0.013038026842017523
78.5,-34.5,1380,NA,NA,NA,0.013906383827835054
79.5,-34.5,1381,NA,NA,NA,0.01354977247725031
90.5,-34.5,1392,NA,NA,NA,0.004218458847027107
91.5,-34.5,1393,NA,NA,NA,0.004309846796995994
92.5,-34.5,1394,NA,NA,NA,0.004885413752499401
93.5,-34.5,1395,NA,NA,NA,0.008336539292000676
94.5,-34.5,1396,NA,NA,NA,0.01013586451179168
95.5,-34.5,1397,NA,NA,NA,0.009554475821853469
96.5,-34.5,1398,NA,NA,NA,0.009956600022409973
97.5,-34.5,1399,NA,NA,NA,0.00823938712770043
98.5,-34.5,1400,NA,NA,NA,0.024876901110585672
99.5,-34.5,1401,NA,NA,NA,0.04137935480386733
-89.5,-33.5,1460,NA,NA,NA,0.0031707790727173537
-88.5,-33.5,1461,NA,NA,NA,0.0028506326212566005
-87.5,-33.5,1462,NA,NA,NA,0.0028506326212566005
-86.5,-33.5,1463,NA,NA,NA,0.003169046424633948
-85.5,-33.5,1464,NA,NA,NA,0.0031687095236315297
-84.5,-33.5,1465,NA,NA,NA,0.0028739783020184386
-83.5,-33.5,1466,NA,NA,NA,0.003363267040792585
-82.5,-33.5,1467,NA,NA,NA,0.0027143657133814037
-81.5,-33.5,1468,NA,NA,NA,0.002989587195499251
-80.5,-33.5,1469,NA,NA,NA,0.0029824433347687166
70.5,-33.5,1595,NA,NA,NA,0.008355636627275948
71.5,-33.5,1596,NA,NA,NA,0.010258443681536798
72.5,-33.5,1597,NA,NA,NA,0.010256334427032476
73.5,-33.5,1598,NA,NA,NA,0.01377776506272176
74.5,-33.5,1599,NA,NA,NA,0.013269898463098553
75.5,-33.5,1600,NA,NA,NA,0.013969738513261543
76.5,-33.5,1601,NA,NA,NA,0.013345091487514681
77.5,-33.5,1602,NA,NA,NA,0.012162329343731319
78.5,-33.5,1603,NA,NA,NA,0.013900703363940174
79.5,-33.5,1604,NA,NA,NA,0.012623543490444243
90.5,-33.5,1615,NA,NA,NA,0.004317949441749525
91.5,-33.5,1616,NA,NA,NA,0.005072303556963637
92.5,-33.5,1617,NA,NA,NA,0.007978724626613922
93.5,-33.5,1618,NA,NA,NA,0.008469803382743134
94.5,-33.5,1619,NA,NA,NA,0.010483845617208906
95.5,-33.5,1620,NA,NA,NA,0.011057626774390667
96.5,-33.5,1621,NA,NA,NA,0.010386039155524324
97.5,-33.5,1622,NA,NA,NA,0.010368055442124423
98.5,-33.5,1623,NA,NA,NA,0.04273771799408787
99.5,-33.5,1624,NA,NA,NA,0.0328394988621576
-89.5,-32.5,1683,NA,NA,NA,0.0018721465869889502
-88.5,-32.5,1684,NA,NA,NA,0.0018761032538856103
-87.5,-32.5,1685,NA,NA,NA,0.0018711222347161955
-86.5,-32.5,1686,NA,NA,NA,0.0033883240783756066
-85.5,-32.5,1687,NA,NA,NA,0.0017872901882226983
-84.5,-32.5,1688,NA,NA,NA,0.0017828426051703593
-83.5,-32.5,1689,NA,NA,NA,0.0019682958419136383
-82.5,-32.5,1690,NA,NA,NA,0.002138590396239797
-81.5,-32.5,1691,NA,NA,NA,0.002777813130397147
-80.5,-32.5,1692,NA,NA,NA,0.004078039312886589
70.5,-32.5,1814,NA,NA,NA,0.011274475355350191
71.5,-32.5,1815,NA,NA,NA,0.017542542431474437
72.5,-32.5,1816,NA,NA,NA,0.017438095756387113
73.5,-32.5,1817,NA,NA,NA,0.022498385760782544
74.5,-32.5,1818,NA,NA,NA,0.018290397762641453
75.5,-32.5,1819,NA,NA,NA,0.015061058958469247
76.5,-32.5,1820,NA,NA,NA,0.014339237873864532
77.5,-32.5,1821,NA,NA,NA,0.011497179185233939
78.5,-32.5,1822,NA,NA,NA,0.010919756740691481
79.5,-32.5,1823,NA,NA,NA,0.009796446373110158
90.5,-32.5,1834,NA,NA,NA,0.00413038244539899
91.5,-32.5,1835,NA,NA,NA,0.006025800866087411
92.5,-32.5,1836,NA,NA,NA,0.008708754972825711
93.5,-32.5,1837,NA,NA,NA,0.008919329182325072
94.5,-32.5,1838,NA,NA,NA,0.01157488760973922
95.5,-32.5,1839,NA,NA,NA,0.01265083088969273
96.5,-32.5,1840,NA,NA,NA,0.014058530060412229
97.5,-32.5,1841,NA,NA,NA,0.013226558907061644
98.5,-32.5,1842,NA,NA,NA,0.03091951696805936
99.5,-32.5,1843,NA,NA,NA,0.028638901432740442
-89.5,-31.5,1903,NA,NA,NA,0.0024239845066365657
-88.5,-31.5,1904,NA,NA,NA,0.002693397494527405
-87.5,-31.5,1905,NA,NA,NA,0.002414587423561064
-86.5,-31.5,1906,NA,NA,NA,0.0028497948968055358
-85.5,-31.5,1907,NA,NA,NA,0.002720511092002482
-84.5,-31.5,1908,NA,NA,NA,0.0024239517368201706
-83.5,-31.5,1909,NA,NA,NA,0.0028623620239661665
-82.5,-31.5,1910,NA,NA,NA,0.003660905222556122
-81.5,-31.5,1911,NA,NA,NA,0.0036405290532128694
-80.5,-31.5,1912,NA,NA,NA,0.003978212649071245
70.5,-31.5,2025,NA,NA,NA,0.021485775633034564
71.5,-31.5,2026,NA,NA,NA,0.018656042070470388
72.5,-31.5,2027,NA,NA,NA,0.014018132586162357
73.5,-31.5,2028,NA,NA,NA,0.018070783197749362
74.5,-31.5,2029,NA,NA,NA,0.017366196533753687
75.5,-31.5,2030,NA,NA,NA,0.01995647539234485
76.5,-31.5,2031,NA,NA,NA,0.01649387546053099
77.5,-31.5,2032,NA,NA,NA,0.008166634210339793
78.5,-31.5,2033,NA,NA,NA,0.013058356824269824
79.5,-31.5,2034,NA,NA,NA,0.005621761528578346
90.5,-31.5,2045,NA,NA,NA,0.004949757790959096
91.5,-31.5,2046,NA,NA,NA,0.006502064877189888
92.5,-31.5,2047,NA,NA,NA,0.008543440235318488
93.5,-31.5,2048,NA,NA,NA,0.009268239268754584
94.5,-31.5,2049,NA,NA,NA,0.00982580007124334
95.5,-31.5,2050,NA,NA,NA,0.010084765383817536
96.5,-31.5,2051,NA,NA,NA,0.010422814343097157
97.5,-31.5,2052,NA,NA,NA,0.009740803966037503
98.5,-31.5,2053,NA,NA,NA,0.02818647275122866
99.5,-31.5,2054,NA,NA,NA,0.02876442976725953
-89.5,-30.5,2113,NA,NA,NA,0.0019377954433398897
-88.5,-30.5,2114,NA,NA,NA,0.002092892180077343
-87.5,-30.5,2115,NA,NA,NA,0.002047435121394585
-86.5,-30.5,2116,NA,NA,NA,0.00201067667001071
-85.5,-30.5,2117,NA,NA,NA,0.0021360885086363335
-84.5,-30.5,2118,NA,NA,NA,0.002248722950369617
-83.5,-30.5,2119,NA,NA,NA,0.00258146524119293
-82.5,-30.5,2120,NA,NA,NA,0.0028080217896817496
-81.5,-30.5,2121,NA,NA,NA,0.003483396239486693
-80.5,-30.5,2122,NA,NA,NA,0.004278683969171328
70.5,-30.5,2235,NA,NA,NA,0.004308186382052517
71.5,-30.5,2236,NA,NA,NA,0.0037909895301983148
72.5,-30.5,2237,NA,NA,NA,0.0032808151900854906
73.5,-30.5,2238,NA,NA,NA,0.004786694323697843
74.5,-30.5,2239,NA,NA,NA,0.005515272662356137
75.5,-30.5,2240,NA,NA,NA,0.006799459261771639
76.5,-30.5,2241,NA,NA,NA,0.01034081796546107
77.5,-30.5,2242,NA,NA,NA,0.008043114718150677
78.5,-30.5,2243,NA,NA,NA,0.007099596945036247
79.5,-30.5,2244,NA,NA,NA,0.006807959447047862
90.5,-30.5,2255,NA,NA,NA,0.004107526595012211
91.5,-30.5,2256,NA,NA,NA,0.005209660611393536
92.5,-30.5,2257,NA,NA,NA,0.0071924751600094825
93.5,-30.5,2258,NA,NA,NA,0.007343081496875941
94.5,-30.5,2259,NA,NA,NA,0.010956721334812972
95.5,-30.5,2260,NA,NA,NA,0.00930743954485667
96.5,-30.5,2261,NA,NA,NA,0.009297055574063394
97.5,-30.5,2262,NA,NA,NA,0.008454591662064848
98.5,-30.5,2263,NA,NA,NA,0.02461558213547722
99.5,-30.5,2264,NA,NA,NA,0.02595540504822513
-129.5,-29.5,2283,NA,NA,NA,0.0035379739188420556
-128.5,-29.5,2284,NA,NA,NA,0.0032344042366839864
-127.5,-29.5,2285,NA,NA,NA,0.003547991181973463
-126.5,-29.5,2286,NA,NA,NA,0.003547991181973463
-125.5,-29.5,2287,NA,NA,NA,0.003507396930067609
-124.5,-29.5,2288,NA,NA,NA,0.003652867282574176
-123.5,-29.5,2289,NA,NA,NA,0.004314853990082344
-122.5,-29.5,2290,NA,NA,NA,0.005743981598754249
-121.5,-29.5,2291,NA,NA,NA,0.004589661975461696
-120.5,-29.5,2292,NA,NA,NA,0.003916148779810868
30.5,-29.5,2405,NA,NA,NA,0.004226741224426475
31.5,-29.5,2406,NA,NA,NA,0.004626867237606817
32.5,-29.5,2407,NA,NA,NA,0.00463510446375858
33.5,-29.5,2408,NA,NA,NA,0.005036992221716733
34.5,-29.5,2409,NA,NA,NA,0.005214297195721389
35.5,-29.5,2410,NA,NA,NA,0.005214297195721389
36.5,-29.5,2411,NA,NA,NA,0.005782872224960593
37.5,-29.5,2412,NA,NA,NA,0.014259757453206637
38.5,-29.5,2413,NA,NA,NA,0.008111452810642416
39.5,-29.5,2414,NA,NA,NA,0.008018231334839638
40.5,-29.5,2415,NA,NA,NA,0.008020842054220805
41.5,-29.5,2416,NA,NA,NA,0.013537508171614863
42.5,-29.5,2417,NA,NA,NA,0.004928514525694481
43.5,-29.5,2418,NA,NA,NA,0.004410058059497731
44.5,-29.5,2419,NA,NA,NA,0.005053336505307756
45.5,-29.5,2420,NA,NA,NA,0.005206035929136705
46.5,-29.5,2421,NA,NA,NA,0.005651305072574955
47.5,-29.5,2422,NA,NA,NA,0.006211341689274108
48.5,-29.5,2423,NA,NA,NA,0.008484538011956746
49.5,-29.5,2424,NA,NA,NA,0.008553094751863418
80.5,-29.5,2455,NA,NA,NA,0.0030044577341917546
81.5,-29.5,2456,NA,NA,NA,0.0026178766728278233
82.5,-29.5,2457,NA,NA,NA,0.002258731754603316
83.5,-29.5,2458,NA,NA,NA,0.0026858351251574574
84.5,-29.5,2459,NA,NA,NA,0.0031566567633303116
85.5,-29.5,2460,NA,NA,NA,0.0037086211117917153
86.5,-29.5,2461,NA,NA,NA,0.0028566454513883495
87.5,-29.5,2462,NA,NA,NA,0.0034635386042453707
88.5,-29.5,2463,NA,NA,NA,0.00353034174955601
89.5,-29.5,2464,NA,NA,NA,0.0033134298579568498
90.5,-29.5,2465,NA,NA,NA,0.004728659254435497
91.5,-29.5,2466,NA,NA,NA,0.005195751767211778
92.5,-29.5,2467,NA,NA,NA,0.014249272731350803
93.5,-29.5,2468,NA,NA,NA,0.007715062153497023
94.5,-29.5,2469,NA,NA,NA,0.009431085171810693
95.5,-29.5,2470,NA,NA,NA,0.009943981438599092
96.5,-29.5,2471,NA,NA,NA,0.008930981354439146
97.5,-29.5,2472,NA,NA,NA,0.008422912590203023
98.5,-29.5,2473,NA,NA,NA,0.025297706334830722
99.5,-29.5,2474,NA,NA,NA,0.024506735864571833
-129.5,-28.5,2494,NA,NA,NA,0.003820880714742596
-128.5,-28.5,2495,NA,NA,NA,0.0040003941147911575
-127.5,-28.5,2496,NA,NA,NA,0.0035284169161739617
-126.5,-28.5,2497,NA,NA,NA,0.003586456385654342
-125.5,-28.5,2498,NA,NA,NA,0.0036025918149173407
-124.5,-28.5,2499,NA,NA,NA,0.0034997838023178907
-123.5,-28.5,2500,NA,NA,NA,0.003174707225374634
-122.5,-28.5,2501,NA,NA,NA,0.0031604821436329346
-121.5,-28.5,2502,NA,NA,NA,0.003063143510498918
-120.5,-28.5,2503,NA,NA,NA,0.002915717445482663
30.5,-28.5,2615,NA,NA,NA,0.005215907395588197
31.5,-28.5,2616,NA,NA,NA,0.004717393234887096
32.5,-28.5,2617,NA,NA,NA,0.0058570134830441605
33.5,-28.5,2618,NA,NA,NA,0.006109647722908358
34.5,-28.5,2619,NA,NA,NA,0.005928090093352261
35.5,-28.5,2620,NA,NA,NA,0.007498000626046764
36.5,-28.5,2621,NA,NA,NA,0.0063288059300137195
37.5,-28.5,2622,NA,NA,NA,0.005546239471160343
38.5,-28.5,2623,NA,NA,NA,0.0055630375990823305
39.5,-28.5,2624,NA,NA,NA,0.005781061957940048
40.5,-28.5,2625,NA,NA,NA,0.0066910214795544085
41.5,-28.5,2626,NA,NA,NA,0.004531295172819168
42.5,-28.5,2627,NA,NA,NA,0.003756489425852699
43.5,-28.5,2628,NA,NA,NA,0.0032744417490946655
44.5,-28.5,2629,NA,NA,NA,0.004220210626423641
45.5,-28.5,2630,NA,NA,NA,0.00398348246690734
46.5,-28.5,2631,NA,NA,NA,0.005581640003694785
47.5,-28.5,2632,NA,NA,NA,0.004343157635910272
48.5,-28.5,2633,NA,NA,NA,0.0043546906240294865
49.5,-28.5,2634,NA,NA,NA,0.009572571086016168
80.5,-28.5,2665,NA,NA,NA,0.002892778405812211
81.5,-28.5,2666,NA,NA,NA,0.0032989888683195765
82.5,-28.5,2667,NA,NA,NA,0.0015587937954365722
83.5,-28.5,2668,NA,NA,NA,0.0013771142777020391
84.5,-28.5,2669,NA,NA,NA,0.0014074547743314959
85.5,-28.5,2670,NA,NA,NA,0.0014523221404581384
86.5,-28.5,2671,NA,NA,NA,0.0016920423845253024
87.5,-28.5,2672,NA,NA,NA,0.002398214072338933
88.5,-28.5,2673,NA,NA,NA,0.0062051781379593
89.5,-28.5,2674,NA,NA,NA,0.004365244062919041
90.5,-28.5,2675,NA,NA,NA,0.0033011183312442642
91.5,-28.5,2676,NA,NA,NA,0.0036206841844215482
92.5,-28.5,2677,NA,NA,NA,0.00402468810611649
93.5,-28.5,2678,NA,NA,NA,0.005048467623278705
94.5,-28.5,2679,NA,NA,NA,0.007163121560779604
95.5,-28.5,2680,NA,NA,NA,0.009111228782021339
96.5,-28.5,2681,NA,NA,NA,0.00909238779554884
97.5,-28.5,2682,NA,NA,NA,0.009391416472112437
98.5,-28.5,2683,NA,NA,NA,0.023924895932432827
99.5,-28.5,2684,NA,NA,NA,0.025879513803571588
-129.5,-27.5,2704,NA,NA,NA,0.007752574655796414
-128.5,-27.5,2705,NA,NA,NA,0.004770910318990751
-127.5,-27.5,2706,NA,NA,NA,0.011834750128771462
-126.5,-27.5,2707,NA,NA,NA,0.007167724567201578
-125.5,-27.5,2708,NA,NA,NA,0.00722449421295004
-124.5,-27.5,2709,NA,NA,NA,0.007142956134791005
-123.5,-27.5,2710,NA,NA,NA,0.007040496779789062
-122.5,-27.5,2711,NA,NA,NA,0.006936833536531539
-121.5,-27.5,2712,NA,NA,NA,0.006259856998614472
-120.5,-27.5,2713,NA,NA,NA,0.005757017125176999
30.5,-27.5,2825,NA,NA,NA,0.003978526973061107
31.5,-27.5,2826,NA,NA,NA,0.004266920146984651
32.5,-27.5,2827,NA,NA,NA,0.004948445818086741
33.5,-27.5,2828,NA,NA,NA,0.005430573025080201
34.5,-27.5,2829,NA,NA,NA,0.006601072446688253
35.5,-27.5,2830,NA,NA,NA,0.004236361948631109
36.5,-27.5,2831,NA,NA,NA,0.004271686271378426
37.5,-27.5,2832,NA,NA,NA,0.004425221255320066
38.5,-27.5,2833,NA,NA,NA,0.004738408532749627
39.5,-27.5,2834,NA,NA,NA,0.004984721243923084
40.5,-27.5,2835,NA,NA,NA,0.004197316989557589
41.5,-27.5,2836,NA,NA,NA,0.004078150818795552
42.5,-27.5,2837,NA,NA,NA,0.005059133663511319
43.5,-27.5,2838,NA,NA,NA,0.004164164151471091
44.5,-27.5,2839,NA,NA,NA,0.004312678622365506
45.5,-27.5,2840,NA,NA,NA,0.004009500503943855
46.5,-27.5,2841,NA,NA,NA,0.003953791251104465
47.5,-27.5,2842,NA,NA,NA,0.00437467193657185
48.5,-27.5,2843,NA,NA,NA,0.003952499049354914
49.5,-27.5,2844,NA,NA,NA,0.004108130171509546
80.5,-27.5,2875,NA,NA,NA,0.0024704923603173726
81.5,-27.5,2876,NA,NA,NA,0.0021334321639334265
82.5,-27.5,2877,NA,NA,NA,0.0018251084995458491
83.5,-27.5,2878,NA,NA,NA,0.0032739340165211486
84.5,-27.5,2879,NA,NA,NA,0.0034297882676614334
85.5,-27.5,2880,NA,NA,NA,0.0016318271823685532
86.5,-27.5,2881,NA,NA,NA,0.0013109264693058926
87.5,-27.5,2882,NA,NA,NA,0.0013315854106874185
88.5,-27.5,2883,NA,NA,NA,0.0017068102712750307
89.5,-27.5,2884,NA,NA,NA,0.0030183357348923727
90.5,-27.5,2885,NA,NA,NA,0.0034014234383679676
91.5,-27.5,2886,NA,NA,NA,0.0035110119885152623
92.5,-27.5,2887,NA,NA,NA,0.0034744821843361185
93.5,-27.5,2888,NA,NA,NA,0.004473885087772211
94.5,-27.5,2889,NA,NA,NA,0.008762982267045269
95.5,-27.5,2890,NA,NA,NA,0.009506301437063469
96.5,-27.5,2891,NA,NA,NA,0.008421693482403231
97.5,-27.5,2892,NA,NA,NA,0.011297723334168728
98.5,-27.5,2893,NA,NA,NA,0.03399864577812799
99.5,-27.5,2894,NA,NA,NA,0.023537993283367198
-129.5,-26.5,2914,NA,NA,NA,0.012639550070099445
-128.5,-26.5,2915,NA,NA,NA,0.019544197993816566
-127.5,-26.5,2916,NA,NA,NA,0.022925705948647006
-126.5,-26.5,2917,NA,NA,NA,0.012615554491160176
-125.5,-26.5,2918,NA,NA,NA,0.012737940501493001
-124.5,-26.5,2919,NA,NA,NA,0.01143416220903906
-123.5,-26.5,2920,NA,NA,NA,0.011677953757099725
-122.5,-26.5,2921,NA,NA,NA,0.01035359342158479
-121.5,-26.5,2922,NA,NA,NA,0.009404557166290444
-120.5,-26.5,2923,NA,NA,NA,0.00767919140153879
30.5,-26.5,3034,NA,NA,NA,0.0035189217986434504
31.5,-26.5,3035,NA,NA,NA,0.00395812235884651
32.5,-26.5,3036,NA,NA,NA,0.004670464093286944
33.5,-26.5,3037,NA,NA,NA,0.004988486812935671
34.5,-26.5,3038,NA,NA,NA,0.004641754469737863
35.5,-26.5,3039,NA,NA,NA,0.004936846325592954
36.5,-26.5,3040,NA,NA,NA,0.005164728957847152
37.5,-26.5,3041,NA,NA,NA,0.005102113692804708
38.5,-26.5,3042,NA,NA,NA,0.005498661749186608
39.5,-26.5,3043,NA,NA,NA,0.00432510297540548
40.5,-26.5,3044,NA,NA,NA,0.0044993898364536645
41.5,-26.5,3045,NA,NA,NA,0.004331031590352539
42.5,-26.5,3046,NA,NA,NA,0.004333648461704798
43.5,-26.5,3047,NA,NA,NA,0.003943315802124574
44.5,-26.5,3048,NA,NA,NA,0.003943315802124574
45.5,-26.5,3049,NA,NA,NA,0.003953791251104465
46.5,-26.5,3050,NA,NA,NA,0.003929062116451261
47.5,-26.5,3051,NA,NA,NA,0.004144414050217224
48.5,-26.5,3052,NA,NA,NA,0.004433708600322307
49.5,-26.5,3053,NA,NA,NA,0.004070653307129907
80.5,-26.5,3084,NA,NA,NA,0.002818492706526313
81.5,-26.5,3085,NA,NA,NA,0.001925755369344036
82.5,-26.5,3086,NA,NA,NA,0.0014484712305409
83.5,-26.5,3087,NA,NA,NA,0.001359184106864795
84.5,-26.5,3088,NA,NA,NA,0.0013031976614995566
85.5,-26.5,3089,NA,NA,NA,0.001230219242884609
86.5,-26.5,3090,NA,NA,NA,0.0014590740164864072
87.5,-26.5,3091,NA,NA,NA,0.0013410502881244922
88.5,-26.5,3092,NA,NA,NA,0.0014578897238207542
89.5,-26.5,3093,NA,NA,NA,0.0020561771178582316
90.5,-26.5,3094,NA,NA,NA,0.002878774258994876
91.5,-26.5,3095,NA,NA,NA,0.0036691100633221667
92.5,-26.5,3096,NA,NA,NA,0.003776607921187947
93.5,-26.5,3097,NA,NA,NA,0.00638979625102595
94.5,-26.5,3098,NA,NA,NA,0.008376247949508569
95.5,-26.5,3099,NA,NA,NA,0.00868740276582274
96.5,-26.5,3100,NA,NA,NA,0.007677710092840544
97.5,-26.5,3101,NA,NA,NA,0.007234416023599491
98.5,-26.5,3102,NA,NA,NA,0.02101873595485434
99.5,-26.5,3103,NA,NA,NA,0.04369980665635032
-129.5,-25.5,3122,NA,NA,NA,0.01249903216987385
-128.5,-25.5,3123,NA,NA,NA,0.040014054651479974
-127.5,-25.5,3124,NA,NA,NA,0.02389985022956881
-126.5,-25.5,3125,NA,NA,NA,0.013205350617222283
-125.5,-25.5,3126,NA,NA,NA,0.007474433281930765
-124.5,-25.5,3127,NA,NA,NA,0.007478210049672653
-123.5,-25.5,3128,NA,NA,NA,0.007045455966487132
-122.5,-25.5,3129,NA,NA,NA,0.0106454154292446
-121.5,-25.5,3130,NA,NA,NA,0.005297751525597866
-120.5,-25.5,3131,NA,NA,NA,0.0049130109882881984
30.5,-25.5,3242,NA,NA,NA,0.005058313494863364
31.5,-25.5,3243,NA,NA,NA,0.005274907304042122
32.5,-25.5,3244,NA,NA,NA,0.005334304185438162
33.5,-25.5,3245,NA,NA,NA,0.004683492956433356
34.5,-25.5,3246,NA,NA,NA,0.005729552119282715
35.5,-25.5,3247,NA,NA,NA,0.005580228196003397
36.5,-25.5,3248,NA,NA,NA,0.005556594542184417
37.5,-25.5,3249,NA,NA,NA,0.0062505120049489975
38.5,-25.5,3250,NA,NA,NA,0.0055714622369402575
39.5,-25.5,3251,NA,NA,NA,0.0052370787007628514
40.5,-25.5,3252,NA,NA,NA,0.004587097329523782
41.5,-25.5,3253,NA,NA,NA,0.005056901017139794
42.5,-25.5,3254,NA,NA,NA,0.004156341723493936
43.5,-25.5,3255,NA,NA,NA,0.004807494917651302
44.5,-25.5,3256,NA,NA,NA,0.004555847530034297
45.5,-25.5,3257,NA,NA,NA,0.0052076441787743625
46.5,-25.5,3258,NA,NA,NA,0.004731775423695713
47.5,-25.5,3259,NA,NA,NA,0.004868625656155551
48.5,-25.5,3260,NA,NA,NA,0.0050821886219154615
49.5,-25.5,3261,NA,NA,NA,0.010355029746783038
80.5,-25.5,3292,NA,NA,NA,0.00233583547538134
81.5,-25.5,3293,NA,NA,NA,0.0016526173398495414
82.5,-25.5,3294,NA,NA,NA,0.001329455287528961
83.5,-25.5,3295,NA,NA,NA,0.001341441549075904
84.5,-25.5,3296,NA,NA,NA,0.0012114447594734922
85.5,-25.5,3297,NA,NA,NA,0.0013184843480701766
86.5,-25.5,3298,NA,NA,NA,0.001211472854894938
87.5,-25.5,3299,NA,NA,NA,0.0013451358420457319
88.5,-25.5,3300,NA,NA,NA,0.0013343591827084406
89.5,-25.5,3301,NA,NA,NA,0.001729788041458147
90.5,-25.5,3302,NA,NA,NA,0.0022270682062555305
91.5,-25.5,3303,NA,NA,NA,0.0030929036127319495
92.5,-25.5,3304,NA,NA,NA,0.003383320882675318
93.5,-25.5,3305,NA,NA,NA,0.006137051886455831
94.5,-25.5,3306,NA,NA,NA,0.007070994241490879
95.5,-25.5,3307,NA,NA,NA,0.0075718218079636615
96.5,-25.5,3308,NA,NA,NA,0.006681652521736198
97.5,-25.5,3309,NA,NA,NA,0.005852552693272012
98.5,-25.5,3310,NA,NA,NA,0.01960827561804887
99.5,-25.5,3311,NA,NA,NA,0.03242899234284271
-129.5,-24.5,3328,NA,NA,NA,0.022258872572268704
-128.5,-24.5,3329,NA,NA,NA,0.039898149077551175
-127.5,-24.5,3330,NA,NA,NA,0.007989166968432831
-126.5,-24.5,3331,NA,NA,NA,0.007309092411660991
-125.5,-24.5,3332,NA,NA,NA,0.007217855810566886
-124.5,-24.5,3333,NA,NA,NA,0.007217000212309783
-123.5,-24.5,3334,NA,NA,NA,0.005778880434850238
-122.5,-24.5,3335,NA,NA,NA,0.006147910053908636
-121.5,-24.5,3336,NA,NA,NA,0.006264837044905935
-120.5,-24.5,3337,NA,NA,NA,0.006120731598349958
30.5,-24.5,3449,NA,NA,NA,0.006241105099304628
31.5,-24.5,3450,NA,NA,NA,0.006435740847107743
32.5,-24.5,3451,NA,NA,NA,0.006910356851047426
33.5,-24.5,3452,NA,NA,NA,0.006483480445183603
34.5,-24.5,3453,NA,NA,NA,0.006932433456642857
35.5,-24.5,3454,NA,NA,NA,0.007487872085129277
36.5,-24.5,3455,NA,NA,NA,0.0075077663882891
37.5,-24.5,3456,NA,NA,NA,0.007426662942792511
38.5,-24.5,3457,NA,NA,NA,0.008538131432400583
39.5,-24.5,3458,NA,NA,NA,0.0145113679318679
40.5,-24.5,3459,NA,NA,NA,0.006755992477590689
41.5,-24.5,3460,NA,NA,NA,0.00719860028542862
42.5,-24.5,3461,NA,NA,NA,0.006329166975476693
43.5,-24.5,3462,NA,NA,NA,0.005488875137301537
44.5,-24.5,3463,NA,NA,NA,0.005606951265674049
45.5,-24.5,3464,NA,NA,NA,0.006777534001449054
46.5,-24.5,3465,NA,NA,NA,0.006737381552429885
47.5,-24.5,3466,NA,NA,NA,0.006755433631160548
48.5,-24.5,3467,NA,NA,NA,0.010357874033249543
49.5,-24.5,3468,NA,NA,NA,0.00971725102728837
80.5,-24.5,3499,NA,NA,NA,0.0016621141016013826
81.5,-24.5,3500,NA,NA,NA,0.0015678174594276476
82.5,-24.5,3501,NA,NA,NA,0.0013974393322582273
83.5,-24.5,3502,NA,NA,NA,0.0014234721633378446
84.5,-24.5,3503,NA,NA,NA,0.0013009064734773447
85.5,-24.5,3504,NA,NA,NA,0.001182027582502351
86.5,-24.5,3505,NA,NA,NA,0.0013351729947280217
87.5,-24.5,3506,NA,NA,NA,0.0012595836033195884
88.5,-24.5,3507,NA,NA,NA,0.0013129882173956988
89.5,-24.5,3508,NA,NA,NA,0.0013198948311339308
90.5,-24.5,3509,NA,NA,NA,0.001963030899491427
91.5,-24.5,3510,NA,NA,NA,0.002436045997024352
92.5,-24.5,3511,NA,NA,NA,0.003394964638360639
93.5,-24.5,3512,NA,NA,NA,0.00554474427875845
94.5,-24.5,3513,NA,NA,NA,0.006652258457942708
95.5,-24.5,3514,NA,NA,NA,0.006135716652634222
96.5,-24.5,3515,NA,NA,NA,0.0057713460417480765
97.5,-24.5,3516,NA,NA,NA,0.005469920098704861
98.5,-24.5,3517,NA,NA,NA,0.0195070386490719
99.5,-24.5,3518,NA,NA,NA,0.025483140513895577
-129.5,-23.5,3534,NA,NA,NA,0.030442260601355145
-128.5,-23.5,3535,NA,NA,NA,0.016538093881078304
-127.5,-23.5,3536,NA,NA,NA,0.00886088787231147
-126.5,-23.5,3537,NA,NA,NA,0.013731539026897804
-125.5,-23.5,3538,NA,NA,NA,0.009256285616488232
-124.5,-23.5,3539,NA,NA,NA,0.007588820620166161
-123.5,-23.5,3540,NA,NA,NA,0.006830720066626099
-122.5,-23.5,3541,NA,NA,NA,0.006771685543812689
-121.5,-23.5,3542,NA,NA,NA,0.006524860706854749
-120.5,-23.5,3543,NA,NA,NA,0.006061985315483317
30.5,-23.5,3657,NA,NA,NA,0.005700211679225831
31.5,-23.5,3658,NA,NA,NA,0.00949527458728563
32.5,-23.5,3659,NA,NA,NA,0.010395069154363518
33.5,-23.5,3660,NA,NA,NA,0.009818651414369484
34.5,-23.5,3661,NA,NA,NA,0.008792360067206741
35.5,-23.5,3662,NA,NA,NA,0.009715443734421183
36.5,-23.5,3663,NA,NA,NA,0.01051626846411296
37.5,-23.5,3664,NA,NA,NA,0.010824628538042723
38.5,-23.5,3665,NA,NA,NA,0.01059328016075984
39.5,-23.5,3666,NA,NA,NA,0.012376466823735475
40.5,-23.5,3667,NA,NA,NA,0.010180902534102008
41.5,-23.5,3668,NA,NA,NA,0.009601770898716768
42.5,-23.5,3669,NA,NA,NA,0.008849013495522935
43.5,-23.5,3670,NA,NA,NA,0.01406787306732664
44.5,-23.5,3671,NA,NA,NA,0.009542797457159085
45.5,-23.5,3672,NA,NA,NA,0.02005611501147948
46.5,-23.5,3673,NA,NA,NA,0.007436052176863247
47.5,-23.5,3674,NA,NA,NA,0.00860293012619705
48.5,-23.5,3675,NA,NA,NA,0.008967053483003317
49.5,-23.5,3676,NA,NA,NA,0.009331787503698705
80.5,-23.5,3707,NA,NA,NA,0.0016715974039181228
81.5,-23.5,3708,NA,NA,NA,0.002354105409322478
82.5,-23.5,3709,NA,NA,NA,0.0012985474122575405
83.5,-23.5,3710,NA,NA,NA,0.001289090245214841
84.5,-23.5,3711,NA,NA,NA,0.0013689814651803803
85.5,-23.5,3712,NA,NA,NA,0.0016607037356371943
86.5,-23.5,3713,NA,NA,NA,0.0017425703367015552
87.5,-23.5,3714,NA,NA,NA,0.0017990300034750443
88.5,-23.5,3715,NA,NA,NA,0.0020471654532390796
89.5,-23.5,3716,NA,NA,NA,0.0014436467651848279
90.5,-23.5,3717,NA,NA,NA,0.002492199478242573
91.5,-23.5,3718,NA,NA,NA,0.0024230055978334488
92.5,-23.5,3719,NA,NA,NA,0.0028383222246904155
93.5,-23.5,3720,NA,NA,NA,0.00624498314441649
94.5,-23.5,3721,NA,NA,NA,0.0059419204298781884
95.5,-23.5,3722,NA,NA,NA,0.005764160331760416
96.5,-23.5,3723,NA,NA,NA,0.005167875237090448
97.5,-23.5,3724,NA,NA,NA,0.005158205163166195
98.5,-23.5,3725,NA,NA,NA,0.016951162636512206
99.5,-23.5,3726,NA,NA,NA,0.021211360274035525
-129.5,-22.5,3742,NA,NA,NA,0.03668501432539943
-128.5,-22.5,3743,NA,NA,NA,0.02395420515577037
-127.5,-22.5,3744,NA,NA,NA,0.006817093481452876
-126.5,-22.5,3745,NA,NA,NA,0.007016918126251611
-125.5,-22.5,3746,NA,NA,NA,0.00874630375990697
-124.5,-22.5,3747,NA,NA,NA,0.008742119269861641
-123.5,-22.5,3748,NA,NA,NA,0.008127093327880487
-122.5,-22.5,3749,NA,NA,NA,0.006549398880256941
-121.5,-22.5,3750,NA,NA,NA,0.006541676411761564
-120.5,-22.5,3751,NA,NA,NA,0.0060441322070276865
30.5,-22.5,3866,NA,NA,NA,0.009085970448228923
31.5,-22.5,3867,NA,NA,NA,0.008276669816616419
32.5,-22.5,3868,NA,NA,NA,0.01000543136408884
33.5,-22.5,3869,NA,NA,NA,0.010782967446677746
34.5,-22.5,3870,NA,NA,NA,0.010691659140160912
35.5,-22.5,3871,NA,NA,NA,0.01267046391170022
36.5,-22.5,3872,NA,NA,NA,0.01406907770410089
37.5,-22.5,3873,NA,NA,NA,0.011595949982416242
38.5,-22.5,3874,NA,NA,NA,0.014780547948930247
39.5,-22.5,3875,NA,NA,NA,0.01577197988557958
40.5,-22.5,3876,NA,NA,NA,0.024260957181742482
41.5,-22.5,3877,NA,NA,NA,0.016336390858825833
42.5,-22.5,3878,NA,NA,NA,0.013432082596496985
43.5,-22.5,3879,NA,NA,NA,0.014043097680396334
44.5,-22.5,3880,NA,NA,NA,0.01094182976146286
45.5,-22.5,3881,NA,NA,NA,0.00981125818679766
46.5,-22.5,3882,NA,NA,NA,0.007941050236982862
47.5,-22.5,3883,NA,NA,NA,0.006679107502581501
48.5,-22.5,3884,NA,NA,NA,0.006415777213575398
49.5,-22.5,3885,NA,NA,NA,0.0059102622680238396
80.5,-22.5,3916,NA,NA,NA,0.001020806545593079
81.5,-22.5,3917,NA,NA,NA,0.0010289913973405191
82.5,-22.5,3918,NA,NA,NA,8.319503312379049e-4
83.5,-22.5,3919,NA,NA,NA,8.257897807099006e-4
84.5,-22.5,3920,NA,NA,NA,8.184803443528413e-4
85.5,-22.5,3921,NA,NA,NA,8.19976280144622e-4
86.5,-22.5,3922,NA,NA,NA,8.204042653618292e-4
87.5,-22.5,3923,NA,NA,NA,8.225603917874004e-4
88.5,-22.5,3924,NA,NA,NA,8.502535627768336e-4
89.5,-22.5,3925,NA,NA,NA,9.205757340078303e-4
90.5,-22.5,3926,NA,NA,NA,8.777382283916327e-4
91.5,-22.5,3927,NA,NA,NA,0.0011213276800061888
92.5,-22.5,3928,NA,NA,NA,0.0015242361354148935
93.5,-22.5,3929,NA,NA,NA,0.002125099727852542
94.5,-22.5,3930,NA,NA,NA,0.003957639501193891
95.5,-22.5,3931,NA,NA,NA,0.003861328152024228
96.5,-22.5,3932,NA,NA,NA,0.0032207867808697857
97.5,-22.5,3933,NA,NA,NA,0.003441876859018159
98.5,-22.5,3934,NA,NA,NA,0.016383924704376957
99.5,-22.5,3935,NA,NA,NA,0.017194988371029018
-129.5,-21.5,3951,NA,NA,NA,0.02860738940562634
-128.5,-21.5,3952,NA,NA,NA,0.029307320814582
-127.5,-21.5,3953,NA,NA,NA,0.012463236995824599
-126.5,-21.5,3954,NA,NA,NA,0.0069708252154995765
-125.5,-21.5,3955,NA,NA,NA,0.007849617277536242
-124.5,-21.5,3956,NA,NA,NA,0.024694904269715878
-123.5,-21.5,3957,NA,NA,NA,0.014345278907443009
-122.5,-21.5,3958,NA,NA,NA,0.005491993586098977
-121.5,-21.5,3959,NA,NA,NA,0.011304723297187598
-120.5,-21.5,3960,NA,NA,NA,0.012739258280711803
30.5,-21.5,4076,NA,NA,NA,0.008017487769361524
31.5,-21.5,4077,NA,NA,NA,0.010089242359718562
32.5,-21.5,4078,NA,NA,NA,0.011930405921664044
33.5,-21.5,4079,NA,NA,NA,0.011850222503413901
34.5,-21.5,4080,NA,NA,NA,0.014390174025175125
35.5,-21.5,4081,NA,NA,NA,0.01156406750158413
36.5,-21.5,4082,NA,NA,NA,0.011671695343038354
37.5,-21.5,4083,NA,NA,NA,0.011911529321286746
38.5,-21.5,4084,NA,NA,NA,0.015889544010756707
39.5,-21.5,4085,NA,NA,NA,0.014820884958135994
40.5,-21.5,4086,NA,NA,NA,0.019386933603716204
41.5,-21.5,4087,NA,NA,NA,0.013775162586233918
42.5,-21.5,4088,NA,NA,NA,0.017917866454787205
43.5,-21.5,4089,NA,NA,NA,0.009159784408655097
44.5,-21.5,4090,NA,NA,NA,0.0055542973536970505
45.5,-21.5,4091,NA,NA,NA,0.008650504750701761
46.5,-21.5,4092,NA,NA,NA,0.007309006822228807
47.5,-21.5,4093,NA,NA,NA,0.006432984770869243
48.5,-21.5,4094,NA,NA,NA,0.0060755586412461725
49.5,-21.5,4095,NA,NA,NA,0.005091070631382747
80.5,-21.5,4126,NA,NA,NA,9.961595922307511e-4
81.5,-21.5,4127,NA,NA,NA,9.913352809351338e-4
82.5,-21.5,4128,NA,NA,NA,8.041465123381136e-4
83.5,-21.5,4129,NA,NA,NA,7.997501662696682e-4
84.5,-21.5,4130,NA,NA,NA,7.980616930195791e-4
85.5,-21.5,4131,NA,NA,NA,7.979803742213206e-4
86.5,-21.5,4132,NA,NA,NA,8.378734564677297e-4
87.5,-21.5,4133,NA,NA,NA,8.01987052602505e-4
88.5,-21.5,4134,NA,NA,NA,8.01682783964223e-4
89.5,-21.5,4135,NA,NA,NA,8.385021468324791e-4
90.5,-21.5,4136,NA,NA,NA,8.215497832658131e-4
91.5,-21.5,4137,NA,NA,NA,8.163213579715757e-4
92.5,-21.5,4138,NA,NA,NA,0.0010413539558743145
93.5,-21.5,4139,NA,NA,NA,0.0013977578062558187
94.5,-21.5,4140,NA,NA,NA,0.0021172941256740016
95.5,-21.5,4141,NA,NA,NA,0.003529005705721403
96.5,-21.5,4142,NA,NA,NA,0.003519371708272947
97.5,-21.5,4143,NA,NA,NA,0.002971016708243612
98.5,-21.5,4144,NA,NA,NA,0.009315622660390698
99.5,-21.5,4145,NA,NA,NA,0.014160894122287946
-129.5,-20.5,4161,NA,NA,NA,0.03317921954822991
-128.5,-20.5,4162,NA,NA,NA,0.034583338482785275
-127.5,-20.5,4163,NA,NA,NA,0.02001742324943563
-126.5,-20.5,4164,NA,NA,NA,0.015789900559177592
-125.5,-20.5,4165,NA,NA,NA,0.01769868145522663
-124.5,-20.5,4166,NA,NA,NA,0.027247582850136523
-123.5,-20.5,4167,NA,NA,NA,0.036058901274181515
-121.5,-20.5,4168,NA,NA,NA,0.022573065185050322
-120.5,-20.5,4169,NA,NA,NA,0.02616327825213629
30.5,-20.5,4288,NA,NA,NA,0.009222639112861971
31.5,-20.5,4289,NA,NA,NA,0.009806728908210676
32.5,-20.5,4290,NA,NA,NA,0.011416836225336575
33.5,-20.5,4291,NA,NA,NA,0.016602760886283357
34.5,-20.5,4292,NA,NA,NA,0.018131499960037677
35.5,-20.5,4293,NA,NA,NA,0.011567118175906995
36.5,-20.5,4294,NA,NA,NA,0.011850189861152422
37.5,-20.5,4295,NA,NA,NA,0.012244237900787625
38.5,-20.5,4296,NA,NA,NA,0.014118122808495772
39.5,-20.5,4297,NA,NA,NA,0.02899283813326973
40.5,-20.5,4298,NA,NA,NA,0.01513007183207856
41.5,-20.5,4299,NA,NA,NA,0.010141896192636116
42.5,-20.5,4300,NA,NA,NA,0.014548834821349972
43.5,-20.5,4301,NA,NA,NA,0.011589038305342138
44.5,-20.5,4302,NA,NA,NA,0.010066195548648547
45.5,-20.5,4303,NA,NA,NA,0.0076686193579694716
46.5,-20.5,4304,NA,NA,NA,0.006357684791119776
47.5,-20.5,4305,NA,NA,NA,0.003799324275404421
48.5,-20.5,4306,NA,NA,NA,0.003612185495258739
49.5,-20.5,4307,NA,NA,NA,0.004326459854676259
80.5,-20.5,4338,NA,NA,NA,9.90507446515191e-4
81.5,-20.5,4339,NA,NA,NA,9.808389139096796e-4
82.5,-20.5,4340,NA,NA,NA,7.824422936763951e-4
83.5,-20.5,4341,NA,NA,NA,7.852827967954037e-4
84.5,-20.5,4342,NA,NA,NA,7.812012940069546e-4
85.5,-20.5,4343,NA,NA,NA,8.28587493396826e-4
86.5,-20.5,4344,NA,NA,NA,8.3559492526493e-4
87.5,-20.5,4345,NA,NA,NA,7.941963453774101e-4
88.5,-20.5,4346,NA,NA,NA,7.318617625136778e-4
89.5,-20.5,4347,NA,NA,NA,7.952831047909673e-4
90.5,-20.5,4348,NA,NA,NA,7.914344346147172e-4
91.5,-20.5,4349,NA,NA,NA,8.154649835608945e-4
92.5,-20.5,4350,NA,NA,NA,8.154649835608945e-4
93.5,-20.5,4351,NA,NA,NA,8.104658309577765e-4
94.5,-20.5,4352,NA,NA,NA,0.0012003763687735898
95.5,-20.5,4353,NA,NA,NA,0.0017964957096123578
96.5,-20.5,4354,NA,NA,NA,0.0017778799491509974
97.5,-20.5,4355,NA,NA,NA,0.0016669428479531203
98.5,-20.5,4356,NA,NA,NA,0.0058522088762365965
99.5,-20.5,4357,NA,NA,NA,0.005594777368878087
-139.5,-19.5,4368,NA,NA,NA,0.03565278779565723
-138.5,-19.5,4369,NA,NA,NA,0.03972936496246702
-137.5,-19.5,4370,NA,NA,NA,0.04017801276473329
-136.5,-19.5,4371,NA,NA,NA,0.07308373113883491
-130.5,-19.5,4372,NA,NA,NA,0.09184765602075295
-129.5,-19.5,4373,NA,NA,NA,0.04019977321268874
-128.5,-19.5,4374,NA,NA,NA,0.021612080687920893
-127.5,-19.5,4375,NA,NA,NA,0.01549707774303694
-126.5,-19.5,4376,NA,NA,NA,0.01612572410415787
-125.5,-19.5,4377,NA,NA,NA,0.013180635600872228
-124.5,-19.5,4378,NA,NA,NA,0.013215403029988113
-123.5,-19.5,4379,NA,NA,NA,0.02229843431491638
-122.5,-19.5,4380,NA,NA,NA,0.04322224695979897
-121.5,-19.5,4381,NA,NA,NA,0.025868262153777497
-120.5,-19.5,4382,NA,NA,NA,0.020300754491857077
10.5,-19.5,4486,NA,NA,NA,0.013432833865949878
11.5,-19.5,4487,NA,NA,NA,0.010825593593998923
12.5,-19.5,4488,NA,NA,NA,0.010246604243092214
13.5,-19.5,4489,NA,NA,NA,0.007041669490602114
14.5,-19.5,4490,NA,NA,NA,0.007113922470829779
15.5,-19.5,4491,NA,NA,NA,0.00709591330321311
16.5,-19.5,4492,NA,NA,NA,0.007100503580739534
17.5,-19.5,4493,NA,NA,NA,0.007038734195244
18.5,-19.5,4494,NA,NA,NA,0.005767586295700117
19.5,-19.5,4495,NA,NA,NA,0.0071605674830159645
-139.5,-18.5,4586,NA,NA,NA,0.03756456354358045
-138.5,-18.5,4587,NA,NA,NA,0.027772611648304944
-137.5,-18.5,4588,NA,NA,NA,0.03512127127099134
-136.5,-18.5,4589,NA,NA,NA,0.12597952855301287
-130.5,-18.5,4590,NA,NA,NA,0.060537611298826906
-129.5,-18.5,4591,NA,NA,NA,0.06399167457492706
-128.5,-18.5,4592,NA,NA,NA,0.017545137584886548
-127.5,-18.5,4593,NA,NA,NA,0.023805648817418094
-126.5,-18.5,4594,NA,NA,NA,0.025349238268482847
-125.5,-18.5,4595,NA,NA,NA,0.03464052805649196
-124.5,-18.5,4596,NA,NA,NA,0.0222751756712499
-123.5,-18.5,4597,NA,NA,NA,0.02184489107554106
-122.5,-18.5,4598,NA,NA,NA,0.027290447812631038
-121.5,-18.5,4599,NA,NA,NA,0.050121561262992755
-120.5,-18.5,4600,NA,NA,NA,0.038562242165115085
10.5,-18.5,4707,NA,NA,NA,0.015173677690651815
11.5,-18.5,4708,NA,NA,NA,0.015296705034956394
12.5,-18.5,4709,NA,NA,NA,0.011284831958493152
13.5,-18.5,4710,NA,NA,NA,0.008940516195197508
14.5,-18.5,4711,NA,NA,NA,0.008624696678365198
15.5,-18.5,4712,NA,NA,NA,0.008708442298823324
16.5,-18.5,4713,NA,NA,NA,0.008751530907977418
17.5,-18.5,4714,NA,NA,NA,0.009422935843669591
18.5,-18.5,4715,NA,NA,NA,0.007475776638992085
19.5,-18.5,4716,NA,NA,NA,0.008019198805409375
-139.5,-17.5,4807,NA,NA,NA,0.030675868936505646
-138.5,-17.5,4808,NA,NA,NA,0.04967175127554838
-137.5,-17.5,4809,NA,NA,NA,0.06404663362036184
-136.5,-17.5,4810,NA,NA,NA,0.028847872943407196
-130.5,-17.5,4811,NA,NA,NA,0.018622608162989794
-129.5,-17.5,4812,NA,NA,NA,0.03540017643753817
-128.5,-17.5,4813,NA,NA,NA,0.021539832424666356
-127.5,-17.5,4814,NA,NA,NA,0.019556559094206956
-126.5,-17.5,4815,NA,NA,NA,0.022745496080588092
-125.5,-17.5,4816,NA,NA,NA,0.02127742965672089
-124.5,-17.5,4817,NA,NA,NA,0.014524205337193272
-123.5,-17.5,4818,NA,NA,NA,0.015056062921971538
-122.5,-17.5,4819,NA,NA,NA,0.015114498250707965
-121.5,-17.5,4820,NA,NA,NA,0.014198837232867278
-120.5,-17.5,4821,NA,NA,NA,0.0459791600099693
10.5,-17.5,4929,NA,NA,NA,0.016982275332422064
11.5,-17.5,4930,NA,NA,NA,0.01408846841392056
12.5,-17.5,4931,NA,NA,NA,0.01210457135332175
13.5,-17.5,4932,NA,NA,NA,0.011533924253943586
14.5,-17.5,4933,NA,NA,NA,0.01329871982705036
15.5,-17.5,4934,NA,NA,NA,0.013053768895685307
16.5,-17.5,4935,NA,NA,NA,0.013170068965451753
17.5,-17.5,4936,NA,NA,NA,0.01366726890506744
18.5,-17.5,4937,NA,NA,NA,0.011759178414450044
19.5,-17.5,4938,NA,NA,NA,0.008826337376311005
-139.5,-16.5,5027,NA,NA,NA,0.017183279994801404
-138.5,-16.5,5028,NA,NA,NA,0.028173489472947302
-137.5,-16.5,5029,NA,NA,NA,0.05358499504596743
-136.5,-16.5,5030,NA,NA,NA,0.11927314689097439
-129.5,-16.5,5031,NA,NA,NA,0.027452198752419263
-128.5,-16.5,5032,NA,NA,NA,0.03290472586851194
-127.5,-16.5,5033,NA,NA,NA,0.022707084325361046
-126.5,-16.5,5034,NA,NA,NA,0.01880819221032102
-125.5,-16.5,5035,NA,NA,NA,0.016367777701705544
-124.5,-16.5,5036,NA,NA,NA,0.014740676897309433
-123.5,-16.5,5037,NA,NA,NA,0.013683097379313336
-122.5,-16.5,5038,NA,NA,NA,0.014769482489808578
-121.5,-16.5,5039,NA,NA,NA,0.012985638226020908
-120.5,-16.5,5040,NA,NA,NA,0.00768063971716217
10.5,-16.5,5149,NA,NA,NA,0.010584782367261495
11.5,-16.5,5150,NA,NA,NA,0.010321790403379202
12.5,-16.5,5151,NA,NA,NA,0.010883006214516136
13.5,-16.5,5152,NA,NA,NA,0.010690121372040815
14.5,-16.5,5153,NA,NA,NA,0.011356266111345137
15.5,-16.5,5154,NA,NA,NA,0.01270855114084468
16.5,-16.5,5155,NA,NA,NA,0.011850511516149189
17.5,-16.5,5156,NA,NA,NA,0.01240551148435608
18.5,-16.5,5157,NA,NA,NA,0.011421702330477955
19.5,-16.5,5158,NA,NA,NA,0.011816003337700906
-138.5,-15.5,5246,NA,NA,NA,0.022501316205520764
-137.5,-15.5,5247,NA,NA,NA,0.0201268905838288
-136.5,-15.5,5248,NA,NA,NA,0.026536257604011373
-135.5,-15.5,5249,NA,NA,NA,0.06191257424929606
-134.5,-15.5,5250,NA,NA,NA,0.09603802419805141
-129.5,-15.5,5251,NA,NA,NA,0.009840746453098757
-128.5,-15.5,5252,NA,NA,NA,0.027383947672957484
-127.5,-15.5,5253,NA,NA,NA,0.011847523226329666
-126.5,-15.5,5254,NA,NA,NA,0.014474959179749902
-125.5,-15.5,5255,NA,NA,NA,0.017003280340321787
-124.5,-15.5,5256,NA,NA,NA,0.016486932555687322
-123.5,-15.5,5257,NA,NA,NA,0.013125868039183973
-122.5,-15.5,5258,NA,NA,NA,0.01381415699111783
-121.5,-15.5,5259,NA,NA,NA,0.01527374569527391
-120.5,-15.5,5260,NA,NA,NA,0.019631909328232153
10.5,-15.5,5375,NA,NA,NA,0.008945352543261282
11.5,-15.5,5376,NA,NA,NA,0.009466737712899163
12.5,-15.5,5377,NA,NA,NA,0.009373512883007393
13.5,-15.5,5378,NA,NA,NA,0.008975863149193599
14.5,-15.5,5379,NA,NA,NA,0.009949883282586508
15.5,-15.5,5380,NA,NA,NA,0.009733334716761832
16.5,-15.5,5381,NA,NA,NA,0.007156551558712475
17.5,-15.5,5382,NA,NA,NA,0.0071353657189101105
18.5,-15.5,5383,NA,NA,NA,0.006381820925467698
19.5,-15.5,5384,NA,NA,NA,0.008389388761665992
-138.5,-14.5,5470,NA,NA,NA,0.015347248260435013
-137.5,-14.5,5471,NA,NA,NA,0.022307497891723167
-136.5,-14.5,5472,NA,NA,NA,0.038521027920491446
-135.5,-14.5,5473,NA,NA,NA,0.05637938609805661
-134.5,-14.5,5474,NA,NA,NA,0.0630585397882579
-133.5,-14.5,5475,NA,NA,NA,0.1101737785560863
-132.5,-14.5,5476,NA,NA,NA,0.0976648092279093
-129.5,-14.5,5477,NA,NA,NA,0.01613572512807849
-128.5,-14.5,5478,NA,NA,NA,0.014154108727981573
-127.5,-14.5,5479,NA,NA,NA,0.01134818513733145
-126.5,-14.5,5480,NA,NA,NA,0.01170121276368464
-125.5,-14.5,5481,NA,NA,NA,0.012376726725779198
-124.5,-14.5,5482,NA,NA,NA,0.011565133396091967
-123.5,-14.5,5483,NA,NA,NA,0.011191542819296185
-122.5,-14.5,5484,NA,NA,NA,0.01109433305786721
-121.5,-14.5,5485,NA,NA,NA,0.012383754853262503
-120.5,-14.5,5486,NA,NA,NA,0.012865521788226282
10.5,-14.5,5604,NA,NA,NA,0.013274334966092372
11.5,-14.5,5605,NA,NA,NA,0.00851504048222939
12.5,-14.5,5606,NA,NA,NA,0.00976004605805107
13.5,-14.5,5607,NA,NA,NA,0.007643610171532817
14.5,-14.5,5608,NA,NA,NA,0.008579557053558975
15.5,-14.5,5609,NA,NA,NA,0.007368920924318342
16.5,-14.5,5610,NA,NA,NA,0.00656113889092795
17.5,-14.5,5611,NA,NA,NA,0.006541291585155298
18.5,-14.5,5612,NA,NA,NA,0.00652822806492604
19.5,-14.5,5613,NA,NA,NA,0.0071470485295465295
-138.5,-13.5,5698,NA,NA,NA,0.012398900130914907
-137.5,-13.5,5699,NA,NA,NA,0.021198037498520342
-136.5,-13.5,5700,NA,NA,NA,0.0526107725904397
-135.5,-13.5,5701,NA,NA,NA,0.05870626176615073
-134.5,-13.5,5702,NA,NA,NA,0.04025748082158835
-133.5,-13.5,5703,NA,NA,NA,0.06906807377943941
-132.5,-13.5,5704,NA,NA,NA,0.12943570424962658
-129.5,-13.5,5705,NA,NA,NA,0.005340055253489934
-128.5,-13.5,5706,NA,NA,NA,0.009706227894729132
-127.5,-13.5,5707,NA,NA,NA,0.008201436855414641
-126.5,-13.5,5708,NA,NA,NA,0.008151392103129578
-125.5,-13.5,5709,NA,NA,NA,0.00948687632804394
-124.5,-13.5,5710,NA,NA,NA,0.009353567519431002
-123.5,-13.5,5711,NA,NA,NA,0.00947833385584142
-122.5,-13.5,5712,NA,NA,NA,0.009058476389621286
-121.5,-13.5,5713,NA,NA,NA,0.00961874492405743
-120.5,-13.5,5714,NA,NA,NA,0.010547838757602021
10.5,-13.5,5836,NA,NA,NA,0.012237054906482487
11.5,-13.5,5837,NA,NA,NA,0.011056776793299267
12.5,-13.5,5838,NA,NA,NA,0.010951731655129056
13.5,-13.5,5839,NA,NA,NA,0.010204618249956807
14.5,-13.5,5840,NA,NA,NA,0.010027417806023151
15.5,-13.5,5841,NA,NA,NA,0.00961429547819697
16.5,-13.5,5842,NA,NA,NA,0.00964183958190644
17.5,-13.5,5843,NA,NA,NA,0.008382579526029747
18.5,-13.5,5844,NA,NA,NA,0.008397446649567585
19.5,-13.5,5845,NA,NA,NA,0.010088857023099354
-138.5,-12.5,5930,NA,NA,NA,0.09227695210421721
-137.5,-12.5,5931,NA,NA,NA,0.023105482284162815
-136.5,-12.5,5932,NA,NA,NA,0.05205238647273614
-135.5,-12.5,5933,NA,NA,NA,0.05688584079430504
-134.5,-12.5,5934,NA,NA,NA,0.11706843542753152
-133.5,-12.5,5935,NA,NA,NA,0.06220044414135362
-132.5,-12.5,5936,NA,NA,NA,0.04019892792678404
-131.5,-12.5,5937,NA,NA,NA,0.018021971529834254
-129.5,-12.5,5938,NA,NA,NA,0.003464698575677821
-128.5,-12.5,5939,NA,NA,NA,0.0057542934505528925
-127.5,-12.5,5940,NA,NA,NA,0.005434426698893983
-126.5,-12.5,5941,NA,NA,NA,0.007778923135309746
-125.5,-12.5,5942,NA,NA,NA,0.006396536536571228
-124.5,-12.5,5943,NA,NA,NA,0.006286883753926497
-123.5,-12.5,5944,NA,NA,NA,0.007643634365105263
-122.5,-12.5,5945,NA,NA,NA,0.007609683534548599
-121.5,-12.5,5946,NA,NA,NA,0.007253920534780576
-120.5,-12.5,5947,NA,NA,NA,0.008017172740164872
10.5,-12.5,6071,NA,NA,NA,0.009377739696354826
11.5,-12.5,6072,NA,NA,NA,0.009292377132665031
12.5,-12.5,6073,NA,NA,NA,0.009292377132665031
13.5,-12.5,6074,NA,NA,NA,0.009412689257310175
14.5,-12.5,6075,NA,NA,NA,0.009870461936218752
15.5,-12.5,6076,NA,NA,NA,0.009313465642480284
16.5,-12.5,6077,NA,NA,NA,0.009487800003555645
17.5,-12.5,6078,NA,NA,NA,0.009224861638543065
18.5,-12.5,6079,NA,NA,NA,0.009969742961047053
19.5,-12.5,6080,NA,NA,NA,0.009953555581940563
-139.5,-11.5,6164,NA,NA,NA,0.0015852138524597964
-138.5,-11.5,6165,NA,NA,NA,0.029519507571251703
-137.5,-11.5,6166,NA,NA,NA,0.01710175321989149
-136.5,-11.5,6167,NA,NA,NA,0.010733129571700339
-135.5,-11.5,6168,NA,NA,NA,0.018623442520550308
-134.5,-11.5,6169,NA,NA,NA,0.017791087550492374
-133.5,-11.5,6170,NA,NA,NA,0.016142015579729344
-132.5,-11.5,6171,NA,NA,NA,0.01044670823077745
-131.5,-11.5,6172,NA,NA,NA,0.010262428961749885
-130.5,-11.5,6173,NA,NA,NA,0.007090879405035482
-129.5,-11.5,6174,NA,NA,NA,0.0056066928803924785
-128.5,-11.5,6175,NA,NA,NA,0.0033639655996207567
-127.5,-11.5,6176,NA,NA,NA,0.004216834824413137
-126.5,-11.5,6177,NA,NA,NA,0.004435847802948198
-125.5,-11.5,6178,NA,NA,NA,0.005698719942595356
-124.5,-11.5,6179,NA,NA,NA,0.006974413670575604
-123.5,-11.5,6180,NA,NA,NA,0.0072827989896361725
-122.5,-11.5,6181,NA,NA,NA,0.00880690393197781
-121.5,-11.5,6182,NA,NA,NA,0.008337918631793784
-120.5,-11.5,6183,NA,NA,NA,0.008193919708474787
10.5,-11.5,6310,NA,NA,NA,0.00870899660824121
11.5,-11.5,6311,NA,NA,NA,0.010428689151886078
12.5,-11.5,6312,NA,NA,NA,0.010200314628397147
13.5,-11.5,6313,NA,NA,NA,0.010445643716164106
14.5,-11.5,6314,NA,NA,NA,0.010570005198157333
15.5,-11.5,6315,NA,NA,NA,0.008782209029404941
16.5,-11.5,6316,NA,NA,NA,0.007439018808817787
17.5,-11.5,6317,NA,NA,NA,0.008715415897553848
18.5,-11.5,6318,NA,NA,NA,0.007799746376679152
19.5,-11.5,6319,NA,NA,NA,0.009205645165593367
-139.5,-10.5,6403,NA,NA,NA,0.0013578071942288003
-138.5,-10.5,6404,NA,NA,NA,0.031346481199428906
-137.5,-10.5,6405,NA,NA,NA,0.007587773959214151
-136.5,-10.5,6406,NA,NA,NA,0.00860514870557689
-135.5,-10.5,6407,NA,NA,NA,0.009412754344456157
-134.5,-10.5,6408,NA,NA,NA,0.007487155111348399
-133.5,-10.5,6409,NA,NA,NA,0.00719412408483298
-132.5,-10.5,6410,NA,NA,NA,0.004810094916838568
-131.5,-10.5,6411,NA,NA,NA,0.0037865560804863163
-130.5,-10.5,6412,NA,NA,NA,0.003758627984415682
-129.5,-10.5,6413,NA,NA,NA,0.0037733043570514747
-128.5,-10.5,6414,NA,NA,NA,0.0037163638887266347
-127.5,-10.5,6415,NA,NA,NA,0.004733308395965905
-126.5,-10.5,6416,NA,NA,NA,0.00588449437030014
-125.5,-10.5,6417,NA,NA,NA,0.005470986142492208
-124.5,-10.5,6418,NA,NA,NA,0.011402380730918983
-123.5,-10.5,6419,NA,NA,NA,0.005488273317601113
-122.5,-10.5,6420,NA,NA,NA,0.010496213768491497
-121.5,-10.5,6421,NA,NA,NA,0.011625581476429886
-120.5,-10.5,6422,NA,NA,NA,0.011796130517064036
10.5,-10.5,6549,NA,NA,NA,0.008646932831438291
11.5,-10.5,6550,NA,NA,NA,0.010015809479172334
12.5,-10.5,6551,NA,NA,NA,0.010913642093578856
13.5,-10.5,6552,NA,NA,NA,0.011699789025844428
14.5,-10.5,6553,NA,NA,NA,0.011172344381027733
15.5,-10.5,6554,NA,NA,NA,0.008586095070580373
16.5,-10.5,6555,NA,NA,NA,0.0070344090831031825
17.5,-10.5,6556,NA,NA,NA,0.008403834271764426
18.5,-10.5,6557,NA,NA,NA,0.012501144860098535
19.5,-10.5,6558,NA,NA,NA,0.010447011744310267
-119.5,10.5,11100,NA,NA,NA,0.005833046598160968
-118.5,10.5,11101,NA,NA,NA,0.0037840579519832548
-117.5,10.5,11102,NA,NA,NA,0.0038989864770201375
-116.5,10.5,11103,NA,NA,NA,0.003507489119634869
-115.5,10.5,11104,NA,NA,NA,0.0034677323560046254
-114.5,10.5,11105,NA,NA,NA,0.0026557007983462897
-113.5,10.5,11106,NA,NA,NA,0.003929454968360052
-112.5,10.5,11107,NA,NA,NA,0.004613791311401844
-111.5,10.5,11108,NA,NA,NA,0.0034972931084942768
-110.5,10.5,11109,NA,NA,NA,0.004303105149316689
-119.5,11.5,11311,NA,NA,NA,0.007711971295191493
-118.5,11.5,11312,NA,NA,NA,0.003802031587670616
-117.5,11.5,11313,NA,NA,NA,0.0035280283081251577
-116.5,11.5,11314,NA,NA,NA,0.003904860833005457
-115.5,11.5,11315,NA,NA,NA,0.003485825713928016
-114.5,11.5,11316,NA,NA,NA,0.003390939855413498
-113.5,11.5,11317,NA,NA,NA,0.003746946198268363
-112.5,11.5,11318,NA,NA,NA,0.0056594143777379344
-111.5,11.5,11319,NA,NA,NA,0.004162619283126971
-110.5,11.5,11320,NA,NA,NA,0.00438749871293604
-119.5,12.5,11518,NA,NA,NA,0.004931953200593589
-118.5,12.5,11519,NA,NA,NA,0.004959088702512221
-117.5,12.5,11520,NA,NA,NA,0.0037437707050457666
-116.5,12.5,11521,NA,NA,NA,0.0033099588169483167
-115.5,12.5,11522,NA,NA,NA,0.0036341341885789908
-114.5,12.5,11523,NA,NA,NA,0.0032213839165589598
-113.5,12.5,11524,NA,NA,NA,0.0034964678267585584
-112.5,12.5,11525,NA,NA,NA,0.004307847979408836
-111.5,12.5,11526,NA,NA,NA,0.004636752661792563
-110.5,12.5,11527,NA,NA,NA,0.005666829320535005
-119.5,13.5,11723,NA,NA,NA,0.004634263253225403
-118.5,13.5,11724,NA,NA,NA,0.003998121333680683
-117.5,13.5,11725,NA,NA,NA,0.004487703160150615
-116.5,13.5,11726,NA,NA,NA,0.0034324941205443544
-115.5,13.5,11727,NA,NA,NA,0.0032422378285988807
-114.5,13.5,11728,NA,NA,NA,0.0024418912144493245
-113.5,13.5,11729,NA,NA,NA,0.00342804572274978
-112.5,13.5,11730,NA,NA,NA,0.0036923000232166395
-111.5,13.5,11731,NA,NA,NA,0.004658051604284198
-110.5,13.5,11732,NA,NA,NA,0.006986627884616249
-119.5,14.5,11924,NA,NA,NA,0.004285431036045058
-118.5,14.5,11925,NA,NA,NA,0.004806644496647187
-117.5,14.5,11926,NA,NA,NA,0.006307746475007887
-116.5,14.5,11927,NA,NA,NA,0.004795904615628857
-115.5,14.5,11928,NA,NA,NA,0.0024689404175159174
-114.5,14.5,11929,NA,NA,NA,0.0022617696316119744
-113.5,14.5,11930,NA,NA,NA,0.002594926704482164
-112.5,14.5,11931,NA,NA,NA,0.004026276291595605
-111.5,14.5,11932,NA,NA,NA,0.004840777703442776
-110.5,14.5,11933,NA,NA,NA,0.016706556071280507
-119.5,15.5,12121,NA,NA,NA,0.003973191162781978
-118.5,15.5,12122,NA,NA,NA,0.0050104730938357375
-117.5,15.5,12123,NA,NA,NA,0.005982525610414493
-116.5,15.5,12124,NA,NA,NA,0.007107151321753178
-115.5,15.5,12125,NA,NA,NA,0.003680310061703326
-114.5,15.5,12126,NA,NA,NA,0.0023929275162980607
-113.5,15.5,12127,NA,NA,NA,0.0022305829394040086
-112.5,15.5,12128,NA,NA,NA,0.0034579589063916706
-111.5,15.5,12129,NA,NA,NA,0.0046727776027591615
-110.5,15.5,12130,NA,NA,NA,0.016263341693314833
-119.5,16.5,12313,NA,NA,NA,0.0035923903101757575
-118.5,16.5,12314,NA,NA,NA,0.00523510922294002
-117.5,16.5,12315,NA,NA,NA,0.011314669983878398
-116.5,16.5,12316,NA,NA,NA,0.008922819445540922
-115.5,16.5,12317,NA,NA,NA,0.0041990070045155375
-114.5,16.5,12318,NA,NA,NA,0.002753527661936468
-113.5,16.5,12319,NA,NA,NA,0.0021107857134102276
-112.5,16.5,12320,NA,NA,NA,0.0034554273758401256
-111.5,16.5,12321,NA,NA,NA,0.005011882731356764
-110.5,16.5,12322,NA,NA,NA,0.02668364168588477
-119.5,17.5,12494,NA,NA,NA,0.005168814291191168
-118.5,17.5,12495,NA,NA,NA,0.005653277043976835
-117.5,17.5,12496,NA,NA,NA,0.008033951976176784
-116.5,17.5,12497,NA,NA,NA,0.005977653991969889
-115.5,17.5,12498,NA,NA,NA,0.004694205246323983
-114.5,17.5,12499,NA,NA,NA,0.0038139561390687243
-113.5,17.5,12500,NA,NA,NA,0.002271305399342481
-112.5,17.5,12501,NA,NA,NA,0.0035243529613248393
-111.5,17.5,12502,NA,NA,NA,0.005862650345737137
-110.5,17.5,12503,NA,NA,NA,0.022916373814053776
-119.5,18.5,12672,NA,NA,NA,0.006403018760868907
-118.5,18.5,12673,NA,NA,NA,0.007358535152004539
-117.5,18.5,12674,NA,NA,NA,0.0058733963456231155
-116.5,18.5,12675,NA,NA,NA,0.006239390987183217
-115.5,18.5,12676,NA,NA,NA,0.0046860920997135996
-114.5,18.5,12677,NA,NA,NA,0.00499060678395624
-113.5,18.5,12678,NA,NA,NA,0.0032326973472410862
-112.5,18.5,12679,NA,NA,NA,0.0037096192065424172
-111.5,18.5,12680,NA,NA,NA,0.01434666886283434
-110.5,18.5,12681,NA,NA,NA,0.02735904666098874
-119.5,19.5,12846,NA,NA,NA,0.007227596210991568
-118.5,19.5,12847,NA,NA,NA,0.007877682790778391
-117.5,19.5,12848,NA,NA,NA,0.008097343426654658
-116.5,19.5,12849,NA,NA,NA,0.004160089266634993
-115.5,19.5,12850,NA,NA,NA,0.0034798791643225278
-114.5,19.5,12851,NA,NA,NA,0.003660910049441041
-113.5,19.5,12852,NA,NA,NA,0.0036234846911272467
-112.5,19.5,12853,NA,NA,NA,0.003832426855623007
-111.5,19.5,12854,NA,NA,NA,0.02089891719536841
-110.5,19.5,12855,NA,NA,NA,0.05492229221514111
-119.5,20.5,13015,NA,NA,NA,0.00818566609894103
-118.5,20.5,13016,NA,NA,NA,0.008536844129665227
-117.5,20.5,13017,NA,NA,NA,0.008271229721718324
-116.5,20.5,13018,NA,NA,NA,0.004758366559461762
-115.5,20.5,13019,NA,NA,NA,0.004192565500301805
-114.5,20.5,13020,NA,NA,NA,0.0036211940166884058
-113.5,20.5,13021,NA,NA,NA,0.004049956160623135
-112.5,20.5,13022,NA,NA,NA,0.006620765410700822
-111.5,20.5,13023,NA,NA,NA,0.03369662703392697
-110.5,20.5,13024,NA,NA,NA,0.017648692986907966
-119.5,21.5,13179,NA,NA,NA,0.0034449407634323348
-118.5,21.5,13180,NA,NA,NA,0.009229872185269345
-117.5,21.5,13181,NA,NA,NA,0.008079770128184035
-116.5,21.5,13182,NA,NA,NA,0.005631831367184865
-115.5,21.5,13183,NA,NA,NA,0.005348835527103478
-114.5,21.5,13184,NA,NA,NA,0.003923555082544421
-113.5,21.5,13185,NA,NA,NA,0.005350046327943427
-112.5,21.5,13186,NA,NA,NA,0.01817687438140652
-111.5,21.5,13187,NA,NA,NA,0.01280001300791584
-110.5,21.5,13188,NA,NA,NA,0.006085768199449037
-118.5,22.5,13340,NA,NA,NA,0.00695593344309122
-117.5,22.5,13341,NA,NA,NA,0.007826397897052277
-116.5,22.5,13342,NA,NA,NA,0.007989260417006046
-115.5,22.5,13343,NA,NA,NA,0.007043282715730021
-114.5,22.5,13344,NA,NA,NA,0.013476571377788314
-113.5,22.5,13345,NA,NA,NA,0.029640758964652385
-112.5,22.5,13346,NA,NA,NA,0.006058428842379876
-111.5,22.5,13347,NA,NA,NA,0.010547384791297082
-110.5,22.5,13348,NA,NA,NA,0.008442149674936148
-118.5,23.5,13489,NA,NA,NA,0.010193190678939399
-117.5,23.5,13490,NA,NA,NA,0.007502746115320232
-116.5,23.5,13491,NA,NA,NA,0.011345943355947043
-115.5,23.5,13492,NA,NA,NA,0.008647592540292003
-114.5,23.5,13493,NA,NA,NA,0.008399280676478414
-113.5,23.5,13494,NA,NA,NA,0.06783080055786711
-112.5,23.5,13495,NA,NA,NA,0.006730035750077496
-117.5,24.5,13630,NA,NA,NA,0.01750549566693352
-116.5,24.5,13631,NA,NA,NA,0.013791492941358447
-115.5,24.5,13632,NA,NA,NA,0.014311985072292676
-114.5,24.5,13633,NA,NA,NA,0.016029170110084236
-113.5,24.5,13634,NA,NA,NA,0.040380920051908464
-113.5,25.5,13767,NA,NA,NA,0.004719448218388996
0.5,30.5,14459,NA,NA,NA,0.00797382980115234
1.5,30.5,14460,NA,NA,NA,0.008581062719661907
2.5,30.5,14461,NA,NA,NA,0.005777052255666686
3.5,30.5,14462,NA,NA,NA,0.005727339445637367
4.5,30.5,14463,NA,NA,NA,0.005354246364861261
5.5,30.5,14464,NA,NA,NA,0.0035329880626624303
6.5,30.5,14465,NA,NA,NA,0.0035267025112285365
7.5,30.5,14466,NA,NA,NA,0.0035206160836623725
8.5,30.5,14467,NA,NA,NA,0.003510778466777297
9.5,30.5,14468,NA,NA,NA,0.0034728479676709193
10.5,30.5,14469,NA,NA,NA,0.003042708825273902
11.5,30.5,14470,NA,NA,NA,0.002460918126171931
12.5,30.5,14471,NA,NA,NA,0.0021387645178568226
13.5,30.5,14472,NA,NA,NA,0.0022442857876436625
14.5,30.5,14473,NA,NA,NA,0.002266999434542553
15.5,30.5,14474,NA,NA,NA,0.0021981917437404724
16.5,30.5,14475,NA,NA,NA,0.002026297458757838
17.5,30.5,14476,NA,NA,NA,0.0018401054352542795
18.5,30.5,14477,NA,NA,NA,0.0018850537158930497
19.5,30.5,14478,NA,NA,NA,0.0017674093701435818
0.5,31.5,14583,NA,NA,NA,0.006147491322256696
1.5,31.5,14584,NA,NA,NA,0.005664661770764051
2.5,31.5,14585,NA,NA,NA,0.006114888070143293
3.5,31.5,14586,NA,NA,NA,0.007999164824971422
4.5,31.5,14587,NA,NA,NA,0.008640619655229055
5.5,31.5,14588,NA,NA,NA,0.007363324180208006
6.5,31.5,14589,NA,NA,NA,0.00580736806402584
7.5,31.5,14590,NA,NA,NA,0.006276468540945244
8.5,31.5,14591,NA,NA,NA,0.0033792401514759858
9.5,31.5,14592,NA,NA,NA,0.002187830771176821
10.5,31.5,14593,NA,NA,NA,0.002187830771176821
11.5,31.5,14594,NA,NA,NA,0.0020205239911622605
12.5,31.5,14595,NA,NA,NA,0.0018868219068378077
13.5,31.5,14596,NA,NA,NA,0.0020205239911622605
14.5,31.5,14597,NA,NA,NA,0.0020666941689026167
15.5,31.5,14598,NA,NA,NA,0.0022194123955259462
16.5,31.5,14599,NA,NA,NA,0.0022194123955259462
17.5,31.5,14600,NA,NA,NA,0.0021995362716905153
18.5,31.5,14601,NA,NA,NA,0.0021645449109660556
19.5,31.5,14602,NA,NA,NA,0.00215176890639719
0.5,32.5,14705,NA,NA,NA,0.007390986130975705
1.5,32.5,14706,NA,NA,NA,0.006775808772895008
2.5,32.5,14707,NA,NA,NA,0.006038865830460166
3.5,32.5,14708,NA,NA,NA,0.006480595884302588
4.5,32.5,14709,NA,NA,NA,0.009358913683137194
5.5,32.5,14710,NA,NA,NA,0.009186936218853718
6.5,32.5,14711,NA,NA,NA,0.008276674401506773
7.5,32.5,14712,NA,NA,NA,0.0049143916671994066
8.5,32.5,14713,NA,NA,NA,0.005527809628983294
9.5,32.5,14714,NA,NA,NA,0.0019352016509267417
10.5,32.5,14715,NA,NA,NA,0.0019352016509267417
11.5,32.5,14716,NA,NA,NA,0.0020572890611694323
12.5,32.5,14717,NA,NA,NA,0.0019436712649448325
13.5,32.5,14718,NA,NA,NA,0.0019330165997054774
14.5,32.5,14719,NA,NA,NA,0.0018731110842910405
15.5,32.5,14720,NA,NA,NA,0.001843303071027474
16.5,32.5,14721,NA,NA,NA,0.0020727706329305
17.5,32.5,14722,NA,NA,NA,0.001963287099207749
18.5,32.5,14723,NA,NA,NA,0.002087142650360875
19.5,32.5,14724,NA,NA,NA,0.00238842249891373
0.5,33.5,14822,NA,NA,NA,0.005954575889525877
1.5,33.5,14823,NA,NA,NA,0.005969142584243373
2.5,33.5,14824,NA,NA,NA,0.006075846549723781
3.5,33.5,14825,NA,NA,NA,0.00826932344554909
4.5,33.5,14826,NA,NA,NA,0.005559791736869133
5.5,33.5,14827,NA,NA,NA,0.006081283080961721
6.5,33.5,14828,NA,NA,NA,0.007395287899446959
7.5,33.5,14829,NA,NA,NA,0.004637658440930917
8.5,33.5,14830,NA,NA,NA,0.004021070009895199
9.5,33.5,14831,NA,NA,NA,0.002267165346472359
10.5,33.5,14832,NA,NA,NA,0.0023053536740169412
11.5,33.5,14833,NA,NA,NA,0.0022159793710251753
12.5,33.5,14834,NA,NA,NA,0.003294719990612359
13.5,33.5,14835,NA,NA,NA,0.002036828830758508
14.5,33.5,14836,NA,NA,NA,0.002045742315168057
15.5,33.5,14837,NA,NA,NA,0.002045742315168057
16.5,33.5,14838,NA,NA,NA,0.0020370535647272468
17.5,33.5,14839,NA,NA,NA,0.0019813156084000963
18.5,33.5,14840,NA,NA,NA,0.002037237281140126
19.5,33.5,14841,NA,NA,NA,0.002307777928743016
0.5,34.5,14936,NA,NA,NA,0.003060836824470222
1.5,34.5,14937,NA,NA,NA,0.003575689348192854
2.5,34.5,14938,NA,NA,NA,0.002957747807674596
3.5,34.5,14939,NA,NA,NA,0.003362450074017093
4.5,34.5,14940,NA,NA,NA,0.004320102551263756
5.5,34.5,14941,NA,NA,NA,0.004317970720191551
6.5,34.5,14942,NA,NA,NA,0.0063821274958662695
7.5,34.5,14943,NA,NA,NA,0.004220639863535733
8.5,34.5,14944,NA,NA,NA,0.0033776126514730755
9.5,34.5,14945,NA,NA,NA,0.0019896719669713525
10.5,34.5,14946,NA,NA,NA,0.0020827502342680632
11.5,34.5,14947,NA,NA,NA,0.001967554406974951
12.5,34.5,14948,NA,NA,NA,0.001967554406974951
13.5,34.5,14949,NA,NA,NA,0.0019678346064747865
14.5,34.5,14950,NA,NA,NA,0.001982017320180223
15.5,34.5,14951,NA,NA,NA,0.0038726917130400226
16.5,34.5,14952,NA,NA,NA,0.0024641610776996083
17.5,34.5,14953,NA,NA,NA,0.0024430330990026167
18.5,34.5,14954,NA,NA,NA,0.0021948873249312173
19.5,34.5,14955,NA,NA,NA,0.0021811346273624996
0.5,35.5,15046,NA,NA,NA,0.004568542212167816
1.5,35.5,15047,NA,NA,NA,0.004568542212167816
2.5,35.5,15048,NA,NA,NA,0.004592410374009521
3.5,35.5,15049,NA,NA,NA,0.00559289163504876
4.5,35.5,15050,NA,NA,NA,0.005012067461888906
5.5,35.5,15051,NA,NA,NA,0.005328666912573299
6.5,35.5,15052,NA,NA,NA,0.004745126034450017
7.5,35.5,15053,NA,NA,NA,0.00390923054258946
8.5,35.5,15054,NA,NA,NA,0.003145843384533617
9.5,35.5,15055,NA,NA,NA,0.0018659143415468427
10.5,35.5,15056,NA,NA,NA,0.0019897343595838344
11.5,35.5,15057,NA,NA,NA,0.0019897343595838344
12.5,35.5,15058,NA,NA,NA,0.0019897343595838344
13.5,35.5,15059,NA,NA,NA,0.0018659143415468427
14.5,35.5,15060,NA,NA,NA,0.0018659143415468427
15.5,35.5,15061,NA,NA,NA,0.0018775537741038406
16.5,35.5,15062,NA,NA,NA,0.0018846922600575708
17.5,35.5,15063,NA,NA,NA,0.0018910170202569583
18.5,35.5,15064,NA,NA,NA,0.002056989340846868
19.5,35.5,15065,NA,NA,NA,0.0021590914847554737
0.5,36.5,15157,NA,NA,NA,0.0035036204793391624
1.5,36.5,15158,NA,NA,NA,0.002963339847759859
2.5,36.5,15159,NA,NA,NA,0.002979739510628049
3.5,36.5,15160,NA,NA,NA,0.002979739510628049
4.5,36.5,15161,NA,NA,NA,0.002962166187139529
5.5,36.5,15162,NA,NA,NA,0.003328170824686844
6.5,36.5,15163,NA,NA,NA,0.0033031802429368084
7.5,36.5,15164,NA,NA,NA,0.003255118908639628
8.5,36.5,15165,NA,NA,NA,0.0028923157422943288
9.5,36.5,15166,NA,NA,NA,0.0019681106992600547
10.5,36.5,15167,NA,NA,NA,0.0019659009926436322
11.5,36.5,15168,NA,NA,NA,0.0019374165005245998
12.5,36.5,15169,NA,NA,NA,0.0019329003093015572
13.5,36.5,15170,NA,NA,NA,0.0019329003093015572
14.5,36.5,15171,NA,NA,NA,0.0023570248623025524
15.5,36.5,15172,NA,NA,NA,0.0023860390409807634
16.5,36.5,15173,NA,NA,NA,0.0023533678960758336
17.5,36.5,15174,NA,NA,NA,0.0033409473168278573
18.5,36.5,15175,NA,NA,NA,0.003397423306840198
19.5,36.5,15176,NA,NA,NA,0.0033788892162003527
0.5,37.5,15270,NA,NA,NA,0.0027733119897226308
1.5,37.5,15271,NA,NA,NA,0.0033203462576896813
2.5,37.5,15272,NA,NA,NA,0.0033203462576896813
3.5,37.5,15273,NA,NA,NA,0.0036378171130255614
4.5,37.5,15274,NA,NA,NA,0.0033512435095537896
5.5,37.5,15275,NA,NA,NA,0.004721256025057983
6.5,37.5,15276,NA,NA,NA,0.004910215276774153
7.5,37.5,15277,NA,NA,NA,0.004861673074671628
8.5,37.5,15278,NA,NA,NA,0.004018743436215911
9.5,37.5,15279,NA,NA,NA,0.004035476245160798
10.5,37.5,15280,NA,NA,NA,0.003951861101554413
11.5,37.5,15281,NA,NA,NA,0.0037538554707186858
12.5,37.5,15282,NA,NA,NA,0.0037656823380265735
13.5,37.5,15283,NA,NA,NA,0.0037656823380265735
14.5,37.5,15284,NA,NA,NA,0.003831279278293698
15.5,37.5,15285,NA,NA,NA,0.003831279278293698
16.5,37.5,15286,NA,NA,NA,0.0037314505998397363
17.5,37.5,15287,NA,NA,NA,0.0037594726971292365
18.5,37.5,15288,NA,NA,NA,0.003784573381285374
19.5,37.5,15289,NA,NA,NA,0.003784573381285374
0.5,38.5,15385,NA,NA,NA,0.006614523772215618
1.5,38.5,15386,NA,NA,NA,0.006607421701497913
2.5,38.5,15387,NA,NA,NA,0.006675097091860665
3.5,38.5,15388,NA,NA,NA,0.006675097091860665
4.5,38.5,15389,NA,NA,NA,0.00667539029635609
5.5,38.5,15390,NA,NA,NA,0.006636065404536394
6.5,38.5,15391,NA,NA,NA,0.006569554047183998
7.5,38.5,15392,NA,NA,NA,0.006896799576988055
8.5,38.5,15393,NA,NA,NA,0.006019750011899689
9.5,38.5,15394,NA,NA,NA,0.006063835501342617
10.5,38.5,15395,NA,NA,NA,0.006057695627103128
11.5,38.5,15396,NA,NA,NA,0.005907787534873899
12.5,38.5,15397,NA,NA,NA,0.005859105634125595
13.5,38.5,15398,NA,NA,NA,0.0058462850917166175
14.5,38.5,15399,NA,NA,NA,0.005788542770117977
15.5,38.5,15400,NA,NA,NA,0.006053680801806184
16.5,38.5,15401,NA,NA,NA,0.004522254864029201
17.5,38.5,15402,NA,NA,NA,0.004309422563984673
18.5,38.5,15403,NA,NA,NA,0.004095596659644047
19.5,38.5,15404,NA,NA,NA,0.004091557823401761
0.5,39.5,15496,NA,NA,NA,0.007048193583110292
1.5,39.5,15497,NA,NA,NA,0.006896799691761659
2.5,39.5,15498,NA,NA,NA,0.0066929806041773525
3.5,39.5,15499,NA,NA,NA,0.006685794860648491
4.5,39.5,15500,NA,NA,NA,0.006685794860648491
5.5,39.5,15501,NA,NA,NA,0.006685794860648491
6.5,39.5,15502,NA,NA,NA,0.006646641343493923
7.5,39.5,15503,NA,NA,NA,0.006646641343493923
8.5,39.5,15504,NA,NA,NA,0.006646641343493923
9.5,39.5,15505,NA,NA,NA,0.006671330852255284
10.5,39.5,15506,NA,NA,NA,0.0066115506798995125
11.5,39.5,15507,NA,NA,NA,0.006438029056855814
12.5,39.5,15508,NA,NA,NA,0.006487409501375475
13.5,39.5,15509,NA,NA,NA,0.007385005919834625
14.5,39.5,15510,NA,NA,NA,0.007101766736120792
15.5,39.5,15511,NA,NA,NA,0.006938466124528057
16.5,39.5,15512,NA,NA,NA,0.006885233282789852
17.5,39.5,15513,NA,NA,NA,0.005947409021997159
18.5,39.5,15514,NA,NA,NA,0.005868078110576885
19.5,39.5,15515,NA,NA,NA,0.004648616940594755
