X_coords,Y_coords,cellID,SKP_jan-mar,SKP_apr-jun,SKP_jul-sep,SKP_oct-dec
-99.5,-39.5,41,0.03022232080778619,NA,NA,0.02141734188445759
-98.5,-39.5,42,0.03416705940380031,NA,NA,0.020191475936748186
-97.5,-39.5,43,0.03305176547077735,NA,NA,0.01861057688095575
-96.5,-39.5,44,0.030757564521769726,NA,NA,0.017739430758128463
-95.5,-39.5,45,0.022801873733725525,NA,NA,0.014214205093863017
-94.5,-39.5,46,0.022458703501921605,NA,NA,0.014092687792038571
-93.5,-39.5,47,0.021621836930368222,NA,NA,0.014049379673313116
-92.5,-39.5,48,0.02249118431922356,NA,NA,0.013840417508180795
-91.5,-39.5,49,0.02003739053852809,NA,NA,0.0146137225468706
-90.5,-39.5,50,0.020860801829215857,NA,NA,0.014701890800949266
-79.5,-39.5,61,0.020827820021031368,NA,NA,NA
-78.5,-39.5,62,0.021491797351795856,NA,NA,NA
-77.5,-39.5,63,0.020312332074980125,NA,NA,NA
-76.5,-39.5,64,0.020545551650410266,NA,NA,NA
-75.5,-39.5,65,0.021049508504404638,NA,NA,NA
-74.5,-39.5,66,0.020414112903912363,NA,NA,NA
-73.5,-39.5,67,0.02080968643036572,NA,NA,NA
-72.5,-39.5,68,0.019733949562808863,NA,NA,NA
-71.5,-39.5,69,0.018939228060527686,NA,NA,NA
-70.5,-39.5,70,0.024069410693352635,NA,NA,NA
-69.5,-39.5,71,0.021994967307834422,NA,NA,0.018489516931063613
-68.5,-39.5,72,0.023174536034161638,NA,NA,0.015997403873424788
-67.5,-39.5,73,0.026403584249612526,NA,NA,0.017740419371262462
-66.5,-39.5,74,0.03272689147493583,NA,NA,0.021901961092516613
-65.5,-39.5,75,0.03470782179206005,NA,NA,0.023892091260654783
-64.5,-39.5,76,0.03967317458210077,NA,NA,0.025233743999130583
-63.5,-39.5,77,0.049162304717643504,NA,NA,0.026825809200208522
-62.5,-39.5,78,0.049130706914523634,NA,NA,0.026705500542493318
-61.5,-39.5,79,0.047665640616778776,NA,NA,0.025890940473936436
-60.5,-39.5,80,0.04874864247738113,NA,NA,0.02754179298434486
-29.5,-39.5,107,0.06519989545031193,0.02874919403570962,0.02662264640922083,0.03535257358333541
-28.5,-39.5,108,0.04963174914598247,0.021529872098646298,0.022958662248130413,0.034611004106697256
-27.5,-39.5,109,0.03704238312273323,0.017100666132581124,0.012437560521717041,0.026129334111605142
-26.5,-39.5,110,0.03518974397605907,0.01548711865386041,0.01833142277401792,0.02893468302100673
-25.5,-39.5,111,0.03321564139298699,0.016645081279884996,0.01929226822604769,0.027527447269386322
-24.5,-39.5,112,0.03394255123714758,0.016931742009060093,0.01907640738005566,0.025821333963245204
-23.5,-39.5,113,0.028448914022600903,0.014148159493621696,0.015225788780374349,0.022341782438094288
-22.5,-39.5,114,0.024825555111923435,0.012973196244744682,0.013616537839528207,0.01859196531851576
-21.5,-39.5,115,0.024709406915659867,0.010024773054147704,0.010911570291819106,0.0148202603892866
-20.5,-39.5,116,0.02097022678861938,0.009513029734177983,0.009398691183358222,0.013438909881466829
80.5,-39.5,214,0.011103926335864378,NA,NA,0.010333200836527355
81.5,-39.5,215,0.010918470597207363,NA,NA,0.010391045185418056
82.5,-39.5,216,0.01105190122801545,NA,NA,0.010545312800208734
83.5,-39.5,217,0.010832336628484514,NA,NA,0.010500478931976639
84.5,-39.5,218,0.01077991770142666,NA,NA,0.010500478931976639
85.5,-39.5,219,0.010590616741734324,NA,NA,0.010407740839191947
86.5,-39.5,220,0.010429473724213791,NA,NA,0.010041940103962862
87.5,-39.5,221,0.009848900483632817,NA,NA,0.00992627187833497
88.5,-39.5,222,0.00965921473625659,NA,NA,0.009678021146907554
89.5,-39.5,223,0.009769343663764399,NA,NA,0.01035357563524401
-99.5,-38.5,281,0.04770515678093071,NA,NA,0.02407871305086271
-98.5,-38.5,282,0.042889132792276616,NA,NA,0.022623291758295794
-97.5,-38.5,283,0.04212864143323304,NA,NA,0.023653630616082486
-96.5,-38.5,284,0.036235666195493434,NA,NA,0.02024935912690851
-95.5,-38.5,285,0.033380517829452894,NA,NA,0.018650443334220418
-94.5,-38.5,286,0.024960410984176663,NA,NA,0.01474957415080023
-93.5,-38.5,287,0.02494878422271032,NA,NA,0.015623867524985112
-92.5,-38.5,288,0.02469526568763283,NA,NA,0.01564844294703029
-91.5,-38.5,289,0.02445560040943561,NA,NA,0.015210360301741582
-90.5,-38.5,290,0.0235643968328837,NA,NA,0.014821914285967151
-79.5,-38.5,301,0.02776317716422938,NA,NA,NA
-78.5,-38.5,302,0.026907649876270843,NA,NA,NA
-77.5,-38.5,303,0.022450474526244317,NA,NA,NA
-76.5,-38.5,304,0.02197060183048891,NA,NA,NA
-75.5,-38.5,305,0.02220323159120005,NA,NA,NA
-74.5,-38.5,306,0.017812417320393886,NA,NA,NA
-73.5,-38.5,307,0.0189753073153712,NA,NA,NA
-72.5,-38.5,308,0.017935634150478427,NA,NA,NA
-71.5,-38.5,309,0.02063743845582732,NA,NA,NA
-70.5,-38.5,310,0.019881306389003824,NA,NA,NA
-69.5,-38.5,311,0.020859085782553036,NA,NA,0.014707353515983044
-68.5,-38.5,312,0.01836125712894275,NA,NA,0.01562903127969714
-67.5,-38.5,313,0.02035110154657989,NA,NA,0.016634353448322432
-66.5,-38.5,314,0.02707342160117316,NA,NA,0.020946306478979024
-65.5,-38.5,315,0.02992561479877091,NA,NA,0.021107580856035854
-64.5,-38.5,316,0.032823388044681295,NA,NA,0.021930018609359458
-63.5,-38.5,317,0.036878476995518925,NA,NA,0.023482337161745394
-62.5,-38.5,318,0.040064094508067555,NA,NA,0.02357451239916907
-61.5,-38.5,319,0.04314571196002457,NA,NA,0.02338674776819782
-60.5,-38.5,320,0.04133861241636472,NA,NA,0.02420839438169583
-29.5,-38.5,345,0.06343460339133795,0.03245535420761305,0.022791507923041736,0.033690031819037534
-28.5,-38.5,346,0.0609765008474766,0.029009127763762615,0.017294654581181793,0.03779890679441898
-27.5,-38.5,347,0.03870995678471485,0.019098829538611473,0.011088007834134994,0.02540941318192427
-26.5,-38.5,348,0.03507829669520921,0.016956832996644782,0.010345648749588664,0.024618774644941086
-25.5,-38.5,349,0.03672740112549917,0.018204781578844594,0.01289872033349468,0.025409451783355158
-24.5,-38.5,350,0.03280839015495817,0.017233960105151325,0.017205238931978662,0.023576431253782622
-23.5,-38.5,351,0.02973995108534852,0.01567347416272201,0.01797103431200303,0.021587517085294064
-22.5,-38.5,352,0.022349509587118403,0.012732520429910271,0.013452480367517889,0.016237276339216403
-21.5,-38.5,353,0.01741714728717938,0.00929562361367589,0.011512074061307243,0.01418959277583966
-20.5,-38.5,354,0.0170812588582472,0.008834556334035213,0.00994877720155212,0.012415460864759415
80.5,-38.5,452,0.011975293856957657,NA,NA,0.010732571887519221
81.5,-38.5,453,0.011776881371919576,NA,NA,0.010752079809918921
82.5,-38.5,454,0.011678659618787076,NA,NA,0.0107805698406824
83.5,-38.5,455,0.01065448136758098,NA,NA,0.011173415188837323
84.5,-38.5,456,0.010034301594092824,NA,NA,0.01047412281375344
85.5,-38.5,457,0.010365638326277859,NA,NA,0.009921984153574386
86.5,-38.5,458,0.009762459393306734,NA,NA,0.00970883218115313
87.5,-38.5,459,0.00972912471130828,NA,NA,0.009618133420834197
88.5,-38.5,460,0.009861219595129676,NA,NA,0.009708957241191581
89.5,-38.5,461,0.010127209404834366,NA,NA,0.009792495257133126
-99.5,-37.5,518,0.04507393859110581,NA,NA,0.025802550850928082
-98.5,-37.5,519,0.031912206736844265,NA,NA,0.019637830935527695
-97.5,-37.5,520,0.0318700537487609,NA,NA,0.022396893327796506
-96.5,-37.5,521,0.032511319182843786,NA,NA,0.02416105311234783
-95.5,-37.5,522,0.03386674634153477,NA,NA,0.022753318564097545
-94.5,-37.5,523,0.03410735221344434,NA,NA,0.019547015198864526
-93.5,-37.5,524,0.02632957199418333,NA,NA,0.01738445696122559
-92.5,-37.5,525,0.026228903809756194,NA,NA,0.016869185946908387
-91.5,-37.5,526,0.02423103369526052,NA,NA,0.016372047237606595
-90.5,-37.5,527,0.023488226351360924,NA,NA,0.015017647047591618
-79.5,-37.5,538,0.023425876782723253,NA,NA,NA
-78.5,-37.5,539,0.021295589992834082,NA,NA,NA
-77.5,-37.5,540,0.019580309137379095,NA,NA,NA
-76.5,-37.5,541,0.018762574704617896,NA,NA,NA
-75.5,-37.5,542,0.01770750963294056,NA,NA,NA
-74.5,-37.5,543,0.01761928149372578,NA,NA,NA
-73.5,-37.5,544,0.017385055848600235,NA,NA,NA
-72.5,-37.5,545,0.015939843437294973,NA,NA,NA
-71.5,-37.5,546,0.014087455564689955,NA,NA,NA
-70.5,-37.5,547,0.014175196914545269,NA,NA,NA
-69.5,-37.5,548,0.014743641634064142,NA,NA,0.012772340323428019
-68.5,-37.5,549,0.016206114651200393,NA,NA,0.013603317136645521
-67.5,-37.5,550,0.01794377230056869,NA,NA,0.01579824808947052
-66.5,-37.5,551,0.020208677683597655,NA,NA,0.017691024674993998
-65.5,-37.5,552,0.02156239128725042,NA,NA,0.019188196174186177
-64.5,-37.5,553,0.02396983187582526,NA,NA,0.021986070572005693
-63.5,-37.5,554,0.022984315316240553,NA,NA,0.020889937980980093
-62.5,-37.5,555,0.025125446101909615,NA,NA,0.02069250750457926
-61.5,-37.5,556,0.022419987618464168,NA,NA,0.020718505535343077
-60.5,-37.5,557,0.02486061214561909,NA,NA,0.021147204412849976
-29.5,-37.5,578,0.13379409989476845,0.07588463186471607,0.017790742064008058,0.04023929638860847
-28.5,-37.5,579,0.05207741515084377,0.03254175779436666,0.020904776636234933,0.04113892369145693
-27.5,-37.5,580,0.05622806406397374,0.029505817716334686,0.017157696828878365,0.0371000395705925
-26.5,-37.5,581,0.03432402719294623,0.0185616322884364,0.011213617172468193,0.02528069490753087
-25.5,-37.5,582,0.03562322727004238,0.01834775185807333,0.012710875536617235,0.025728643854969844
-24.5,-37.5,583,0.03396051131466791,0.017521633244859374,0.017087460565606415,0.025239748875899845
-23.5,-37.5,584,0.030416859178050686,0.015386656852468218,0.015835795262655813,0.02374213528034261
-22.5,-37.5,585,0.024476590250551978,0.012274218397393587,0.012479543013334721,0.018729916357062826
-21.5,-37.5,586,0.022353344253511036,0.01174005779146414,0.012351491088767463,0.0199142788222634
-20.5,-37.5,587,0.019722024786960512,0.009414048220070925,0.010370872395780037,0.01599412602796504
80.5,-37.5,687,0.011057943743084586,NA,NA,0.015079557562241797
81.5,-37.5,688,0.011735802351074314,NA,NA,0.012370170682571567
82.5,-37.5,689,0.011836131420081658,NA,NA,0.01207730864049789
83.5,-37.5,690,0.012503979980799433,NA,NA,0.012068495509538575
84.5,-37.5,691,0.013135585888851553,NA,NA,0.011530255656588483
85.5,-37.5,692,0.012764675793778761,NA,NA,0.012585513019270893
86.5,-37.5,693,0.013174601407527119,NA,NA,0.012330224720340307
87.5,-37.5,694,0.01306776824477739,NA,NA,0.011475186766009686
88.5,-37.5,695,0.01325143122696008,NA,NA,0.009713980396547164
89.5,-37.5,696,0.013438620516556223,NA,NA,0.009712472429990297
-99.5,-36.5,753,0.04235066271409166,NA,NA,0.022328693941490625
-98.5,-36.5,754,0.033082193757501155,NA,NA,0.017741527289538785
-97.5,-36.5,755,0.03594207015837839,NA,NA,0.017734352515052492
-96.5,-36.5,756,0.0316692799555523,NA,NA,0.017804024208169393
-95.5,-36.5,757,0.02871663718973893,NA,NA,0.016914473395058634
-94.5,-36.5,758,0.02661012414276204,NA,NA,0.016473170735455116
-93.5,-36.5,759,0.02070948618238179,NA,NA,0.016211270916579413
-92.5,-36.5,760,0.020329593189866813,NA,NA,0.016450016698041605
-91.5,-36.5,761,0.02030607307237242,NA,NA,0.016602777612434977
-90.5,-36.5,762,0.019992178152259642,NA,NA,0.01812091786099071
-79.5,-36.5,773,0.02106334856241104,NA,NA,NA
-78.5,-36.5,774,0.018614077350125522,NA,NA,NA
-77.5,-36.5,775,0.017801848136095078,NA,NA,NA
-76.5,-36.5,776,0.016577863031024008,NA,NA,NA
-75.5,-36.5,777,0.013577864080644398,NA,NA,NA
-74.5,-36.5,778,0.013034030838683977,NA,NA,NA
-73.5,-36.5,779,0.01141243796522979,NA,NA,NA
-72.5,-36.5,780,0.013365881092110751,NA,NA,NA
-71.5,-36.5,781,0.014395524755777428,NA,NA,NA
-70.5,-36.5,782,0.013588166574439963,NA,NA,NA
-69.5,-36.5,783,0.013330504466948214,NA,NA,0.010655614883771225
-68.5,-36.5,784,0.01403093012622989,NA,NA,0.011272736660397784
-67.5,-36.5,785,0.017856092580058595,NA,NA,0.01273421938758028
-66.5,-36.5,786,0.024706722723271037,NA,NA,0.01683144281125371
-65.5,-36.5,787,0.031910700088343076,NA,NA,0.020438073611986563
-64.5,-36.5,788,0.03777388314276886,NA,NA,0.027976722706372973
-63.5,-36.5,789,0.041116075134083115,NA,NA,0.025248802560976964
-62.5,-36.5,790,0.043230709778640235,NA,NA,0.02438305454623459
-61.5,-36.5,791,0.04529358614074745,NA,NA,0.0265361152821749
-60.5,-36.5,792,0.034640392259905346,NA,NA,0.02198359683272754
-29.5,-36.5,813,0.2656082125824871,0.14175423621144487,0.03443100888343069,0.1942278164841896
-28.5,-36.5,814,0.06370789083241203,0.04515593071405536,0.019982280015617932,0.04100148538158526
-27.5,-36.5,815,0.05518413837455932,0.027869794918530814,0.01755465507154182,0.0446477275683216
-26.5,-36.5,816,0.04355684429036895,0.01942445291315566,0.014123253364426814,0.03427900163742343
-25.5,-36.5,817,0.03392008438643821,0.019200342529922733,0.01274667010753305,0.02876928527157271
-24.5,-36.5,818,0.035762162896667164,0.0176712920130471,0.01198559829231915,0.02442043244282528
-23.5,-36.5,819,0.030711137284927355,0.016819170687264975,0.017977596199363975,0.023022634057038444
-22.5,-36.5,820,0.02897840642075935,0.017190579535455983,0.01500584798729035,0.02338755584643976
-21.5,-36.5,821,0.031478178599439785,0.016992521102197837,0.01524356976543772,0.025233128385997308
-20.5,-36.5,822,0.032210561958111575,0.01654384809651335,0.014861198787185214,0.023127063879747382
80.5,-36.5,922,0.009665836623179111,NA,NA,0.011680009394286092
81.5,-36.5,923,0.01003648936380633,NA,NA,0.010198222935985157
82.5,-36.5,924,0.010009012740108065,NA,NA,0.009998485920239704
83.5,-36.5,925,0.010004603610981972,NA,NA,0.009864483443802714
84.5,-36.5,926,0.010069761910009965,NA,NA,0.00998198263004131
85.5,-36.5,927,0.010591241401478995,NA,NA,0.009983888308346534
86.5,-36.5,928,0.010644409504921055,NA,NA,0.010400351270337926
87.5,-36.5,929,0.010703616361859061,NA,NA,0.01100387926305362
88.5,-36.5,930,0.011339278781393966,NA,NA,0.012050127542467601
89.5,-36.5,931,0.01142722016942656,NA,NA,0.011455333579312662
-99.5,-35.5,989,0.033370000325634946,NA,NA,0.01606201893802787
-98.5,-35.5,990,0.03138921188601403,NA,NA,0.01697018404679949
-97.5,-35.5,991,0.034093176443256615,NA,NA,0.019051538705595405
-96.5,-35.5,992,0.03193687045455684,NA,NA,0.021428428043352436
-95.5,-35.5,993,0.027218210109199354,NA,NA,0.02018489267832079
-94.5,-35.5,994,0.02557360130713572,NA,NA,0.017385098191082204
-93.5,-35.5,995,0.01888310836820124,NA,NA,0.01465283271901859
-92.5,-35.5,996,0.018287026523410566,NA,NA,0.012370150793516704
-91.5,-35.5,997,0.017976097120341383,NA,NA,0.011547507410333868
-90.5,-35.5,998,0.018001994276594793,NA,NA,0.012686161320912817
-79.5,-35.5,1009,0.018706890629065567,NA,NA,NA
-78.5,-35.5,1010,0.01754754541898062,NA,NA,NA
-77.5,-35.5,1011,0.017068156120012175,NA,NA,NA
-76.5,-35.5,1012,0.01831826384617198,NA,NA,NA
-75.5,-35.5,1013,0.015671987442794952,NA,NA,NA
-74.5,-35.5,1014,0.01485128086258779,NA,NA,NA
-73.5,-35.5,1015,0.011181420893601869,NA,NA,NA
-72.5,-35.5,1016,0.014010857699478265,NA,NA,NA
-71.5,-35.5,1017,0.013802168438951644,NA,NA,NA
-70.5,-35.5,1018,0.01250047098756062,NA,NA,NA
-69.5,-35.5,1019,0.011720450067706238,NA,NA,0.01138255403738005
-68.5,-35.5,1020,0.01749572720320158,NA,NA,0.013434788228693775
-67.5,-35.5,1021,0.03760172530372185,NA,NA,0.020697913028040065
-66.5,-35.5,1022,0.05857292700504236,NA,NA,0.027294861817037212
-65.5,-35.5,1023,0.05059311630217227,NA,NA,0.029409991226005204
-64.5,-35.5,1024,0.08302421428478039,NA,NA,0.03211978168378248
-63.5,-35.5,1025,0.04689526050385676,NA,NA,0.02844003596210596
-62.5,-35.5,1026,0.07136299066695198,NA,NA,0.03187161303926076
-61.5,-35.5,1027,0.0726927848019905,NA,NA,0.03408304177285519
-60.5,-35.5,1028,0.06637698564603624,NA,NA,0.03716850646248518
-29.5,-35.5,1045,0.19829759378297268,0.04641575026955497,0.06548043740247361,0.1792605967614613
-28.5,-35.5,1046,0.08415738050520098,0.051966169055844245,0.03404538037655299,0.04619484998955805
-27.5,-35.5,1047,0.04761835023304011,0.030578701474510188,0.025598505967155457,0.039991821004329825
-26.5,-35.5,1048,0.031242595614358708,0.020671850178991123,0.013535551800486326,0.06188066143758612
-25.5,-35.5,1049,0.03991066656326052,0.02011524775869269,0.01932263384846734,0.05095881013448553
-24.5,-35.5,1050,0.03690419721105855,0.020435347787100218,0.020073872527961292,0.05892590901096234
-23.5,-35.5,1051,0.03749428475723298,0.01760628164172932,0.018369863434816232,0.024711474060875316
-22.5,-35.5,1052,0.030705715068601702,0.016590594600429477,0.016191208205463405,0.023721978840563637
-21.5,-35.5,1053,0.032226662399738704,0.017560219544382787,0.017773251832595923,0.028629128469797108
-20.5,-35.5,1054,0.02956643673153823,0.015994087702409773,0.01659246322880398,0.02561723983837266
80.5,-35.5,1154,0.01364699002331043,NA,NA,0.011647556037167233
81.5,-35.5,1155,0.01391574170998248,NA,NA,0.011498629013744597
82.5,-35.5,1156,0.01676537231915758,NA,NA,0.011268570978618981
83.5,-35.5,1157,0.017456164758646666,NA,NA,0.010704883352466983
84.5,-35.5,1158,0.017475758209383793,NA,NA,0.0106024484727704
85.5,-35.5,1159,0.01630107083795627,NA,NA,0.010413241362957277
86.5,-35.5,1160,0.016598063273566957,NA,NA,0.01007136067014306
87.5,-35.5,1161,0.01755432666490037,NA,NA,0.010643223509469227
88.5,-35.5,1162,0.015046460841865268,NA,NA,0.011933295233112005
89.5,-35.5,1163,0.01650394682760724,NA,NA,0.010808487927967772
-99.5,-34.5,1221,0.030213151279899073,NA,NA,0.01807512734451143
-98.5,-34.5,1222,0.02861717352806213,NA,NA,0.017980802274373937
-97.5,-34.5,1223,0.026518437216156935,NA,NA,0.017766398334955927
-96.5,-34.5,1224,0.02500998614204631,NA,NA,0.017220637891037414
-95.5,-34.5,1225,0.024263858227116984,NA,NA,0.017244589584078207
-94.5,-34.5,1226,0.022917489973676215,NA,NA,0.018097978765121654
-93.5,-34.5,1227,0.016030852655577004,NA,NA,0.01191257885825876
-92.5,-34.5,1228,0.015380332598161304,NA,NA,0.013250308244768775
-91.5,-34.5,1229,0.014584799699258848,NA,NA,0.01195464277305984
-90.5,-34.5,1230,0.014685492690382471,NA,NA,0.011927970407378235
-79.5,-34.5,1241,0.019700548647256,NA,NA,NA
-78.5,-34.5,1242,0.019817045310465468,NA,NA,NA
-77.5,-34.5,1243,0.01787595821388255,NA,NA,NA
-76.5,-34.5,1244,0.016004159369869493,NA,NA,NA
-75.5,-34.5,1245,0.013234342499046706,NA,NA,NA
-74.5,-34.5,1246,0.01177705932271304,NA,NA,NA
-73.5,-34.5,1247,0.010900304576248139,NA,NA,NA
-72.5,-34.5,1248,0.01215505934639379,NA,NA,NA
-71.5,-34.5,1249,0.01250304603842082,NA,NA,NA
-70.5,-34.5,1250,0.011791869999919297,NA,NA,NA
-69.5,-34.5,1251,0.016206086855790093,NA,NA,0.01185960854293513
-68.5,-34.5,1252,0.024958069158942768,NA,NA,0.012662096090786855
-67.5,-34.5,1253,0.060441760889280285,NA,NA,0.01933383388895495
-66.5,-34.5,1254,0.07502778147606015,NA,NA,0.0252368408884524
-65.5,-34.5,1255,0.052811888917876595,NA,NA,0.026080183449445283
-64.5,-34.5,1256,0.0553908579934238,NA,NA,0.04337223201957795
-60.5,-34.5,1257,0.2404116635709134,NA,NA,0.06878052400898148
-28.5,-34.5,1273,0.06494744757116601,0.029765468576616806,0.02958164443101762,0.04144803208076508
-27.5,-34.5,1274,0.04763659985007418,0.03198960156435195,0.027019647118327512,0.04080439172380935
-26.5,-34.5,1275,0.036518543488629596,0.026796240987553052,0.0260348091543422,0.037965067505764886
-25.5,-34.5,1276,0.028532797488724598,0.018862083529062525,0.018188987506887536,0.026491394410699184
-24.5,-34.5,1277,0.02611734186155306,0.018222565815578184,0.01973746178436376,0.05828324050179139
-23.5,-34.5,1278,0.038346609912850674,0.01940643644083366,0.01773209102181825,0.028148620392000494
-22.5,-34.5,1279,0.03462615697977931,0.018647431252404353,0.016660551758215895,0.022475338886071984
-21.5,-34.5,1280,0.0370972368253148,0.018385382735522187,0.017805384613024007,0.026053594599892458
-20.5,-34.5,1281,0.03518350083061909,0.01732632186554075,0.016450976944364766,0.02439972279205205
80.5,-34.5,1382,0.017291338846521183,NA,NA,0.01607497699206425
81.5,-34.5,1383,0.017356267713367082,NA,NA,0.013189793553559844
82.5,-34.5,1384,0.016869514645887533,NA,NA,0.012641950197036355
83.5,-34.5,1385,0.01772026114127836,NA,NA,0.012945759973444246
84.5,-34.5,1386,0.017768011203949868,NA,NA,0.012581119892288604
85.5,-34.5,1387,0.017273529713920495,NA,NA,0.01235077384107573
86.5,-34.5,1388,0.01733949399987044,NA,NA,0.012442409341280646
87.5,-34.5,1389,0.017993353123969085,NA,NA,0.013030850710203358
88.5,-34.5,1390,0.016190418790970044,NA,NA,0.012403549323783361
89.5,-34.5,1391,0.01613602865387299,NA,NA,0.01410211835870885
-99.5,-33.5,1450,0.025512384157644452,NA,NA,0.014464234957284017
-98.5,-33.5,1451,0.024377144371058725,NA,NA,0.01407452844670717
-97.5,-33.5,1452,0.023990087254131875,NA,NA,0.014459952700066494
-96.5,-33.5,1453,0.022938630705127024,NA,NA,0.014034583840976103
-95.5,-33.5,1454,0.0218611023652084,NA,NA,0.013168805900674863
-94.5,-33.5,1455,0.018310472073931022,NA,NA,0.01152492187726281
-93.5,-33.5,1456,0.015019085981391294,NA,NA,0.009753455023212869
-92.5,-33.5,1457,0.015169361686974192,NA,NA,0.010753088293911446
-91.5,-33.5,1458,0.015501804836746222,NA,NA,0.009989114669760307
-90.5,-33.5,1459,0.015735681693601344,NA,NA,0.011025518579771826
-79.5,-33.5,1470,0.02026273473313223,NA,NA,NA
-78.5,-33.5,1471,0.017421006165952206,NA,NA,NA
-77.5,-33.5,1472,0.016076899800022883,NA,NA,NA
-76.5,-33.5,1473,0.013455252649394145,NA,NA,NA
-75.5,-33.5,1474,0.013561613392991499,NA,NA,NA
-74.5,-33.5,1475,0.012567599736847738,NA,NA,NA
-73.5,-33.5,1476,0.012089011010792574,NA,NA,NA
-72.5,-33.5,1477,0.00987162149516596,NA,NA,NA
-71.5,-33.5,1478,0.012044203061146185,NA,NA,NA
-70.5,-33.5,1479,0.011888877749637662,NA,NA,NA
-69.5,-33.5,1480,0.01718948963876995,NA,NA,0.012804044282463473
-68.5,-33.5,1481,0.04458977552158128,NA,NA,0.013002855370586595
-67.5,-33.5,1482,0.10332834065270899,NA,NA,0.02234686951658413
-66.5,-33.5,1483,0.0668642130476463,NA,NA,0.03777223382579491
-65.5,-33.5,1484,0.0838586572992273,NA,NA,0.02554189324852429
-28.5,-33.5,1496,0.15646481835098638,0.030041166458448055,0.025185279238545404,0.06624592313425365
-27.5,-33.5,1497,0.058027800290272165,0.03630264117814613,0.03369481828513559,0.05315882604441735
-26.5,-33.5,1498,0.04453271259292603,0.0262548486829836,0.026087552172782608,0.03854573501742746
-25.5,-33.5,1499,0.051719638491673436,0.025228261563893586,0.023167539719880746,0.030027862767137294
-24.5,-33.5,1500,0.0333785200415918,0.019240411911436696,0.01941662736772726,0.02341690545886286
-23.5,-33.5,1501,0.02596257634453407,0.0191122500200323,0.01803102127563649,0.020971716405712427
-22.5,-33.5,1502,0.026509677348956,0.01832062272790547,0.01802465447290259,0.02660540211489465
-21.5,-33.5,1503,0.03567107349022952,0.028625428919012864,0.022565766921978706,0.0353936710472261
-20.5,-33.5,1504,0.03162388453617542,0.021539646227023597,0.019600108086681077,0.026712885664021097
80.5,-33.5,1605,0.01723599141828875,NA,NA,0.014507901261150579
81.5,-33.5,1606,0.017066529267423677,NA,NA,0.013923176397700394
82.5,-33.5,1607,0.01675191722634254,NA,NA,0.01366053429584899
83.5,-33.5,1608,0.01535899275005625,NA,NA,0.012612350305224536
84.5,-33.5,1609,0.015178491104468925,NA,NA,0.0121811899466668
85.5,-33.5,1610,0.01552628933750677,NA,NA,0.012649135966122922
86.5,-33.5,1611,0.016080952028210267,NA,NA,0.01180312230468178
87.5,-33.5,1612,0.016184137460198856,NA,NA,0.013268903660130216
88.5,-33.5,1613,0.01528318789569457,NA,NA,0.011798107801205736
89.5,-33.5,1614,0.01499058809919377,NA,NA,0.01207764836618241
-99.5,-32.5,1673,0.018110074501145,NA,NA,0.014972778880329989
-98.5,-32.5,1674,0.017587766820395468,NA,NA,0.015435615621091265
-97.5,-32.5,1675,0.01765520678286011,NA,NA,0.015061040507974096
-96.5,-32.5,1676,0.017996902542621727,NA,NA,0.014693658954445306
-95.5,-32.5,1677,0.013871752946486028,NA,NA,0.011350781881804606
-94.5,-32.5,1678,0.013986763256743948,NA,NA,0.011362546348463422
-93.5,-32.5,1679,0.01394724143586674,NA,NA,0.010185383316019531
-92.5,-32.5,1680,0.013292901668543728,NA,NA,0.009724088277117555
-91.5,-32.5,1681,0.014544332816234164,NA,NA,0.009934181018508645
-90.5,-32.5,1682,0.014747725464269158,NA,NA,0.010473868073501223
-79.5,-32.5,1693,0.014650693900808013,NA,NA,NA
-78.5,-32.5,1694,0.012992718976003133,NA,NA,NA
-77.5,-32.5,1695,0.012988083075859065,NA,NA,NA
-76.5,-32.5,1696,0.013152125290496816,NA,NA,NA
-75.5,-32.5,1697,0.011738531816727961,NA,NA,NA
-74.5,-32.5,1698,0.010212620408663612,NA,NA,NA
-73.5,-32.5,1699,0.009463767188083786,NA,NA,NA
-72.5,-32.5,1700,0.012527768887374734,NA,NA,NA
-71.5,-32.5,1701,0.011405677237464633,NA,NA,NA
-70.5,-32.5,1702,0.02091345537998807,NA,NA,NA
-69.5,-32.5,1703,0.03906320059682536,NA,NA,0.015286222075707493
-68.5,-32.5,1704,0.03831483218976274,NA,NA,0.015556548566964213
-67.5,-32.5,1705,0.05615667243132017,NA,NA,0.01750117681421235
-66.5,-32.5,1706,0.07235933279464118,NA,NA,0.023954137676198056
-65.5,-32.5,1707,0.07942735331350416,NA,NA,0.0276801377323731
-27.5,-32.5,1716,0.14494448881621935,0.03325442116616846,0.058829886833100684,0.05942227877076255
-26.5,-32.5,1717,0.06930934813555921,0.027450404485039704,0.018392579904857945,0.04373363261381408
-25.5,-32.5,1718,0.05353721283979055,0.034590192113971414,0.027267653170528483,0.03840411341549675
-24.5,-32.5,1719,0.03746621079072591,0.02222983553824053,0.018437118870629744,0.02140195273570539
-23.5,-32.5,1720,0.04168854467136467,0.022803736443248235,0.01430022753119484,0.02679686448950932
-22.5,-32.5,1721,0.04127767657802526,0.02267164098634816,0.014965404684686691,0.03039296893438365
-21.5,-32.5,1722,0.03810756573866569,0.025753989003117723,0.025960238473635468,0.028211904980116213
-20.5,-32.5,1723,0.03326256999913181,0.023822538363562865,0.023978185274329926,0.028152373190943433
80.5,-32.5,1824,0.016367562091178848,NA,NA,0.013416514724251398
81.5,-32.5,1825,0.01373148817324809,NA,NA,0.013359204778729908
82.5,-32.5,1826,0.012663954243020581,NA,NA,0.012652164486848215
83.5,-32.5,1827,0.012831535680075671,NA,NA,0.012549492146415191
84.5,-32.5,1828,0.012238518665688022,NA,NA,0.01238172416022736
85.5,-32.5,1829,0.011732084911766805,NA,NA,0.012772046172378676
86.5,-32.5,1830,0.012882658959744208,NA,NA,0.012149781449052384
87.5,-32.5,1831,0.013166195623878071,NA,NA,0.011226994968869423
88.5,-32.5,1832,0.013806834735219105,NA,NA,0.01205199137946693
89.5,-32.5,1833,0.015213680766296787,NA,NA,0.012612350501961562
-99.5,-31.5,1893,0.012043189468472678,NA,NA,0.011612009049816102
-98.5,-31.5,1894,0.011901672423705144,NA,NA,0.01153077164368476
-97.5,-31.5,1895,0.013115789843092416,NA,NA,0.011406710657264943
-96.5,-31.5,1896,0.013392520784266811,NA,NA,0.01296800520698259
-95.5,-31.5,1897,0.013494429652705982,NA,NA,0.012464274858101046
-94.5,-31.5,1898,0.013251196816500211,NA,NA,0.012395100713697215
-93.5,-31.5,1899,0.01318422983098421,NA,NA,0.011338947080472611
-92.5,-31.5,1900,0.01221493156986417,NA,NA,0.010383941539321083
-91.5,-31.5,1901,0.012164815602032007,NA,NA,0.010459066684751139
-90.5,-31.5,1902,0.01211578371333938,NA,NA,0.010851622140539275
-79.5,-31.5,1913,0.01370202071163761,NA,NA,NA
-78.5,-31.5,1914,0.012382599847573734,NA,NA,NA
-77.5,-31.5,1915,0.012062548139960334,NA,NA,NA
-76.5,-31.5,1916,0.012138446573881937,NA,NA,NA
-75.5,-31.5,1917,0.011770627526562279,NA,NA,NA
-74.5,-31.5,1918,0.009716911778045697,NA,NA,NA
-73.5,-31.5,1919,0.010148722549845945,NA,NA,NA
-72.5,-31.5,1920,0.016325310095892262,NA,NA,NA
-71.5,-31.5,1921,0.01820722144513882,NA,NA,NA
-70.5,-31.5,1922,0.034027418600178,NA,NA,NA
-69.5,-31.5,1923,0.04087299684173711,NA,NA,0.014635723678193645
-68.5,-31.5,1924,0.04177569777343845,NA,NA,0.013767718348296184
-67.5,-31.5,1925,0.06880621921193797,NA,NA,0.022600212641947594
-66.5,-31.5,1926,0.06351318820125373,NA,NA,0.030348247560030482
-65.5,-31.5,1927,0.09651861341118614,NA,NA,0.030764519130042318
-26.5,-31.5,1928,0.10050885623912117,0.024656931712490927,0.0322876565447864,0.035924048739977836
-25.5,-31.5,1929,0.07682387062683808,0.034909633060864614,0.026668951234120896,0.04295949935201847
-24.5,-31.5,1930,0.056109626641444074,0.02336694948014368,0.02504287532649071,0.02748954976036328
-23.5,-31.5,1931,0.05530183905779923,0.02427237335793462,0.02360518095161439,0.029251016881106158
-22.5,-31.5,1932,0.047744127392789125,0.02630167017233738,0.014731569347056371,0.03155225324311908
-21.5,-31.5,1933,0.056009336515939825,0.0279611447719156,0.02691374294178572,0.04065567061014715
-20.5,-31.5,1934,0.061690621200761526,0.033435748071016194,0.03150161067010737,0.037103102613974835
80.5,-31.5,2035,0.013192117567960097,NA,NA,0.010254239371307214
81.5,-31.5,2036,0.014285422480020097,NA,NA,0.010240353714131976
82.5,-31.5,2037,0.012776761125679447,NA,NA,0.010362254063182775
83.5,-31.5,2038,0.012585654865353098,NA,NA,0.010978750862572526
84.5,-31.5,2039,0.011956715868069925,NA,NA,0.010126395325176694
85.5,-31.5,2040,0.010379086426672084,NA,NA,0.011967790637138681
86.5,-31.5,2041,0.009778909776660571,NA,NA,0.011993554516467542
87.5,-31.5,2042,0.010336258772594973,NA,NA,0.011600986488970984
88.5,-31.5,2043,0.010747824051773358,NA,NA,0.012183545841562865
89.5,-31.5,2044,0.010960646901703662,NA,NA,0.011697186131540069
-99.5,-30.5,2103,0.011688013633530295,NA,NA,0.012246397490102102
-98.5,-30.5,2104,0.012226952008758145,NA,NA,0.01320476119362823
-97.5,-30.5,2105,0.01228859457211049,NA,NA,0.012253736281207862
-96.5,-30.5,2106,0.012516698981305804,NA,NA,0.011946105270035954
-95.5,-30.5,2107,0.01301225910707992,NA,NA,0.010948318882041027
-94.5,-30.5,2108,0.012703842715945107,NA,NA,0.01062676780234712
-93.5,-30.5,2109,0.012465289196839877,NA,NA,0.010234150100915336
-92.5,-30.5,2110,0.011731112795896528,NA,NA,0.009228457809694677
-91.5,-30.5,2111,0.009558279403970697,NA,NA,0.008827500289673445
-90.5,-30.5,2112,0.009827055526122985,NA,NA,0.00885885342925203
-79.5,-30.5,2123,0.012272040554347774,NA,NA,NA
-78.5,-30.5,2124,0.011448363830927193,NA,NA,NA
-77.5,-30.5,2125,0.009333757235052201,NA,NA,NA
-76.5,-30.5,2126,0.010791033840932171,NA,NA,NA
-75.5,-30.5,2127,0.011296493556966162,NA,NA,NA
-74.5,-30.5,2128,0.012875823041828367,NA,NA,NA
-73.5,-30.5,2129,0.015064758110244667,NA,NA,NA
-72.5,-30.5,2130,0.021103631929536817,NA,NA,NA
-71.5,-30.5,2131,0.036649914973638176,NA,NA,NA
-70.5,-30.5,2132,0.039130475211379516,NA,NA,NA
-69.5,-30.5,2133,0.032609906553136864,NA,NA,0.016859818731066928
-68.5,-30.5,2134,0.04035564759707292,NA,NA,0.016615715915835872
-67.5,-30.5,2135,0.05951145571419736,NA,NA,0.023341339599230095
-66.5,-30.5,2136,0.05842819183093814,NA,NA,0.024071094475998735
-65.5,-30.5,2137,0.06455752427792237,NA,NA,0.03664031487837614
-26.5,-30.5,2138,0.2007749415484078,0.04348708546139301,0.02462359210106479,0.0530781029260528
-25.5,-30.5,2139,0.103697474115024,0.03533515281244493,0.0326479384000573,0.04521981691357327
-24.5,-30.5,2140,0.06235975925975538,0.02554964737230798,0.025049335892124207,0.028044628605419893
-23.5,-30.5,2141,0.03881550049700639,0.016016269943528724,0.019919716175928828,0.023623316339103
-22.5,-30.5,2142,0.05306147492331519,0.022709105764465443,0.022393840639884408,0.029151976032482714
-21.5,-30.5,2143,0.04668818858439134,0.023499360827595864,0.014866564395268343,0.02570177595418462
-20.5,-30.5,2144,0.04230173197568429,0.022018004902394094,0.022037222269217137,0.024271340145064615
80.5,-30.5,2245,0.013091617536801058,NA,NA,0.012240804134131623
81.5,-30.5,2246,0.013099522894083036,NA,NA,0.009619320980823033
82.5,-30.5,2247,0.01024077774349093,NA,NA,0.009029852790077984
83.5,-30.5,2248,0.009350445385831515,NA,NA,0.009633301043048758
84.5,-30.5,2249,0.009200584131411425,NA,NA,0.009224478492643868
85.5,-30.5,2250,0.009633568879089414,NA,NA,0.009175723577012558
86.5,-30.5,2251,0.009172243698022282,NA,NA,0.008235537649541848
87.5,-30.5,2252,0.010209648735923019,NA,NA,0.008408170936860858
88.5,-30.5,2253,0.010685680206935139,NA,NA,0.009028753471675522
89.5,-30.5,2254,0.010827902912783367,NA,NA,0.010107582358840805
-119.5,-29.5,2293,0.04111006753377065,NA,NA,NA
-118.5,-29.5,2294,0.043397151489760165,NA,NA,NA
-117.5,-29.5,2295,0.04262425054132225,NA,NA,NA
-116.5,-29.5,2296,0.045268219716299504,NA,NA,NA
-115.5,-29.5,2297,0.05892305927155884,NA,NA,NA
-114.5,-29.5,2298,0.055196203273361936,NA,NA,NA
-113.5,-29.5,2299,0.054231694514925564,NA,NA,NA
-112.5,-29.5,2300,0.0506254677297233,NA,NA,NA
-111.5,-29.5,2301,0.04915602339677224,NA,NA,NA
-110.5,-29.5,2302,0.04943642056050966,NA,NA,NA
-89.5,-29.5,2323,0.011260273917393126,NA,NA,0.013770995594613401
-88.5,-29.5,2324,0.012656765939979329,NA,NA,0.015119359848764965
-87.5,-29.5,2325,0.012715557518720855,NA,NA,0.013032720310694705
-86.5,-29.5,2326,0.011307560697133673,NA,NA,0.01133583459938297
-85.5,-29.5,2327,0.012169465968494272,NA,NA,0.011018370173373378
-84.5,-29.5,2328,0.011336040659673629,NA,NA,0.011480196806850322
-83.5,-29.5,2329,0.01217509923591292,NA,NA,0.012432750877111627
-82.5,-29.5,2330,0.012698909046875559,NA,NA,0.01446039912852556
-81.5,-29.5,2331,0.010653450369506079,NA,NA,0.012577972362345978
-80.5,-29.5,2332,0.009493919802748187,NA,NA,0.011982143090580454
-79.5,-29.5,2333,0.009252838083354567,NA,NA,0.013627812764269082
-78.5,-29.5,2334,0.01387638033439358,NA,NA,0.011851204683452292
-77.5,-29.5,2335,0.015528742995139342,NA,NA,0.012190827415277283
-76.5,-29.5,2336,0.010983297326044895,NA,NA,0.011481009132580327
-75.5,-29.5,2337,0.010998729485910656,NA,NA,0.01408112553460031
-74.5,-29.5,2338,0.014874078015510012,NA,NA,0.014845252743038405
-73.5,-29.5,2339,0.03210665389776073,NA,NA,0.022274764952822847
-72.5,-29.5,2340,0.034258349012280864,NA,NA,0.011520597826558879
-71.5,-29.5,2341,0.0299847976758355,NA,NA,0.015762610184252374
-70.5,-29.5,2342,0.03396391186797311,NA,NA,0.016479601503762892
-69.5,-29.5,2343,0.03669317928099586,NA,0.013954634088282573,0.04241401843991224
-68.5,-29.5,2344,0.09165148669807645,NA,0.019929530555384004,0.023000846300904983
-67.5,-29.5,2345,0.08825868349236615,NA,0.02251806621618541,0.021730578529498612
-66.5,-29.5,2346,0.10157111684537876,NA,0.029784538548639442,0.025812728338205096
-65.5,-29.5,2347,0.1371250760119629,NA,0.014036555296710062,0.041444935584172296
-26.5,-29.5,2348,0.06315365793997146,NA,0.015426437179197545,0.029610989557491245
-25.5,-29.5,2349,0.15222986482165088,NA,0.02516557055306567,0.06902009446658386
-24.5,-29.5,2350,0.10292605124018751,NA,0.023648960928577677,0.03276209157977027
-23.5,-29.5,2351,0.058543794856144186,NA,0.013042376056229028,0.027045617956459125
-22.5,-29.5,2352,0.03576335901232139,NA,0.01923116717313016,0.025533526945134742
-21.5,-29.5,2353,0.03463651032893896,NA,0.016783944941288004,0.022702413309492672
-20.5,-29.5,2354,0.0389553357752214,NA,0.018522119282996304,0.021825534254014525
70.5,-29.5,2445,0.024698958554214296,NA,NA,NA
71.5,-29.5,2446,0.02278314645994464,NA,NA,NA
72.5,-29.5,2447,0.020635409582945026,NA,NA,NA
73.5,-29.5,2448,0.01977332843186116,NA,NA,NA
74.5,-29.5,2449,0.01743657054684184,NA,NA,NA
75.5,-29.5,2450,0.01786828266533258,NA,NA,NA
76.5,-29.5,2451,0.017390930009902734,NA,NA,NA
77.5,-29.5,2452,0.016811811248169377,NA,NA,NA
78.5,-29.5,2453,0.015580428329791354,NA,NA,NA
79.5,-29.5,2454,0.01458608041662919,NA,NA,NA
-119.5,-28.5,2504,0.07261618270578897,NA,NA,NA
-118.5,-28.5,2505,0.06788885020470821,NA,NA,NA
-117.5,-28.5,2506,0.06748445613016542,NA,NA,NA
-116.5,-28.5,2507,0.06751566932074374,NA,NA,NA
-115.5,-28.5,2508,0.06702432804160417,NA,NA,NA
-114.5,-28.5,2509,0.05623572090454014,NA,NA,NA
-113.5,-28.5,2510,0.05063692055968647,NA,NA,NA
-112.5,-28.5,2511,0.0367210070203276,NA,NA,NA
-111.5,-28.5,2512,0.03381953262312948,NA,NA,NA
-110.5,-28.5,2513,0.033667976211817385,NA,NA,NA
-89.5,-28.5,2534,0.014369491430869883,NA,NA,0.013140641316750086
-88.5,-28.5,2535,0.014859221655602751,NA,NA,0.012318931641058543
-87.5,-28.5,2536,0.012745346814349263,NA,NA,0.012329572944886165
-86.5,-28.5,2537,0.012322674833436692,NA,NA,0.012237557650549563
-85.5,-28.5,2538,0.011382091185763575,NA,NA,0.011481920911787192
-84.5,-28.5,2539,0.010821073728832719,NA,NA,0.01266305428020311
-83.5,-28.5,2540,0.010734867927633812,NA,NA,0.015408655410123128
-82.5,-28.5,2541,0.013044367017599277,NA,NA,0.013631682591265272
-81.5,-28.5,2542,0.010756356360730194,NA,NA,0.011198364658839095
-80.5,-28.5,2543,0.010430715140325064,NA,NA,0.012116244722631045
-79.5,-28.5,2544,0.010304907896336092,NA,NA,0.013663824816175894
-78.5,-28.5,2545,0.011158702105200943,NA,NA,0.01653062310475262
-77.5,-28.5,2546,0.014800205720067362,NA,NA,0.01577164645470423
-76.5,-28.5,2547,0.01966189198204436,NA,NA,0.015006682940177124
-75.5,-28.5,2548,0.02743811474240013,NA,NA,0.012402822686278596
-74.5,-28.5,2549,0.02509569715359793,NA,NA,0.012315723253582775
-73.5,-28.5,2550,0.028657425507873233,NA,NA,0.015065024874445764
-72.5,-28.5,2551,0.029943226588711187,NA,NA,0.016247969000308105
-71.5,-28.5,2552,0.048372746955282875,NA,NA,0.018628600785452
-70.5,-28.5,2553,0.06939158626999566,NA,NA,0.020036051879971095
-69.5,-28.5,2554,0.06159913416033188,NA,0.013393913191380601,0.01851274104154765
-68.5,-28.5,2555,0.08178225025045716,NA,0.018341587420545705,0.021239402776143234
-67.5,-28.5,2556,0.0760299147256475,NA,0.022346981710949794,0.023360181179764874
-66.5,-28.5,2557,0.11895533871014015,NA,0.021293980548297918,0.05786257183504535
-65.5,-28.5,2558,0.0770817090576378,NA,0.04995928672056574,0.04132780226751371
-25.5,-28.5,2559,0.1192673912423606,NA,0.015029647636261197,0.0543787325487782
-24.5,-28.5,2560,0.13699293225329895,NA,0.023821172500282213,0.03663984071292596
-23.5,-28.5,2561,0.06754513498637704,NA,0.020051275312202587,0.025970432133366184
-22.5,-28.5,2562,0.05138462265152745,NA,0.017554200744477277,0.025192460893279287
-21.5,-28.5,2563,0.05421822542924596,NA,0.012895735287605025,0.021979668920308806
-20.5,-28.5,2564,0.053720291407785024,NA,0.012438897980130249,0.02310680281872019
70.5,-28.5,2655,0.028088724605802598,NA,NA,NA
71.5,-28.5,2656,0.029250045440629924,NA,NA,NA
72.5,-28.5,2657,0.02641387618921597,NA,NA,NA
73.5,-28.5,2658,0.019313795100069815,NA,NA,NA
74.5,-28.5,2659,0.018975190123014556,NA,NA,NA
75.5,-28.5,2660,0.02125222190316702,NA,NA,NA
76.5,-28.5,2661,0.019183642576865306,NA,NA,NA
77.5,-28.5,2662,0.01757061525305245,NA,NA,NA
78.5,-28.5,2663,0.017979811599291615,NA,NA,NA
79.5,-28.5,2664,0.019133873520213274,NA,NA,NA
-119.5,-27.5,2714,0.07965963189160863,NA,NA,NA
-118.5,-27.5,2715,0.06550152366267499,NA,NA,NA
-117.5,-27.5,2716,0.06417876153394397,NA,NA,NA
-116.5,-27.5,2717,0.06697235981121899,NA,NA,NA
-115.5,-27.5,2718,0.06228929367878137,NA,NA,NA
-114.5,-27.5,2719,0.060693084754407635,NA,NA,NA
-113.5,-27.5,2720,0.06398372339374926,NA,NA,NA
-112.5,-27.5,2721,0.06501957502590094,NA,NA,NA
-111.5,-27.5,2722,0.06407955767758966,NA,NA,NA
-110.5,-27.5,2723,0.06273254145076936,NA,NA,NA
-89.5,-27.5,2744,0.016530945120100993,NA,NA,0.02376294214628526
-88.5,-27.5,2745,0.01490016846522979,NA,NA,0.023371876679038343
-87.5,-27.5,2746,0.01521530720495756,NA,NA,0.02301146007286679
-86.5,-27.5,2747,0.01587883719858905,NA,NA,0.021846402458756263
-85.5,-27.5,2748,0.01585624727554272,NA,NA,0.01859146741279707
-84.5,-27.5,2749,0.015301828219746903,NA,NA,0.015486247332185017
-83.5,-27.5,2750,0.019309169333573635,NA,NA,0.019435803601098624
-82.5,-27.5,2751,0.025722247232964273,NA,NA,0.016601436845029204
-81.5,-27.5,2752,0.024007870871292605,NA,NA,0.013380342848743591
-80.5,-27.5,2753,0.024768213353538175,NA,NA,0.014854764223305917
-79.5,-27.5,2754,0.025296672140815317,NA,NA,0.013856990408758974
-78.5,-27.5,2755,0.025307283415245276,NA,NA,0.011991226485556372
-77.5,-27.5,2756,0.025482020194828012,NA,NA,0.011770592994171838
-76.5,-27.5,2757,0.027305514753379553,NA,NA,0.015070094531615494
-75.5,-27.5,2758,0.023220457779555503,NA,NA,0.017626618140387868
-74.5,-27.5,2759,0.032750341112712356,NA,NA,0.018604458882875076
-73.5,-27.5,2760,0.04638875405319954,NA,NA,0.022983193832255434
-72.5,-27.5,2761,0.0530220006155058,NA,NA,0.0280218955570957
-71.5,-27.5,2762,0.07122494723774364,NA,NA,0.021098230992075896
-70.5,-27.5,2763,0.06906767591086195,NA,NA,0.02244114581697278
-69.5,-27.5,2764,0.07702864702326324,NA,0.01478492468106866,0.021410580405912365
-68.5,-27.5,2765,0.07747279066715733,NA,0.018576230368756844,0.026879472688587293
-67.5,-27.5,2766,0.07422968502604867,NA,0.025857532040668138,0.02458584200216956
-66.5,-27.5,2767,0.05651512006849307,NA,0.01818483781413226,0.014931054526602176
-26.5,-27.5,2768,0.1102614934776795,NA,0.01149738703121961,0.05454896922365207
-25.5,-27.5,2769,0.22659941094682348,NA,0.022324468985928003,0.05699086348856297
-24.5,-27.5,2770,0.13321390273356332,NA,0.014823003303031367,0.05239728932879314
-23.5,-27.5,2771,0.07398199561794305,NA,0.016063213463340324,0.04022928091967265
-22.5,-27.5,2772,0.05798377845860739,NA,0.011699359727417456,0.033127217204631944
-21.5,-27.5,2773,0.04642036808671967,NA,0.012367518611992518,0.02249845798651967
-20.5,-27.5,2774,0.039878260888250895,NA,0.011094407175302171,0.02034450752582456
70.5,-27.5,2865,0.03103253877626296,NA,NA,NA
71.5,-27.5,2866,0.024244495222065544,NA,NA,NA
72.5,-27.5,2867,0.026850161139624507,NA,NA,NA
73.5,-27.5,2868,0.025854681895412065,NA,NA,NA
74.5,-27.5,2869,0.02735834986238143,NA,NA,NA
75.5,-27.5,2870,0.030807658884193113,NA,NA,NA
76.5,-27.5,2871,0.027349870622878,NA,NA,NA
77.5,-27.5,2872,0.02024147965020291,NA,NA,NA
78.5,-27.5,2873,0.017628025720241337,NA,NA,NA
79.5,-27.5,2874,0.01634605828104512,NA,NA,NA
-119.5,-26.5,2924,0.09249851030069087,NA,NA,NA
-118.5,-26.5,2925,0.08661618794328889,NA,NA,NA
-117.5,-26.5,2926,0.08140812159006147,NA,NA,NA
-116.5,-26.5,2927,0.0751361441864618,NA,NA,NA
-115.5,-26.5,2928,0.08275860358006051,NA,NA,NA
-114.5,-26.5,2929,0.07025237284867168,NA,NA,NA
-113.5,-26.5,2930,0.06519603377912989,NA,NA,NA
-112.5,-26.5,2931,0.05790858222036545,NA,NA,NA
-111.5,-26.5,2932,0.06893270706929949,NA,NA,NA
-110.5,-26.5,2933,0.059973158654337735,NA,NA,NA
-89.5,-26.5,2954,0.02959006233909058,NA,NA,0.012091968290334478
-88.5,-26.5,2955,0.027974144064488473,NA,NA,0.014927556258224272
-87.5,-26.5,2956,0.025870800517621736,NA,NA,0.016258535996573363
-86.5,-26.5,2957,0.02101828119134981,NA,NA,0.014711209562409497
-85.5,-26.5,2958,0.02056691069393963,NA,NA,0.014696667325898855
-84.5,-26.5,2959,0.02139699959404412,NA,NA,0.01956763909489217
-83.5,-26.5,2960,0.02304020241460473,NA,NA,0.023126495475716817
-82.5,-26.5,2961,0.025642677347494848,NA,NA,0.020246666698999972
-81.5,-26.5,2962,0.022606779763256254,NA,NA,0.02123929633564876
-80.5,-26.5,2963,0.021663917897175162,NA,NA,0.025758106819213065
-79.5,-26.5,2964,0.021900781249419014,NA,NA,0.022573885962953
-78.5,-26.5,2965,0.03570694147334023,NA,NA,0.02281633162812463
-77.5,-26.5,2966,0.04451078011365482,NA,NA,0.022639304330613674
-76.5,-26.5,2967,0.04655343177399435,NA,NA,0.02179542811945755
-75.5,-26.5,2968,0.04249304212677902,NA,NA,0.02762700573015688
-74.5,-26.5,2969,0.03687432476634939,NA,NA,0.024544524485410692
-73.5,-26.5,2970,0.04263359187427236,NA,NA,0.022688222271638143
-72.5,-26.5,2971,0.05032442024327544,NA,NA,0.023218189285379182
-71.5,-26.5,2972,0.08131505860258306,NA,NA,0.022738844201206886
-70.5,-26.5,2973,0.06218536288057018,NA,NA,0.01909092557616804
-69.5,-26.5,2974,0.07765961333750464,NA,0.018264505648547348,0.02666239346440428
-68.5,-26.5,2975,0.0605360962384447,NA,0.009993506782259192,0.01736274216185381
-67.5,-26.5,2976,0.06605881057118462,NA,0.01123484824753133,0.02151170187451161
-26.5,-26.5,2977,0.2570854456287616,NA,0.010757810829505172,0.0581743275173981
-25.5,-26.5,2978,0.27475632703311365,NA,0.023312276157191527,0.1102914141581913
-24.5,-26.5,2979,0.16690190039846106,NA,0.015225263114465778,0.0749945032268398
-23.5,-26.5,2980,0.08586036174134716,NA,0.00975064144738811,0.04084528409574215
-22.5,-26.5,2981,0.06422742304377622,NA,0.012317150786323752,0.038119191084111735
-21.5,-26.5,2982,0.05264202281920998,NA,0.010034825080935676,0.03208923764877441
-20.5,-26.5,2983,0.03800974450201882,NA,0.00959564995565071,0.028110788438803457
70.5,-26.5,3074,0.03322667893000955,NA,NA,NA
71.5,-26.5,3075,0.03597189971529496,NA,NA,NA
72.5,-26.5,3076,0.033411388771399604,NA,NA,NA
73.5,-26.5,3077,0.03007026879702775,NA,NA,NA
74.5,-26.5,3078,0.03852393763206191,NA,NA,NA
75.5,-26.5,3079,0.03324551260810556,NA,NA,NA
76.5,-26.5,3080,0.027882321161958087,NA,NA,NA
77.5,-26.5,3081,0.02121983096079194,NA,NA,NA
78.5,-26.5,3082,0.022897275741874043,NA,NA,NA
79.5,-26.5,3083,0.018171394498014484,NA,NA,NA
-119.5,-25.5,3132,0.10595150230219365,NA,NA,NA
-118.5,-25.5,3133,0.09872516874755564,NA,NA,NA
-117.5,-25.5,3134,0.0941355794336944,NA,NA,NA
-116.5,-25.5,3135,0.08971866780321913,NA,NA,NA
-115.5,-25.5,3136,0.08582093924628564,NA,NA,NA
-114.5,-25.5,3137,0.07446733507430377,NA,NA,NA
-113.5,-25.5,3138,0.08153370820038998,NA,NA,NA
-112.5,-25.5,3139,0.08148412103537897,NA,NA,NA
-111.5,-25.5,3140,0.11800555388171143,NA,NA,NA
-110.5,-25.5,3141,0.12087941186243606,NA,NA,NA
-89.5,-25.5,3162,0.1178021497043212,NA,NA,0.026357543940075303
-88.5,-25.5,3163,0.13681747742039338,NA,NA,0.03408186100792127
-87.5,-25.5,3164,0.08062273811730225,NA,NA,0.031481998130969024
-86.5,-25.5,3165,0.0757003526843374,NA,NA,0.03145149632743675
-85.5,-25.5,3166,0.04161020884476043,NA,NA,0.030211752437640363
-84.5,-25.5,3167,0.04068856909152528,NA,NA,0.03388346567845817
-83.5,-25.5,3168,0.044340233007713885,NA,NA,0.04385709664571163
-82.5,-25.5,3169,0.047612669352622136,NA,NA,0.04395989822960369
-81.5,-25.5,3170,0.039229772280249695,NA,NA,0.04265096009307247
-80.5,-25.5,3171,0.03190937962163974,NA,NA,0.04183087892052093
-79.5,-25.5,3172,0.030489304384505787,NA,NA,0.041520616227987805
-78.5,-25.5,3173,0.032933752602947605,NA,NA,0.04045334660607452
-77.5,-25.5,3174,0.03691997185543761,NA,NA,0.03815924947430375
-76.5,-25.5,3175,0.03512420514641312,NA,NA,0.03985412034280931
-75.5,-25.5,3176,0.03279411875230945,NA,NA,0.03753823511947826
-74.5,-25.5,3177,0.03497733611104189,NA,NA,0.027624410337158404
-73.5,-25.5,3178,0.044968698110493525,NA,NA,0.022999047537480947
-72.5,-25.5,3179,0.0537152058009833,NA,NA,0.021645690379160035
-71.5,-25.5,3180,0.06423348791863161,NA,NA,0.02019338937540321
-70.5,-25.5,3181,0.06436628185955527,NA,NA,0.02014068824117072
-69.5,-25.5,3182,0.08907818980757247,NA,0.009123049312499323,0.02527344395881671
-68.5,-25.5,3183,0.09803744315414317,NA,0.010579906134462238,0.02236949321813113
-67.5,-25.5,3184,0.07040299475795336,NA,0.007356496961704708,0.032252084408972516
-26.5,-25.5,3185,0.16400445241134,NA,0.014072273686283216,0.20205730924480456
-25.5,-25.5,3186,0.31365088972863686,NA,0.022990615532329853,0.12703717223933067
-24.5,-25.5,3187,0.16449324827291117,NA,0.015090380122437365,0.07099358190374067
-23.5,-25.5,3188,0.09349851437614717,NA,0.009100978540019183,0.038736780971398044
-22.5,-25.5,3189,0.07947041616196789,NA,0.012140605793182364,0.04427689544502448
-21.5,-25.5,3190,0.05146435331724522,NA,0.008794278016512665,0.034672854304721536
-20.5,-25.5,3191,0.03798280676745174,NA,0.008002696979684186,0.025542559702456485
70.5,-25.5,3282,0.04503339247377749,NA,NA,NA
71.5,-25.5,3283,0.035804127615222184,NA,NA,NA
72.5,-25.5,3284,0.03364085895767337,NA,NA,NA
73.5,-25.5,3285,0.030868412641481047,NA,NA,NA
74.5,-25.5,3286,0.03054441122980375,NA,NA,NA
75.5,-25.5,3287,0.026668451204572733,NA,NA,NA
76.5,-25.5,3288,0.022075647052991025,NA,NA,NA
77.5,-25.5,3289,0.021104117228078822,NA,NA,NA
78.5,-25.5,3290,0.021603775481145834,NA,NA,NA
79.5,-25.5,3291,0.016706590370617315,NA,NA,NA
-119.5,-24.5,3338,0.12983335778481517,NA,NA,NA
-118.5,-24.5,3339,0.12374594850692472,NA,NA,NA
-117.5,-24.5,3340,0.14054402902962296,NA,NA,NA
-116.5,-24.5,3341,0.13021375409344332,NA,NA,NA
-115.5,-24.5,3342,0.09202500057804058,NA,NA,NA
-114.5,-24.5,3343,0.08035358109428897,NA,NA,NA
-113.5,-24.5,3344,0.10377812756611117,NA,NA,NA
-112.5,-24.5,3345,0.116085912354418,NA,NA,NA
-111.5,-24.5,3346,0.13266864060008507,NA,NA,NA
-110.5,-24.5,3347,0.14383951749224283,NA,NA,NA
-89.5,-24.5,3368,0.16921889033919943,NA,NA,0.037697969624520045
-88.5,-24.5,3369,0.09856815438045642,NA,NA,0.03767735004214166
-87.5,-24.5,3370,0.06680642411897514,NA,NA,0.03821162027975409
-86.5,-24.5,3371,0.04981418000225089,NA,NA,0.03615118301706998
-85.5,-24.5,3372,0.038512204893641766,NA,NA,0.03231038217445116
-84.5,-24.5,3373,0.03231117239331535,NA,NA,0.04022369147686941
-83.5,-24.5,3374,0.039201830811450754,NA,NA,0.06773663011266688
-82.5,-24.5,3375,0.04234461177932742,NA,NA,0.07229691742437772
-81.5,-24.5,3376,0.04727991510474102,NA,NA,0.051890005044283725
-80.5,-24.5,3377,0.049968139815374284,NA,NA,0.0417900505195287
-79.5,-24.5,3378,0.03774737572720682,NA,NA,0.03043396013236901
-78.5,-24.5,3379,0.03515500488915202,NA,NA,0.028305894745027576
-77.5,-24.5,3380,0.03384845040352279,NA,NA,0.02711036798161537
-76.5,-24.5,3381,0.0345826520393194,NA,NA,0.028238641793287108
-75.5,-24.5,3382,0.03212713593939602,NA,NA,0.023861142479673476
-74.5,-24.5,3383,0.03946081948632421,NA,NA,0.024825319552831807
-73.5,-24.5,3384,0.054746439226861156,NA,NA,0.018996768326969306
-72.5,-24.5,3385,0.050117127110910605,NA,NA,0.028690016839766307
-71.5,-24.5,3386,0.06855496619660796,NA,NA,0.02120969892608397
-70.5,-24.5,3387,0.07907943860287192,NA,NA,0.021223196300981993
-69.5,-24.5,3388,0.08690894365789689,NA,0.013000926563489022,0.023440078496102308
-68.5,-24.5,3389,0.1345674903546561,NA,0.010172763931255751,0.033563812379075304
-67.5,-24.5,3390,0.07399610917583231,NA,0.00861892278820931,0.019512438346313655
-27.5,-24.5,3391,0.10475995871032573,NA,0.042581556940910044,0.06292006730528628
-26.5,-24.5,3392,0.273259121294905,NA,0.014402010487648775,0.10462821335381581
-25.5,-24.5,3393,0.38501250144035193,NA,0.02266555835880735,0.10469389148770995
-24.5,-24.5,3394,0.20894522248183192,NA,0.01698030751517266,0.1019073905790425
-23.5,-24.5,3395,0.08201981051082945,NA,0.009138152290855508,0.055335933569684255
-22.5,-24.5,3396,0.08501906146110227,NA,0.011074171913294543,0.06483482726088233
-21.5,-24.5,3397,0.06535299817092828,NA,0.008825211113086559,0.042168966849271385
-20.5,-24.5,3398,0.05865907461679735,NA,0.007744170949034492,0.03595903664491738
70.5,-24.5,3489,0.02588982382971046,NA,NA,NA
71.5,-24.5,3490,0.026586802493816678,NA,NA,NA
72.5,-24.5,3491,0.027615142326985316,NA,NA,NA
73.5,-24.5,3492,0.02856224016086857,NA,NA,NA
74.5,-24.5,3493,0.025208785032347192,NA,NA,NA
75.5,-24.5,3494,0.02268215449595095,NA,NA,NA
76.5,-24.5,3495,0.019794341815493364,NA,NA,NA
77.5,-24.5,3496,0.01849164528869565,NA,NA,NA
78.5,-24.5,3497,0.01822131317979657,NA,NA,NA
79.5,-24.5,3498,0.01451472136597954,NA,NA,NA
-119.5,-23.5,3544,0.15498308505107594,NA,NA,NA
-118.5,-23.5,3545,0.15191847672259653,NA,NA,NA
-117.5,-23.5,3546,0.15295292101111188,NA,NA,NA
-116.5,-23.5,3547,0.17601602141580658,NA,NA,NA
-115.5,-23.5,3548,0.16909879787932677,NA,NA,NA
-114.5,-23.5,3549,0.1361434017381029,NA,NA,NA
-113.5,-23.5,3550,0.11751114612792937,NA,NA,NA
-112.5,-23.5,3551,0.12079295596439717,NA,NA,NA
-111.5,-23.5,3552,0.1543705237438091,NA,NA,NA
-110.5,-23.5,3553,0.14675120351908638,NA,NA,NA
-89.5,-23.5,3574,0.050009950211397314,NA,NA,0.06559270803110777
-88.5,-23.5,3575,0.04537494917665499,NA,NA,0.061884963150145376
-87.5,-23.5,3576,0.03881227787171808,NA,NA,0.0591230002103571
-86.5,-23.5,3577,0.03721804737236246,NA,NA,0.06755589864940964
-85.5,-23.5,3578,0.036121578951912134,NA,NA,0.05875095786737249
-84.5,-23.5,3579,0.04188539452620382,NA,NA,0.06369341384559912
-83.5,-23.5,3580,0.05077021624185744,NA,NA,0.07634294396309227
-82.5,-23.5,3581,0.06161943429588357,NA,NA,0.09378533893130353
-81.5,-23.5,3582,0.05249552245323941,NA,NA,0.08267581778896801
-80.5,-23.5,3583,0.054692059972210834,NA,NA,0.06777964961796926
-79.5,-23.5,3584,0.04690368615303671,NA,NA,0.04772996003743964
-78.5,-23.5,3585,0.03456062054850362,NA,NA,0.027014407903180437
-77.5,-23.5,3586,0.03392218172042874,NA,NA,0.02448711912621333
-76.5,-23.5,3587,0.036327859723178514,NA,NA,0.028085233521706925
-75.5,-23.5,3588,0.046277820212554215,NA,NA,0.021045749350664215
-74.5,-23.5,3589,0.04589733817795871,NA,NA,0.01723257515564237
-73.5,-23.5,3590,0.05141336222370081,NA,NA,0.015109624690755318
-72.5,-23.5,3591,0.059146801050066464,NA,NA,0.01903343528572914
-71.5,-23.5,3592,0.07005549680053859,NA,NA,0.02064131347804162
-70.5,-23.5,3593,0.09176195012594048,NA,NA,0.020622700319335777
-69.5,-23.5,3594,0.11514050830291661,NA,0.011263702047660031,0.020922537007167116
-68.5,-23.5,3595,0.2136932947429313,NA,0.011704121982277068,0.03274450896747255
-67.5,-23.5,3596,0.29639783756741084,NA,0.01194717625554784,0.04852567683801744
-66.5,-23.5,3597,0.177104578625678,NA,0.008741809872957472,0.0490358592723809
-28.5,-23.5,3598,0.09226629534115481,NA,0.05022188087768971,0.04149180059700499
-27.5,-23.5,3599,0.27771098474750755,NA,0.046590114509058755,0.07694028910682495
-26.5,-23.5,3600,0.2390159232897654,NA,0.01631601670961953,0.08135502208955268
-25.5,-23.5,3601,0.31876992364472667,NA,0.014392079592642777,0.07819640008096479
-24.5,-23.5,3602,0.162182825485962,NA,0.01431177743197333,0.10936409414689685
-23.5,-23.5,3603,0.15754045706087685,NA,0.020414022433147362,0.09693471656563699
-22.5,-23.5,3604,0.11423182287065532,NA,0.01067750705616142,0.09674665527403072
-21.5,-23.5,3605,0.10804270085643641,NA,0.008805053767088565,0.06124314357711981
-20.5,-23.5,3606,0.094708457411793,NA,0.01153703522104214,0.04926965233377372
70.5,-23.5,3697,0.025723308324424494,NA,NA,NA
71.5,-23.5,3698,0.027184140034067262,NA,NA,NA
72.5,-23.5,3699,0.021280119899407427,NA,NA,NA
73.5,-23.5,3700,0.01865470746538767,NA,NA,NA
74.5,-23.5,3701,0.019035700558391305,NA,NA,NA
75.5,-23.5,3702,0.02029083640796469,NA,NA,NA
76.5,-23.5,3703,0.0190914264521386,NA,NA,NA
77.5,-23.5,3704,0.01688975086047812,NA,NA,NA
78.5,-23.5,3705,0.016686676985510882,NA,NA,NA
79.5,-23.5,3706,0.012258420254504345,NA,NA,NA
-119.5,-22.5,3752,0.21726948887910358,NA,NA,NA
-118.5,-22.5,3753,0.21504524635287176,NA,NA,NA
-117.5,-22.5,3754,0.19278019039299768,NA,NA,NA
-116.5,-22.5,3755,0.1740673614043255,NA,NA,NA
-115.5,-22.5,3756,0.16916040061606874,NA,NA,NA
-114.5,-22.5,3757,0.16480691599567107,NA,NA,NA
-113.5,-22.5,3758,0.16970190529064247,NA,NA,NA
-112.5,-22.5,3759,0.155678129278482,NA,NA,NA
-111.5,-22.5,3760,0.14871208318236304,NA,NA,NA
-110.5,-22.5,3761,0.15390818197883105,NA,NA,NA
-89.5,-22.5,3782,0.055919444616012934,NA,NA,0.053568818140494426
-88.5,-22.5,3783,0.04794863482299496,NA,NA,0.0464977752803292
-87.5,-22.5,3784,0.04788043500023414,NA,NA,0.049581284442255395
-86.5,-22.5,3785,0.04778355915202305,NA,NA,0.05652852174145623
-85.5,-22.5,3786,0.0453417945214911,NA,NA,0.06007413127275386
-84.5,-22.5,3787,0.047558722326907686,NA,NA,0.06601663556197376
-83.5,-22.5,3788,0.05450888741504058,NA,NA,0.07558633290938108
-82.5,-22.5,3789,0.07259294660513387,NA,NA,0.08789618551216923
-81.5,-22.5,3790,0.07808513810096061,NA,NA,0.07150097524236633
-80.5,-22.5,3791,0.07557828999880706,NA,NA,0.05982836828323181
-79.5,-22.5,3792,0.06615710529145832,NA,NA,0.03578056657213122
-78.5,-22.5,3793,0.04356576437028392,NA,NA,0.027229145742201758
-77.5,-22.5,3794,0.036357165556425035,NA,NA,0.024427123416145377
-76.5,-22.5,3795,0.03784664066043908,NA,NA,0.023717455728256873
-75.5,-22.5,3796,0.03826685864575972,NA,NA,0.024888975118859222
-74.5,-22.5,3797,0.04296865561661927,NA,NA,0.024228507402458015
-73.5,-22.5,3798,0.048789789732184466,NA,NA,0.014204507415489925
-72.5,-22.5,3799,0.0788694168787073,NA,NA,0.01896174055307545
-71.5,-22.5,3800,0.10249199078425517,NA,NA,0.020904297921571904
-70.5,-22.5,3801,0.14365583214851532,NA,NA,0.02114201772772986
-69.5,-22.5,3802,0.17448276762508538,NA,0.011158806111790551,0.02089743461223809
-68.5,-22.5,3803,0.24926729272972173,NA,0.010490158857424638,0.033548441530756035
-67.5,-22.5,3804,0.3408064124685099,NA,0.01104765978724775,0.03938165835312565
-66.5,-22.5,3805,0.2890240833297706,NA,0.012385123424098645,0.05540750642300083
-29.5,-22.5,3806,0.2498920186201856,NA,0.14493292476375683,0.10602560909917956
-28.5,-22.5,3807,0.06694071239373621,NA,0.05498988811736907,0.04956271719185061
-27.5,-22.5,3808,0.19896749424595264,NA,0.017810204877400697,0.08194551407390163
-26.5,-22.5,3809,0.18536663862128522,NA,0.012406525036538999,0.10313830620179784
-25.5,-22.5,3810,0.23268666170043859,NA,0.014331546436106608,0.0983449188257323
-24.5,-22.5,3811,0.2408321607543646,NA,0.03070178806599049,0.17678289785168108
-23.5,-22.5,3812,0.17206102280235264,NA,0.014746494265422606,0.12313269067764904
-22.5,-22.5,3813,0.15202068669505295,NA,0.020090325053922598,0.12552294602661682
-21.5,-22.5,3814,0.11376812570065863,NA,0.00854496705582971,0.0809368593744015
-20.5,-22.5,3815,0.11973845672300697,NA,0.007181254318036259,0.0666346809116619
70.5,-22.5,3906,0.02169083446287404,NA,NA,NA
71.5,-22.5,3907,0.01997920062720222,NA,NA,NA
72.5,-22.5,3908,0.019188994421949174,NA,NA,NA
73.5,-22.5,3909,0.019909860902544263,NA,NA,NA
74.5,-22.5,3910,0.019833687434172128,NA,NA,NA
75.5,-22.5,3911,0.018924403581349215,NA,NA,NA
76.5,-22.5,3912,0.01853306537180718,NA,NA,NA
77.5,-22.5,3913,0.019061551232401202,NA,NA,NA
78.5,-22.5,3914,0.014798540101175529,NA,NA,NA
79.5,-22.5,3915,0.012657003867496873,NA,NA,NA
-119.5,-21.5,3961,0.23224535004438654,NA,NA,NA
-118.5,-21.5,3962,0.2542358239574145,NA,NA,NA
-117.5,-21.5,3963,0.32378541242575654,NA,NA,NA
-116.5,-21.5,3964,0.29904198321756653,NA,NA,NA
-115.5,-21.5,3965,0.26009491494280634,NA,NA,NA
-114.5,-21.5,3966,0.1870142026164261,NA,NA,NA
-113.5,-21.5,3967,0.17831128794327694,NA,NA,NA
-112.5,-21.5,3968,0.15809598260069568,NA,NA,NA
-111.5,-21.5,3969,0.164278324097963,NA,NA,NA
-110.5,-21.5,3970,0.16309400316442632,NA,NA,NA
-89.5,-21.5,3991,0.06187145364158732,NA,NA,0.026451972657704048
-88.5,-21.5,3992,0.05811856406234194,NA,NA,0.03643063944548527
-87.5,-21.5,3993,0.057218378336155624,NA,NA,0.04588163534860989
-86.5,-21.5,3994,0.057274994455962416,NA,NA,0.0523848364566702
-85.5,-21.5,3995,0.05689065982962691,NA,NA,0.05736688623370144
-84.5,-21.5,3996,0.05763529392907277,NA,NA,0.05950852559679781
-83.5,-21.5,3997,0.0692334276491598,NA,NA,0.055619953769528004
-82.5,-21.5,3998,0.10287759502749899,NA,NA,0.05079990222592258
-81.5,-21.5,3999,0.1171273513017128,NA,NA,0.046759583221639416
-80.5,-21.5,4000,0.07884277972052905,NA,NA,0.03214967615266005
-79.5,-21.5,4001,0.08390434311840324,NA,NA,0.039574434048326564
-78.5,-21.5,4002,0.06407027826786543,NA,NA,0.04058559557248452
-77.5,-21.5,4003,0.04828624738734635,NA,NA,0.036076375452861464
-76.5,-21.5,4004,0.04270672040826383,NA,NA,0.03094083427607513
-75.5,-21.5,4005,0.044305437787347156,NA,NA,0.01900358451864422
-74.5,-21.5,4006,0.05653717916666776,NA,NA,0.016145610930977494
-73.5,-21.5,4007,0.07002350327366132,NA,NA,0.016968130690101772
-72.5,-21.5,4008,0.10398294502969634,NA,NA,0.02046675500721061
-71.5,-21.5,4009,0.16360275830011156,NA,NA,0.0216573484992946
-70.5,-21.5,4010,0.17421127683071697,NA,NA,0.022246922995464585
-69.5,-21.5,4011,0.15654544121693534,NA,0.01282270927392592,0.019846733988607347
-68.5,-21.5,4012,0.24397195221479706,NA,0.008784160674148656,0.02608908688406577
-67.5,-21.5,4013,0.37752490617781,NA,0.011804224528262984,0.036578685191766956
-66.5,-21.5,4014,0.41248070078187166,NA,0.013500668400151499,0.054246755617540734
-65.5,-21.5,4015,0.16340830213520882,NA,0.005333484295535479,0.0913251729999996
-29.5,-21.5,4017,0.12359064738550582,NA,0.045128365639502656,0.08525101961073227
-28.5,-21.5,4018,0.19381272256478854,NA,0.022457344619789214,0.08108782007821928
-27.5,-21.5,4019,0.2590230408397547,NA,0.01912244173760977,0.11579423810735047
-26.5,-21.5,4020,0.3472200338337307,NA,0.038128857047927595,0.2264969102199736
-25.5,-21.5,4021,0.3088772568862135,NA,0.028808432995072707,0.12053482249886313
-24.5,-21.5,4022,0.33696678324258295,NA,0.021101922846346464,0.25960856545461813
-23.5,-21.5,4023,0.16577322217572868,NA,0.01100718226894386,0.1397742442602284
-22.5,-21.5,4024,0.16611035710404398,NA,0.014983142736846422,0.10094355887174941
-21.5,-21.5,4025,0.150880643719706,NA,0.013324934036910038,0.07103902089793554
-20.5,-21.5,4026,0.14739948615251022,NA,0.010888779121152525,0.06499012660447032
70.5,-21.5,4116,0.021330324288912555,NA,NA,NA
71.5,-21.5,4117,0.021290957856952838,NA,NA,NA
72.5,-21.5,4118,0.019066787117789957,NA,NA,NA
73.5,-21.5,4119,0.020250288299336713,NA,NA,NA
74.5,-21.5,4120,0.018896919043364314,NA,NA,NA
75.5,-21.5,4121,0.01593514359246377,NA,NA,NA
76.5,-21.5,4122,0.016048816419372197,NA,NA,NA
77.5,-21.5,4123,0.015158442248540127,NA,NA,NA
78.5,-21.5,4124,0.013361607431356838,NA,NA,NA
79.5,-21.5,4125,0.013762558893197227,NA,NA,NA
-119.5,-20.5,4170,0.3226911584433226,NA,NA,NA
-118.5,-20.5,4171,0.35611289618381564,NA,NA,NA
-117.5,-20.5,4172,0.4146894851125798,NA,NA,NA
-116.5,-20.5,4173,0.4031974689216277,NA,NA,NA
-115.5,-20.5,4174,0.3620900839286154,NA,NA,NA
-114.5,-20.5,4175,0.27505273105051015,NA,NA,NA
-113.5,-20.5,4176,0.24553960402617156,NA,NA,NA
-112.5,-20.5,4177,0.2529398919777479,NA,NA,NA
-111.5,-20.5,4178,0.22567281791082083,NA,NA,NA
-110.5,-20.5,4179,0.2384991264945446,NA,NA,NA
-89.5,-20.5,4200,0.12218437782487887,NA,NA,0.027417932469541384
-88.5,-20.5,4201,0.09871611753277632,NA,NA,0.02746118334515569
-87.5,-20.5,4202,0.10347954636728038,NA,NA,0.032917100722082746
-86.5,-20.5,4203,0.10477596174035332,NA,NA,0.03457534519503256
-85.5,-20.5,4204,0.09479144039800043,NA,NA,0.037082314179735724
-84.5,-20.5,4205,0.08309881154333633,NA,NA,0.03698099449344195
-83.5,-20.5,4206,0.09226788853866424,NA,NA,0.03832855235942934
-82.5,-20.5,4207,0.1231352820547069,NA,NA,0.04913015803005824
-81.5,-20.5,4208,0.08516641641634638,NA,NA,0.03461821314839134
-80.5,-20.5,4209,0.08193409645836912,NA,NA,0.031274695604465066
-79.5,-20.5,4210,0.07215834692440978,NA,NA,0.03101752378384449
-78.5,-20.5,4211,0.09493943455998616,NA,NA,0.0428469575779136
-77.5,-20.5,4212,0.08749640608675273,NA,NA,0.040974890234779036
-76.5,-20.5,4213,0.0733719359600363,NA,NA,0.033694900120728906
-75.5,-20.5,4214,0.07515393708194114,NA,NA,0.02413458754219841
-74.5,-20.5,4215,0.08737602692114348,NA,NA,0.031130733449911897
-73.5,-20.5,4216,0.12247146679604524,NA,NA,0.022439970554873023
-72.5,-20.5,4217,0.11233024567561214,NA,NA,0.024667601765937103
-71.5,-20.5,4218,0.13327217850189743,NA,NA,0.029681562482840266
-70.5,-20.5,4219,0.17728901546833295,NA,NA,0.025250053278154532
-69.5,-20.5,4220,0.15352733403629826,NA,0.015257029323494549,0.023802490941700314
-68.5,-20.5,4221,0.23086633931544212,NA,0.013590795843616046,0.032335484793212056
-67.5,-20.5,4222,0.35391604058850923,NA,0.018562870004039483,0.10719025048342555
-66.5,-20.5,4223,0.44489776361756084,NA,0.017132524834530767,0.0768569326736992
-65.5,-20.5,4224,0.6197559014625746,NA,0.02125237868509204,0.08624907800966079
-64.5,-20.5,4225,0.3943478502542526,NA,0.016838934523020023,0.08094332307338886
-63.5,-20.5,4226,0.5204158019616161,NA,0.07192163621132737,0.09305710361385992
-62.5,-20.5,4227,0.3849513579232583,NA,0.09001232862144203,0.3078257587105677
-29.5,-20.5,4229,0.18708894628450998,NA,0.021640049222896696,0.09513778180683428
-28.5,-20.5,4230,0.26228570471964924,NA,0.02397222571526171,0.14155204549465553
-27.5,-20.5,4231,0.24924929789896963,NA,0.026310481581994272,0.13501399892769383
-26.5,-20.5,4232,0.30550737896556,NA,0.018011519407171557,0.15515912117998334
-25.5,-20.5,4233,0.24979636338957908,NA,0.029115490627475947,0.12724121921236117
-24.5,-20.5,4234,0.2557199648339156,NA,0.017556010379477998,0.15699000873134655
-23.5,-20.5,4235,0.22193608809150542,NA,0.015919922844488888,0.22393989702659753
-22.5,-20.5,4236,0.20001450232055065,NA,0.013665456314279562,0.12617149752350018
-21.5,-20.5,4237,0.1551930164465845,NA,0.015036515009068559,0.09343898367651518
-20.5,-20.5,4238,0.12780479421401902,NA,0.01165619333840092,0.06870242182763837
70.5,-20.5,4328,0.019584713132011673,NA,NA,NA
71.5,-20.5,4329,0.019069937519024503,NA,NA,NA
72.5,-20.5,4330,0.016578929251867627,NA,NA,NA
73.5,-20.5,4331,0.01582808273511719,NA,NA,NA
74.5,-20.5,4332,0.015058921994689277,NA,NA,NA
75.5,-20.5,4333,0.015721903523204007,NA,NA,NA
76.5,-20.5,4334,0.016918897615227385,NA,NA,NA
77.5,-20.5,4335,0.015272436829915281,NA,NA,NA
78.5,-20.5,4336,0.013849853916000309,NA,NA,NA
79.5,-20.5,4337,0.013414901308119918,NA,NA,NA
-109.5,-19.5,4393,0.24692209987585054,NA,NA,0.027443147260404206
-108.5,-19.5,4394,0.21203712192499563,NA,NA,0.02414200157112653
-107.5,-19.5,4395,0.178617124741605,NA,NA,0.017998045879854863
-106.5,-19.5,4396,0.14233332854180417,NA,NA,0.017352178803019324
-105.5,-19.5,4397,0.17540911980364837,NA,NA,0.016777011366898714
-104.5,-19.5,4398,0.19843451931988293,NA,NA,0.016123866932051683
-103.5,-19.5,4399,0.20126247842285191,NA,NA,0.01523844758622143
-102.5,-19.5,4400,0.2373860042685656,NA,NA,0.0158076495484215
-101.5,-19.5,4401,0.2593414563158361,NA,NA,0.015884144737244015
-100.5,-19.5,4402,0.26587071239425114,NA,NA,0.015667283457135483
-99.5,-19.5,4403,0.25530107917657363,NA,NA,0.016626425968223658
-98.5,-19.5,4404,0.2467929494727215,NA,NA,0.01651486188887475
-97.5,-19.5,4405,0.22971948402440168,NA,NA,0.015854248758953762
-96.5,-19.5,4406,0.22783056740435612,NA,NA,0.01631986322590907
-95.5,-19.5,4407,0.19733401408992415,NA,NA,0.01577448935428252
-94.5,-19.5,4408,0.18191300144594194,NA,NA,0.016325194624240882
-93.5,-19.5,4409,0.17570571018661846,NA,NA,0.021395504791684356
-92.5,-19.5,4410,0.12464976470773997,NA,NA,0.03138929467016461
-91.5,-19.5,4411,0.08660301406530053,NA,NA,0.0308753645084687
-90.5,-19.5,4412,0.07582813231131925,NA,NA,0.030872282950743565
-89.5,-19.5,4413,0.07163310386225923,0.018944894730921136,0.007432942838616773,0.02920762918734726
-88.5,-19.5,4414,0.07652975801675775,0.02086040239999781,0.007502027336063843,0.029587442722867428
-87.5,-19.5,4415,0.10371561804971288,0.022085808095872943,0.007631427358340792,0.031666870996113025
-86.5,-19.5,4416,0.09792619863176331,0.021309788937750956,0.007567037007940606,0.03098530872586127
-85.5,-19.5,4417,0.10807185302868878,0.016042330957862297,0.00767074648253563,0.030979633622359636
-84.5,-19.5,4418,0.14771203719046358,0.01854709862595405,0.009480030642639803,0.036085912022952464
-83.5,-19.5,4419,0.1419472295299305,0.02218474810124668,0.010909658051668799,0.04119341431599467
-82.5,-19.5,4420,0.1806445788455202,0.026141825838749046,0.012949656492211279,0.04944507728975089
-81.5,-19.5,4421,0.12146038438476284,0.018556783869342133,0.009772071304139863,0.03720761318960318
-80.5,-19.5,4422,0.15220977058984117,0.024095627604286095,0.015525765752351643,0.04887853632232682
-79.5,-19.5,4423,0.12413892607548242,0.02357170038825184,0.015586117053905075,0.04946423012420925
-78.5,-19.5,4424,0.082481974788829,0.01816343802496356,0.011934875723808084,0.03526907341310097
-77.5,-19.5,4425,0.14796381946860396,0.028094339816247742,0.016663974844115782,0.048419668670363715
-76.5,-19.5,4426,0.12721564493818494,0.027580530353814692,0.014782638959164035,0.049039863254328186
-75.5,-19.5,4427,0.07988590232453706,0.03148150172703649,0.012765535685018592,0.03629774949348368
-74.5,-19.5,4428,0.08870686080328616,0.02943488703691981,0.012424392171811736,0.0433603887989868
-73.5,-19.5,4429,0.09218693104237324,0.03136749627773409,0.011691902045139554,0.02988760811678139
-72.5,-19.5,4430,0.0909555870616773,0.03570209250605814,0.011736740520030337,0.031235953623315684
-71.5,-19.5,4431,0.09959985860117286,0.03532442174032321,0.011704935169811977,0.0367427662560229
-70.5,-19.5,4432,0.13534001858435887,0.0473479797573596,0.014439078304800686,0.04528006178569151
-69.5,-19.5,4433,0.19774887223040608,0.05596678145994832,0.014032404013768353,0.05378338709170193
-68.5,-19.5,4434,0.2445791462911031,0.06615582513262666,0.017615331997115402,0.04900637912896214
-67.5,-19.5,4435,0.3655453299283192,0.08433577061216815,0.018150549153475956,0.05103369324096472
-66.5,-19.5,4436,0.476575153339839,0.11597248015340654,0.019158512890981066,0.2136906704445644
-65.5,-19.5,4437,0.5075020605859177,0.13810853888698013,0.02253191173131065,0.23864322522644596
-64.5,-19.5,4438,0.5302241764002902,0.1811623297573029,0.026012631329503325,0.16052015631929248
-63.5,-19.5,4439,0.3847452941305988,0.1178204759139445,0.031001957243984194,0.09973513835526386
-62.5,-19.5,4440,0.3069753178150424,0.09136706875248561,0.028039372125750726,0.09124864885930094
-61.5,-19.5,4441,0.2782759956834446,0.09325311395107383,0.03329393595187395,0.15392177320808473
-60.5,-19.5,4442,0.2559543390683687,0.11263372920290801,0.06492211764094685,0.17112271844563387
-59.5,-19.5,4443,0.36775705537518205,0.17829003421915018,0.2650696002074361,0.3321800363972433
-29.5,-19.5,4446,0.3074500935178767,0.06883825750950517,0.028454295895203263,0.2066998174596419
-28.5,-19.5,4447,0.2768474732354562,0.07618300014324123,0.025154627367101442,0.15968006995822773
-27.5,-19.5,4448,0.2904794199262298,0.07396911802829012,0.02794889127687356,0.11541011774576514
-26.5,-19.5,4449,0.27849281675507137,0.06753409208458307,0.03034191122059192,0.16982907637697006
-25.5,-19.5,4450,0.27386651313222593,0.06665258802963332,0.030089143830483236,0.15486289337811734
-24.5,-19.5,4451,0.2692979764534399,0.08118278930902503,0.020686871376043258,0.22136596149246204
-23.5,-19.5,4452,0.2523725795491836,0.06264581262089979,0.016484397322379347,0.21337741498084517
-22.5,-19.5,4453,0.16533307902235048,0.03878256431781795,0.009983269342194935,0.12338581959276007
-21.5,-19.5,4454,0.18025556138769852,0.04333032886481443,0.016695716189299777,0.08737057331017614
-20.5,-19.5,4455,0.1438456818868808,0.0432647592087853,0.015920159519661265,0.09813333248014296
-19.5,-19.5,4456,0.1447382367913188,0.04612703871136377,0.01733746183505537,0.11417150105761098
-18.5,-19.5,4457,0.2010612454876904,0.06852587322982327,0.02837244179052946,0.160278042554637
-17.5,-19.5,4458,0.24587109131131601,0.08934242597548321,0.030961976012812992,0.18870124440583877
-16.5,-19.5,4459,0.3227090834793775,0.1313870384757322,0.04659867149040416,0.1676073655641362
-15.5,-19.5,4460,0.2256084786360879,0.08288918265692051,0.027167805177550415,0.11942815682070905
-14.5,-19.5,4461,0.22336829037155806,0.0794751945593867,0.024816655481335458,0.09396191610081006
-13.5,-19.5,4462,0.2634333157193952,0.1144015929958311,0.0396270928992277,0.2252665923559776
-12.5,-19.5,4463,0.2347623254843515,0.10061449282428721,0.03879791800647692,0.15191373610743977
-11.5,-19.5,4464,0.2211678858365444,0.10406586379478935,0.043877639232152994,0.2800268809563198
-10.5,-19.5,4465,0.2624483276416214,0.1423014172338255,0.06459279820321716,0.29947492940799325
0.5,-19.5,4476,0.23091373794092526,NA,0.018143422402314164,0.12399405742172309
1.5,-19.5,4477,0.19124585001095246,NA,0.02490072693118256,0.14031679957061213
2.5,-19.5,4478,0.1734106744672406,NA,0.013452573665082856,0.12476981817178637
3.5,-19.5,4479,0.12336116211296412,NA,0.014180216002788912,0.12058377840814136
4.5,-19.5,4480,0.11930012126781352,NA,0.026347199766681786,0.1284508336514939
5.5,-19.5,4481,0.16895150458377178,NA,0.03392521542501754,0.19227756625835105
6.5,-19.5,4482,0.14493455017373624,NA,0.02162680359651999,0.15934106672221324
7.5,-19.5,4483,0.12311364569164808,NA,0.013860729078236442,0.08457314659073288
8.5,-19.5,4484,0.14653166585161556,NA,0.020387831882911614,0.10061788671157605
9.5,-19.5,4485,0.1430214332714134,NA,0.026764839025845717,0.10771785136242898
20.5,-19.5,4496,0.134278137428225,0.09876455961434867,0.022813258618842563,0.06260275167861623
21.5,-19.5,4497,0.17853881941809674,0.137912322089374,0.029479104935514977,0.08412250381219463
22.5,-19.5,4498,0.17355442282138026,0.1257815180364351,0.027115748009176828,0.08863449156081683
23.5,-19.5,4499,0.15428311017166613,0.10165536276455757,0.022092473248885955,0.0659654285844403
24.5,-19.5,4500,0.1493004699103601,0.08845061413149131,0.020287038557186176,0.05859738804293862
25.5,-19.5,4501,0.1199281739903552,0.06668553905060906,0.016129542673813568,0.04405806556552026
26.5,-19.5,4502,0.1215220318227461,0.07112143084900699,0.016481189443075746,0.04723208656713821
27.5,-19.5,4503,0.1195245796900571,0.06936761507357436,0.01678808089866318,0.053522967200605884
28.5,-19.5,4504,0.12576226760646667,0.08087297491708907,0.020919437484497896,0.05591695309177939
29.5,-19.5,4505,0.14327196042729143,0.08760343269239247,0.023951142444526074,0.07415679337882464
40.5,-19.5,4516,0.3300431248622403,0.1392021670550645,0.038204060274323735,0.1296339645581495
41.5,-19.5,4517,0.2935434301908575,0.11202153382077205,0.03878958658801909,0.10562056711999517
42.5,-19.5,4518,0.2232737163958967,0.06879642207090936,0.022337078584029665,0.060515883123713025
43.5,-19.5,4519,0.20850855726062958,0.07027432418307183,0.022639696479993938,0.05849855934854075
44.5,-19.5,4520,0.20165655382733752,0.06412776389013246,0.019696317864662867,0.05857695184138536
45.5,-19.5,4521,0.14617789121032065,0.05781964468570967,0.01709727941473571,0.05244658661257293
46.5,-19.5,4522,0.08140852268287661,0.04015415461249926,0.013017519936726544,0.03627845219003055
47.5,-19.5,4523,0.0910184484355558,0.04682577749671191,0.0144323193436916,0.030203174579021257
48.5,-19.5,4524,0.0845969286523069,0.03898689797507409,0.01404977587159027,0.02826670572433944
49.5,-19.5,4525,0.08277011662728131,0.042890022564465634,0.017351793181120758,0.03155787605460148
50.5,-19.5,4526,0.07322166890970985,0.04083682970058716,NA,0.02435069643951286
51.5,-19.5,4527,0.06370356442880393,0.03341032592385923,NA,0.021655098247936284
52.5,-19.5,4528,0.06427394677232627,0.03172239118195182,NA,0.02242082585711171
53.5,-19.5,4529,0.05997271707280692,0.03234806555591725,NA,0.019940016261454075
54.5,-19.5,4530,0.049622480562159246,0.02761299791390394,NA,0.01857273465054736
55.5,-19.5,4531,0.05486791874680667,0.028424106320889167,NA,0.018699747038823916
56.5,-19.5,4532,0.048429108128452913,0.026319496978474032,NA,0.015199067907632037
57.5,-19.5,4533,0.039152136361744624,0.024791662638990023,NA,0.015468705119759589
58.5,-19.5,4534,0.041451902434635285,0.024969229481479244,NA,0.01526358056927179
59.5,-19.5,4535,0.039259930504990416,0.024173463606936545,NA,0.015392727147105866
70.5,-19.5,4546,0.019969336620872698,NA,NA,NA
71.5,-19.5,4547,0.018342843501138725,NA,NA,NA
72.5,-19.5,4548,0.017821985684642782,NA,NA,NA
73.5,-19.5,4549,0.017897953156635196,NA,NA,NA
74.5,-19.5,4550,0.01578829735861622,NA,NA,NA
75.5,-19.5,4551,0.01815271351364798,NA,NA,NA
76.5,-19.5,4552,0.016200810308914525,NA,NA,NA
77.5,-19.5,4553,0.014963669209393274,NA,NA,NA
78.5,-19.5,4554,0.015816116700004712,NA,NA,NA
79.5,-19.5,4555,0.014781006734798102,NA,NA,NA
80.5,-19.5,4556,0.012085513123884362,NA,NA,0.00886055060985388
81.5,-19.5,4557,0.011834076529357874,NA,NA,0.008935106200508912
82.5,-19.5,4558,0.011618301197858548,NA,NA,0.008935106200508912
83.5,-19.5,4559,0.011364293966263653,NA,NA,0.009167716409577498
84.5,-19.5,4560,0.01205171608995837,NA,NA,0.009908706054096755
85.5,-19.5,4561,0.013553078561563674,NA,NA,0.0106461426543772
86.5,-19.5,4562,0.013432984173982672,NA,NA,0.010335706635284258
87.5,-19.5,4563,0.013184949492382044,NA,NA,0.010187433025387578
88.5,-19.5,4564,0.013012371172958616,NA,NA,0.010237342035500276
89.5,-19.5,4565,0.012170432875447846,NA,NA,0.009919878956777265
90.5,-19.5,4566,0.01231308419551432,NA,0.010206792993336607,0.008798392196827395
91.5,-19.5,4567,0.0123476131860964,NA,0.009513456408234758,0.00909381127996967
92.5,-19.5,4568,0.011174453073232171,NA,0.010295041982774495,0.009753997647330587
93.5,-19.5,4569,0.011516484409898822,NA,0.010619397875104976,0.010352243549096935
94.5,-19.5,4570,0.01173475181058249,NA,0.009561811365256233,0.010257886185296371
95.5,-19.5,4571,0.01237280313476662,NA,0.009372598527559945,0.00969210020683303
96.5,-19.5,4572,0.013767487694966201,NA,0.009473713792453691,0.009754095807474026
97.5,-19.5,4573,0.013673936363869536,NA,0.009480203533086862,0.009655420102901416
98.5,-19.5,4574,0.014935270120199011,NA,0.010760679423073214,0.010283096377107918
99.5,-19.5,4575,0.016108623067315923,NA,0.009386483364783472,0.010732060508591526
-109.5,-18.5,4611,0.25300331703601403,NA,NA,0.01748081815367874
-108.5,-18.5,4612,0.24982071576174272,NA,NA,0.016143093226970842
-107.5,-18.5,4613,0.19156235560494528,NA,NA,0.014741553036602285
-106.5,-18.5,4614,0.18713840930187928,NA,NA,0.015117307618683302
-105.5,-18.5,4615,0.17241332940419213,NA,NA,0.014809582252606954
-104.5,-18.5,4616,0.17687946423742143,NA,NA,0.015240984474307166
-103.5,-18.5,4617,0.1785461711242446,NA,NA,0.015559769541707288
-102.5,-18.5,4618,0.21849395054695328,NA,NA,0.017690935960309375
-101.5,-18.5,4619,0.2560091182393154,NA,NA,0.019171831987472705
-100.5,-18.5,4620,0.25142107987068224,NA,NA,0.019295685827731127
-99.5,-18.5,4621,0.1799413619277356,NA,NA,0.01742579308146242
-98.5,-18.5,4622,0.17957043765844924,NA,NA,0.017962440029872333
-97.5,-18.5,4623,0.18080305992768292,NA,NA,0.017935916395231337
-96.5,-18.5,4624,0.15704942401231353,NA,NA,0.019156059075485555
-95.5,-18.5,4625,0.1383506258212463,NA,NA,0.02070899122946115
-94.5,-18.5,4626,0.13223860403477813,NA,NA,0.02215368873069289
-93.5,-18.5,4627,0.11600728391734301,NA,NA,0.02223253245020071
-92.5,-18.5,4628,0.09284469531869324,NA,NA,0.022162910255677917
-91.5,-18.5,4629,0.09083470279761809,NA,NA,0.021537454021948798
-90.5,-18.5,4630,0.09985757294245258,NA,NA,0.022957690178674536
-89.5,-18.5,4631,0.09946299492873648,0.019318871247059687,0.009847548366398565,0.022612276396900093
-88.5,-18.5,4632,0.09230485246721304,0.022694696497428765,0.007335082374341339,0.024881557191925453
-87.5,-18.5,4633,0.08084856099499656,0.021418260727749508,0.009968077098888658,0.022415202282179955
-86.5,-18.5,4634,0.08281068915880345,0.024285237016776134,0.010199315905807143,0.022057262461771865
-85.5,-18.5,4635,0.10118051305155797,0.0256520676260974,0.01097915798266503,0.02397039949585477
-84.5,-18.5,4636,0.10488586575302072,0.03135508339182754,0.01234511307399304,0.029009375260239067
-83.5,-18.5,4637,0.1279954385294052,0.03933463274342555,0.015733928874927163,0.0397840376470599
-82.5,-18.5,4638,0.126460066521493,0.036105921919522624,0.015980971214755384,0.03849939906908984
-81.5,-18.5,4639,0.1452755419662472,0.03712101746977017,0.01559365334212834,0.03876425325600734
-80.5,-18.5,4640,0.16042754195944328,0.041266217521307776,0.016649258329621476,0.041969963633034936
-79.5,-18.5,4641,0.16654647871149894,0.0419361173419613,0.016368471414961963,0.04723636315136965
-78.5,-18.5,4642,0.12427057119223042,0.02710985223628558,0.011823655485191367,0.03560175921601438
-77.5,-18.5,4643,0.11312927897359647,0.03649681201631695,0.013193620097636914,0.05299125485590758
-76.5,-18.5,4644,0.15248433729092742,0.05009011579223471,0.016226841944015417,0.055545278776938024
-75.5,-18.5,4645,0.16998639231826754,0.05102455994111595,0.01541521339090738,0.05129780873777029
-74.5,-18.5,4646,0.1872756885217038,0.050820303534058316,0.014505175378523272,0.04964250452136028
-73.5,-18.5,4647,0.35550296777340357,0.056192517209472104,0.014600517528690096,0.06780272342613206
-72.5,-18.5,4648,0.16282791216142434,0.06114247201301372,0.015152844083182473,0.05072933196270398
-71.5,-18.5,4649,0.1472789631098122,0.060586467389769715,0.017090098327496386,0.05247934121638136
-70.5,-18.5,4650,0.14398711265426306,0.064985022066895,0.01668199855973436,0.03898807021169408
-69.5,-18.5,4651,0.20036614514794626,0.0828056967360095,0.018894609759981508,0.04792140009273011
-68.5,-18.5,4652,0.25439612085738245,0.11443284672789972,0.012710111215116731,0.08375022333894526
-67.5,-18.5,4653,0.3276477515071672,0.1419067765387855,0.023600410764020346,0.07417858773025794
-66.5,-18.5,4654,0.4134017750411832,0.15065127590676253,0.023402125365263787,0.1514251814961094
-65.5,-18.5,4655,0.41997018930046043,0.12915116267490534,0.015994815501938413,0.14872755722671105
-64.5,-18.5,4656,0.4289688422833935,0.14583897898730652,0.01862264686555874,0.1865149059646145
-63.5,-18.5,4657,0.48909611163113903,0.1576377025524775,0.023657894041146616,0.24558470472573754
-62.5,-18.5,4658,0.4360210392974157,0.16118430336951559,0.02527568779865574,0.33684683943596816
-61.5,-18.5,4659,0.2507606016482559,0.1042422327785836,0.01852152060661583,0.15835309446867807
-60.5,-18.5,4660,0.4753847180136502,0.09887359308688627,0.03291342486252177,0.13197702591817845
-59.5,-18.5,4661,0.13942146390627297,0.08689053741745137,0.03371750317026883,0.13570058946310762
-58.5,-18.5,4662,0.22719991095488215,0.08393679474849815,0.04042890702957188,0.21177895865181542
-29.5,-18.5,4667,0.34742745300026406,0.10531997995317724,0.02792914379909756,0.2630441490970424
-28.5,-18.5,4668,0.2974530592550687,0.09645246790738,0.023102882639199115,0.2151108720068872
-27.5,-18.5,4669,0.2443178584368511,0.0850277654495642,0.01783581523100882,0.1647695957457112
-26.5,-18.5,4670,0.23670418812420355,0.07084234264760218,0.017916929260046458,0.15146302943262818
-25.5,-18.5,4671,0.22907569590991886,0.07493871786128135,0.021557369218334534,0.17012524394216505
-24.5,-18.5,4672,0.2253935798951108,0.07200986655637864,0.014500021325950636,0.17106489266542135
-23.5,-18.5,4673,0.22621657517500024,0.08618106423665105,0.015268480854155563,0.18290889134669905
-22.5,-18.5,4674,0.2116181369132343,0.08313593321286264,0.017101958009144772,0.2100740805875445
-21.5,-18.5,4675,0.2019592810650203,0.07137201708043174,0.021409449266201832,0.13076412161892748
-20.5,-18.5,4676,0.21143708325962565,0.08660292267153512,0.024966692175107053,0.1364168329850526
-19.5,-18.5,4677,0.19408453766562664,0.06694294738590506,0.02401190056308186,0.12334255949051741
-18.5,-18.5,4678,0.1936175339229508,0.06975449588203848,0.024899414897828587,0.089478035276686893
-17.5,-18.5,4679,0.2500007475117088,0.10195497130643852,0.028589983371871772,0.16466856405140867
-16.5,-18.5,4680,0.26445642270967085,0.1084452257001357,0.027347117057185247,0.1372932654616232
-15.5,-18.5,4681,0.2794201531878023,0.0981136562992845,0.037578334098691796,0.14694243086506203
-14.5,-18.5,4682,0.29412049140340624,0.0995802154569255,0.04220355766410439,0.18270868869325899
-13.5,-18.5,4683,0.27417515692046196,0.1058603990788558,0.042760932277007425,0.21476344739895564
-12.5,-18.5,4684,0.33246902650489363,0.13010865477280725,0.031660249426477445,0.2650043061517797
-11.5,-18.5,4685,0.2762041178276711,0.12606675983185678,0.046507916764023084,0.33936871980509403
-10.5,-18.5,4686,0.3395126204421582,0.2129523166911039,0.06707740948255969,0.4928382121116351
0.5,-18.5,4697,0.16823177952021015,NA,0.023928259351017753,0.1849501310498037
1.5,-18.5,4698,0.1768044212368179,NA,0.0224009340691767,0.2015251985895525
2.5,-18.5,4699,0.16330046767810583,NA,0.01873888570150738,0.15628751886334466
3.5,-18.5,4700,0.1364826421809313,NA,0.018948938261101677,0.1312213632322704
4.5,-18.5,4701,0.15549333048599484,NA,0.01886693367010372,0.1534132946454148
5.5,-18.5,4702,0.1839284307288071,NA,0.04223511155050261,0.21696001906742743
6.5,-18.5,4703,0.1552831418711232,NA,0.03830728226401468,0.16944487157181637
7.5,-18.5,4704,0.18223599388498127,NA,0.031721106051195415,0.1423118632473457
8.5,-18.5,4705,0.16181461589043464,NA,0.03197776307616662,0.1212669321875462
9.5,-18.5,4706,0.17748356441674942,NA,0.0447966776372357,0.14772381172296806
20.5,-18.5,4717,0.14019059230567105,0.11375274951506024,0.038205209810810076,0.10911186015483956
21.5,-18.5,4718,0.14917528428446108,0.11081213530255854,0.034256669037879627,0.09103568933928172
22.5,-18.5,4719,0.13754509323152944,0.09990820300209184,0.031067960085453733,0.07343596051031465
23.5,-18.5,4720,0.14021244729350957,0.10232019144254152,0.028162398247194288,0.07196530318074283
24.5,-18.5,4721,0.14873241418749722,0.08841151968894358,0.020401146635933783,0.05940522001082717
25.5,-18.5,4722,0.17505139594194427,0.10595070104268456,0.027671261096485412,0.08688671915610902
26.5,-18.5,4723,0.19723667175010703,0.1211534683184156,0.03202552407969472,0.10969992526403682
27.5,-18.5,4724,0.12791642294062372,0.09011219758198838,0.029186458462488903,0.1249736770384632
28.5,-18.5,4725,0.1344597564802262,0.09429832766619017,0.03257205288319498,0.13441708354424073
29.5,-18.5,4726,0.1579123180065883,0.10133412243973594,0.03270933899811194,0.15923080664343592
40.5,-18.5,4737,0.23174145948733077,0.08958741677062808,0.03659095538906033,0.09128676145539572
41.5,-18.5,4738,0.17738886509420104,0.08712571823429315,0.03286752083793562,0.08286263029731326
42.5,-18.5,4739,0.15383053783956402,0.08342883873752427,0.03416618898136349,0.07050132196192281
43.5,-18.5,4740,0.13081301904114404,0.08949523663213606,0.03909932725447937,0.08589124307151773
44.5,-18.5,4741,0.14392324161895584,0.0851628880000944,0.03259004868948672,0.07048340433921814
45.5,-18.5,4742,0.1346565710026989,0.07567136797076575,0.03020030315824508,0.06295535630070052
46.5,-18.5,4743,0.09994010950550769,0.053391918582261194,0.021211085166890558,0.041912899318930275
47.5,-18.5,4744,0.09607223830795203,0.055227768776210065,0.024514549017840316,0.04276750750220575
48.5,-18.5,4745,0.08662633513740141,0.051826419130198594,0.019925418541566566,0.03840921892889024
49.5,-18.5,4746,0.08097431597642847,0.053239299092384215,0.018415573560209463,0.037158954293104146
50.5,-18.5,4747,0.06368727875094542,0.04035349336559076,NA,0.027495433869291003
51.5,-18.5,4748,0.05813805438668014,0.03604496778775995,NA,0.028824161327221477
52.5,-18.5,4749,0.054993233851831365,0.03733324531796699,NA,0.03136040541491772
53.5,-18.5,4750,0.05465308294133163,0.03113652182764736,NA,0.0264301753683133
54.5,-18.5,4751,0.05099153840787994,0.02868191096400585,NA,0.024012621577552216
55.5,-18.5,4752,0.04934014494911318,0.030675358263820108,NA,0.020328738316219612
56.5,-18.5,4753,0.04923139166858511,0.03001377465898394,NA,0.018532018156152432
57.5,-18.5,4754,0.04494653949394283,0.027899197723869732,NA,0.017688978659274837
58.5,-18.5,4755,0.04226075195235854,0.02742514256989907,NA,0.017354824826007226
59.5,-18.5,4756,0.041089555748884024,0.025212670817526282,NA,0.01588786913085874
70.5,-18.5,4767,0.018558933164558658,NA,NA,NA
71.5,-18.5,4768,0.017016148086204393,NA,NA,NA
72.5,-18.5,4769,0.016363054766324707,NA,NA,NA
73.5,-18.5,4770,0.016342184170691908,NA,NA,NA
74.5,-18.5,4771,0.017095956532475517,NA,NA,NA
75.5,-18.5,4772,0.01631798529612912,NA,NA,NA
76.5,-18.5,4773,0.015955733262840572,NA,NA,NA
77.5,-18.5,4774,0.015344931364232544,NA,NA,NA
78.5,-18.5,4775,0.016197331638398513,NA,NA,NA
79.5,-18.5,4776,0.016853193534320708,NA,NA,NA
80.5,-18.5,4777,0.012660906795441554,NA,NA,0.009122519359609865
81.5,-18.5,4778,0.012965878794028366,NA,NA,0.009383046813459694
82.5,-18.5,4779,0.012296269545531265,NA,NA,0.010527137572150822
83.5,-18.5,4780,0.013821060487469915,NA,NA,0.010395928786292578
84.5,-18.5,4781,0.013059319466929767,NA,NA,0.010619767852579445
85.5,-18.5,4782,0.012859672387605572,NA,NA,0.010209699400023026
86.5,-18.5,4783,0.012415588461854535,NA,NA,0.009031509345642787
87.5,-18.5,4784,0.011979114066797601,NA,NA,0.008605176630587527
88.5,-18.5,4785,0.010557209380710536,NA,NA,0.008639094922021992
89.5,-18.5,4786,0.010490477950655872,NA,NA,0.008776141566550285
90.5,-18.5,4787,0.011242608155039687,NA,0.008866711326336346,0.008829913260118729
91.5,-18.5,4788,0.011034698409351633,NA,0.008802791899197313,0.008790325771216755
92.5,-18.5,4789,0.011488997876872348,NA,0.008838586571328475,0.008759480538672012
93.5,-18.5,4790,0.01416035287422963,NA,0.009248047064243637,0.008942538928493055
94.5,-18.5,4791,0.01419938450414206,NA,0.00925015652655868,0.00920453781100484
95.5,-18.5,4792,0.015315820125632585,NA,0.009315853947151143,0.009345844713874339
96.5,-18.5,4793,0.016822843595885352,NA,0.009320441242267708,0.00953770363290687
97.5,-18.5,4794,0.017927914452351465,NA,0.009537107329263711,0.009800642028326666
98.5,-18.5,4795,0.01577917279767572,NA,0.009644709722845073,0.010661902463292527
99.5,-18.5,4796,0.015807716157346545,NA,0.010020083068297563,0.010691865198434592
-109.5,-17.5,4832,0.22958112942451336,NA,NA,0.023127158495596743
-108.5,-17.5,4833,0.2181122618003292,NA,NA,0.020151786951903294
-107.5,-17.5,4834,0.21240880174623633,NA,NA,0.020990884552720024
-106.5,-17.5,4835,0.21901499327951052,NA,NA,0.020138530871025805
-105.5,-17.5,4836,0.20542736235644404,NA,NA,0.019262657833389242
-104.5,-17.5,4837,0.20743699862644677,NA,NA,0.019700751705332652
-103.5,-17.5,4838,0.20531566290359773,NA,NA,0.0175852304797838
-102.5,-17.5,4839,0.1948500371110069,NA,NA,0.017726715894149096
-101.5,-17.5,4840,0.1926156365521944,NA,NA,0.017824484009818415
-100.5,-17.5,4841,0.20859282435441268,NA,NA,0.017502272023341925
-99.5,-17.5,4842,0.19608826325537845,NA,NA,0.018052232892183676
-98.5,-17.5,4843,0.1850182648101572,NA,NA,0.017478890310695543
-97.5,-17.5,4844,0.1729301572144839,NA,NA,0.01718196902992315
-96.5,-17.5,4845,0.17575612146906214,NA,NA,0.01687438784255907
-95.5,-17.5,4846,0.162718727794284,NA,NA,0.01634913848723383
-94.5,-17.5,4847,0.13830987910457399,NA,NA,0.016526577316077647
-93.5,-17.5,4848,0.12393371521437271,NA,NA,0.01657346695565918
-92.5,-17.5,4849,0.09590183178910373,NA,NA,0.01635415144587116
-91.5,-17.5,4850,0.0978710955730133,NA,NA,0.016341426984790255
-90.5,-17.5,4851,0.07690479398463462,NA,NA,0.016901490563953948
-89.5,-17.5,4852,0.08152411516139998,0.023587027264779098,0.010981397045579776,0.017127421291974705
-88.5,-17.5,4853,0.0811587024413441,0.024314205802919958,0.01081076920125384,0.017432959627570584
-87.5,-17.5,4854,0.08646510140798142,0.02745055127457039,0.011920343617017267,0.018638335071846823
-86.5,-17.5,4855,0.09882399933647719,0.02622703009264006,0.01174849025568953,0.017411757944552384
-85.5,-17.5,4856,0.11558604339535838,0.0350514694454844,0.014481622034577044,0.020110728673177085
-84.5,-17.5,4857,0.15372258465491023,0.04740655949490963,0.012762310132738633,0.022785778753402805
-83.5,-17.5,4858,0.1802489567259021,0.05022091492181452,0.0205756714593228,0.024967194569357275
-82.5,-17.5,4859,0.1569835238574891,0.05141554826107714,0.020257667230548684,0.023993303619422347
-81.5,-17.5,4860,0.15820612081975427,0.05947669767326657,0.019720777719637515,0.026918443478640232
-80.5,-17.5,4861,0.14104484125893482,0.05797507378762029,0.0199867652769175,0.026881261764826758
-79.5,-17.5,4862,0.16851261779523607,0.0608018903257198,0.02302328145618896,0.03270504446625056
-78.5,-17.5,4863,0.11889027896338998,0.04734958603335727,0.016658751713692164,0.026554220879148042
-77.5,-17.5,4864,0.12576601321461447,0.04640631112450553,0.016493438556096123,0.025241193528803968
-76.5,-17.5,4865,0.21916398949062055,0.06907241964016728,0.023347600935487944,0.036624457967750795
-75.5,-17.5,4866,0.21827832169895536,0.0678566101596019,0.020960254151376694,0.03182259273923214
-74.5,-17.5,4867,0.24258115097207059,0.07087887379940369,0.02103587817031896,0.03656047617164115
-73.5,-17.5,4868,0.26506242183225226,0.08241704008706498,0.021000066595438193,0.1304585978389778
-72.5,-17.5,4869,0.2515201622810299,0.08019927919755229,0.018219491732264968,0.05411807774901127
-71.5,-17.5,4870,0.2322758054392553,0.07615989465871889,0.01753750686606975,0.054449087913699394
-70.5,-17.5,4871,0.22317831831711749,0.09184665223412375,0.01764762965184004,0.07440578227347008
-69.5,-17.5,4872,0.23153233880090768,0.09494501584582042,0.015993321332936225,0.0660874640795442
-68.5,-17.5,4873,0.3293131664768732,0.13509491807781923,0.01838628544669019,0.1682813353130759
-67.5,-17.5,4874,0.29070863088541765,0.1527870149645157,0.019596672811314997,0.24925212867970267
-66.5,-17.5,4875,0.3830847259904648,0.1661578733909808,0.015342489460975562,0.3609236540831405
-65.5,-17.5,4876,0.4395269033128451,0.18057487461261207,0.022344987967388295,0.39965559251601107
-64.5,-17.5,4877,0.5272277297752538,0.17871236286304362,0.027756649476532287,0.4196017484494392
-63.5,-17.5,4878,0.5289220601896222,0.1758862628820693,0.031060496732253973,0.3344658575906364
-62.5,-17.5,4879,0.48559961724205597,0.18844939190669782,0.03700370868810732,0.3143062111377718
-61.5,-17.5,4880,0.5460656474073906,0.20996070244625503,0.038122045940030776,0.26156456826808094
-60.5,-17.5,4881,0.2978826402666093,0.13354339826681336,0.05318910874343514,0.16602422141709125
-59.5,-17.5,4882,0.4668440790175368,0.13862681326505283,0.06039988593449736,0.22807171478917612
-58.5,-17.5,4883,0.13549214894666867,0.11612034572123872,0.03240395188020348,0.10706997928856792
-29.5,-17.5,4889,0.3538020481073819,0.14221520460128392,0.023074148947712963,0.3765611076194052
-28.5,-17.5,4890,0.3911271609247003,0.15219715455725713,0.04784150463038031,0.3763199991181606
-27.5,-17.5,4891,0.27998610435326077,0.09689657903413847,0.02154748586674721,0.24966572865287015
-26.5,-17.5,4892,0.22589770345907,0.07820142408790504,0.017611316077976134,0.20611986087873616
-25.5,-17.5,4893,0.21488330197150685,0.07815345427230129,0.024701098904156664,0.14748782446811265
-24.5,-17.5,4894,0.21700746613217664,0.0797407535126693,0.024702496340039837,0.14773718081112308
-23.5,-17.5,4895,0.21599493373256998,0.08135462810777475,0.0260361641899672,0.22205217590877604
-22.5,-17.5,4896,0.1997802277299042,0.08290089008919707,0.017636950471940742,0.2326902979498641
-21.5,-17.5,4897,0.19639210031453724,0.0754939249924503,0.023623639261395903,0.1559939605594896
-20.5,-17.5,4898,0.20300202182310925,0.08088840474930863,0.030390316903257227,0.13296279584755483
-19.5,-17.5,4899,0.20420401511392325,0.07685751244128353,0.03176112075390649,0.1012701919687105
-18.5,-17.5,4900,0.20842315588306937,0.07799295148509872,0.03276971509445342,0.12891818188083656
-17.5,-17.5,4901,0.2217333079324431,0.08410162432569578,0.032361282931337894,0.14517081841938373
-16.5,-17.5,4902,0.2606588859211361,0.10568836001414675,0.04288382616759349,0.13293698854933317
-15.5,-17.5,4903,0.24654594622075626,0.10007304558193117,0.046606215741122475,0.12162154094816843
-14.5,-17.5,4904,0.32614581075313614,0.1345439988304274,0.06072282569914505,0.16484887982637994
-13.5,-17.5,4905,0.3443586729402576,0.1539950955615023,0.05716774936811284,0.17454804052584227
-12.5,-17.5,4906,0.29062964068799824,0.1972166525299502,0.04898648341480919,0.2869620227221305
-11.5,-17.5,4907,0.38560213536687665,0.2975451144741867,0.11859210239178579,0.4085261164915154
-10.5,-17.5,4908,0.2845322146032102,0.19894939575304757,0.07834773355823221,0.2850766972822312
0.5,-17.5,4919,0.25233854968671443,NA,0.06463006926848915,0.24682434937567432
1.5,-17.5,4920,0.16984843537071168,NA,0.05704701877452666,0.19971605065425432
2.5,-17.5,4921,0.20223289556799007,NA,0.05353214165532385,0.18777453974302377
3.5,-17.5,4922,0.1838828364814827,NA,0.03275340643703996,0.15678415886911126
4.5,-17.5,4923,0.14828992739927405,NA,0.029358674707025852,0.14280768360601584
5.5,-17.5,4924,0.13585449999540566,NA,0.04367468515550371,0.14826898910710853
6.5,-17.5,4925,0.1373477894510633,NA,0.048274639662021314,0.14009699644201695
7.5,-17.5,4926,0.18920602349184776,NA,0.04205453327600126,0.11789968958177655
8.5,-17.5,4927,0.13799838538462553,NA,0.048052784344277295,0.12447574354449503
9.5,-17.5,4928,0.18287303821594159,NA,0.05334815778534365,0.14081782939450904
20.5,-17.5,4939,0.17260507469895017,0.09622841202379931,0.04547683825073787,0.0994961269420648
21.5,-17.5,4940,0.17276599835753528,0.09784948332246386,0.043695405432506225,0.08567970813721179
22.5,-17.5,4941,0.13896311951206838,0.07727899515702413,0.03367051477424942,0.07110989619836637
23.5,-17.5,4942,0.12364889500444277,0.06997088023327329,0.030993721855615698,0.06930235449702978
24.5,-17.5,4943,0.16986110349706124,0.10114793931180127,0.04178188239813244,0.11824982694818056
25.5,-17.5,4944,0.21597872991142952,0.14621057309538085,0.04953073380265306,0.20045662256594865
26.5,-17.5,4945,0.20879931999716816,0.11704180495422753,0.06555066753475416,0.29937427137030975
27.5,-17.5,4946,0.15215194999897794,0.09826805292468445,0.05610557869900633,0.19875654732417758
28.5,-17.5,4947,0.17746619734218488,0.0937434186570993,0.048909104123229706,0.22017788350795522
29.5,-17.5,4948,0.14844696227519263,0.11765380183138795,0.03390443128764113,0.28031784571601254
40.5,-17.5,4958,0.15017903883677544,0.10390011392800996,0.05576719141610419,0.08211710248230417
41.5,-17.5,4959,0.12307076681506472,0.09084477144800915,0.05917659292587914,0.0794419147121739
42.5,-17.5,4960,0.13863732983283658,0.0987541408924107,0.05404982450915079,0.07178713711880373
43.5,-17.5,4961,0.13982894537711477,0.09836737686687369,0.052235954683882424,0.08390932986408764
44.5,-17.5,4962,0.1527449317189264,0.11068996187202652,0.044356697359362506,0.09313379834968162
45.5,-17.5,4963,0.16157722072242842,0.10371880163375115,0.04149143921191347,0.0902917801182581
46.5,-17.5,4964,0.13702581737947025,0.08082090867107149,0.03185541171087023,0.05704617319397873
47.5,-17.5,4965,0.14632525176873626,0.08857171955269098,0.03472753899444224,0.06540419587370973
48.5,-17.5,4966,0.10985734412723196,0.07532165316746967,0.030536702753898366,0.056153605461173914
49.5,-17.5,4967,0.09674823384808294,0.06445135258250227,0.028405751144804144,0.049334373853435406
50.5,-17.5,4968,0.06750764077317314,0.04685074758904528,NA,0.03521610341563914
51.5,-17.5,4969,0.06086893626316135,0.04063584449920925,NA,0.031215904880132504
52.5,-17.5,4970,0.05785879030419382,0.03833776944620878,NA,0.028013475660463662
53.5,-17.5,4971,0.0661368686051981,0.043279555393991274,NA,0.03154393257787749
54.5,-17.5,4972,0.05152571085955638,0.03435429383999939,NA,0.02501936275075529
55.5,-17.5,4973,0.05061995501563126,0.03152203912717633,NA,0.021569096621275128
56.5,-17.5,4974,0.04865922794751479,0.031067460464283433,NA,0.019046573746914784
57.5,-17.5,4975,0.040821596911387176,0.029547725612625426,NA,0.018606639150736185
58.5,-17.5,4976,0.039557649983372106,0.026179814466928842,NA,0.017353785544760324
59.5,-17.5,4977,0.037896269563639486,0.025305625192697925,NA,0.016969417894596606
70.5,-17.5,4988,0.017049625502483283,NA,NA,NA
71.5,-17.5,4989,0.01592629703852166,NA,NA,NA
72.5,-17.5,4990,0.01530759510348854,NA,NA,NA
73.5,-17.5,4991,0.01574115206968549,NA,NA,NA
74.5,-17.5,4992,0.016982459130775774,NA,NA,NA
75.5,-17.5,4993,0.017059661660507874,NA,NA,NA
76.5,-17.5,4994,0.014071032435912116,NA,NA,NA
77.5,-17.5,4995,0.014322365134587907,NA,NA,NA
78.5,-17.5,4996,0.01709577228028376,NA,NA,NA
79.5,-17.5,4997,0.01679826667742801,NA,NA,NA
80.5,-17.5,4998,0.014254259844536812,NA,NA,0.010855092778600372
81.5,-17.5,4999,0.015006147006414556,NA,NA,0.010622812875556034
82.5,-17.5,5000,0.01382721603980634,NA,NA,0.010316133274655541
83.5,-17.5,5001,0.013511908250100865,NA,NA,0.010205084817576832
84.5,-17.5,5002,0.013419114310390619,NA,NA,0.009281163343393708
85.5,-17.5,5003,0.012220659791360044,NA,NA,0.008909675013664721
86.5,-17.5,5004,0.010658004640343928,NA,NA,0.008780381483561358
87.5,-17.5,5005,0.010528446669819773,NA,NA,0.008762905608300698
88.5,-17.5,5006,0.010724675529928522,NA,NA,0.008846030951557867
89.5,-17.5,5007,0.010930631694148377,NA,NA,0.008881999870532176
90.5,-17.5,5008,0.011340193007037265,NA,0.008889998595060022,0.008973565906974344
91.5,-17.5,5009,0.012563600887485331,NA,0.009001926371711754,0.008973565906974344
92.5,-17.5,5010,0.014665972097159365,NA,0.009003666808322286,0.008973565906974344
93.5,-17.5,5011,0.015332629137854607,NA,0.009057717976085013,0.009030694086986169
94.5,-17.5,5012,0.015966897900552144,NA,0.009075496373365625,0.00918540857398438
95.5,-17.5,5013,0.01748240223224846,NA,0.009473294672111329,0.009462633517795641
96.5,-17.5,5014,0.016796670824285653,NA,0.009712606323881766,0.009713741525175925
97.5,-17.5,5015,0.016763847222959965,NA,0.009816698348754234,0.010432075573487134
98.5,-17.5,5016,0.015190875127434205,NA,0.009540982170925057,0.010783411187843804
99.5,-17.5,5017,0.01755040924188103,NA,0.011594807880783351,0.011954107581647553
-109.5,-16.5,5051,0.2305440000687361,NA,NA,0.023074519322575128
-108.5,-16.5,5052,0.23076646767183456,NA,NA,0.022863944613645968
-107.5,-16.5,5053,0.2285372008919409,NA,NA,0.023245084680430163
-106.5,-16.5,5054,0.19477355209943448,NA,NA,0.023021661111353432
-105.5,-16.5,5055,0.19701358487130047,NA,NA,0.021981262146525692
-104.5,-16.5,5056,0.2133521589259646,NA,NA,0.022204735712628366
-103.5,-16.5,5057,0.20003684844104405,NA,NA,0.023481228202844637
-102.5,-16.5,5058,0.1982021165178817,NA,NA,0.02150453408953692
-101.5,-16.5,5059,0.18793041632272098,NA,NA,0.021130130122470104
-100.5,-16.5,5060,0.21216540159984046,NA,NA,0.02193992041053024
-99.5,-16.5,5061,0.19030882018467193,NA,NA,0.02141657492107261
-98.5,-16.5,5062,0.16536796068569445,NA,NA,0.02190169024963788
-97.5,-16.5,5063,0.16359168053213857,NA,NA,0.0219660727470721
-96.5,-16.5,5064,0.13046833681227005,NA,NA,0.02039176130700549
-95.5,-16.5,5065,0.11895015586508731,NA,NA,0.019850571203460888
-94.5,-16.5,5066,0.08463879920305199,NA,NA,0.01997316750767479
-93.5,-16.5,5067,0.08255262408338437,NA,NA,0.01931459709196378
-92.5,-16.5,5068,0.08153965817773301,NA,NA,0.018867200441552587
-91.5,-16.5,5069,0.08745924130978004,NA,NA,0.01949535626502763
-90.5,-16.5,5070,0.08911678679952109,NA,NA,0.020143775312727274
-89.5,-16.5,5071,0.08448353010766355,0.03073020993793252,0.013996010477403358,0.021700975146591982
-88.5,-16.5,5072,0.08382438025539503,0.03149706848777459,0.014107265139753307,0.019140073610376486
-87.5,-16.5,5073,0.11699413774698356,0.044754986082136704,0.017924960348573223,0.020668009532370305
-86.5,-16.5,5074,0.12692361733571314,0.04861121722165322,0.019345051753601957,0.022953481048472224
-85.5,-16.5,5075,0.12386316378777339,0.04841298688872578,0.02021179796869732,0.023999117622680418
-84.5,-16.5,5076,0.179648796029541,0.07034347497910039,0.02783136711975069,0.03736361028896425
-83.5,-16.5,5077,0.16618022749682806,0.07190460855659413,0.027783588948092044,0.03595321055137203
-82.5,-16.5,5078,0.2003820424351666,0.08315450007624067,0.029992962802295065,0.03792027147456888
-81.5,-16.5,5079,0.20735451473186575,0.08388146776518195,0.03063864044519823,0.0404198960833773
-80.5,-16.5,5080,0.23725101950672728,0.08946245996421884,0.020497401173718018,0.03823070560472492
-79.5,-16.5,5081,0.17192051960824994,0.06528415675799072,0.021279532376930595,0.0253903798133649
-78.5,-16.5,5082,0.15711370828448243,0.05765161349357863,0.017490491292211387,0.022315401531624188
-77.5,-16.5,5083,0.262444446015505,0.08387584787309071,0.022210724456491717,0.035424386720643325
-76.5,-16.5,5084,0.24937609188753324,0.08395442720894733,0.022726699676027404,0.040707531331514925
-75.5,-16.5,5085,0.2685575646294352,0.08194655139625177,0.020462945254754932,0.03741814629886338
-74.5,-16.5,5086,0.26715771477051886,0.08309563170309081,0.020526347930278157,0.03406023733110611
-73.5,-16.5,5087,0.2872402763673693,0.09896622975976704,0.021247537672836415,0.033784345975770715
-72.5,-16.5,5088,0.28397676959602297,0.1047534772745442,0.022240235607241168,0.04570633655384116
-71.5,-16.5,5089,0.28206178457146347,0.09780371415850199,0.0207735660439895,0.055151789678343464
-70.5,-16.5,5090,0.2928100651905335,0.10518532264083319,0.020477436158844096,0.06740567555712801
-69.5,-16.5,5091,0.2810042921107922,0.10548241183563989,0.01960732653239467,0.10858412330606042
-68.5,-16.5,5092,0.2774914548067081,0.10106123485519676,0.018100672896668404,0.1643063209290591
-67.5,-16.5,5093,0.4337486368614561,0.1455617054713969,0.02461748390569414,0.27870333582875384
-66.5,-16.5,5094,0.502742052921772,0.16637304285245175,0.018099084684258866,0.39845249039705966
-65.5,-16.5,5095,0.5358778305799718,0.19210116420894147,0.020758159152870482,0.47559422673321217
-64.5,-16.5,5096,0.5674233860534408,0.19949136897620495,0.027709072100981235,0.4919916218959313
-63.5,-16.5,5097,0.5621042393337191,0.18103721901089617,0.035845438211767104,0.6019966411680165
-62.5,-16.5,5098,0.6144843590584277,0.17196751960861867,0.04357793985286762,0.5546742166100067
-61.5,-16.5,5099,0.5690083461592291,0.16378992255988867,0.047363865220428944,0.5277524660298567
-60.5,-16.5,5100,0.5971596670528535,0.20286530251438722,0.07243818004922617,0.5128768167441378
-59.5,-16.5,5101,0.48121740634099064,0.20399464257576425,0.11737579594337749,0.3503404999396122
-58.5,-16.5,5102,0.40014371422777717,0.14572927365971172,0.078247013541985,0.2069122257687764
-57.5,-16.5,5103,0.2558160663271076,0.22639284622800876,0.05861583362523017,0.17436521104456112
-29.5,-16.5,5111,0.41259144092707195,0.19834438250902678,0.06017619312054789,0.44102609503653223
-28.5,-16.5,5112,0.39567813438254384,0.16941598426783377,0.0351087625936164,0.42599591357315175
-27.5,-16.5,5113,0.311033811735401,0.10883642361256834,0.030880217388370514,0.30522421946934236
-26.5,-16.5,5114,0.27345173277327833,0.11550432630930228,0.03238707781582569,0.25632869882298154
-25.5,-16.5,5115,0.27565323951453585,0.10603464200677815,0.030791198254686,0.22521058360653623
-24.5,-16.5,5116,0.2564751781971171,0.10458983852247698,0.021391243794986105,0.2064931429606126
-23.5,-16.5,5117,0.2712041226168495,0.09649371792764518,0.033496607683224204,0.22892709518768226
-22.5,-16.5,5118,0.26133824417042867,0.08718317436189588,0.03885501921008246,0.19460983665108433
-21.5,-16.5,5119,0.2910151829171004,0.09878901547272066,0.03678996129609481,0.1493083343609815
-20.5,-16.5,5120,0.2945699471968487,0.10852742727455314,0.025538868211259006,0.1520549729576274
-19.5,-16.5,5121,0.24146290604103673,0.10634645855553651,0.03885511180500037,0.11596216646008146
-18.5,-16.5,5122,0.2510027551582788,0.10632836981592797,0.0426219922349671,0.15480169056964083
-17.5,-16.5,5123,0.27035392930216734,0.10554795362215313,0.04419475246675598,0.134687493245914
-16.5,-16.5,5124,0.23635343595049702,0.12209155442633961,0.05772372349076085,0.14104477584151215
-15.5,-16.5,5125,0.3068842329508149,0.15460186493851816,0.07249372776198684,0.17146680186778532
-14.5,-16.5,5126,0.34238573714917614,0.18433040253657837,0.09489312404488516,0.2626502416738782
-13.5,-16.5,5127,0.3752307072409215,0.21335012983267873,0.13314107393522673,0.2905214433990579
-11.5,-16.5,5128,0.36518430291735077,0.20871111876567827,0.12714094055856856,0.39828323786756975
-10.5,-16.5,5129,0.33690775826117303,0.21010121323382613,0.14308503350495486,0.26114348527661374
0.5,-16.5,5139,0.36865227695125424,NA,0.06651387726212254,0.2850641881391889
1.5,-16.5,5140,0.16793900382835616,NA,0.06146429455131569,0.16979233014509101
2.5,-16.5,5141,0.17423296771065652,NA,0.06064201372528587,0.1819860770962042
3.5,-16.5,5142,0.130825585174643,NA,0.07020147601536388,0.1232970982988292
4.5,-16.5,5143,0.12579437584706218,NA,0.05982654249037921,0.19529281881033617
5.5,-16.5,5144,0.12765825458025076,NA,0.06454851754783704,0.13615417133466653
6.5,-16.5,5145,0.1278094664104177,NA,0.05795320686046178,0.1187108999736512
7.5,-16.5,5146,0.1439016297189549,NA,0.05971249887063534,0.13311267332236731
8.5,-16.5,5147,0.14578203153174352,NA,0.05745016261914324,0.13138901754452734
9.5,-16.5,5148,0.12476971620052663,NA,0.05046278579484564,0.12714719807909494
20.5,-16.5,5159,0.17550423372654667,0.07607027181361926,0.042673672988809135,0.09049722774120013
21.5,-16.5,5160,0.17601546952849392,0.07427507740060525,0.044967481532929926,0.08849855262446875
22.5,-16.5,5161,0.19765685552123063,0.07118081522625118,0.04334148493661951,0.08813891655850661
23.5,-16.5,5162,0.21497994952969193,0.08932714221026601,0.06588828827430426,0.11555956070195655
24.5,-16.5,5163,0.21366292518805374,0.09314060435132772,0.060862418528410636,0.13428363970794863
25.5,-16.5,5164,0.2050583974205955,0.09757149107624224,0.067462308307805,0.16989480778185545
26.5,-16.5,5165,0.1956446254552263,0.09498633813779238,0.047915682132201654,0.17326304135250792
27.5,-16.5,5166,0.181993192977644,0.1037032340556539,0.04484557830097912,0.18856909917585377
28.5,-16.5,5167,0.1347960225242969,0.08067239212653719,0.056437670141900424,0.16155477430801163
29.5,-16.5,5168,0.21474947327560168,0.1012096553861643,0.04357908966172845,0.2800366310262308
40.5,-16.5,5179,0.13745895626449278,0.12576964275014527,0.06293877903327284,0.10711050528946561
41.5,-16.5,5180,0.13679672062725656,0.12290285304388095,0.06426216598473859,0.10254430030830665
42.5,-16.5,5181,0.13781622884003403,0.10915436781560396,0.06016336036568214,0.0943187860781981
43.5,-16.5,5182,0.19409052173643207,0.13476413472571253,0.07571616526829479,0.10944113513853264
44.5,-16.5,5183,0.14928537608646752,0.10320862240682897,0.05745484954092461,0.0742424901244851
45.5,-16.5,5184,0.14810460991723093,0.09686497772470115,0.05547897411650066,0.0792504260458143
46.5,-16.5,5185,0.1386631553922111,0.08888069122732602,0.04218364031709318,0.08166740427621895
47.5,-16.5,5186,0.12957372295190414,0.0852678714151337,0.038673984573566925,0.06318101129975244
48.5,-16.5,5187,0.13074306437329594,0.08769334398694968,0.03130914029651469,0.05374383758620376
49.5,-16.5,5188,0.07288860016231698,0.056558877939202404,0.024368441966449977,0.040371284482379755
50.5,-16.5,5189,0.058922441419121195,0.04673556735884047,NA,0.03762499743832353
51.5,-16.5,5190,0.05666742062585024,0.03974943717594291,NA,0.02992307186539957
52.5,-16.5,5191,0.055006658042099345,0.037022308261569055,NA,0.028138358427626835
53.5,-16.5,5192,0.05279807888051587,0.03550929931376267,NA,0.0258495744115912
54.5,-16.5,5193,0.05112019892745259,0.03454747987908428,NA,0.02330587537224249
55.5,-16.5,5194,0.04557992222356765,0.03212098833676641,NA,0.023564685906140755
56.5,-16.5,5195,0.04377814326262689,0.029044341547820176,NA,0.017778243049828637
57.5,-16.5,5196,0.03551204898748841,0.027045946153843346,NA,0.01570144980953373
58.5,-16.5,5197,0.0346551174189079,0.02504050699363743,NA,0.015028769315868681
59.5,-16.5,5198,0.034145425206917414,0.023025387010006327,NA,0.014706423268945296
70.5,-16.5,5209,0.017304610173736468,NA,NA,NA
71.5,-16.5,5210,0.016852599878796448,NA,NA,NA
72.5,-16.5,5211,0.015629010470188127,NA,NA,NA
73.5,-16.5,5212,0.016404379628436053,NA,NA,NA
74.5,-16.5,5213,0.01678567638652348,NA,NA,NA
75.5,-16.5,5214,0.01592647918233562,NA,NA,NA
76.5,-16.5,5215,0.0136275204567952,NA,NA,NA
77.5,-16.5,5216,0.014067635765648519,NA,NA,NA
78.5,-16.5,5217,0.014364620363344571,NA,NA,NA
79.5,-16.5,5218,0.016843806201701412,NA,NA,NA
80.5,-16.5,5219,0.014446260025893679,NA,NA,0.011037269015979193
81.5,-16.5,5220,0.01427163162808229,NA,NA,0.010914198626092506
82.5,-16.5,5221,0.013765091461765926,NA,NA,0.010780149068614929
83.5,-16.5,5222,0.01416671928014686,NA,NA,0.00926000745966203
84.5,-16.5,5223,0.011695344000601371,NA,NA,0.009531919210277011
85.5,-16.5,5224,0.01079522845671215,NA,NA,0.009085307108448699
86.5,-16.5,5225,0.010671575730826756,NA,NA,0.008913541731447318
87.5,-16.5,5226,0.010741071501013201,NA,NA,0.008849828813866499
88.5,-16.5,5227,0.010983713990164958,NA,NA,0.008902175502075442
89.5,-16.5,5228,0.011380448606546986,NA,NA,0.008902175502075442
90.5,-16.5,5229,0.013679933481935585,NA,0.008444851821334613,0.008902175502075442
91.5,-16.5,5230,0.013625862709144005,NA,0.008465508754804235,0.009312433861048243
92.5,-16.5,5231,0.015547542957003715,NA,0.008779854746153205,0.009534515331183185
93.5,-16.5,5232,0.01605854540515291,NA,0.008779854746153205,0.009795485680231652
94.5,-16.5,5233,0.01527245970756202,NA,0.008827091815924639,0.009432298004340315
95.5,-16.5,5234,0.016451486674417655,NA,0.0070381393499084595,0.009975743446487384
96.5,-16.5,5235,0.016693468062208946,NA,0.009260012202813925,0.010608670137645763
97.5,-16.5,5236,0.016514667117155168,NA,0.009384858417433726,0.010510562128395086
98.5,-16.5,5237,0.018284239053181616,NA,0.010043553391947006,0.011374001158893511
99.5,-16.5,5238,0.02159763476029133,NA,0.01184135548655864,0.01472786585334726
-109.5,-15.5,5271,0.18900823990176,NA,NA,0.02925355355580116
-108.5,-15.5,5272,0.19089689052274605,NA,NA,0.027266970115165285
-107.5,-15.5,5273,0.1965790095409202,NA,NA,0.023957420217005806
-106.5,-15.5,5274,0.19101793187177746,NA,NA,0.024535313149873183
-105.5,-15.5,5275,0.1888679127291444,NA,NA,0.025541757922421283
-104.5,-15.5,5276,0.1767879472959548,NA,NA,0.0281800199847357
-103.5,-15.5,5277,0.1746818702490941,NA,NA,0.029736514118859102
-102.5,-15.5,5278,0.1708522030767664,NA,NA,0.03175688098403346
-101.5,-15.5,5279,0.15770990192623877,NA,NA,0.03346779758264741
-100.5,-15.5,5280,0.12003795638105207,NA,NA,0.030333716578557428
-99.5,-15.5,5281,0.10179054184838694,NA,NA,0.0308164021870723
-98.5,-15.5,5282,0.09619043955324581,NA,NA,0.02987505152808733
-97.5,-15.5,5283,0.0789794183036202,NA,NA,0.029856610974068127
-96.5,-15.5,5284,0.07580681266634387,NA,NA,0.03237432141237732
-95.5,-15.5,5285,0.06956530370514213,NA,NA,0.0324277511258058
-94.5,-15.5,5286,0.06529578015320411,NA,NA,0.032298158140512116
-93.5,-15.5,5287,0.07353882028331991,NA,NA,0.02991582686487504
-92.5,-15.5,5288,0.07809117309321147,NA,NA,0.027658291901048657
-91.5,-15.5,5289,0.07494396156364241,NA,NA,0.025031843896481564
-90.5,-15.5,5290,0.0774152465162502,NA,NA,0.02787607042638452
-89.5,-15.5,5291,0.07599784054090092,0.043791088936994176,0.01401970382839234,0.024715822144345118
-88.5,-15.5,5292,0.09681167393726417,0.05372770856711625,0.017393164438551045,0.029094695135618024
-87.5,-15.5,5293,0.12015114119806854,0.057264854221195635,0.018820145202983883,0.03412954532317885
-86.5,-15.5,5294,0.13824404212068733,0.06117661702196271,0.020924390596360826,0.03408824193469516
-85.5,-15.5,5295,0.16645302465877157,0.06721405964409842,0.02518484005301096,0.040308742695756225
-84.5,-15.5,5296,0.18379948817549044,0.08033028439949079,0.027263278458050717,0.04904779050359966
-83.5,-15.5,5297,0.18164769713146894,0.08389672072052352,0.027813197248551826,0.04321147265731664
-82.5,-15.5,5298,0.22781687806210013,0.09504857052464948,0.03151945433867782,0.04718274723487641
-81.5,-15.5,5299,0.21864586577670742,0.1015047907502832,0.032396523987921456,0.04157145190806184
-80.5,-15.5,5300,0.222618286802681,0.0838372338653721,0.02834065071406297,0.04356207129722144
-79.5,-15.5,5301,0.23418501021917948,0.0943064525526995,0.026664961149552767,0.04516097300579388
-78.5,-15.5,5302,0.21048471967575777,0.08011929738806384,0.01921413462554254,0.03687596455556619
-77.5,-15.5,5303,0.23358558444266797,0.09230654943215923,0.02186713341577077,0.04337461104808704
-76.5,-15.5,5304,0.18727705891262497,0.07689379864704642,0.019143736971854477,0.03723380325263147
-75.5,-15.5,5305,0.18365574156049613,0.07523399367865799,0.02089014992292283,0.03363422933339941
-74.5,-15.5,5306,0.18923200906800672,0.07393528802285784,0.02175632685200253,0.03459312547595506
-73.5,-15.5,5307,0.179582730265757,0.07302266675062939,0.023232010746194742,0.03898740538473001
-72.5,-15.5,5308,0.20641312716662938,0.08679747492787131,0.025384487900850256,0.05217294974643429
-71.5,-15.5,5309,0.19283787915611653,0.08085656158840672,0.02537866662329647,0.07504072637486173
-70.5,-15.5,5310,0.1808479175372643,0.0876342445462179,0.02790788071020204,0.08495632064223765
-69.5,-15.5,5311,0.19897862592402502,0.09608257772786288,0.027721188278284434,0.11684769947599002
-68.5,-15.5,5312,0.21763262434160746,0.08615794880255208,0.01883831902702942,0.12678783432442398
-67.5,-15.5,5313,0.23939870941342403,0.0990669336218828,0.021816462744595404,0.2104209186498418
-66.5,-15.5,5314,0.30818664578209115,0.12280157657104875,0.026145205858739556,0.34213260846948323
-65.5,-15.5,5315,0.38199473806173834,0.13650730226868132,0.028175493391905938,0.36523799617040925
-64.5,-15.5,5316,0.48148089049288173,0.18350661958327824,0.04306182997355258,0.5194495376273951
-63.5,-15.5,5317,0.5550395860078658,0.19268056303487718,0.04501539595072512,0.5818793431129679
-62.5,-15.5,5318,0.6066403488632429,0.21437002593262264,0.06740088844371897,0.6023294019297758
-61.5,-15.5,5319,0.5936215591079517,0.20623815518090347,0.05855814572691535,0.6094574913924334
-60.5,-15.5,5320,0.5343979823309645,0.21592258210258208,0.06839602095929731,0.5372440424488477
-59.5,-15.5,5321,0.5668347018156771,0.23388572897404344,0.07737974125653184,0.4850239537906167
-58.5,-15.5,5322,0.4996174208128991,0.19761914456264346,0.09802588907046138,0.2638081137367474
-57.5,-15.5,5323,0.2970326544988556,0.13387912583662043,0.08801624595852743,0.19647610587852432
-56.5,-15.5,5324,0.0994054692891518,0.2238895804078788,0.2401423259265957,0.1992900091113955
-29.5,-15.5,5335,0.4049307642189115,0.20603543581721898,0.04470007550225808,0.49320439054665394
-28.5,-15.5,5336,0.41949946801518456,0.2036776935611275,0.059471283927813576,0.36070734421578926
-27.5,-15.5,5337,0.3965738249350506,0.1568228677708572,0.04800135532261796,0.2935781500893355
-26.5,-15.5,5338,0.3691670803045656,0.15248522541098433,0.048522962641346104,0.3038606050855844
-25.5,-15.5,5339,0.40144384681534984,0.13346862657369576,0.03118982740501076,0.22836258184002833
-24.5,-15.5,5340,0.3581499044253366,0.1325503580804553,0.03144160868293308,0.26064166874820727
-23.5,-15.5,5341,0.31275732141676726,0.13382927420112767,0.035466529537646806,0.2299862215846458
-22.5,-15.5,5342,0.25959627993847473,0.1285963670492909,0.05354362586045935,0.20346646790007186
-21.5,-15.5,5343,0.2813997577576337,0.13985257691961844,0.06619948504408864,0.16125954294139644
-20.5,-15.5,5344,0.2819456241225457,0.14223455781799219,0.07293142046909905,0.16053828342701082
-19.5,-15.5,5345,0.25113280296663637,0.13312172597284455,0.07502212458094164,0.21077585050693326
-18.5,-15.5,5346,0.22162696805789886,0.1277811311912757,0.093969857417933,0.1618778646466158
-17.5,-15.5,5347,0.2613011774377922,0.13616385541550355,0.0886911103690515,0.18438599937593378
-16.5,-15.5,5348,0.24126677683668085,0.14713814721452356,0.11138309447896186,0.22586131886410818
-15.5,-15.5,5349,0.30325366240562884,0.19509456986759113,0.15303755423244317,0.2880357304385622
-14.5,-15.5,5350,0.3256724294870767,0.22063444819823977,0.0961109862089934,0.3335944171769518
-13.5,-15.5,5351,0.309241726037094,0.20351979869356468,0.15315467866704935,0.32854804519146963
-12.5,-15.5,5352,0.45748544103181715,0.2632755682533387,0.19304213422981537,0.5282576850361583
-11.5,-15.5,5353,0.39336069506213867,0.2766782966605093,0.20572033450630814,0.4551080709720727
-10.5,-15.5,5354,0.361682459612224,0.2469400310099934,0.1457815762561942,0.30560791327469733
0.5,-15.5,5365,0.20137161409100032,NA,0.05909406699634344,0.16791048271664064
1.5,-15.5,5366,0.15071128321706928,NA,0.09010353742934071,0.18050872634920953
2.5,-15.5,5367,0.13291214052932881,NA,0.07103149598965774,0.11038751879950344
3.5,-15.5,5368,0.1322746248717667,NA,0.08451435971811985,0.130989903063368
4.5,-15.5,5369,0.12244396648522772,NA,0.07240060141068265,0.17720665620887519
5.5,-15.5,5370,0.16008764958919106,NA,0.07744836154653413,0.1213904843697028
6.5,-15.5,5371,0.13905873852841238,NA,0.08454520040715244,0.12730369750467502
7.5,-15.5,5372,0.12495200149101367,NA,0.08334098516031485,0.14218155365085136
8.5,-15.5,5373,0.1178383599061199,NA,0.07952298190177887,0.13439713130675854
9.5,-15.5,5374,0.10746841797553879,NA,0.08007023959988026,0.12616897007991995
20.5,-15.5,5385,0.17163301097186634,0.08649050646108312,0.06186471985749248,0.08661818509250283
21.5,-15.5,5386,0.14969270596477297,0.081263819190774,0.05916258401828273,0.0802682578551688
22.5,-15.5,5387,0.1725706650036603,0.09212012899503935,0.06351634365852521,0.08000159633377454
23.5,-15.5,5388,0.18995211128468384,0.11813142818930639,0.07833610222301292,0.11381365335072585
24.5,-15.5,5389,0.1626433246541912,0.10280771099440353,0.10345023034200465,0.12492116735655569
25.5,-15.5,5390,0.20268014606813967,0.15804954716979427,0.14214632578092293,0.21020852636326956
26.5,-15.5,5391,0.1539074072726302,0.1042642363954963,0.09834967883381232,0.18857248157016565
27.5,-15.5,5392,0.16497195199653455,0.11588466174393276,0.10399748481221642,0.21138342881648228
28.5,-15.5,5393,0.13039974160040968,0.11978189040125979,0.09749862669554152,0.2493469961978795
29.5,-15.5,5394,0.13063717890058058,0.1220650293828889,0.08798194095942252,0.27815778525903206
40.5,-15.5,5405,0.13474361264902854,0.1346079940874013,0.06959662136556088,0.1061593962772115
41.5,-15.5,5406,0.15073831708953261,0.1307886670895352,0.07142979375857468,0.10737259854060296
42.5,-15.5,5407,0.1380657115089388,0.12884218240512074,0.06198484759699544,0.10023615576348192
43.5,-15.5,5408,0.13749293162127627,0.10696202948241915,0.058628087842417326,0.09295181488592504
44.5,-15.5,5409,0.1267470910984138,0.09472270253865578,0.052053233468448284,0.08057304810921327
45.5,-15.5,5410,0.12922986372502443,0.08883474439310414,0.04960829513932225,0.06602757745672741
46.5,-15.5,5411,0.1212094971920732,0.08105597256463117,0.042513508324406375,0.059709459117868166
47.5,-15.5,5412,0.10932201055137472,0.07482857024752232,0.03736502658055331,0.05532419317400984
48.5,-15.5,5413,0.09925855731850049,0.06656798367579626,0.027393458855727366,0.04951464815424227
49.5,-15.5,5414,0.06002043095731732,0.048669802433091366,0.01913970147664389,0.0324242645196828
50.5,-15.5,5415,0.05577424556736729,0.04574263910470753,NA,0.030980711390472215
51.5,-15.5,5416,0.057819997468839736,0.04245093152052351,NA,0.030320421706067753
52.5,-15.5,5417,0.05140369889513166,0.03665984144006669,NA,0.02445101472955515
53.5,-15.5,5418,0.046535135481964994,0.031565283067861084,NA,0.02333627614169541
54.5,-15.5,5419,0.046487727278465195,0.03166824682474612,NA,0.02192375909230323
55.5,-15.5,5420,0.04198646392987674,0.02987525625543998,NA,0.021233334153065102
56.5,-15.5,5421,0.03838625731242889,0.026847044571850633,NA,0.01748721902197474
57.5,-15.5,5422,0.03304999156643109,0.025446336892633068,NA,0.015454563869768092
58.5,-15.5,5423,0.032081053252478293,0.025065566800433182,NA,0.013634991713811868
59.5,-15.5,5424,0.03216737430615487,0.02225380289920585,NA,0.01410955622352346
70.5,-15.5,5435,0.013963156311395901,NA,NA,NA
71.5,-15.5,5436,0.013819146348645487,NA,NA,NA
72.5,-15.5,5437,0.013910605892078754,NA,NA,NA
73.5,-15.5,5438,0.018366488341881208,NA,NA,NA
74.5,-15.5,5439,0.01650176061148564,NA,NA,NA
75.5,-15.5,5440,0.014718668858161721,NA,NA,NA
76.5,-15.5,5441,0.016424735948004858,NA,NA,NA
77.5,-15.5,5442,0.014548402240217691,NA,NA,NA
78.5,-15.5,5443,0.01604314219068868,NA,NA,NA
79.5,-15.5,5444,0.014132482947410223,NA,NA,NA
80.5,-15.5,5445,0.013416487280160552,NA,NA,0.011219900484297197
81.5,-15.5,5446,0.013669989078684736,NA,NA,0.011163593744712371
82.5,-15.5,5447,0.013063656911117109,NA,NA,0.010055481426423535
83.5,-15.5,5448,0.010981168998185775,NA,NA,0.009394187404366565
84.5,-15.5,5449,0.011003557084459943,NA,NA,0.009920919664814985
85.5,-15.5,5450,0.011076711346137046,NA,NA,0.009314146820333855
86.5,-15.5,5451,0.011101816464320144,NA,NA,0.009154659879638387
87.5,-15.5,5452,0.011291162962739278,NA,NA,0.009055355591190467
88.5,-15.5,5453,0.011489195809579758,NA,NA,0.009023010193948496
89.5,-15.5,5454,0.012164557255367314,NA,NA,0.009015863838599487
90.5,-15.5,5455,0.013854916807261659,NA,0.00861015855809417,0.008938229255903343
91.5,-15.5,5456,0.016313441150671383,NA,0.008495751093506233,0.009816986648821868
92.5,-15.5,5457,0.01699055387113964,NA,0.008644372728237705,0.010231168942082806
93.5,-15.5,5458,0.015353842470648468,NA,0.006620423395710635,0.009949536913499358
94.5,-15.5,5459,0.015927802144089575,NA,0.00882385934412671,0.00996791379873805
95.5,-15.5,5460,0.016621985212752287,NA,0.00683650404903626,0.01101332009963229
96.5,-15.5,5461,0.017221704515142346,NA,0.009487257537360738,0.01062039287373572
97.5,-15.5,5462,0.016755501655757836,NA,0.009031390280077309,0.010487070771237663
98.5,-15.5,5463,0.02136466193879323,NA,0.01133541655725298,0.013413209741687158
99.5,-15.5,5464,0.023997821302360733,NA,0.013269493038606008,0.015420928544865627
-109.5,-14.5,5497,0.1784820779061808,NA,NA,0.02996143473887885
-108.5,-14.5,5498,0.18980890508777,NA,NA,0.03042792960373365
-107.5,-14.5,5499,0.1755453972339149,NA,NA,0.030432718853702564
-106.5,-14.5,5500,0.15043455325183488,NA,NA,0.030102023242181936
-105.5,-14.5,5501,0.15377892021793105,NA,NA,0.029691686142317944
-104.5,-14.5,5502,0.12208396640741048,NA,NA,0.031243938751901977
-103.5,-14.5,5503,0.10721538034175043,NA,NA,0.03409147744313386
-102.5,-14.5,5504,0.0982024126151312,NA,NA,0.03536323253651415
-101.5,-14.5,5505,0.0873780272899152,NA,NA,0.035544489800626355
-100.5,-14.5,5506,0.09221948934688612,NA,NA,0.03687004050695988
-99.5,-14.5,5507,0.10240795527168507,NA,NA,0.04120463605947678
-98.5,-14.5,5508,0.07558630793217148,NA,NA,0.042932492948143657
-97.5,-14.5,5509,0.0724458510117885,NA,NA,0.038860172110977934
-96.5,-14.5,5510,0.07167175046589706,NA,NA,0.04576671446776798
-95.5,-14.5,5511,0.06502358114386149,NA,NA,0.04404642676135773
-94.5,-14.5,5512,0.06393810522618709,NA,NA,0.03488552257470137
-93.5,-14.5,5513,0.06901508848942316,NA,NA,0.036874843177455055
-92.5,-14.5,5514,0.06989842174507828,NA,NA,0.037098107306711946
-91.5,-14.5,5515,0.07004043490022838,NA,NA,0.032064402712143794
-90.5,-14.5,5516,0.07431931088667008,NA,NA,0.02927528851028468
-89.5,-14.5,5517,0.08443213681427955,0.049935799898315134,0.01857416965200771,0.029050707426980744
-88.5,-14.5,5518,0.1175153878816877,0.06579787328561154,0.02458543226301782,0.03621595510475093
-87.5,-14.5,5519,0.1241675847631797,0.07109865513902709,0.025425661363952384,0.03791829878677009
-86.5,-14.5,5520,0.12927368235464812,0.06901342109364272,0.024166561895964424,0.04204405936923578
-85.5,-14.5,5521,0.1570694196030281,0.07595122755023222,0.02765778638597087,0.04629710988494168
-84.5,-14.5,5522,0.21328579808458278,0.07741515576110304,0.028246888048964858,0.045378239655505935
-83.5,-14.5,5523,0.2582006930706477,0.08627825952907867,0.03403692195132252,0.04702071241649806
-82.5,-14.5,5524,0.27078527867630076,0.09833698880676076,0.03640994949903536,0.050218280595986854
-81.5,-14.5,5525,0.2923554839228777,0.08582125306238561,0.04213355575491509,0.0566685843116733
-80.5,-14.5,5526,0.3001669717334807,0.0840067400758101,0.041446865485154805,0.05361221096914372
-79.5,-14.5,5527,0.35489413787564666,0.10350758293880523,0.04374049878250869,0.0583023949740893
-78.5,-14.5,5528,0.21942062553002198,0.07740404102645634,0.03367043582764795,0.04943719898570196
-77.5,-14.5,5529,0.24221107522331328,0.07754781176946668,0.036157530828460606,0.060281262339301665
-76.5,-14.5,5530,0.25618521619466594,0.09373326401604905,0.03941581293253078,0.06263815547669817
-75.5,-14.5,5531,0.2351519238582784,0.08757848123735873,0.036886908485295966,0.05764743660729246
-74.5,-14.5,5532,0.2343645772031806,0.08976793824258254,0.04343040078175616,0.06100712683181219
-73.5,-14.5,5533,0.20870154555937503,0.08130774320729799,0.04199700431972412,0.07728043070547765
-72.5,-14.5,5534,0.21319530498144545,0.08562350239555411,0.02628706779232947,0.08717121178157554
-71.5,-14.5,5535,0.20857112879950254,0.0867802141723535,0.025782148813692316,0.08220556796254831
-70.5,-14.5,5536,0.15617695537358878,0.06457177079893808,0.022829867096657845,0.07685070007245054
-69.5,-14.5,5537,0.16061978638315633,0.07289676691077723,0.022533761029794354,0.11516560699406642
-68.5,-14.5,5538,0.16401447448849094,0.07799862737485219,0.026281778148349953,0.13298325249304807
-67.5,-14.5,5539,0.19347544389526228,0.08556606467304945,0.03524701740143572,0.17969440827763958
-66.5,-14.5,5540,0.23149781902261224,0.10612980873730951,0.04186697232907468,0.2731920756177306
-65.5,-14.5,5541,0.2673341777177879,0.1247408091510417,0.039647253554352155,0.37933934985322953
-64.5,-14.5,5542,0.38982121494627525,0.1622330197531516,0.04992614862747682,0.3919958004499943
-63.5,-14.5,5543,0.5001553233050346,0.21090719722874132,0.06391134304176774,0.45348651432597475
-62.5,-14.5,5544,0.5545094919149294,0.22660152443121678,0.06437409992561695,0.4135335975877041
-61.5,-14.5,5545,0.5282607940735008,0.23627566076877632,0.05938584665506346,0.4460173875596891
-60.5,-14.5,5546,0.5757301066865768,0.22993064341906674,0.05917556766851914,0.5273908754552561
-59.5,-14.5,5547,0.5423047820677174,0.1942502679237735,0.06295858604965592,0.5096938621719544
-58.5,-14.5,5548,0.6247666737897922,0.20150746684807133,0.14438737677814853,0.4963675692729192
-57.5,-14.5,5549,0.5208358473645994,0.17572236464997498,0.11077906320470908,0.3661564470887913
-56.5,-14.5,5550,0.324993705546875,0.16258194008374344,0.10103374956473798,0.2752249062519847
-55.5,-14.5,5551,0.11006808359662429,0.1524558910718892,0.2955130599108147,0.2212107067227848
-54.5,-14.5,5552,0.08732279229735987,0.16872550790784113,0.11020426122173908,0.2806441402906636
-29.5,-14.5,5564,0.4315614039736539,0.2534628631852802,0.06943107418969495,0.48790138973725033
-28.5,-14.5,5565,0.4522595311712285,0.2146687594862875,0.04918591491277849,0.4047003287840768
-27.5,-14.5,5566,0.411589937831937,0.18796049639553794,0.06708954916437564,0.27405259392809866
-26.5,-14.5,5567,0.39364511899271937,0.17774735760890747,0.04790642815589788,0.27961295738754366
-25.5,-14.5,5568,0.43956958685696923,0.16018139513218055,0.05638327188752335,0.298073211735512
-24.5,-14.5,5569,0.4104199312180911,0.14348678150534966,0.07396201739142784,0.27244062778124073
-23.5,-14.5,5570,0.41490651760541986,0.1621108865743563,0.08224388617473696,0.2371531843301087
-22.5,-14.5,5571,0.31297794093966574,0.14558960142840877,0.08743849280002876,0.22543478528708755
-21.5,-14.5,5572,0.29650091510309357,0.13675984127993232,0.10346385825449535,0.24321934460964278
-20.5,-14.5,5573,0.2771827873581941,0.14066947389722456,0.07014750782243644,0.24069560301153642
-19.5,-14.5,5574,0.24366142063613697,0.13577500942660103,0.10497651258595816,0.23910876391228572
-18.5,-14.5,5575,0.21915353098495177,0.13918433957167534,0.08436614475200399,0.19602084824036262
-17.5,-14.5,5576,0.21728757651875613,0.1675370527723071,0.14742586752395617,0.24449860824127007
-16.5,-14.5,5577,0.2275852488002978,0.17404235511401359,0.13807672910910118,0.20084314832601702
-15.5,-14.5,5578,0.3043277532258425,0.24213477260279803,0.1318442099240693,0.2955820614087828
-14.5,-14.5,5579,0.2631794604027969,0.24990361426495714,0.10924830238636937,0.38429263227572535
-13.5,-14.5,5580,0.42342864403707636,0.3566531210495369,0.21826208892245033,0.6032090787718369
-12.5,-14.5,5581,0.3247225232368254,0.3030752060198668,0.21187045636481358,0.5543173296848655
-11.5,-14.5,5582,0.243214914635522,0.22779539571485713,0.17240817336743886,0.37057600926646656
-10.5,-14.5,5583,0.2638172178705236,0.2254915891966788,0.1701625146905975,0.37966871203203095
0.5,-14.5,5594,0.20497020197459756,NA,0.08311761943668398,0.14080771460299804
1.5,-14.5,5595,0.232415984980968,NA,0.10426326025118673,0.180499526451058
2.5,-14.5,5596,0.18381577332026,NA,0.07862521490056724,0.12973752953301285
3.5,-14.5,5597,0.12829645795311315,NA,0.07838097437224069,0.1554418673995747
4.5,-14.5,5598,0.12778058604950845,NA,0.09020136584907805,0.20615400599985545
5.5,-14.5,5599,0.11215310303345423,NA,0.08374559377819528,0.2035912997594454
6.5,-14.5,5600,0.10238786120016845,NA,0.08541394440911616,0.13570142978579092
7.5,-14.5,5601,0.16264935460232047,NA,0.09102076800795504,0.14237077254659997
8.5,-14.5,5602,0.10377456421288771,NA,0.095261849916462,0.1385879787535597
9.5,-14.5,5603,0.13654758303738906,NA,0.11481152754023849,0.21595817788900393
20.5,-14.5,5614,0.08765851671021317,0.08622117624417705,0.06365917049807995,0.07363063087385414
21.5,-14.5,5615,0.1190534208781082,0.1098813925492318,0.07472044510257106,0.08115810519486068
22.5,-14.5,5616,0.12271196662940924,0.09741350361323237,0.07237973075079993,0.07891324713248554
23.5,-14.5,5617,0.15782817616332087,0.11844489764197419,0.08680519417729728,0.09841016248441589
24.5,-14.5,5618,0.138965116302745,0.11265157218097582,0.11479753288813044,0.11319383839346803
25.5,-14.5,5619,0.13955682621399612,0.11535964672846433,0.12587830845139594,0.11931054081376055
26.5,-14.5,5620,0.1296167611051695,0.10509180704270925,0.12265113201448476,0.13374025848293153
27.5,-14.5,5621,0.10737821200485065,0.09554408625504977,0.10623550163793091,0.1393356892752309
28.5,-14.5,5622,0.14320598544646165,0.10163580320883278,0.10549898178403046,0.16967855041971855
29.5,-14.5,5623,0.1237940173147506,0.11584614338754469,0.09363936670214529,0.13882913260619997
40.5,-14.5,5634,0.12543162154821275,0.1242381476521835,0.060548222186534016,0.08838069479404469
41.5,-14.5,5635,0.1158275669023553,0.11586429679600103,0.04929455589641796,0.07568567236740652
42.5,-14.5,5636,0.12707591007613125,0.12043036928327647,0.045350364009186905,0.0814512683452399
43.5,-14.5,5637,0.11999532248297815,0.11913658598279486,0.04360444815156346,0.08949711550770206
44.5,-14.5,5638,0.11026359849221802,0.0938708597900556,0.03961227741239207,0.07085865066760018
45.5,-14.5,5639,0.10733847395044196,0.08429328574859514,0.035452808186525624,0.06443939864053452
46.5,-14.5,5640,0.10022966397308375,0.07527455844943662,0.032473997886889504,0.05594451531069843
47.5,-14.5,5641,0.07310465214381053,0.0517128710095528,0.022508144669430713,0.03775813196699345
48.5,-14.5,5642,0.07647791326263192,0.051491443307408194,0.021138324828076125,0.03589418759949542
49.5,-14.5,5643,0.05421297067887293,0.04810507750138561,0.018410380786087522,0.03267427355079267
50.5,-14.5,5644,0.057151246633107375,0.04647043219651041,NA,0.031241630872644102
51.5,-14.5,5645,0.05194351646308459,0.04280008909965215,NA,0.02887365265506395
52.5,-14.5,5646,0.044823507080692326,0.03275701482594921,NA,0.025107494320586128
53.5,-14.5,5647,0.04164475467190283,0.030230048931323406,NA,0.02200561267568113
54.5,-14.5,5648,0.04102944305213039,0.028931613428441846,NA,0.019767609712278034
55.5,-14.5,5649,0.037826895153974735,0.02868129924407237,NA,0.019275279899611225
56.5,-14.5,5650,0.0349759921831925,0.028021287395403847,NA,0.018807960125900375
57.5,-14.5,5651,0.031105949405269045,0.024115322684227336,NA,0.014969031579495959
58.5,-14.5,5652,0.029405783037574972,0.023808406269424855,NA,0.013354061428592835
59.5,-14.5,5653,0.02876442564756157,0.021921714570656208,NA,0.013260751619953931
70.5,-14.5,5664,0.01411993095386449,NA,NA,NA
71.5,-14.5,5665,0.013738152979213216,NA,NA,NA
72.5,-14.5,5666,0.013847980745802806,NA,NA,NA
73.5,-14.5,5667,0.014766202572295838,NA,NA,NA
74.5,-14.5,5668,0.01591370206002754,NA,NA,NA
75.5,-14.5,5669,0.015089958300903449,NA,NA,NA
76.5,-14.5,5670,0.01564306097020787,NA,NA,NA
77.5,-14.5,5671,0.01526677496469721,NA,NA,NA
78.5,-14.5,5672,0.014082660250365637,NA,NA,NA
79.5,-14.5,5673,0.013173107411892487,NA,NA,NA
80.5,-14.5,5674,0.013586584229349077,NA,NA,0.010264167574005549
81.5,-14.5,5675,0.01247780693571021,NA,NA,0.01021581980826012
82.5,-14.5,5676,0.011093887897226484,NA,NA,0.008756104824485359
83.5,-14.5,5677,0.011513474469782022,NA,NA,0.008730997666915019
84.5,-14.5,5678,0.011686043087524287,NA,NA,0.009366101632254546
85.5,-14.5,5679,0.010613900196037543,NA,NA,0.008838053579496413
86.5,-14.5,5680,0.01074871217230399,NA,NA,0.008881500255254722
87.5,-14.5,5681,0.011082480006166755,NA,NA,0.009055291063213327
88.5,-14.5,5682,0.012115848173836317,NA,NA,0.00920688473805854
89.5,-14.5,5683,0.014044309743052992,NA,NA,0.009397975069799997
90.5,-14.5,5684,0.015713981549062908,NA,0.008991531480659603,0.0094542043741733
91.5,-14.5,5685,0.0176676976408541,NA,0.008576352892025008,0.009293089563507108
92.5,-14.5,5686,0.015944458317919467,NA,0.008495751093506233,0.00920263318450855
93.5,-14.5,5687,0.016183434147706486,NA,0.008594077156495773,0.009388426730369881
94.5,-14.5,5688,0.017037210829566173,NA,0.006657816645258366,0.010157486564016483
95.5,-14.5,5689,0.018542179620657292,NA,0.00927283271670308,0.009905028452200171
96.5,-14.5,5690,0.017391837723924677,NA,0.008935271436558749,0.00947846938509196
97.5,-14.5,5691,0.022275617378693255,NA,0.010976976481210687,0.011865820942114464
98.5,-14.5,5692,0.02493663817888555,NA,0.012383131205851628,0.013137526476005239
99.5,-14.5,5693,0.028330574343489373,NA,0.0143930482027322,0.01679289541612266
-109.5,-13.5,5725,0.16052103637477658,NA,NA,0.03772283449506659
-108.5,-13.5,5726,0.16262952824141422,NA,NA,0.039937656760809286
-107.5,-13.5,5727,0.14694724825464672,NA,NA,0.04251512874715084
-106.5,-13.5,5728,0.12108631087146704,NA,NA,0.042183831494475924
-105.5,-13.5,5729,0.11230593469598359,NA,NA,0.04197637585833866
-104.5,-13.5,5730,0.09275352552246814,NA,NA,0.0423453198811681
-103.5,-13.5,5731,0.09545711147790359,NA,NA,0.04596568764995326
-102.5,-13.5,5732,0.07763420700831045,NA,NA,0.042805402032999755
-101.5,-13.5,5733,0.06573324722912983,NA,NA,0.04088258443680133
-100.5,-13.5,5734,0.06646247716408454,NA,NA,0.04041475155401323
-99.5,-13.5,5735,0.06886406441506895,NA,NA,0.03818397048519345
-98.5,-13.5,5736,0.06854628484837706,NA,NA,0.03893132799967986
-97.5,-13.5,5737,0.06817568813728901,NA,NA,0.039302819629558366
-96.5,-13.5,5738,0.06863943693813324,NA,NA,0.03401115762072671
-95.5,-13.5,5739,0.06709520332502061,NA,NA,0.0324835493411591
-94.5,-13.5,5740,0.06535320084309998,NA,NA,0.031094259037950028
-93.5,-13.5,5741,0.06473314135119172,NA,NA,0.029988788908268643
-92.5,-13.5,5742,0.07156161935106291,NA,NA,0.02686953985262529
-91.5,-13.5,5743,0.07248838514673853,NA,NA,0.024941754042859067
-90.5,-13.5,5744,0.08189913961444431,NA,NA,0.026125809096149
-89.5,-13.5,5745,0.1038104012496214,0.04908196047195474,0.030019266497754483,0.034171304608826523
-88.5,-13.5,5746,0.133984318542866,0.05871382472271559,0.0332585132019112,0.04447306572337205
-87.5,-13.5,5747,0.16573465956728403,0.060010724100535026,0.035242162866672117,0.04965933004464787
-86.5,-13.5,5748,0.18044156964716704,0.06134389172765279,0.03923267002464112,0.05022771874526917
-85.5,-13.5,5749,0.2287415066913131,0.07595945586494005,0.04378740492921384,0.05961805579387181
-84.5,-13.5,5750,0.2097459452068695,0.07537824860975939,0.04499847574626815,0.06159316929353718
-83.5,-13.5,5751,0.24699484219894932,0.08638309129086702,0.05127036019359186,0.07697444610680718
-82.5,-13.5,5752,0.2683360217575527,0.09482824532767012,0.06685112118454366,0.07871114142534248
-81.5,-13.5,5753,0.22563410923337912,0.08330354635367981,0.04565216143145306,0.06673994702008856
-80.5,-13.5,5754,0.2412413106681162,0.08792916513514314,0.049332842038574326,0.07250313677307581
-79.5,-13.5,5755,0.23904414066319085,0.08381517558180973,0.032488395819380976,0.0786241587006122
-78.5,-13.5,5756,0.24180846917720053,0.07441963619995301,0.02755035518910656,0.0703889190455025
-77.5,-13.5,5757,0.23741426928192794,0.0720588747977894,0.04952723540060042,0.07300155530561463
-76.5,-13.5,5758,0.2573597084724572,0.07473447307989861,0.033739798879838204,0.08076438645746385
-75.5,-13.5,5759,0.26670688982495544,0.07846583024268855,0.037257617726171026,0.0855531717962219
-74.5,-13.5,5760,0.22047926450359545,0.06901084226200785,0.051179776788789474,0.08053972124389353
-73.5,-13.5,5761,0.22980633575379616,0.06735620721803133,0.06095456379511453,0.10530420524323625
-72.5,-13.5,5762,0.20298191156037432,0.06448151220575724,0.048132867694521006,0.12460123008123557
-71.5,-13.5,5763,0.1928239114583095,0.06574206859792857,0.031153819778806314,0.12870138066538528
-70.5,-13.5,5764,0.1815301333118535,0.06030052024276849,0.027845058950716498,0.1355946327502934
-69.5,-13.5,5765,0.16432814329947035,0.0584078326157789,0.029831696943121704,0.13634954558340598
-68.5,-13.5,5766,0.16543044008753288,0.0696064174169646,0.034451436684573095,0.17020539531520032
-67.5,-13.5,5767,0.2094925226181914,0.09067143258754387,0.043815502321318506,0.21293044469525516
-66.5,-13.5,5768,0.2675677647287926,0.12246112799057447,0.05218705141852462,0.31889394331303483
-65.5,-13.5,5769,0.31633692451081885,0.14073034524907932,0.058995977217515955,0.44705044553422374
-64.5,-13.5,5770,0.4236728052158808,0.19475230732509566,0.06588859072127085,0.38983259578450996
-63.5,-13.5,5771,0.45316380855688143,0.20764182553223426,0.07831112293059446,0.4306264071207271
-62.5,-13.5,5772,0.44695694564892424,0.22578689994811407,0.10326084925772513,0.4308515538565715
-61.5,-13.5,5773,0.48978472434798304,0.2068865223765743,0.10298693828975464,0.44876316062497695
-60.5,-13.5,5774,0.4681388925000752,0.20490181468010232,0.11405119457786744,0.4415770405204462
-59.5,-13.5,5775,0.5025196449191536,0.21338460705041992,0.1055020608599624,0.42679635306099667
-58.5,-13.5,5776,0.6181764053245468,0.2004705283087967,0.09969069682811853,0.45179040022518746
-57.5,-13.5,5777,0.6771747378600173,0.2117786694805035,0.15119554589035952,0.4241553115582443
-56.5,-13.5,5778,0.5427358320211686,0.15747457083171237,0.1421722281550933,0.3790422136746848
-55.5,-13.5,5779,0.40975541822654843,0.16886970116781547,0.11858399946243096,0.34714791764313574
-54.5,-13.5,5780,0.29677554499704617,0.16353231786950212,0.10123318399437806,0.27401793402790625
-53.5,-13.5,5781,0.19881712603489238,0.18221986921094577,0.07408735470422935,0.2895326319873274
-52.5,-13.5,5782,0.21442751888247485,0.18794507708030744,0.09449776085943648,0.296617653840799
-51.5,-13.5,5783,0.09801955425162555,0.14560821615756905,0.10086114562190153,0.49445258042268503
-50.5,-13.5,5784,0.3045620756510915,0.18447587456634645,0.11192886918386198,0.3762645488838116
-29.5,-13.5,5797,0.37169954769855995,0.17476817049270985,0.06061473926461196,0.38192682187583665
-28.5,-13.5,5798,0.335952956820214,0.18014237715926587,0.0544175725691884,0.33564427583905676
-27.5,-13.5,5799,0.4174682144614441,0.17231135812751522,0.06545940676193003,0.40483763800230443
-26.5,-13.5,5800,0.39417188581163387,0.18210884741098743,0.08488072191782137,0.3762474065277334
-25.5,-13.5,5801,0.36459997148538364,0.1539687407493407,0.07214070788465704,0.3110021273185575
-24.5,-13.5,5802,0.3195444943615813,0.16794866597141547,0.0660801323189413,0.24714259885142048
-23.5,-13.5,5803,0.3577366214746155,0.16193433181929173,0.07455809636927267,0.20646101526956975
-22.5,-13.5,5804,0.27455696991305056,0.17080375977934925,0.12254013018395353,0.2107604823478327
-21.5,-13.5,5805,0.29672236613361774,0.1624999693880948,0.0886016120740485,0.2575008827725715
-20.5,-13.5,5806,0.3352430253803534,0.19195419204158023,0.15991447511105425,0.30829966806630876
-19.5,-13.5,5807,0.3270723502887698,0.2265819293777294,0.1806454321825646,0.2508499059565143
-18.5,-13.5,5808,0.2884113757051601,0.20610203433186822,0.1785243254237404,0.21159035882659788
-17.5,-13.5,5809,0.21557004964937518,0.1756990332673928,0.13714917677695349,0.1990510952204805
-16.5,-13.5,5810,0.21024350988341065,0.15516026315385528,0.11747341508261418,0.245744567558776
-15.5,-13.5,5811,0.284485098917841,0.23194755151545535,0.10474528008197807,0.3680291988598531
-14.5,-13.5,5812,0.2621186033293366,0.23307771372151853,0.09896133139287908,0.512659912632754
-13.5,-13.5,5813,0.2590422073629311,0.2712330849370008,0.2098056142247105,0.5544354513215691
-12.5,-13.5,5814,0.19428205215527164,0.22317668489844017,0.15263407997838005,0.3557335644859198
-11.5,-13.5,5815,0.23440721868761447,0.2367945012285126,0.1645156342830226,0.3959822590281035
-10.5,-13.5,5816,0.24492693905266305,0.2233040513047562,0.100597461928382,0.37441116065517493
0.5,-13.5,5827,0.15914621524091155,NA,0.07424015651794798,0.10837292554383895
1.5,-13.5,5828,0.15808843649403403,NA,0.05229680071671692,0.11854753819495012
2.5,-13.5,5829,0.12169680703629278,NA,0.08285251147538883,0.12343544592142687
3.5,-13.5,5830,0.1464101755590096,NA,0.11143460703748617,0.17065179369566882
4.5,-13.5,5831,0.15435123605356438,NA,0.08664060006236762,0.13835784659442138
5.5,-13.5,5832,0.10912219396595407,NA,0.08280727172810151,0.1422408605194643
6.5,-13.5,5833,0.11794678964498519,NA,0.08324186774358606,0.20310990092904138
8.5,-13.5,5834,0.11569193295354488,NA,0.08410366147840774,0.1467366512286211
9.5,-13.5,5835,0.09614737700454247,NA,0.08726610091437588,0.13606295841520846
20.5,-13.5,5846,0.07324704729816811,0.08855211499031311,0.069857015421959,0.08705027624292658
21.5,-13.5,5847,0.112108369147218,0.10194395616907324,0.07550424776184832,0.08243281849521829
22.5,-13.5,5848,0.09178826176415779,0.09790357327991996,0.07861309096556013,0.08175284271021241
23.5,-13.5,5849,0.10695518528595115,0.10414832662682899,0.08077700332658891,0.08090993327604559
24.5,-13.5,5850,0.09036306152474431,0.09614771983631501,0.08950156182835277,0.09057254470220602
25.5,-13.5,5851,0.08430384217790628,0.0911978754666241,0.10644269650472417,0.09085179584755526
26.5,-13.5,5852,0.10657757407701007,0.08698837113074584,0.10653223649269183,0.08988044669992074
27.5,-13.5,5853,0.11482383011286001,0.10140600210002937,0.10064129974654609,0.10964719271561182
28.5,-13.5,5854,0.08649407596233302,0.10337493168272484,0.10161333618956238,0.10016655686725565
29.5,-13.5,5855,0.09701852701469287,0.11995932795238881,0.08508925258742073,0.0973497370955533
40.5,-13.5,5866,0.11759114553163394,0.11071664192532037,0.047341988724450994,0.08887698165691627
41.5,-13.5,5867,0.1050713396502192,0.0923924885041616,0.03877627597745684,0.07545325237002373
42.5,-13.5,5868,0.10633548406020643,0.10295266397729026,0.042927046250254106,0.09019236165076383
43.5,-13.5,5869,0.11103857990045315,0.1015627903424732,0.03817272852723948,0.07975318663642159
44.5,-13.5,5870,0.1113122728502562,0.10334861343335436,0.037224342237026566,0.07669126586888982
45.5,-13.5,5871,0.10300518285926855,0.07686766594325382,0.03666463343382213,0.07117874194897977
46.5,-13.5,5872,0.10097463819621523,0.0713809094067184,0.03427887620401481,0.05984801280316257
47.5,-13.5,5873,0.07305413080431025,0.05068173930180663,0.026590063706897767,0.03976754578200887
48.5,-13.5,5874,0.06130252883074303,0.04383448694297242,0.019810005341669653,0.03368431679432017
49.5,-13.5,5875,0.05123823149752353,0.0432234890628277,0.019680908138385,0.03296681353441272
50.5,-13.5,5876,0.04383001756530234,0.03994704505509804,NA,0.027332498968743225
51.5,-13.5,5877,0.04080858652055872,0.03690994633447988,NA,0.024208262349694608
52.5,-13.5,5878,0.04030331837529818,0.03365694246263642,NA,0.023391793468544593
53.5,-13.5,5879,0.03774862344843573,0.02926515222957759,NA,0.020481117107795384
54.5,-13.5,5880,0.03658707293150669,0.02770223582608598,NA,0.02045033758430197
55.5,-13.5,5881,0.033840817813024,0.02830766864279675,NA,0.02056849687321324
56.5,-13.5,5882,0.03086182973907374,0.027513589786010786,NA,0.01961522102456333
57.5,-13.5,5883,0.028134324772691056,0.026649621829242964,NA,0.015966529311724303
58.5,-13.5,5884,0.027150483020556827,0.024486639057490826,NA,0.013414463016946397
59.5,-13.5,5885,0.027532615869076658,0.02361578824403495,NA,0.014005577830431135
70.5,-13.5,5896,0.013487536798262294,NA,NA,NA
71.5,-13.5,5897,0.013205271924815905,NA,NA,NA
72.5,-13.5,5898,0.014996127651233027,NA,NA,NA
73.5,-13.5,5899,0.01643380591159686,NA,NA,NA
74.5,-13.5,5900,0.017081137818192236,NA,NA,NA
75.5,-13.5,5901,0.01592904009510047,NA,NA,NA
76.5,-13.5,5902,0.014976489470489187,NA,NA,NA
77.5,-13.5,5903,0.012954815459671596,NA,NA,NA
78.5,-13.5,5904,0.013399341279243103,NA,NA,NA
79.5,-13.5,5905,0.015441538369550383,NA,NA,NA
80.5,-13.5,5906,0.012481160436004115,NA,NA,0.011140388106885165
81.5,-13.5,5907,0.011810660243995791,NA,NA,0.009396703194514336
82.5,-13.5,5908,0.010681860950484541,NA,NA,0.008848946131403647
83.5,-13.5,5909,0.010940113289209937,NA,NA,0.008622805755843014
84.5,-13.5,5910,0.010867952158679056,NA,NA,0.009011971357821441
85.5,-13.5,5911,0.011077103941218204,NA,NA,0.00914362570417971
86.5,-13.5,5912,0.011951590533788343,NA,NA,0.00887473981598305
87.5,-13.5,5913,0.013598180337650746,NA,NA,0.00887473981598305
88.5,-13.5,5914,0.014928564926774145,NA,NA,0.009100763716108743
89.5,-13.5,5915,0.017432390897920473,NA,NA,0.009085147020014709
90.5,-13.5,5916,0.016654161048528935,NA,0.008511035715081328,0.009109358520343239
91.5,-13.5,5917,0.01696972463495614,NA,0.008416357590066039,0.009302879699556997
92.5,-13.5,5918,0.016741622688697062,NA,0.008385245240334946,0.00926182807400078
93.5,-13.5,5919,0.018041172879868148,NA,0.008493835738229283,0.009711204490294362
94.5,-13.5,5920,0.01818368946032139,NA,0.008739968529123609,0.010417585610968536
95.5,-13.5,5921,0.02032705084108535,NA,0.009679759874988227,0.009995826126114472
96.5,-13.5,5922,0.02065888163951785,NA,0.009010919096647035,0.010016394751962945
97.5,-13.5,5923,0.02739216811130831,NA,0.011184258371796223,0.012299635495590797
98.5,-13.5,5924,0.03336890572816135,NA,0.01197736765718178,0.014414904847899005
99.5,-13.5,5925,0.03539243154067085,NA,0.01405205974725299,0.016758300008616802
-109.5,-12.5,5958,0.16826559581931372,NA,NA,0.046034284643953864
-108.5,-12.5,5959,0.14878703928906378,NA,NA,0.04632797619498734
-107.5,-12.5,5960,0.12360860439839631,NA,NA,0.05086887247270183
-106.5,-12.5,5961,0.09261844416117099,NA,NA,0.044190150718496315
-105.5,-12.5,5962,0.08435669949922876,NA,NA,0.0470715057185607
-104.5,-12.5,5963,0.07641204991537132,NA,NA,0.04760948793880702
-103.5,-12.5,5964,0.06831255099784607,NA,NA,0.04925234579223803
-102.5,-12.5,5965,0.06503822709579175,NA,NA,0.050416875374529234
-101.5,-12.5,5966,0.05592410386212722,NA,NA,0.04723059414288836
-100.5,-12.5,5967,0.057264820979102946,NA,NA,0.04415702760035387
-99.5,-12.5,5968,0.05712053926046046,NA,NA,0.043070222636511335
-98.5,-12.5,5969,0.056521643409522725,NA,NA,0.039973289087558934
-97.5,-12.5,5970,0.05836684612523395,NA,NA,0.03576751237012969
-96.5,-12.5,5971,0.05894700119100544,NA,NA,0.03509409324883206
-95.5,-12.5,5972,0.058013926666782685,NA,NA,0.032784078084869564
-94.5,-12.5,5973,0.05408864547708312,NA,NA,0.03162204758929389
-93.5,-12.5,5974,0.04969436480021073,NA,NA,0.02824276671180111
-92.5,-12.5,5975,0.05296309657824671,NA,NA,0.028461988213213645
-91.5,-12.5,5976,0.05666209234682051,NA,NA,0.027062124549557566
-90.5,-12.5,5977,0.05336096860658993,NA,NA,0.028731385804884754
-89.5,-12.5,5978,0.06655146899117416,0.03858508866254855,0.03330041145605075,0.031916543713172665
-88.5,-12.5,5979,0.08448407464332736,0.04809988618578457,0.039371134962120226,0.04064587304796463
-87.5,-12.5,5980,0.11265840858080764,0.06155892966428619,0.04806720599790538,0.046511227429061774
-86.5,-12.5,5981,0.10302823797021322,0.05545704973710701,0.04021493340941786,0.044870009009109195
-85.5,-12.5,5982,0.10583188153893971,0.05843836756588699,0.04164628771925435,0.04275289565728983
-84.5,-12.5,5983,0.1298849751549164,0.072523741266037,0.04555640087262695,0.051316295709188706
-83.5,-12.5,5984,0.15810179938566157,0.08593887401569332,0.05567562586481949,0.07385246698893841
-82.5,-12.5,5985,0.17786495996131663,0.09513537261823345,0.060275927704018586,0.07763756573211934
-81.5,-12.5,5986,0.18667795098813594,0.0873169266018371,0.05835501743870825,0.07193250639918704
-80.5,-12.5,5987,0.18162759683587112,0.08328795315593283,0.052418464912031615,0.06296068276728807
-79.5,-12.5,5988,0.17734077717374613,0.08134534590440166,0.034149611217351765,0.06235750069808012
-78.5,-12.5,5989,0.17600222866196732,0.06320711848346734,0.03604120647304909,0.07187240383042161
-77.5,-12.5,5990,0.18860627923399637,0.06169636448493569,0.036369825274044795,0.0755799676859009
-76.5,-12.5,5991,0.1810149789368833,0.06072763831625015,0.05728504030322894,0.08848633662113728
-75.5,-12.5,5992,0.18986399236316712,0.07072313362891137,0.06234424263618433,0.09012635956779076
-74.5,-12.5,5993,0.22397419356481796,0.07691863214450062,0.06224277109723042,0.12418855704452154
-73.5,-12.5,5994,0.23867225295527744,0.07538810410314614,0.053033445017752825,0.1326814107384569
-72.5,-12.5,5995,0.23254803843573213,0.07253271355489381,0.047477002350688434,0.11683540823720268
-71.5,-12.5,5996,0.23677405172005236,0.06298579097941781,0.02989435414958424,0.14245906045183165
-70.5,-12.5,5997,0.20292253155149603,0.05779257486425849,0.029021035454778136,0.14612144421333198
-69.5,-12.5,5998,0.20627391252437155,0.05820074213996959,0.029601281809245043,0.13909452675731235
-68.5,-12.5,5999,0.19428825849077666,0.06274435835159925,0.03238356070128167,0.14412052468961545
-67.5,-12.5,6000,0.2196159970071981,0.07127172515654462,0.046939989657324994,0.16250952472752894
-66.5,-12.5,6001,0.26074732544841,0.08986701002203475,0.051189803388290156,0.25858789010711275
-65.5,-12.5,6002,0.30363666807468337,0.10415562828500535,0.0539529726857136,0.3154922508993107
-64.5,-12.5,6003,0.3451940920231213,0.12546379464134175,0.058959695487779705,0.3539801099975552
-63.5,-12.5,6004,0.33078106859762146,0.147085920060465,0.07270819448007843,0.36205505703033464
-62.5,-12.5,6005,0.34042555880045944,0.13904488742451546,0.07682249863907702,0.35669288206626254
-61.5,-12.5,6006,0.40529212052988167,0.14624970672098564,0.07505756451018561,0.3788521610256317
-60.5,-12.5,6007,0.35580357205557867,0.1453457951492978,0.07042608599510343,0.3878171813543664
-59.5,-12.5,6008,0.41276652322520346,0.14583810461075009,0.0756035983546289,0.4232409633940452
-58.5,-12.5,6009,0.5502131599116514,0.16053234431631025,0.10783983315389033,0.5104192524313687
-57.5,-12.5,6010,0.6242181265590803,0.14377381149231466,0.14427909042560946,0.6194923984563446
-56.5,-12.5,6011,0.28367112566290265,0.0629208789127972,0.07199446393033003,0.43654867569397116
-55.5,-12.5,6012,0.33388428139061427,0.08277464459178756,0.09271074539030835,0.3752212806178777
-54.5,-12.5,6013,0.4422036830115473,0.10417395918486616,0.08992916427773093,0.479102723799479
-53.5,-12.5,6014,0.41088263472605696,0.15496829612854934,0.12233969725888938,0.38332028866990847
-52.5,-12.5,6015,0.3317480540958616,0.15246271630099886,0.12530853630615602,0.6350334409573819
-51.5,-12.5,6016,0.26115511906117905,0.14270691766428345,0.10368131239868347,0.3490241993765183
-50.5,-12.5,6017,0.18168276224573005,0.09557132414721532,0.12726984950584197,0.3517136727418462
-29.5,-12.5,6031,0.36776554343024537,0.2274965884323548,0.10341347391171854,0.5060631977369272
-28.5,-12.5,6032,0.4786563229451567,0.22159818526454014,0.0999010359131748,0.5197217565784664
-27.5,-12.5,6033,0.36769371593347927,0.20127884618835057,0.08693802728283542,0.439553369879281
-26.5,-12.5,6034,0.39735563593425893,0.20971056791516038,0.10147429753502298,0.43416202675560656
-25.5,-12.5,6035,0.4204852993884237,0.18081474157868285,0.10088167821012187,0.34721559883680886
-24.5,-12.5,6036,0.34144790675848985,0.18008723648162317,0.10055752396459744,0.3222075062015819
-23.5,-12.5,6037,0.316417386659946,0.15069305719567436,0.08041445820416994,0.2558461261091
-22.5,-12.5,6038,0.23108296324347669,0.13054039742098603,0.10419164595994326,0.20789018996431802
-21.5,-12.5,6039,0.266772483573656,0.20128768990172455,0.08981146878845511,0.31596837895420016
-20.5,-12.5,6040,0.23155894987637848,0.21646097964798758,0.10996123997180034,0.3397058725857431
-19.5,-12.5,6041,0.23962994986708597,0.20521678882625177,0.1399590594698746,0.22573302952199992
-18.5,-12.5,6042,0.2761759777481383,0.1992348536234368,0.15199292360266603,0.2492950664261909
-17.5,-12.5,6043,0.27198348523009275,0.20360096836343522,0.184725758889437,0.28444251304185814
-16.5,-12.5,6044,0.25286324212813766,0.16221374074040668,0.14313132861779249,0.3270985402208666
-15.5,-12.5,6045,0.28030985583729395,0.18117835719715375,0.09461533580372875,0.45620190579599734
-14.5,-12.5,6046,0.30989957916092853,0.20248475608580713,0.14721774035668414,0.4870594588082408
-13.5,-12.5,6047,0.26122991858481326,0.18628719095752197,0.1355075570789653,0.32976091000130503
-12.5,-12.5,6048,0.26103383632353533,0.18923466690106838,0.13434809368578182,0.34729313733809986
-11.5,-12.5,6049,0.2764017707776196,0.22534856198913056,0.15709687118943538,0.3866260033515753
-10.5,-12.5,6050,0.24108919590180602,0.19523065909295614,0.08451962487092991,0.35077381611945624
0.5,-12.5,6061,0.09741212968115477,NA,0.053721382605958004,0.08765967886121824
1.5,-12.5,6062,0.0972596960511149,NA,0.07277962989539095,0.11476219925054229
2.5,-12.5,6063,0.09347642397995269,NA,0.07221075150998481,0.11054816632950362
3.5,-12.5,6064,0.11081371638810047,NA,0.09001023449165663,0.12280617782974737
4.5,-12.5,6065,0.09231529790818804,NA,0.10804137503315242,0.12823379452249045
5.5,-12.5,6066,0.07131252724330041,NA,0.09462122491939585,0.12078988683394741
6.5,-12.5,6067,0.08748828113406226,NA,0.08726491500422906,0.11425898568431324
7.5,-12.5,6068,0.08098361727901458,NA,0.05565279367177644,0.1724668440864287
8.5,-12.5,6069,0.09003978945811282,NA,0.08056169301818948,0.11443763667995377
9.5,-12.5,6070,0.08754716864215885,NA,0.05163814297148038,0.11225374728802594
20.5,-12.5,6081,0.06462274975936246,0.08689973982898366,0.07233684575833374,0.08608875924327632
21.5,-12.5,6082,0.07369250274674119,0.08565831758002508,0.0741139002917965,0.08214059458387879
22.5,-12.5,6083,0.08451403833490272,0.09690190805194546,0.07085557158882272,0.0764013234158459
23.5,-12.5,6084,0.08153633235876728,0.09418064566570152,0.0776940163782304,0.07576337019230012
24.5,-12.5,6085,0.08663565209399418,0.07035157670527409,0.07759664476453328,0.07784532764146752
25.5,-12.5,6086,0.09368845522719169,0.08089200115377905,0.05092244671563141,0.07541832999789663
26.5,-12.5,6087,0.07884721894036474,0.1030409467434558,0.10705475957529874,0.09264131776691148
27.5,-12.5,6088,0.08226416801607833,0.10506071431295624,0.11015500556949354,0.1111276850936188
28.5,-12.5,6089,0.08267436355026189,0.10975226518205275,0.12058011517369192,0.09428192567136695
29.5,-12.5,6090,0.08945754100286313,0.11388082727667759,0.10721291364406375,0.10522766038888155
40.5,-12.5,6101,0.0963176739336524,0.09201464222724434,0.041200287094263495,0.07383172049028659
41.5,-12.5,6102,0.1023799866622904,0.0970146391872336,0.04149792993038559,0.08092114632182626
42.5,-12.5,6103,0.11325750924041872,0.10021045986111084,0.04293447492654596,0.08561567380696705
43.5,-12.5,6104,0.09870450161233195,0.09550276083900146,0.039571992194472355,0.06953627541643786
44.5,-12.5,6105,0.1019217274379974,0.09504250226974616,0.04087443809363161,0.07499530320770562
45.5,-12.5,6106,0.09742415460314165,0.06807827860915078,0.03465712883955033,0.06595327977040057
46.5,-12.5,6107,0.08242950469904523,0.06563758911576142,0.03251507690849561,0.048901218690761035
47.5,-12.5,6108,0.07084219212339941,0.05162718443842235,0.025057544058175445,0.03820312208437427
48.5,-12.5,6109,0.048640524720974035,0.040079669604136586,0.019392870738112758,0.029399838551085238
49.5,-12.5,6110,0.04389126101953774,0.03962469907821545,0.018236882679873542,0.030182019136447708
50.5,-12.5,6111,0.04488880085431903,0.03904994560176252,NA,0.029969864053376323
51.5,-12.5,6112,0.04207701922799215,0.03999938969672325,NA,0.028307461797022128
52.5,-12.5,6113,0.03532914741641355,0.03312961218649739,NA,0.02740978829454411
53.5,-12.5,6114,0.03538504431953863,0.02802606791553699,NA,0.021790129511692274
54.5,-12.5,6115,0.033330825117806905,0.029492704569531777,NA,0.021685445272583634
55.5,-12.5,6116,0.03417506287871763,0.02889943544318464,NA,0.021993003060425093
56.5,-12.5,6117,0.029318666435973594,0.029333031589141273,NA,0.022031049829546123
57.5,-12.5,6118,0.0287584697951139,0.02949442185238584,NA,0.02121583891988483
58.5,-12.5,6119,0.029066697789527793,0.027381517486357927,NA,0.01841383926608319
59.5,-12.5,6120,0.028286192157247664,0.0272029246650889,NA,0.015855696166472862
70.5,-12.5,6131,0.013793535602919587,NA,NA,NA
71.5,-12.5,6132,0.013780585446256323,NA,NA,NA
72.5,-12.5,6133,0.01369739959164587,NA,NA,NA
73.5,-12.5,6134,0.013598037882874826,NA,NA,NA
74.5,-12.5,6135,0.014057515772730211,NA,NA,NA
75.5,-12.5,6136,0.015592020190934598,NA,NA,NA
76.5,-12.5,6137,0.015225319225840096,NA,NA,NA
77.5,-12.5,6138,0.014822194065869126,NA,NA,NA
78.5,-12.5,6139,0.014323156702234083,NA,NA,NA
79.5,-12.5,6140,0.012244855605301624,NA,NA,NA
80.5,-12.5,6141,0.010381673761676211,NA,NA,0.00905164789745115
81.5,-12.5,6142,0.010386822446013251,NA,NA,0.010024329392237448
82.5,-12.5,6143,0.012293868707277158,NA,NA,0.009529715586162219
83.5,-12.5,6144,0.01105529464334923,NA,NA,0.00896600117734659
84.5,-12.5,6145,0.011238746089976902,NA,NA,0.009202663967254445
85.5,-12.5,6146,0.012552551492599808,NA,NA,0.008846254641625145
86.5,-12.5,6147,0.014671836152697066,NA,NA,0.008914279916844728
87.5,-12.5,6148,0.01654610831347604,NA,NA,0.008995811426171382
88.5,-12.5,6149,0.01779713385591601,NA,NA,0.009051966953034929
89.5,-12.5,6150,0.01625219365479174,NA,NA,0.009049880961748972
90.5,-12.5,6151,0.0185654687285564,NA,0.008196208062966061,0.00919245779881864
91.5,-12.5,6152,0.018231888322506214,NA,0.009448675347686127,0.009604048670410911
92.5,-12.5,6153,0.018607609611277345,NA,0.009213999440580036,0.009195030524235993
93.5,-12.5,6154,0.018959571535465514,NA,0.009418010194904822,0.010127684275342864
94.5,-12.5,6155,0.019159465432347613,NA,0.007056314616252486,0.010231909917474353
95.5,-12.5,6156,0.019250808959970573,NA,0.008657808291556468,0.010501045908375424
96.5,-12.5,6157,0.029788824988053204,NA,0.010300393298034512,0.013629622743025812
97.5,-12.5,6158,0.03354017855484627,NA,0.011640747510393443,0.013967386238025039
98.5,-12.5,6159,0.03346318765552252,NA,0.01258701883294828,0.01548675519289058
99.5,-12.5,6160,0.034435846382918155,NA,0.014503749340640259,0.020330584312028756
-109.5,-11.5,6194,0.1297966387922749,NA,NA,0.07783812546903165
-108.5,-11.5,6195,0.1079161655467077,NA,NA,0.06674261723404785
-107.5,-11.5,6196,0.10019871884498062,NA,NA,0.06617541098509978
-106.5,-11.5,6197,0.09990668371762973,NA,NA,0.06670090045239903
-105.5,-11.5,6198,0.07419242629009855,NA,NA,0.06073244508110596
-104.5,-11.5,6199,0.0747357871848116,NA,NA,0.05837325225197624
-103.5,-11.5,6200,0.057311832671490856,NA,NA,0.04891311529282806
-102.5,-11.5,6201,0.05394325026473734,NA,NA,0.046044294269557896
-101.5,-11.5,6202,0.05372004920672236,NA,NA,0.04266998892479377
-100.5,-11.5,6203,0.05865153370685368,NA,NA,0.047921167837527937
-99.5,-11.5,6204,0.051079013645809676,NA,NA,0.04587834515463449
-98.5,-11.5,6205,0.04945436325441808,NA,NA,0.03544507491814566
-97.5,-11.5,6206,0.049727723226130074,NA,NA,0.0338183853163085
-96.5,-11.5,6207,0.04836141343456724,NA,NA,0.03442134795956891
-95.5,-11.5,6208,0.047618599939036554,NA,NA,0.03409644937238174
-94.5,-11.5,6209,0.04684903647909317,NA,NA,0.026238362567266586
-93.5,-11.5,6210,0.04528016836563469,NA,NA,0.029315321451929235
-92.5,-11.5,6211,0.045408395797483334,NA,NA,0.027044347374310475
-91.5,-11.5,6212,0.04859160765049523,NA,NA,0.029771280176043365
-90.5,-11.5,6213,0.044946912925745354,NA,NA,0.031151117991217225
-89.5,-11.5,6214,0.04732693382412398,0.03300224535754617,0.019343307874041465,0.03449361158822457
-88.5,-11.5,6215,0.060979605546938105,0.04314495345803625,0.0355114732887728,0.041954744400955375
-87.5,-11.5,6216,0.07926890622609523,0.04729132733712851,0.040784094263453016,0.04956997000873787
-86.5,-11.5,6217,0.07783699643462481,0.046837821388608564,0.040525043330593896,0.047321341716829335
-85.5,-11.5,6218,0.07673956274821486,0.04227808474671008,0.023993411515119318,0.04790071455115469
-84.5,-11.5,6219,0.09630671898428161,0.06097068569300715,0.05534021351755769,0.05378120694210495
-83.5,-11.5,6220,0.1119619175787509,0.08032148220754178,0.06782793658067396,0.08378787399874733
-82.5,-11.5,6221,0.11724006493761072,0.07628144264432375,0.09462729872195969,0.08908852388800964
-81.5,-11.5,6222,0.11813524768103717,0.07079807299974415,0.06413292042888898,0.07873618163987478
-80.5,-11.5,6223,0.1123604978174806,0.05864045107613432,0.051502307061757006,0.07195347241735299
-79.5,-11.5,6224,0.11494046728735215,0.05939748133566925,0.04600262872740308,0.0735598176682926
-78.5,-11.5,6225,0.12094190212492444,0.05707888991030108,0.04723140533090715,0.06606876684819075
-77.5,-11.5,6226,0.11396863646589372,0.05375829726272891,0.04744376960864846,0.0684436245489611
-76.5,-11.5,6227,0.14957156376918473,0.05896229885291097,0.06263839510560991,0.09453087893399277
-75.5,-11.5,6228,0.1510902997490104,0.0658446528199714,0.061912251062459484,0.11592749296215613
-74.5,-11.5,6229,0.1522268368826993,0.06177186355259064,0.040757193677682144,0.12729809569446887
-73.5,-11.5,6230,0.16276776461305056,0.06502003511203142,0.06091158956579191,0.11287829892117913
-72.5,-11.5,6231,0.1469828677951293,0.058399983868425556,0.06616203183310368,0.11373016536769849
-71.5,-11.5,6232,0.137032752723125,0.04617371674898762,0.050465429392374944,0.0960382478636381
-70.5,-11.5,6233,0.15131533092261681,0.04670356335734123,0.03376515802851556,0.11778530480960035
-69.5,-11.5,6234,0.14664107493280615,0.0445877363222219,0.03375943086182879,0.11626486637961175
-68.5,-11.5,6235,0.15817959817897467,0.047286091087909925,0.03562881888277643,0.1404388110385123
-67.5,-11.5,6236,0.20260190329005173,0.05443968646169779,0.04182756771234309,0.19027860624353327
-66.5,-11.5,6237,0.24072486618341962,0.06771061048232664,0.053808555767424084,0.24808315061400718
-65.5,-11.5,6238,0.2405774592495296,0.06681044043457846,0.05849680813799201,0.27610732004506583
-64.5,-11.5,6239,0.2461294559689624,0.07298390334388356,0.07272012843874094,0.28433808646216774
-63.5,-11.5,6240,0.26719936598176913,0.10813057070136455,0.06903986245564793,0.3465630684583308
-62.5,-11.5,6241,0.33719157400020827,0.1026788669308473,0.07842544040499688,0.34147834424348167
-61.5,-11.5,6242,0.38784263876623554,0.11712612304714957,0.08817100450739707,0.3466638832052774
-60.5,-11.5,6243,0.3583307493099,0.12546724163436562,0.08095806877488347,0.3690345262038771
-59.5,-11.5,6244,0.35823727804833855,0.1416158631243217,0.08137057725111742,0.3765276647571905
-58.5,-11.5,6245,0.4310136618273446,0.15220099019812483,0.08773030932533074,0.3826876638695748
-57.5,-11.5,6246,0.45322553564775575,0.13419497374411513,0.08014686535405453,0.3434855541622193
-56.5,-11.5,6247,0.34275667397567156,0.13901320177628243,0.12383335215482712,0.4663614741378909
-55.5,-11.5,6248,0.21565462253854822,0.08168141869211663,0.08226926260830819,0.28435375589070616
-54.5,-11.5,6249,0.2345491368480054,0.0781350811946741,0.0892305326517652,0.3614091465682679
-53.5,-11.5,6250,0.19770339217119837,0.06646856564584604,0.05278040886341301,0.27052433744605153
-52.5,-11.5,6251,0.23255491494574837,0.08021420812205794,0.06539995970885194,0.36410596732091033
-51.5,-11.5,6252,0.29221256233238613,0.07562685725691272,0.12474589378266804,0.3770969499826191
-50.5,-11.5,6253,0.1971581606547704,0.07043790121726648,0.11812726943206472,0.28206491548752466
-29.5,-11.5,6271,0.3293409038254093,0.25477835395215565,0.09435435147555321,0.3823020687623022
-28.5,-11.5,6272,0.41476899626756636,0.26225471766344227,0.0832468286148623,0.4390496631843908
-27.5,-11.5,6273,0.3165463373026937,0.16827350586826934,0.0769032827282189,0.332295236012525
-25.5,-11.5,6274,0.30929214703618546,0.22390923837153412,0.08086765518289299,0.4277268607164421
-24.5,-11.5,6275,0.288905617407535,0.20988853926082016,0.10782086737789932,0.37685350148572294
-23.5,-11.5,6276,0.2147802451917128,0.2153345205553933,0.0882321620482115,0.35747072119948653
-22.5,-11.5,6277,0.18853785954992341,0.19279157291531537,0.08152915235160599,0.30071053566519934
-21.5,-11.5,6278,0.2608554441282243,0.22386114323542403,0.08760487069885203,0.42927853572459
-20.5,-11.5,6279,0.34382236043346914,0.2891480481410284,0.1734821747518529,0.57004924978739
-19.5,-11.5,6280,0.2900214134409482,0.2276268713076307,0.1407131099981673,0.5471280533151829
-18.5,-11.5,6281,0.2418271494832524,0.1957804927180281,0.14069763623814788,0.4773080123026895
-17.5,-11.5,6282,0.21473580307603524,0.187142491167691,0.15969647812765225,0.5325436340697239
-16.5,-11.5,6283,0.1698871369412162,0.1811318275001961,0.13051666321941044,0.4819813900295352
-15.5,-11.5,6284,0.19343660662629192,0.1680684161054018,0.12956596555709668,0.3137672038431018
-14.5,-11.5,6285,0.20509567431172565,0.17417557035872866,0.13590873295234618,0.33776286060705585
-13.5,-11.5,6286,0.2555783483132382,0.20779965604308318,0.14326296365251237,0.3687316359443644
-12.5,-11.5,6287,0.21885540915538687,0.1441554620523367,0.12420337248183155,0.30361098979566964
-11.5,-11.5,6288,0.2541936001103702,0.14419773847530443,0.13538667630896214,0.5145784884908466
-10.5,-11.5,6289,0.25888296042432524,0.16064415841228913,0.07841691506430502,0.5031314426581192
0.5,-11.5,6300,0.08258047690376746,NA,0.06219206418743233,0.0808706888780686
1.5,-11.5,6301,0.051127168249735955,NA,0.05942625347237548,0.10905181168064339
2.5,-11.5,6302,0.057237200859648306,NA,0.06823897807791182,0.08631287557001334
3.5,-11.5,6303,0.0942270229150409,NA,0.08373755339228309,0.1041011611423938
4.5,-11.5,6304,0.08167641957782779,NA,0.08511785266975501,0.10648258996246533
5.5,-11.5,6305,0.07168456893733076,NA,0.06923835134489681,0.08209314452702904
6.5,-11.5,6306,0.06281667911661225,NA,0.07092348621680118,0.12250300638106992
7.5,-11.5,6307,0.06771572389323707,NA,0.048370754337641694,0.14592429186346062
8.5,-11.5,6308,0.09540181471870808,NA,0.08809372605847204,0.10524036337691488
9.5,-11.5,6309,0.10261137561948933,NA,0.05151843660156471,0.11176996813943198
20.5,-11.5,6320,0.06821051328238334,0.0798810821978292,0.0840244910464832,0.09688315484919428
21.5,-11.5,6321,0.05456586331876227,0.06214577715156936,0.06656524667334572,0.07402795775931409
22.5,-11.5,6322,0.06445593069292727,0.06160287946466255,0.06582770471230483,0.08722950474047683
23.5,-11.5,6323,0.07072131958370372,0.08394147153321378,0.0677001149075511,0.0693745104414541
24.5,-11.5,6324,0.07291768051158064,0.07305932179537554,0.07408788949779768,0.071656668302922
25.5,-11.5,6325,0.06920341923338183,0.08803192613271336,0.07034574744620051,0.06874335092707266
26.5,-11.5,6326,0.08385954901138944,0.09796089660515353,0.08371072427120384,0.0829870127361688
27.5,-11.5,6327,0.08281857564319867,0.0938391305161892,0.0811004286138786,0.08586784030390418
28.5,-11.5,6328,0.10552429361285633,0.12317829641477944,0.10042728345370042,0.125165855915973
29.5,-11.5,6329,0.08488542890209666,0.1087757136852324,0.04421122909357783,0.09214738763066273
40.5,-11.5,6340,0.07400316077608232,0.07360063954649046,0.04721917879823282,0.07525340621982739
41.5,-11.5,6341,0.08270531942147781,0.08139350210058002,0.0514008897992831,0.10594659319664344
42.5,-11.5,6342,0.07110732376240078,0.07021084639629559,0.04651710397912744,0.07525064103946955
43.5,-11.5,6343,0.06814977869481821,0.06760059897631134,0.03230467326431116,0.0773825480976966
44.5,-11.5,6344,0.05605863582584129,0.05085547913810308,0.02798100427620287,0.0519424577817275
45.5,-11.5,6345,0.058756889819024154,0.047244105193381486,0.025549801576533207,0.05369853276706032
46.5,-11.5,6346,0.0532432572970906,0.0448229061599346,0.022967647147340793,0.04644170459346091
47.5,-11.5,6347,0.050730374614730366,0.04280987272783724,0.021456933512129173,0.043817922577737
48.5,-11.5,6348,0.0371663368664143,0.03746526673299516,0.021529543138514254,0.033552354219073606
49.5,-11.5,6349,0.03967339745217295,0.03784856618083823,0.02027085185902246,0.030403398512318845
50.5,-11.5,6350,0.036988164330510734,0.03664023469623317,NA,0.028319552614145312
51.5,-11.5,6351,0.03604389726082106,0.03436595426987563,NA,0.0274080159870309
52.5,-11.5,6352,0.03543714563652412,0.033104636266948505,NA,0.025664061211352247
53.5,-11.5,6353,0.03019030408471752,0.03067858496596381,NA,0.025610064234507523
54.5,-11.5,6354,0.028947421450551344,0.026891117973603513,NA,0.02506924545546218
55.5,-11.5,6355,0.027029652156459576,0.026214804919846336,NA,0.023863891340297795
56.5,-11.5,6356,0.0258174979881284,0.02665512861836264,NA,0.021291560388188344
57.5,-11.5,6357,0.026445798177712032,0.026488812341395603,NA,0.019880435256777206
58.5,-11.5,6358,0.026213645500088437,0.0277768893400287,NA,0.01753186547709524
59.5,-11.5,6359,0.024013926117597915,0.025147340109889203,NA,0.01633045219059045
70.5,-11.5,6370,0.014718090981348745,NA,NA,NA
71.5,-11.5,6371,0.013505560770292408,NA,NA,NA
72.5,-11.5,6372,0.013612781084637864,NA,NA,NA
73.5,-11.5,6373,0.01391729149532118,NA,NA,NA
74.5,-11.5,6374,0.013648381696620257,NA,NA,NA
75.5,-11.5,6375,0.013254305843155222,NA,NA,NA
76.5,-11.5,6376,0.013131827856447561,NA,NA,NA
77.5,-11.5,6377,0.011834460174410321,NA,NA,NA
78.5,-11.5,6378,0.010940289559316557,NA,NA,NA
79.5,-11.5,6379,0.01119629038071229,NA,NA,NA
80.5,-11.5,6380,0.011203466997854353,NA,NA,0.009777914301125595
81.5,-11.5,6381,0.013155146232341815,NA,NA,0.009662292642383689
82.5,-11.5,6382,0.013368462430922452,NA,NA,0.009662292642383689
83.5,-11.5,6383,0.013765631247317108,NA,NA,0.009271804827161964
84.5,-11.5,6384,0.014802470826109937,NA,NA,0.009309060061927542
85.5,-11.5,6385,0.0191121194233361,NA,NA,0.008942602415067745
86.5,-11.5,6386,0.019006412169586564,NA,NA,0.008994303695145246
87.5,-11.5,6387,0.019548565764949122,NA,NA,0.008901114826230573
88.5,-11.5,6388,0.01895386098596215,NA,NA,0.008981409889916395
89.5,-11.5,6389,0.019536573039391516,NA,NA,0.008849816018252521
90.5,-11.5,6390,0.018959394821278664,NA,0.008191809790985851,0.009010870937398177
91.5,-11.5,6391,0.0197792405180081,NA,0.008101149551345471,0.00916390592180012
92.5,-11.5,6392,0.01768674006565334,NA,0.009870754124402567,0.009818332348160983
93.5,-11.5,6393,0.01822475308075449,NA,0.009817432006071457,0.010301262614530527
94.5,-11.5,6394,0.018478409612977618,NA,0.00886966410873472,0.0102515735608029
95.5,-11.5,6395,0.02207782104239261,NA,0.006565029012627848,0.01050944828146986
96.5,-11.5,6396,0.033109160059000206,NA,0.010902269429622299,0.013162887079065768
97.5,-11.5,6397,0.03276028140116537,NA,0.012543970427887425,0.014034461514553842
98.5,-11.5,6398,0.03209283896511096,NA,0.01372286634442127,0.01663679497283215
99.5,-11.5,6399,0.03384858079052119,NA,0.014807075428250162,0.02176277203476041
-109.5,-10.5,6433,0.14281262814056514,NA,NA,0.0726999673663002
-108.5,-10.5,6434,0.10689787192834532,NA,NA,0.07603360437147584
-107.5,-10.5,6435,0.09784308067442837,NA,NA,0.0687836888327731
-106.5,-10.5,6436,0.11931691989512681,NA,NA,0.07354757579820961
-105.5,-10.5,6437,0.08352598030279694,NA,NA,0.08131008692851871
-104.5,-10.5,6438,0.07652180930994962,NA,NA,0.07708498405189175
-103.5,-10.5,6439,0.0792128310800654,NA,NA,0.06793036671046374
-102.5,-10.5,6440,0.052691460881012606,NA,NA,0.049427438706684174
-101.5,-10.5,6441,0.0455062399036021,NA,NA,0.04676582233656863
-100.5,-10.5,6442,0.04833963578423615,NA,NA,0.048927752319879426
-99.5,-10.5,6443,0.061716359846103075,NA,NA,0.04335629585189139
-98.5,-10.5,6444,0.0673257527891729,NA,NA,0.03761870369064498
-97.5,-10.5,6445,0.04360475787047435,NA,NA,0.035026596811711184
-96.5,-10.5,6446,0.04371250373898515,NA,NA,0.035092176412881974
-95.5,-10.5,6447,0.047515049903586265,NA,NA,0.03617177147156576
-94.5,-10.5,6448,0.04667275262000014,NA,NA,0.032870172770770825
-93.5,-10.5,6449,0.045958776507556136,NA,NA,0.03267637454075663
-92.5,-10.5,6450,0.04512513670021355,NA,NA,0.03252172837385743
-91.5,-10.5,6451,0.04644368425718134,NA,NA,0.033250183926164065
-90.5,-10.5,6452,0.0485940047654945,NA,NA,0.03317650301442812
-89.5,-10.5,6453,0.05220834895367665,0.03060634100649402,0.02977462605944893,0.03236061874112809
-88.5,-10.5,6454,0.07306016738162105,0.0392421891857298,0.023397145149704812,0.04352136988922725
-87.5,-10.5,6455,0.09053618843281697,0.040967712291129894,0.037674608661608155,0.048140067420007975
-86.5,-10.5,6456,0.11171447054818918,0.051516203425004244,0.03002724176581996,0.06395766352036193
-85.5,-10.5,6457,0.09262833225409622,0.04510115578823333,0.027695903694594504,0.061258039409454915
-84.5,-10.5,6458,0.10704076336952732,0.05180733768821693,0.05146604652357588,0.07135596058840873
-83.5,-10.5,6459,0.1314798486559356,0.06445279972007342,0.059337646368439086,0.10389432691056776
-82.5,-10.5,6460,0.14895912513027115,0.07791210126153042,0.10823196325851275,0.1256690242367811
-81.5,-10.5,6461,0.11725191211821126,0.06145748875005791,0.07616507854763073,0.09051413095574862
-80.5,-10.5,6462,0.08985531951038479,0.04747972274337115,0.03783450960756104,0.07217985454402165
-79.5,-10.5,6463,0.09246694167357071,0.04772339590432338,0.03581218560666011,0.07117060733232188
-78.5,-10.5,6464,0.10136708853435039,0.05580214416220079,0.04094479946186124,0.07453022013755423
-77.5,-10.5,6465,0.08459039265713648,0.04362202685198741,0.02985702745961953,0.0673233047923119
-76.5,-10.5,6466,0.1098690439665678,0.061408298102927826,0.07395733174437406,0.10193981663274557
-75.5,-10.5,6467,0.20379215132980547,0.05724083098379363,0.09579901947028867,0.11136269272985938
-74.5,-10.5,6468,0.0702772547662511,0.07975141209947802,0.0502792299173392,0.09559870952946979
-73.5,-10.5,6469,0.1414815538284126,0.10234353962032211,0.10759073390574675,0.14213516973327522
-72.5,-10.5,6470,0.10065252794496438,0.04843888115306707,0.06472133919387486,0.09680309982823589
-71.5,-10.5,6471,0.10555645253833587,0.0630158741295427,0.0685112164449787,0.13035960391061793
-70.5,-10.5,6472,0.0968017665359973,0.06505540185924752,0.06424271101660876,0.1224757638826748
-69.5,-10.5,6473,0.09757012863097118,0.07225003614925546,0.06743925788489073,0.1439789464092238
-68.5,-10.5,6474,0.1206934790778015,0.07595743712527951,0.05581350641580605,0.14655710558365762
-67.5,-10.5,6475,0.13048346025897312,0.1047864249571178,0.0629218809814078,0.18644155564825463
-66.5,-10.5,6476,0.173633044526266,0.13041200788494017,0.09159404449992647,0.2877048695365156
-65.5,-10.5,6477,0.19063605270693285,0.1287524525589113,0.08984165175973298,0.3200639675616287
-64.5,-10.5,6478,0.19845611688484177,0.1645779648777635,0.08638710542184512,0.3796394266929322
-63.5,-10.5,6479,0.2150204801457148,0.2241854684334316,0.1243819524577224,0.4216581061775836
-62.5,-10.5,6480,0.2201036414437315,0.3034888849775715,0.11761883034034802,0.42252607885486526
-61.5,-10.5,6481,0.25749627739496556,0.2194058007898022,0.14120908623229417,0.4651641280623948
-60.5,-10.5,6482,0.2610068290444562,0.23629873592393555,0.11780898325623546,0.4079979531969127
-59.5,-10.5,6483,0.18215431461333362,0.18334110529413092,0.1107374119665607,0.494823936780103
-56.5,-10.5,6484,0.18621273046999065,0.22656080682665672,0.09864898079665978,0.48164050040063566
-55.5,-10.5,6485,0.2515039054146167,0.16604519829404193,0.10336433028647267,0.3039577963313753
-54.5,-10.5,6486,0.3868987308806295,0.25448437876511365,0.09918662950302531,0.3684063912372824
-53.5,-10.5,6487,0.2618172990343755,0.07512441906367995,0.10104660431300994,0.3153374402728457
-52.5,-10.5,6488,0.2114177354961307,0.07385255929509905,0.06359996266447265,0.250535472545293
-51.5,-10.5,6489,0.17069652432391066,0.06627034221748385,0.07626453623615963,0.20537335064741247
-50.5,-10.5,6490,0.11553199713203514,0.05769018877017233,0.06584397559950093,0.1920985861465809
-28.5,-10.5,6510,0.24681533688420956,0.3957970950498733,0.24790477561845828,0.43182666499668804
-27.5,-10.5,6511,0.29985115163286824,0.3032541680271928,0.10025452595029995,0.3699468712789073
-26.5,-10.5,6512,0.30986595796930494,0.21377867039620982,0.08500514123389637,0.34246217324844525
-25.5,-10.5,6513,0.3571271284129047,0.18239889031404233,0.09086087212924804,0.4269482757736371
-24.5,-10.5,6514,0.19465627394212034,0.16870857337574355,0.0854846502890873,0.4475789974120039
-23.5,-10.5,6515,0.21894315072679005,0.2265784442044807,0.09001906521817049,0.40989719632095256
-22.5,-10.5,6516,0.18776796596661519,0.19293214354832958,0.08268053691209692,0.41034624615391174
-21.5,-10.5,6517,0.2732891255129222,0.19624501862741928,0.08478423986924766,0.4387006370854785
-20.5,-10.5,6518,0.28742641094056703,0.1877686896468501,0.08338247548240035,0.4494828040614634
-19.5,-10.5,6519,0.2592725279910056,0.1863881300211035,0.1351039420384052,0.449737063366528
-18.5,-10.5,6520,0.2611494410910353,0.23685972780174683,0.08754580279621417,0.5810682634438327
-17.5,-10.5,6521,0.3125332765367862,0.2433492411933419,0.18690056531439345,0.6994639979321383
-16.5,-10.5,6522,0.23048233693508102,0.11846327711234036,0.1059798609132543,0.5560803093923693
-15.5,-10.5,6523,0.19195882490655394,0.1228774077823033,0.1511132804014555,0.31449258592236956
-14.5,-10.5,6524,0.1709309344224671,0.11171968241429096,0.13906929712874155,0.2923105639604624
-13.5,-10.5,6525,0.2542683120688461,0.15789311992058083,0.10129790314343184,0.40187596795313196
-12.5,-10.5,6526,0.19177623691040574,0.12142270113683183,0.08011727559358521,0.3086206024232215
-11.5,-10.5,6527,0.19376551399807498,0.12478142360921152,0.141611617792581,0.43900364248565565
-10.5,-10.5,6528,0.20892897283225734,0.10513007226129299,0.13324742936459935,0.26282115966201797
0.5,-10.5,6539,0.09054785337898213,NA,0.08039171123460088,0.11555991866817816
1.5,-10.5,6540,0.07898464890567317,NA,0.05026227555489294,0.11347618798058308
2.5,-10.5,6541,0.04921662991258511,NA,0.07520314317474132,0.0774380462488334
3.5,-10.5,6542,0.06436573817868323,NA,0.07495110433114187,0.08020938957935528
4.5,-10.5,6543,0.07477913942783404,NA,0.07507826480446517,0.07628805861252247
5.5,-10.5,6544,0.05079455129821129,NA,0.07504120480611162,0.07303241756317122
6.5,-10.5,6545,0.059980320468753005,NA,0.07465361534494011,0.10866244626441224
7.5,-10.5,6546,0.07016678742417694,NA,0.09332542382272552,0.09174526345773668
8.5,-10.5,6547,0.06925092004624868,NA,0.10076882630991633,0.15313944629557877
9.5,-10.5,6548,0.06997074087461584,NA,0.10168998809702531,0.1577081903856002
20.5,-10.5,6559,0.07026562238306462,0.0867611659152892,0.0876212202956073,0.0791392281110823
21.5,-10.5,6560,0.08143428723640686,0.0907247827136782,0.08658665133052136,0.09239495350775552
22.5,-10.5,6561,0.11211809889104965,0.07595330270179156,0.09499077452788263,0.09398455829398662
23.5,-10.5,6562,0.08228924165684001,0.06393060414660005,0.07950905043840241,0.07268737495815733
24.5,-10.5,6563,0.07600859596804116,0.06781608064436973,0.06773184414971341,0.059588884988092214
25.5,-10.5,6564,0.08003569645092869,0.05668468172496021,0.047102777016582595,0.05825120729015708
26.5,-10.5,6565,0.0909390649032787,0.0761473629106252,0.0555866234319674,0.09816889324416132
27.5,-10.5,6566,0.09021949102588682,0.07695455348509561,0.07663904687514607,0.08914582448719514
28.5,-10.5,6567,0.09905749059578244,0.09563493081823135,0.05135613891264661,0.08108164858627673
29.5,-10.5,6568,0.09000366860256592,0.08402341932085847,0.051166803638847895,0.07809813208516621
40.5,-10.5,6579,0.07655558140999463,0.07818465417630156,0.05760535764560695,0.09379523568838194
41.5,-10.5,6580,0.05633382085359945,0.05476304101850589,0.04272651186318583,0.07927086445520012
42.5,-10.5,6581,0.07478416010429396,0.0764656753441621,0.0573891922316004,0.0943271718384246
43.5,-10.5,6582,0.07273209548623565,0.07126415202726001,0.05264461532177627,0.08060190127447762
44.5,-10.5,6583,0.053505986364143214,0.049789304549753964,0.04160309731339482,0.05420353265530565
45.5,-10.5,6584,0.05817999573488273,0.0502304294960125,0.03779172584339332,0.05280821468741517
46.5,-10.5,6585,0.05338159382329529,0.04493490036781032,0.03300502395380944,0.04797785968865465
47.5,-10.5,6586,0.04693512104445772,0.04354310657215878,0.029528191788203945,0.04468183873127528
48.5,-10.5,6587,0.036731934814721125,0.03365865923234067,0.017600286137158323,0.03190066283656654
49.5,-10.5,6588,0.03628626976378719,0.031396757681453086,0.02160880448030841,0.03018099912717383
50.5,-10.5,6589,0.0347176883042575,0.032702595410984324,NA,0.028358040326128528
51.5,-10.5,6590,0.032490218282001986,0.030911389649347733,NA,0.026201058612377807
52.5,-10.5,6591,0.028939268923591003,0.02798376254173208,NA,0.025604438681537042
53.5,-10.5,6592,0.024936143007697958,0.024968142706733466,NA,0.023693589941658214
54.5,-10.5,6593,0.02200047060046429,0.02485689772535871,NA,0.022609293246636124
55.5,-10.5,6594,0.021464119846471997,0.022122360361201174,NA,0.02125764559342914
56.5,-10.5,6595,0.022096198921152534,0.02186644542308985,NA,0.019441339570162728
57.5,-10.5,6596,0.0222158308917473,0.021974566765621532,NA,0.017686386922029573
58.5,-10.5,6597,0.020348010181853463,0.021210575218264277,NA,0.016322503669105825
59.5,-10.5,6598,0.01993488758243985,0.022086384652971806,NA,0.014136557464802676
70.5,-10.5,6609,0.013201599079012725,NA,NA,NA
71.5,-10.5,6610,0.012826547306405036,NA,NA,NA
72.5,-10.5,6611,0.012866467876004777,NA,NA,NA
73.5,-10.5,6612,0.011754825143110506,NA,NA,NA
74.5,-10.5,6613,0.012063480412807246,NA,NA,NA
75.5,-10.5,6614,0.011576048945462387,NA,NA,NA
76.5,-10.5,6615,0.011005911688049664,NA,NA,NA
77.5,-10.5,6616,0.011507671328589182,NA,NA,NA
78.5,-10.5,6617,0.011229547006770502,NA,NA,NA
79.5,-10.5,6618,0.01123197238267416,NA,NA,NA
80.5,-10.5,6619,0.011255804489081193,NA,NA,0.008587078349477587
81.5,-10.5,6620,0.011415328655259191,NA,NA,0.008540295677161669
82.5,-10.5,6621,0.012214394684332238,NA,NA,0.010032169037960687
83.5,-10.5,6622,0.013615249885054623,NA,NA,0.009882825921157148
84.5,-10.5,6623,0.015234065468654249,NA,NA,0.0096652724997934
85.5,-10.5,6624,0.016228388756220055,NA,NA,0.008903634294712746
86.5,-10.5,6625,0.017815061425331704,NA,NA,0.009009890084551313
87.5,-10.5,6626,0.018588201953933584,NA,NA,0.00900043126076862
88.5,-10.5,6627,0.017145669445754422,NA,NA,0.009018069281176067
89.5,-10.5,6628,0.016773460758013302,NA,NA,0.00911573157515443
90.5,-10.5,6629,0.017245147333943295,NA,0.009815370121998622,0.00938683688571293
91.5,-10.5,6630,0.019752352121252648,NA,0.009880432211114447,0.009939755272625231
92.5,-10.5,6631,0.02111082872627499,NA,0.009722993903388842,0.009913741047794132
93.5,-10.5,6632,0.020881334765685496,NA,0.009122463507577975,0.009922106613868045
94.5,-10.5,6633,0.02316618076223855,NA,0.008659805804226458,0.010207715923802764
95.5,-10.5,6634,0.03002883247976567,NA,0.010910833785046817,0.013396807860074028
96.5,-10.5,6635,0.03295940265603702,NA,0.01228143579879365,0.01431426819374801
97.5,-10.5,6636,0.040086773357547,NA,0.013759252455700519,0.01637695357690072
98.5,-10.5,6637,0.03582385457387369,NA,0.014976417945555024,0.02386184144859674
99.5,-10.5,6638,0.04926051726500788,NA,0.01753427640864736,0.02919023125766585
-139.5,-9.5,6641,0.08703887852126929,NA,0.03889690726724768,0.1388996536302318
-138.5,-9.5,6642,0.25883880777999957,NA,0.0455047509473251,0.11851324238598121
-137.5,-9.5,6643,0.27048803184550657,NA,0.06413898856835361,0.150452493289129
-136.5,-9.5,6644,0.25302554144654016,NA,0.05027152443672189,0.14961557137961257
-135.5,-9.5,6645,0.19957960160135604,NA,0.03352991456341427,0.11516182310111156
-134.5,-9.5,6646,0.2205892808569062,NA,0.03639148247476475,0.11608350545951916
-133.5,-9.5,6647,0.28835084832557834,NA,0.025470795279196108,0.07084826261894404
-132.5,-9.5,6648,0.3502783068106651,NA,0.031622656002655326,0.0842219728588041
-131.5,-9.5,6649,0.2868496712204713,NA,0.03551795994728371,0.08654766699364401
-130.5,-9.5,6650,0.25924114813067384,NA,0.03016177630239066,0.07447949806942844
-129.5,-9.5,6651,0.21364202788286366,0.07531420405267102,0.020334076512482695,0.044795877456955305
-128.5,-9.5,6652,0.18804944482822983,0.07308706363218655,0.021493489619347227,0.04491543705801232
-127.5,-9.5,6653,0.15140767133287789,0.05671207343794246,0.01626246632296359,0.04251936258687353
-126.5,-9.5,6654,0.14744769192281598,0.057042924330995996,0.023894791499954167,0.0431583065747294
-125.5,-9.5,6655,0.163751481945453,0.07013534703124398,0.02918923950433815,0.06168770600428575
-124.5,-9.5,6656,0.14480928618586036,0.09531220228514328,0.041746927936781524,0.07574948415268741
-123.5,-9.5,6657,0.16630606095095254,0.11307347881856332,0.04307833943843518,0.0727532424094328
-122.5,-9.5,6658,0.16110415652047608,0.10042079923928728,0.038291141426124393,0.07425494907542772
-121.5,-9.5,6659,0.1538406724724939,0.09890100050021863,0.02462196585395744,0.09105953436268417
-120.5,-9.5,6660,0.12973630789746188,0.07328450880973093,0.024846989527976152,0.07394282963242574
-119.5,-9.5,6661,0.15372984225741068,0.08658769399834394,NA,0.09601649935232542
-118.5,-9.5,6662,0.31016815842804585,0.07453995982893413,NA,0.08283851630104737
-117.5,-9.5,6663,0.12384961145733173,0.06488661014234616,NA,0.053608820656877235
-116.5,-9.5,6664,0.09497740980101478,0.05180538506950016,NA,0.04141002351895499
-115.5,-9.5,6665,0.09551914514615116,0.051134651960517565,NA,0.04301035266909039
-114.5,-9.5,6666,0.10336424260283777,0.05610546657767758,NA,0.04961106912309058
-113.5,-9.5,6667,0.10498325915675846,0.0608489802117251,NA,0.05584198581385881
-112.5,-9.5,6668,0.1168442875880009,0.061781045199882784,NA,0.07689542779012085
-111.5,-9.5,6669,0.1318135912121473,0.06761653124276962,NA,0.08373148345137105
-110.5,-9.5,6670,0.12646939217031686,0.0661972039519001,NA,0.08169504230438297
-109.5,-9.5,6671,0.12143474446263643,0.06408337827746884,0.03980462228829051,0.07817177323220137
-108.5,-9.5,6672,0.10015753063875392,0.06737229841009845,0.05352431527057757,0.07265206855470237
-107.5,-9.5,6673,0.13184463784845074,0.08143362865540457,0.0507468074983215,0.09604448048664811
-106.5,-9.5,6674,0.082934142587642,0.07273238498127155,0.042998370390543446,0.07251997007147998
-105.5,-9.5,6675,0.0654969160869782,0.07688373655568383,0.029448573564284104,0.08924021842715044
-104.5,-9.5,6676,0.0661522631930487,0.06996055813973208,0.04398483101830963,0.08718446410513486
-103.5,-9.5,6677,0.06951122791213182,0.060715923966309863,0.04960334481970101,0.08327391231638685
-102.5,-9.5,6678,0.0601221338043494,0.055860994085566,0.043064265945560745,0.07302630317775637
-101.5,-9.5,6679,0.042312353916487966,0.04139635927999123,0.024204873685243287,0.05687766142493472
-100.5,-9.5,6680,0.08381486780038787,0.05407576474819481,0.03834123816400489,0.056077735946045724
-99.5,-9.5,6681,0.08141317745375469,0.05295516841874173,0.03735957251516726,0.048365507372286766
-98.5,-9.5,6682,0.07811491698177608,0.048319311755649685,0.02587683894239221,0.045612418857329785
-97.5,-9.5,6683,0.045601573293340095,0.0372506462539312,0.027564756021522748,0.03616564599799387
-96.5,-9.5,6684,0.0404168844293989,0.03213156131823848,0.028318865911872767,0.032199358477004815
-95.5,-9.5,6685,0.039785791112764105,0.0323261300435846,0.04102488745738639,0.031275041536536353
-94.5,-9.5,6686,0.041771948707795936,0.029229222635941573,0.04015863950478835,0.028624724591748387
-93.5,-9.5,6687,0.041948233166930866,0.028783370821246847,0.03906144552179899,0.02829772192680941
-92.5,-9.5,6688,0.0529645837322586,0.02917135469602546,0.037649420468672805,0.03225608857251391
-91.5,-9.5,6689,0.05449423144671274,0.0294238115164141,0.037807699887562704,0.031811570441264064
-90.5,-9.5,6690,0.060422173287608086,0.03082128527474197,0.03465831547609656,0.0275146744606348
-89.5,-9.5,6691,0.07290419859220919,0.03186103367370205,0.030448195894688022,0.030999670515389474
-88.5,-9.5,6692,0.08994692640255973,0.03151747961573664,0.028883473322076008,0.03050051766774891
-87.5,-9.5,6693,0.09095371679397538,0.03913532081721864,0.036646156518963566,0.043766487193930115
-86.5,-9.5,6694,0.09322411967744408,0.043037264773934165,0.0392415499543557,0.0519498684837634
-85.5,-9.5,6695,0.1123383874807346,0.05646610026234848,0.02881882447052509,0.059431810409313716
-84.5,-9.5,6696,0.10428413395234255,0.05544959140524929,0.060963596453716254,0.06454384606871123
-83.5,-9.5,6697,0.1422660574543717,0.06945603966975727,0.05544602466732,0.08688923975004915
-82.5,-9.5,6698,0.13077273566655398,0.05963235178396406,0.05549014456033441,0.09785338064134436
-81.5,-9.5,6699,0.13142250083352258,0.05166188737125789,0.05594801315101379,0.09433270777115382
-80.5,-9.5,6700,0.11880768762234015,0.052624152716409585,0.04488270542843447,0.09544101777052172
-79.5,-9.5,6701,0.10422070628350616,0.04894142930700631,0.04724437542847716,0.09287211579132891
-78.5,-9.5,6702,0.08750423326468308,0.04744703622472642,0.06210238441681658,0.08964722616434818
-77.5,-9.5,6703,0.10210087496829513,0.04622630907724331,0.07139027924309263,0.09181692374841971
-76.5,-9.5,6704,0.10852439555303058,0.04056961843512006,0.08135208629502619,0.08038260231344116
-75.5,-9.5,6705,0.09007633548547601,0.040211087425269555,0.05955348065157958,0.08213148682682016
-74.5,-9.5,6706,0.09202834587683156,0.055124628374099476,0.0680837334709899,0.08603685514834249
-73.5,-9.5,6707,0.12395155015654682,0.06962927992662726,0.07315483481506499,0.10077884789008734
-72.5,-9.5,6708,0.07745765297407292,0.05891773221821674,0.04915823253215067,0.09069649197776114
-71.5,-9.5,6709,0.07135972953646291,0.05995080922131083,0.05128826047162557,0.08688494259004535
-70.5,-9.5,6710,0.05926656372979947,0.05487120819509538,0.04717553424060321,0.08750085850807357
-69.5,-9.5,6711,0.0752812434314931,0.07030399354659377,0.04877572518302568,0.13672028520927806
-68.5,-9.5,6712,0.08704424171833937,0.08476084103577788,0.05113086367254974,0.1277862874536061
-67.5,-9.5,6713,0.12138519045839546,0.10187297298664306,0.0678245924174789,0.15110072910227137
-66.5,-9.5,6714,0.09775957017296774,0.11577710505384922,0.10068160507730277,0.2001027704785772
-65.5,-9.5,6715,0.13065018726115116,0.17334246190489902,0.1222022253060322,0.2733397173392643
-64.5,-9.5,6716,0.13722606587013497,0.16849164815496148,0.16734110926336287,0.2873406568149933
-63.5,-9.5,6717,0.18139335258395015,0.18211278942312184,0.11634192698617352,0.2678961804448593
-62.5,-9.5,6718,0.22740883133624704,0.30144795963690224,0.13114427233211978,0.35274240666278917
-61.5,-9.5,6719,0.1793858900221857,0.1274429026528866,0.09716330376347532,0.2820229154572551
-54.5,-9.5,6720,0.1771324125823565,0.06918489306826807,0.09187274490530248,0.18047202494715026
-53.5,-9.5,6721,0.2852107328303417,0.17554951917984726,0.0647382636791159,0.26475824185660485
-52.5,-9.5,6722,0.16752000014126536,0.1224820489933825,0.07915930437282774,0.3150483750860022
-51.5,-9.5,6723,0.1675572890913307,0.1897149430907553,0.13301130006366607,0.3335409936626349
-50.5,-9.5,6724,0.11336656467592436,0.09151068847203779,0.11251359026127733,0.20025259929201897
-49.5,-9.5,6725,0.09980227784912424,NA,NA,0.17608456126011404
-48.5,-9.5,6726,0.10481786366662231,NA,NA,0.12225648958319711
-47.5,-9.5,6727,0.09457166736294151,NA,NA,0.09953474814023375
-46.5,-9.5,6728,0.11083748278373809,NA,NA,0.12682506672423277
-45.5,-9.5,6729,0.08098723467406657,NA,NA,0.08851437723025278
-44.5,-9.5,6730,0.08223644846590654,NA,NA,0.12272215160113926
-43.5,-9.5,6731,0.08913001908067954,NA,NA,0.12410377825981654
-42.5,-9.5,6732,0.08994161688869452,NA,NA,0.14987306694883906
-41.5,-9.5,6733,0.06842036529692312,NA,NA,0.1926174301993543
-40.5,-9.5,6734,0.09173298966397392,NA,NA,0.2292616113418599
-39.5,-9.5,6735,0.06144572784794997,0.06442612828536394,0.21421073328207121,0.1941769197526801
-36.5,-9.5,6736,0.08007207021147546,0.10851071889254367,0.20149782863584714,0.21186404834559464
-35.5,-9.5,6737,0.10667208190694631,0.11655434121927558,0.08872019615695027,0.39380222438937584
-34.5,-9.5,6738,0.16191841457270534,0.17245268134413255,0.04911329800045952,0.46681462308808164
-33.5,-9.5,6739,0.1271889457768092,0.16046248791539147,0.05611092731191404,0.35035135663428923
-30.5,-9.5,6740,0.0928084902098605,0.10197929628917256,0.08984061903707419,0.1571622882166148
-28.5,-9.5,6741,0.39548758883069884,0.3128854782905791,0.11517912790232804,0.3263604797998625
-27.5,-9.5,6742,0.38159946565796943,0.33703158492290464,0.13308546090881135,0.3597112201472323
-26.5,-9.5,6743,0.3611058351680267,0.15093951445017043,0.07520518207448859,0.44565212741330895
-25.5,-9.5,6744,0.2932016329591641,0.14583941501204933,0.08573861076413626,0.459963099341157
-24.5,-9.5,6745,0.2883863073733931,0.16312983950380447,0.09181307910315753,0.438545613582632
-23.5,-9.5,6746,0.24172135816405377,0.2000119150805601,0.09240621185731845,0.510832023574483
-22.5,-9.5,6747,0.26346363664428224,0.19354124007755674,0.0933147826130884,0.6020668210112111
-21.5,-9.5,6748,0.3109912422714746,0.22664216753004313,0.08900618787598034,0.5359635900007491
-20.5,-9.5,6749,0.3302128100894909,0.20593428054317417,0.17349643545557653,0.584928164889184
-19.5,-9.5,6750,0.3199891196605357,0.2568820744788601,0.12833102327531673,0.20155393168322036
-18.5,-9.5,6751,0.36117320937967173,0.27039997869708876,0.07667563870254482,0.4662939027106976
-17.5,-9.5,6752,0.26819960774833673,0.1220179738159199,0.10135666484979779,0.5876857250705503
-16.5,-9.5,6753,0.1386736329336334,0.14038939409033813,0.17047629537014283,0.3333357753950945
-15.5,-9.5,6754,0.17836718996974085,0.13719255282647302,0.1569647458890348,0.418682203505919
-14.5,-9.5,6755,0.15780942191885747,0.13867325417767698,0.1567903658764398,0.41891856401219196
-13.5,-9.5,6756,0.11055524665553693,0.14587769169264872,0.07759274778038858,0.25770310097056925
-12.5,-9.5,6757,0.1048637035950457,0.1680856972537287,0.1704767483125345,0.41545369630430273
-11.5,-9.5,6758,0.11221884861813851,0.14318727186894745,0.1755744136693374,0.22778954944982055
-10.5,-9.5,6759,0.14181933267086108,0.1421697908057517,0.16232043236236793,0.24216403412320367
-9.5,-9.5,6760,0.14143027035912425,0.11900441420993267,0.1011617995628947,NA
-8.5,-9.5,6761,0.12751266489379853,0.12098875913066313,0.06182346471393136,NA
-7.5,-9.5,6762,0.11213373060735882,0.08547205548343521,0.09121527107820078,NA
-6.5,-9.5,6763,0.08875023796898535,0.10142387046157371,0.085592082686588,NA
-5.5,-9.5,6764,0.0880601824995172,0.10557488769466476,0.08878326863912939,NA
-4.5,-9.5,6765,0.11320018458972338,0.10262553720177713,0.08421119445764484,NA
-3.5,-9.5,6766,0.0988606019846225,0.10521946478871912,0.08048191528183284,NA
-2.5,-9.5,6767,0.09714469866638248,0.12401385640229279,0.09343923884126916,NA
-1.5,-9.5,6768,0.07685214593020655,0.1192156349335493,0.09256877128412182,NA
-0.5,-9.5,6769,0.12041455651055548,0.13325618981164308,0.12050716901280685,NA
0.5,-9.5,6770,0.08562928565678007,0.10517420058482012,0.09291871167149654,0.09517736150408024
1.5,-9.5,6771,0.057734817012371285,0.09596071424683834,0.09143062363853013,0.09241543565368801
2.5,-9.5,6772,0.04068351505616981,0.08762985619232323,0.08197891231957831,0.0770300289168901
3.5,-9.5,6773,0.0393932804474851,0.0749456309085728,0.08144948569144225,0.06667082974307734
4.5,-9.5,6774,0.03730780684962413,0.07056146746406576,0.08138947286894302,0.06628856049541108
5.5,-9.5,6775,0.042232075294620364,0.08321369690024218,0.09415946411246418,0.07987106565547279
6.5,-9.5,6776,0.04164045304478835,0.060288652602642795,0.10094958909754431,0.08757037227413124
7.5,-9.5,6777,0.04536494214625411,0.05753362047282218,0.11094291957794337,0.09790471789590326
8.5,-9.5,6778,0.06285833534264348,0.061695626704844506,0.15148572877165992,0.11405080639588164
9.5,-9.5,6779,0.051336811339238515,0.0474430990482649,0.10775282011166129,0.11149313293771183
20.5,-9.5,6790,0.09252457337297433,0.08962298340293727,0.11796952623768373,0.08787562928159359
21.5,-9.5,6791,0.10190777408802457,0.08774169685490585,0.1045268836664241,0.08945778219052264
22.5,-9.5,6792,0.10718733502100405,0.08803927253276331,0.1098155506105333,0.10891256918861425
23.5,-9.5,6793,0.09337478878767558,0.09256345740894338,0.09876005488414102,0.0899585019275389
24.5,-9.5,6794,0.08291783352557831,0.08893263861063086,0.08461722989508665,0.0818969928025346
25.5,-9.5,6795,0.08134475364269887,0.09308429941499523,0.07966241350559942,0.07311114220939757
26.5,-9.5,6796,0.07377194169678991,0.08816909493127396,0.07145504217017991,0.07914296114150587
27.5,-9.5,6797,0.07794085068547495,0.10287947414426454,0.07760408434484091,0.07804985627034902
28.5,-9.5,6798,0.08799011286157435,0.09226949164288964,0.08136363954369276,0.08299732379846708
29.5,-9.5,6799,0.07432580465646108,0.07947077433581237,0.0678118317908144,0.0725750620991245
30.5,-9.5,6800,0.07174508131351814,0.07425048571698262,0.04907781217267041,0.06858392554693983
31.5,-9.5,6801,0.06900925177671696,0.0856503869620712,0.04666197816544499,0.06854274578902529
32.5,-9.5,6802,0.06323777962104803,0.06344143915969537,0.057553022253876394,0.06360761489314302
33.5,-9.5,6803,0.061239606677860624,0.06533262193988863,0.0540229144630257,0.059314891984408695
34.5,-9.5,6804,0.0819653140730081,0.07270687449541931,0.04156957448124496,0.07135910845001096
35.5,-9.5,6805,0.06884420485740571,0.06259329431853235,0.05832766397203671,0.06456497067422318
36.5,-9.5,6806,0.06478640703434586,0.06626941671549343,0.05671682900872343,0.06614765618093928
37.5,-9.5,6807,0.07804914481390789,0.0772672375026571,0.04475510797346653,0.08457626766900948
38.5,-9.5,6808,0.06947084313080222,0.07468663659839751,0.043126316875116255,0.08393497139782861
39.5,-9.5,6809,0.08625253980635307,0.09153869735588237,0.0719618565446024,0.12908759064437864
40.5,-9.5,6810,0.06391214548947555,0.06473211450858532,0.056691558991015537,0.09105191483732432
41.5,-9.5,6811,0.06372564948715018,0.06468210266510283,0.04102069559382723,0.07045541022946403
42.5,-9.5,6812,0.06489301897413535,0.06655506554220934,0.05820786462995062,0.06001379514676967
43.5,-9.5,6813,0.05711506594631226,0.06504395671617838,0.03762529703277353,0.0471936259465745
44.5,-9.5,6814,0.052999159563166386,0.050699509649679064,0.04763163668325768,0.03642868280730538
45.5,-9.5,6815,0.04788394357816808,0.05142729978133778,0.034936445091734804,0.036417777113163026
46.5,-9.5,6816,0.04029659775691344,0.04566015585953101,0.043847131425724405,0.03757059258920779
47.5,-9.5,6817,0.03436436334274279,0.039657936693635695,0.03837737022866716,0.03313190448238851
48.5,-9.5,6818,0.029597655685683434,0.03179524331970414,0.024526122833709422,0.023634671384381023
49.5,-9.5,6819,0.02812591111167404,0.03098199652057649,0.024198143127204554,0.02210102430721879
50.5,-9.5,6820,0.026743610167887243,0.028497753417462645,NA,0.02179078215219554
51.5,-9.5,6821,0.02399511543510277,0.026807398756731597,NA,0.02002360286133881
52.5,-9.5,6822,0.023477815313396565,0.025507414385353783,NA,0.0186614543435273
53.5,-9.5,6823,0.022032620326648825,0.02534898072408348,NA,0.019484834295343555
54.5,-9.5,6824,0.021620237126259153,0.02475180200705727,NA,0.017670002156573328
55.5,-9.5,6825,0.02070678797719964,0.023929282637309188,NA,0.01733613872281031
56.5,-9.5,6826,0.019872891141245002,0.023627877863428983,NA,0.016382645045085662
57.5,-9.5,6827,0.019418634431158946,0.021666113523994977,NA,0.014793357498365708
58.5,-9.5,6828,0.018380599122469997,0.02069350614724608,NA,0.013589435567302226
59.5,-9.5,6829,0.01768079431746824,0.021249246712736494,NA,0.013574672167504263
60.5,-9.5,6830,0.017404906144248958,0.02004283320219177,NA,0.013775032496280527
61.5,-9.5,6831,0.016426488300773107,0.021309813023350332,NA,0.013827184005017954
62.5,-9.5,6832,0.014869921537302402,0.019478669048997872,NA,0.012488587639154879
63.5,-9.5,6833,0.014928205235748523,0.019490989244189356,NA,0.012888788439948312
64.5,-9.5,6834,0.016144861521772934,0.019490989244189356,NA,0.013208040408404023
65.5,-9.5,6835,0.015626072376905626,0.020151241186057333,NA,0.01257962967016242
66.5,-9.5,6836,0.015552109072454247,0.01938987958968891,NA,0.012071982336677568
67.5,-9.5,6837,0.014173826713467933,0.01895862992847511,NA,0.012696469049364972
68.5,-9.5,6838,0.013626500693352778,0.01914729466634147,NA,0.012120106940527179
69.5,-9.5,6839,0.012511498796467027,0.019380208650025172,NA,0.0112817583288748
70.5,-9.5,6840,0.012738103676649211,0.019724759262355056,NA,0.01097631751572333
71.5,-9.5,6841,0.012933514462449855,0.01958922132833545,NA,0.009513743081530914
72.5,-9.5,6842,0.013247594876846808,0.01915980617875052,NA,0.009805012331274666
73.5,-9.5,6843,0.013176922766191932,0.018148765278606715,NA,0.009333865771917093
74.5,-9.5,6844,0.013022848284592383,0.018855504033215006,NA,0.009469706141812972
75.5,-9.5,6845,0.011921322205556171,0.018416669847600962,NA,0.009203908542305943
76.5,-9.5,6846,0.01103441416466534,0.018239890689237474,NA,0.008868114850892176
77.5,-9.5,6847,0.011131363274941566,0.018352323127692166,NA,0.008788123098962606
78.5,-9.5,6848,0.011261562123872672,0.018066528338646897,NA,0.009269281315859109
79.5,-9.5,6849,0.011899184979651693,0.01806274154230094,NA,0.0093247313160193
80.5,-9.5,6850,0.011617878734652243,NA,NA,0.00919421380363176
81.5,-9.5,6851,0.012239147989830047,NA,NA,0.009236455232956403
82.5,-9.5,6852,0.013047590645532302,NA,NA,0.00919386260010306
83.5,-9.5,6853,0.014241059478064658,NA,NA,0.008881921957765456
84.5,-9.5,6854,0.014856022096049108,NA,NA,0.010722624946496508
85.5,-9.5,6855,0.017276328075704585,NA,NA,0.009750971315435971
86.5,-9.5,6856,0.01995474287595078,NA,NA,0.00938147756027985
87.5,-9.5,6857,0.019555242312329895,NA,NA,0.00937055407798163
88.5,-9.5,6858,0.019420917049629956,NA,NA,0.009502486401368507
89.5,-9.5,6859,0.01917210680487475,NA,NA,0.009794925280537681
-139.5,-8.5,6872,0.22037851847396359,NA,0.05249637756272136,0.16240673352237214
-138.5,-8.5,6873,0.1866783255017434,NA,0.045268669952496524,0.10690761177770919
-137.5,-8.5,6874,0.1499205675208029,NA,0.040472327387346727,0.09856759406739886
-136.5,-8.5,6875,0.1275896687721231,NA,0.03751333020828415,0.13833182859527016
-135.5,-8.5,6876,0.1322148532400678,NA,0.0322544932021982,0.11009010111537684
-134.5,-8.5,6877,0.15757885817620665,NA,0.031985942007657496,0.10023845030907398
-133.5,-8.5,6878,0.20617079062398472,NA,0.03443620814518376,0.11814906930154995
-132.5,-8.5,6879,0.23615698572953917,NA,0.030675384160026836,0.06673985976906717
-131.5,-8.5,6880,0.2403930711809226,NA,0.02761955777544881,0.058454959191224794
-130.5,-8.5,6881,0.23446251508752197,NA,0.023445620021713538,0.05701285908255333
-129.5,-8.5,6882,0.1731834607618918,0.05641390989915575,0.02055875312965461,0.05539586281223016
-128.5,-8.5,6883,0.1720220980654049,0.07381112444254326,0.034466838560896475,0.08362311197818494
-127.5,-8.5,6884,0.160699792525949,0.071791695941589,0.040447115390134326,0.0843459955550894
-126.5,-8.5,6885,0.16597170336630485,0.07309762662213135,0.03971606321870936,0.09448719559681663
-125.5,-8.5,6886,0.17868066771794963,0.07192655696017594,0.04494268874935177,0.10195679663736877
-124.5,-8.5,6887,0.1826894663461524,0.07198806149349879,0.028240349839757747,0.1193927728549599
-123.5,-8.5,6888,0.1654150412781022,0.07064821586845625,0.04376443723254575,0.11381032802689847
-122.5,-8.5,6889,0.15896088600999297,0.07779514288761226,0.026698100246107786,0.10068743196530314
-121.5,-8.5,6890,0.13457439299619223,0.06507527012353388,0.02868855028511758,0.07460358057403772
-120.5,-8.5,6891,0.14759187002654606,0.08201184193569075,0.037213422858326344,0.08266749024083656
-119.5,-8.5,6892,0.13178715402206095,0.07695252605752964,NA,0.07917608774130667
-118.5,-8.5,6893,0.10468849713408145,0.06990700684622278,NA,0.06857764921710209
-117.5,-8.5,6894,0.0948061082885647,0.07110563905083728,NA,0.07886293138706138
-116.5,-8.5,6895,0.08726127734528238,0.05523881427648975,NA,0.04864211332561309
-115.5,-8.5,6896,0.10248805388223106,0.05383042840647773,NA,0.048761925029867086
-114.5,-8.5,6897,0.12907932118441814,0.06614614207514727,NA,0.06311382293522978
-113.5,-8.5,6898,0.13414702477823542,0.0641623532751825,NA,0.08280862164637871
-112.5,-8.5,6899,0.11655306403605212,0.06847310521060151,NA,0.11041192479658317
-111.5,-8.5,6900,0.11840304258248015,0.07408312175520188,NA,0.12273922051869847
-110.5,-8.5,6901,0.10549952502744796,0.07524060169221078,NA,0.10047624994236162
-109.5,-8.5,6902,0.17048936790589667,0.09720739954035673,0.049984791332867616,0.1469019873504461
-108.5,-8.5,6903,0.1673486874650358,0.09328653562237554,0.0494231318764589,0.14501539243518938
-107.5,-8.5,6904,0.15046239131084344,0.08893324572816404,0.07223695272928903,0.1637410994636721
-106.5,-8.5,6905,0.15338335936453068,0.08838673348794268,0.0673625803640341,0.17107615353038325
-105.5,-8.5,6906,0.08458167392511486,0.08198300826516361,0.06770773383972556,0.13753361313701618
-104.5,-8.5,6907,0.07779073104825494,0.07367074380997744,0.07292393505656096,0.11947721790563184
-103.5,-8.5,6908,0.06197106653560197,0.0691500732326416,0.05741085082060247,0.11552484149652797
-102.5,-8.5,6909,0.06559109058488069,0.07563765079084836,0.058579491815749465,0.10519725922944949
-101.5,-8.5,6910,0.06335989348039196,0.06463051217561114,0.05341829719391338,0.09102469848351233
-100.5,-8.5,6911,0.03482217454504193,0.044699808984429525,0.02748125870921969,0.057176532090259954
-99.5,-8.5,6912,0.05425235738156965,0.04949326148776283,0.044654184653774895,0.05089353851941833
-98.5,-8.5,6913,0.048319898304030474,0.04162290874512312,0.04157702935852018,0.04654566292624359
-97.5,-8.5,6914,0.03998295261956967,0.037659623827760086,0.03975284385064706,0.0460503054709295
-96.5,-8.5,6915,0.039302123362734885,0.03472000435129479,0.03934859378361624,0.03408164920716836
-95.5,-8.5,6916,0.04690431888255326,0.03347643834447047,0.03940708253888015,0.03667551042841258
-94.5,-8.5,6917,0.07192111308415948,0.041194914554798394,0.038984413770062044,0.030963693945337597
-93.5,-8.5,6918,0.05529370636944632,0.03426155352961141,0.025529392489491633,0.03448504118372823
-92.5,-8.5,6919,0.05277266844742305,0.030212896521038344,0.02548877991028594,0.027952253360428544
-91.5,-8.5,6920,0.050080806167955065,0.03292666358913008,0.03332132433938382,0.03259540348275098
-90.5,-8.5,6921,0.0696435524252269,0.03927980862486562,0.033394113967890354,0.035856349985824605
-89.5,-8.5,6922,0.09926818966273072,0.04804598857992711,0.03066430155903494,0.03571028262834484
-88.5,-8.5,6923,0.06116101726652807,0.03170419664282732,0.029144316261345116,0.037871966038548414
-87.5,-8.5,6924,0.06006415084914739,0.03186068546594492,0.02994415354919048,0.034479255110128976
-86.5,-8.5,6925,0.07951016957070191,0.04741076892591806,0.023853528439654444,0.048013423081971804
-85.5,-8.5,6926,0.08619777363496968,0.05919907781040404,0.04010906653394937,0.052222708034966855
-84.5,-8.5,6927,0.08945618548838322,0.07492030190124357,0.056759780630383457,0.06486038113700768
-83.5,-8.5,6928,0.13264201152234079,0.08904675727037606,0.06605121836379925,0.1065562891145659
-82.5,-8.5,6929,0.12365367378362573,0.07172197657421046,0.0547629323395008,0.09037271091856838
-81.5,-8.5,6930,0.08212117146063119,0.05514491127399103,0.08619138976672511,0.07836311469192632
-80.5,-8.5,6931,0.08829072984054907,0.06032635703220067,0.05956570188369821,0.09719005827326381
-79.5,-8.5,6932,0.07807496778133977,0.05626874049995208,0.04889408806286452,0.09505055769965845
-78.5,-8.5,6933,0.0763620982154567,0.050252641337215936,0.04819305602930713,0.08514328465448308
-77.5,-8.5,6934,0.06809016835281112,0.045720469379355824,0.04589776276457409,0.0729583727581894
-76.5,-8.5,6935,0.07462380622343842,0.05459118326125926,0.08922061493118767,0.08849688620982497
-75.5,-8.5,6936,0.08040930889667051,0.10544230266077366,0.1286235715605749,0.11371119673178141
-74.5,-8.5,6937,0.06804242430627006,0.06582189939650127,0.04496422151270101,0.08031813562874741
-73.5,-8.5,6938,0.07046378020828002,0.05689979223023332,0.03361856969729182,0.07203508745678883
-72.5,-8.5,6939,0.061369838831226924,0.04575252467623107,0.03962627472189811,0.10515401302745198
-71.5,-8.5,6940,0.06022621280467708,0.04603888827490959,0.04737735474541656,0.18308219438385143
-70.5,-8.5,6941,0.06075706971985606,0.046661890548716535,0.04093004279553329,0.14540940925264426
-69.5,-8.5,6942,0.09344211483697104,0.11528420787464486,0.0737223774369261,0.20358330671844724
-68.5,-8.5,6943,0.03931888957262343,0.06889919080497725,0.0558782778255271,0.3023158053830384
-67.5,-8.5,6944,0.02261245204216536,0.03586560028267472,0.031745456067968164,0.12636842662928227
-66.5,-8.5,6945,0.04767620013866925,0.0733228784911359,0.03428020107675442,0.0662787617712365
-54.5,-8.5,6946,0.11974364144290352,0.10148652150786201,0.10878913848980781,0.21000733216755543
-52.5,-8.5,6947,0.10092977619385546,0.10335969320343849,0.06881493171490097,0.21165810775324206
-51.5,-8.5,6948,0.17167004716187026,0.17503728740335353,0.08204345057635802,0.253702988597161
-50.5,-8.5,6949,0.15036436158857514,0.11186930504166089,0.1282337975440319,0.28825570302889825
-49.5,-8.5,6950,0.18623856123615862,NA,NA,0.33455383303175146
-48.5,-8.5,6951,0.19335463559277363,NA,NA,0.2854952063649533
-47.5,-8.5,6952,0.11624854791975399,NA,NA,0.11338555987526919
-46.5,-8.5,6953,0.0870061771305058,NA,NA,0.08746063781211531
-45.5,-8.5,6954,0.07333588181255209,NA,NA,0.09040988569712076
-44.5,-8.5,6955,0.06616676498833797,NA,NA,0.06657151809413288
-43.5,-8.5,6956,0.11359107227864913,NA,NA,0.10155992278917048
-42.5,-8.5,6957,0.07442429604402759,NA,NA,0.13955028609071637
-41.5,-8.5,6958,0.11565894592278989,NA,NA,0.18979631108240438
-40.5,-8.5,6959,0.10578796562952526,NA,NA,0.28788950413553605
-31.5,-8.5,6960,0.07565471323188962,0.24655487542026613,0.106515509527525,0.4563285091403001
-30.5,-8.5,6961,0.19594062601751475,0.1543383302341493,0.12060411698134355,0.3493744489515578
-29.5,-8.5,6962,0.1916720222145931,0.18120142789510701,0.09787444064391441,0.25598454024226336
-28.5,-8.5,6963,0.4119456696215364,0.3190725424329737,0.14744704843408965,0.45987941141411903
-27.5,-8.5,6964,0.2932341965012764,0.2130652646799189,0.10895883496854696,0.41986614075242057
-26.5,-8.5,6965,0.3704581292492018,0.20108868465221316,0.10358192858836154,0.4888090523454559
-25.5,-8.5,6966,0.27543232336341655,0.14131724347954094,0.0947328372714273,0.5033683607193568
-24.5,-8.5,6967,0.29448940307623783,0.15800616746240018,0.11716062343545423,0.5500891727972559
-23.5,-8.5,6968,0.30661752327325087,0.2710131055450557,0.15169750348895591,0.6616753516844801
-22.5,-8.5,6969,0.28757907420724543,0.23454368951927226,0.2256240560269465,0.6509760011312091
-21.5,-8.5,6970,0.5204471301378513,0.41561845558015115,0.3408883795649538,0.4654275409865832
-20.5,-8.5,6971,0.4624698573313282,0.3048707825148321,0.25255634235464963,0.5501666172105508
-19.5,-8.5,6972,0.3953226076749053,0.16155099724694555,0.18097240755220673,0.4606579289316623
-18.5,-8.5,6973,0.2369186206157187,0.16968922133156783,0.10345649799692215,0.5351926162132967
-17.5,-8.5,6974,0.2723421452741798,0.13639710260391563,0.18001308286316842,0.5805401702305384
-16.5,-8.5,6975,0.1929577529358691,0.15256287623336864,0.16170423238726392,0.38348959688103107
-15.5,-8.5,6976,0.2520443660411778,0.15323378133803442,0.07649155004761989,0.3453109306951137
-14.5,-8.5,6977,0.25772734781043594,0.23514027543738242,0.1364363422931243,0.2700039782658314
-13.5,-8.5,6978,0.2060599368521696,0.1960116885574988,0.14220600935470828,0.44297770734995484
-12.5,-8.5,6979,0.1559625698537385,0.2031125577136444,0.1415559550622921,0.22028567791385215
-11.5,-8.5,6980,0.16334829504137321,0.20231790402212663,0.14414892603182572,0.20903863310369267
-10.5,-8.5,6981,0.08944321659838117,0.15300312629784843,0.10064291026542319,0.20663353469352283
-9.5,-8.5,6982,0.08879274181327806,0.12906845297623204,0.09663336535451152,NA
-8.5,-8.5,6983,0.08922316671930088,0.11418646150647262,0.0900224177649968,NA
-7.5,-8.5,6984,0.07982461624859113,0.10796981106215114,0.08508871575706067,NA
-6.5,-8.5,6985,0.08168889185843589,0.10715727425329132,0.09444483118501973,NA
-5.5,-8.5,6986,0.07977747863635487,0.08503954915061622,0.08982578789826888,NA
-4.5,-8.5,6987,0.08618023582721158,0.12439624727796708,0.08732485361140316,NA
-3.5,-8.5,6988,0.08165725817167703,0.13386882701080402,0.09460236341516655,NA
-2.5,-8.5,6989,0.0816253303611773,0.11427156238728783,0.1056539478861544,NA
-1.5,-8.5,6990,0.06289153805248726,0.09373336544659028,0.09658955209161264,NA
-0.5,-8.5,6991,0.07350814269546492,0.11243647083889383,0.12086535526702828,NA
0.5,-8.5,6992,0.0519311212347814,0.09454060193249356,0.09117661298299663,0.08615028119194192
1.5,-8.5,6993,0.064251958982066,0.08785817765805942,0.09320029341485674,0.07760499708606625
2.5,-8.5,6994,0.0365607295207983,0.06302249162942898,0.08028067846884059,0.060085839955091314
3.5,-8.5,6995,0.036694194464118306,0.06269319292482389,0.04998307393335404,0.0653419355763666
4.5,-8.5,6996,0.04400844815468036,0.04435581016754924,0.08214535918011101,0.06738014791225051
5.5,-8.5,6997,0.05446569348932197,0.04455377723463373,0.10949217003195116,0.11194207344138156
6.5,-8.5,6998,0.06064350547672271,0.060459743200663274,0.05991506660567908,0.08042024382777097
7.5,-8.5,6999,0.06675555791163207,0.06583680740059751,0.10361091520907231,0.08175276932069374
8.5,-8.5,7000,0.07963615043000297,0.07849681639336054,0.10580971581795369,0.08446293279443282
9.5,-8.5,7001,0.06359404201203822,0.07478895199237603,0.10209606797425635,0.08018688817127512
20.5,-8.5,7012,0.10003917617409061,0.10013124376038933,0.10797980911954523,0.10005493168020962
21.5,-8.5,7013,0.10754450858013719,0.09969660567053573,0.11918996516592767,0.09453316574029769
22.5,-8.5,7014,0.10201146003762913,0.11525503530744681,0.09783064357130523,0.08818491545770175
23.5,-8.5,7015,0.09904657084821679,0.11010930030162819,0.09385548729371858,0.08789400466740906
24.5,-8.5,7016,0.07962934454285461,0.09624798540518112,0.08264855626309829,0.0745826427608358
25.5,-8.5,7017,0.07254356139795959,0.08351083293570069,0.05369819818526166,0.07909248465295676
26.5,-8.5,7018,0.07115496811291623,0.08100149674544763,0.07556595800814368,0.08455511887755113
27.5,-8.5,7019,0.0684053845394794,0.07669152992003198,0.07274473997878404,0.06808248999123676
28.5,-8.5,7020,0.06800847108513136,0.07842056617018325,0.06620894500633441,0.066984018982848
29.5,-8.5,7021,0.06680818392583411,0.06787833801260891,0.06528306995335618,0.06692435507230664
30.5,-8.5,7022,0.06707640849777761,0.0612719823098427,0.06016928634718751,0.06366258250422767
31.5,-8.5,7023,0.06650214642219905,0.06369949182691598,0.03980706295261538,0.06612839265122727
32.5,-8.5,7024,0.0570142720736602,0.05275909478295559,0.0546464508863955,0.05661500207545633
33.5,-8.5,7025,0.057442983236435194,0.05526678899518353,0.05215790841688141,0.04762848608832577
34.5,-8.5,7026,0.06071169549881859,0.05847245734271093,0.05504073062288313,0.048839224994234536
35.5,-8.5,7027,0.056294160624450224,0.05332972128668942,0.04217755123510386,0.05422286396429741
36.5,-8.5,7028,0.05286803093356991,0.054136282052141285,0.042394117096675794,0.048821882563561673
37.5,-8.5,7029,0.06218399656887251,0.06248344086771001,0.05192691042354436,0.07269617436108818
38.5,-8.5,7030,0.06284048094318341,0.0635311205759089,0.05154729738849054,0.0844705037165967
39.5,-8.5,7031,0.05581509327515418,0.053250123693386726,0.06910470269178312,0.06054041526032313
40.5,-8.5,7032,0.05745510978033161,0.0531827045004124,0.06343138781381007,0.05077220682195642
41.5,-8.5,7033,0.05708184195134192,0.0619518177755162,0.0429935303650287,0.04786484445296272
42.5,-8.5,7034,0.052035092327594394,0.05916802322206244,0.045269796695900325,0.044805456355562656
43.5,-8.5,7035,0.039384822124913,0.04925315827199565,0.04733914775579975,0.033923313091787144
44.5,-8.5,7036,0.03960025466582249,0.04636142663160073,0.04497347353826327,0.03334291786563319
45.5,-8.5,7037,0.037648339033984325,0.041518811419757946,0.041646507527557455,0.03328183716323553
46.5,-8.5,7038,0.03454237037362819,0.0375416862053022,0.03740595177359276,0.028648340261834958
47.5,-8.5,7039,0.027155477779850036,0.02986997014732423,0.02927571547417744,0.02164410808748529
48.5,-8.5,7040,0.02468796659919733,0.027773294590790712,0.026611096785213652,0.020487103330932826
49.5,-8.5,7041,0.02457836480119802,0.02719276933031944,0.025342000844583733,0.020791723824491896
50.5,-8.5,7042,0.022496619941888295,0.028360345574218015,NA,0.018636377245666535
51.5,-8.5,7043,0.02077037738365192,0.025497427959646785,NA,0.016294419733963738
52.5,-8.5,7044,0.02029260477302559,0.025447186518845276,NA,0.0159249815783367
53.5,-8.5,7045,0.020058387136052878,0.025390158346793826,NA,0.015259154043748592
54.5,-8.5,7046,0.01984387184895963,0.025565788409723317,NA,0.01454974899868974
55.5,-8.5,7047,0.02146513961717799,0.025228742947682927,NA,0.013061070422771373
56.5,-8.5,7048,0.0198102019649622,0.02511572957362268,NA,0.012744810660099514
57.5,-8.5,7049,0.018551894685827314,0.023755715228683656,NA,0.011699019003192253
58.5,-8.5,7050,0.017476144135948977,0.022824829365202588,NA,0.011914469677950248
59.5,-8.5,7051,0.018423039058511864,0.02287991992019722,NA,0.012356699607768253
60.5,-8.5,7052,0.016895532892148197,0.021606611649342224,NA,0.012417353772068148
61.5,-8.5,7053,0.016078795644330547,0.021323529032384877,NA,0.012287148292850226
62.5,-8.5,7054,0.016444452165165938,0.02170494516416237,NA,0.011266076778001835
63.5,-8.5,7055,0.017006037376448884,0.020945078699946794,NA,0.010732434112848745
64.5,-8.5,7056,0.0160175000787744,0.020922424519602165,NA,0.010646594674322087
65.5,-8.5,7057,0.015119678665701632,0.02048769157397084,NA,0.011578950431190308
66.5,-8.5,7058,0.014710979349900448,0.020338201849731823,NA,0.010819857995021092
67.5,-8.5,7059,0.014579406810988908,0.020317508134115456,NA,0.010439287478141096
68.5,-8.5,7060,0.014036394412948338,0.020011357634081486,NA,0.010423055537625413
69.5,-8.5,7061,0.013894985453801068,0.020723292790642063,NA,0.010286983268069231
70.5,-8.5,7062,0.012605058346116816,0.020269129082638095,NA,0.009986064575432154
71.5,-8.5,7063,0.012578407802056739,0.020670435840161053,NA,0.009122501707432038
72.5,-8.5,7064,0.013161381802484249,0.02221737357409009,NA,0.009167470871931522
73.5,-8.5,7065,0.012793496775623013,0.021358551364042227,NA,0.009071530414477285
74.5,-8.5,7066,0.012961219071831056,0.021009261774816268,NA,0.009463504343201862
75.5,-8.5,7067,0.013552170384649963,0.02267041116571977,NA,0.010066037262759099
76.5,-8.5,7068,0.012785747896111633,0.02149932961755014,NA,0.010054702367597696
77.5,-8.5,7069,0.012283692210398746,0.020948928452243203,NA,0.009504162234513537
78.5,-8.5,7070,0.012602884503848513,0.01983812832876311,NA,0.009350107928600889
79.5,-8.5,7071,0.013627296905688603,0.018824083550333007,NA,0.009096944359538034
80.5,-8.5,7072,0.014006813721812995,NA,NA,0.0093678658104163
81.5,-8.5,7073,0.016451470250435193,NA,NA,0.009325865454074232
82.5,-8.5,7074,0.017838819892682274,NA,NA,0.01013809116043764
83.5,-8.5,7075,0.019372628859587075,NA,NA,0.009995219244330038
84.5,-8.5,7076,0.01962191028554991,NA,NA,0.009943252928509576
85.5,-8.5,7077,0.017970245585617137,NA,NA,0.009756773564864759
86.5,-8.5,7078,0.0184388006154816,NA,NA,0.010295385402654926
87.5,-8.5,7079,0.017797495879217407,NA,NA,0.010198070083229463
88.5,-8.5,7080,0.019036214046589537,NA,NA,0.009579512228210364
89.5,-8.5,7081,0.02045909739916611,NA,NA,0.010142172729214896
-139.5,-7.5,7093,0.1976355705157247,NA,0.049394252095118066,0.12544099089048769
-138.5,-7.5,7094,0.2226670325872126,NA,0.048059390177356366,0.11128104758670626
-137.5,-7.5,7095,0.19426132515146,NA,0.048493402353572336,0.1513254944731288
-136.5,-7.5,7096,0.17449689339856886,NA,0.039155344794259125,0.12414617095061295
-135.5,-7.5,7097,0.11935239730378087,NA,0.013860434828044645,0.07065671690632729
-134.5,-7.5,7098,0.11859196842772565,NA,0.02241840671949213,0.07204001292057449
-133.5,-7.5,7099,0.1368565106212099,NA,0.02777818682222565,0.09663364881197925
-132.5,-7.5,7100,0.12362109229762577,NA,0.023330859162015587,0.0872732145638201
-131.5,-7.5,7101,0.128630626039804,NA,0.01971209187761885,0.06247254645968522
-130.5,-7.5,7102,0.1297807473872993,NA,0.022731004647100983,0.06650104541100924
-129.5,-7.5,7103,0.16466126786143026,0.06452477925215053,0.034906371204496765,0.09305983315296062
-128.5,-7.5,7104,0.1720145945192333,0.06799111264155999,0.03792329265103156,0.09273804333814438
-127.5,-7.5,7105,0.17163535477082775,0.07766159120454001,0.05090600396235375,0.10224113774574718
-126.5,-7.5,7106,0.19868967564772622,0.07697752127611163,0.05105622041939862,0.11162520762786513
-125.5,-7.5,7107,0.15888563293364877,0.07149160774606843,0.05157231749194428,0.09686435960186293
-124.5,-7.5,7108,0.17461668533319655,0.08227746987801307,0.036677627691932634,0.12461062666649517
-123.5,-7.5,7109,0.1451996216779802,0.0781717215828291,0.052376643788453726,0.10274092812254693
-122.5,-7.5,7110,0.16772610599038748,0.08995883416328458,0.048064249097136774,0.11394085280238793
-121.5,-7.5,7111,0.14812602878752026,0.0746772232173739,0.05330749492836759,0.10386886553858035
-120.5,-7.5,7112,0.13483504007320407,0.0686494840687439,0.04199454590159727,0.09045660408891736
-119.5,-7.5,7113,0.12951964075129477,0.07581501890758845,NA,0.07736486305973592
-118.5,-7.5,7114,0.11809382615700888,0.07123713461244974,NA,0.07216111882791716
-117.5,-7.5,7115,0.0978837042018904,0.06805002200501888,NA,0.06524384449278015
-116.5,-7.5,7116,0.08166276491803272,0.06202242356214283,NA,0.05344474341761559
-115.5,-7.5,7117,0.08392370768678062,0.05934436078734884,NA,0.05890525378306576
-114.5,-7.5,7118,0.1322499653952998,0.07549801159274598,NA,0.0874655722297942
-113.5,-7.5,7119,0.1075673793523567,0.07800684736125578,NA,0.07960211472880722
-112.5,-7.5,7120,0.10746880706745511,0.08008411975771214,NA,0.10256061254893357
-111.5,-7.5,7121,0.10004794486654398,0.07477869449943472,NA,0.1045080787409183
-110.5,-7.5,7122,0.13219187091667767,0.10208130169592337,NA,0.15479508143487997
-109.5,-7.5,7123,0.14337485679673753,0.10446275790371823,0.06777742647746578,0.18372867666978146
-108.5,-7.5,7124,0.19322634608797915,0.1446090356576702,0.08377393775081073,0.2771000100021244
-107.5,-7.5,7125,0.08662885008593167,0.07470141028918713,0.057837403559200216,0.1648185445052902
-106.5,-7.5,7126,0.14372491021014433,0.11739272817016232,0.07280419732766706,0.268943315845426
-105.5,-7.5,7127,0.11676489086899869,0.12125510029801544,0.06943009715451934,0.22883484997050102
-104.5,-7.5,7128,0.07477085326264964,0.08198894765088444,0.04908059523671568,0.14537630150523792
-103.5,-7.5,7129,0.06378795520595981,0.07933946950236748,0.061870905786040785,0.14844824074865648
-102.5,-7.5,7130,0.05857446639570736,0.08218179820673847,0.05609548078333736,0.14185923028017441
-101.5,-7.5,7131,0.04802756022491795,0.07258181769541905,0.05518207047133781,0.11794103252015059
-100.5,-7.5,7132,0.0339904731500025,0.06101507558406787,0.04526192687959061,0.07403062703836788
-99.5,-7.5,7133,0.035044942516623455,0.057396717763116556,0.0454067995884262,0.0696974998959862
-98.5,-7.5,7134,0.038250366761693036,0.055136167022805084,0.04296619130938108,0.05782892960688846
-97.5,-7.5,7135,0.03218020256885156,0.05454206978037985,0.04093423890648243,0.0491176567491449
-96.5,-7.5,7136,0.03899912801182573,0.047681315114243394,0.026259272865911037,0.04136554569377945
-95.5,-7.5,7137,0.03360576113066161,0.04648932566585828,0.039618136704591474,0.04393703437811531
-94.5,-7.5,7138,0.03524462030428797,0.04225596213431017,0.025839170420080444,0.03311231881027625
-93.5,-7.5,7139,0.03392206228970873,0.04024927576276139,0.04016768008223947,0.03186731179118932
-92.5,-7.5,7140,0.0384640324520828,0.03941563712344667,0.02565748182242679,0.0314491516697795
-91.5,-7.5,7141,0.03826359971053437,0.035871064899995524,0.03463886094568503,0.03585322748437234
-90.5,-7.5,7142,0.03928762034103557,0.03464842533300554,0.03324135636573405,0.03489948574205646
-89.5,-7.5,7143,0.05029182440766262,0.03379711601677132,0.029826580228768218,0.03955458300664253
-88.5,-7.5,7144,0.051256730137606614,0.029677207334035605,0.030056495204142927,0.04136710745349297
-87.5,-7.5,7145,0.054470676149179456,0.029936351943131517,0.028156943911442276,0.04215984689658978
-86.5,-7.5,7146,0.05062676291734253,0.034878049539245365,0.01867446075400862,0.03411371740565518
-85.5,-7.5,7147,0.04996684775447824,0.03781986556823295,0.019199238681368105,0.041784641118434704
-84.5,-7.5,7148,0.0611799502793664,0.04591650235795345,0.04365052779191684,0.060031968864984506
-83.5,-7.5,7149,0.05728352541154729,0.05415781280293945,0.03655624177945131,0.06627514044388824
-82.5,-7.5,7150,0.06350251867894798,0.054375766961982416,0.03748944053372292,0.09389770249909236
-81.5,-7.5,7151,0.06318290390466409,0.05881251834995946,0.05904864677528279,0.08717750501212601
-80.5,-7.5,7152,0.06402437248733739,0.0498625095747743,0.04123972875328956,0.09190864191303644
-79.5,-7.5,7153,0.06833902136277127,0.049333713759208656,0.04552386792856699,0.09141025507970299
-78.5,-7.5,7154,0.06693889707019164,0.04921999495345427,0.04425773509911373,0.09337832156072809
-77.5,-7.5,7155,0.07154879363361709,0.05621566113419021,0.04400964858528424,0.10540759100037496
-76.5,-7.5,7156,0.05524960042047746,0.05390529650105493,0.05283517375751396,0.09084037080871789
-75.5,-7.5,7157,0.09782130571851136,0.09501819036015624,0.038015296704534754,0.09628948208423352
-74.5,-7.5,7158,0.06960395670076375,0.11354308290363173,0.08636920970928116,0.05081067565935158
-73.5,-7.5,7159,0.08749060621642064,0.08542717239636252,0.06510810033831123,0.08330468644891656
-66.5,-7.5,7160,0.04166735246865018,0.04363123149225194,0.060590909635538905,0.015148389417210563
-65.5,-7.5,7161,0.05648398373778409,0.03579663963720953,0.05444825393150872,0.061105720757159296
-58.5,-7.5,7162,0.10199825764725858,0.09118045281601318,0.15415294393891227,0.20594587226349306
-57.5,-7.5,7163,0.09759213109764076,0.09548875186623564,0.14392068039993028,0.20660769366000709
-56.5,-7.5,7164,0.10933769614667331,0.08234833010108267,0.19762182423490854,0.36176749223821286
-55.5,-7.5,7165,0.117386151270634,0.07328752495508385,0.1558444965396642,0.3058676358467149
-54.5,-7.5,7166,0.1541259764792383,0.07269397483601787,0.17221743051012894,0.2106048257481194
-53.5,-7.5,7167,0.12440626429502095,0.07297849580310231,0.11653811639189411,0.19564691275354715
-52.5,-7.5,7168,0.14023087102104026,0.09419325244910204,0.13759517981644692,0.19785982759456774
-51.5,-7.5,7169,0.15853931805263874,0.12971061572777928,0.1591649783829071,0.22804142039896644
-50.5,-7.5,7170,0.13930360528507485,0.1187171505187556,0.12975494964472886,0.16927414164349577
-49.5,-7.5,7171,0.17627818581388283,NA,NA,0.22462423063166295
-47.5,-7.5,7172,0.16339593315138995,NA,NA,0.14891987831052625
-46.5,-7.5,7173,0.08081655073161025,NA,NA,0.12099497881510633
-45.5,-7.5,7174,0.0654633718548026,NA,NA,0.11730905933650738
-44.5,-7.5,7175,0.043459553400290535,NA,NA,0.08315625841956129
-43.5,-7.5,7176,0.08011909060907635,NA,NA,0.09467520921989449
-42.5,-7.5,7177,0.05932439885363505,NA,NA,0.07949222261155248
-32.5,-7.5,7178,0.21345420808067014,0.37468002896300956,0.0904393068122794,0.608280047773903
-31.5,-7.5,7179,0.2070020522909998,0.14507669186553404,0.12375475620611434,0.25725166158988116
-30.5,-7.5,7180,0.4138497488722601,0.21082061192212878,0.12453971470789062,0.4171612216602422
-29.5,-7.5,7181,0.28892298228854724,0.1707218567674946,0.12608357619232108,0.386363509017451
-28.5,-7.5,7182,0.3786795228916656,0.17485633596037817,0.12241024456983995,0.44044390115980586
-27.5,-7.5,7183,0.17766849708059732,0.17693244431641664,0.13570853966585103,0.48324450679989517
-26.5,-7.5,7184,0.18154766647524975,0.17517320459210298,0.13312118394897543,0.5344709236705935
-25.5,-7.5,7185,0.1754385979625856,0.23145047345499806,0.23783855952067873,0.7098412909237182
-24.5,-7.5,7186,0.17711885742315925,0.15301274187267314,0.1114383930268058,0.6031018955991021
-23.5,-7.5,7187,0.25070352589457706,0.20331337580486797,0.11046837784981187,0.6054843338127283
-22.5,-7.5,7188,0.21607472544886008,0.22467310537359575,0.23707706451661764,0.7025361694682919
-21.5,-7.5,7189,0.2531436482984241,0.23869262212202763,0.2174101099675547,0.707934723863624
-20.5,-7.5,7190,0.2962529523758965,0.23530166074960607,0.10817002677255544,0.6965985030771848
-19.5,-7.5,7191,0.25135443480864583,0.18284363914676638,0.08049842838442112,0.6565050370028946
-18.5,-7.5,7192,0.21335330041268077,0.1856663623495437,0.13018641432911326,0.6538925120839884
-17.5,-7.5,7193,0.2339019325199923,0.2740391018361153,0.06758643477582923,0.3680846778449438
-16.5,-7.5,7194,0.17179127610790956,0.19792712353979053,0.12455934209819187,0.23493093541259244
-15.5,-7.5,7195,0.22884684130643584,0.22648053642961802,0.1353267748322736,0.29536018886013626
-14.5,-7.5,7196,0.1434333781901081,0.20127190491731592,0.0960487855634043,0.3153684510678626
-13.5,-7.5,7197,0.14131756163369058,0.16510690525396413,0.1035171410701361,0.15231069673748776
-12.5,-7.5,7198,0.1310196323147534,0.2374887560651359,0.09059843962478842,0.16127614176972171
-11.5,-7.5,7199,0.08466399022786211,0.1619923448345,0.08211706679698831,0.16065407243629798
-10.5,-7.5,7200,0.13870568300508657,0.1725790981461911,0.06528226128003087,0.08706720665017008
-9.5,-7.5,7201,0.10251231712157764,0.1538390218247575,0.09156922427894544,NA
-8.5,-7.5,7202,0.10595609202446132,0.11012500673850549,0.08376865765418985,NA
-7.5,-7.5,7203,0.08238234970096667,0.11145840935513414,0.08484317310983316,NA
-6.5,-7.5,7204,0.07125945304305564,0.09927295675215549,0.07960699518955432,NA
-5.5,-7.5,7205,0.06601927822492192,0.08673318296964824,0.09921444649348812,NA
-4.5,-7.5,7206,0.0690997292528025,0.09546157114023243,0.09705787351871652,NA
-3.5,-7.5,7207,0.047134686178609206,0.08644447018094907,0.09991683185243355,NA
-2.5,-7.5,7208,0.04547230565305495,0.08700666415367349,0.09359857963014197,NA
-1.5,-7.5,7209,0.050932099655611185,0.07346680744191611,0.09106375292262829,NA
-0.5,-7.5,7210,0.05712835478052662,0.0671238083273607,0.08984516853612551,NA
0.5,-7.5,7211,0.06208146884133067,0.06435804993445444,0.08683309829760531,0.071681626722324
1.5,-7.5,7212,0.05262538587090783,0.04920842502201813,0.09148946352020731,0.06246583561227732
2.5,-7.5,7213,0.05199707812746622,0.04663049461488095,0.08716503759772967,0.0733529416005874
3.5,-7.5,7214,0.056206476614937856,0.05219638571604416,0.08712983759460374,0.06612668568101673
4.5,-7.5,7215,0.05762338480558975,0.052815856581889635,0.08286983294285512,0.11143968692470634
5.5,-7.5,7216,0.08612025789796297,0.06440460142876103,0.10201193252400331,0.08804557184134003
6.5,-7.5,7217,0.07246766155068037,0.0649521381378173,0.13244826813060856,0.09454970386244725
7.5,-7.5,7218,0.09274847802524078,0.0579135773846288,0.13733506604729961,0.09401749039689049
8.5,-7.5,7219,0.10143992683231856,0.07835638185913568,0.12451283045827728,0.1182909658339692
9.5,-7.5,7220,0.08262600651425081,0.08131179596459127,0.12716757252912847,0.12373741741561665
20.5,-7.5,7231,0.09059414723431737,0.10182645154971463,0.07445648604187553,0.08510906464777496
21.5,-7.5,7232,0.09396284672770346,0.10712249916380649,0.11119381084883495,0.0892821630538299
22.5,-7.5,7233,0.09301768748127391,0.09926759592100921,0.10250354135750166,0.08608155005889881
23.5,-7.5,7234,0.0863860727627683,0.1005320795390445,0.08799490782291754,0.07372645059237513
24.5,-7.5,7235,0.08126224955387176,0.0874487479540256,0.0577187686572903,0.07098114367655103
25.5,-7.5,7236,0.0651870701784977,0.07136753155655995,0.07151119652002923,0.06102084919150733
26.5,-7.5,7237,0.06112129306770864,0.06140564874546325,0.0701840979919141,0.05217467486357793
27.5,-7.5,7238,0.05784388813212513,0.06355586121711965,0.07007805382916737,0.05160095323911037
28.5,-7.5,7239,0.05304072647101468,0.058349792563232486,0.06477362266682943,0.04926874098661117
29.5,-7.5,7240,0.05607253724147273,0.057534969736102275,0.06818247232137623,0.04856379898618672
30.5,-7.5,7241,0.04910276833653982,0.048277373442214,0.0670694272547392,0.04669146176912484
31.5,-7.5,7242,0.04888721154764309,0.047559679667919956,0.059522560601711384,0.047066023764081456
32.5,-7.5,7243,0.038826897978471026,0.03720423058219911,0.04860449488143461,0.03411471259484816
33.5,-7.5,7244,0.047290991921193404,0.044475476223912416,0.05769651088107144,0.03962995334018514
34.5,-7.5,7245,0.04537889516224595,0.044663746681768195,0.06249820016665752,0.042169536130753936
35.5,-7.5,7246,0.04653832655265721,0.04768001797692002,0.046880626910627346,0.04822916515042769
36.5,-7.5,7247,0.04447031994263053,0.047030309146772885,0.06433814399394162,0.04568915968044704
37.5,-7.5,7248,0.05432903745906769,0.05787101230521993,0.07356504815481929,0.06487236600520525
38.5,-7.5,7249,0.06174211451391893,0.06034997120463471,0.051853915615659205,0.06479393338285362
39.5,-7.5,7250,0.06201958359155841,0.06147811443953404,0.07171478746557708,0.06250652109439964
40.5,-7.5,7251,0.052955314270941196,0.05921513265070329,0.061799816709504136,0.0487981239273609
41.5,-7.5,7252,0.056990683130856624,0.06709176183363244,0.06399131328782931,0.045015614880678255
42.5,-7.5,7253,0.044790699866847625,0.050310128357583465,0.0444197290189102,0.033739608816387726
43.5,-7.5,7254,0.04634478961050096,0.04512816597122782,0.04444593365296005,0.027988672328994987
44.5,-7.5,7255,0.040573059935285975,0.04659772619782509,0.04452125109581844,0.027003646598004284
45.5,-7.5,7256,0.03513308747906845,0.046201685023591565,0.0422976072444352,0.027811062298178438
46.5,-7.5,7257,0.03143528508763492,0.04354879188269882,0.035842405419724284,0.024057109657664125
47.5,-7.5,7258,0.0247971387855414,0.03303518045214129,0.028438323326553952,0.016628671765325165
48.5,-7.5,7259,0.022517385120990357,0.03737882471771238,0.027982275688658693,0.01631589907394696
49.5,-7.5,7260,0.02247647436339482,0.029990635083053756,0.02739272384477987,0.017216139987497915
50.5,-7.5,7261,0.02223750546822454,0.02965219924371454,NA,0.01545063297922369
51.5,-7.5,7262,0.021163463154243972,0.028667619600546534,NA,0.015265348907951375
52.5,-7.5,7263,0.020806782536244153,0.028359425275319605,NA,0.014673583041438409
53.5,-7.5,7264,0.02062223179611911,0.02781638182418807,NA,0.012988407506890426
54.5,-7.5,7265,0.019997785477512568,0.02733404970209853,NA,0.012988407506890426
55.5,-7.5,7266,0.019662756542707067,0.025682508542832497,NA,0.011322771779795718
56.5,-7.5,7267,0.01839706988178432,0.026014443322486036,NA,0.011298537950843398
57.5,-7.5,7268,0.018418993120093784,0.02564782904553338,NA,0.011378585633136899
58.5,-7.5,7269,0.018685208363262793,0.02595488911573963,NA,0.011612243918690989
59.5,-7.5,7270,0.017917304369639446,0.02449751107885405,NA,0.011374853954503888
60.5,-7.5,7271,0.01725545123156435,0.025066398205777437,NA,0.010581483138736277
61.5,-7.5,7272,0.01693011999124684,0.02484466641363081,NA,0.010745321361003604
62.5,-7.5,7273,0.016702797067198082,0.0249403992144858,NA,0.010429777063942325
63.5,-7.5,7274,0.019412703862876392,0.02407078494667278,NA,0.009867454341827453
64.5,-7.5,7275,0.017524333430483936,0.02190593714433679,NA,0.009918499232961047
65.5,-7.5,7276,0.017074836552190345,0.022132855045210172,NA,0.010401506737683901
66.5,-7.5,7277,0.016376146619029155,0.022669266471890624,NA,0.010170195725774633
67.5,-7.5,7278,0.01528282354509533,0.02258269573019875,NA,0.009987094433430517
68.5,-7.5,7279,0.015986490939742765,0.02217216137134508,NA,0.01020574709691627
69.5,-7.5,7280,0.013697820233918159,0.02203226597156722,NA,0.00973371067212451
70.5,-7.5,7281,0.014054446653222866,0.021518605904660773,NA,0.008733662362808132
71.5,-7.5,7282,0.013404992350499485,0.021296303574627244,NA,0.008808527377050207
72.5,-7.5,7283,0.013232594586487963,0.02133226877055275,NA,0.008845214188610364
73.5,-7.5,7284,0.013034313196026681,0.02135651081061383,NA,0.008860980102169225
74.5,-7.5,7285,0.013645845173133098,0.020942972459192175,NA,0.008858194551545934
75.5,-7.5,7286,0.015005347489567885,0.019383580409438765,NA,0.009178456835528911
76.5,-7.5,7287,0.018076970264885094,0.0201217907653456,NA,0.009480358655634175
77.5,-7.5,7288,0.01743445267507028,0.020053554340951497,NA,0.009047705242693013
78.5,-7.5,7289,0.018566769117398,0.019234946274510754,NA,0.008876834515890436
79.5,-7.5,7290,0.01923660234902712,0.019145985904125782,NA,0.008473765022559764
80.5,-7.5,7291,0.01985640242150085,NA,NA,0.009127955048334123
81.5,-7.5,7292,0.021211285465500843,NA,NA,0.009061269962591255
82.5,-7.5,7293,0.020434655067462615,NA,NA,0.008891643940400026
83.5,-7.5,7294,0.020634595439148605,NA,NA,0.009152841949239
84.5,-7.5,7295,0.02173481942001217,NA,NA,0.010138548713443078
85.5,-7.5,7296,0.020998538768719544,NA,NA,0.010220563719917412
86.5,-7.5,7297,0.022068442428322278,NA,NA,0.01022953931269126
87.5,-7.5,7298,0.022937013603866376,NA,NA,0.012376186592914519
88.5,-7.5,7299,0.0243025020847355,NA,NA,0.010623499520538676
89.5,-7.5,7300,0.023219722642275713,NA,NA,0.010382265965716625
-139.5,-6.5,7311,0.20790306980390014,NA,0.051182866942415674,0.1482300893167449
-138.5,-6.5,7312,0.15595002407151723,NA,0.05033971285031521,0.15067113638851842
-137.5,-6.5,7313,0.11101939073034213,NA,0.04874847010077031,0.1390804991769012
-136.5,-6.5,7314,0.10689844736874304,NA,0.031651731299312355,0.10883228290705674
-135.5,-6.5,7315,0.071841235449166,NA,0.023800247895037603,0.0787323907132626
-134.5,-6.5,7316,0.0921927819461079,NA,0.01995539437790021,0.07944548417652753
-133.5,-6.5,7317,0.09781045875183633,NA,0.019827104400723158,0.07356290427229109
-132.5,-6.5,7318,0.10816764013241895,NA,0.021933116305168743,0.09112297426673874
-131.5,-6.5,7319,0.12637526368563035,NA,0.02406003805951825,0.07836816305757822
-130.5,-6.5,7320,0.12527038257699757,NA,0.015445847922906519,0.06395189000646143
-129.5,-6.5,7321,0.11067403593693094,0.053134128643347656,0.021937992371543563,0.07345398492611319
-128.5,-6.5,7322,0.16200110525195918,0.05964088336808486,0.029524348375671174,0.0698511569394777
-127.5,-6.5,7323,0.15422408488756217,0.06971251537214587,0.06302249398640772,0.08405166135284312
-126.5,-6.5,7324,0.1562721589506322,0.07859489756184576,0.055756933827390595,0.10669432129680474
-125.5,-6.5,7325,0.14534104833658007,0.07788770950930983,0.05894696054013983,0.10356735146889332
-124.5,-6.5,7326,0.1652180399843013,0.07674007583863103,0.04044622261861084,0.10445430593432638
-123.5,-6.5,7327,0.13573442279632175,0.08315476921547922,0.06944075072562411,0.10244466289466654
-122.5,-6.5,7328,0.13014271175768113,0.07817781131697339,0.06459881060984247,0.0912654230967329
-121.5,-6.5,7329,0.1347189909496207,0.07506723516198184,0.06421277601910168,0.11308774311399065
-120.5,-6.5,7330,0.1156307487907757,0.05901942348021292,0.04719327766305836,0.08988705433063233
-119.5,-6.5,7331,0.11126410366669107,0.05399712723887003,NA,0.08920993485660686
-118.5,-6.5,7332,0.125514994882833,0.06219797855442933,NA,0.10008663443367184
-117.5,-6.5,7333,0.11369223514325541,0.05030888335875013,NA,0.07659063907238493
-116.5,-6.5,7334,0.0810440730961396,0.04399126873969415,NA,0.06252590037432844
-115.5,-6.5,7335,0.07737976199302803,0.044274507247320946,NA,0.0656655211768937
-114.5,-6.5,7336,0.0990430574081665,0.05806403130423845,NA,0.09006088955359721
-113.5,-6.5,7337,0.13505709848202546,0.060431560817657964,NA,0.09982686329917174
-112.5,-6.5,7338,0.12552343493252346,0.07800296818531072,NA,0.1330854741427263
-111.5,-6.5,7339,0.11702695510064157,0.07475473660533168,NA,0.12488559358087051
-110.5,-6.5,7340,0.15328589623137992,0.09947866344656697,NA,0.2047048404533201
-109.5,-6.5,7341,0.17569815006220257,0.10609451417458914,0.06470975824192092,0.2184448712247582
-108.5,-6.5,7342,0.13340919205652382,0.1474357984714326,0.09085390104718095,0.22513740710333585
-107.5,-6.5,7343,0.14535665755849536,0.172853191343056,0.08766941335472016,0.1978246093981341
-106.5,-6.5,7344,0.12169410451111995,0.10916898575727998,0.06291477558950466,0.17117395460869908
-105.5,-6.5,7345,0.1443739493217046,0.11089981931065646,0.06402211646134177,0.15651296239573353
-104.5,-6.5,7346,0.09821622496704313,0.0823487838439219,0.051078576403253015,0.12322337265182659
-103.5,-6.5,7347,0.08577938147602476,0.08210126265246048,0.06340030499368646,0.14181258751160283
-102.5,-6.5,7348,0.07387093522464587,0.07463598580804133,0.05819392620737696,0.12865572848367285
-101.5,-6.5,7349,0.06709173766189411,0.06849404830052673,0.057571410405325055,0.1151955921932829
-100.5,-6.5,7350,0.055589858222610526,0.056462679916978384,0.0309940916798335,0.06298821046274992
-99.5,-6.5,7351,0.0504725225869401,0.04832732028507292,0.029658729015997035,0.0591770818126785
-98.5,-6.5,7352,0.04829314599706256,0.05168109308043605,0.043150599308552674,0.05856286979601917
-97.5,-6.5,7353,0.05501860823033927,0.05608458930687624,0.04021226147746164,0.05446301305938116
-96.5,-6.5,7354,0.04271405482813109,0.047363185945494046,0.04022955694829697,0.04438997181915697
-95.5,-6.5,7355,0.03965065349716447,0.04396934494480592,0.03988002049573998,0.031092467350069975
-94.5,-6.5,7356,0.038045831097744724,0.03901525915918553,0.03885012157096924,0.02911242836087801
-93.5,-6.5,7357,0.03901128598480356,0.03964834924692415,0.042084376538882355,0.03171890349768136
-92.5,-6.5,7358,0.037469606076335295,0.035976575531944326,0.03460141753937703,0.03030699019276611
-91.5,-6.5,7359,0.03500741145267841,0.03453197562225059,0.03194581398688429,0.03548608295048108
-90.5,-6.5,7360,0.03680678064408221,0.031854618941671436,0.028916092295508667,0.03392992134332816
-89.5,-6.5,7361,0.037693132245403875,0.030139266400447843,0.027734331982744064,0.027500458322966978
-88.5,-6.5,7362,0.040926287103676066,0.030721890256881174,0.030297718556923082,0.02889360175303838
-87.5,-6.5,7363,0.05170062490601148,0.03657362460553724,0.0284718205705441,0.033440474056465594
-86.5,-6.5,7364,0.04148937199756943,0.0321864534495514,0.017820003472289736,0.02820069048161758
-85.5,-6.5,7365,0.04805036345365471,0.02937313451672242,0.02626367402071222,0.033416781443535395
-84.5,-6.5,7366,0.05412465637737394,0.04808085000459615,0.023680911058096908,0.04927235371617903
-83.5,-6.5,7367,0.049379766090109495,0.05684237874994681,0.030453579924366075,0.06206440902740517
-82.5,-6.5,7368,0.05878849162023105,0.05391640271624142,0.03966081780100647,0.06838329317299235
-81.5,-6.5,7369,0.06438224018116054,0.050598539669590534,0.05718932714445477,0.06696033883836543
-80.5,-6.5,7370,0.06573292539749341,0.048518941612942845,0.06742661825490458,0.06414773276592517
-79.5,-6.5,7371,0.06516525157200295,0.04966895414448451,0.04458407242424407,0.07380310636735553
-78.5,-6.5,7372,0.06932733782248136,0.0672430973756805,0.048355870975222204,0.10023780230040479
-77.5,-6.5,7373,0.06352695763498592,0.05657784216401341,0.04311722887230563,0.08263937304359766
-76.5,-6.5,7374,0.05521942393869089,0.07494247093909182,0.039001233013756326,0.07280552953958014
-75.5,-6.5,7375,0.049704627099854085,0.16542681767069714,0.0867036825511097,0.05208804697896041
-74.5,-6.5,7376,0.06945479497658354,0.060920486066744634,0.029530176960449513,0.060098655725099266
-70.5,-6.5,7377,0.0355806401391851,0.027482113333297573,0.047175693323799346,0.028056462902927844
-69.5,-6.5,7378,0.02096471266657538,0.055430238469342745,0.04072501408795716,0.017551608388300333
-68.5,-6.5,7379,0.028964925648667966,0.05282829740711656,0.03613716627765393,0.03717209728110823
-67.5,-6.5,7380,0.026413143097733568,0.027636840853365725,0.045539432091812604,0.029803297911848974
-66.5,-6.5,7381,0.04563377627778787,0.04091305893894657,0.05550153869402049,0.03425302211052827
-65.5,-6.5,7382,0.04947441529632326,0.048111537537427834,0.039015323630761725,0.05074277032297475
-64.5,-6.5,7383,0.042722738409867844,0.04020631746883494,0.0510164047423137,0.07354945317754225
-63.5,-6.5,7384,0.0687177421695932,0.060877310451322095,0.08410836245465372,0.11904256410752119
-62.5,-6.5,7385,0.06924502768945343,0.059803774340111374,0.10746286270487745,0.10850808516214748
-61.5,-6.5,7386,0.08684411626303357,0.05860397478999937,0.0987158116817981,0.13664259072724155
-59.5,-6.5,7387,0.11848176124714745,0.07394617694398918,0.1519521416313752,0.20622643041601643
-58.5,-6.5,7388,0.13158275615140747,0.07446071552312648,0.15372504649186766,0.23450659813516714
-57.5,-6.5,7389,0.12441776342860864,0.08177512189834696,0.13707740657694556,0.265278231216826
-56.5,-6.5,7390,0.1205375564321317,0.08356398908506855,0.12861129813108463,0.4408065759187748
-55.5,-6.5,7391,0.12459552528433594,0.07346110828537569,0.1447861698892384,0.40744591809542974
-54.5,-6.5,7392,0.16789675426053144,0.07728225230092314,0.18352123875680343,0.43312686166529535
-53.5,-6.5,7393,0.14802510329162363,0.0846392146022539,0.15047161268892584,0.3331580169824998
-52.5,-6.5,7394,0.18579357952572223,0.09552423532231094,0.14456804846049776,0.2525313525399232
-51.5,-6.5,7395,0.14399729390205224,0.10198214801764355,0.13455766095948812,0.16458090953774096
-50.5,-6.5,7396,0.12869847696936232,0.11296664278579159,0.14491661187575236,0.1598668123422555
-49.5,-6.5,7397,0.16146184516365614,NA,NA,0.19485786216442594
-48.5,-6.5,7398,0.13431989901058042,NA,NA,0.11941526918743062
-47.5,-6.5,7399,0.11585965289265664,NA,NA,0.10917944936452299
-46.5,-6.5,7400,0.09573254771827266,NA,NA,0.2722223026414438
-44.5,-6.5,7401,0.05459738181794528,NA,NA,0.18768132126519882
-43.5,-6.5,7402,0.05314949884012226,NA,NA,0.09250739507009148
-42.5,-6.5,7403,0.056111561706831015,NA,NA,0.08644963095546118
-41.5,-6.5,7404,0.16866320951456346,NA,NA,0.17355906351695755
-31.5,-6.5,7405,0.1272464183676705,0.13985478504336454,0.09535362476099817,0.3069015809079427
-30.5,-6.5,7406,0.37118421722406747,0.19231042443523286,0.09749922465158721,0.19152703713306743
-29.5,-6.5,7407,0.30612757231755766,0.23834201949631767,0.21307577492115848,0.42427666682523535
-28.5,-6.5,7408,0.3965840571257145,0.24152173388802095,0.19749026065058414,0.37459667903347005
-27.5,-6.5,7409,0.2025076890934826,0.23950912273295125,0.14917801090252858,0.48691818112978685
-26.5,-6.5,7410,0.20375221094598617,0.24911135048566563,0.14103550302125378,0.7091515407710834
-25.5,-6.5,7411,0.1475508168139037,0.22998947336631517,0.15958162265476222,0.762797870441979
-23.5,-6.5,7412,0.13331888918084886,0.12252127521803692,0.15931826802435556,0.24022954927029355
-22.5,-6.5,7413,0.13973996608888542,0.1336840805212062,0.08605971206775095,0.7129990783961194
-21.5,-6.5,7414,0.19057929287464345,0.18972029824677347,0.0929292757935722,0.6613938564738516
-20.5,-6.5,7415,0.20465981336750036,0.17859651258904027,0.07109224347277661,0.5331043813632667
-19.5,-6.5,7416,0.19698460610682594,0.2351567983725917,0.061196240712723574,0.399692907029898
-18.5,-6.5,7417,0.17941100136397217,0.23073178192243396,0.07710258166974299,0.29033944173907944
-17.5,-6.5,7418,0.15479511930837497,0.27797592325848197,0.13729674615155174,0.2793452026905507
-16.5,-6.5,7419,0.1536620321572199,0.23712557609092386,0.12092872695978969,0.2432927424451431
-15.5,-6.5,7420,0.15838362259897087,0.27305165891739414,0.08478326942599528,0.1678476537705318
-14.5,-6.5,7421,0.10104209474907945,0.19967481173419147,0.06664911732104317,0.34946704392042643
-13.5,-6.5,7422,0.1083991259712536,0.22603003027252605,0.0574346787561739,0.1507804708200507
-12.5,-6.5,7423,0.11056474006675114,0.1875390947027465,0.05596885151918753,0.1617749875215842
-11.5,-6.5,7424,0.14953513907169122,0.15660400212012945,0.03681698566393275,0.21179177708497007
-10.5,-6.5,7425,0.11648769268715434,0.11872720505253995,0.04154048162377792,0.1823420434515927
-9.5,-6.5,7426,0.09052694667671507,0.07104704671593763,0.03481821433798922,NA
-8.5,-6.5,7427,0.08520049475405371,0.05532008737163292,0.033261124542270086,NA
-7.5,-6.5,7428,0.06603125193824395,0.0391060961952864,0.0661956341610733,NA
-6.5,-6.5,7429,0.10322518116638336,0.04925605226438375,0.06285572460133453,NA
-5.5,-6.5,7430,0.07857801363986283,0.049323528182314176,0.08567333449729675,NA
-4.5,-6.5,7431,0.07557683478296776,0.05001273583823468,0.09143064119790295,NA
-3.5,-6.5,7432,0.10534326132516175,0.07939123075316869,0.1114961469124002,NA
-2.5,-6.5,7433,0.08056507220694523,0.07924846566899237,0.08986296943139649,NA
-1.5,-6.5,7434,0.08500577855746792,0.08874087850468175,0.0872343354247641,NA
-0.5,-6.5,7435,0.08756158881828474,0.06129394019869276,0.07984485415132497,NA
0.5,-6.5,7436,0.0796149954937147,0.05570253779671578,0.10399916881972447,0.08905161253520555
1.5,-6.5,7437,0.06140830092460966,0.05156169620230982,0.07378235275393907,0.07433499446762254
2.5,-6.5,7438,0.07200412681310311,0.06633400998106088,0.09977185068955195,0.10077652319928408
3.5,-6.5,7439,0.07217652970469093,0.06319882321944603,0.058404846139207996,0.14096262198591383
4.5,-6.5,7440,0.08672331372645584,0.07432293137653723,0.13806019178395568,0.1652310802995334
5.5,-6.5,7441,0.09766375490846492,0.09026480286611449,0.16502332525339397,0.14465649802276484
6.5,-6.5,7442,0.08567355308229783,0.07584715183770814,0.13131518584727658,0.10280426223427257
7.5,-6.5,7443,0.08666432060053639,0.07177590241042132,0.12838168691890192,0.13025990866430734
8.5,-6.5,7444,0.08312191987455357,0.0683283368414878,0.12226048384040385,0.10235221532052347
9.5,-6.5,7445,0.0898516024053701,0.07245446715128093,0.12453695531498372,0.09706921441631225
20.5,-6.5,7456,0.05940944505905338,0.06742770520714297,0.05546089839086173,0.05636749924261997
21.5,-6.5,7457,0.05900701193833342,0.07204179813996357,0.07918844121438413,0.055163792174358184
22.5,-6.5,7458,0.06818648932820562,0.08287167782052893,0.09506226105878099,0.0663575132519168
23.5,-6.5,7459,0.06822686398135486,0.07708597634005382,0.09391429651224083,0.06760902496047694
24.5,-6.5,7460,0.0735527938563056,0.0767714140817575,0.10107761887584853,0.07078793718926192
25.5,-6.5,7461,0.07087261347510708,0.0696033241745416,0.10275912491541009,0.07634116660116069
26.5,-6.5,7462,0.057713542470020106,0.057167457908157714,0.0803935556708575,0.052380546111744475
27.5,-6.5,7463,0.057866992934701704,0.057039338693412746,0.07377453644747088,0.04837965510380067
28.5,-6.5,7464,0.05998932076832849,0.05952715074061198,0.07464979133302563,0.046518359560397626
29.5,-6.5,7465,0.05333862515747831,0.04894661282874567,0.06888818974934718,0.04239839409391936
30.5,-6.5,7466,0.04781105972241701,0.04455503384168736,0.061089999583489735,0.042755725260476
31.5,-6.5,7467,0.03563791153777265,0.03553996392777199,0.04735170885907769,0.031187759845461408
32.5,-6.5,7468,0.03367379019053029,0.03533851524166452,0.03544827001406223,0.030387788187989397
33.5,-6.5,7469,0.046719079909012355,0.04406764387250934,0.06080832815046385,0.03859601974561333
34.5,-6.5,7470,0.044264330304934,0.04998069897266555,0.06718509920909947,0.038307069691800484
35.5,-6.5,7471,0.04637191476879183,0.05186100062545715,0.0637476885586653,0.03676106225903864
36.5,-6.5,7472,0.04610515779282841,0.05152221265561192,0.059774591144862915,0.036440318449251746
37.5,-6.5,7473,0.05851435272573877,0.0563560093950957,0.0640308550501255,0.04300360442207633
38.5,-6.5,7474,0.0619294242458499,0.07197414718929382,0.06578783253234932,0.05440353087781157
39.5,-6.5,7475,0.05894265594233821,0.0633645970360459,0.04498428721961182,0.05439972067319137
40.5,-6.5,7476,0.05722603960473523,0.07285755488841919,0.044738164607971746,0.038471402428852934
41.5,-6.5,7477,0.04094174837313461,0.05351910019364861,0.0476977597409316,0.02681735289509237
42.5,-6.5,7478,0.04111630411032341,0.05043733680988689,0.04791420272560404,0.025921627611298233
43.5,-6.5,7479,0.03697592308566294,0.049736384634730735,0.04551485268416721,0.02653097957865821
44.5,-6.5,7480,0.03241192100190368,0.046768696291699434,0.040218331145915213,0.024607556991815986
45.5,-6.5,7481,0.03048942356040859,0.042351831865332576,0.03643829621886442,0.0226213376909154
46.5,-6.5,7482,0.02358154455193572,0.028743726686220546,0.028489321608634127,0.01591250782142975
47.5,-6.5,7483,0.024916420460194974,0.0322631263346654,0.021187746453514483,0.01609630394953463
48.5,-6.5,7484,0.0245402751033418,0.027412163210341116,0.024930372334981746,0.0156490210195391
49.5,-6.5,7485,0.023547781220236055,0.027170005902628358,0.02228978026373725,0.014915067091477757
50.5,-6.5,7486,0.021213096512856827,0.026914013208667723,NA,0.01294340595589293
51.5,-6.5,7487,0.02138419464480199,0.028121683180812422,NA,0.012713759362772583
52.5,-6.5,7488,0.02329948067315804,0.030325278080108223,NA,0.012396216532073968
53.5,-6.5,7489,0.02101759352388936,0.026950481843645162,NA,0.012310356983796136
54.5,-6.5,7490,0.020958171518667343,0.026146857080582966,NA,0.01276456974098057
55.5,-6.5,7491,0.02057450667383706,0.028089064447738486,NA,0.012491481801921795
56.5,-6.5,7492,0.020448477637091584,0.03404465582113066,NA,0.01190601215353181
57.5,-6.5,7493,0.02073711235212244,0.03448536542188105,NA,0.010771853115818256
58.5,-6.5,7494,0.01972772066305944,0.029871206004719722,NA,0.010361417092992408
59.5,-6.5,7495,0.02014731748035051,0.028756237146971956,NA,0.009824129462996177
60.5,-6.5,7496,0.01900945038545312,0.02957959716078057,NA,0.010046613180227561
61.5,-6.5,7497,0.019054192246081007,0.027281185467999694,NA,0.009679329868778914
62.5,-6.5,7498,0.020530139456817937,0.027854965996906397,NA,0.009679329868778914
63.5,-6.5,7499,0.02002747133958958,0.028059235299360233,NA,0.00971222888230762
64.5,-6.5,7500,0.018572877278821676,0.027425116603551146,NA,0.009959190693374175
65.5,-6.5,7501,0.017881906572715312,0.02511867819597617,NA,0.010215351574549295
66.5,-6.5,7502,0.017950285586384885,0.02479195382591393,NA,0.010614006910404322
67.5,-6.5,7503,0.02193078264253608,0.026480017283428837,NA,0.010249052436680879
68.5,-6.5,7504,0.019164937487115258,0.026746336468880447,NA,0.010098447447538657
69.5,-6.5,7505,0.01933028407667053,0.02658940904734402,NA,0.008775676408463337
70.5,-6.5,7506,0.01938885770981362,0.025171757918007704,NA,0.009094143494818317
71.5,-6.5,7507,0.019308307424087366,0.021549411340196015,NA,0.008741740110671402
72.5,-6.5,7508,0.01999483262415021,0.021654418962139346,NA,0.008736238054231099
73.5,-6.5,7509,0.01840412530703919,0.021403720239707946,NA,0.008602620323815237
74.5,-6.5,7510,0.020990287960870508,0.021152074032472216,NA,0.009021152019360861
75.5,-6.5,7511,0.020204875924797985,0.0205848598477358,NA,0.009117116397163566
76.5,-6.5,7512,0.022004912239272697,0.020265256066009294,NA,0.008867703887908026
77.5,-6.5,7513,0.02369729228911214,0.020362422717003795,NA,0.00870128571113874
78.5,-6.5,7514,0.026087084084142374,0.023296238880206512,NA,0.008627829490150025
79.5,-6.5,7515,0.024252998368142143,0.022663665047669423,NA,0.008615445883269611
80.5,-6.5,7516,0.02292881213025241,NA,NA,0.008400721288868915
81.5,-6.5,7517,0.02211436639065229,NA,NA,0.00862842756042771
82.5,-6.5,7518,0.023007264986997865,NA,NA,0.009168452995212701
83.5,-6.5,7519,0.02693033642441421,NA,NA,0.009304836948760062
84.5,-6.5,7520,0.027177644194368994,NA,NA,0.009514912652953598
85.5,-6.5,7521,0.02873858103259603,NA,NA,0.00929813191378514
86.5,-6.5,7522,0.027347349581076576,NA,NA,0.009475628070255022
87.5,-6.5,7523,0.027131851315479308,NA,NA,0.009898282632041707
88.5,-6.5,7524,0.027972084240395788,NA,NA,0.011549001496037945
89.5,-6.5,7525,0.030938788330124947,NA,NA,0.012647471865553843
-139.5,-5.5,7536,0.14844544639667948,NA,0.05192714124826658,0.14121506517494475
-138.5,-5.5,7537,0.09718896010441817,NA,0.05974391161134033,0.15073259585260484
-137.5,-5.5,7538,0.08303438727553472,NA,0.05701110591039812,0.10473710108012035
-136.5,-5.5,7539,0.07553027507048905,NA,0.05561064218218271,0.08821466236433673
-135.5,-5.5,7540,0.04966308511168148,NA,0.02219263578152676,0.06436955461683726
-134.5,-5.5,7541,0.059445752201959565,NA,0.021879095870051372,0.0712936772700887
-133.5,-5.5,7542,0.08025280033657492,NA,0.02158378299243376,0.07029870926044815
-132.5,-5.5,7543,0.08559974440883145,NA,0.02138220871942661,0.06071209077234979
-131.5,-5.5,7544,0.11311437170752353,NA,0.021274160567733326,0.06161607909338559
-130.5,-5.5,7545,0.10108316048620541,NA,0.025610478838373977,0.06618231167856777
-129.5,-5.5,7546,0.11136853523332164,0.043168831708062357,0.033281471364233275,0.055409972984464116
-128.5,-5.5,7547,0.13442476022715177,0.05790386307080007,0.03417418976621441,0.06698842179810821
-127.5,-5.5,7548,0.14526885308828322,0.07738419872525967,0.07263677962977033,0.08871334507811657
-126.5,-5.5,7549,0.09834322558136199,0.0632735474053269,0.07353109083923404,0.09667617650888073
-125.5,-5.5,7550,0.1569047299187289,0.081805816550284,0.06078366717815874,0.09369589896508694
-124.5,-5.5,7551,0.10684721141408694,0.06041017608793718,0.05971804554289081,0.18520408573768782
-123.5,-5.5,7552,0.16489955713957688,0.12886893242531783,0.08474511367960061,0.11599218216073312
-122.5,-5.5,7553,0.12463925399234216,0.07908908525873895,0.0710403106528458,0.08606362318185569
-121.5,-5.5,7554,0.1253251911226788,0.04987924796966825,0.046137051426250734,0.07793900694566044
-120.5,-5.5,7555,0.11345559231321495,0.05437223615435927,0.04175089482368231,0.07117971719669658
-119.5,-5.5,7556,0.10624605873161794,0.05763702700779604,NA,0.07803137328479971
-118.5,-5.5,7557,0.0994439202653304,0.057756060167186034,NA,0.07660072647808695
-117.5,-5.5,7558,0.08170345747851361,0.05111714361813426,NA,0.0772533420413566
-116.5,-5.5,7559,0.06438072723490836,0.04102893051634054,NA,0.07431630674638628
-115.5,-5.5,7560,0.07310276936318559,0.042276783347554726,NA,0.06350081683252978
-114.5,-5.5,7561,0.1036308734570443,0.04952639769950481,NA,0.08273650929180909
-113.5,-5.5,7562,0.11025329101288851,0.05159945320162116,NA,0.09726660990095906
-112.5,-5.5,7563,0.10468402532485403,0.056373913578152766,NA,0.0992660095473761
-111.5,-5.5,7564,0.1076567877937466,0.058967454941051795,NA,0.12650770199426567
-110.5,-5.5,7565,0.15416146208784803,0.08182159711756953,NA,0.15441935512131427
-109.5,-5.5,7566,0.1780789661229634,0.10356944344957007,0.06368985980847426,0.21318487448039017
-108.5,-5.5,7567,0.15891250247893793,0.10362428206512378,0.06598331907231399,0.14396594216389
-107.5,-5.5,7568,0.17575342493176296,0.1486604371913078,0.09771682135017566,0.22146326073490155
-106.5,-5.5,7569,0.1422315280195224,0.10323118607061399,0.0637083754624075,0.17174147867983758
-105.5,-5.5,7570,0.1652181278266736,0.09661375145515975,0.05971344155151031,0.1828075130297081
-104.5,-5.5,7571,0.12660077801646347,0.07974271045625105,0.05946173888248652,0.12532823975468907
-103.5,-5.5,7572,0.13871770958251853,0.07719287968220401,0.061368938053810926,0.14505371521399055
-102.5,-5.5,7573,0.13641135955707356,0.07308462161839097,0.05876297194848192,0.13204384102532116
-101.5,-5.5,7574,0.10177660007483745,0.06544168664069326,0.05609251507689833,0.11429514753068735
-100.5,-5.5,7575,0.0716626880525755,0.04767127416729805,0.029547116903378072,0.0703774723363006
-99.5,-5.5,7576,0.07114720816295579,0.04658831928247039,0.028775484685881182,0.0755272909228887
-98.5,-5.5,7577,0.06650069971987393,0.04605904134098093,0.028846482842597658,0.07117306176749638
-97.5,-5.5,7578,0.05330770832732597,0.04518895513025797,0.043018537077003836,0.0570682634990449
-96.5,-5.5,7579,0.04374614340342475,0.04536370422659908,0.026218253924126012,0.0470069900632749
-95.5,-5.5,7580,0.04129303366561256,0.04973625340051693,0.041033003282967447,0.05198310033569995
-94.5,-5.5,7581,0.036743068815330404,0.04727439685306263,0.04004990882828122,0.04643469776747263
-93.5,-5.5,7582,0.03413842108480631,0.04238321846065712,0.03959383760230957,0.030841022397652053
-92.5,-5.5,7583,0.03405358171998916,0.0417049282905192,0.03568973413150522,0.02849194119899918
-91.5,-5.5,7584,0.03525293523238637,0.039981869448231365,0.03376949063062736,0.02760080736924453
-90.5,-5.5,7585,0.03586512767362185,0.03956406349941056,0.02897906675637837,0.03518756675748898
-89.5,-5.5,7586,0.03524044952241559,0.03895980005036457,0.029433230226751452,0.026828221148397575
-88.5,-5.5,7587,0.037444632811238596,0.03988925795034781,0.029855333693039943,0.032129235839924754
-87.5,-5.5,7588,0.037159801760575005,0.03960359294701951,0.028236576863997293,0.035239341628142365
-86.5,-5.5,7589,0.03932434224887539,0.0448193915107124,0.02627997786305181,0.03729878044845126
-85.5,-5.5,7590,0.05173617645255053,0.048022357013932336,0.03833407103680989,0.04605546926607095
-84.5,-5.5,7591,0.05261200085549573,0.05757542007959433,0.04842178278386184,0.05281004556136747
-83.5,-5.5,7592,0.06618901754634395,0.06103562545870908,0.044831355692890804,0.05079178552135097
-82.5,-5.5,7593,0.07713687363955056,0.05674498235610771,0.05808358790803611,0.05258589827890266
-81.5,-5.5,7594,0.05867362186843048,0.04890829753282108,0.043673409169629876,0.0490872477079474
-80.5,-5.5,7595,0.06181489387350567,0.04881339786485418,0.0460643180956072,0.050021395596714896
-79.5,-5.5,7596,0.06624471401128311,0.06450496754129321,0.052516098221618665,0.06662415031691168
-78.5,-5.5,7597,0.05037551055260269,0.04711312597395979,0.04841454642375724,0.04841202591658141
-77.5,-5.5,7598,0.03599130846182665,0.04035037096952032,0.036949049888891555,0.04226698428328413
-76.5,-5.5,7599,0.07756756505213844,0.09392722946017011,0.053464104401903564,0.043930550562549464
-73.5,-5.5,7600,0.0886051804497928,0.049794332180807976,0.08208400623375828,0.02627399415122114
-72.5,-5.5,7601,0.03148148392776631,0.033672789442373396,0.04780836417325488,0.03399398798180396
-71.5,-5.5,7602,0.02885299290162163,0.033257078264240125,0.06673118085277571,0.02962543016311577
-70.5,-5.5,7603,0.037096923718036204,0.032583802638204845,0.031150431748724974,0.035140594040420234
-69.5,-5.5,7604,0.039354766269880326,0.03030622099489539,0.03992305353901681,0.0350013334874026
-68.5,-5.5,7605,0.12418637252608782,0.06280753401029421,0.03976758965454475,0.038853372385071826
-67.5,-5.5,7606,0.05036835312754234,0.03592520942166425,0.027919960241718462,0.03743521986517989
-66.5,-5.5,7607,0.056605378848845,0.03227062997147906,0.05047244632487663,0.04364914817264676
-65.5,-5.5,7608,0.053232266334520086,0.033876302616316405,0.05928510798716892,0.034572277426582525
-64.5,-5.5,7609,0.07472261919143329,0.05459747108589099,0.05723374968801096,0.049659302142429994
-63.5,-5.5,7610,0.08017261636790826,0.0752305867308956,0.08686346730597949,0.08364466608437525
-62.5,-5.5,7611,0.08199920326889487,0.07181548441905476,0.11210514326822676,0.13127367053641847
-61.5,-5.5,7612,0.07332969950371511,0.059394621480758455,0.1477739884540327,0.11230731856060136
-59.5,-5.5,7613,0.06454495256047192,0.08687951767299143,0.14860115785330805,0.22315326981404301
-58.5,-5.5,7614,0.10039332812652117,0.10757302345656367,0.1427600174412371,0.3625219940272419
-57.5,-5.5,7615,0.07401599935145069,0.055074983500106194,0.1040747062105414,0.17630025162743132
-56.5,-5.5,7616,0.08220543319616871,0.07588802032724143,0.11605809231710111,0.25726535263710526
-55.5,-5.5,7617,0.1122215020952466,0.07774639045917921,0.11620779706834089,0.2549056967183616
-54.5,-5.5,7618,0.0863373949303666,0.06970311132981019,0.14226709638168406,0.30547064917536854
-53.5,-5.5,7619,0.13933747950711248,0.08546318519058899,0.09037537300537146,0.29651658015971855
-52.5,-5.5,7620,0.11521205858279071,0.09355354603587898,0.12818361096525596,0.1553917858990956
-51.5,-5.5,7621,0.12183224707491154,0.11439140543116397,0.1348057974292635,0.18216771590201558
-50.5,-5.5,7622,0.13646089050189944,0.12298581900747277,0.1565093831832909,0.173352773265846
-49.5,-5.5,7623,0.15292532501294173,NA,NA,0.18176469478258406
-48.5,-5.5,7624,0.12362414975764477,NA,NA,0.2217598302746941
-47.5,-5.5,7625,0.061523560557715594,NA,NA,0.08730622645961912
-46.5,-5.5,7626,0.1115067543525814,NA,NA,0.19838378662069653
-44.5,-5.5,7627,0.10176498646695689,NA,NA,0.06350904340187911
-43.5,-5.5,7628,0.04438672972413107,NA,NA,0.09414870166956722
-42.5,-5.5,7629,0.19711265533808428,NA,NA,0.086932136197502
-33.5,-5.5,7630,0.14023539218839667,0.13408412758700164,0.09220855015198916,0.5031801075647471
-32.5,-5.5,7631,0.23495050142373194,0.2349158118910553,0.30442687035365773,0.6741668667598609
-30.5,-5.5,7632,0.2134386912508112,0.15319044353601402,0.17752307195943048,0.6868075589356216
-27.5,-5.5,7633,0.14418580807404985,0.1353150014688545,0.19517116189547298,0.22959370686506725
-26.5,-5.5,7634,0.18866154704333793,0.22318484741778175,0.16482728935144544,0.6391473243661506
-25.5,-5.5,7635,0.10720725427592166,0.10167646676057586,0.13364774430639026,0.6551857541428615
-24.5,-5.5,7636,0.1329728093804246,0.11878921083861264,0.10568836202646315,0.6657120426912954
-23.5,-5.5,7637,0.0908922769696897,0.1092254158516317,0.17304517175152523,0.5902130399394573
-22.5,-5.5,7638,0.13103516398585677,0.1911507388445528,0.1283972795365238,0.38418543286813456
-21.5,-5.5,7639,0.1696218086560219,0.17538834233433798,0.22823500013399717,0.5648225497851397
-20.5,-5.5,7640,0.20746122650859175,0.24857972867833758,0.18181743849188037,0.38514637977292976
-19.5,-5.5,7641,0.14579938426188266,0.1569737395430209,0.1223255109955409,0.164252059313206
-18.5,-5.5,7642,0.13059226820921957,0.13451529038049218,0.12259224939220154,0.16025313105729366
-17.5,-5.5,7643,0.11798350899662462,0.18554568674117033,0.09502134888091682,0.17479374754687413
-16.5,-5.5,7644,0.1063587663493914,0.16981976136747862,0.07244195974309875,0.2853908753456835
-15.5,-5.5,7645,0.14031887581900218,0.18690324015110804,0.06405759261505184,0.393563999661239
-14.5,-5.5,7646,0.19428477971703856,0.16905279684485486,0.03819456587658397,0.15891306111145911
-13.5,-5.5,7647,0.10245575755737671,0.11203290216514741,0.05574094415843512,0.1021587417441202
-12.5,-5.5,7648,0.09557051484882999,0.12285845859765604,0.036737945042643334,0.10770062068648331
-11.5,-5.5,7649,0.075771312205103,0.08236577809889642,0.03488925164402916,0.24174743109645974
-10.5,-5.5,7650,0.07723413337553853,0.0916223545186546,0.0644090762379396,0.15937790920207595
-9.5,-5.5,7651,0.060119295549113286,0.04112812204447081,0.06880782371630431,NA
-8.5,-5.5,7652,0.05200266206748033,0.03276997770666085,0.043116518874112754,NA
-7.5,-5.5,7653,0.06037121392451153,0.03440912598392743,0.03312334506182694,NA
-6.5,-5.5,7654,0.0721006853183297,0.04387951346041081,0.06212447433026164,NA
-5.5,-5.5,7655,0.09472009881398191,0.06711353699606691,0.07044065957931404,NA
-4.5,-5.5,7656,0.13134389235155045,0.07809615118174047,0.08652535788311602,NA
-3.5,-5.5,7657,0.09653540264071757,0.1027022290746741,0.1039575598811304,NA
-2.5,-5.5,7658,0.09286235933208353,0.08758716418884874,0.1072835522339484,NA
-1.5,-5.5,7659,0.0872089853037744,0.08326059389935242,0.10174198938592509,NA
-0.5,-5.5,7660,0.09853786103025605,0.07461370578802443,0.12436272748118274,NA
0.5,-5.5,7661,0.07680331832795798,0.06781684332778957,0.10067442444111069,0.089204569400888
1.5,-5.5,7662,0.06849179734236195,0.0680841999899515,0.10345642534284637,0.09384182405064931
2.5,-5.5,7663,0.07039219873206896,0.05557490785989835,0.10761983153547777,0.10453305626544472
3.5,-5.5,7664,0.0903841950097785,0.0847390975988164,0.15003194969505418,0.17142441900818306
4.5,-5.5,7665,0.12100592773838595,0.09259600226687195,0.08398274678910611,0.1593160710336856
5.5,-5.5,7666,0.11523283514766995,0.09663042972577926,0.1569885274805044,0.16603005074831317
6.5,-5.5,7667,0.10566226178327714,0.10821270865324902,0.13119121668257108,0.123718167283363
7.5,-5.5,7668,0.13124484518246265,0.1359707337162624,0.07807557623539935,0.12557130795345814
8.5,-5.5,7669,0.11467008893024998,0.12340353926013979,0.06753391836434558,0.11520747650014468
9.5,-5.5,7670,0.10572305350722953,0.12253681794659892,0.10420718471867614,0.08790671675737437
20.5,-5.5,7681,0.052371164978093465,0.05408552742582561,0.07458195596565492,0.05579163630001668
21.5,-5.5,7682,0.05704309189983986,0.05550456993689437,0.07896779031807875,0.06757622526117785
22.5,-5.5,7683,0.06823132508492084,0.06775625345159167,0.09438116078863622,0.07958428260766373
23.5,-5.5,7684,0.07666490135342434,0.07487899935476162,0.10299019173694551,0.08548879677317155
24.5,-5.5,7685,0.09379651238542362,0.08083916625381103,0.1141761198173934,0.11992445261956655
25.5,-5.5,7686,0.0661295123353899,0.06793480876516675,0.0921733217248249,0.08034734921389682
26.5,-5.5,7687,0.06786191731333252,0.0714532216785754,0.09693740673605684,0.06989355940208823
27.5,-5.5,7688,0.0538715989825208,0.055293625775182674,0.07908597885392317,0.05141190447932555
28.5,-5.5,7689,0.05215474123681766,0.057322854951285813,0.07619028296603098,0.05362846576924628
29.5,-5.5,7690,0.051232672924829775,0.05343463562554548,0.05135249151231585,0.049222963802515236
30.5,-5.5,7691,0.0505211350920174,0.04957141093454517,0.06449326503034507,0.043694222155874006
31.5,-5.5,7692,0.03649549139299246,0.03935925910568276,0.035843217193926365,0.031482445089829406
32.5,-5.5,7693,0.03559387079396259,0.03984573188953691,0.04938022721765341,0.028376934367745577
33.5,-5.5,7694,0.04131349352176277,0.043770988521338844,0.051983485993152265,0.029353882556219898
34.5,-5.5,7695,0.04713620044155151,0.050465528357353226,0.05467393749614736,0.03439252255467786
35.5,-5.5,7696,0.0491136239455524,0.05335548714743478,0.05737516696809553,0.03580320279767333
36.5,-5.5,7697,0.05504505587218878,0.05523519171311998,0.041449563981206146,0.037254953883525975
37.5,-5.5,7698,0.04834079713769804,0.05757711095412827,0.05392342567532926,0.03732868207949742
38.5,-5.5,7699,0.041820080838247134,0.054022538268369745,0.05023391446530116,0.032903443005969694
39.5,-5.5,7700,0.04123970438033029,0.053765815437517385,0.047782306504837176,0.033527618800507177
40.5,-5.5,7701,0.037980510897975904,0.05240922489903148,0.048165190358261896,0.029309113458015606
41.5,-5.5,7702,0.03685379880074416,0.05111742443573691,0.04610035598484139,0.027275191390408984
42.5,-5.5,7703,0.038072530034780526,0.05089991357529393,0.03175434359262629,0.02881149634062604
43.5,-5.5,7704,0.033107107427550866,0.04780432472783358,0.04049961507832094,0.02603256986782323
44.5,-5.5,7705,0.03147482361760981,0.043557568409351655,0.037099293399791726,0.024054806152179725
45.5,-5.5,7706,0.025199853029005324,0.03438003182183419,0.02656456964109903,0.018510205695249877
46.5,-5.5,7707,0.025048141217485064,0.036478739474425974,0.023600282620426235,0.016111525451474193
47.5,-5.5,7708,0.025043204047582333,0.03673990061856688,0.01731926455595119,0.015909335135831218
48.5,-5.5,7709,0.02497996134577144,0.03685411636616166,0.020847849469656815,0.014714714663284572
49.5,-5.5,7710,0.024131124509415132,0.03307182544065926,0.014260504926958049,0.013900087642040985
50.5,-5.5,7711,0.02345545138299388,0.03306375076746421,NA,0.013955762587805409
51.5,-5.5,7712,0.022927698624269233,0.03396100664867433,NA,0.013972945610290074
52.5,-5.5,7713,0.0239867833733526,0.033951891928969864,NA,0.013336026784545455
53.5,-5.5,7714,0.023769136106521697,0.03426370809856367,NA,0.01347478626650444
54.5,-5.5,7715,0.022872864726431054,0.03397506973068065,NA,0.01238990659705553
55.5,-5.5,7716,0.022382743284812143,0.0341395957976945,NA,0.012635078217274973
56.5,-5.5,7717,0.021103599152991447,0.03356162952362089,NA,0.01269391839219923
57.5,-5.5,7718,0.020989648878278505,0.03325640518396395,NA,0.012655105761418348
58.5,-5.5,7719,0.020474787888828574,0.0333350858157671,NA,0.01086639010169522
59.5,-5.5,7720,0.02118504059147085,0.03359087585189311,NA,0.010925101275033591
60.5,-5.5,7721,0.020533614594095174,0.032816443939682326,NA,0.011078492660232043
61.5,-5.5,7722,0.020475221562249363,0.03274993301939409,NA,0.01095605548641317
62.5,-5.5,7723,0.020319280156225847,0.02935018017268434,NA,0.011046915799778439
63.5,-5.5,7724,0.021107408061917503,0.02935018017268434,NA,0.011634256316782544
64.5,-5.5,7725,0.02400795852167968,0.028811461671797694,NA,0.011142019712578577
65.5,-5.5,7726,0.021597621996646676,0.02702821267672738,NA,0.011607476769426266
66.5,-5.5,7727,0.02160063678255505,0.026141773777950853,NA,0.009895355291734765
67.5,-5.5,7728,0.02083225809594648,0.0266599672252442,NA,0.009978281635825573
68.5,-5.5,7729,0.023068822732489877,0.028316256522638108,NA,0.010404398499789852
69.5,-5.5,7730,0.022787694158935348,0.028336785858765152,NA,0.009992420655092938
70.5,-5.5,7731,0.022961893276721244,0.028523970576494608,NA,0.009427034018113943
71.5,-5.5,7732,0.024460450104237336,0.028026868563059134,NA,0.00904336171415028
72.5,-5.5,7733,0.027634470272537213,0.028841159503220058,NA,0.009198105084527465
73.5,-5.5,7734,0.026822140922698544,0.030174958387066048,NA,0.008828500009711037
74.5,-5.5,7735,0.025430023977153448,0.02682168737288912,NA,0.008916809805502112
75.5,-5.5,7736,0.025090895077432653,0.02739836988297672,NA,0.009340707866970579
76.5,-5.5,7737,0.02652053624593285,0.024470844644113764,NA,0.00934962566997138
77.5,-5.5,7738,0.02988613772712181,0.023711693932858862,NA,0.008958900158031536
78.5,-5.5,7739,0.031746911405500136,0.023169626375567045,NA,0.009114965513779208
79.5,-5.5,7740,0.033846509797341315,0.023019416827299428,NA,0.009160223984688442
80.5,-5.5,7741,0.03249505402179747,NA,NA,0.009317256241915489
81.5,-5.5,7742,0.0312961602839199,NA,NA,0.009622237275123947
82.5,-5.5,7743,0.03157241454601312,NA,NA,0.009546835290852249
83.5,-5.5,7744,0.030909348227524624,NA,NA,0.010132096687963086
84.5,-5.5,7745,0.030594015314448796,NA,NA,0.010691055110405388
85.5,-5.5,7746,0.03340080025256128,NA,NA,0.010135199716128699
86.5,-5.5,7747,0.049358014995783725,NA,NA,0.013555348693064469
87.5,-5.5,7748,0.0500086292237922,NA,NA,0.014041108706200215
88.5,-5.5,7749,0.058048016184814075,NA,NA,0.014547740705274264
89.5,-5.5,7750,0.05713744977167523,NA,NA,0.016015443414025624
-139.5,-4.5,7760,0.2075225156397491,NA,0.07290219605520924,0.18873522731075337
-138.5,-4.5,7761,0.08992702806457595,NA,0.06227790169191404,0.13900115704800697
-137.5,-4.5,7762,0.07297137462531998,NA,0.0555573631492485,0.11814617301086795
-136.5,-4.5,7763,0.07104150840036826,NA,0.052603302823006404,0.0857411669997121
-135.5,-4.5,7764,0.05023334403156749,NA,0.024807493084190484,0.048138145974321506
-134.5,-4.5,7765,0.04005085391775768,NA,0.01755352116992519,0.04888381670523917
-133.5,-4.5,7766,0.045629435508202414,NA,0.025612681601469713,0.09488876269077827
-132.5,-4.5,7767,0.05477709424199337,NA,0.02348194979736349,0.08832559166845082
-131.5,-4.5,7768,0.05525128679984551,NA,0.024868282565601415,0.09255594986353839
-130.5,-4.5,7769,0.06399963652202226,NA,0.03155687148247798,0.06428080528354935
-129.5,-4.5,7770,0.07838464613598904,0.056799398869995917,0.03407779668826588,0.0649028156103462
-128.5,-4.5,7771,0.1157790344423738,0.08396117756988186,0.037027468799435394,0.07978217666645865
-127.5,-4.5,7772,0.1027838081865053,0.07331166081087737,0.06684376316981641,0.10235810618119572
-126.5,-4.5,7773,0.1609964015764965,0.09729430117895539,0.07235284330065277,0.10937712473430689
-125.5,-4.5,7774,0.12528819901442434,0.09470556396136562,0.048459942330589055,0.08484465924580542
-124.5,-4.5,7775,0.059460055310483685,0.04176919330488196,0.03757071139304485,0.04907752055463116
-123.5,-4.5,7776,0.14035915801036836,0.11020069766017067,0.06663239313698063,0.11919106549623268
-122.5,-4.5,7777,0.13372897208568388,0.0794075942304254,0.06579531417258272,0.1103379330898159
-121.5,-4.5,7778,0.10039060831684639,0.062301213957870985,0.04848753292240384,0.0945966443164256
-120.5,-4.5,7779,0.10669105058158336,0.0694218345789318,0.045628536697072175,0.08704209654566815
-119.5,-4.5,7780,0.12221544224169131,0.06846053614183668,NA,0.08526493329061922
-118.5,-4.5,7781,0.10438007425655305,0.06070800834695054,NA,0.07985244599452104
-117.5,-4.5,7782,0.08085069673721189,0.0483591365883325,NA,0.0625358845823914
-116.5,-4.5,7783,0.08772368489394602,0.043734574118699375,NA,0.06356651192911494
-115.5,-4.5,7784,0.08417368156755312,0.04469839684903267,NA,0.0833927113828284
-114.5,-4.5,7785,0.09637051005511768,0.058097489533720285,NA,0.09859873389249971
-113.5,-4.5,7786,0.10084783899729836,0.06466362431706915,NA,0.0974807474485303
-112.5,-4.5,7787,0.1012173272453878,0.06838607207543893,NA,0.11166166708868203
-111.5,-4.5,7788,0.0986822684083282,0.06876001454874561,NA,0.1039451183431944
-110.5,-4.5,7789,0.12771774552796572,0.07489455693411137,NA,0.11684060577126766
-109.5,-4.5,7790,0.16237553898677856,0.0921651541118165,0.07067979537945963,0.2135212574099883
-108.5,-4.5,7791,0.1932890570923887,0.10366519136892102,0.0822517202342122,0.17032532906303038
-107.5,-4.5,7792,0.17482474500737302,0.0930824127089076,0.08541772859084731,0.1395016866965823
-106.5,-4.5,7793,0.1379539409855859,0.08548143466065845,0.09192510073959942,0.12931204874433375
-105.5,-4.5,7794,0.11890072057306225,0.09735813441905519,0.09878676496642287,0.17743984653228798
-104.5,-4.5,7795,0.12285168655959346,0.07941974834548239,0.0788480588426676,0.11491847861713277
-103.5,-4.5,7796,0.1341545453100123,0.0781996567115879,0.07405651298429891,0.115419392090957
-102.5,-4.5,7797,0.12684885199064613,0.07423878047179815,0.06944205173627914,0.1233856265208836
-101.5,-4.5,7798,0.13005409680582944,0.06555129029147147,0.06271001895283537,0.10867684817353024
-100.5,-4.5,7799,0.0910230350098443,0.054076393592341655,0.052291602705942554,0.07449417840372392
-99.5,-4.5,7800,0.1051429865736312,0.05326943586393848,0.05483827517676379,0.06952554291569607
-98.5,-4.5,7801,0.08687228040043249,0.052488796002244924,0.051775618182616646,0.07803697064557495
-97.5,-4.5,7802,0.05201301055809646,0.054373859665129934,0.05026189539012156,0.060885949924801085
-96.5,-4.5,7803,0.06214096632258604,0.059836261273559274,0.05096316472432692,0.06058374525204235
-95.5,-4.5,7804,0.05194368873768739,0.060246759558759286,0.048638868206948224,0.05886137268815655
-94.5,-4.5,7805,0.04740925341067518,0.06195282389735508,0.04635946566554752,0.04281460482211636
-93.5,-4.5,7806,0.05090503009005215,0.06567897422218136,0.04680084716697019,0.04286531411799161
-92.5,-4.5,7807,0.05150619567153947,0.053396312023521235,0.042935476920327814,0.041300950349045955
-91.5,-4.5,7808,0.05351612652196391,0.05943970071587361,0.03656139407384432,0.031610087229272894
-90.5,-4.5,7809,0.04912197709622275,0.05891940515684519,0.03458571084641834,0.036746109002898916
-89.5,-4.5,7810,0.03740113268215142,0.05245614983732583,0.03433708621045848,0.030226150461549247
-88.5,-4.5,7811,0.042086220933916604,0.05531101140139756,0.031701659014454646,0.028725757524497072
-87.5,-4.5,7812,0.03412352223870192,0.04682603945155258,0.030488962105252308,0.03749135067335117
-86.5,-4.5,7813,0.04448309729374054,0.059572652870567705,0.035254848079600144,0.04541608924487395
-85.5,-4.5,7814,0.06866441552094601,0.059595172444282654,0.03873413889719171,0.041226572845331766
-84.5,-4.5,7815,0.07094583116802332,0.059466734640765,0.02670946019320662,0.041170923516546415
-83.5,-4.5,7816,0.06985889035120578,0.07865856222459536,0.05233075565481192,0.043292241072006424
-82.5,-4.5,7817,0.053953261058371595,0.06203647089967798,0.035468267392035055,0.042206269434853845
-81.5,-4.5,7818,0.05105382922437872,0.07188994659135327,0.04233313460652681,0.054110232074813434
-80.5,-4.5,7819,0.05997884127394282,0.06260600507150683,0.05164843274090468,0.06041998933628294
-79.5,-4.5,7820,0.05558893969798738,0.047599086151862154,0.052058590175654236,0.0651845140276423
-78.5,-4.5,7821,0.07165009353075676,0.05430168844705692,0.09615756259688893,0.047494654705459015
-77.5,-4.5,7822,0.06090068151315531,0.05687374942196962,0.04572655838037162,0.05161961965662459
-73.5,-4.5,7823,0.07102268684629814,0.033835853381567235,0.02941722722444582,0.03304662660315516
-72.5,-4.5,7824,0.03180112965068273,0.03006594298610978,0.04067174750407399,0.032794039377442866
-71.5,-4.5,7825,0.03589323135426102,0.03819220909677552,0.03614368160263184,0.04481996495082701
-70.5,-4.5,7826,0.03859643315636376,0.03616186481531427,0.03610082834731697,0.03928318221377722
-69.5,-4.5,7827,0.041375033076708666,0.03381369124906876,0.03482454450144089,0.03850998812940171
-68.5,-4.5,7828,0.03735536296360888,0.031337106903818995,0.0241482662573836,0.0464573672535101
-67.5,-4.5,7829,0.04512615626525886,0.038560863325173715,0.04679107004930621,0.04155087875915673
-66.5,-4.5,7830,0.052048729030528165,0.03714946474602565,0.05369789238013758,0.04146603501380989
-65.5,-4.5,7831,0.06218544967318914,0.04720670242246764,0.0775812468534919,0.05978122264595874
-64.5,-4.5,7832,0.055019212708877364,0.05121946240651857,0.07381420426402832,0.05775495068759953
-63.5,-4.5,7833,0.07962254035993681,0.05700483962874621,0.0689061414252931,0.058750289282744464
-62.5,-4.5,7834,0.15233783953452967,0.10705072603626334,0.117124768738511,0.13606154518932836
-61.5,-4.5,7835,0.10986428819202333,0.10232878992138501,0.0852872665053136,0.1355753500917856
-60.5,-4.5,7836,0.020036889736654396,0.04610169635559906,0.07716376706019734,0.08573544198555433
-59.5,-4.5,7837,0.02942853569678204,0.0762516911716727,0.11083090298495919,0.1260192768165457
-58.5,-4.5,7838,0.12118974632267103,0.059408272704506986,0.11306386997689787,0.1542747073143848
-57.5,-4.5,7839,0.02611785160598021,0.032047575672094514,0.05479033010256697,0.12106358614477011
-56.5,-4.5,7840,0.1421233262921193,0.10956789241042782,0.182130654056147,0.39035516461632486
-55.5,-4.5,7841,0.1161258993373072,0.09308357074158903,0.19140550900119352,0.4695003750668432
-54.5,-4.5,7842,0.18371012062673048,0.09043006640936507,0.09162577714735964,0.2704814119829187
-53.5,-4.5,7843,0.1455043416153188,0.08991671294362429,0.1690074650446866,0.25419556382036984
-52.5,-4.5,7844,0.1426914078222321,0.11932344239762499,0.1674828902656183,0.26099205672127956
-51.5,-4.5,7845,0.1439445579670319,0.121021552769531,0.16025007539095282,0.28902631885745844
-50.5,-4.5,7846,0.11544122631932802,0.0824848755890587,0.1777090089714576,0.22401534983756757
-49.5,-4.5,7847,0.19114287810329372,NA,NA,0.2189965659963357
-48.5,-4.5,7848,0.10051670200390425,NA,NA,0.11111744522907058
-47.5,-4.5,7849,0.12329949721797528,NA,NA,0.13234559704621787
-46.5,-4.5,7850,0.1544946116479059,NA,NA,0.1260272197867642
-45.5,-4.5,7851,0.0928048335720269,NA,NA,0.17837935967801927
-44.5,-4.5,7852,0.040640625120928434,NA,NA,0.06949919325192772
-34.5,-4.5,7853,0.35997733861461056,0.07206975860904791,0.025844533555022007,0.42551448836503897
-33.5,-4.5,7854,0.1334898022740916,0.1559733516600223,0.1426198293626307,0.45659520319577124
-32.5,-4.5,7855,0.1591890143561265,0.24987264973297701,0.11837574433508381,0.5344324342710124
-31.5,-4.5,7856,0.2617232079226024,0.16322819636960426,0.3194601411883657,0.21696746854183876
-30.5,-4.5,7857,0.21397024681633725,0.21595319348544914,0.18252886632079732,0.49341057979224523
-29.5,-4.5,7858,0.1726045810348766,0.15257550938294065,0.1312598137766567,0.30951846694184604
-28.5,-4.5,7859,0.2866451386513998,0.4543332546499525,0.30184282904490217,0.5024805891277149
-27.5,-4.5,7860,0.035705128300099656,0.08148551121999466,0.05900524087243484,0.13245147612789204
-26.5,-4.5,7861,0.10158491811987888,0.08666326073968629,0.18557131894944362,0.38762310852687315
-25.5,-4.5,7862,0.13274983752840902,0.15473201209764104,0.1144735847179744,0.6022278466714832
-24.5,-4.5,7863,0.13093177908760717,0.22025095282667487,0.14425159476518518,0.4626267808387278
-23.5,-4.5,7864,0.17095202366349774,0.308600171587154,0.19180017044282346,0.4495104104103034
-22.5,-4.5,7865,0.16935399729447306,0.19543904387966277,0.11195505269590282,0.4436420804902668
-21.5,-4.5,7866,0.26323791310488553,0.11732701453673135,0.08758464646778655,0.35766617252605304
-20.5,-4.5,7867,0.21532393745810371,0.1953971477053179,0.11835841370210827,0.2808957598321102
-19.5,-4.5,7868,0.1065854024264576,0.14956524134623597,0.08401821993139164,0.25206672603192143
-18.5,-4.5,7869,0.1061570520575186,0.16851634770096122,0.040990180903581974,0.22883493888828077
-17.5,-4.5,7870,0.14209251728513722,0.2091775130482048,0.037013073175198814,0.12329632380874503
-16.5,-4.5,7871,0.15951823970661694,0.17297250512216242,0.033250955448990996,0.2004311017725213
-15.5,-4.5,7872,0.18029900742188876,0.19467129239997308,0.033869714215803225,0.2178412612005599
-14.5,-4.5,7873,0.13756905555712506,0.15431482159229842,0.06815665017634491,0.1360133031563922
-13.5,-4.5,7874,0.07705928490236223,0.08781872276688718,0.04563070342395596,0.2854416480550288
-12.5,-4.5,7875,0.077392244257659,0.0805508255776587,0.04873217424814488,0.24355351160436942
-11.5,-4.5,7876,0.08247810880395941,0.10900664250378198,0.04624224053970782,0.24984636017373338
-10.5,-4.5,7877,0.10491654426790925,0.08295487715808253,0.0494247454098578,0.23028286930060815
-9.5,-4.5,7878,0.08355647020167138,0.08765247528584547,0.08433193893669631,NA
-8.5,-4.5,7879,0.08062735704257348,0.062483424147792996,0.07605767496867948,NA
-7.5,-4.5,7880,0.08918639195353852,0.08698082532901191,0.07088620599598794,NA
-6.5,-4.5,7881,0.07695561952073325,0.07277869316742401,0.04202604412771553,NA
-5.5,-4.5,7882,0.13373502760678324,0.09251662575367471,0.10412287857903238,NA
-4.5,-4.5,7883,0.10537693268964073,0.10858927045945752,0.09816035580113429,NA
-3.5,-4.5,7884,0.09074145206133287,0.08870801950926628,0.09722119523141459,NA
-2.5,-4.5,7885,0.11519226875749469,0.08768543166454039,0.09149840804796755,NA
-1.5,-4.5,7886,0.0912179597901886,0.09383340843568541,0.10644635543211019,NA
-0.5,-4.5,7887,0.09226576652066273,0.08020419352516057,0.10488955069384694,NA
0.5,-4.5,7888,0.09422336308942299,0.08044099136915608,0.07210012692005971,0.10339336553327577
1.5,-4.5,7889,0.10402049713479007,0.08527665105653355,0.12117108978867097,0.11079581722859887
2.5,-4.5,7890,0.10198043627556269,0.08200960578949863,0.12570989640922878,0.11615752663030761
3.5,-4.5,7891,0.12314327425898511,0.12493285892923416,0.14230736425505508,0.12237443409846145
4.5,-4.5,7892,0.1240478358872472,0.1243907413157045,0.06875790982460835,0.10438933971118702
5.5,-4.5,7893,0.14196613544831685,0.17075082046207263,0.12847328546475678,0.11796522327286862
6.5,-4.5,7894,0.1438015760878412,0.15216013689532162,0.06512724263689591,0.10364396026420425
7.5,-4.5,7895,0.12089944609613403,0.16107752437179967,0.11107517382531373,0.10324696934529086
8.5,-4.5,7896,0.10382141725132743,0.13051888215253665,0.05515131349951528,0.09927392768961171
9.5,-4.5,7897,0.0977270569516181,0.1100128026406031,0.06030568179085828,0.08863652513894306
20.5,-4.5,7908,0.05829132654802267,0.060902424555208,0.07988328164732524,0.0563252851076702
21.5,-4.5,7909,0.05827095845471433,0.05660483675536191,0.07659132163188495,0.06028663266704178
22.5,-4.5,7910,0.07292428228231816,0.07266651410638958,0.10902733728293505,0.07307123330959678
23.5,-4.5,7911,0.07049852645916982,0.07676081503194288,0.10459016964147216,0.08172331983601654
24.5,-4.5,7912,0.1134519892183844,0.07625137840799341,0.07068568573404727,0.1118055973853753
25.5,-4.5,7913,0.11935574437292727,0.07584183409958391,0.10626177580381706,0.1364449368558024
26.5,-4.5,7914,0.07758535711809693,0.07687716758907426,0.06489199795429959,0.07253290867073778
27.5,-4.5,7915,0.059246219045524004,0.06279095684983066,0.05460769495820449,0.05677727408914163
28.5,-4.5,7916,0.05413456801873614,0.05648807357922319,0.050028472884823545,0.05455960142609582
29.5,-4.5,7917,0.05721191709887259,0.05712327100382612,0.07283977957483151,0.04627698790365313
30.5,-4.5,7918,0.05192501792409839,0.05350552222978291,0.06605485759654968,0.03912323858067356
31.5,-4.5,7919,0.04221051555050116,0.04250123339175495,0.04634814867514407,0.029948335286605284
32.5,-4.5,7920,0.04149321793122735,0.03964895465049398,0.030995604903383534,0.02847177179087974
33.5,-4.5,7921,0.03957109426802989,0.04058882501614246,0.027994862076600267,0.028023762845991427
34.5,-4.5,7922,0.04675214960885985,0.049429336148559926,0.0432588944921976,0.03340226271725502
35.5,-4.5,7923,0.043645090850047356,0.049177449756719255,0.04272109245910645,0.03166114864791638
36.5,-4.5,7924,0.04675071075943093,0.05308210640643338,0.0335990823895502,0.03456788768300046
37.5,-4.5,7925,0.04197472374254884,0.054875771312065176,0.0345514476956883,0.03334943626222863
38.5,-4.5,7926,0.03933784976999055,0.05649164433613248,0.03243692675816104,0.031227368173912584
39.5,-4.5,7927,0.03778927523962585,0.052850281590866646,0.029132934621330618,0.028950180734454208
40.5,-4.5,7928,0.03953663601591506,0.053360561596852235,0.03992835538058116,0.029024533794121912
41.5,-4.5,7929,0.037825807582089685,0.053368175984645126,0.036546536610457626,0.027493444211716823
42.5,-4.5,7930,0.03786414780855583,0.04964344447398735,0.031592702229541275,0.029399220479661033
43.5,-4.5,7931,0.035825394900516665,0.04805363848059221,0.029847023333007396,0.024022665811039724
44.5,-4.5,7932,0.027084710300519475,0.04026620817272737,0.023661632718801857,0.01866231943720027
45.5,-4.5,7933,0.02742925703745342,0.037576312172589194,0.020855047874276972,0.01708943335366271
46.5,-4.5,7934,0.026694861231462672,0.036794999569677724,0.020805393634666654,0.01687965339936078
47.5,-4.5,7935,0.02654943546941328,0.038524287906403346,0.01990297844358605,0.017342786622764523
48.5,-4.5,7936,0.02528044614037488,0.03489716956898544,0.01682091185435352,0.015590699745436117
49.5,-4.5,7937,0.024714495647243276,0.033536788053906114,0.01698994575902495,0.014548147679059242
50.5,-4.5,7938,0.024714495647243276,0.03368105373490799,NA,0.014045865055384075
51.5,-4.5,7939,0.024534378403097284,0.03764953392215803,NA,0.012775057977451664
52.5,-4.5,7940,0.02368677481007965,0.035418379296720245,NA,0.012731668965414398
53.5,-4.5,7941,0.022800529587505607,0.035609139831218245,NA,0.012709140535413629
54.5,-4.5,7942,0.022736751451461035,0.034653432944873885,NA,0.012777679483621239
55.5,-4.5,7943,0.02295585179655725,0.03495021484214011,NA,0.012521545388524943
56.5,-4.5,7944,0.023917737360564448,0.03526147368631297,NA,0.012740624773661998
57.5,-4.5,7945,0.0243400977829729,0.03403093203967121,NA,0.01257302386310788
58.5,-4.5,7946,0.02543028777794945,0.03324159728484873,NA,0.01266100152846836
59.5,-4.5,7947,0.026184743801505976,0.03192849570667237,NA,0.013299746071443108
60.5,-4.5,7948,0.028028133476586663,0.037179971025678764,NA,0.013214353257495043
61.5,-4.5,7949,0.029323464954518753,0.03268702773275865,NA,0.012902055217994599
62.5,-4.5,7950,0.032531498856723816,0.030912611078929095,NA,0.012498205013692193
63.5,-4.5,7951,0.03424282887420951,0.03059962937631596,NA,0.012679979944977075
64.5,-4.5,7952,0.02918356195520426,0.030303279713964883,NA,0.012720396822726852
65.5,-4.5,7953,0.02982007720452043,0.03377187754609856,NA,0.012796288259886865
66.5,-4.5,7954,0.02878455471161923,0.030020453494953286,NA,0.012681243121770295
67.5,-4.5,7955,0.0303937892157485,0.030065692401150437,NA,0.012921393745909455
68.5,-4.5,7956,0.029165989716245077,0.02883651289085731,NA,0.013365475294799352
69.5,-4.5,7957,0.03018075297899121,0.029112539363984634,NA,0.013669697261768098
70.5,-4.5,7958,0.028464312064987986,0.028887130186086542,NA,0.01406788537648781
71.5,-4.5,7959,0.031105289686452937,0.0282177332236309,NA,0.010801896566005732
72.5,-4.5,7960,0.030790145499194198,0.027571402217658678,NA,0.010738169655182195
73.5,-4.5,7961,0.03409165143269773,0.026801648188540007,NA,0.010535515028738441
74.5,-4.5,7962,0.038380503501150146,0.028817890688467053,NA,0.010560448714944048
75.5,-4.5,7963,0.036389506234599585,0.03160656714160159,NA,0.010541045936601705
76.5,-4.5,7964,0.03513083156941921,0.03164383268624742,NA,0.010484358198416923
77.5,-4.5,7965,0.03333665467973142,0.03233837966691471,NA,0.011326274226915567
78.5,-4.5,7966,0.03315480323637781,0.03356121833746323,NA,0.0116065886657668
79.5,-4.5,7967,0.040492718636152614,0.03302670880948859,NA,0.01294213733278319
80.5,-4.5,7968,0.0344892516042681,NA,NA,0.014571579616091629
81.5,-4.5,7969,0.038110940215788515,NA,NA,0.015376579638903565
82.5,-4.5,7970,0.03933485608211843,NA,NA,0.0147094793777154
83.5,-4.5,7971,0.04156919478486056,NA,NA,0.014966770912680406
84.5,-4.5,7972,0.05315274196907984,NA,NA,0.02117016199259611
85.5,-4.5,7973,0.058453854668778144,NA,NA,0.021550781166171866
86.5,-4.5,7974,0.0587534812585974,NA,NA,0.022349279412246233
87.5,-4.5,7975,0.07324549098760445,NA,NA,0.02313909976487824
88.5,-4.5,7976,0.06391182923270501,NA,NA,0.022813095235376463
89.5,-4.5,7977,0.05893484984389344,NA,NA,0.020892915909463815
-139.5,-3.5,7987,0.1228885935860379,NA,0.051526497720448206,0.09724406310724934
-138.5,-3.5,7988,0.11068390120112497,NA,0.04979237027564047,0.13516723472138975
-137.5,-3.5,7989,0.09303109584051823,NA,0.07172982867640341,0.1669178623795727
-136.5,-3.5,7990,0.06659942848876128,NA,0.0588466884003369,0.13104824315215977
-135.5,-3.5,7991,0.04019179816300985,NA,0.038837893200048275,0.06533965360036492
-134.5,-3.5,7992,0.038603483283189875,NA,0.025026138332010683,0.06085465474338612
-133.5,-3.5,7993,0.0347432055832772,NA,0.02728852164113074,0.06407028740176017
-132.5,-3.5,7994,0.04119048509661381,NA,0.014342056407549623,0.050843795380213025
-131.5,-3.5,7995,0.04899306911295725,NA,0.03196202879103952,0.057078169785361454
-130.5,-3.5,7996,0.05747551618576817,NA,0.03253572984340645,0.07500736773649519
-129.5,-3.5,7997,0.07673174142767217,0.05726124107906067,0.04132505464000421,0.09534241615234791
-128.5,-3.5,7998,0.07042198566815042,0.051276836583985665,0.05124862720408526,0.08985779465408873
-127.5,-3.5,7999,0.08490667511500274,0.0613455325294713,0.05434729533861106,0.06812601542787707
-126.5,-3.5,8000,0.10456009067729145,0.08575171906155638,0.05942560198259055,0.09101167699326503
-125.5,-3.5,8001,0.1016102932875652,0.09845595321877619,0.05852442591125412,0.11259812746285253
-124.5,-3.5,8002,0.10707058142808305,0.10909404535199065,0.052087832926130326,0.10778757646065208
-123.5,-3.5,8003,0.11177678469195654,0.12397380195397252,0.0640698341785374,0.12301239421938365
-122.5,-3.5,8004,0.0802029549182495,0.0960837311129214,0.05864054550796666,0.10424449495447703
-121.5,-3.5,8005,0.07364456297758679,0.07756943668650326,0.042657672123869415,0.0781150300182753
-120.5,-3.5,8006,0.06326092789569389,0.07917115371639331,0.04461814243291523,0.08045410873192994
-119.5,-3.5,8007,0.06433274749218079,0.07420615543401728,NA,0.07886784590402966
-118.5,-3.5,8008,0.05849255456893914,0.05728701022805181,NA,0.07030637074753023
-117.5,-3.5,8009,0.04242713210175967,0.044370964025237394,NA,0.05218552709921327
-116.5,-3.5,8010,0.047243555989781014,0.050478309002091985,NA,0.06440128283134627
-115.5,-3.5,8011,0.051971738557503894,0.048987638979167344,NA,0.052531172877528794
-114.5,-3.5,8012,0.05466586642657518,0.06847176498451642,NA,0.057372921480243214
-113.5,-3.5,8013,0.07983060867867062,0.0851054724677029,NA,0.07142173327074273
-112.5,-3.5,8014,0.07982396173263431,0.07352692451584186,NA,0.08576483985886037
-111.5,-3.5,8015,0.09181013550901478,0.08839960706572271,NA,0.08921079982046486
-110.5,-3.5,8016,0.08892288918041596,0.09680026273916635,NA,0.09192042465324292
-109.5,-3.5,8017,0.1350108443105619,0.1035986230186545,0.07127368705166194,0.11322820568005507
-108.5,-3.5,8018,0.16339389158348938,0.11411410245156359,0.11118229222598532,0.16361723995401806
-107.5,-3.5,8019,0.19285152214136378,0.12312993959860588,0.10708289275238707,0.1626205058418803
-106.5,-3.5,8020,0.13037814176506968,0.10251455952007828,0.08862227495394435,0.13882257830962336
-105.5,-3.5,8021,0.1506427994632868,0.09904754430389572,0.08716101411186744,0.13649296169944478
-104.5,-3.5,8022,0.14782808550396173,0.11736184501984054,0.08308684440763718,0.17176301269017663
-103.5,-3.5,8023,0.1383716364751173,0.10271302279614754,0.08831766021696552,0.09409569738589212
-102.5,-3.5,8024,0.1263735669796628,0.09898242962843823,0.07610500907269874,0.09710695910250232
-101.5,-3.5,8025,0.10096105945587248,0.07875826729605134,0.06005637828016417,0.07980689547198329
-100.5,-3.5,8026,0.09660105082559628,0.07287216151062248,0.055010708534733374,0.07759684736092967
-99.5,-3.5,8027,0.10067211425899958,0.07503257379135302,0.05609546117399708,0.06162437542835855
-98.5,-3.5,8028,0.09903735083294447,0.07948080805936904,0.05739447621059155,0.06218605045272986
-97.5,-3.5,8029,0.09095388190907938,0.07259396590805514,0.05315222587287041,0.06796625202445747
-96.5,-3.5,8030,0.08460064419460073,0.07028847637790962,0.05285221771647762,0.05432178107124367
-95.5,-3.5,8031,0.09285790878983904,0.0753849178281942,0.051078198186069575,0.06983166192936739
-94.5,-3.5,8032,0.07941219505954517,0.0700500209438931,0.0515271724899804,0.06331970040030653
-93.5,-3.5,8033,0.07130115620979556,0.07007605383019258,0.04799500364236945,0.06190872778060856
-92.5,-3.5,8034,0.06534425883613894,0.06835934239403686,0.04497253919377349,0.04637659141863048
-91.5,-3.5,8035,0.05208020711972292,0.06086440388691362,0.03564229907194155,0.039102159053811134
-90.5,-3.5,8036,0.0542984274920119,0.05068190427413955,0.036428800098483226,0.03716479764117191
-89.5,-3.5,8037,0.03902018978956985,0.05255579646970955,0.03824630020699489,0.03766456624570368
-88.5,-3.5,8038,0.044765544152762335,0.07698000932582673,0.03525837780999354,0.03132004680976653
-87.5,-3.5,8039,0.04250580366588326,0.06259367027487789,0.037127549984565404,0.038265340463717566
-86.5,-3.5,8040,0.05810581088379961,0.0804669468668179,0.04536247062780168,0.04945495624399327
-85.5,-3.5,8041,0.04871307905050896,0.08545960871642055,0.05132905298925162,0.04548590644601365
-84.5,-3.5,8042,0.05365097750740849,0.07339586083358408,0.051334939667946965,0.043665370235441994
-83.5,-3.5,8043,0.06025083326389262,0.08867347643747624,0.03418978099683517,0.04861355478816168
-82.5,-3.5,8044,0.061877785693521516,0.08957183219742765,0.039320819825634214,0.053320484590834584
-81.5,-3.5,8045,0.07931068907946219,0.07893404565231142,0.04838949232023058,0.06970952569263086
-80.5,-3.5,8046,0.06996275556896171,0.0837228676772674,0.061889005602407454,0.06846015130502763
-79.5,-3.5,8047,0.046798120441006556,0.04285175527878221,0.04221938557834008,0.040258007215764904
-78.5,-3.5,8048,0.052996046489074126,0.07892671559398731,0.05233438014431914,0.04340613584205504
-73.5,-3.5,8049,0.05537031665557148,0.041650977230539975,0.033685092988438435,0.08426431225797315
-72.5,-3.5,8050,0.04877940845762193,0.036814850107461876,0.04155041289801315,0.04449234347884383
-71.5,-3.5,8051,0.04963290561031953,0.034031769493423424,0.037459189059852974,0.03368988773776035
-70.5,-3.5,8052,0.0400289960419078,0.03557904482192758,0.03912942343197387,0.03469957301537164
-69.5,-3.5,8053,0.04657080736732308,0.04505622747841063,0.045397538965438106,0.039501083123127445
-68.5,-3.5,8054,0.0627480117360124,0.07232157277929015,0.03201707032087304,0.05894590356925294
-67.5,-3.5,8055,0.056973357678107774,0.04861811943961152,0.03768527413508241,0.06304266755775803
-66.5,-3.5,8056,0.05140268386698203,0.05383430654320344,0.04210065516815236,0.05844002890206914
-65.5,-3.5,8057,0.14320960134449245,0.06821452122244936,0.07910366034563861,0.14461753109197592
-63.5,-3.5,8058,0.12002942890142515,0.06650259907294466,0.08295518690097703,0.061394739925987776
-62.5,-3.5,8059,0.13396010407965958,0.10019747329558679,0.16756461058243816,0.14202363405511934
-61.5,-3.5,8060,0.14163921548960764,0.139491038927451,0.2574584997337091,0.2196311635558026
-59.5,-3.5,8061,0.058700115486902314,0.06641257740421105,0.05391400765147796,0.09058224489923537
-57.5,-3.5,8062,0.046661987459103105,0.044571084719582085,0.12861153494181882,0.07059939684450338
-56.5,-3.5,8063,0.16971075877796468,0.1297660493048233,0.13603531106672492,0.320154194745671
-55.5,-3.5,8064,0.1497673236098022,0.09965628630103515,0.14930554109077787,0.2727643584510568
-54.5,-3.5,8065,0.20068828670295752,0.10764377725177883,0.16142234237087028,0.2730500561173805
-52.5,-3.5,8066,0.08977385366761481,0.10312797836334327,0.23571167785826821,0.12077663642496983
-51.5,-3.5,8067,0.20040572239758672,0.15157481789538108,0.22836063248235322,0.2672826667354593
-50.5,-3.5,8068,0.19915441088878383,0.16339089822670894,0.2596644563652711,0.3237330817859684
-48.5,-3.5,8069,0.07351936828033327,NA,NA,0.18616677458487665
-47.5,-3.5,8070,0.1381781176519476,NA,NA,0.08321500367326813
-35.5,-3.5,8071,0.17465118130432833,0.06192249390894126,0.026565108424437045,0.16581486598750095
-34.5,-3.5,8072,0.15927117511411648,0.2779867064050832,0.08391205742069853,0.3602563188204787
-33.5,-3.5,8073,0.15137398491450973,0.25913586508839104,0.12546409373795528,0.5539344415693936
-32.5,-3.5,8074,0.19918166100666923,0.2911616851224075,0.3144175767907166,0.4244267316523914
-31.5,-3.5,8075,0.20237849889938844,0.3559393423842601,0.27461555926152886,0.29876369906390154
-30.5,-3.5,8076,0.19693560537364574,0.30771616290885334,0.23398949113973716,0.6514638231028804
-29.5,-3.5,8077,0.44524755822927514,0.3546269739726924,0.14878684423766822,0.6263280263766343
-28.5,-3.5,8078,0.382291285754196,0.2526912801093347,0.21842531646746227,0.6597835467884016
-27.5,-3.5,8079,0.3195460130594564,0.28389443604906656,0.11526043323948766,0.6798619264187235
-26.5,-3.5,8080,0.35123141261882984,0.291065543364097,0.15604347639033123,0.7071201659955506
-25.5,-3.5,8081,0.24596006105789744,0.34888227701864816,0.13538303577533836,0.5228575317121757
-24.5,-3.5,8082,0.1401267276302191,0.32490620970728,0.19757086745747243,0.4868549270927993
-23.5,-3.5,8083,0.18075263307089925,0.20471803655753895,0.15830047908974218,0.4011617252496845
-22.5,-3.5,8084,0.16994002311973638,0.09819443226971292,0.10546188727242167,0.272545850620573
-21.5,-3.5,8085,0.19715265515555147,0.10889016763776203,0.08429427394137262,0.28662054593420955
-20.5,-3.5,8086,0.16525786067740678,0.17152196821609572,0.06004664653807971,0.2535012789245113
-19.5,-3.5,8087,0.1209387623456833,0.13378475074378612,0.044555194290653105,0.2232850744345095
-18.5,-3.5,8088,0.11619278375897002,0.17018032999460458,0.05159749714362377,0.24545876607150388
-17.5,-3.5,8089,0.12151440572395646,0.12216803446042197,0.04607349201500737,0.2478936384175598
-16.5,-3.5,8090,0.16725345807751854,0.15977925169210283,0.07138404101309313,0.30974490755380896
-15.5,-3.5,8091,0.14137522490475013,0.11320249608895096,0.058339360678126305,0.30615767372023783
-14.5,-3.5,8092,0.11312173999669625,0.13343175667586543,0.04913720240646412,0.27823123616982537
-13.5,-3.5,8093,0.0758766841997788,0.16520077082238213,0.05955653954651476,0.19797793503618175
-12.5,-3.5,8094,0.12609907888466823,0.13000234332846938,0.11433578950608057,0.2833867435137546
-11.5,-3.5,8095,0.12734195917661748,0.16931550424674932,0.10043988744327514,0.28307461766701336
-10.5,-3.5,8096,0.12115143058663928,0.1314229329303376,0.09377908120419942,0.11020849129930754
-9.5,-3.5,8097,0.09549841711546644,0.08463165889770477,0.08885156731162282,NA
-8.5,-3.5,8098,0.0821621510377388,0.06582889778610654,0.0847951213559272,NA
-7.5,-3.5,8099,0.07965187978958743,0.06444435023365207,0.07979606748251668,NA
-6.5,-3.5,8100,0.09038462359697859,0.08590030346135522,0.048568207959202275,NA
-5.5,-3.5,8101,0.10499918283247685,0.1082585096111249,0.055132246304213824,NA
-4.5,-3.5,8102,0.09044910615671904,0.10752856795336091,0.08768144559394603,NA
-3.5,-3.5,8103,0.10933115819329808,0.12138316590598033,0.09273961092694558,NA
-2.5,-3.5,8104,0.1067374851056347,0.11531241418603791,0.05364708761643867,NA
-1.5,-3.5,8105,0.10965724590828527,0.1130119114836604,0.10370029560230372,NA
-0.5,-3.5,8106,0.12533868959298478,0.09084528631594337,0.06311630946774961,NA
0.5,-3.5,8107,0.13066366182769937,0.08509356804368186,0.057977383350478716,0.0722366025351601
1.5,-3.5,8108,0.13908554463300007,0.104731597597322,0.07027561140470137,0.08810069048768915
2.5,-3.5,8109,0.13573895573328074,0.10072759532078543,0.09497607415236282,0.08422788277702693
3.5,-3.5,8110,0.12548649078943866,0.10488469080330266,0.10769778997310062,0.07676127007342087
4.5,-3.5,8111,0.14207476959448,0.12476261465377453,0.07686690004144894,0.10871755659419806
5.5,-3.5,8112,0.10471142417437586,0.09257467648832542,0.06590575222721033,0.08693523616855132
6.5,-3.5,8113,0.08874888115858566,0.08937032137214702,0.06011871016128057,0.07324482577700041
7.5,-3.5,8114,0.09432431084765192,0.09878914989082742,0.06376538711971777,0.074120274486154
8.5,-3.5,8115,0.08562569274046179,0.08431384516827266,0.05967159256993861,0.08215148196004667
9.5,-3.5,8116,0.07873691506250415,0.08195821276112727,0.05737394723704894,0.08020604635012381
20.5,-3.5,8127,0.05783001123744882,0.058472370022949166,0.0790935022671174,0.05742071751666027
21.5,-3.5,8128,0.058697731119313236,0.05951166338496958,0.054846073886922,0.056546289347667075
22.5,-3.5,8129,0.05975507036610415,0.0606119586053809,0.05581665765776364,0.05484122919396433
23.5,-3.5,8130,0.07511628416243811,0.0785765304561614,0.06821111678884172,0.07253178878341884
24.5,-3.5,8131,0.11343481663483697,0.0905626101560975,0.07271797281961725,0.12937977970905531
25.5,-3.5,8132,0.11482593873798413,0.091172052477566,0.1187350821477545,0.10950040900217468
26.5,-3.5,8133,0.07959642636095551,0.08418476049233951,0.07105020264955969,0.07257321165021524
27.5,-3.5,8134,0.0629675636177564,0.06174798810348676,0.05136651203479833,0.04826805077690888
28.5,-3.5,8135,0.06154109687739189,0.06028367186267066,0.06598770511235467,0.04401666317446934
29.5,-3.5,8136,0.059421578013477576,0.059211151410057554,0.060437295393219306,0.042927984860268394
30.5,-3.5,8137,0.054742008703869006,0.05173216725779128,0.04871661125315565,0.03669071643434705
31.5,-3.5,8138,0.041510534389714485,0.04276016235358513,0.026254288924449976,0.029495901456969575
32.5,-3.5,8139,0.038345567175315697,0.03973102245762416,0.024367229786146236,0.027530648205302228
33.5,-3.5,8140,0.03531311941576899,0.042022848622628464,0.023238392308346165,0.02523916815668736
34.5,-3.5,8141,0.0331741445992318,0.04194264925979373,0.02338281840328617,0.024788020379461557
35.5,-3.5,8142,0.03204085367386249,0.042108192141548116,0.03173960404916471,0.02481187532389775
36.5,-3.5,8143,0.03904645168230701,0.05372956449005318,0.03819024722812886,0.02883290591256047
37.5,-3.5,8144,0.0365035871565504,0.0498762267110063,0.025371077472601658,0.028740253674244633
38.5,-3.5,8145,0.03600860921359581,0.05232158734225115,0.033849463566470464,0.0291348123298713
39.5,-3.5,8146,0.03748095094477377,0.051655522065783985,0.022802673074860107,0.029184926550397602
40.5,-3.5,8147,0.03611278732018087,0.046069583334626255,0.02908326611082318,0.0279625731359845
41.5,-3.5,8148,0.03674052882750259,0.046097934320504755,0.029263350524283013,0.025369847911352023
42.5,-3.5,8149,0.029583126314574743,0.04051287594680204,0.022639633001336687,0.019623145051190675
43.5,-3.5,8150,0.027729707600284065,0.03605347095427928,0.021975941988663723,0.017513658206793663
44.5,-3.5,8151,0.02635648670054528,0.035155921479026804,0.020720088428270327,0.01740081734117992
45.5,-3.5,8152,0.025317736186865968,0.03419169342735814,0.01639290027758529,0.017383599517723967
46.5,-3.5,8153,0.024983077290783338,0.03367412303925802,0.01694969982665236,0.017177641461380566
47.5,-3.5,8154,0.023959290048407935,0.034843485461164905,0.016418701811019044,0.016812229068076327
48.5,-3.5,8155,0.023174764704356733,0.03365361033655696,0.01551821907528263,0.01552516751064341
49.5,-3.5,8156,0.022584882587614603,0.032747795205381604,0.015005231026425753,0.013685910927332115
50.5,-3.5,8157,0.021578722284718112,0.03287061848983208,NA,0.014131014986926338
51.5,-3.5,8158,0.023420997498319072,0.033950125631620816,NA,0.014112555572555412
52.5,-3.5,8159,0.021920228340863677,0.03261660205314666,NA,0.014112555572555412
53.5,-3.5,8160,0.022175490229852497,0.03303862953829551,NA,0.01418968029569971
54.5,-3.5,8161,0.02268031281670365,0.03195221767432477,NA,0.013366067856267146
55.5,-3.5,8162,0.023287980848712087,0.029829339192675986,NA,0.013494370578388147
56.5,-3.5,8163,0.029993912340402717,0.031078263575407397,NA,0.014762726876861585
57.5,-3.5,8164,0.029272013955495117,0.031135417661620316,NA,0.014702563869932656
58.5,-3.5,8165,0.03313124119266169,0.0293799882043838,NA,0.014442906630761233
59.5,-3.5,8166,0.03621076386138227,0.030667045449835794,NA,0.013356949752866295
60.5,-3.5,8167,0.03978673254506879,0.03249004483259584,NA,0.013244563390916397
61.5,-3.5,8168,0.037080349257749334,0.04371155593552053,NA,0.012989658280022279
62.5,-3.5,8169,0.0386363869143533,0.03507636869114217,NA,0.012791098468477851
63.5,-3.5,8170,0.036814103529516154,0.0351707179032633,NA,0.012857507728160592
64.5,-3.5,8171,0.03508939636618475,0.03512778096879878,NA,0.012500833820218077
65.5,-3.5,8172,0.03969709572372143,0.03569448342448707,NA,0.01275759201674134
66.5,-3.5,8173,0.03859386676184907,0.03444937848757602,NA,0.012689426041142123
67.5,-3.5,8174,0.04485026751471918,0.03685726483170573,NA,0.012941520213378266
68.5,-3.5,8175,0.04256524172640029,0.03963171513087736,NA,0.014423694033985596
69.5,-3.5,8176,0.04339338962119838,0.04147884663176107,NA,0.01599617972369794
70.5,-3.5,8177,0.03961194432773142,0.047761478579659865,NA,0.017794330316739593
71.5,-3.5,8178,0.03472021855426914,0.04718728857332809,NA,0.018325535012105775
72.5,-3.5,8179,0.03562089162318155,0.04492201760174424,NA,0.018562055161666365
73.5,-3.5,8180,0.03798760832287161,0.037850887896657685,NA,0.016759645143113813
74.5,-3.5,8181,0.036468290722594325,0.034956300722127784,NA,0.016510768386179066
75.5,-3.5,8182,0.03649202788340468,0.0336126429666198,NA,0.016101479164150032
76.5,-3.5,8183,0.037861340560206215,0.03228461289996477,NA,0.016844920663565858
77.5,-3.5,8184,0.038814071060440616,0.03179657455452186,NA,0.016965497567663464
78.5,-3.5,8185,0.03876265757203299,0.030864712562381824,NA,0.017747471633999687
79.5,-3.5,8186,0.04249964758778848,0.033209890270573895,NA,0.022848831808685428
80.5,-3.5,8187,0.047328407457840234,NA,NA,0.02597689246311189
81.5,-3.5,8188,0.04629441062530665,NA,NA,0.02204592315690079
82.5,-3.5,8189,0.046141830855955995,NA,NA,0.01964096279847912
83.5,-3.5,8190,0.06281984826008384,NA,NA,0.028909039581566
84.5,-3.5,8191,0.07319234795932497,NA,NA,0.02977088497483796
85.5,-3.5,8192,0.07203193722667212,NA,NA,0.02945713245438066
86.5,-3.5,8193,0.08088507119944002,NA,NA,0.027495496108207115
87.5,-3.5,8194,0.06933302564989999,NA,NA,0.024359593965326717
88.5,-3.5,8195,0.07900253931714633,NA,NA,0.026904366394185652
89.5,-3.5,8196,0.0708999464907034,NA,NA,0.02593349626246907
-138.5,-2.5,8206,0.15755858741750806,NA,0.03181807149411064,0.05829486665805065
-137.5,-2.5,8207,0.08887450571162807,NA,0.07695217407586376,0.13608366677216793
-136.5,-2.5,8208,0.09658577296469663,NA,0.06781553373824484,0.1656126711827597
-135.5,-2.5,8209,0.04656655268716899,NA,0.03947649804202255,0.06428648375127657
-134.5,-2.5,8210,0.0485791165082415,NA,0.036600049605476595,0.05656202796256853
-133.5,-2.5,8211,0.05049262059644006,NA,0.032324938455824424,0.06675310428590553
-132.5,-2.5,8212,0.04626728770739082,NA,0.030621181361392837,0.06202728146573295
-131.5,-2.5,8213,0.04465502128739864,NA,0.01824037639981227,0.0546687222570104
-130.5,-2.5,8214,0.04894956981389694,NA,0.03996176947048302,0.06109097053207787
-129.5,-2.5,8215,0.053212609739931686,0.08322525532811767,0.039947052663574574,0.06835898776439536
-128.5,-2.5,8216,0.06420860064270711,0.0816145373626726,0.050622591794345154,0.09988585686685107
-127.5,-2.5,8217,0.0768135014986151,0.09763941918877274,0.06239793751552258,0.13641912353136917
-126.5,-2.5,8218,0.08044348389000604,0.09156538981004878,0.04414020844791347,0.11791692861807347
-125.5,-2.5,8219,0.12365366951635749,0.13404517480925127,0.06622454575627817,0.12125037947688157
-124.5,-2.5,8220,0.10602543244518864,0.12116530851305941,0.06890198633723828,0.1137840341184804
-123.5,-2.5,8221,0.08453745820488999,0.09629726937987568,0.05740300806535424,0.10592499713759018
-122.5,-2.5,8222,0.0854968229241877,0.0918886012586136,0.0518100581851163,0.10429045150104674
-121.5,-2.5,8223,0.07486747138421129,0.08608894557369565,0.04360010614937839,0.08044669155255316
-120.5,-2.5,8224,0.0690688841716201,0.0836726370900592,0.050252553464455715,0.0983475200943498
-119.5,-2.5,8225,0.062284926922106965,0.07792450215683737,NA,0.07932356881347338
-118.5,-2.5,8226,0.05750945840425319,0.07538928242741769,NA,0.0749074060202158
-117.5,-2.5,8227,0.04705607574774972,0.06285138510936927,NA,0.062233488160677045
-116.5,-2.5,8228,0.04418145428227346,0.06317393859860766,NA,0.059631689266412526
-115.5,-2.5,8229,0.042577076021496615,0.0580545592673015,NA,0.06996382953821724
-114.5,-2.5,8230,0.04462946648393881,0.06320598779054692,NA,0.0586585917841336
-113.5,-2.5,8231,0.04769205342217703,0.06655505654363825,NA,0.060760251361651384
-112.5,-2.5,8232,0.05164941893320294,0.08002194648617596,NA,0.09668922813764126
-111.5,-2.5,8233,0.05043601681953841,0.08767689096899114,NA,0.08947195648280677
-110.5,-2.5,8234,0.06383892466724898,0.10316019184910453,NA,0.10471951922349228
-109.5,-2.5,8235,0.07395174373660351,0.10368594901080716,0.09848791288332327,0.1132927065203132
-108.5,-2.5,8236,0.08283978944160524,0.1032095792162223,0.09248696880252236,0.08723088436353983
-107.5,-2.5,8237,0.10930705652158045,0.12028048056090478,0.12589170427507124,0.11402865239569716
-106.5,-2.5,8238,0.1321283635850776,0.11290947718952735,0.12889520967817072,0.10161279093666463
-105.5,-2.5,8239,0.16627943016540236,0.10665200931404498,0.11971073187043167,0.14528093764805247
-104.5,-2.5,8240,0.1748086815150358,0.09752225970483934,0.10030183050882317,0.10641190919450551
-103.5,-2.5,8241,0.16507439999644954,0.13135009493526695,0.08479491762215806,0.09884078386335643
-102.5,-2.5,8242,0.13513761845273398,0.10457757263831985,0.07436750455011863,0.10615972274874574
-101.5,-2.5,8243,0.14050996097247145,0.09009533064942954,0.06736878170873299,0.07525428208963426
-100.5,-2.5,8244,0.10062330835862225,0.07724127764950012,0.05084931653097486,0.058736689830393075
-99.5,-2.5,8245,0.08899992686429896,0.07847920694408371,0.05015481104505938,0.07401103911634198
-98.5,-2.5,8246,0.08600060309905895,0.07660951370409821,0.04925303087647788,0.06312852154408595
-97.5,-2.5,8247,0.10311046616231771,0.07217441810624067,0.04790488529807001,0.05697187202003576
-96.5,-2.5,8248,0.10043833756408951,0.06755360617185575,0.02535554524923098,0.05932426661794346
-95.5,-2.5,8249,0.09751149760720768,0.06950145175493352,0.044590142898046026,0.05372829559883304
-94.5,-2.5,8250,0.10368698255385136,0.07272182481567624,0.02413433860827275,0.04969718904709122
-93.5,-2.5,8251,0.09091888698135422,0.06748515028796892,0.039901448498553385,0.05603589891717993
-92.5,-2.5,8252,0.07795186841303565,0.0780353644505299,0.03710453629706785,0.04774287539277988
-91.5,-2.5,8253,0.058893841797457706,0.0776355999219556,0.032271755450917684,0.03866796197437487
-90.5,-2.5,8254,0.040336803116121346,0.09093806890709287,0.034710754024036554,0.034670834490962456
-89.5,-2.5,8255,0.03877596659810966,0.07751200118303926,0.030609911047224495,0.0280350096032716
-88.5,-2.5,8256,0.032698492278192236,0.06151820295803479,0.03149206124124261,0.033333248647512
-87.5,-2.5,8257,0.04412619940580042,0.06500699800558778,0.03994720536605386,0.043603558979567525
-86.5,-2.5,8258,0.052169971217921704,0.05502353010977076,0.05440207517163603,0.045088101506749884
-85.5,-2.5,8259,0.047392169381809846,0.06961749802986683,0.026257882336315607,0.0342935579190062
-84.5,-2.5,8260,0.04235181260895762,0.07453157527993981,0.0511095620019875,0.04330269333575606
-83.5,-2.5,8261,0.0540414509958027,0.08676871549314745,0.0530944776446721,0.038223622133962805
-82.5,-2.5,8262,0.06577683165307564,0.0926415483497345,0.03430400090785386,0.0581162069607262
-81.5,-2.5,8263,0.06713898610848033,0.1071725872391551,0.036504415802987106,0.07282349784189153
-80.5,-2.5,8264,0.051094071188005734,0.0816758887788482,0.03472949088153902,0.048333247723342146
-79.5,-2.5,8265,0.13140982048220715,0.12877779159310665,0.07984950711771786,0.10180364422635081
-72.5,-2.5,8266,0.05780487213765876,0.035081437728536786,0.03687035928017637,0.054584639585329046
-71.5,-2.5,8267,0.060120985828207685,0.0683467231524435,0.039104589770005735,0.04201830245265321
-70.5,-2.5,8268,0.03632647217003128,0.03304379250873444,0.0420512777168859,0.038348663514260736
-62.5,-2.5,8269,0.08028432634711104,0.1304058716827918,0.16655938957180783,0.18111231744294334
-61.5,-2.5,8270,0.09088547878899327,0.20089736141143144,0.19873592793233927,0.28452440569575127
-57.5,-2.5,8271,0.08261788192556566,0.05082734339573644,0.1875792863801389,0.10180754529174874
-56.5,-2.5,8272,0.14121149199542546,0.09479549136570109,0.11842629508499446,0.2141327835097534
-55.5,-2.5,8273,0.16813531843768584,0.09811297270849559,0.15811145473999538,0.34844680624136637
-54.5,-2.5,8274,0.15888666689216502,0.12261037384049635,0.1444350913068562,0.5118887305838197
-53.5,-2.5,8275,0.2177161207649771,0.2015607098835726,0.21999366533408998,0.4082183179681469
-52.5,-2.5,8276,0.20430314454343124,0.16434977174125784,0.15303282406978388,0.3035921375226288
-51.5,-2.5,8277,0.19461489589459105,0.23087983262249348,0.14278333144835467,0.32266939272003303
-50.5,-2.5,8278,0.18121223497607064,0.2184789249505222,0.16709837736075445,0.3644009812927775
-49.5,-2.5,8279,0.20888345670928823,NA,NA,0.22717124634556846
-48.5,-2.5,8280,0.15903762152926867,NA,NA,0.11207593483047501
-47.5,-2.5,8281,0.08796024288992164,NA,NA,0.11058385384050942
-46.5,-2.5,8282,0.09401056776327174,NA,NA,0.04882938056311644
-45.5,-2.5,8283,0.18972350662917928,NA,NA,0.2219864053434891
-44.5,-2.5,8284,0.22074180754289668,NA,NA,0.4121525343879263
-38.5,-2.5,8285,0.2753054199872869,0.2685044584112268,0.19746845411825517,0.1655725081956019
-37.5,-2.5,8286,0.1761844782089373,0.24209761121524995,0.13542186075861384,0.35694040623215323
-36.5,-2.5,8287,0.1495056646616553,0.15575043718203793,0.12240502272564675,0.21354428534871092
-35.5,-2.5,8288,0.19021515530770067,0.19603301326698927,0.11884870405280129,0.287337798181661
-34.5,-2.5,8289,0.2000373621597844,0.3252717060046959,0.14481292437352614,0.32201497735691914
-33.5,-2.5,8290,0.3134858608658831,0.4538108829366309,0.3658830226381736,0.4824234558244394
-32.5,-2.5,8291,0.31905042191673627,0.24879397717797977,0.2174894361115383,0.7012769327736479
-31.5,-2.5,8292,0.23966338231057355,0.22028312681775578,0.21142312673385072,0.497797873798398
-30.5,-2.5,8293,0.2526252175923137,0.15246703349002275,0.4506557512061186,0.7228436890525634
-29.5,-2.5,8294,0.31856336041934924,0.24560910368125655,0.23204193776482354,0.7245257222495154
-28.5,-2.5,8295,0.24215420090769502,0.19161370311366824,0.1951053179442356,0.6684093953934964
-27.5,-2.5,8296,0.17671393255236073,0.19136057942512233,0.17574938290382153,0.6691020107400635
-26.5,-2.5,8297,0.199323676179229,0.21162335504285068,0.34804035884332957,0.5520277002026477
-25.5,-2.5,8298,0.12491546715588747,0.20607018817307501,0.18324998567222103,0.4224284421553038
-24.5,-2.5,8299,0.1674703131544979,0.19728639000011192,0.14324229876864675,0.4014183975764714
-23.5,-2.5,8300,0.25005257827976274,0.16130454986478981,0.30021858357999703,0.5780101411755385
-22.5,-2.5,8301,0.30944633375446695,0.11815883634560921,0.1118750083544134,0.4135739396429586
-21.5,-2.5,8302,0.22652786165276773,0.12733133477627354,0.11546196500327868,0.43577365794176903
-20.5,-2.5,8303,0.20927259330765294,0.09634449705269545,0.09487619700299894,0.4576663386087838
-19.5,-2.5,8304,0.1694534381165542,0.0931907768910413,0.09685280715341986,0.3615876466851
-18.5,-2.5,8305,0.11150038098088999,0.0921423086841106,0.0713482950248778,0.21725415705428236
-17.5,-2.5,8306,0.14697231887581666,0.10307507103846641,0.06705336566313358,0.34886012711376485
-16.5,-2.5,8307,0.18430932803797775,0.16477482182571976,0.051859886225291967,0.42784687351109535
-15.5,-2.5,8308,0.16121737767478572,0.12641239942834243,0.05223757336318702,0.33192046815923026
-14.5,-2.5,8309,0.15069039756115482,0.15588572329627756,0.05586908380818142,0.33992290114971213
-13.5,-2.5,8310,0.15507540912896553,0.15551806517581512,0.062373564130865165,0.3310642936079357
-12.5,-2.5,8311,0.15845074081716298,0.14399759343049867,0.06295066603324148,0.33922403297025855
-11.5,-2.5,8312,0.17349910507287128,0.1843422339897493,0.13386888557906992,0.20912018559020637
-10.5,-2.5,8313,0.12549469201984825,0.13038782669894566,0.1151484250031256,0.1567153920717479
-9.5,-2.5,8314,0.17003404249394977,0.11798431756743559,0.1032021698867138,NA
-8.5,-2.5,8315,0.10400242146675572,0.07868509998717993,0.0440888148388024,NA
-7.5,-2.5,8316,0.10641218304015823,0.07181537782023277,0.04892005956060512,NA
-6.5,-2.5,8317,0.12951579460864404,0.10496683005292755,0.08828439605179139,NA
-5.5,-2.5,8318,0.11747772685725835,0.09103768182511958,0.08203734444973802,NA
-4.5,-2.5,8319,0.10551272596172781,0.09288502799114402,0.07956128988783805,NA
-3.5,-2.5,8320,0.14791239737122006,0.1329986238192242,0.11877635019535053,NA
-2.5,-2.5,8321,0.1121671000060616,0.10210591262724099,0.050614894553302356,NA
-1.5,-2.5,8322,0.1135729544604092,0.10540026391150613,0.05808557789439892,NA
-0.5,-2.5,8323,0.10087724531419881,0.07543931204543247,0.04996773702967632,NA
0.5,-2.5,8324,0.10138685336002334,0.07189922451974233,0.04502917019738392,0.06570675063984317
1.5,-2.5,8325,0.12067082514329686,0.08245496972420589,0.04581946596860961,0.06601130074086603
2.5,-2.5,8326,0.1015323055962447,0.07565991442342722,0.048119717721879,0.07466551420434896
3.5,-2.5,8327,0.08628998352076839,0.06215479080980952,0.07042782246510355,0.06965187281240158
4.5,-2.5,8328,0.07754980858030976,0.059142455036828995,0.046539937976926904,0.06372386349760634
5.5,-2.5,8329,0.09318624486291477,0.064850001841394,0.05048294464228872,0.06624736849410155
6.5,-2.5,8330,0.10569558988774347,0.08197813664832758,0.057728967665239356,0.06900776178167163
7.5,-2.5,8331,0.09911243830815254,0.08272448775113428,0.05471687227602632,0.0854152233729376
8.5,-2.5,8332,0.10670181921096354,0.092770504826892225,0.05627245469688522,0.09530658235137875
9.5,-2.5,8333,0.09613074475699003,0.08242054288594204,0.06190365952590601,0.08362370342131877
20.5,-2.5,8344,0.0669865131100697,0.06536398943654018,0.07097458479996856,0.05575588715618505
21.5,-2.5,8345,0.06870587179242496,0.061029128335204935,0.06877719935702395,0.0561016023600441
22.5,-2.5,8346,0.06445595832263633,0.06312200922436874,0.04678824733312606,0.05493429543472486
23.5,-2.5,8347,0.07537047135305557,0.07667625454063431,0.05200530347407435,0.05856499489783162
24.5,-2.5,8348,0.08451587651473302,0.08259333399331373,0.05962332965767774,0.06053882450778994
25.5,-2.5,8349,0.0858858896102377,0.0811655930258699,0.05885497332825249,0.06134365773534639
26.5,-2.5,8350,0.07815929198658456,0.07080098634865913,0.048194565841970405,0.046296174039720014
27.5,-2.5,8351,0.06420979904788424,0.06068510528774732,0.03869386898923102,0.04289085114385703
28.5,-2.5,8352,0.062138797746650244,0.05908922479349354,0.051656179280712394,0.041454396114604136
29.5,-2.5,8353,0.052178985511097176,0.0545842476958566,0.04373234744166552,0.03925360881748851
30.5,-2.5,8354,0.04798175837248587,0.05079468036340288,0.038390858101410054,0.034024705095184765
31.5,-2.5,8355,0.036437975772000315,0.03776859467051485,0.022043908379873033,0.025410009562602174
32.5,-2.5,8356,0.03503866465462825,0.0385608220219312,0.02158654413319264,0.024535266028441402
33.5,-2.5,8357,0.03436574347198275,0.03818990020647992,0.021834363378372634,0.023027763229599842
34.5,-2.5,8358,0.033877067280339984,0.03834089756160672,0.022403416304255776,0.022185248334720405
35.5,-2.5,8359,0.03292413796728549,0.036638621780742266,0.02094581105688743,0.021302038832794055
36.5,-2.5,8360,0.0321834819517756,0.03577092777122101,0.020753768379609915,0.021598404564555286
37.5,-2.5,8361,0.032048596167876066,0.035171384267386384,0.01988340863836095,0.02110810020332437
38.5,-2.5,8362,0.03054503280201285,0.03343068412922164,0.01766082958046475,0.01951225595811971
39.5,-2.5,8363,0.02972144501369312,0.035460462381014364,0.022362089561182342,0.017432223266653255
40.5,-2.5,8364,0.025407608875602825,0.03373715704281045,0.020074351465000487,0.016774849561887455
41.5,-2.5,8365,0.025252377228029955,0.03437877778926121,0.01917541040846464,0.016163610234196397
42.5,-2.5,8366,0.02527119042243661,0.03472227457683413,0.01759804574978054,0.016209255239206487
43.5,-2.5,8367,0.026982312464440855,0.03364151206203905,0.017236995630414236,0.016865757756992103
44.5,-2.5,8368,0.02554164891485908,0.033501771684085954,0.01580575148313341,0.016836241295681377
45.5,-2.5,8369,0.024736507096722656,0.03310141749158683,0.016270965564728537,0.016291539008282587
46.5,-2.5,8370,0.02234136024894116,0.0327851209840295,0.011873088267814426,0.013759902418333582
47.5,-2.5,8371,0.021804186802268314,0.028510355025314703,0.011498981836934102,0.0132621250185225
48.5,-2.5,8372,0.021533537692243684,0.029104037216184212,0.013533449566953772,0.013363334949937489
49.5,-2.5,8373,0.021437523886369988,0.029764541908796918,0.01026262295296309,0.013710212427756531
50.5,-2.5,8374,0.021448401357707727,0.026275587194237945,NA,0.01408415892478635
51.5,-2.5,8375,0.02111117409610625,0.02566774567876369,NA,0.013890437023672444
52.5,-2.5,8376,0.022866736535278365,0.02549904651789215,NA,0.013680088403483991
53.5,-2.5,8377,0.02629778107127825,0.0253171664642593,NA,0.013891071086907748
54.5,-2.5,8378,0.027780727879952737,0.025389705918868157,NA,0.015318396942286892
55.5,-2.5,8379,0.028822484433600453,0.026346346453963436,NA,0.014675335124411902
56.5,-2.5,8380,0.030343150368428263,0.025312021548126243,NA,0.014803108981965173
57.5,-2.5,8381,0.026480639665489508,0.023921739141223388,NA,0.013712021074098362
58.5,-2.5,8382,0.024645975003600426,0.023972543996559733,NA,0.013788033766482665
59.5,-2.5,8383,0.0230444882715354,0.023973743334392002,NA,0.013821233060306444
60.5,-2.5,8384,0.02520390613516121,0.027381662729119367,NA,0.013984157729587025
61.5,-2.5,8385,0.02547799359731001,0.030015482239428997,NA,0.013126185472254482
62.5,-2.5,8386,0.02581436856247036,0.02878933956489439,NA,0.014508393055264942
63.5,-2.5,8387,0.024707031380380384,0.031022301589466016,NA,0.01581259142849591
64.5,-2.5,8388,0.024498418130203436,0.03383726978521279,NA,0.017670609093051688
65.5,-2.5,8389,0.023891744770992835,0.033522929931907294,NA,0.018401375724843943
66.5,-2.5,8390,0.023945191597652283,0.02948701952210148,NA,0.019074830546108618
67.5,-2.5,8391,0.024256748665692274,0.030227423273186105,NA,0.017411796808360264
68.5,-2.5,8392,0.024397977654353507,0.029261808519269298,NA,0.017224133272262535
69.5,-2.5,8393,0.026264665028022046,0.027975591553237707,NA,0.017006826435622006
70.5,-2.5,8394,0.024497884400000156,0.027129160882029272,NA,0.016826175306618413
71.5,-2.5,8395,0.026076641070611667,0.030937858758933637,NA,0.01800424439950972
72.5,-2.5,8396,0.03130522087997458,0.030509323906002264,NA,0.019323136298436603
73.5,-2.5,8397,0.03232772649393728,0.027733138815482984,NA,0.01823174165829429
74.5,-2.5,8398,0.03464199663094035,0.025198933961823412,NA,0.0180831819759964
75.5,-2.5,8399,0.03367595100112565,0.0242287183730888,NA,0.018605090814178136
76.5,-2.5,8400,0.034233630380597464,0.025004790527476867,NA,0.021611728883640536
77.5,-2.5,8401,0.03269389847914615,0.022364744067078075,NA,0.021184044898557047
78.5,-2.5,8402,0.03616197377759847,0.02158053242325415,NA,0.020128251915150403
79.5,-2.5,8403,0.03859540379452935,0.023301610074767554,NA,0.022145952849236452
80.5,-2.5,8404,0.04415950222842303,NA,NA,0.022976599765208328
81.5,-2.5,8405,0.03829218278147394,NA,NA,0.02581495436676933
82.5,-2.5,8406,0.055174780035302656,NA,NA,0.03974279971423661
83.5,-2.5,8407,0.0648005050139576,NA,NA,0.0444389535133173
84.5,-2.5,8408,0.07511868182411979,NA,NA,0.05458267705769562
85.5,-2.5,8409,0.07651147744825541,NA,NA,0.0409277478368628
86.5,-2.5,8410,0.07991266896435889,NA,NA,0.041564884532255035
87.5,-2.5,8411,0.0937910245728735,NA,NA,0.04593573416183218
88.5,-2.5,8412,0.11816126080517472,NA,NA,0.03707153871783099
89.5,-2.5,8413,0.10104680313498966,NA,NA,0.03700730107707517
-137.5,-1.5,8423,0.045893805788014615,NA,0.04370091493416571,0.05963970302820177
-136.5,-1.5,8424,0.08085006748127346,NA,0.07627374749610633,0.2329020569992556
-135.5,-1.5,8425,0.05668304302428946,NA,0.04697731229724881,0.07807721764526805
-134.5,-1.5,8426,0.053700507189208345,NA,0.04343241380091927,0.06624460570040977
-133.5,-1.5,8427,0.05965896980728195,NA,0.03961179310976792,0.09648086739626993
-132.5,-1.5,8428,0.052301473963468494,NA,0.033196662417700785,0.07096887157125563
-131.5,-1.5,8429,0.05034208616877047,NA,0.04070011129540059,0.05958258616532747
-130.5,-1.5,8430,0.048620028862750075,NA,0.024589154017389776,0.05800965269951112
-129.5,-1.5,8431,0.04940651896635436,0.07747837654337006,0.040693328346210624,0.07083117508054375
-128.5,-1.5,8432,0.050117636721487085,0.0856054822647001,0.05849689769877327,0.06436607006224951
-127.5,-1.5,8433,0.05934171356751789,0.09448008667109037,0.06599693504452023,0.07833035754073897
-126.5,-1.5,8434,0.07252778122672142,0.09816968744855581,0.06117813570638416,0.12694985642134143
-125.5,-1.5,8435,0.08010618531087461,0.10102035091757357,0.046929324637242094,0.14345669213440718
-124.5,-1.5,8436,0.07101498398364048,0.09438403743758186,0.04396346597622311,0.13972794376163192
-123.5,-1.5,8437,0.06378731544572376,0.08962098240826709,0.05021912078704368,0.1300780699312566
-122.5,-1.5,8438,0.06585250785191206,0.09520132505955002,0.054153701517042796,0.12224053884401878
-121.5,-1.5,8439,0.06228373512553302,0.10465986068747905,0.056684318742645866,0.12153673901391904
-120.5,-1.5,8440,0.07871085683561391,0.10260402349344293,0.0560568196846151,0.09428478139200115
-119.5,-1.5,8441,0.07708234240897668,0.10158718029277361,NA,0.09194761000070428
-118.5,-1.5,8442,0.07352025112682707,0.0963843616143912,NA,0.09951423982077387
-117.5,-1.5,8443,0.06541554086090487,0.08017696128374067,NA,0.0789975650112062
-116.5,-1.5,8444,0.07002717564058761,0.08523547411144651,NA,0.07984450604315052
-115.5,-1.5,8445,0.06945536355627617,0.08542122438503942,NA,0.090403272724665
-114.5,-1.5,8446,0.07617910291666412,0.08697504796593455,NA,0.07167236562213924
-113.5,-1.5,8447,0.07544414796375513,0.09005296695766393,NA,0.06780110061295432
-112.5,-1.5,8448,0.09134260992317496,0.10317119609632884,NA,0.09371309700860937
-111.5,-1.5,8449,0.09991639398222375,0.12037196603384002,NA,0.07871604480374432
-110.5,-1.5,8450,0.12430882394817568,0.13435247540967965,NA,0.09008996688786292
-109.5,-1.5,8451,0.13997278375803154,0.14760357737193158,0.10295478296147702,0.10768612288153827
-108.5,-1.5,8452,0.15185894272246683,0.17646775840416049,0.1964108668041738,0.1224249235269814
-107.5,-1.5,8453,0.17167668207633222,0.20205286406074022,0.2025184966505933,0.19358479324891775
-106.5,-1.5,8454,0.2071163583109506,0.19250351730202242,0.1867939970801864,0.1894815140510711
-105.5,-1.5,8455,0.18692097742093344,0.1713615686540307,0.0871082475215507,0.17940245846310862
-104.5,-1.5,8456,0.14836858497307173,0.13101358544473912,0.12401095884778417,0.1152675919293556
-103.5,-1.5,8457,0.15500129527397558,0.1389223185066275,0.09712730532445124,0.1498990908694719
-102.5,-1.5,8458,0.13167074286884076,0.11990903503749667,0.04101044282501442,0.12665067657865836
-101.5,-1.5,8459,0.13481522294745427,0.1053330813872046,0.06441830153163543,0.11741456208118727
-100.5,-1.5,8460,0.11407056269375894,0.09327449496051002,0.05933599113044993,0.09630742030106955
-99.5,-1.5,8461,0.0800966650851839,0.07656671595791092,0.045218654276463925,0.08696830625430282
-98.5,-1.5,8462,0.07516576863339676,0.0769896095739523,0.03968664617417564,0.08928850566642628
-97.5,-1.5,8463,0.08237450870141808,0.0681006995065724,0.038287347580137236,0.09843358313178828
-96.5,-1.5,8464,0.07382876516459595,0.06295916559851197,0.03430130873751137,0.07875563352043008
-95.5,-1.5,8465,0.0831249010548417,0.06079936605804169,0.02897790838741714,0.0713894710691082
-94.5,-1.5,8466,0.06060857705185328,0.05840969888103517,0.027325571693780512,0.07607757909923007
-93.5,-1.5,8467,0.05145387778790955,0.06484359026906232,0.02638070320927801,0.07821820294499025
-92.5,-1.5,8468,0.043658921181671265,0.09239804037087887,0.021526765220035476,0.0635770589652236
-91.5,-1.5,8469,0.027886016527195242,0.09921752624173628,0.021370666789712417,0.04280456925417374
-90.5,-1.5,8470,0.030082767341356582,0.07652827182078104,0.023349829070914128,0.03291071194461741
-89.5,-1.5,8471,0.025000675067856356,0.04366180935879478,0.02570487730591656,0.035897557253999214
-88.5,-1.5,8472,0.023325357076060427,0.04848284801020316,0.027745743026544256,0.035155097925371644
-87.5,-1.5,8473,0.026487198745791484,0.0663783910020464,0.03158860027344202,0.04257634079820143
-86.5,-1.5,8474,0.027942384353298193,0.08043055223515017,0.03383068001118869,0.05694470408113277
-85.5,-1.5,8475,0.039613021958341765,0.07401479140983869,0.019445633573603235,0.02838344455590445
-84.5,-1.5,8476,0.046896080407032754,0.08773260548613292,0.03406485611001203,0.035514411786036225
-83.5,-1.5,8477,0.06788161841583704,0.08744256357405684,0.04499390943360869,0.05054293362390546
-82.5,-1.5,8478,0.10049795868655091,0.1005981882966474,0.06954431548141661,0.08575823101007427
-81.5,-1.5,8479,0.048136156274790634,0.0627044781359338,0.021348986113395297,0.04589430418046785
-80.5,-1.5,8480,0.08515998106650692,0.09420580462012368,0.06580896257012499,0.0688151072149683
-79.5,-1.5,8481,0.04473426619615042,0.17273368668837993,0.01949080878146775,0.09801640803538424
-75.5,-1.5,8482,0.07959020841369295,0.0624736945214405,0.06837632106208727,0.060152407725561456
-74.5,-1.5,8483,0.07452744298755333,0.05124045982088823,0.056321461029418964,0.06552532077917092
-73.5,-1.5,8484,0.038460011916428005,0.030683572153560493,0.03863708137481799,0.03236300687126489
-72.5,-1.5,8485,0.03510908140644937,0.04096484499061622,0.05965997887651678,0.046821130279995106
-71.5,-1.5,8486,0.03559195458080501,0.066716508886712,0.031126425160512405,0.03925233776084716
-70.5,-1.5,8487,0.0342514335174627,0.09139126129922573,0.03994344654865497,0.068186286075195
-62.5,-1.5,8488,0.1502256696976687,0.32127733419345034,0.17962796673155038,0.2703803240694774
-61.5,-1.5,8489,0.08813097005601925,0.21617719623107276,0.1655941997577162,0.2169247885063021
-57.5,-1.5,8490,0.028964573147162213,0.024392356410810296,0.065747821457487,0.03170767361853099
-56.5,-1.5,8491,0.07115336859491111,0.07641726667512788,0.07408690262169797,0.1857942533243102
-55.5,-1.5,8492,0.11124772350228647,0.1401334611507209,0.17785869766479653,0.44045449751558063
-54.5,-1.5,8493,0.2884287885357074,0.1891816320338494,0.18144364673147167,0.5382322839302112
-53.5,-1.5,8494,0.20154568424642313,0.2258364483053057,0.17873400327636177,0.4995488876363187
-51.5,-1.5,8495,0.2315034633471279,0.35181092220422727,0.1808016939851248,0.2650569149670536
-50.5,-1.5,8496,0.17662970314524581,0.13892877951055513,0.12477489017237624,0.22430269632556302
-49.5,-1.5,8497,0.1217868075196463,NA,NA,0.2263679165538904
-48.5,-1.5,8498,0.07363554592014508,NA,NA,0.10374764528633705
-45.5,-1.5,8499,0.05878579346288463,NA,NA,0.11794388831775703
-44.5,-1.5,8500,0.19996980139375964,NA,NA,0.2684437013763482
-43.5,-1.5,8501,0.06132088977395856,NA,NA,0.17038217529172797
-42.5,-1.5,8502,0.1367401511576702,NA,NA,0.2870270578175836
-41.5,-1.5,8503,0.3432543141126992,NA,NA,0.2784328156261756
-40.5,-1.5,8504,0.20039777837384037,NA,NA,0.17527416352528272
-39.5,-1.5,8505,0.24204717378131932,0.26262032304348176,0.32030223137850633,0.2631314066217773
-38.5,-1.5,8506,0.3620775681316385,0.29362880464281765,0.4387176248601037,0.35569744325418834
-37.5,-1.5,8507,0.3606205725187883,0.31219948912788414,0.48895659910809036,0.5177120305581838
-36.5,-1.5,8508,0.18931541487476217,0.2367637613612564,0.20107952715328978,0.4329301488728006
-35.5,-1.5,8509,0.2796321776275471,0.3374815747046654,0.2670690067098745,0.7300250784044624
-34.5,-1.5,8510,0.24498530131644983,0.17433980053472933,0.2196535725642875,0.2589456547517835
-33.5,-1.5,8511,0.2650290687384015,0.19678125129258117,0.2245711778270462,0.3732028570852609
-32.5,-1.5,8512,0.37010177275256406,0.2897940695835319,0.28615902052823783,0.32298331936058466
-31.5,-1.5,8513,0.15884347243516048,0.1743710314755641,0.2538825508927534,0.45020338301426005
-30.5,-1.5,8514,0.16799707508539738,0.34824732187337837,0.25532241231156794,0.681101717193657
-29.5,-1.5,8515,0.19025360220332616,0.2726519661688257,0.26876164204870073,0.4034637252941878
-28.5,-1.5,8516,0.28760697378754385,0.3178473022225906,0.2927844425889438,0.6931176942069575
-27.5,-1.5,8517,0.3951186542383162,0.25450015219317623,0.26873990243708906,0.6854248084468191
-26.5,-1.5,8518,0.10221303850311922,0.21398193567153517,0.22981122296419806,0.5098615065910713
-25.5,-1.5,8519,0.1459018115445745,0.15521712797130421,0.22670920509025777,0.44609824428783573
-24.5,-1.5,8520,0.1387351439526682,0.20420772895986747,0.25258468811344875,0.38395178135459945
-23.5,-1.5,8521,0.15994999234914314,0.13419343070156015,0.183532570965791,0.45350093610009795
-22.5,-1.5,8522,0.13638615573735333,0.13671629977934532,0.1416241555796474,0.5120364178685942
-21.5,-1.5,8523,0.19838290559804625,0.15617603958525927,0.13056435601507663,0.47905664909408047
-20.5,-1.5,8524,0.15327545504665888,0.11126720110565483,0.11557808268868595,0.38703650569275966
-19.5,-1.5,8525,0.16327215663706152,0.10490560438502392,0.07969705755348276,0.1847555721707064
-18.5,-1.5,8526,0.26474483073989213,0.16538704718111116,0.07387207205966743,0.3368975184326557
-17.5,-1.5,8527,0.24219572418206164,0.17854245938360996,0.06755751651757819,0.3760229184302212
-16.5,-1.5,8528,0.24411480690111897,0.2472210349213721,0.0557891094930125,0.3888647972279629
-15.5,-1.5,8529,0.1669702194205875,0.18867005114454632,0.09080058080262943,0.3677443586892336
-14.5,-1.5,8530,0.16604258537679378,0.22206467420628653,0.1310254926489613,0.40768169422739586
-13.5,-1.5,8531,0.22806129795819421,0.2160494867181303,0.05751388871993132,0.35681334771219553
-12.5,-1.5,8532,0.1863427461567521,0.22300025732327772,0.058161853408714104,0.35313582946322003
-11.5,-1.5,8533,0.1878667896998525,0.160820455000913,0.10271640046365123,0.33639502814304867
-10.5,-1.5,8534,0.16862813014481623,0.14932814104059855,0.10845529099815279,0.2542230165869558
-9.5,-1.5,8535,0.1429105650229868,0.10627600090256177,0.04853784251816613,NA
-8.5,-1.5,8536,0.13405127094780594,0.11618218036201587,0.08922210651813686,NA
-7.5,-1.5,8537,0.12578142757382868,0.10230221206122345,0.08096894375432669,NA
-6.5,-1.5,8538,0.12420077858164148,0.10258611936549085,0.07894269584003745,NA
-5.5,-1.5,8539,0.13809620424348398,0.11489111909945994,0.09505906583906995,NA
-4.5,-1.5,8540,0.1363144688797479,0.11608751856037902,0.11143163180936208,NA
-3.5,-1.5,8541,0.10025356284709372,0.09131043307050887,0.08842037036262029,NA
-2.5,-1.5,8542,0.17681492069276727,0.10453141262521651,0.10955609005953419,NA
-1.5,-1.5,8543,0.21467182029726936,0.10804712369988942,0.07435184009635981,NA
-0.5,-1.5,8544,0.1731068044951646,0.0777391975143865,0.055851452352596996,NA
0.5,-1.5,8545,0.09473780443827874,0.07086909105385679,0.045303543604228315,0.08052821183575808
1.5,-1.5,8546,0.11545112140531774,0.07394788144902456,0.06468893671173519,0.07621992657287464
2.5,-1.5,8547,0.10458429695487939,0.07490818830942883,0.05066150657250395,0.07385513265466598
3.5,-1.5,8548,0.09805656487905338,0.08119339251173426,0.07919061631411974,0.07602595866731161
4.5,-1.5,8549,0.08780471734288742,0.07258090333616328,0.048731854164894714,0.07640970295486109
5.5,-1.5,8550,0.0694703951415903,0.05900886083220243,0.043671676635974765,0.0539515721448034
6.5,-1.5,8551,0.09054658942846329,0.06603239232975044,0.07526432250637749,0.06252762420432904
7.5,-1.5,8552,0.09859251787291912,0.07339281183074282,0.056516280603380924,0.08262850357368319
8.5,-1.5,8553,0.11064036435546126,0.07025118120887379,0.11067255522964044,0.06972584187416682
9.5,-1.5,8554,0.11802159981932012,0.07385193990477575,0.07558180783351483,0.08294348321849528
20.5,-1.5,8565,0.08673188056610148,0.0905123720527276,0.05914757011483462,0.08034784138473602
21.5,-1.5,8566,0.09355085020901228,0.09183156197113801,0.06348575182944663,0.08681531825927366
22.5,-1.5,8567,0.06564777119289854,0.05824855030459313,0.04245022369888814,0.049018651999458734
23.5,-1.5,8568,0.06302993392629702,0.05994989694718892,0.04032398363978125,0.04177153953569607
24.5,-1.5,8569,0.06322500480461545,0.05814944885776095,0.03716877051365367,0.03938720323707504
25.5,-1.5,8570,0.06192805897653019,0.05703958160580696,0.03788363059341678,0.04275252457137315
26.5,-1.5,8571,0.0569467088460318,0.05326457570909875,0.04647808478112081,0.04258441739122817
27.5,-1.5,8572,0.054431958526210765,0.0503758260309743,0.03417865929499519,0.04126265065184939
28.5,-1.5,8573,0.05021223478855337,0.047251278856654734,0.04358745264945928,0.037717593858998914
29.5,-1.5,8574,0.04581826047556525,0.050110814410606726,0.03169707386344605,0.03346782049128785
30.5,-1.5,8575,0.04168172718162193,0.045448112375569574,0.028456594095665054,0.030029035112673387
31.5,-1.5,8576,0.03302808169741905,0.03620091661591008,0.028441184914656324,0.02325360057670219
32.5,-1.5,8577,0.033183987910269726,0.03754543028229443,0.02129260048431829,0.022432882084458317
33.5,-1.5,8578,0.032681271369350194,0.03472409715347197,0.026476922250826596,0.021697662521072532
34.5,-1.5,8579,0.03342679877853666,0.03439855752966106,0.018762294847108858,0.021390227386034542
35.5,-1.5,8580,0.03271956462861903,0.035263067137531724,0.017988316868479674,0.02122945322754534
36.5,-1.5,8581,0.029262534840664958,0.03549646783128333,0.017497483547982983,0.01939768538949637
37.5,-1.5,8582,0.030518466007101352,0.035358683053432705,0.021905827617176892,0.018053930648187094
38.5,-1.5,8583,0.028450832262835107,0.03255138376050029,0.020048204141275484,0.01659373887079709
39.5,-1.5,8584,0.028375573295006996,0.03164562363414072,0.017544370453001168,0.015711377388237812
40.5,-1.5,8585,0.02734749926018989,0.028308851622283443,0.016918904027629855,0.015659007094835233
41.5,-1.5,8586,0.02380818579952822,0.028498749311205683,0.016286806280914945,0.015853666871462408
42.5,-1.5,8587,0.022803113627747777,0.025445837881191792,0.015783513605854435,0.015335502381279774
43.5,-1.5,8588,0.022453156382421333,0.026200362390752477,0.015702374445427797,0.013743892779825921
44.5,-1.5,8589,0.022352878380730513,0.02633277133662126,0.015059530672416792,0.013427652279123311
45.5,-1.5,8590,0.0219388692520055,0.026067466444968716,0.01343635537563183,0.013014712952578483
46.5,-1.5,8591,0.02219109001903521,0.025951313530523854,0.010305585089258626,0.012427384529055558
47.5,-1.5,8592,0.027503153557194997,0.02722329198961762,0.0108177902478234,0.012573475323965428
48.5,-1.5,8593,0.02771759070702829,0.02923482898274333,0.014247952904983064,0.012573475323965428
49.5,-1.5,8594,0.02894622036349591,0.031061400424870565,0.014360113544339014,0.012713890108386257
50.5,-1.5,8595,0.029413173235676136,0.03373339687476635,NA,0.012707961107591826
51.5,-1.5,8596,0.026698556121324685,0.034390925596594527,NA,0.013673768464941807
52.5,-1.5,8597,0.024029209436990218,0.03590629635214686,NA,0.013639640403002409
53.5,-1.5,8598,0.02428075040799593,0.032597825531688156,NA,0.013911531998578745
54.5,-1.5,8599,0.022900670700779512,0.0322425749224726,NA,0.01549842405177363
55.5,-1.5,8600,0.025451702076005008,0.03131076243711247,NA,0.016342901648575842
56.5,-1.5,8601,0.02396629254883557,0.030616019293314128,NA,0.017446640892579805
57.5,-1.5,8602,0.02230201606431949,0.027649993104331624,NA,0.018503426281035146
58.5,-1.5,8603,0.02342998047908605,0.026310581036335528,NA,0.01648364391005446
59.5,-1.5,8604,0.02397399706142044,0.025554828413827304,NA,0.016037959470773293
60.5,-1.5,8605,0.023539341096347595,0.025491695598770816,NA,0.016319131354387437
61.5,-1.5,8606,0.023796243939393783,0.025429455120722512,NA,0.015006784312225269
62.5,-1.5,8607,0.02522661204518318,0.02478046104521937,NA,0.01457791882137026
63.5,-1.5,8608,0.023671185928844606,0.024538883091552163,NA,0.015229366025907643
64.5,-1.5,8609,0.029638602870717116,0.024217171136581228,NA,0.015017821236691719
65.5,-1.5,8610,0.02916145454386426,0.024029659411205318,NA,0.01535434073909765
66.5,-1.5,8611,0.03017253949004803,0.021231995480903636,NA,0.014499448892334663
67.5,-1.5,8612,0.03003252168953402,0.02112436598284922,NA,0.0154030853529479
68.5,-1.5,8613,0.030221389303505618,0.02153341847470526,NA,0.015472011289880842
69.5,-1.5,8614,0.028905763975426945,0.022239770321308618,NA,0.01623124522487918
70.5,-1.5,8615,0.032709833886083964,0.02326393765866963,NA,0.01684572241815856
71.5,-1.5,8616,0.03715786687087607,0.02247234814923194,NA,0.017111753471233157
72.5,-1.5,8617,0.03848820378263682,0.022807175267686195,NA,0.017200719286342852
73.5,-1.5,8618,0.038459261315420434,0.02594239209268453,NA,0.02192205075433751
74.5,-1.5,8619,0.034965453236317466,0.028271899210212923,NA,0.025846175050117878
75.5,-1.5,8620,0.03371179628288521,0.02678412936760703,NA,0.027207394041725362
76.5,-1.5,8621,0.03372997330290311,0.024626956931194644,NA,0.026120008350862586
77.5,-1.5,8622,0.03349391912947963,0.02512614246818305,NA,0.027042019020685246
78.5,-1.5,8623,0.03312542863718848,0.02522890390003407,NA,0.02410746710880085
79.5,-1.5,8624,0.034752381186501216,0.02664809919611124,NA,0.02182404041055929
80.5,-1.5,8625,0.03901308819777945,NA,NA,0.024180893264714197
81.5,-1.5,8626,0.037911088708362614,NA,NA,0.0281130204937442
82.5,-1.5,8627,0.04817590270777353,NA,NA,0.03394669018268819
83.5,-1.5,8628,0.05377447746930406,NA,NA,0.033371066704768484
84.5,-1.5,8629,0.06288983586595749,NA,NA,0.036385923533632535
85.5,-1.5,8630,0.06709698195701091,NA,NA,0.035862460431998054
86.5,-1.5,8631,0.09348119586505471,NA,NA,0.049241618465416546
87.5,-1.5,8632,0.09749309042954289,NA,NA,0.05578788750448675
88.5,-1.5,8633,0.11200404270639944,NA,NA,0.07917910290269786
89.5,-1.5,8634,0.17196651819338252,NA,NA,0.0595963624127948
-137.5,-0.5,8644,0.03294388335128195,NA,0.046445822654694255,0.20351711950068568
-136.5,-0.5,8645,0.07318832520553449,NA,0.07188919113005549,0.12948839523168704
-135.5,-0.5,8646,0.06350662628448817,NA,0.061923396432321184,0.1026092335843185
-134.5,-0.5,8647,0.06484000608975443,NA,0.059927183751803025,0.07926000491458408
-133.5,-0.5,8648,0.05699489556194442,NA,0.04217627252791086,0.08632003533492114
-132.5,-0.5,8649,0.05958382324629824,NA,0.041833926633166256,0.10022765844362597
-131.5,-0.5,8650,0.07674433591055806,NA,0.04141786679613747,0.10141989829917586
-130.5,-0.5,8651,0.0651253107364744,NA,0.04027159897107591,0.09425985376074329
-129.5,-0.5,8652,0.06338858979952304,0.07221581947118848,0.04222309728540928,0.057020936134068126
-128.5,-0.5,8653,0.058125972478389375,0.07640764296063204,0.05563876352742589,0.06239066293699558
-127.5,-0.5,8654,0.07067221483479896,0.08616663694155476,0.0717640560778093,0.06504346767022906
-126.5,-0.5,8655,0.0706871982242348,0.08804089424682578,0.060192830837211324,0.06982707793326472
-125.5,-0.5,8656,0.10504791903057326,0.10141842496896282,0.053708686763542124,0.08633594449479436
-124.5,-0.5,8657,0.12678850895870158,0.10079198979452358,0.05932020054206986,0.13867875971055724
-123.5,-0.5,8658,0.14773632363105296,0.12130512050296031,0.05734204101397185,0.16287258280326414
-122.5,-0.5,8659,0.14954537605383036,0.15658711664340963,0.05371637065929445,0.1933975627031916
-121.5,-0.5,8660,0.1327206947255217,0.1596932636554142,0.05109375708734049,0.1340327107468808
-120.5,-0.5,8661,0.10280265583569602,0.1380251219501256,0.05041077181690714,0.0736218275237242
-119.5,-0.5,8662,0.09166170634127886,0.13369332729813552,NA,0.05976746790804746
-118.5,-0.5,8663,0.08508143645255917,0.11336041993020804,NA,0.059358332225452094
-117.5,-0.5,8664,0.08828468680352072,0.12301346001417784,NA,0.051738358878339025
-116.5,-0.5,8665,0.08608359119159453,0.14677411610670205,NA,0.04873651251648186
-115.5,-0.5,8666,0.09295892682091479,0.13650775032225562,NA,0.06340958997612085
-114.5,-0.5,8667,0.10010268244692572,0.1343047332896368,NA,0.04875089541785724
-113.5,-0.5,8668,0.10170881670341592,0.13927787105436304,NA,0.048949423318686625
-112.5,-0.5,8669,0.12340771467458773,0.13743045122167005,NA,0.05920045218781286
-111.5,-0.5,8670,0.14192069517261857,0.14833857197988037,NA,0.06979529653222813
-110.5,-0.5,8671,0.15274780330249133,0.15168275503112685,NA,0.07213179706079914
-109.5,-0.5,8672,0.16137547082796525,0.16402505416020804,0.14751946119350132,0.07915361689654869
-108.5,-0.5,8673,0.19502129506703564,0.1898168974124164,0.17233637379295033,0.09290889002883357
-107.5,-0.5,8674,0.21066620374177775,0.19715376270684348,0.1883147963037863,0.10016394050695454
-106.5,-0.5,8675,0.2099705847664273,0.17350241921542126,0.14791671155085395,0.09969587667570849
-105.5,-0.5,8676,0.21081339775893007,0.2031376807920726,0.1439394398750374,0.13149643901866076
-104.5,-0.5,8677,0.19136293278978006,0.18982021731875434,0.12403129426257027,0.16613932661368055
-103.5,-0.5,8678,0.16506606175547947,0.16009856203149883,0.06837710056748723,0.12228858320842846
-102.5,-0.5,8679,0.1505438680186336,0.16994363857491518,0.09713217980877459,0.11021626345925496
-101.5,-0.5,8680,0.13710471851290512,0.1496602246305446,0.06895733628759296,0.08539376595242104
-100.5,-0.5,8681,0.1220327185853082,0.12644478372556497,0.05317249579702693,0.11959587285263151
-99.5,-0.5,8682,0.08466462045730107,0.09519254328907444,0.022959874933654575,0.07990741635152575
-98.5,-0.5,8683,0.08415543445072159,0.0803961108278894,0.03887137196894826,0.08546669250678621
-97.5,-0.5,8684,0.09492182808945705,0.07181888493353134,0.032445460237880655,0.0827580184895181
-96.5,-0.5,8685,0.07076137603246764,0.07475250183987356,0.032168222107683435,0.08906030761751267
-95.5,-0.5,8686,0.07779422002075567,0.09356243970789904,0.030049365432198487,0.06840719003702056
-94.5,-0.5,8687,0.046299401301243055,0.08958826616101709,0.02694561010748046,0.05894714043444967
-93.5,-0.5,8688,0.04114328660236496,0.08795884959138539,0.014782719059227588,0.05195008569746898
-92.5,-0.5,8689,0.034686042269451794,0.10299442193889152,0.028116246476549547,0.06147794755204684
-91.5,-0.5,8690,0.02968027864981889,0.08715852823117251,0.02456078700045392,0.06326362278610291
-90.5,-0.5,8691,0.028464262095027965,0.04997530063936319,0.021358307694973988,0.04757981245819211
-89.5,-0.5,8692,0.023212473572640835,0.0684724335624525,0.022994581432097892,0.0389096215303113
-88.5,-0.5,8693,0.028541614268116786,0.07417508616957794,0.02249944544221809,0.05050520593165996
-87.5,-0.5,8694,0.034639160796150426,0.07085147670803923,0.025968449457020478,0.05959648585795725
-86.5,-0.5,8695,0.03780264035683621,0.07686528201556939,0.029281362218059947,0.04419404567843809
-85.5,-0.5,8696,0.04125583523905855,0.047875333921976605,0.02891261090499164,0.02908981627833916
-84.5,-0.5,8697,0.04914783878553965,0.10772088101429586,0.032671267106768466,0.05065421960881697
-83.5,-0.5,8698,0.08320517072207224,0.14588172222529333,0.04439737352101821,0.08896012486036944
-82.5,-0.5,8699,0.13982181600854868,0.11346281905626086,0.05289351669796712,0.06957665898891492
-81.5,-0.5,8700,0.06676881744854998,0.04900154110265677,0.03237426246310907,0.05447426864965181
-80.5,-0.5,8701,0.064875808003615,0.16251476519301367,0.04929316073892244,0.1700478829463188
-76.5,-0.5,8702,0.15080639999568538,0.07177230616839007,0.06648344529420053,0.06804415518044497
-74.5,-0.5,8703,0.04002058693205261,0.06635633918319454,0.029361002130253725,0.028424894758050413
-73.5,-0.5,8704,0.03726708629291722,0.04560005727329661,0.04147561291205589,0.029592449592005007
-72.5,-0.5,8705,0.03268685338724661,0.0797125913828126,0.036469498822863156,0.03157864616154436
-71.5,-0.5,8706,0.07583164682910676,0.08742492555893364,0.03490676898269851,0.04790601614119116
-61.5,-0.5,8707,0.128358218891172,0.2381174677554456,0.22613031606788972,0.2981781914182166
-60.5,-0.5,8708,0.12522546974914112,0.152724418910116,0.1305645426793639,0.2053416379323553
-56.5,-0.5,8709,0.17732501502841466,0.35572634190759483,0.10933818447073322,0.23120423968116033
-55.5,-0.5,8710,0.18986266919718883,0.2381139263253107,0.17200472468618982,0.3740369012234111
-54.5,-0.5,8711,0.19141696486824838,0.16293719595273476,0.10196947281297111,0.19333920695263282
-53.5,-0.5,8712,0.29203410863145335,0.18289098468390944,0.1200870955057942,0.276590582875663
-46.5,-0.5,8713,0.1378587623408313,NA,NA,0.20768892628800262
-45.5,-0.5,8714,0.28118876956324623,NA,NA,0.28838032783759343
-44.5,-0.5,8715,0.25269345730067777,NA,NA,0.3100878601223812
-43.5,-0.5,8716,0.2981756847830397,NA,NA,0.23748742971581405
-42.5,-0.5,8717,0.28636319923288056,NA,NA,0.5335272670805812
-41.5,-0.5,8718,0.2746812135780467,NA,NA,0.49108379618339215
-40.5,-0.5,8719,0.191918222263407,NA,NA,0.40777249035002905
-39.5,-0.5,8720,0.251200143261108,0.38662622710113875,0.4106365002088822,0.3895385532378173
-38.5,-0.5,8721,0.36162550657121645,0.4152634246596698,0.4329588416438729,0.5963520080205357
-37.5,-0.5,8722,0.2801449778609682,0.314374215669514,0.48151310682905096,0.2716707686877823
-36.5,-0.5,8723,0.30737308009832237,0.3149079606905975,0.6060704797427873,0.2461109874776697
-35.5,-0.5,8724,0.3462845957759421,0.15762967989159576,0.42837387995522175,0.19648455342780313
-34.5,-0.5,8725,0.18849993238170287,0.15157440681127557,0.2963418390393335,0.17364001536808568
-33.5,-0.5,8726,0.3238254591535911,0.1613751550282435,0.2851406624947148,0.11440345277001535
-32.5,-0.5,8727,0.39170214429501415,0.21353888172960997,0.21758061941134899,0.2977094880106758
-31.5,-0.5,8728,0.20582076601338503,0.17864552478920992,0.20617037513596648,0.4802568327039566
-30.5,-0.5,8729,0.17666632767406706,0.23616340658197785,0.1692882830169593,0.5119885838387807
-29.5,-0.5,8730,0.15690634725430824,0.14592180075475256,0.16201542791993237,0.35656538102682833
-28.5,-0.5,8731,0.21992066322875356,0.424805464102427,0.23639849627675408,0.6567569230893158
-27.5,-0.5,8732,0.2663618597660622,0.25408157987839003,0.21294276573131862,0.6109240971834112
-26.5,-0.5,8733,0.32686386633374587,0.14924725947909445,0.2583314395670488,0.5366060969182321
-25.5,-0.5,8734,0.1946236793035522,0.14994014671158057,0.43964846490086396,0.5568275364221106
-24.5,-0.5,8735,0.20313482957388648,0.20194749753935612,0.23311904723547755,0.5001575080490683
-23.5,-0.5,8736,0.2478852789707515,0.17927448260766787,0.3062272740741501,0.5055519603750619
-22.5,-0.5,8737,0.15548103485055234,0.14756949135877387,0.15580848808003775,0.3229456122720711
-21.5,-0.5,8738,0.1199953837590732,0.12341715265894182,0.123934440940191,0.3388305493914022
-20.5,-0.5,8739,0.15899924725930342,0.15469900283039908,0.08696937461914611,0.30462636186245234
-19.5,-0.5,8740,0.20207685947178888,0.18181356749536318,0.065855116316957,0.31593955310593275
-18.5,-0.5,8741,0.21901664229387827,0.23142708412305932,0.06569678241440416,0.34026152553609607
-17.5,-0.5,8742,0.21691383800242894,0.2641961458018081,0.07146761326992629,0.35614745631308853
-16.5,-0.5,8743,0.16377547964567954,0.2096447754242477,0.0971695186951124,0.20370074137324914
-15.5,-0.5,8744,0.13148549158039294,0.1855541219524582,0.11234630831848198,0.36535759726353967
-14.5,-0.5,8745,0.19654920325192654,0.20684959714837287,0.0609189039520169,0.2445582325051649
-13.5,-0.5,8746,0.21835423375527285,0.24422959266285865,0.16156235905459732,0.4208712054316721
-12.5,-0.5,8747,0.21422402568732415,0.16023915519977833,0.1232646522548346,0.3961352799412094
-11.5,-0.5,8748,0.2098931663829746,0.1553304925974664,0.11674571478610524,0.2418605268385874
-10.5,-0.5,8749,0.18083438696223117,0.14218664450826093,0.11664654313121602,0.13180138545565304
-9.5,-0.5,8750,0.18584602693310498,0.12114500504264564,0.10931252278122917,NA
-8.5,-0.5,8751,0.13586045776129071,0.11320640009904336,0.05406767305200308,NA
-7.5,-0.5,8752,0.12945664061546527,0.09792145847398037,0.0882503702109333,NA
-6.5,-0.5,8753,0.1421012435979322,0.10885713795625175,0.049082020385566534,NA
-5.5,-0.5,8754,0.12205941973609077,0.09777522623006976,0.07456145955809329,NA
-4.5,-0.5,8755,0.14450762845105722,0.1221151769204747,0.09148858678582314,NA
-3.5,-0.5,8756,0.12881083030951082,0.10623707159878074,0.09233044745963974,NA
-2.5,-0.5,8757,0.12560287115815633,0.09975125201537038,0.09364216575616491,NA
-1.5,-0.5,8758,0.15509893119546467,0.08806406096987125,0.05213415127766136,NA
-0.5,-0.5,8759,0.1439381366833267,0.08224222001720201,0.04469313644546015,NA
0.5,-0.5,8760,0.08015075786958425,0.07045456507870115,0.0381340066051875,0.07307854954327828
1.5,-0.5,8761,0.10218085939098144,0.08526618299652888,0.04588429937496068,0.07786964341177421
2.5,-0.5,8762,0.11906869132055041,0.0859599862554794,0.06860005996868655,0.07899631682209231
3.5,-0.5,8763,0.0969409915760808,0.09185846717445328,0.071158035081793,0.08259200894209431
4.5,-0.5,8764,0.1255597772818793,0.08409353896251379,0.07941615215381709,0.08105390563570361
5.5,-0.5,8765,0.11942114286042887,0.08509273898114465,0.08083089070954085,0.0784735387316705
6.5,-0.5,8766,0.10188474726710757,0.06494521979531385,0.06507427563126181,0.0599739250815819
7.5,-0.5,8767,0.1008783784381357,0.0677963009041619,0.04862440325184871,0.06270794191185276
8.5,-0.5,8768,0.10030806768291342,0.0664878080248921,0.046811359720348694,0.06552823582034613
9.5,-0.5,8769,0.0928920440166756,0.06845209720444137,0.06688466491540197,0.0642875295352175
20.5,-0.5,8780,0.15663440104152695,0.1427840695438935,0.0694153282997959,0.1155212203000063
21.5,-0.5,8781,0.09386177126759193,0.09028648361077783,0.044989864708401155,0.06528581820317723
22.5,-0.5,8782,0.06980952941768274,0.06821728271279989,0.035937855611738075,0.04593253004784483
23.5,-0.5,8783,0.057857198680641736,0.06379593777936013,0.0330836045117511,0.03973222373263287
24.5,-0.5,8784,0.057600503938723666,0.057246728319143694,0.041743010024121265,0.039329926527973735
25.5,-0.5,8785,0.05269321364998224,0.057067599980119094,0.04334411034954977,0.040187134826900894
26.5,-0.5,8786,0.04854235112107619,0.05419237001213961,0.03133963262939062,0.03299715763705312
27.5,-0.5,8787,0.047463441410280104,0.05645783526746422,0.030403844441235423,0.031340388569048715
28.5,-0.5,8788,0.043849833562149054,0.05694473764004441,0.033280542728563255,0.028176304130034333
29.5,-0.5,8789,0.04409662000042371,0.06404559658187818,0.030182691018212072,0.02423253197786511
30.5,-0.5,8790,0.03882064780333685,0.055340379052161916,0.024367602916669093,0.019718591693919835
31.5,-0.5,8791,0.03715359336522665,0.056086968983965604,0.021332628696350872,0.019110863550437375
32.5,-0.5,8792,0.030757043105285896,0.051929033554079955,0.02028479711713156,0.018670573487221634
33.5,-0.5,8793,0.028704438303087648,0.04645508513135274,0.014012509454558664,0.018225902810661446
34.5,-0.5,8794,0.0274820651024235,0.04418162146975402,0.01742926143630546,0.014653744087818091
35.5,-0.5,8795,0.028712899591933985,0.04467613845955126,0.01652502981527667,0.015625642491680147
36.5,-0.5,8796,0.030011909125775553,0.045302389825287614,0.014748052615295918,0.014215788003078543
37.5,-0.5,8797,0.033727390238253274,0.03856392073440574,0.013779659990563443,0.014214363716685528
38.5,-0.5,8798,0.033463728569841686,0.03850122040673072,0.013316772751845802,0.014300745115600658
39.5,-0.5,8799,0.033745867438753255,0.038593213228003236,0.013556916964074251,0.014103003717737013
40.5,-0.5,8800,0.03228361629563962,0.03714210486277256,0.013121142107386203,0.013420706262201185
41.5,-0.5,8801,0.028816711912327618,0.036063101980367884,0.012957349473071688,0.01291510770234199
42.5,-0.5,8802,0.027065042677919923,0.03519607852353415,0.011903831948823355,0.013828987628926556
43.5,-0.5,8803,0.02590219129706011,0.034387080904644186,0.013121584172576486,0.015074738595066913
44.5,-0.5,8804,0.024703232292637815,0.030389055598708466,0.014191219636648489,0.016554622743045932
45.5,-0.5,8805,0.02294955140997192,0.031097224889840736,0.015777038231000226,0.017355588933725453
46.5,-0.5,8806,0.023425889642428845,0.031700330079301585,0.016533356265032013,0.018915177400947582
47.5,-0.5,8807,0.021848215583055552,0.032108853886362705,0.01697842414732102,0.016461153212906775
48.5,-0.5,8808,0.021851627982490882,0.0300429210177987,0.015975477407268134,0.01673421251935854
49.5,-0.5,8809,0.021824591839515798,0.027969190223237756,0.015675929619984753,0.015946509162925223
50.5,-0.5,8810,0.021031284335463713,0.026308134228426518,NA,0.015293647808242697
51.5,-0.5,8811,0.021157274211346302,0.02456916810970438,NA,0.013941692142542764
52.5,-0.5,8812,0.022471992639604976,0.024071294596163962,NA,0.014123605924046427
53.5,-0.5,8813,0.02362656791883482,0.02370177412495499,NA,0.015058240733289586
54.5,-0.5,8814,0.023682759032282605,0.023936100036455677,NA,0.014000183927686061
55.5,-0.5,8815,0.023807244707233898,0.024731893552127893,NA,0.013865810659667112
56.5,-0.5,8816,0.02698097255667959,0.024369948378999085,NA,0.013046560754945643
57.5,-0.5,8817,0.02492609711100053,0.02358842409911413,NA,0.012937081947350541
58.5,-0.5,8818,0.025289541555750385,0.02076199587878112,NA,0.013514302353862024
59.5,-0.5,8819,0.023796660685186297,0.020803180794969407,NA,0.013810529900655604
60.5,-0.5,8820,0.023655606736455188,0.02074327536883517,NA,0.013593298704037578
61.5,-0.5,8821,0.023797817773798444,0.025758012030175328,NA,0.013954402326685236
62.5,-0.5,8822,0.026205269607356807,0.023283426815157604,NA,0.01651510489082154
63.5,-0.5,8823,0.027305324563401838,0.022767598517494155,NA,0.016094320614199874
64.5,-0.5,8824,0.02473600755093668,0.02297763911104535,NA,0.016968013537556247
65.5,-0.5,8825,0.0221915606185331,0.022209978761318677,NA,0.016576619044952893
66.5,-0.5,8826,0.024265002508986777,0.02305473120496278,NA,0.01706612723057961
67.5,-0.5,8827,0.02319321258013781,0.023358251709440482,NA,0.02128028033503919
68.5,-0.5,8828,0.03623274390559783,0.02319617627714123,NA,0.021886202365476885
69.5,-0.5,8829,0.03353420874702365,0.025089201589760655,NA,0.02327012596533361
70.5,-0.5,8830,0.029663431184784098,0.025679774937866225,NA,0.02080476203471621
71.5,-0.5,8831,0.03018282090212325,0.026025922218179252,NA,0.01823290872048112
72.5,-0.5,8832,0.029805427147292285,0.023782559708819782,NA,0.017999227897960598
73.5,-0.5,8833,0.030263684543851026,0.02447368482307199,NA,0.018177132573787842
74.5,-0.5,8834,0.02881072547932699,0.021078731335077407,NA,0.01722963348394273
75.5,-0.5,8835,0.02635945023598189,0.01803613045112205,NA,0.016909634520287528
76.5,-0.5,8836,0.02606924551126614,0.017261040505999338,NA,0.016151814538531335
77.5,-0.5,8837,0.025570638163096147,0.016948637447891934,NA,0.015978154076423046
78.5,-0.5,8838,0.025072480374964023,0.018674542803775996,NA,0.016307021078790777
79.5,-0.5,8839,0.024546655749697534,0.018624370377105147,NA,0.017908164508182722
80.5,-0.5,8840,0.024358036708892847,NA,NA,0.01805195699403498
81.5,-0.5,8841,0.02443501023046664,NA,NA,0.017375108149677722
82.5,-0.5,8842,0.03168708402964976,NA,NA,0.02357432064915989
83.5,-0.5,8843,0.03706156967336484,NA,NA,0.027814776090883602
84.5,-0.5,8844,0.04481803309660646,NA,NA,0.030409221718754844
85.5,-0.5,8845,0.04475089404732033,NA,NA,0.027968224276019815
86.5,-0.5,8846,0.05754105833778907,NA,NA,0.03663808707164922
87.5,-0.5,8847,0.0754494313323982,NA,NA,0.062429706865609745
88.5,-0.5,8848,0.09097511482815897,NA,NA,0.0735599105912584
89.5,-0.5,8849,0.041124649557877035,NA,NA,0.042766543994117355
-119.5,0.5,8877,0.07098483093230977,0.08173349362731809,NA,0.06063988201886305
-118.5,0.5,8878,0.07171086939225033,0.09356246710072703,NA,0.05872183341656517
-117.5,0.5,8879,0.0779840993215186,0.10823299589378531,NA,0.049713567800894566
-116.5,0.5,8880,0.07046038033736873,0.11511279229500997,NA,0.0619248453653793
-115.5,0.5,8881,0.07365102712542392,0.13068373613028758,NA,0.05097734613278159
-114.5,0.5,8882,0.08073865349916964,0.15209778933181506,NA,0.05266964782439834
-113.5,0.5,8883,0.08452407972890247,0.15367633637265934,NA,0.05710061448817941
-112.5,0.5,8884,0.1031917010287225,0.1839963239485989,NA,0.0858603193471678
-111.5,0.5,8885,0.11848057482687853,0.17090904763528178,NA,0.0722049342340828
-110.5,0.5,8886,0.12772638709612574,0.19240007617850727,NA,0.07768312932355985
-109.5,0.5,8887,0.13855310823217132,NA,NA,0.13663334456974263
-108.5,0.5,8888,0.15201264174037588,NA,NA,0.13467618642779372
-107.5,0.5,8889,0.15602877489061437,NA,NA,0.1638558619404787
-106.5,0.5,8890,0.14652544388957348,NA,NA,0.1681466306038966
-105.5,0.5,8891,0.2019415355032841,NA,NA,0.1287766037469344
-104.5,0.5,8892,0.17854170807968256,NA,NA,0.16551116610812086
-103.5,0.5,8893,0.14234339311159488,NA,NA,0.13177860199859853
-102.5,0.5,8894,0.14755052149508216,NA,NA,0.1307053574819804
-101.5,0.5,8895,0.14524609909890457,NA,NA,0.09221369099925388
-100.5,0.5,8896,0.14525700915136772,NA,NA,0.09753567432807145
-99.5,0.5,8897,0.11968801525289431,0.08060177808549913,0.05104172063680468,0.11861679148790003
-98.5,0.5,8898,0.09621978340945116,0.08005074243651006,0.028102099389776883,0.10338664366858981
-97.5,0.5,8899,0.10159230414432373,0.10987448941453788,0.04547864067112411,0.08045605321231661
-96.5,0.5,8900,0.09291933573016241,0.11482354792966502,0.044923270599068026,0.07473518165871432
-95.5,0.5,8901,0.06781749915999315,0.08548579809461239,0.039060202573682985,0.08927880863134498
-94.5,0.5,8902,0.05286993445526388,0.09858607160733196,0.032764050643766175,0.07041848625427526
-93.5,0.5,8903,0.036654415114040044,0.10154075233025192,0.03204600249096702,0.07131546530655412
-92.5,0.5,8904,0.032609216228236,0.07092798381601009,0.028000331345717548,0.08325797611140222
-91.5,0.5,8905,0.031583804755883335,0.07662389219138845,0.017176248416858136,0.053012476842021525
-90.5,0.5,8906,0.02785944853192755,0.060396798748111644,0.028846372347078875,0.04947369991169152
-89.5,0.5,8907,0.03362957117028091,NA,0.027806111800240774,0.067502539238525755
-88.5,0.5,8908,0.0326669302176768,NA,0.028362498454116036,0.05648546888687951
-87.5,0.5,8909,0.03720658530135202,NA,0.03032560267270279,0.04752954364042135
-86.5,0.5,8910,0.051609924048172724,NA,0.0295525727027818,0.03275848080519068
-85.5,0.5,8911,0.05173888382103144,NA,0.032999958889754405,0.05214866854175122
-84.5,0.5,8912,0.07437153099876932,NA,0.02725798576207742,0.07447578574744497
-83.5,0.5,8913,0.1142301785304501,NA,0.06853084504643411,0.10219949495971702
-82.5,0.5,8914,0.06984143916168646,NA,0.0374613142014449,0.06347900782652047
-81.5,0.5,8915,0.235921277284605,NA,0.058395125924886625,0.15953081854467677
-76.5,0.5,8916,0.08926157457271787,0.09488294798939456,0.04820979710484503,0.060816906921457276
-75.5,0.5,8917,0.05883431693902292,0.031745385010737266,0.07624061991459638,0.10019186867475594
-74.5,0.5,8918,0.028663756947227954,0.04401176311570531,0.028434864490377132,0.022958987136836778
-73.5,0.5,8919,0.04318612184879725,0.04274705006622818,0.04632267042399972,0.03678911284024972
-72.5,0.5,8920,0.03339469798350231,0.13025988024108734,0.02630688997017529,0.023386942169323514
-71.5,0.5,8921,0.040122836624966574,0.10391078917920114,0.038526760041762594,0.04247872645742708
-61.5,0.5,8922,0.12767355318085016,NA,0.11856730477034112,0.23986373036429431
-60.5,0.5,8923,0.19117648470267076,NA,0.13747640018053423,0.4246364882368228
-55.5,0.5,8924,0.19570784914122072,0.0647205779225553,0.3798178749021813,0.3107593023207992
-54.5,0.5,8925,0.28192274312962984,0.1619364397037091,0.15109159713194548,0.2352628485135672
-53.5,0.5,8926,0.2571545432945559,0.20950400469933156,0.08618905036451817,0.46001923181877236
-52.5,0.5,8927,0.4787309133485223,0.22513976645055422,0.08565315235093227,0.4233864914982911
-49.5,0.5,8928,0.29286863110005323,0.26667673676932735,0.39251798421186734,0.38333992414017287
-48.5,0.5,8929,0.2816582775169869,0.17934871609495265,0.4557534098811781,0.3401845729203893
-47.5,0.5,8930,0.3705975110238741,0.2313540623536651,0.5077975584344914,0.36074633375499343
-46.5,0.5,8931,0.37260338536141396,0.26093630385313715,0.4780382366696934,0.30241497679040985
-45.5,0.5,8932,0.3514684595680157,0.34298436738246313,0.4833943992431406,0.6014384920580341
-44.5,0.5,8933,0.4182224688281055,0.5355561400438006,0.4979848342345737,0.7779712451474673
-43.5,0.5,8934,0.33525819326905887,0.42712562766749856,0.454486248747952,0.5182932324272123
-42.5,0.5,8935,0.284967931188552,0.5475382462401872,0.5074685878592182,0.45456153961442647
-41.5,0.5,8936,0.3205448394658271,0.476271141302624,0.5445166064510183,0.4377629975473346
-40.5,0.5,8937,0.3339918211459931,0.3968012346213027,0.5361010362364425,0.38875164689805664
-39.5,0.5,8938,0.2774557679344839,0.3795637705784224,0.4675752409884794,0.6097343697365071
-38.5,0.5,8939,0.29573623465702453,0.19655529835577318,0.42709348657846574,0.36704421625904893
-37.5,0.5,8940,0.2898470141564868,0.1296500687043186,0.36613205188244613,0.22086917519861968
-36.5,0.5,8941,0.28445858956502856,0.10744569493134942,0.17836920905697987,0.2033580527689196
-35.5,0.5,8942,0.17901772490231388,0.13834441241653808,0.16913861873704328,0.214755646727972
-34.5,0.5,8943,0.1756052770592373,0.15691997061637883,0.1641129569248256,0.10313031418681692
-33.5,0.5,8944,0.40961952666043344,0.11553976280150076,0.2061001791241671,0.18692411268218928
-32.5,0.5,8945,0.3660035074232845,0.11574566090913929,0.22908446557830936,0.21331346098630585
-31.5,0.5,8946,0.28296823448875646,0.11381316282334192,0.13390500272280242,0.42713119643533876
-30.5,0.5,8947,0.18973903670947145,0.11960968464934449,0.14961282436802206,0.36646993606705647
-29.5,0.5,8948,0.11915456945035251,0.10884819633092448,0.15061167441316656,0.36590114922469325
-28.5,0.5,8949,0.17510509702422455,0.21793154423408806,0.15929340439000414,0.5152715634695424
-27.5,0.5,8950,0.2429377053753538,0.3163340138552061,0.14705186043103166,0.4573525834401996
-26.5,0.5,8951,0.15189692690402842,0.2336833308709292,0.16232706038237119,0.4150510961140937
-25.5,0.5,8952,0.13647228443035558,0.12401004292146359,0.22068517904926613,0.5103565701451878
-24.5,0.5,8953,0.18697222677121847,0.14392552322753516,0.44800122260141817,0.5263807158741549
-23.5,0.5,8954,0.1535441286313487,0.10809743788371114,0.24186838810954764,0.4736750504450346
-22.5,0.5,8955,0.1702751703952781,0.09170688007494773,0.24247394247195184,0.3571552604438097
-21.5,0.5,8956,0.18174684097069704,0.09878255275406518,0.11190585143084061,0.29378008755823093
-20.5,0.5,8957,0.20890766272288852,0.09579244938764657,0.1474664387243964,0.33346880544282403
-19.5,0.5,8958,0.18682102320273855,0.11300291540269733,0.0798497556365427,0.29930212489427016
-18.5,0.5,8959,0.16530419174608946,0.13800563683875994,0.0417839472047255,0.34100795981706605
-17.5,0.5,8960,0.13076552221795293,0.15676510526868198,0.0883883176415976,0.3364099458490118
-16.5,0.5,8961,0.09382067828220081,0.15875821938177917,0.04829984832972181,0.3639286363294874
-15.5,0.5,8962,0.10865675240670511,0.11355654800614373,0.10110394672163273,0.3558245083144439
-14.5,0.5,8963,0.17340481682399383,0.18396374319609352,0.10672827169001865,0.21872367044167465
-13.5,0.5,8964,0.21993327208729577,0.11186372254307939,0.11258684945123075,0.315448376740891
-12.5,0.5,8965,0.16574204719900035,0.10864686295304693,0.10393659839845996,0.2290639371385054
-11.5,0.5,8966,0.1554899466221472,0.10485096097509489,0.10355004537090026,0.23643221288620223
-10.5,0.5,8967,0.1688364571055701,0.1110670866718692,0.09943701961965187,0.13853135426965438
-9.5,0.5,8968,0.164514495881323,0.09829428403136425,0.09400758565225663,0.12565471461415334
-8.5,0.5,8969,0.16522890219795244,0.09080734900262882,0.09846549522968519,0.12740660103032403
-7.5,0.5,8970,0.130093338668463,0.08115556589155584,0.09235505424359877,0.11196624849248528
-6.5,0.5,8971,0.17674983207183625,0.10328985925627483,0.12318909970941372,0.14895182555713102
-5.5,0.5,8972,0.14144974588304948,0.07681859896510017,0.08988105437732913,0.10116053027083342
-4.5,0.5,8973,0.13365982185267297,0.076561158080592,0.113324984376116,0.09429886888018613
-3.5,0.5,8974,0.12768363009718775,0.08225138412140841,0.0884354779355913,0.09648699784153128
-2.5,0.5,8975,0.12203112919483099,0.0759712907363144,0.0829610011275295,0.08634099352785286
-1.5,0.5,8976,0.131307132515319,0.06759343926777366,0.04906500636390728,0.07912601933872243
-0.5,0.5,8977,0.1667536033722568,0.06735283851326533,0.049679237570727716,0.08595946149480847
0.5,0.5,8978,0.10613832271077664,0.05834797774241769,0.06998061204841054,0.07532744117831801
1.5,0.5,8979,0.09643054661380386,0.07064698589646437,0.07988618878972724,0.08245999622747179
2.5,0.5,8980,0.10553044724544418,0.07265868033443036,0.08331480104482103,0.08520449429396552
3.5,0.5,8981,0.1222103893401319,0.09622450810871086,0.10031166612158979,0.10793057918435553
4.5,0.5,8982,0.12616030907820727,0.07074970492216096,0.08288847313648655,0.1055818035430903
5.5,0.5,8983,0.12565707878495927,0.06829826320773043,0.07831962227950179,0.08172470093213044
6.5,0.5,8984,0.09622477651888493,0.05329377333274149,0.06422584779491468,0.05921540982900473
7.5,0.5,8985,0.11459342217330676,0.059259147077568373,0.05229264013933231,0.07656431050642719
8.5,0.5,8986,0.09963721093808504,0.05438126717405319,0.07032523163420722,0.07341828768453054
9.5,0.5,8987,0.09689485742288972,0.0537599059478373,0.06888739262383117,0.07251013370397719
10.5,0.5,8988,0.08880929675441152,0.05271867890613411,0.06371726055009307,0.05930894216552071
11.5,0.5,8989,0.08561904226924165,0.05085311093403085,0.05683964524798497,0.05732530065798538
12.5,0.5,8990,0.06407186642313153,0.05297485477240906,0.036470992322652586,0.056195586003506375
13.5,0.5,8991,0.05691972349874517,0.04523604128655319,0.03068401178952624,0.037447971901809214
14.5,0.5,8992,0.07014530188924348,0.05754096233152647,0.035329664848417576,0.04657198523444547
15.5,0.5,8993,0.06530599246519202,0.05919872754593276,0.03543252026529089,0.05177721186072697
16.5,0.5,8994,0.06852820736387864,0.0600415064115612,0.03744376633930785,0.05365353842907614
17.5,0.5,8995,0.06750268516347176,0.05978350072662447,0.03594692962739556,0.05218320825086843
18.5,0.5,8996,0.0856206021819838,0.07775852836626733,0.0433200969920551,0.07292612785974924
19.5,0.5,8997,0.09599481796523039,0.08438209741935729,0.045069467621609405,0.08130081807979914
20.5,0.5,8998,0.09597448838434117,0.08458554729535289,0.044782091184533065,0.07497486022441496
21.5,0.5,8999,0.08527336923544185,0.07845205318758164,0.041278618213381996,0.05002466706689782
22.5,0.5,9000,0.07225654204222544,0.07469947054806356,0.03810044618055426,0.056986148461264687
23.5,0.5,9001,0.06604961805996391,0.07495657855909746,0.03609576875031229,0.05043520247585125
24.5,0.5,9002,0.056134604955141644,0.07155024340406138,0.032836774798252706,0.052775484845138984
25.5,0.5,9003,0.04337879772383821,0.057505731796171085,0.037001980470580925,0.03971143327248748
26.5,0.5,9004,0.04311850829667952,0.0602732562014539,0.03726715882311893,0.034169575073251364
27.5,0.5,9005,0.0396216894842732,0.0607363183612981,0.03417151790887013,0.03154648294969085
28.5,0.5,9006,0.038353761943747525,0.05808345126006119,0.029626250473284925,0.027375536314315385
29.5,0.5,9007,0.029107674712952655,0.04622219679034238,0.022585524347949595,0.02044283885011457
30.5,0.5,9008,0.03072907672657469,0.04763955938649812,0.021552317339976576,0.019935023246343306
31.5,0.5,9009,0.032365655214612335,0.0491648224701908,0.01910524044088057,0.019076748857806254
32.5,0.5,9010,0.03157789949999702,0.04303063293310744,0.017448879190490187,0.019022213693671717
33.5,0.5,9011,0.030815148451917858,0.03797228867755372,0.016693869926161356,0.01647807134892419
34.5,0.5,9012,0.030897710056720578,0.0374772319470221,0.01618213364237404,0.014808056111461422
35.5,0.5,9013,0.029556073296815914,0.03749628547976396,0.015901941284052187,0.013985034011741634
36.5,0.5,9014,0.03099284728063887,0.032442825404791854,0.011056903848329603,0.014771886320597739
37.5,0.5,9015,0.03051514440093476,0.03089265086517647,0.014042971645112411,0.01474672117776464
38.5,0.5,9016,0.025389506010068567,0.030939675627726225,0.012630674546000906,0.01453380183324599
39.5,0.5,9017,0.026182150014235957,0.029515316135011314,0.013415084908346427,0.01585181556064389
40.5,0.5,9018,0.02319952400426462,0.028540498246284005,0.015421003879655953,0.0162317924480598
41.5,0.5,9019,0.021921915867225417,0.028630483213506027,0.01734789469362542,0.016034447467819322
42.5,0.5,9020,0.02175068560423595,0.028215416301887442,0.016720290844129904,0.016943858120573713
43.5,0.5,9021,0.02201224828987634,0.026561341560715438,0.016768043001691216,0.01741292857420724
44.5,0.5,9022,0.021874095465354095,0.027250129115941806,0.017170478485739358,0.01593889300238158
45.5,0.5,9023,0.021622714069274147,0.026872304863802193,0.01832353147804423,0.016343262398873886
46.5,0.5,9024,0.01963923954390108,0.026588088600656232,0.018600718361570404,0.016284342871675638
47.5,0.5,9025,0.020389149635637017,0.026715360199612882,0.01699962541730222,0.016092016556545567
48.5,0.5,9026,0.020861340458438425,0.02620581675044248,0.016674936090991355,0.01613334128299216
49.5,0.5,9027,0.01920199115413899,0.025020608175905675,0.01764370627787118,0.01668485242609463
50.5,0.5,9028,0.019189755159841785,0.02447577583578594,0.017559198420937783,0.017797803640277596
51.5,0.5,9029,0.021196005578226006,0.024780953420818208,0.017415892480379575,0.020435522555027754
52.5,0.5,9030,0.023870053633604654,0.02415201822755593,0.016285155379371138,0.019630418248961397
53.5,0.5,9031,0.026619905075674202,0.022760434894574893,0.016788645745236083,0.019610101397442247
54.5,0.5,9032,0.027634519538840368,0.022324807664771237,0.015982356818730295,0.01816996704437885
55.5,0.5,9033,0.03181781889777166,0.022847858769527156,0.015456053730285343,0.018111142653182633
56.5,0.5,9034,0.029381801131099936,0.022104264943613613,0.01517289537654613,0.017301342271769896
57.5,0.5,9035,0.027043003864606157,0.02133932555372173,0.014891125718011877,0.01751825732075877
58.5,0.5,9036,0.024341095286746908,0.019707120720190263,0.01447312992295324,0.018263960629164293
59.5,0.5,9037,0.02231357456836429,0.020166831649277066,0.014110094062787569,0.01782881698690838
60.5,0.5,9038,0.02127097654179233,0.019792189393839917,0.014480805274508452,0.018263903704779365
61.5,0.5,9039,0.023799941449540358,0.019705257372365368,0.015006092286863358,0.01719861109312157
62.5,0.5,9040,0.02318388211546335,0.0187934592840603,0.015352056865780417,0.017492759111081436
63.5,0.5,9041,0.026760570943938283,0.018588442065523514,0.016454294263821903,0.018220625102951284
64.5,0.5,9042,0.02418588426619532,0.018034916942027118,0.016057563373757695,0.018430447024045674
65.5,0.5,9043,0.023819703879419014,0.02057306147052682,0.018501534125311945,0.01819044753322554
66.5,0.5,9044,0.024074828104973568,0.01988639717542306,0.020028573125473917,0.019079550837884852
67.5,0.5,9045,0.024208354120903552,0.019370193162319194,0.022153426649411893,0.01901845380704117
68.5,0.5,9046,0.024021901897943645,0.019208953568398593,0.019915371209236706,0.018186045858762517
69.5,0.5,9047,0.024011822320279215,0.019202135873471526,0.020003002967438198,0.019072189915763732
70.5,0.5,9048,0.023911197607304927,0.018986339811278452,0.019812696655341477,0.01685411277652412
71.5,0.5,9049,0.023859873231768386,0.019075343189519894,0.020126869202841416,0.01700492983843414
72.5,0.5,9050,0.023874871789502632,0.01928633387286617,0.020036268251177384,0.015667551380337017
73.5,0.5,9051,0.02387220288648152,0.019554612627359403,0.01987161609651349,0.01484880432636041
74.5,0.5,9052,0.02301162915413882,0.019116408675421696,0.018822474086619044,0.015419839989344274
75.5,0.5,9053,0.02272362396241359,0.020149473623533976,0.01885609263505772,0.015677584404104064
76.5,0.5,9054,0.02276370306087132,0.02140808119019405,0.019854226448706328,0.016414116565214926
77.5,0.5,9055,0.022403866861104228,0.021111391054245924,0.021274577508611555,0.01642980404871356
78.5,0.5,9056,0.02265079636026618,0.02157151695426093,0.025667988389300383,0.017632745892754494
79.5,0.5,9057,0.02414377970775641,0.02347582310930828,0.041543966490447684,0.018897711475599335
80.5,0.5,9058,0.02673547177591429,NA,0.04166651364876793,0.013794130215663431
81.5,0.5,9059,0.020502323174769133,NA,0.039228199018860876,0.013964161179205485
82.5,0.5,9060,0.028876026655598745,NA,0.049061083453863535,0.016090783219717898
83.5,0.5,9061,0.029927827567700245,NA,0.052490025173084896,0.015361667127535674
84.5,0.5,9062,0.03171750158061163,NA,0.05706703550893307,0.01651809926312847
85.5,0.5,9063,0.028333572580685338,NA,0.04151492978702647,0.017136131184675826
86.5,0.5,9064,0.032378226023502606,NA,0.05392432170644338,0.02293407503094519
87.5,0.5,9065,0.028068715781223986,NA,0.09761806435270289,0.02824024090153302
88.5,0.5,9066,0.027833678089378297,NA,0.09991343157143842,0.04041632828093788
89.5,0.5,9067,0.03946900741342613,NA,0.041390659352485704,0.03437705756464674
90.5,0.5,9068,0.027903564968293784,NA,NA,0.03765901649813373
91.5,0.5,9069,0.02922411664289981,NA,NA,0.02362767649355742
92.5,0.5,9070,0.0298319080816902,NA,NA,0.018645632113138213
93.5,0.5,9071,0.021774704906422,NA,NA,0.01477525554967353
94.5,0.5,9072,0.023004723107082875,NA,NA,0.016773585923106505
95.5,0.5,9073,0.026438974615613824,NA,NA,0.01621958812691257
96.5,0.5,9074,0.02095775436729426,NA,NA,0.015624810837062433
97.5,0.5,9075,0.024636613663438868,NA,NA,0.018773467072462958
98.5,0.5,9076,0.02805929136355611,NA,NA,0.02025947532116935
99.5,0.5,9077,0.024874251413451655,NA,NA,0.023977947432077828
-119.5,1.5,9094,0.07468243859918314,0.07569288611193682,NA,0.0570398364103122
-118.5,1.5,9095,0.06873544812645414,0.08330736605449685,NA,0.06756988007924689
-117.5,1.5,9096,0.06693693180873324,0.10781404211959246,NA,0.06068212777450543
-116.5,1.5,9097,0.08024089666550954,0.10644651606183488,NA,0.061331349114214444
-115.5,1.5,9098,0.09313573114727446,0.12885595868313998,NA,0.05421824502171143
-114.5,1.5,9099,0.09283576279340555,0.09143790119733813,NA,0.05578860282441861
-113.5,1.5,9100,0.09884143628013646,0.10643102622395062,NA,0.04732606933825801
-112.5,1.5,9101,0.12205152496185023,0.1565057574892761,NA,0.0687137304216453
-111.5,1.5,9102,0.14415847097132092,0.17707328567202912,NA,0.07882669562897807
-110.5,1.5,9103,0.11534433652130151,0.17180928570785275,NA,0.09250806445177641
-109.5,1.5,9104,0.11538288470809496,NA,NA,0.11763962951236612
-108.5,1.5,9105,0.14805601808506308,NA,NA,0.14983242132970884
-107.5,1.5,9106,0.17564845962735404,NA,NA,0.13006118499477587
-106.5,1.5,9107,0.16873829521544012,NA,NA,0.1419772803477437
-105.5,1.5,9108,0.16612309330100536,NA,NA,0.12463819846699567
-104.5,1.5,9109,0.17954511298245804,NA,NA,0.16153791123496664
-103.5,1.5,9110,0.14497251703743752,NA,NA,0.09149950734812214
-102.5,1.5,9111,0.14501878561269393,NA,NA,0.12602371347413796
-101.5,1.5,9112,0.13529991684026935,NA,NA,0.11317473627955994
-100.5,1.5,9113,0.13039250971307695,NA,NA,0.11037867580304303
-99.5,1.5,9114,0.16429832227448748,0.10928075952941739,0.06447954434163193,0.11285373402034946
-98.5,1.5,9115,0.1872906818032887,0.10026800250992474,0.05993858901960737,0.09451507637300033
-97.5,1.5,9116,0.15227301201346674,0.11153571154149367,0.05193682431092153,0.07094617758042322
-96.5,1.5,9117,0.1340734749950686,0.1272588794423391,0.03277916468111208,0.08473460027497338
-95.5,1.5,9118,0.09637585745358525,0.1139970841826242,0.035821036699142446,0.06940061443682846
-94.5,1.5,9119,0.05928057263702878,0.09061368705675794,0.028745676287457073,0.05621053558019914
-93.5,1.5,9120,0.042647467495534754,0.08975627816064254,0.03188200562145603,0.057455821008984345
-92.5,1.5,9121,0.029900924042650913,0.07831320064206691,0.03169408256730592,0.05534436755231266
-91.5,1.5,9122,0.030212823265785685,0.057947800378141595,0.03389931751251152,0.05553611583270802
-90.5,1.5,9123,0.025663746003555393,0.07269874906647972,0.026892048311742384,0.04503625478116936
-89.5,1.5,9124,0.036792763679854706,NA,0.03098110439619029,0.07903048780988349
-88.5,1.5,9125,0.03578598532533818,NA,0.03585531892550864,0.057688001816347013
-87.5,1.5,9126,0.04514380129103709,NA,0.036584353267509924,0.04202722222369333
-86.5,1.5,9127,0.055020510927214696,NA,0.03823624747282878,0.04484825625230958
-85.5,1.5,9128,0.08803144525304113,NA,0.04595758792751551,0.07012378474753932
-84.5,1.5,9129,0.19265536932873603,NA,0.05165042676432168,0.08394206640491347
-83.5,1.5,9130,0.21762011788997607,NA,0.03194844690889234,0.07603662091679253
-82.5,1.5,9131,0.04982663275552517,NA,0.035398266179195115,0.12947919395574348
-81.5,1.5,9132,0.13576545781102398,NA,0.027455830123225285,0.19185532269065805
-77.5,1.5,9133,0.12666588986384886,0.08321758097783481,0.04359945168272243,0.07025737934901828
-75.5,1.5,9134,0.03334042274948034,0.023706002751749628,0.031460276985444326,0.050060026870932216
-74.5,1.5,9135,0.03579405029484837,0.04444634550323358,0.04110409570440771,0.03620324177925692
-73.5,1.5,9136,0.03383859554748011,0.03587260352351471,0.03640635480588611,0.03156400481829433
-72.5,1.5,9137,0.03894137001499914,0.03931684635201929,0.030881793419229232,0.024141837320082356
-71.5,1.5,9138,0.0444865035728616,0.07604127889196657,0.03626186759431507,0.028127218633591248
-61.5,1.5,9139,0.057267536357604995,NA,0.217934454705252,0.11713912332401935
-60.5,1.5,9140,0.17401825693832854,NA,0.11065996811995743,0.21254363284012112
-59.5,1.5,9141,0.1731673577949017,0.14604187529691887,0.11706086391307717,0.2414460261150522
-58.5,1.5,9142,0.17526442196257044,0.13374665261884228,0.06536106881723222,0.2424566564673093
-57.5,1.5,9143,0.16056702052522623,0.1933249259257432,0.07220853075331923,0.182780721615806
-56.5,1.5,9144,0.18002139591507813,0.28905114913833596,0.1822177608178264,0.2395323546671676
-55.5,1.5,9145,0.1710459160941241,0.23865312715866496,0.17447031740163318,0.19056568441285512
-54.5,1.5,9146,0.20741660541800733,0.28468967841218595,0.1866710298501381,0.345186510734325
-53.5,1.5,9147,0.2204042678712275,0.1728700315636059,0.18764975061906364,0.39974425520179147
-52.5,1.5,9148,0.28144080242903585,0.21011991381729506,0.20471472959114304,0.2206549779291178
-50.5,1.5,9149,0.3005906429129562,0.27977546652029595,0.21741106928283943,0.5507909703720938
-49.5,1.5,9150,0.3171097510403095,0.2863918936843664,0.47453887547587964,0.44325418556336665
-48.5,1.5,9151,0.37647332547864154,0.3141303886332773,0.4700099801722416,0.564839387438985
-47.5,1.5,9152,0.3088139217018858,0.3384611591590739,0.3837420313591924,0.60491424497917
-46.5,1.5,9153,0.41171629425047385,0.3615601153431921,0.4229743854150022,0.6365457760523565
-45.5,1.5,9154,0.49127505470887745,0.4719540125396325,0.6564397512866761,0.7018935609693827
-44.5,1.5,9155,0.5084336234507489,0.3636368428819169,0.40486303428728376,0.6217763045573886
-43.5,1.5,9156,0.40054934098387013,0.34610918904478966,0.5032582400360929,0.5114683066915462
-42.5,1.5,9157,0.3457330300587215,0.3432648901308883,0.5566000719718291,0.54474177364869
-41.5,1.5,9158,0.3784681040058832,0.4362925954015129,0.5328057944937516,0.35104770296592336
-40.5,1.5,9159,0.41912799686754565,0.3193413538957138,0.47753867544147804,0.4002003400801465
-39.5,1.5,9160,0.3463081035314814,0.23252846814992015,0.40060116585771366,0.5305558792731008
-38.5,1.5,9161,0.35224142135845027,0.10492924446397636,0.28678869649335503,0.3296332709469224
-37.5,1.5,9162,0.24596871205092988,0.10451324619969514,0.2930964482872696,0.37109669894901787
-36.5,1.5,9163,0.28477594642274506,0.12610171529621358,0.18069625745723952,0.25156084451680777
-35.5,1.5,9164,0.2418242218689288,0.08035907175006349,0.15957369635224078,0.128736844016754
-34.5,1.5,9165,0.27480114553439083,0.07825174465238503,0.1365691917908336,0.3249846400166679
-33.5,1.5,9166,0.30830836031495834,0.05891122696949234,0.22508259261214297,0.2514430679864738
-32.5,1.5,9167,0.30909223570607597,0.06680112405589715,0.13406014543752115,0.28899553379462617
-31.5,1.5,9168,0.29121649362687607,0.07791640050146016,0.11343908718716554,0.4959576044900589
-30.5,1.5,9169,0.2220385023560499,0.07484321346202702,0.13421650079254113,0.4242449620266927
-29.5,1.5,9170,0.21569914611664437,0.08974851066901826,0.1271116561074267,0.5775295527088348
-28.5,1.5,9171,0.2386548073483551,0.160300684530676,0.09620385238004175,0.4143568811234607
-27.5,1.5,9172,0.23466347234300677,0.14558590652792777,0.11398498258632135,0.48665086364719967
-26.5,1.5,9173,0.23285853117767463,0.16774653773888648,0.10175872990315353,0.4019849920999667
-25.5,1.5,9174,0.16674570036487052,0.10913148338610945,0.13471940958091191,0.383292579679166
-24.5,1.5,9175,0.23760744419177526,0.10327803870561642,0.16952987937410333,0.4333830492760639
-23.5,1.5,9176,0.43457320249172926,0.2600457514311544,0.24208701475377992,0.5054996327477543
-22.5,1.5,9177,0.35970431937513564,0.14385587899119165,0.15638689283983048,0.41707344737990837
-21.5,1.5,9178,0.2907445165205527,0.23860037597704184,0.12906176633188116,0.430571606922639
-20.5,1.5,9179,0.2030562745641479,0.1669379279118209,0.2117323609164115,0.34909935314297813
-19.5,1.5,9180,0.11468836279349703,0.15756373763465667,0.17929083682505625,0.3608539522493735
-18.5,1.5,9181,0.12571604379157153,0.1756783278532628,0.1840354703694588,0.32999440696100346
-17.5,1.5,9182,0.11315605043880031,0.15885759077779957,0.17399373695948173,0.2808245307795477
-16.5,1.5,9183,0.1246382802994711,0.2159013764579946,0.09002492036239639,0.2689699015880481
-15.5,1.5,9184,0.12473749047609088,0.1909493421577999,0.07949569050345939,0.2725841329255687
-14.5,1.5,9185,0.13308178403066961,0.1409383608276651,0.07124806985699796,0.16328459910766482
-13.5,1.5,9186,0.13596309727931613,0.10470889873240842,0.11729700338965143,0.1735335320238504
-12.5,1.5,9187,0.16800441140972627,0.09509092160215044,0.1102938142931156,0.2002814652989316
-11.5,1.5,9188,0.12301870761737285,0.1077034008245116,0.06025085802104465,0.18564734556175042
-10.5,1.5,9189,0.12203540323902465,0.11453944305650375,0.05944081292406498,0.18831566986379594
-9.5,1.5,9190,0.12183408039717974,0.09836882787934108,0.08400201618955273,0.2110404637342629
-8.5,1.5,9191,0.13693962011403854,0.09992062557998825,0.04787644987882222,0.18020785154331553
-7.5,1.5,9192,0.10317696741559536,0.11035529615177975,0.08829645172070026,0.151567587000072
-6.5,1.5,9193,0.14771920918454384,0.1533552215370002,0.11107385817106714,0.14300043613582294
-5.5,1.5,9194,0.11018144015369814,0.09827559598629568,0.04254905948631075,0.12928359344453227
-4.5,1.5,9195,0.11386567775453507,0.08677846194063084,0.04053509698465712,0.10283244293551848
-3.5,1.5,9196,0.09134201118771934,0.061747749017460225,0.05816861236362456,0.07646837270993512
-2.5,1.5,9197,0.1340897845755321,0.06826403050702563,0.057090737225081185,0.08042814685777183
-1.5,1.5,9198,0.09460840123733683,0.08509835074572415,0.06241353506684601,0.0816033101604846
-0.5,1.5,9199,0.11679476083241935,0.07568701696430878,0.06501070396290434,0.09499677106522336
0.5,1.5,9200,0.08854252189756993,0.07682776712790707,0.04149895173036574,0.08621917337545232
1.5,1.5,9201,0.09194519322118583,0.08640216069923187,0.04882984832450841,0.09613930665737888
2.5,1.5,9202,0.09384021117615918,0.08686892560049887,0.05050451219073598,0.11500540953577815
3.5,1.5,9203,0.0872808711628997,0.08839648530311107,0.050669846078434326,0.12040656368553578
4.5,1.5,9204,0.0774950532396089,0.08157738551858279,0.05007930421215498,0.09138154672892908
5.5,1.5,9205,0.07188997602440685,0.07099049939169116,0.04704204629912148,0.08313087641411043
6.5,1.5,9206,0.06354399238792573,0.05996766201933416,0.04134515363373331,0.07069739262827662
7.5,1.5,9207,0.06806698423649231,0.05797115112224018,0.04043265467120839,0.0691302473160493
8.5,1.5,9208,0.06030755723014195,0.05176790447188463,0.036238963067636104,0.0625222924879721
9.5,1.5,9209,0.061962893131280616,0.05265907255725441,0.0369218257856539,0.05435345256230057
10.5,1.5,9210,0.05971506147379743,0.050316396924571946,0.03788681084830633,0.052135687829570655
11.5,1.5,9211,0.05362398946980379,0.04791940367129845,0.03662987685851693,0.050730192200077
12.5,1.5,9212,0.04370659412126361,0.0389993397751944,0.0280125808880374,0.04580434747104508
13.5,1.5,9213,0.046462685983216775,0.040296716504927645,0.02812777381443869,0.046684413692510716
14.5,1.5,9214,0.05289825393341841,0.05013347736703875,0.033218857185698884,0.06266197460143239
15.5,1.5,9215,0.05141510908941118,0.049956018299430284,0.03436093827172287,0.05959033362535704
16.5,1.5,9216,0.053234289232841014,0.052379772513611825,0.03568579320487698,0.0617122023296188
17.5,1.5,9217,0.05344497319312165,0.05240443930281168,0.035855103935836914,0.06138260418718415
18.5,1.5,9218,0.05133540357841996,0.0530959083525463,0.035232980168211775,0.062271337696814096
19.5,1.5,9219,0.061241479519077484,0.06167321140912277,0.03850934033486524,0.07358771944840511
20.5,1.5,9220,0.07189338053013516,0.0693764071221743,0.043043505673978084,0.08530502540462638
21.5,1.5,9221,0.103138469900116,0.10572082303706665,0.06359385158080805,0.1320837657441819
22.5,1.5,9222,0.13100533779300189,0.16608057040843527,0.09484237305861334,0.16179344393849646
23.5,1.5,9223,0.10310114957105637,0.1106941036644468,0.07631920452996226,0.10515638561972002
24.5,1.5,9224,0.06478953766556063,0.06680277470120456,0.04844672376787416,0.06304483270352673
25.5,1.5,9225,0.04251490061152461,0.04802342059618234,0.03804029866098295,0.04770572572733208
26.5,1.5,9226,0.0447313136625286,0.04624489424240083,0.03541906034619628,0.042006139688767596
27.5,1.5,9227,0.04313614405205646,0.04542017139104237,0.03057032234041275,0.0389810162699902
28.5,1.5,9228,0.0401662510185677,0.04422013186934775,0.028967229639304093,0.03370156234382751
29.5,1.5,9229,0.031300449794031966,0.035262292821406804,0.030031824073669375,0.025390817410631244
30.5,1.5,9230,0.030053105037183458,0.03584219997631459,0.02318637451794162,0.02670898475296921
31.5,1.5,9231,0.029210983624389807,0.03237388075298125,0.022960948993522357,0.02645831957934827
32.5,1.5,9232,0.0267488473088019,0.03153817124624695,0.023441370233404545,0.023538179443272914
33.5,1.5,9233,0.026092488893555865,0.030744614505298955,0.028335898602477417,0.022789249903051565
34.5,1.5,9234,0.02584868563225189,0.03224730972998358,0.028012110906687544,0.022864905175097216
35.5,1.5,9235,0.02545043022362859,0.03188617714820612,0.027282947093368457,0.02148164215640457
36.5,1.5,9236,0.0257230357300727,0.03259023617906296,0.024611925846658958,0.022157967622609263
37.5,1.5,9237,0.026495283573391554,0.031415999395716335,0.019211868165214193,0.0216498181954011
38.5,1.5,9238,0.029686219208850177,0.0273598565833211,0.02227863871986975,0.022101155254097338
39.5,1.5,9239,0.028455084456868132,0.026485007101629224,0.021490930516296768,0.02282789939059073
40.5,1.5,9240,0.026007412080921315,0.026441746895299812,0.021227609089238344,0.023124399364989924
41.5,1.5,9241,0.02990050274154528,0.02424524809720293,0.020537576169143718,0.019745744872218852
42.5,1.5,9242,0.03060756804149833,0.02392074392908737,0.018671474392551037,0.019480666230885228
43.5,1.5,9243,0.03288691080332528,0.025065035058461305,0.018125878442176092,0.019666354165676716
44.5,1.5,9244,0.035522959450960595,0.02633445836779583,0.017342591298958453,0.019470006960149475
45.5,1.5,9245,0.034888658154329566,0.025474053257091636,0.017717672517240123,0.019370289424507012
46.5,1.5,9246,0.035186074522805824,0.026446781703166746,0.017067438924045948,0.0191873693741356
47.5,1.5,9247,0.02997687902978456,0.027379248608221888,0.017345583592206556,0.018337892844292242
48.5,1.5,9248,0.030221644074555853,0.029697379621690036,0.016551216311610217,0.01751248916171672
49.5,1.5,9249,0.03128169552275083,0.03203955847769477,0.012499931562904432,0.017631108712693168
50.5,1.5,9250,0.029928275395243627,0.034302441447978733,0.01463589582586102,0.01806002091924832
51.5,1.5,9251,0.028571602887990082,0.03505116057479436,0.015468636030323066,0.01924823707169485
52.5,1.5,9252,0.028667741353501083,0.03336729112753022,0.017145515952501442,0.021033061010095173
53.5,1.5,9253,0.028313494206621003,0.03415750415465294,0.018363884977389822,0.019677885696651822
54.5,1.5,9254,0.029467706133744696,0.030345108956168657,0.01430664484833585,0.021878569408788604
55.5,1.5,9255,0.027791091277029008,0.029230066128940097,0.013295696309313257,0.02195919200536756
56.5,1.5,9256,0.028821175418307764,0.02940151953277187,0.0179389197300904,0.023243612093110863
57.5,1.5,9257,0.027995588273548883,0.0303671779631385,0.018644638293009583,0.02424205813284326
58.5,1.5,9258,0.02697329886950261,0.03186751195694309,0.019791803420711778,0.02504231167134438
59.5,1.5,9259,0.027084928288999006,0.031568783061542816,0.02082114719099326,0.021797385943926616
60.5,1.5,9260,0.027775130700807185,0.03239099596413305,0.02221658142270517,0.021652395981512192
61.5,1.5,9261,0.028048300996988663,0.031024380159749426,0.022359128881562777,0.022814675047577646
62.5,1.5,9262,0.028911389343573443,0.03328429698813492,0.02408953855994364,0.023743778496433898
63.5,1.5,9263,0.028439992721866755,0.03308695591102613,0.024616709594398174,0.024021009565272446
64.5,1.5,9264,0.02632806731804434,0.03317707129312065,0.02479501238982229,0.022691059977540385
65.5,1.5,9265,0.028859831470109953,0.031947717661436385,0.01838174233641,0.02218196736030405
66.5,1.5,9266,0.030729376003442756,0.030173693771492732,0.02162398907456253,0.021828989899311636
67.5,1.5,9267,0.031108700840335096,0.03020907607960676,0.021696152002227142,0.02303852883370112
68.5,1.5,9268,0.03006631804292018,0.03166053978124327,0.02509735528736841,0.020480051184868623
69.5,1.5,9269,0.031088932125590777,0.03175411020153716,0.029466083470777647,0.017527198947755743
70.5,1.5,9270,0.03036850723376322,0.033613217936088687,0.04468449745140804,0.017306591607529898
71.5,1.5,9271,0.03123204446595387,0.0321767907919749,0.0451298544297868,0.014867871851281047
72.5,1.5,9272,0.028498152200387372,0.03288855641739554,0.04415709658563496,0.013995768959022697
73.5,1.5,9273,0.02563218393318029,0.029591006031285633,0.04376767073377164,0.013436747867021516
74.5,1.5,9274,0.028299056103593425,0.02979356740002164,0.033307719834369975,0.01176191331046384
75.5,1.5,9275,0.026455759247432795,0.02947904939064726,0.044450679325909334,0.010022424358444557
76.5,1.5,9276,0.02643681652628578,0.029902654403943688,0.045332341825379256,0.010501735805331522
77.5,1.5,9277,0.020400314327164815,0.028736694361081134,0.04357230467444627,0.010300227777615337
78.5,1.5,9278,0.018523706147083624,0.029982596924861486,0.04817362955045766,0.01016468490111166
79.5,1.5,9279,0.019287429911530343,0.03194668003518559,0.04444214251439591,0.010021566385691127
80.5,1.5,9280,0.019078534540936668,NA,0.035585361227307724,0.010010370306023876
81.5,1.5,9281,0.02057993390975923,NA,0.026105459836775185,0.011250957786372194
82.5,1.5,9282,0.026632295713832903,NA,0.029121805853838934,0.014501070982752112
83.5,1.5,9283,0.031183400047527305,NA,0.03933931845230897,0.019012011983625874
84.5,1.5,9284,0.030608398824707228,NA,0.03699686926621629,0.01825782928398411
85.5,1.5,9285,0.03220572966954823,NA,0.03792544583812538,0.020060563468221812
86.5,1.5,9286,0.03750373394987075,NA,0.047420874300726834,0.025996640603884093
87.5,1.5,9287,0.041271184026672236,NA,0.050694683203765786,0.049528325231976054
88.5,1.5,9288,0.053491219312462146,NA,0.12650673065965665,0.07141259039335832
89.5,1.5,9289,0.03744601951810711,NA,0.034089563783507394,0.030433744375208124
90.5,1.5,9290,0.03424154088179701,NA,NA,0.023516381657923812
91.5,1.5,9291,0.031346546193601006,NA,NA,0.023558405713821545
92.5,1.5,9292,0.02759259475465145,NA,NA,0.021199885128726087
93.5,1.5,9293,0.025302172465743972,NA,NA,0.026674114452173422
94.5,1.5,9294,0.024421393399515958,NA,NA,0.02270565558279617
95.5,1.5,9295,0.03108751212175376,NA,NA,0.028486443370356294
96.5,1.5,9296,0.026859729478739845,NA,NA,0.02424546294950692
97.5,1.5,9297,0.028563080830229126,NA,NA,0.026761873111092137
98.5,1.5,9298,0.034673891820762116,NA,NA,0.02455323771251483
99.5,1.5,9299,0.029288953383539755,NA,NA,0.059374328820283574
100.5,1.5,9300,0.060099487872281546,NA,0.028000284569054887,0.04987953479360663
-119.5,2.5,9315,0.06998429488300703,0.07943247748052731,NA,0.0433375487355863
-118.5,2.5,9316,0.05996228674162496,0.07717785340853142,NA,0.05036924997296422
-117.5,2.5,9317,0.061706727094536666,0.09063297810156633,NA,0.06019320170201629
-116.5,2.5,9318,0.0787097651304789,0.08990120530744497,NA,0.0489452818825645
-115.5,2.5,9319,0.12922443469051356,0.0995804453229527,NA,0.04244455499053694
-114.5,2.5,9320,0.09820797799297894,0.10419775225193162,NA,0.034437927580494916
-113.5,2.5,9321,0.11245529492367183,0.14461682705323614,NA,0.0474864223612667
-112.5,2.5,9322,0.13268935896599043,0.15794454908655026,NA,0.06298782937246748
-111.5,2.5,9323,0.15761750218098913,0.2093443067181464,NA,0.09478984228284465
-110.5,2.5,9324,0.11682234803293542,0.15156063009593315,NA,0.10980552061032277
-109.5,2.5,9325,0.14268322581608958,NA,NA,0.10604046380178535
-108.5,2.5,9326,0.1682708648106458,NA,NA,0.11225310915627744
-107.5,2.5,9327,0.19089729044015885,NA,NA,0.10622693243651402
-106.5,2.5,9328,0.1487343125258015,NA,NA,0.09409662507307093
-105.5,2.5,9329,0.18895150933847388,NA,NA,0.11453384822903892
-104.5,2.5,9330,0.14676215413870228,NA,NA,0.12431599949976097
-103.5,2.5,9331,0.1368013809289455,NA,NA,0.10117183032458597
-102.5,2.5,9332,0.1891371553570092,NA,NA,0.10117989079051301
-101.5,2.5,9333,0.15570698411379233,NA,NA,0.06124615491243501
-100.5,2.5,9334,0.18673759243072355,NA,NA,0.06290916105040693
-99.5,2.5,9335,0.21087023204717129,0.09840178569933043,0.06262808344627245,0.0978935329778328
-98.5,2.5,9336,0.19648428539004328,0.0972220388930222,0.06532410392083436,0.08236905148663586
-97.5,2.5,9337,0.14473614808361965,0.10127059691445373,0.06231600168400586,0.06707669901882421
-96.5,2.5,9338,0.14313972896654575,0.07779012772564374,0.05534933470774137,0.062148710340911795
-95.5,2.5,9339,0.11404176778884562,0.07645439898644404,0.05204217442153207,0.07537137467235101
-94.5,2.5,9340,0.10567182487068036,0.07355267504878266,0.044295791189531614,0.0735295561795515
-93.5,2.5,9341,0.06821894917955096,0.06518515491276437,0.01843981779817799,0.061061883584065245
-92.5,2.5,9342,0.04754890856016473,0.06566574094270991,0.024104888195647097,0.05678374115556673
-91.5,2.5,9343,0.03518114184808155,0.051637433142367385,0.02352790777937376,0.06671127692562837
-90.5,2.5,9344,0.0393045792595381,0.08310329494036019,0.02770251700259468,0.07564399112791086
-89.5,2.5,9345,0.04491165201961117,NA,0.03531411647415084,0.08177408554581143
-88.5,2.5,9346,0.04793758089551848,NA,0.047210422590774466,0.05154520645133966
-87.5,2.5,9347,0.0594341045488041,NA,0.04813460103298527,0.03831051469365414
-86.5,2.5,9348,0.06578616956241097,NA,0.05735349612692774,0.03901458383139199
-85.5,2.5,9349,0.10900826421417227,NA,0.03341845583440019,0.08055903582436696
-84.5,2.5,9350,0.13000462496170728,NA,0.06374108742561502,0.2155342637136211
-83.5,2.5,9351,0.14231299178696474,NA,0.08902245826749484,0.11814853970181469
-82.5,2.5,9352,0.28536849232580336,NA,0.06049674623153891,0.18748505296908405
-79.5,2.5,9353,0.050612526226510524,0.034499910058324014,0.04955812818845106,0.11986497200579939
-78.5,2.5,9354,0.025689144359550026,0.03501673360395457,0.047768909514923845,0.04808413664273544
-75.5,2.5,9355,0.0443075440279668,0.02206714208508525,0.10302876416467595,0.03586188729858639
-74.5,2.5,9356,0.027889102368874093,0.045818673293101984,0.032270372217412135,0.03611499396299546
-73.5,2.5,9357,0.029325168228492588,0.03375667685114022,0.03252941287126871,0.034239616497521476
-72.5,2.5,9358,0.032013671813952246,0.038204438671620065,0.040948416539211455,0.030773597018149645
-71.5,2.5,9359,0.022662287137039137,0.03171040922351188,0.03660781638515361,0.0333351039387823
-70.5,2.5,9360,0.031440142808274056,0.05867069939533263,0.039934994359145784,0.028017946446817408
-69.5,2.5,9361,0.05162026630880325,NA,0.10547795317726918,0.03954582340780273
-61.5,2.5,9362,0.11636627366075336,NA,0.1262904737693103,0.15879414602878833
-60.5,2.5,9363,0.19099127664847068,NA,0.1578375872373473,0.28580160318193615
-59.5,2.5,9364,0.1785471546239826,0.3216219303814365,0.13532141694097824,0.21923605715076827
-58.5,2.5,9365,0.17544896614810268,0.22338882177473549,0.14432108175701755,0.4865112558764412
-57.5,2.5,9366,0.15111612443098044,0.1601124764973099,0.15685896776014474,0.42777683035354097
-56.5,2.5,9367,0.17891287243761161,0.20712034028629564,0.31091115502319694,0.2795725218946388
-55.5,2.5,9368,0.18953808155548163,0.25611492224250193,0.2620524073425755,0.3082169800021884
-54.5,2.5,9369,0.18174652513943065,0.14186229432657846,0.07182502337954424,0.22192329202014305
-53.5,2.5,9370,0.31306139412446155,0.2879936037708901,0.2731165132671647,0.40812686135560955
-52.5,2.5,9371,0.23790235126667636,0.3649221589571158,0.26971781268744927,0.5825415888663412
-50.5,2.5,9372,0.31502787377749153,0.36981832075736415,0.36338242023002926,0.6007044122778318
-49.5,2.5,9373,0.5727108672366727,0.49852791361011267,0.3994989182109791,0.5713964516190903
-48.5,2.5,9374,0.48251379315605225,0.4461715839784725,0.36768477600250915,0.5365580691581926
-47.5,2.5,9375,0.5769029878615514,0.4969875337243376,0.4668952853673963,0.7803870122509455
-46.5,2.5,9376,0.5929035351551784,0.5729389449496021,0.5008899209646325,0.7743651406486328
-45.5,2.5,9377,0.6120318284771105,0.5102317465229852,0.4299267277946153,0.7694240857767419
-44.5,2.5,9378,0.6254122573632106,0.5524694501345986,0.44405193722875547,0.7284118126027788
-43.5,2.5,9379,0.6222328573397384,0.3755618416859914,0.34126496849475785,0.6174834598374743
-42.5,2.5,9380,0.5194549333499788,0.41567001033665374,0.3768429940831194,0.7056384286045293
-41.5,2.5,9381,0.43752659317589915,0.48591144075586784,0.3790628502442575,0.6797843192256315
-40.5,2.5,9382,0.43850153454952084,0.30004684650504376,0.36569813993259426,0.44080941605732493
-39.5,2.5,9383,0.4305360806291752,0.19182083978553735,0.445944680753921,0.5647731986396959
-38.5,2.5,9384,0.30469132944592175,0.11900037408714084,0.2101482606763679,0.4640121176450389
-37.5,2.5,9385,0.19987071668383488,0.08473131056238133,0.2766659054223353,0.29315977387906633
-36.5,2.5,9386,0.2542212428158433,0.05989859222416883,0.5618011498549818,0.2638937184908194
-35.5,2.5,9387,0.261450061132672,0.04886128275572267,0.37514342264008793,0.20525693870486533
-34.5,2.5,9388,0.2629836928262995,0.0416157701504819,0.5721750228937725,0.12070522632379108
-33.5,2.5,9389,0.24350204513732424,0.07208246591600961,0.4614119462705055,0.2787460211226343
-32.5,2.5,9390,0.14234894192327072,0.05304822840956083,0.2908097639463668,0.49076633874191944
-31.5,2.5,9391,0.21872413955771322,0.07643623023778975,0.29029051172554765,0.4445468785885638
-30.5,2.5,9392,0.23911156021232985,0.12475765611674036,0.32850130615615014,0.5471309261242124
-29.5,2.5,9393,0.16996309918060745,0.18843652167238653,0.48537532290055907,0.4520043418212209
-28.5,2.5,9394,0.22294094466573855,0.1368506518084903,0.2537428281063833,0.45883895734285696
-27.5,2.5,9395,0.2537200418499381,0.3221089993520465,0.11866904246714151,0.42053248843086105
-26.5,2.5,9396,0.37760356872281653,0.37248266309971456,0.10940924564712305,0.5914086758127405
-25.5,2.5,9397,0.32230289520858624,0.21538110760634116,0.07120079965249301,0.3746472067460273
-24.5,2.5,9398,0.39484684330847886,0.24939395995349092,0.07010362068594356,0.4210300522947317
-23.5,2.5,9399,0.4305973889112474,0.35660422405714315,0.12840354292452386,0.4940683928344559
-22.5,2.5,9400,0.32665365308284494,0.25815881077696784,0.140969580407229,0.4566136942347445
-21.5,2.5,9401,0.19904445559619757,0.2362425135696867,0.24382392128399372,0.4016332959599859
-20.5,2.5,9402,0.1588136691924312,0.17118089632137817,0.19863559929347757,0.3812082916494563
-19.5,2.5,9403,0.13883762399066535,0.14928196165881105,0.12126599023341697,0.42353312363377893
-18.5,2.5,9404,0.13932356916234093,0.1771625224042839,0.11098503849184672,0.2718161702651299
-17.5,2.5,9405,0.1106773961922297,0.17278198236151757,0.13495604357328347,0.3516112311813869
-16.5,2.5,9406,0.11738782962019424,0.1548053181694886,0.13250317344750903,0.3511072879996022
-15.5,2.5,9407,0.12756926531805118,0.20688075930327565,0.13928172626535226,0.39021015231386424
-14.5,2.5,9408,0.1272130917167111,0.121010652035808,0.08313158392138852,0.2637084373860774
-13.5,2.5,9409,0.1411814329139679,0.12603270253592147,0.08698410855801558,0.2739324625881692
-12.5,2.5,9410,0.15884412068642786,0.10049622496438038,0.14823283818352664,0.18821543985601769
-11.5,2.5,9411,0.14131544967259788,0.1264176215748102,0.08982367892105383,0.1297077621643027
-10.5,2.5,9412,0.14269849177743896,0.08788463047981421,0.07447614181332876,0.13757780075303588
-9.5,2.5,9413,0.13240187579907686,0.10128173183956918,0.07423194535458483,0.23709452781356333
-8.5,2.5,9414,0.1314901164759365,0.11484817621559172,0.07646969353623109,0.20193672060843015
-7.5,2.5,9415,0.10189347273534327,0.1137811218651362,0.14004081889981762,0.14776228737572802
-6.5,2.5,9416,0.12569156150284538,0.11305377056483497,0.08140979830904962,0.12609610732947116
-5.5,2.5,9417,0.1280965306479074,0.11181219458843049,0.05917047403333085,0.1639131439401523
-4.5,2.5,9418,0.0991322039985051,0.09686699772098592,0.05775746215926254,0.10463093265526463
-3.5,2.5,9419,0.11736779256545242,0.08180849059485346,0.08518614498015045,0.0862775443629186
-2.5,2.5,9420,0.12525557651951805,0.08168042912994863,0.07647739712297298,0.08637709333744056
-1.5,2.5,9421,0.11515372280126641,0.08265949278123662,0.07123407564042657,0.09943739577005074
-0.5,2.5,9422,0.11022417022158879,0.08267462459984823,0.04679295848163679,0.1073435225383813
0.5,2.5,9423,0.10034883276687108,0.07522858524886557,0.0417799522167182,0.09268350204938611
1.5,2.5,9424,0.09530990606190294,0.07074168939807512,0.046326332096551334,0.08898205538167707
2.5,2.5,9425,0.09208221266385819,0.08358588725532595,0.053387055887664916,0.1052598668900101
3.5,2.5,9426,0.08833858428179414,0.08981455107862316,0.05964474875933994,0.1069366553988281
4.5,2.5,9427,0.07647025059315789,0.07987879799694753,0.05327802044590765,0.07398710218173103
5.5,2.5,9428,0.06470349902769139,0.06551725916286837,0.048353008583198374,0.07123952483184307
6.5,2.5,9429,0.06649611178489143,0.06588146462986309,0.047127879361190964,0.07591435152968685
7.5,2.5,9430,0.05996648031856585,0.058165910654698574,0.04077854107528607,0.06516162485410935
8.5,2.5,9431,0.06078463813555542,0.05413826611518034,0.03778490452076751,0.06397716196784657
9.5,2.5,9432,0.048777623964113746,0.04344220379957158,0.03152680133576371,0.051486470670218026
10.5,2.5,9433,0.04793208596707547,0.04043878449616101,0.0339502207678732,0.049292333178713274
11.5,2.5,9434,0.0474903730097737,0.03987134625886419,0.031840305019871395,0.047412090089500494
12.5,2.5,9435,0.04890556257031801,0.04104874552113698,0.02966626478034819,0.04856630958368581
13.5,2.5,9436,0.0571434751237123,0.05741132911357495,0.03757914767824956,0.06481892494528206
14.5,2.5,9437,0.05861436854992074,0.05516703826830295,0.037493163406819796,0.0673586924731004
15.5,2.5,9438,0.06322790082905204,0.05583065276092176,0.03452658745652946,0.07101504443509846
16.5,2.5,9439,0.07431560273268863,0.060000756965986016,0.03644491983862357,0.07414062160934974
17.5,2.5,9440,0.06689226780407544,0.062009093021093614,0.03631502902684294,0.07325341778594202
18.5,2.5,9441,0.06583261816341267,0.06266698629642754,0.035852151036511806,0.06849002357832433
19.5,2.5,9442,0.08204813614442381,0.08040173682996717,0.04476507518974484,0.09267575900862292
20.5,2.5,9443,0.08214280155540567,0.0821990682735799,0.0466049884568337,0.09435422421553596
21.5,2.5,9444,0.08061744119107721,0.09605226841414286,0.04358693207980078,0.11416617137903656
22.5,2.5,9445,0.11438551648272377,0.14561429878118629,0.08579836191192433,0.1478328449246215
23.5,2.5,9446,0.11805710389741654,0.1220482605450574,0.06835773564765787,0.11388269452712932
24.5,2.5,9447,0.07847104881693182,0.08094967145117214,0.048793683826827625,0.08625420705658621
25.5,2.5,9448,0.05793662003862786,0.06138115778691273,0.03912466475292968,0.062428032389661325
26.5,2.5,9449,0.05677737533033964,0.063425744074714685,0.04002168840702859,0.05366217272738659
27.5,2.5,9450,0.05229046690898517,0.056178429718901274,0.038145477988607734,0.049747885414909584
28.5,2.5,9451,0.04514632313243151,0.05329886556565904,0.036347113918805636,0.04542563785790074
29.5,2.5,9452,0.03462276592789262,0.040038741473073375,0.030091969343875237,0.03510353327600356
30.5,2.5,9453,0.03445825432098693,0.04057400626382917,0.02720650948493638,0.03619609069967659
31.5,2.5,9454,0.03413778093438558,0.03778418967076811,0.02836207538108861,0.03561825293516208
32.5,2.5,9455,0.036565408311151584,0.03603122139080444,0.025629493616663467,0.032134394728363484
33.5,2.5,9456,0.040453391760544105,0.03443573496498647,0.032546584532044634,0.030757866296854806
34.5,2.5,9457,0.03836776422914278,0.03507330305942332,0.03212454811486264,0.03596397061096658
35.5,2.5,9458,0.03837585233592607,0.03293805398521522,0.032448679155416334,0.034766249603753636
36.5,2.5,9459,0.03931762336164592,0.0331472537924198,0.02361252888650863,0.03103251158909226
37.5,2.5,9460,0.045277143666512,0.03848688416430863,0.02349028086650334,0.02953820033820821
38.5,2.5,9461,0.03916996106612364,0.03728471551081992,0.026982964997655973,0.02756546599766447
39.5,2.5,9462,0.03845804660455295,0.03769660434559739,0.02622156325469483,0.028068030480294843
40.5,2.5,9463,0.0369446776169817,0.03942217829992181,0.019854518559043275,0.027136054200943952
41.5,2.5,9464,0.036269485650105474,0.04092857747551954,0.019498367260948377,0.026776458098914335
42.5,2.5,9465,0.03048236369834617,0.03922498907618062,0.018720170607157766,0.02599439361348146
43.5,2.5,9466,0.030284251176633976,0.04374741777908055,0.024115258164882875,0.026216241985176966
44.5,2.5,9467,0.031254292959656725,0.04513383896201346,0.02364884819543911,0.027098808537014994
45.5,2.5,9468,0.031613526456068575,0.04456845456300075,0.022815258731909156,0.025021770426961968
46.5,2.5,9469,0.03218484526106125,0.039997248616766554,0.02544017037178474,0.024197130529614225
47.5,2.5,9470,0.0326012468595122,0.03957480479915341,0.026817862168058242,0.02315960057056158
48.5,2.5,9471,0.03495039271673444,0.039074841239904484,0.026882581020652864,0.023027726926766405
49.5,2.5,9472,0.039054848362503905,0.039126213459460164,0.02344973210140281,0.021601809624354894
50.5,2.5,9473,0.03826756255565063,0.03990741996470267,0.02205316928215254,0.021164180781122
51.5,2.5,9474,0.041538160083103265,0.04084939654291689,0.01658573946054189,0.021189733628591785
52.5,2.5,9475,0.04175181849886856,0.03862945947665064,0.020662692201585387,0.02107254921699863
53.5,2.5,9476,0.041877223002835064,0.038351168994328576,0.020807742591659996,0.021047043309670024
54.5,2.5,9477,0.03735342590099527,0.03601638189929084,0.020654988349100234,0.02281983901998244
55.5,2.5,9478,0.036379799368932604,0.03613423349340734,0.02069010534120515,0.024847982848341832
56.5,2.5,9479,0.03606118286107774,0.03468339981402391,0.021007421596382636,0.022198883049219475
57.5,2.5,9480,0.03631173622927875,0.03484588165408304,0.021355261242511348,0.022614833283388723
58.5,2.5,9481,0.03554090778704381,0.03492198069136423,0.021209893435514427,0.02245563120077623
59.5,2.5,9482,0.03647749545597083,0.03486602643581509,0.0211705204228601,0.022237643066741846
60.5,2.5,9483,0.036909122650249024,0.03529115834665808,0.022546791234825687,0.02308128590680485
61.5,2.5,9484,0.037515613291161466,0.03301607484105668,0.02292655185707201,0.021996745173209424
62.5,2.5,9485,0.041451255974391386,0.03663882956361454,0.01762676656205258,0.0201719708447308
63.5,2.5,9486,0.03579258965942109,0.03857022783391964,0.017346656455993037,0.02042493511509946
64.5,2.5,9487,0.0345171151245384,0.037090992404911136,0.01544717777223035,0.02008051416578363
65.5,2.5,9488,0.028925499168663635,0.036067129278469445,0.020588702198245164,0.018249213866434532
66.5,2.5,9489,0.027170466299914944,0.03720120761940852,0.020460089285889608,0.018101172848765886
67.5,2.5,9490,0.024155834881627543,0.03741665989673673,0.015554288176877257,0.015951825051317814
68.5,2.5,9491,0.02421753369278353,0.039337257742304066,0.022298552682741966,0.015736491394933536
69.5,2.5,9492,0.024773656418696346,0.04037394717519657,0.022172324413804446,0.015921007137310813
70.5,2.5,9493,0.02054199959468678,0.04352524348349798,0.01610704604221919,0.016518415573184075
71.5,2.5,9494,0.019652037844579962,0.04421472836765056,0.021502375589448845,0.01649023420751532
72.5,2.5,9495,0.019464062053366347,0.044723644085478576,0.022482198003620266,0.015649017596352274
73.5,2.5,9496,0.018963726623838613,0.0390575978202501,0.020068921313696916,0.014497293446278639
74.5,2.5,9497,0.018728893842322396,0.03891508628282201,0.01786239018264289,0.015021032883347683
75.5,2.5,9498,0.01898728477091297,0.03891508628282201,0.01728969895321069,0.014699068000890776
76.5,2.5,9499,0.018328170556500347,0.039103170907501685,0.01680296397737859,0.015423832295849064
77.5,2.5,9500,0.02198117721846058,0.038207740200131686,0.01076489468649359,0.014962556433538174
78.5,2.5,9501,0.02178202770987623,0.03995891240532592,0.015186716164320204,0.01682312458341023
79.5,2.5,9502,0.02297358024572316,0.04257278307862849,0.016631012085779405,0.016419799315997016
80.5,2.5,9503,0.0226667521392782,NA,0.012326058903151502,0.015295934642943305
81.5,2.5,9504,0.022408439007561145,NA,0.013774098137464087,0.013733102759840458
82.5,2.5,9505,0.02971184837200608,NA,0.023937034609568406,0.015885556211500042
83.5,2.5,9506,0.033351253585664965,NA,0.028099104642582313,0.01778097409955611
84.5,2.5,9507,0.03421224745185602,NA,0.022130311264410254,0.02307675789156411
85.5,2.5,9508,0.03306962880285195,NA,0.032361120108597805,0.025918236727281312
86.5,2.5,9509,0.04085456291255368,NA,0.04049238104574729,0.03258866617284872
87.5,2.5,9510,0.04451951279980068,NA,0.042675275624126284,0.034708324327119226
88.5,2.5,9511,0.04801240746992057,NA,0.02861915168009856,0.04672725697765615
89.5,2.5,9512,0.04214103202574302,NA,0.03197762859947943,0.030641953082398744
90.5,2.5,9513,0.028452226905694357,NA,NA,0.021113649871547107
91.5,2.5,9514,0.024796391732733215,NA,NA,0.024593275150112923
92.5,2.5,9515,0.02862682938880409,NA,NA,0.023478228418894985
93.5,2.5,9516,0.027304977598429356,NA,NA,0.02377426787518184
94.5,2.5,9517,0.027397830497718618,NA,NA,0.024950068424719443
95.5,2.5,9518,0.02725683605613985,NA,NA,0.030892636855921352
96.5,2.5,9519,0.03243143223255824,NA,NA,0.030093640450508122
97.5,2.5,9520,0.039633876632711035,NA,NA,0.031708002133547505
98.5,2.5,9521,0.03942457169267428,NA,NA,0.024775754165701405
99.5,2.5,9522,0.03488581247005443,NA,NA,0.049313215928125376
100.5,2.5,9523,0.028675935557955196,NA,0.024375466964757196,0.05084607188724371
101.5,2.5,9524,0.03492335167553095,NA,0.032037326142802455,0.034596019875636735
-119.5,3.5,9538,0.051182393307018396,0.08641354176377525,NA,0.057261837543565536
-118.5,3.5,9539,0.05980687165678095,0.0818643221480294,NA,0.060869477385184424
-117.5,3.5,9540,0.07356862208833127,0.09197015538537116,NA,0.05919386264279982
-116.5,3.5,9541,0.06238980513592593,0.10967578389200149,NA,0.04765517515539033
-115.5,3.5,9542,0.06945259721938302,0.14023978119212635,NA,0.044675007013476445
-114.5,3.5,9543,0.05757324182316845,0.1245920821627488,NA,0.046070853097810414
-113.5,3.5,9544,0.06830352204525285,0.13769525187477707,NA,0.04800236457431725
-112.5,3.5,9545,0.0726409060528499,0.1908605329656524,NA,0.06961139331989592
-111.5,3.5,9546,0.09672671918593562,0.14717146022443042,NA,0.089557603574129993
-110.5,3.5,9547,0.12370123282316356,0.18382281795778196,NA,0.08867300489867445
-109.5,3.5,9548,0.16700878995637627,NA,NA,0.23711124390263807
-108.5,3.5,9549,0.17487155487513512,NA,NA,0.17706018544111618
-107.5,3.5,9550,0.19126191231360992,NA,NA,0.09948048257741127
-106.5,3.5,9551,0.18528322715968115,NA,NA,0.10390496122904969
-105.5,3.5,9552,0.1520440994545941,NA,NA,0.09548747317823177
-104.5,3.5,9553,0.12174006736201393,NA,NA,0.08660512319508153
-103.5,3.5,9554,0.12671408311788854,NA,NA,0.10151757763808118
-102.5,3.5,9555,0.10574353037571142,NA,NA,0.09057802924021388
-101.5,3.5,9556,0.11369180261396804,NA,NA,0.0915316945304382
-100.5,3.5,9557,0.1055233893233508,NA,NA,0.06310814884782757
-99.5,3.5,9558,0.10302134189441818,0.06749925631765409,0.06176189746855049,0.06624829746197405
-98.5,3.5,9559,0.12029096510349074,0.06413148605049529,0.05600414705251489,0.06456455060632793
-97.5,3.5,9560,0.13638572221182985,0.0644961004008595,0.05736188565735967,0.06868757891846056
-96.5,3.5,9561,0.14472487563453046,0.06132854599192061,0.05690805354470149,0.10063799028961408
-95.5,3.5,9562,0.15223598641915073,0.06176531846806733,0.055876816757092426,0.09513012093186474
-94.5,3.5,9563,0.12247583159807385,0.057862332997141185,0.047676998091820896,0.08550176134733287
-93.5,3.5,9564,0.0965885338767988,0.05517093736190356,0.04668602428968624,0.0857704821814545
-92.5,3.5,9565,0.05124144073374449,0.034984095180595066,0.02822561288276481,0.0816281351089613
-91.5,3.5,9566,0.037499110673136826,0.04002429250936371,0.02946758810343573,0.05812346093012621
-90.5,3.5,9567,0.04427412760044555,0.04825989507824959,0.018993723070034944,0.06966630210684595
-89.5,3.5,9568,0.05188285771224136,NA,0.03032228678936236,0.05878403591905329
-88.5,3.5,9569,0.060673100813340736,NA,0.03580477332112666,0.07654552256155714
-87.5,3.5,9570,0.050544249782710916,NA,0.04177103518742129,0.062394694802525796
-86.5,3.5,9571,0.07156822543186411,NA,0.05540544378827248,0.050062132541219176
-85.5,3.5,9572,0.07337276444380103,NA,0.032967214954552765,0.050127859176127054
-84.5,3.5,9573,0.09037320682023768,NA,0.06355570579922168,0.08187528177657022
-83.5,3.5,9574,0.07324891561806172,NA,0.07349584791124344,0.2091088676538367
-80.5,3.5,9575,0.07303001469297356,NA,0.04464329076865027,0.06920386396069622
-79.5,3.5,9576,0.03684869926252042,0.07089382965234513,0.0984498507756454,0.027996137951920148
-76.5,3.5,9577,0.07094680447953682,0.055694653158851186,0.06210901021178781,0.03905504194421924
-75.5,3.5,9578,0.0416260436130013,0.0718968231097375,0.04648188339165566,0.03269717329638416
-74.5,3.5,9579,0.025643572296824076,0.03071783972680605,0.036029293066566874,0.03185759757512206
-73.5,3.5,9580,0.02697875977955711,0.039896539236653,0.03159567787040072,0.05342871722911214
-72.5,3.5,9581,0.032095710585437906,0.05593970835055676,0.046256800261326024,0.03847570771347308
-71.5,3.5,9582,0.03517435215299867,0.06455145383917872,0.04490744981549698,0.034185122758036465
-70.5,3.5,9583,0.026122455043227376,0.04333824060921008,0.05130383157420543,0.0347165283724788
-69.5,3.5,9584,0.062145984433098045,NA,0.04193880146058061,0.03509102526334763
-68.5,3.5,9585,0.0875384621723161,NA,0.04555940000514759,0.053800644195926735
-67.5,3.5,9586,0.19650529012362108,NA,0.17118839864663307,0.07208946635937609
-62.5,3.5,9587,0.10239787224067959,NA,0.08927625036773833,0.14074580215352323
-61.5,3.5,9588,0.1551750982840594,NA,0.14562413272310237,0.1782985258645976
-60.5,3.5,9589,0.15841491111496683,NA,0.27585977834129716,0.21742500565928566
-59.5,3.5,9590,0.17730797115111294,0.3032357755053105,0.11700653547086745,0.21275917812985332
-58.5,3.5,9591,0.15043039543664652,0.20038912480557938,0.14259841930116846,0.31576727744803085
-57.5,3.5,9592,0.16438990523604746,0.2172908752480896,0.20024493599221344,0.31034754130975445
-56.5,3.5,9593,0.1966677096807319,0.27959461880581127,0.22004519087695507,0.2610103052445121
-55.5,3.5,9594,0.218155007745979,0.27350681667306376,0.33366431071774355,0.29833108542061987
-54.5,3.5,9595,0.14027043165498115,0.16374486353224557,0.19507718343585084,0.3157056134214168
-53.5,3.5,9596,0.2625743560422084,0.23161096643654355,0.22698807528395892,0.2817183570496389
-52.5,3.5,9597,0.19121609404150744,0.34888019845460566,0.10450849172446203,0.39006584966989555
-51.5,3.5,9598,0.22863228392235002,0.4364686582980957,0.15646356724001417,0.39531324068573814
-50.5,3.5,9599,0.2835500125672733,0.3731115309502406,0.4776633207095094,0.5221539819546717
-49.5,3.5,9600,0.399027648784379,0.44803280157654507,0.5225588617023188,0.5828049838088472
-48.5,3.5,9601,0.36457131211477195,0.5020592979189274,0.5687576181322181,0.5516887616641767
-47.5,3.5,9602,0.48103825287698,0.5627187832256285,0.6427173052967842,0.639404158092734
-46.5,3.5,9603,0.4025017433336872,0.6118255613122262,0.523205786964148,0.7741835417375852
-45.5,3.5,9604,0.4175829689853784,0.6323782706739124,0.3881503146506417,0.6433947602103874
-44.5,3.5,9605,0.4351633775192735,0.5342965855569825,0.1765795164297976,0.6387655623081038
-43.5,3.5,9606,0.5051742449629677,0.5424674543751284,0.17778366190993086,0.6384277051678195
-42.5,3.5,9607,0.4504044157619431,0.5486860583712249,0.14804857600945953,0.725244050171649
-41.5,3.5,9608,0.479012606526606,0.46037636598759973,0.191038934291373,0.7216892485245233
-40.5,3.5,9609,0.40850951442059724,0.3825032795543392,0.2476327056109565,0.6838260768992331
-39.5,3.5,9610,0.2851531746118249,0.28342627861359676,0.41401882990321726,0.7075644817807771
-38.5,3.5,9611,0.21789652673865492,0.16388334848034689,0.323324846328087,0.7064757265924726
-37.5,3.5,9612,0.2505698705413502,0.04663138859518801,0.2906298775609976,0.6527787967020637
-36.5,3.5,9613,0.24216040782578996,0.07663218712058005,0.28958564030032796,0.7162855512689476
-35.5,3.5,9614,0.2694677200795155,0.05963373842069933,0.38114175532322947,0.7933080799989368
-34.5,3.5,9615,0.2680904991006098,0.08448290007619688,0.5709345713652784,0.5602820060087199
-33.5,3.5,9616,0.26938038425078115,0.09698001681402943,0.5697480668712042,0.8004598223963235
-32.5,3.5,9617,0.2236857134812105,0.14366244171320328,0.5889230031496794,0.8458344412147264
-31.5,3.5,9618,0.3166211399485841,0.16928128719385532,0.5578364491275445,0.7900577803103332
-30.5,3.5,9619,0.4253643169311623,0.23704360425229853,0.45931917994433086,0.7926883134122461
-29.5,3.5,9620,0.43054077089877746,0.5148941138244976,0.2706000525901394,0.7811218147813848
-28.5,3.5,9621,0.37361541839705936,0.4833366402770441,0.17506045375296245,0.6763593994329865
-27.5,3.5,9622,0.4107466904991694,0.38595937757774607,0.13819774013700975,0.544162390805717
-26.5,3.5,9623,0.3602784901148503,0.4555804100630861,0.1459574560149104,0.3441602979125281
-25.5,3.5,9624,0.3175954599365578,0.42550896876333794,0.10984916069858484,0.33571814930144367
-24.5,3.5,9625,0.23813615036930189,0.4085453499320973,0.10830523045847336,0.3520952342209159
-23.5,3.5,9626,0.22449612022599574,0.3496968555934699,0.10280297866974264,0.42780380302207704
-22.5,3.5,9627,0.19474509117307967,0.21929211144382174,0.07917835973518765,0.3886061976113164
-21.5,3.5,9628,0.13260235799294653,0.1903814923570369,0.07636941390693479,0.35642355110185464
-20.5,3.5,9629,0.13239113164236455,0.16474814466451662,0.08466707436945724,0.3649546754936535
-19.5,3.5,9630,0.12278884879281492,0.14993663067230317,0.08487371975330195,0.32098227374050237
-18.5,3.5,9631,0.1360649043964412,0.17606818373771682,0.08991766834726635,0.3146822504940721
-17.5,3.5,9632,0.17293657789645325,0.19063354507645236,0.160125814583652,0.4340669554784007
-16.5,3.5,9633,0.17962319742935218,0.1878069244181486,0.16816862339590471,0.43892942066379265
-15.5,3.5,9634,0.1570782238150311,0.16049495276036455,0.12596548426232307,0.4104486935855352
-14.5,3.5,9635,0.15923378280036293,0.15103391859603907,0.10845280147501404,0.23509661959769393
-13.5,3.5,9636,0.18575367072214896,0.15285619417447174,0.1640076837918973,0.22265047849195602
-12.5,3.5,9637,0.1968874075818853,0.17075201233069948,0.15414306624120316,0.2516728262357963
-11.5,3.5,9638,0.18681292052307602,0.17310597057628102,0.07423263927763582,0.22350184145047935
-10.5,3.5,9639,0.19697301566083306,0.1743028966495554,0.17386837802713695,0.21903402417316414
-9.5,3.5,9640,0.16091481293553866,0.16580605013692473,0.07221937479863498,0.14904912587271438
-8.5,3.5,9641,0.18939928553237356,0.14187235914928367,0.11584066337465576,0.13939477015081356
-7.5,3.5,9642,0.14751493248779873,0.15057070000402217,0.06804132317705072,0.13261554873346473
-6.5,3.5,9643,0.15532477038573075,0.12442109901080059,0.07505268098555228,0.13167316848132715
-5.5,3.5,9644,0.1615042219646456,0.13124074856726306,0.08258147524983284,0.17964344339261148
-4.5,3.5,9645,0.14449536169313137,0.1058722640240479,0.06352308445683759,0.16047183732230996
-3.5,3.5,9646,0.14201922786783674,0.09884504524801675,0.10752697011288016,0.12298020093387721
-2.5,3.5,9647,0.16612964331991903,0.12209022441365487,0.07934310714579984,0.10312109460168008
-1.5,3.5,9648,0.14287474750163148,0.09169567616839808,0.06004957133992204,0.08776702801839664
-0.5,3.5,9649,0.13364890885803027,0.09760263527442839,0.050803909644986565,0.10681091951801384
0.5,3.5,9650,0.09904990915895813,0.1254127516348047,0.05092377306016179,0.0977419951591963
1.5,3.5,9651,0.09951108773532062,0.09931002707821592,0.04914933591736605,0.10545328246815068
2.5,3.5,9652,0.08138106581401859,0.08075993644855958,0.047429281428405544,0.08322926371504855
3.5,3.5,9653,0.07513028343219597,0.09127586171536278,0.044712130564930765,0.08184682367617149
4.5,3.5,9654,0.08095295183946807,0.08173783394935864,0.04976438250426648,0.0899180457368894
5.5,3.5,9655,0.07751590103655014,0.08155248849555677,0.04917891412861324,0.07695044455412826
6.5,3.5,9656,0.07672728184363728,0.09434811291252074,0.04806575578078155,0.06987672318690877
7.5,3.5,9657,0.07355036420106997,0.09101601665948711,0.04569592705137656,0.07760886444439477
8.5,3.5,9658,0.07194007755646951,0.08121284605156391,0.041799068557239555,0.06503122371505567
9.5,3.5,9659,0.04449384487091637,0.047541942367644856,0.033894291418789343,0.050900864518013164
10.5,3.5,9660,0.0469902322549925,0.05329192064923775,0.033482178319307734,0.05076268176269163
11.5,3.5,9661,0.04597272718863871,0.05013420037553761,0.03326616356462773,0.051336883176189355
12.5,3.5,9662,0.05735961755751395,0.06260453255243366,0.04010987987179987,0.06372284933751948
13.5,3.5,9663,0.056298536507652805,0.06681234323754957,0.042304134225448556,0.06942435285870723
14.5,3.5,9664,0.06805452939292503,0.06861068822312161,0.04441686630192224,0.0733611475949017
15.5,3.5,9665,0.0677420850252571,0.06561794693353303,0.04297558267032463,0.07211438217286763
16.5,3.5,9666,0.0739446721099523,0.07672514513319952,0.04343808102626272,0.07186644000193765
17.5,3.5,9667,0.07584349769710111,0.07719805424597645,0.045198177147969434,0.07956436045595741
18.5,3.5,9668,0.08287344568090493,0.08928830743716927,0.059787704479407046,0.09755557749874676
19.5,3.5,9669,0.09241832755386559,0.09500385000232929,0.06070319179527275,0.10593700130973178
20.5,3.5,9670,0.09075800889416313,0.11313317492554407,0.06526790863375646,0.12412201503068367
21.5,3.5,9671,0.08572833038833466,0.09383872693619516,0.055201839480267245,0.11054921621816849
22.5,3.5,9672,0.08547555997333645,0.08726869715132533,0.05292138754841755,0.09396532253350814
23.5,3.5,9673,0.09210762339355855,0.09512895307574847,0.05803103554116027,0.10083521050887745
24.5,3.5,9674,0.06832880550628889,0.07012469271044637,0.04394723777124083,0.07700446303345826
25.5,3.5,9675,0.05944468046373268,0.0683033371130618,0.04097263013943547,0.06532218908655012
26.5,3.5,9676,0.06489750451262058,0.06865273586382234,0.037950848804708046,0.06362730248463021
27.5,3.5,9677,0.061170516077983086,0.06426407459531508,0.03475502602404201,0.06117565320140506
28.5,3.5,9678,0.06064252778488685,0.060028525381447255,0.03334020078313632,0.049517151920050656
29.5,3.5,9679,0.05044541871696157,0.04912607273738222,0.026458722087002944,0.037389849598495346
30.5,3.5,9680,0.047788920327909726,0.0455664138071859,0.026176391347364086,0.03886636537741052
31.5,3.5,9681,0.042378249594031844,0.0443472885118595,0.025834231594725802,0.03941560661271745
32.5,3.5,9682,0.04009719904479875,0.043442576103014253,0.02455988520023847,0.04227928266629951
33.5,3.5,9683,0.036890765094596704,0.04564341475672181,0.026076669683255418,0.044878849384379985
34.5,3.5,9684,0.03977273352530355,0.05002751856497974,0.0264510780787779,0.04282787429358299
35.5,3.5,9685,0.03942753761596001,0.05270092016986329,0.025903931328067807,0.03968958139099617
36.5,3.5,9686,0.03853823583070952,0.05443704014657154,0.024378340165795504,0.03950007832545458
37.5,3.5,9687,0.03886783684363181,0.050386224420887804,0.03089881103312247,0.03881502218905476
38.5,3.5,9688,0.035676031452926006,0.04989259245495905,0.022966828266259114,0.036299876394600875
39.5,3.5,9689,0.03556021606588196,0.05052621725926236,0.022717472005705043,0.037122582532636325
40.5,3.5,9690,0.037596555905778754,0.05146082124575278,0.024225347122266625,0.033752661072415854
41.5,3.5,9691,0.03809303211717506,0.051757198293540876,0.032696026804250926,0.033070181918598875
42.5,3.5,9692,0.03791879125414958,0.050329461874006026,0.03562734822942598,0.034546568409466114
43.5,3.5,9693,0.03705279514630597,0.04617926577427829,0.03971652859299038,0.03394895010593418
44.5,3.5,9694,0.03726187158494804,0.046491785914781855,0.04122699712004387,0.033546833526742086
45.5,3.5,9695,0.03678582495067691,0.04613404409523681,0.03931341097881099,0.031171970647037247
46.5,3.5,9696,0.036640989351537145,0.0459009657704753,0.03676720626528213,0.029633021506336694
47.5,3.5,9697,0.03630909354849433,0.04544629055754368,0.034425531777195276,0.028541759324378132
48.5,3.5,9698,0.03659681966852911,0.046674295337516394,0.03205655324082626,0.028745353439115492
49.5,3.5,9699,0.035251518697802284,0.04696642358960206,0.030205575413161927,0.02878603929225185
50.5,3.5,9700,0.03302663569812924,0.047676243215201024,0.02272104391643981,0.028742156110629215
51.5,3.5,9701,0.03315771630233456,0.047049678572843,0.030603692861623094,0.028486296263372155
52.5,3.5,9702,0.034902524310198135,0.04671612437482849,0.028720289161492843,0.028400526258786772
53.5,3.5,9703,0.039051624210366946,0.04554236055983935,0.028125068714236375,0.027376955885569893
54.5,3.5,9704,0.03947727870547907,0.046083278060577874,0.027924766302725272,0.027557312682384306
55.5,3.5,9705,0.04314298143313639,0.04591400244036707,0.029424882957329774,0.02799842465555728
56.5,3.5,9706,0.045368076998464596,0.04648915567255718,0.02846200511971582,0.028448847097128287
57.5,3.5,9707,0.046160299072111013,0.045837810187843164,0.028502147072914055,0.02804516166954293
58.5,3.5,9708,0.049157175863060495,0.04589322044501158,0.02882359741112972,0.0272378453504051
59.5,3.5,9709,0.050939736381633266,0.04639277973411192,0.020812148617848473,0.027787944273167067
60.5,3.5,9710,0.04236340554404166,0.04584681443516062,0.027423767333132718,0.027184654715884646
61.5,3.5,9711,0.03690901873947276,0.04813650398929917,0.027163060867991362,0.027712979147815082
62.5,3.5,9712,0.03518801096469781,0.045596106477184144,0.020499713441734492,0.02502265851488211
63.5,3.5,9713,0.036314052889073696,0.04609007103893013,0.020184987450992762,0.02854885517935071
64.5,3.5,9714,0.03298149304763011,0.046282272523100326,0.0269848484844181,0.026548303310269382
65.5,3.5,9715,0.03278404256846103,0.04789194389432051,0.02057319377260191,0.02584606316852935
66.5,3.5,9716,0.034185876188385644,0.05026954511092251,0.028206214312233427,0.025131279113988252
67.5,3.5,9717,0.03047278714868285,0.050304395077367246,0.021497241642130172,0.02413807421541057
68.5,3.5,9718,0.029655350559877704,0.05102099749868486,0.02254511143685727,0.02242296555286421
69.5,3.5,9719,0.02809111781845039,0.0526060498181707,0.03067466434708675,0.022452292216738882
70.5,3.5,9720,0.028643380541299876,0.056836348672337215,0.024037089846939752,0.023324150244613973
71.5,3.5,9721,0.028285834423104724,0.06336278547222106,0.027501250145457994,0.020377307449827436
72.5,3.5,9722,0.02683293247572248,0.05884817554605258,0.03020975960537381,0.021361089628147405
73.5,3.5,9723,0.026154595326938913,0.05828205189744284,0.02949958733428788,0.02072986147748443
74.5,3.5,9724,0.026627938368721193,0.052274862684362544,0.028728901698516718,0.01866773497932615
75.5,3.5,9725,0.0238588794005231,0.050529384517110414,0.024661017918813467,0.017857421697845186
76.5,3.5,9726,0.02474129273815051,0.05180299685174225,0.015749370206991114,0.018661977177445655
77.5,3.5,9727,0.024703528827638318,0.04691789826862354,0.02123140882776634,0.01814105555591428
78.5,3.5,9728,0.02752247260686301,0.04704353187066242,0.020807906154031195,0.02016849641370311
79.5,3.5,9729,0.028545730474004747,0.036771385356223686,0.01516844198739963,0.020649497667806833
80.5,3.5,9730,0.03557546650147071,NA,0.015265469780665902,0.021643609861133156
81.5,3.5,9731,0.03619149660680425,NA,0.02011217871848959,0.01902125242554823
82.5,3.5,9732,0.04866031476680684,NA,0.028113387151801825,0.027654211415882576
83.5,3.5,9733,0.04750330004515297,NA,0.030787390035694223,0.026829042863660328
84.5,3.5,9734,0.047768518897418503,NA,0.021735131356687518,0.027998512927295147
85.5,3.5,9735,0.057253270941626376,NA,0.029198800171770834,0.026643068252096974
86.5,3.5,9736,0.05036094559581222,NA,0.02861000695110622,0.03050764331797522
87.5,3.5,9737,0.05857329756964975,NA,0.03302274556378836,0.03294580483314835
88.5,3.5,9738,0.05897688908115924,NA,0.028349859615549946,0.032812389070723494
89.5,3.5,9739,0.04213018018285808,NA,0.032403955586580005,0.025586806222032497
90.5,3.5,9740,0.0408468161903533,NA,NA,0.024341104389978628
91.5,3.5,9741,0.040129953577402136,NA,NA,0.02509669436711541
92.5,3.5,9742,0.035386048364424647,NA,NA,0.02678972900107491
93.5,3.5,9743,0.03147748998088333,NA,NA,0.02800992950525209
94.5,3.5,9744,0.02964272435578961,NA,NA,0.026084561462806306
95.5,3.5,9745,0.029071711846232126,NA,NA,0.025773183716259123
96.5,3.5,9746,0.038466373392814106,NA,NA,0.029411934949240413
97.5,3.5,9747,0.04231526893481606,NA,NA,0.04358860088993184
98.5,3.5,9748,0.03937864586640502,NA,NA,0.037657327854023474
99.5,3.5,9749,0.04229547143151521,NA,NA,0.036238546494848534
100.5,3.5,9750,0.0442058859990219,NA,0.025910434272191078,0.04759237360839428
101.5,3.5,9751,0.03660838126844726,NA,0.06457166282577004,0.045281673002790256
102.5,3.5,9752,0.03354842576575559,NA,0.07482139722855995,0.04624509298710485
-119.5,4.5,9765,0.035631862162432915,0.06558887981903003,NA,0.0668418915595577
-118.5,4.5,9766,0.03822559813096602,0.0666236404072087,NA,0.07784405368367917
-117.5,4.5,9767,0.04660790955186113,0.06836998524010228,NA,0.07128543020683424
-116.5,4.5,9768,0.04889964854954874,0.09501318281655792,NA,0.06875734450650778
-115.5,4.5,9769,0.059890055303694206,0.1444028051916676,NA,0.08620621316465284
-114.5,4.5,9770,0.05267516418721407,0.1376997231518602,NA,0.08661538485077051
-113.5,4.5,9771,0.060619444638759006,0.14930820776332956,NA,0.10475692563665193
-112.5,4.5,9772,0.07254698034315579,0.12959559082059333,NA,0.10841541887974299
-111.5,4.5,9773,0.08457403007723345,0.19446549090370835,NA,0.1410202867702719
-110.5,4.5,9774,0.09033553337636846,0.18894529976459157,NA,0.24327511379552166
-109.5,4.5,9775,0.12591654107723377,NA,NA,0.35574808443489037
-108.5,4.5,9776,0.13119940147877945,NA,NA,0.273943988531668
-107.5,4.5,9777,0.13672782340480713,NA,NA,0.1046288817795629
-106.5,4.5,9778,0.1947563554608749,NA,NA,0.11236846577668866
-105.5,4.5,9779,0.1833884808576685,NA,NA,0.10814636194381343
-104.5,4.5,9780,0.15980924898374055,NA,NA,0.09547833742456184
-103.5,4.5,9781,0.13990036431826103,NA,NA,0.0788182869452837
-102.5,4.5,9782,0.142885942292233,NA,NA,0.10991500185410694
-101.5,4.5,9783,0.13250994437215277,NA,NA,0.10068141751724449
-100.5,4.5,9784,0.1500088360209299,NA,NA,0.10753871889213075
-99.5,4.5,9785,0.15346871705452425,0.08093665626069292,0.07205353713784021,0.10890072792705317
-98.5,4.5,9786,0.12727686601219557,0.04528807792200129,0.07042309480971862,0.10281454457645704
-97.5,4.5,9787,0.11502164826355178,0.04196685197414125,0.07258081459689986,0.10699963406335326
-96.5,4.5,9788,0.11266234114877022,0.03906829555461118,0.06578234614178313,0.12300762061110429
-95.5,4.5,9789,0.11251366289645041,0.04010723323148004,0.057986835492575634,0.13669334339979333
-94.5,4.5,9790,0.09655623965319651,0.04293453564126427,0.06744934363580163,0.1271170957334622
-93.5,4.5,9791,0.06957357497236749,0.03846845392689828,0.05162899665766208,0.11855452529361939
-92.5,4.5,9792,0.04975956063037836,0.03874251484714101,0.047186568533266776,0.09222579692386851
-91.5,4.5,9793,0.04155301759449731,0.03567417954602697,0.03574200939234301,0.08088709925062845
-90.5,4.5,9794,0.05676731385189381,0.042225510490643346,0.041005854245535364,0.07057590345472196
-89.5,4.5,9795,0.06391031475158378,NA,0.03312305616618566,0.07779593517976217
-88.5,4.5,9796,0.05339580341644964,NA,0.03558717900311982,0.0784437350259205
-87.5,4.5,9797,0.04198035972891613,NA,0.023312950273300437,0.05604903594124474
-86.5,4.5,9798,0.04676549438728034,NA,0.027678734652407055,0.057164359260021974
-85.5,4.5,9799,0.059281105051958355,NA,0.07223940248094526,0.09426315775952224
-84.5,4.5,9800,0.06753973351855086,NA,0.019136035284093324,0.06564862119140676
-81.5,4.5,9801,0.09152459050803648,NA,0.03172677700739238,0.06969905010615764
-80.5,4.5,9802,0.05022801911187617,NA,0.055193322275685595,0.06938659129182222
-79.5,4.5,9803,0.02590591760428476,0.04299496179146442,0.08201464369251395,0.04362203133425057
-76.5,4.5,9804,0.018341867225660044,0.015556446063816459,0.03635818834293176,0.01937260766124343
-75.5,4.5,9805,0.03024976817931695,0.07117863014283976,0.07469847466159378,0.033838407676822835
-74.5,4.5,9806,0.031326189170580235,0.05367813081483573,0.04026580822230309,0.05123097153234533
-73.5,4.5,9807,0.03392198504506768,0.06834946885338025,0.020774819065314937,0.07504356842512266
-72.5,4.5,9808,0.034301527170503734,0.05577310589658393,0.04548994338824776,0.0419669559189079
-71.5,4.5,9809,0.03278123713115135,0.05152634183166682,0.058046134315508834,0.03673529778254098
-70.5,4.5,9810,0.038196668729607926,0.05667702831546482,0.0627774990446513,0.052494543784119704
-69.5,4.5,9811,0.049068310878579526,NA,0.051282423665843256,0.05427522885136776
-68.5,4.5,9812,0.04821076709063292,NA,0.05272334050201418,0.0407780788686591
-67.5,4.5,9813,0.06481412908816075,NA,0.05723421796288455,0.04878155664216821
-66.5,4.5,9814,0.08486203019371492,NA,0.05989113524931717,0.04838738208716723
-60.5,4.5,9815,0.22333348864038657,NA,0.4164672944349329,0.4669969024281668
-59.5,4.5,9816,0.15341166713287463,0.27469887295549433,0.27796806678673125,0.22950509339754044
-58.5,4.5,9817,0.1967092963382968,0.2791021022636145,0.38421557557241803,0.2854231782930719
-57.5,4.5,9818,0.21419533520199915,0.2521698366102576,0.3784687259361876,0.2733886834722704
-56.5,4.5,9819,0.26817032122840034,0.1912508057242481,0.4142899882316287,0.29306972557019345
-55.5,4.5,9820,0.24865875645118143,0.24013246644874764,0.124255222225377,0.40866785663545574
-54.5,4.5,9821,0.24758180297722293,0.25358891684595974,0.28897965819109667,0.21720054019689472
-53.5,4.5,9822,0.2437434362641983,0.2299969015385433,0.27112676753876935,0.28640115858092186
-52.5,4.5,9823,0.22716740932775456,0.27451750925066365,0.11376138259660969,0.3225062405927505
-51.5,4.5,9824,0.25560227788124973,0.3981260294828549,0.35418749647869824,0.4776469936156493
-50.5,4.5,9825,0.21397770487080678,0.4585968883482106,0.19357545870810067,0.4542601594670397
-49.5,4.5,9826,0.3487287979496287,0.46130159201492976,0.4719121783676489,0.6780240152235845
-48.5,4.5,9827,0.2969979031019414,0.5207201884722625,0.4880958208190008,0.5272634578493596
-47.5,4.5,9828,0.30440923576511547,0.5698324890219135,0.505341739857627,0.5691020219633399
-46.5,4.5,9829,0.37079792283660473,0.5742664895516473,0.4445469751141225,0.6755806791218618
-45.5,4.5,9830,0.3411397084274708,0.48799151468425744,0.42072770234258855,0.6990714856123033
-44.5,4.5,9831,0.3414764349727772,0.4379075046806018,0.44641927421170113,0.6794412260049469
-43.5,4.5,9832,0.33184086309364874,0.4403019416655243,0.17938362637907004,0.692948214114286
-42.5,4.5,9833,0.30240593976274316,0.44887074722540843,0.25053837650978683,0.5990407156156975
-41.5,4.5,9834,0.2436989751987432,0.42880695351364645,0.112552609455094,0.49841536552366505
-40.5,4.5,9835,0.2831951285882022,0.36942822658404706,0.1406391663658568,0.46086583859269586
-39.5,4.5,9836,0.25503863839343777,0.28705351199793655,0.13344581149082282,0.3875444587131089
-38.5,4.5,9837,0.29796724379368467,0.2420248472396403,0.18737354360451108,0.37902393448962796
-37.5,4.5,9838,0.310869939660471,0.22428604251412573,0.17617392116519556,0.49074713662795194
-36.5,4.5,9839,0.3247017954090282,0.2003519154042706,0.2245826236364973,0.598565396057935
-35.5,4.5,9840,0.3863454710820505,0.15969002669556506,0.20858380796140005,0.6765691223732132
-34.5,4.5,9841,0.4027759590125122,0.17838642396503412,0.38287320343821574,0.6408345096937823
-33.5,4.5,9842,0.4496941895631499,0.17553515892801055,0.27259383841614726,0.6779812166970939
-32.5,4.5,9843,0.5335981867909058,0.21153429312132896,0.47924783770497686,0.6832096251213355
-31.5,4.5,9844,0.45595888031266835,0.30309219450288216,0.1501775666966057,0.7163182362128633
-30.5,4.5,9845,0.19814512782980062,0.21854708654521546,0.1793875566765989,0.46981397987771106
-29.5,4.5,9846,0.20738483169882552,0.25646677260745343,0.14278203062746964,0.45898751015000855
-28.5,4.5,9847,0.28309566784683315,0.41636492378459217,0.19545650805862938,0.4811777655761371
-27.5,4.5,9848,0.18314496901638136,0.37245782982395975,0.20671215867525497,0.39516049571857803
-26.5,4.5,9849,0.2299124339937067,0.387789943842602,0.1718065301011737,0.4638349881596434
-25.5,4.5,9850,0.1773828819670743,0.2837803080190481,0.12319056958812097,0.4236256821186727
-24.5,4.5,9851,0.17094491951373214,0.27652471471424517,0.10874211961909838,0.4107132833768344
-23.5,4.5,9852,0.19499759890028623,0.21460177120591392,0.11628140482622258,0.35074543634614125
-22.5,4.5,9853,0.1886057711196379,0.19942719973497242,0.09253063264621006,0.3196368543368849
-21.5,4.5,9854,0.23322885772931545,0.26574766020881524,0.09892017117045673,0.39906517941027847
-20.5,4.5,9855,0.17593990241976049,0.19452953094736877,0.06755301330107047,0.19964185783934288
-19.5,4.5,9856,0.19142656925848112,0.19353350747844317,0.0647546052240786,0.2084661434111247
-18.5,4.5,9857,0.24548415751043137,0.21783421890448573,0.06327404780304366,0.20601846485161376
-17.5,4.5,9858,0.2305622148642911,0.2523846253076604,0.06608753498300408,0.2017719995958391
-16.5,4.5,9859,0.1999844577981356,0.2187060769131628,0.06319203640883625,0.23947723107665156
-15.5,4.5,9860,0.1943446622538487,0.19108770018454552,0.06034991145305256,0.21135685670663754
-14.5,4.5,9861,0.15632086943425277,0.1323096491944117,0.05630344682977256,0.16196617133605515
-13.5,4.5,9862,0.19624701813060944,0.1967869424334742,0.06533768315696097,0.24911891215065438
-12.5,4.5,9863,0.212423006955875,0.17202423793259475,0.06690657032641413,0.2854613826866651
-11.5,4.5,9864,0.2016947241781587,0.21640763943888186,0.08607413190345652,0.32995922880382167
-10.5,4.5,9865,0.261553231128569,0.1679684714007996,0.1664142470811053,0.2537976304422862
-9.5,4.5,9866,0.2250552723393901,0.15226055400176258,0.07656972577033963,0.14862074678942958
-8.5,4.5,9867,0.22989603999359592,0.151609634846889,0.07407913098111607,0.15552509270166148
-7.5,4.5,9868,0.18678215512489246,0.1395960552900776,0.155208890902689,0.1555555775513546
-6.5,4.5,9869,0.24570225425604175,0.15817218423344775,0.14846151430264973,0.1544265157514531
-5.5,4.5,9870,0.26706704313349494,0.15071855153094815,0.07036760791649699,0.21448769119241318
-4.5,4.5,9871,0.19583013048040254,0.1269277889514445,0.06118084154882152,0.1656557740663518
-3.5,4.5,9872,0.1882775051534868,0.12452323617456657,0.06588308409258044,0.1669663647509318
-2.5,4.5,9873,0.1432433480629359,0.092801902278247,0.052363754858067005,0.1487791688718972
-1.5,4.5,9874,0.1629711173058471,0.10882014372356254,0.06612996778797585,0.1664233366054748
-0.5,4.5,9875,0.14204800029566553,0.09006722640232448,0.07321721705232523,0.10054314583966077
0.5,4.5,9876,0.1458515630055766,0.08962922168781767,0.05577978262871827,0.1568081663531204
1.5,4.5,9877,0.13177606986889068,0.08796377346754093,0.05271133262658234,0.13896150712127353
2.5,4.5,9878,0.1305071373065952,0.09975158661374871,0.05781488211637642,0.14981378583095437
3.5,4.5,9879,0.10619656529874083,0.09788488113075765,0.06378492900103029,0.13575092815062823
4.5,4.5,9880,0.09497942700560864,0.09298178548074854,0.0756624620599929,0.1020618560289458
5.5,4.5,9881,0.0922053472125557,0.08930083168104859,0.0527119142101218,0.08716597054921733
6.5,4.5,9882,0.08821202529542795,0.08531695988894944,0.0534535723099199,0.08171784606585293
7.5,4.5,9883,0.09732387136088949,0.09255099517090058,0.05981143562314657,0.07405696583180871
8.5,4.5,9884,0.08114552764871433,0.07130832619793508,0.04653843379598659,0.06171058462279959
9.5,4.5,9885,0.07539504809268197,0.06476483781000626,0.04821764827340045,0.06558208556192814
10.5,4.5,9886,0.08528579668047989,0.0702713835750923,0.05195601898264055,0.07261824385359777
11.5,4.5,9887,0.06251557490155621,0.0629077380284418,0.04449673030970847,0.06311331433656403
12.5,4.5,9888,0.08353444829735555,0.07793438308361747,0.04848453385780502,0.0768391171209254
13.5,4.5,9889,0.07036988486565889,0.08176928376809335,0.05114938162398483,0.08252703293685988
14.5,4.5,9890,0.07782848174481893,0.08819850010429657,0.051578920693219704,0.08403476920904014
15.5,4.5,9891,0.0730309892770567,0.08783451157744296,0.04681380953570283,0.07617668314916151
16.5,4.5,9892,0.09315807179681773,0.1375825880404192,0.054511631671644835,0.09824654862101843
17.5,4.5,9893,0.08979190753559188,0.1111708191743109,0.052085811918361626,0.10143464797871679
18.5,4.5,9894,0.08372490282951273,0.11735634499171062,0.052323407818018995,0.09092889469294302
19.5,4.5,9895,0.0904750074115854,0.14748000852945703,0.05286357960201153,0.13550771408353876
20.5,4.5,9896,0.09636659324502292,0.1219455445433564,0.049667217739333344,0.10275916342315691
21.5,4.5,9897,0.09890170111928466,0.12157078001866213,0.055125228843906804,0.1158815012764673
22.5,4.5,9898,0.1072606872267803,0.10948221083998928,0.051624968237508694,0.11441101721997171
23.5,4.5,9899,0.08902274210357873,0.08626082728876905,0.04315269195922598,0.08678195154878518
24.5,4.5,9900,0.08675711526040658,0.08663352389421725,0.043954472592391644,0.08479790472571379
25.5,4.5,9901,0.08863653024594624,0.08628301104764853,0.04374574764011631,0.08737878144949714
26.5,4.5,9902,0.08279105427773926,0.08103357911575122,0.041708812063830085,0.07637987897166755
27.5,4.5,9903,0.07430964635036849,0.0710953267638941,0.03920516721913216,0.08039521263452078
28.5,4.5,9904,0.05790319636188921,0.055124714188033504,0.03163500408221732,0.06370531844717289
29.5,4.5,9905,0.056654475739063556,0.05345350180338105,0.03118449304996072,0.05975337717525872
30.5,4.5,9906,0.05530806639445265,0.05685482499887794,0.031593807538478104,0.053065292751454524
31.5,4.5,9907,0.054397661848425365,0.055832348068024625,0.028428986582705262,0.043910732350908366
32.5,4.5,9908,0.05002667500308569,0.05483725812498666,0.04260122550394934,0.040924066864626976
33.5,4.5,9909,0.04985967243362783,0.0654755252845636,0.03046532358393192,0.04167209327335377
34.5,4.5,9910,0.04452155158642152,0.06425672166613845,0.02803516868130578,0.03895297563288748
35.5,4.5,9911,0.045685667549731065,0.060842821228653816,0.02771762999808303,0.03802102686020473
36.5,4.5,9912,0.04314332664664675,0.05822889913595848,0.027973361869800446,0.04132274883561868
37.5,4.5,9913,0.04566893655621915,0.057614076593313066,0.028333017165084098,0.037965494406633854
38.5,4.5,9914,0.039437764487387304,0.05799149021100859,0.0273952644655389,0.037669922990601554
39.5,4.5,9915,0.03860279389627458,0.05912087265434611,0.041620101303857765,0.03871282954559865
40.5,4.5,9916,0.040920565193598005,0.057692325417451,0.02962314788554363,0.038914633091924014
41.5,4.5,9917,0.03808751039149185,0.059868367428803755,0.04057717857331712,0.03527531745832335
42.5,4.5,9918,0.03816973013186836,0.05922925285467554,0.03522782245882637,0.0362759241023984
43.5,4.5,9919,0.0390495238734209,0.05952983376158517,0.026378001097760125,0.0336890223546167
44.5,4.5,9920,0.04240877770339411,0.058634966162687194,0.03488041598583002,0.032932212228076706
45.5,4.5,9921,0.041969556138036476,0.058399707903737004,0.03493629476844746,0.03460357795641613
46.5,4.5,9922,0.04144211343254494,0.05787341099197499,0.03448990093866577,0.03536409808419316
47.5,4.5,9923,0.04072209078480781,0.05704291263798412,0.025467049653190087,0.03562557309017233
48.5,4.5,9924,0.04093123197913717,0.05745184602706384,0.025443933460129638,0.03552096620992676
49.5,4.5,9925,0.0432922100968016,0.05794839235764744,0.033229818957829574,0.03527514559692776
50.5,4.5,9926,0.03998861114721862,0.05882020464679133,0.03357249339625032,0.034252029489140745
51.5,4.5,9927,0.03931729449951747,0.055748475416402446,0.03659288813792165,0.033666166856035934
52.5,4.5,9928,0.04352077056439271,0.05485942793764887,0.03295720043739478,0.031851985513678474
53.5,4.5,9929,0.04144242430328389,0.054042714684051286,0.031983179551842614,0.028946222150340987
54.5,4.5,9930,0.041844364151381194,0.05333015928158079,0.0320953367157117,0.028883150818865794
55.5,4.5,9931,0.040551365059491855,0.051820603653368276,0.03322727550669634,0.0290503969684814
56.5,4.5,9932,0.04000369142569601,0.05071830871174695,0.023507933319346384,0.03107321232647544
57.5,4.5,9933,0.04219974426921337,0.05302793809293039,0.023535752761650226,0.03202088337755023
58.5,4.5,9934,0.04917428572978687,0.060511415186396994,0.025442407572773062,0.03515040987298827
59.5,4.5,9935,0.0441688613412077,0.05291126949596619,0.03390852979417273,0.03433553174292533
60.5,4.5,9936,0.045072513843371916,0.05063275747925209,0.034653088387701966,0.03152482413369599
61.5,4.5,9937,0.03840267342596549,0.050188729969245185,0.030357833013410666,0.03477442057609419
62.5,4.5,9938,0.04090093595140818,0.05002816312219701,0.03006926740255677,0.03234908609588262
63.5,4.5,9939,0.04106729170513139,0.045018687496908745,0.02297759498711032,0.03266981060324761
64.5,4.5,9940,0.04596017617407958,0.04916513530430932,0.025600085119916568,0.036862331740278934
65.5,4.5,9941,0.05251092128556112,0.054841122494530214,0.024786891326409658,0.030632665855333575
66.5,4.5,9942,0.04448726958552664,0.04595448771981854,0.031423881255157084,0.028912372408755358
67.5,4.5,9943,0.03720993596790367,0.045627464792064025,0.023421550157291894,0.027538837319975216
68.5,4.5,9944,0.03841078257062838,0.046168895739278557,0.023870024066052584,0.027705523807072675
69.5,4.5,9945,0.0363731981396474,0.046167865347424196,0.023681950684646937,0.025015662276238977
70.5,4.5,9946,0.037470867837445285,0.04365138976035397,0.021181410121314467,0.02027465229529043
71.5,4.5,9947,0.039524341181284325,0.0400073826874492,0.021067223927326427,0.04789890084442209
72.5,4.5,9948,0.03937976750029465,0.03953099119098846,0.020929501375309655,0.018648502076947775
73.5,4.5,9949,0.03931413287425542,0.039890709958450385,0.015307001123060273,0.02331281661552015
74.5,4.5,9950,0.04103486602505832,0.04203914993538441,0.014358560199788324,0.024812122200278057
75.5,4.5,9951,0.036453553638019935,0.041490454470696526,0.01442095677150037,0.02329612918897122
76.5,4.5,9952,0.03467924902694833,0.04075119771134719,0.014640022434365222,0.0215470313678769
77.5,4.5,9953,0.03265088522664093,0.03816105817292532,0.015772006529977012,0.019159262889775017
78.5,4.5,9954,0.030288979602795217,0.033667310124341245,0.02179261641263358,0.02132005176307051
79.5,4.5,9955,0.03165374330937194,0.0352377569462645,0.016887167105498892,0.020717541053149557
80.5,4.5,9956,0.029060153363144416,NA,0.018059677118205462,0.02019370603944193
81.5,4.5,9957,0.030184638799895826,NA,0.022310593924413667,0.01956718116240921
82.5,4.5,9958,0.03540459072107462,NA,0.02544333180669951,0.0214458256699747
83.5,4.5,9959,0.04049499344881941,NA,0.030329766083161118,0.027002819496144956
84.5,4.5,9960,0.05804100391605514,NA,0.03150057255891727,0.030560180074640498
85.5,4.5,9961,0.056631020961761175,NA,0.023275538564173665,0.03209651804431424
86.5,4.5,9962,0.0745950103592204,NA,0.03283124084725919,0.034661463012247894
87.5,4.5,9963,0.0751918998223346,NA,0.03481985278906929,0.03544400512070083
88.5,4.5,9964,0.05402212004342203,NA,0.039747294164180394,0.03562186161057251
89.5,4.5,9965,0.050265667131464124,NA,0.035647125563300484,0.034093072267559414
90.5,4.5,9966,0.04398836398238681,NA,NA,0.035753493769038615
91.5,4.5,9967,0.04903251833018333,NA,NA,0.04259874362436793
92.5,4.5,9968,0.04393096701389818,NA,NA,0.042839025214384804
93.5,4.5,9969,0.053680583333763,NA,NA,0.04866782027520823
94.5,4.5,9970,0.038689210575081324,NA,NA,0.04045608708676471
95.5,4.5,9971,0.029191407586259776,NA,NA,0.03301597963567976
96.5,4.5,9972,0.04080178385385019,NA,NA,0.03784101489141577
97.5,4.5,9973,0.04315131183456587,NA,NA,0.03539822953250665
98.5,4.5,9974,0.04164478052096747,NA,NA,0.04767965302714957
99.5,4.5,9975,0.039199194918897035,NA,NA,0.04241090831501866
100.5,4.5,9976,0.042433872060278224,NA,0.028592450449324264,0.049029378433095294
101.5,4.5,9977,0.04332179781881604,NA,0.042356607229164144,0.0613195196021592
102.5,4.5,9978,0.05620108440851893,NA,0.16149006056229695,0.1443388770768556
-119.5,5.5,9990,0.03221774783923471,0.06479669750520117,NA,0.04971014268811603
-118.5,5.5,9991,0.035351540207592014,0.06571714618106105,NA,0.054377680424783845
-117.5,5.5,9992,0.03884467562755645,0.06459467682032866,NA,0.07554104104388461
-116.5,5.5,9993,0.05267322622003748,0.06879468110128022,NA,0.09955838875438931
-115.5,5.5,9994,0.05529728482741932,0.07789954014331285,NA,0.0819937762682841
-114.5,5.5,9995,0.05577506837711734,0.0772563323259176,NA,0.09568590742521015
-113.5,5.5,9996,0.06196064482509879,0.12005073113623271,NA,0.1377009816596571
-112.5,5.5,9997,0.06828390748663223,0.13736097307821987,NA,0.19565954642057673
-111.5,5.5,9998,0.07386147706109197,0.14657325557570897,NA,0.17777242508065239
-110.5,5.5,9999,0.0878954349426369,0.17888624398380681,NA,0.14969000672777863
-109.5,5.5,10000,0.12566643428508711,NA,NA,0.18551202973907988
-108.5,5.5,10001,0.21551893495048371,NA,NA,0.18551696247013352
-107.5,5.5,10002,0.24347636620630453,NA,NA,0.17277062168744337
-106.5,5.5,10003,0.1944498907125464,NA,NA,0.12409674093568386
-105.5,5.5,10004,0.2046172691066758,NA,NA,0.11607215036076866
-104.5,5.5,10005,0.16760980467348566,NA,NA,0.13133089064464123
-103.5,5.5,10006,0.14380036977365826,NA,NA,0.1027263348156679
-102.5,5.5,10007,0.11764701557260392,NA,NA,0.09713961718381077
-101.5,5.5,10008,0.09255843087294108,NA,NA,0.14553539994193063
-100.5,5.5,10009,0.09973874172506278,NA,NA,0.2322581324655989
-99.5,5.5,10010,0.09357660515802838,0.05074813270221244,0.12501599615233855,0.2231729102093777
-98.5,5.5,10011,0.09137375120807971,0.0594378726708748,0.09450030244474195,0.1515316324700346
-97.5,5.5,10012,0.08757434582013279,0.05717586503174457,0.08098580660826213,0.1494865917897814
-96.5,5.5,10013,0.11638369867737591,0.06733324879478844,0.09447056415151633,0.13713817646968723
-95.5,5.5,10014,0.06995436318914669,0.04351530524748575,0.08014991630543601,0.12195438629613312
-94.5,5.5,10015,0.06551166677135993,0.038958684167272245,0.0825676409386116,0.14273591716361866
-93.5,5.5,10016,0.06618263866685917,0.02872246858574634,0.0689549075581337,0.14856785795230507
-92.5,5.5,10017,0.06087451642644345,0.025579639841742503,0.058048554771259635,0.12641432546534298
-91.5,5.5,10018,0.04576147839183273,0.026888180633664705,0.03906134847853981,0.08501048384731054
-90.5,5.5,10019,0.042258294413835606,0.028410419630527,0.04276903440932158,0.08705116605851353
-89.5,5.5,10020,0.04253369881951061,NA,0.03515738663388047,0.05724895388266347
-88.5,5.5,10021,0.06912232690007701,NA,0.03661223752397202,0.07477429637196083
-87.5,5.5,10022,0.08630140955690233,NA,0.04810756899546372,0.06469430338639735
-86.5,5.5,10023,0.06810565511895171,NA,0.04346010002538371,0.09055440130423194
-85.5,5.5,10024,0.07413479858879149,NA,0.061308268767275055,0.06628384936975235
-83.5,5.5,10025,0.12672173244047039,NA,0.07865611385777069,0.07112892085572715
-82.5,5.5,10026,0.14696745904002362,NA,0.06640828489165122,0.107720384603061
-81.5,5.5,10027,0.093895901430112,NA,0.0544700094282773,0.07426987128538662
-80.5,5.5,10028,0.06943165569265156,NA,0.052903367262990095,0.048416631190221486
-76.5,5.5,10029,0.03373019670324073,0.02088484911026289,0.09973529073871769,0.03417096535422985
-75.5,5.5,10030,0.024486378082838923,0.050915840779609436,0.05375700858989966,0.030258437379145697
-74.5,5.5,10031,0.026888911688903686,0.038217288098141934,0.039982880255575004,0.050201925249706694
-73.5,5.5,10032,0.03090418157802089,0.06153642035144152,0.0513694862201685,0.039056408658631914
-72.5,5.5,10033,0.039210475783393026,0.10173957096079238,0.02768411948903488,0.04162803914280595
-71.5,5.5,10034,0.047113691567239595,0.07777426162931804,0.06252806717484008,0.047608735124839104
-70.5,5.5,10035,0.04785282599904784,0.07926067142013597,0.053761638097193615,0.07419607419653193
-69.5,5.5,10036,0.049810948976610384,NA,0.06567683956572132,0.05403473085119596
-68.5,5.5,10037,0.06765403589451023,NA,0.06631039863951821,0.06002935678093612
-67.5,5.5,10038,0.07346893276352394,NA,0.08023963407670373,0.08453385629701453
-66.5,5.5,10039,0.10050711185661021,NA,0.10929515199715645,0.10491188921092151
-65.5,5.5,10040,0.10248354823784551,NA,0.06713845795353597,0.1487456173604029
-60.5,5.5,10041,0.04240852019520876,NA,0.26866038387146174,0.05477604013064149
-59.5,5.5,10042,0.12727091958745118,0.27103058224010357,0.2678553425147045,0.20946417332314057
-58.5,5.5,10043,0.17079109253048316,0.22175380829841893,0.24025788641661636,0.23272748517621006
-57.5,5.5,10044,0.26077795908839935,0.2919863392270038,0.31175703680098177,0.5509937744117209
-56.5,5.5,10045,0.290987781024302,0.22372272251891584,0.2815054239323742,0.5042535820609585
-55.5,5.5,10046,0.30596810300410854,0.18042413832378784,0.24636211163904392,0.29106220587034193
-54.5,5.5,10047,0.15316669926022072,0.24418823890000632,0.07138689151135053,0.40250912917851217
-53.5,5.5,10048,0.16968426022054048,0.3344299969610948,0.06821748460515571,0.24451850183846532
-52.5,5.5,10049,0.278544445367671,0.22937839004087554,0.09168094558923734,0.31802138862262663
-51.5,5.5,10050,0.20628445739105136,0.2760167801557041,0.10299104095693264,0.3487933621483012
-50.5,5.5,10051,0.22918830805039347,0.2617745509525855,0.2581087433744849,0.22130533612598124
-49.5,5.5,10052,0.3781352607233129,0.3661728678413334,0.28024592750623495,0.4299288177047928
-48.5,5.5,10053,0.3384965988366409,0.42417396684554987,0.26467111217515993,0.2916892707082098
-47.5,5.5,10054,0.38057656634090314,0.46577321098123475,0.4096608289333361,0.3366341885062365
-46.5,5.5,10055,0.3925551156744616,0.5309344236559503,0.3857918995602197,0.5213000311106272
-45.5,5.5,10056,0.4054429430367098,0.5369697384557223,0.45584676761503606,0.5742726492847896
-44.5,5.5,10057,0.38784250663091013,0.5589623672015875,0.4749607392770781,0.5994722939285871
-43.5,5.5,10058,0.330348853699107,0.4411606471201261,0.394082212101551,0.5777091099449891
-42.5,5.5,10059,0.31758526572405243,0.36535125521617784,0.3836087971575553,0.569540028431038
-41.5,5.5,10060,0.21461673109753612,0.2767721185160358,0.16206354525420152,0.5983202355064203
-40.5,5.5,10061,0.29544632865746345,0.2617813523181319,0.16362830397119593,0.363331677299256
-39.5,5.5,10062,0.2823465372886655,0.25859301233376925,0.14212745680974329,0.39259116847217645
-38.5,5.5,10063,0.27532167715786193,0.2684772916627266,0.30616544842513443,0.575763337621086
-37.5,5.5,10064,0.18875760565158034,0.2099906049965471,0.10950000993451557,0.5370934674017148
-36.5,5.5,10065,0.16844643895510764,0.20220529198405138,0.2328783560341182,0.5066274655234313
-35.5,5.5,10066,0.18005983889620608,0.18626247296277373,0.24364097602349374,0.43949396585010925
-34.5,5.5,10067,0.15776848234546412,0.15180805106459863,0.11097419714783546,0.2537488111239961
-33.5,5.5,10068,0.12718073899697388,0.15499880427991375,0.10856227046225025,0.4477332559547601
-32.5,5.5,10069,0.16884857831281472,0.25455323609008407,0.13324568309039497,0.4947026643893056
-31.5,5.5,10070,0.1545388001136299,0.282774866354228,0.14324980388175057,0.5075865524370782
-30.5,5.5,10071,0.11817948825996263,0.2700634034181995,0.1434990268725482,0.4930036583422028
-29.5,5.5,10072,0.1941903154504122,0.23903016680914976,0.12945052284556108,0.5048886922530241
-28.5,5.5,10073,0.22980479305692386,0.20659287039915766,0.17477380902910478,0.5210586954462856
-27.5,5.5,10074,0.21789745093533539,0.19410451603698026,0.15443754737784646,0.44922968489371895
-26.5,5.5,10075,0.27206678365481557,0.2987522240118543,0.3570909017068484,0.32580907951202637
-25.5,5.5,10076,0.2302579785286416,0.18973560896679292,0.11727732271941746,0.45266899872779437
-24.5,5.5,10077,0.21974384399722477,0.1773018449643579,0.0998060945921416,0.40055693552275534
-23.5,5.5,10078,0.2308035324091668,0.1849955585305335,0.09450640554882886,0.30568638966691586
-22.5,5.5,10079,0.1576031976904291,0.15662778670029123,0.08139415453732472,0.12805116765118535
-21.5,5.5,10080,0.23004665457877327,0.18360049606600798,0.08411059730614355,0.21786695244002496
-20.5,5.5,10081,0.24962069985905197,0.14608799542684064,0.07567892250832638,0.20224002997587626
-19.5,5.5,10082,0.2234911650436953,0.12636677081393127,0.07060383246695057,0.16731746234515707
-18.5,5.5,10083,0.268296263557935,0.1495361171878226,0.1635486593001888,0.19117623744454806
-17.5,5.5,10084,0.27561893588952685,0.2013632292149985,0.0752279969701467,0.19869784687039652
-16.5,5.5,10085,0.2567856475043747,0.18135758791574488,0.0582050537480184,0.17370913364001767
-15.5,5.5,10086,0.2668888051919923,0.17609586889478757,0.05736694033209978,0.15542826843245225
-14.5,5.5,10087,0.2100712933214824,0.12614996270114662,0.12006348878317315,0.12609072102238547
-13.5,5.5,10088,0.24201395343241622,0.14928284833135258,0.06515454254914327,0.1384107904797503
-12.5,5.5,10089,0.23010685295016334,0.15504954128533535,0.0645700948222897,0.09016198512057272
-11.5,5.5,10090,0.20976697292165578,0.1980155931746171,0.19597488057906526,0.12081949498952536
-10.5,5.5,10091,0.2754191017610336,0.20712501530805172,0.08768503834182056,0.14444857129285985
-9.5,5.5,10092,0.24460890017442674,0.15168121388641098,0.1730914571898049,0.1202372415781023
-8.5,5.5,10093,0.24752229907067846,0.1573837880783001,0.1529580214055159,0.14229190360367208
-7.5,5.5,10094,0.2713603529999727,0.16707883253084063,0.1580271376176379,0.13793969001045786
-6.5,5.5,10095,0.2606045407517981,0.13803324066049463,0.1400365187864922,0.12081982577333854
-5.5,5.5,10096,0.24309300573707657,0.11857271376237094,0.11312616377181679,0.1537574415926351
-4.5,5.5,10097,0.2577341650308426,0.12230915914092436,0.05715928720275807,0.15476035920210407
-3.5,5.5,10098,0.27289021002942604,0.12379726744230429,0.06035686431087799,0.1844934350421248
-2.5,5.5,10099,0.2861312548531706,0.12923130098293217,0.06227806076449019,0.14994837504573985
-1.5,5.5,10100,0.23946054927285698,0.11016666061013711,0.05267978356671565,0.12719030270561876
-0.5,5.5,10101,0.20866265369663248,0.09079520957737608,0.050428433836341095,0.11384630830261502
0.5,5.5,10102,0.1832426542355619,0.07782527333969123,0.046173722995724725,0.10492254484279154
1.5,5.5,10103,0.1869284661210916,0.08531306293950042,0.051911060677314436,0.11437728543777465
2.5,5.5,10104,0.1508181059553395,0.08445999677310127,0.05064075679920189,0.09171970503440571
3.5,5.5,10105,0.1330233298210894,0.08651260362461935,0.05207321753294879,0.1299970918771679
4.5,5.5,10106,0.12437004217075728,0.09403058858627299,0.06498471095127764,0.11956635670270992
5.5,5.5,10107,0.10868954972104847,0.08817077222935327,0.0551713321054099,0.11710382959194351
6.5,5.5,10108,0.08525783148004268,0.06823420787425566,0.04130237962357322,0.09112726019239202
7.5,5.5,10109,0.09287156733675941,0.08308246067605729,0.05016620661991711,0.09481317726770676
8.5,5.5,10110,0.09445772955536803,0.07940448693023182,0.047941201951305606,0.08629836755938487
9.5,5.5,10111,0.1024089856781517,0.0841468679242665,0.06068911890829354,0.08397221517698873
10.5,5.5,10112,0.089714554724403,0.07579334670211466,0.0561594853179057,0.08948575871611503
11.5,5.5,10113,0.11038972739130437,0.08083688983124752,0.053854824763354334,0.0939421616379751
12.5,5.5,10114,0.12884854629362816,0.09777995661759974,0.06812613734131633,0.10000966532252394
13.5,5.5,10115,0.13977174060696057,0.103298310555464,0.05648655742506509,0.10422173051470887
14.5,5.5,10116,0.1484007378455872,0.10922957270710193,0.06255264626987093,0.1079487639686755
15.5,5.5,10117,0.1580442853320428,0.1272347079591497,0.06685351350712862,0.12486511365970113
16.5,5.5,10118,0.16650520769817492,0.13305549963510027,0.06881386263638509,0.14065807168319747
17.5,5.5,10119,0.1671945297794641,0.1499776058291955,0.06519962381273882,0.14997921773504844
18.5,5.5,10120,0.13485993017426792,0.1365023070870229,0.05890782822970434,0.1327728621627103
19.5,5.5,10121,0.1552916461729999,0.14975841702159498,0.07169888944871623,0.11934175149175627
20.5,5.5,10122,0.15003004132839792,0.14850294982121462,0.07450773941926593,0.14106950787456546
21.5,5.5,10123,0.12658739901833968,0.14543850294496166,0.07488185758332536,0.13000320389879946
22.5,5.5,10124,0.09780645409652648,0.1077374864096863,0.0648307608772375,0.10229358831091544
23.5,5.5,10125,0.10275416593327004,0.10430194195011178,0.06395096555039088,0.1019784912874764
24.5,5.5,10126,0.09891757347592818,0.10241100454648397,0.06171744832063888,0.1056401901121105
25.5,5.5,10127,0.10974828930648461,0.1092812342054271,0.05896075235554327,0.09450777328659313
26.5,5.5,10128,0.08534122424193868,0.09860888441224203,0.05495506262607005,0.08121405383441142
27.5,5.5,10129,0.06222706764197744,0.07077655837102922,0.046063112913899217,0.06527732571646358
28.5,5.5,10130,0.06016282114621177,0.06597941319649618,0.04337820217760866,0.05900545337110943
29.5,5.5,10131,0.059862962028891575,0.06328774563958087,0.038734150047912766,0.0570747339836722
30.5,5.5,10132,0.0570154894582664,0.06130751699710146,0.03656935703153685,0.056117540015653784
31.5,5.5,10133,0.05443492133540394,0.059094358526908114,0.03541970310223162,0.05333202347572132
32.5,5.5,10134,0.05582578379714966,0.05937842761109203,0.03469314905969357,0.05210466551355088
33.5,5.5,10135,0.05006476678973255,0.058100137309454035,0.03462978485380638,0.05164489303022656
34.5,5.5,10136,0.05452327835713077,0.058889852580140505,0.03492677610349539,0.05067584687313678
35.5,5.5,10137,0.04856499233430856,0.06015578917548763,0.035374215765367215,0.05115729773609143
36.5,5.5,10138,0.049274205433953194,0.06187123534043059,0.03515654155698545,0.04746897485458206
37.5,5.5,10139,0.05396762488873195,0.06524018227266182,0.03403721808273883,0.05138310803339638
38.5,5.5,10140,0.04811847590314355,0.05985870408081831,0.03105367189421756,0.04363662212028416
39.5,5.5,10141,0.048532119258561816,0.05460038970409202,0.042573892878553926,0.04192552426068393
40.5,5.5,10142,0.04372302620769405,0.05440303545650435,0.03145573585711784,0.04676865896327396
41.5,5.5,10143,0.044647191655686785,0.054805833077498124,0.044293164966869455,0.04304609726965616
42.5,5.5,10144,0.04262442901038713,0.05269949741886423,0.044446379488036654,0.038906806685011515
43.5,5.5,10145,0.04298821300527079,0.059362005883338585,0.031363978308756826,0.03962234541767708
44.5,5.5,10146,0.04318523045520784,0.058631622068522814,0.0407122649666665,0.038189074876820384
45.5,5.5,10147,0.04169150770448564,0.05859823098238479,0.0430450698644981,0.04176261279991808
46.5,5.5,10148,0.041123339332821314,0.05223738119215035,0.031678744656200124,0.04153647399231768
47.5,5.5,10149,0.04086349085975366,0.06177445062782592,0.030525113716200477,0.041382731193155824
48.5,5.5,10150,0.04086349085975366,0.058911766578130416,0.030917753786477854,0.041594652704251896
49.5,5.5,10151,0.04118493732290352,0.05662184849498302,0.04085499251408989,0.03933830007351081
50.5,5.5,10152,0.04161599464172194,0.058056756522613294,0.04038767509723349,0.04223780354151364
51.5,5.5,10153,0.044874552024283615,0.05880244582113621,0.03955981751948747,0.042548949578191525
52.5,5.5,10154,0.04044474050355787,0.059570486281972423,0.037849633341689684,0.039240540875998924
53.5,5.5,10155,0.04093099576863654,0.06194548002119938,0.037330764056120846,0.03887534274608619
54.5,5.5,10156,0.04559081462643262,0.05817260848517352,0.0375079568743291,0.04234277871868359
55.5,5.5,10157,0.045052932429663725,0.058634413650876196,0.03726476457821386,0.042137131042836805
56.5,5.5,10158,0.04485833175145069,0.052326807884467474,0.0265549791167159,0.04215832999688505
57.5,5.5,10159,0.04906350085078225,0.05219146231851561,0.025936107284578885,0.03993683083927853
58.5,5.5,10160,0.05207386179245269,0.05640709699363671,0.03404344769494489,0.03624369906646593
59.5,5.5,10161,0.04886518241731913,0.0528928565442836,0.0335079600904463,0.03724266238568217
60.5,5.5,10162,0.05484625711388169,0.05121403491243811,0.03346196626346072,0.041653059056019806
61.5,5.5,10163,0.04518620039867949,0.04408939503753465,0.03303555130929392,0.039096077964616005
62.5,5.5,10164,0.04716946359576008,0.04404803907245051,0.02521325067081824,0.03222279407841893
63.5,5.5,10165,0.04830593088315539,0.0438789172905049,0.026307323347755863,0.034079283757927514
64.5,5.5,10166,0.04784255380990539,0.043180406915673285,0.025508123713293675,0.029223391913591173
65.5,5.5,10167,0.050955743115990305,0.04507806755410947,0.0318443186874126,0.02568916761993814
66.5,5.5,10168,0.05709860843024594,0.04733722404064771,0.03481323099329978,0.024168268102801826
67.5,5.5,10169,0.051648881628894985,0.049437741398535275,0.031470772535060525,0.02684164639195586
68.5,5.5,10170,0.06883516661824896,0.05767213917199734,0.030668041250496516,0.02855190570978901
69.5,5.5,10171,0.06999146607835985,0.05918494239766509,0.0207374239852592,0.03048101280595813
70.5,5.5,10172,0.07108857937104553,0.060279879144131375,0.020778153660860988,0.032746794180008025
71.5,5.5,10173,0.06329588573022751,0.05991907477397952,0.0194042430566762,0.030902992586264475
72.5,5.5,10174,0.053226771939805906,0.05840617782817668,0.01980424112270032,0.026845361511089696
73.5,5.5,10175,0.04659450714169483,0.03989047945007828,0.01654510300211048,0.019891217081671325
74.5,5.5,10176,0.0358858832049595,0.03941557832126201,0.016724584170983783,0.021029856894969206
75.5,5.5,10177,0.03997045152969337,0.037428204205144124,0.023903008844435955,0.021473596835759876
76.5,5.5,10178,0.04511739003373565,0.038559606497354085,0.01614191866153893,0.021581023165742754
77.5,5.5,10179,0.03906602565321905,0.03818382306960524,0.021434517152862532,0.022621217039427006
78.5,5.5,10180,0.03639949368467222,0.040535174183644926,0.021551757940757973,0.023758976019296076
79.5,5.5,10181,0.03655347641325702,0.03856058624569057,0.021862629728973515,0.02232661830918739
80.5,5.5,10182,0.04015844170000971,NA,0.025189427545138973,0.025964928394197145
81.5,5.5,10183,0.03806123843662555,NA,0.025767948314720023,0.024610386734558426
82.5,5.5,10184,0.034355851032317135,NA,0.01846696347900493,0.025645730725531998
83.5,5.5,10185,0.04006979544372816,NA,0.025717684493964756,0.02537350104748681
84.5,5.5,10186,0.042406162364011984,NA,0.024831532358780946,0.036591277113374905
85.5,5.5,10187,0.047034329956573195,NA,0.03846915285799738,0.03757286947604219
86.5,5.5,10188,0.045836881661717996,NA,0.03701265407544339,0.038910847930602566
87.5,5.5,10189,0.045353596266003215,NA,0.03828473177307608,0.03478624203203282
88.5,5.5,10190,0.05542845160137708,NA,0.04187139281483261,0.03955547951779321
89.5,5.5,10191,0.04726737732867839,NA,0.04185479046257231,0.042104407740555704
90.5,5.5,10192,0.05374409106535652,NA,NA,0.048999395887887855
91.5,5.5,10193,0.05621389138312381,NA,NA,0.050947866351588766
92.5,5.5,10194,0.060662857150496005,NA,NA,0.059823177616337854
93.5,5.5,10195,0.046103140967812,NA,NA,0.061479017969543456
94.5,5.5,10196,0.03907520735201897,NA,NA,0.03960916657174564
95.5,5.5,10197,0.03330128694418559,NA,NA,0.026907439490435458
96.5,5.5,10198,0.03268860776116254,NA,NA,0.03947707554586121
97.5,5.5,10199,0.033011318530222926,NA,NA,0.04616219421070439
98.5,5.5,10200,0.034918277555510656,NA,NA,0.04256770396169056
99.5,5.5,10201,0.038350260933993595,NA,NA,0.05236273683555079
100.5,5.5,10202,0.03720882865278018,NA,0.04903552499408909,0.061824342146069154
101.5,5.5,10203,0.052973427452557835,NA,0.027649321129972104,0.06852732549250727
102.5,5.5,10204,0.05463637029764704,NA,0.08909175032474106,0.08709761660150636
-119.5,6.5,10216,0.02740631340305765,0.05805610659159578,NA,0.05066104243450432
-118.5,6.5,10217,0.029922481028205317,0.056549311721909065,NA,0.04560709601527824
-117.5,6.5,10218,0.035242768402366315,0.059973396621568455,NA,0.058216545086031295
-116.5,6.5,10219,0.04376964146248639,0.06291941177972796,NA,0.09426196191825002
-115.5,6.5,10220,0.04157002453025512,0.0668837672788749,NA,0.12511140267104318
-114.5,6.5,10221,0.050338968512693025,0.07298238355023168,NA,0.12734773602197286
-113.5,6.5,10222,0.06138812868936878,0.10317378309101377,NA,0.18090041552572572
-112.5,6.5,10223,0.07282649630693662,0.12271454329032216,NA,0.21838133843113008
-111.5,6.5,10224,0.07509285527227794,0.12763576409983887,NA,0.1937831128438009
-110.5,6.5,10225,0.08299846462244448,0.11658587207345487,NA,0.20032775649291248
-109.5,6.5,10226,0.14057931870238694,NA,NA,0.2568906536380728
-108.5,6.5,10227,0.2016527620010216,NA,NA,0.18346989688067328
-107.5,6.5,10228,0.2385317528680053,NA,NA,0.16921130976300275
-106.5,6.5,10229,0.21304028487420373,NA,NA,0.15814486947887316
-105.5,6.5,10230,0.15117766891283813,NA,NA,0.13615207789608605
-104.5,6.5,10231,0.11325532332019433,NA,NA,0.11059521815879239
-103.5,6.5,10232,0.10575969691508037,NA,NA,0.10950265557012269
-102.5,6.5,10233,0.10479952874690524,NA,NA,0.11882454493650868
-101.5,6.5,10234,0.09687975348676578,NA,NA,0.1399864708596588
-100.5,6.5,10235,0.06717816619144373,NA,NA,0.1417465444444542
-97.5,6.5,10236,0.09827706804266174,0.062447798145900936,0.19364216547593344,0.11594980161834269
-96.5,6.5,10237,0.08451781609657484,0.06310479583274738,0.1439455736647593,0.16967977923553962
-95.5,6.5,10238,0.06596794361343848,0.0527002138821037,0.0737267002838724,0.09869147990857156
-94.5,6.5,10239,0.06165624018214341,0.04882228093163639,0.08678929684706535,0.1998424051216102
-93.5,6.5,10240,0.05155348561250039,0.027606354164575835,0.06865979674998136,0.11722352218013228
-92.5,6.5,10241,0.048304043226362406,0.039958822157498644,0.05513404780133393,0.13379021152697135
-91.5,6.5,10242,0.06110542328340592,0.043152375308879255,0.04497710068654955,0.08953689237454084
-90.5,6.5,10243,0.050675480464830676,0.026549745350138643,0.042305513039649904,0.10055201211974708
-89.5,6.5,10244,0.043320396943890865,NA,0.045023965429293634,0.062101397966128964
-88.5,6.5,10245,0.051351259200472836,NA,0.031005371956135078,0.06367448567572938
-87.5,6.5,10246,0.05467290575347098,NA,0.038030399197836344,0.059318780902345124
-86.5,6.5,10247,0.10534291299382642,NA,0.045776379603267255,0.06577547465850278
-85.5,6.5,10248,0.10312439623453472,NA,0.06336921541437776,0.10104270052394321
-84.5,6.5,10249,0.07229869985830648,NA,0.07579051557668609,0.14302810760437837
-83.5,6.5,10250,0.07329950200866689,NA,0.06234658693115838,0.10496967805386569
-82.5,6.5,10251,0.11296039391653391,NA,0.09142656253789147,0.10519665024026179
-81.5,6.5,10252,0.10366754440548769,NA,0.042556087603122836,0.0542358695886527
-80.5,6.5,10253,0.06902204239637542,NA,0.04727068136348204,0.055765364209266415
-77.5,6.5,10254,0.025257117721880277,0.042724978436189,0.09243530975820947,0.02825985894625202
-76.5,6.5,10255,0.037916750947371826,0.0636635532904591,0.052847623884381696,0.036352403389875554
-75.5,6.5,10256,0.019413348656135872,0.04018942610895712,0.052490759093470465,0.02957836181474092
-74.5,6.5,10257,0.021378178054460156,0.045634156377676566,0.029436712795167637,0.028052255638129273
-73.5,6.5,10258,0.024625997906135146,0.07920725630476473,0.02834868432929496,0.027136131397393
-72.5,6.5,10259,0.033401952159753286,0.11677877955183387,0.05034609806456412,0.0349048327869608
-71.5,6.5,10260,0.034405236844145065,0.11095766577128842,0.048758240367575464,0.03707918265602321
-70.5,6.5,10261,0.047711414700785514,0.0765314170374684,0.0629070529622411,0.05816968198093112
-69.5,6.5,10262,0.07268751432822328,NA,0.07576529752621243,0.15806301074884024
-68.5,6.5,10263,0.07145890948548433,NA,0.0782503469081273,0.0606003774246545
-67.5,6.5,10264,0.06618911080548427,NA,0.0958654877021201,0.09282390477512349
-66.5,6.5,10265,0.08732034821349324,NA,0.13953520754042703,0.12263897526678258
-65.5,6.5,10266,0.09345124314135861,NA,0.15129543520569771,0.11259105326610357
-64.5,6.5,10267,0.08115650870034931,NA,0.13095276273435028,0.11316519423980977
-61.5,6.5,10268,0.10937631268180695,NA,0.0795597136373375,0.0415025177059922
-60.5,6.5,10269,0.10759287379406583,NA,0.165169932113369,0.15786702698851512
-59.5,6.5,10270,0.12461423840748431,0.1697904056023871,0.19980109343003677,0.14794439152390354
-58.5,6.5,10271,0.097014684749326,0.13695136933695923,0.2994112198143896,0.28428200904668377
-57.5,6.5,10272,0.16336625494123222,0.22595445505226797,0.3817421852151391,0.41790525559256275
-56.5,6.5,10273,0.4419135861917125,0.6410988732187244,0.6595245052870488,0.44593344502886045
-53.5,6.5,10274,0.23089055598472305,0.14700659940480934,0.04990246924481444,0.12826617268892535
-52.5,6.5,10275,0.19241706461318503,0.22681591164171952,0.09063047508698911,0.37312543004784304
-51.5,6.5,10276,0.21817287475100106,0.2649464976563621,0.10458385843514831,0.34357216851886935
-50.5,6.5,10277,0.17683315927930057,0.2344965431562413,0.08993416659181512,0.19656743678765395
-49.5,6.5,10278,0.29201128325989006,0.31708520210643915,0.12013761823402942,0.3605546752612331
-48.5,6.5,10279,0.2241042446387694,0.2803667551261083,0.2849559253536427,0.27526505649086574
-47.5,6.5,10280,0.23554844252347049,0.3235629528439063,0.35471020131991854,0.4133782597837364
-46.5,6.5,10281,0.34862199496106816,0.35819353174959945,0.389620844967422,0.5329555393749595
-45.5,6.5,10282,0.37917247929465653,0.5087616311586535,0.4154096574255371,0.4896912151433725
-44.5,6.5,10283,0.35996690718556057,0.464314301159793,0.44374775081633694,0.44888987249741774
-43.5,6.5,10284,0.28530052619656754,0.4802525021078169,0.49770292624138907,0.46435004239373806
-42.5,6.5,10285,0.22466873279312655,0.41464707512323634,0.1962103231716438,0.4653615312415851
-41.5,6.5,10286,0.2251042924408441,0.3841698888115494,0.3891410369505376,0.5543422470024099
-40.5,6.5,10287,0.18145869762309966,0.40837652824359155,0.3686398453649439,0.5175415609804338
-39.5,6.5,10288,0.22883318866938726,0.40517139388781476,0.18166854065285373,0.36852285443532085
-38.5,6.5,10289,0.23037462193851496,0.38600893131182146,0.18889989752622624,0.5473199472308269
-37.5,6.5,10290,0.1600667175493978,0.28167029847251746,0.3157128614134107,0.469933258357952
-36.5,6.5,10291,0.1496982547526336,0.24237156850251496,0.13829243863356286,0.44281880092214154
-35.5,6.5,10292,0.15051837305352117,0.23470786994267798,0.12341765167171681,0.44116645402150007
-34.5,6.5,10293,0.16934282163922632,0.268091141202516,0.13490753914210946,0.4878175505762355
-33.5,6.5,10294,0.1542890826120677,0.2172338610919904,0.15343909136842634,0.5398643476762126
-32.5,6.5,10295,0.18357374104195462,0.25591187092925616,0.18409467331788237,0.6058903787802263
-31.5,6.5,10296,0.1755621383709294,0.2580967618207609,0.38256189381477307,0.5789766876434219
-30.5,6.5,10297,0.16247702938803146,0.2884192756668665,0.12760055391025366,0.6406614656503645
-29.5,6.5,10298,0.1512252121229761,0.22528176810329076,0.11290879103942013,0.5149052365095091
-28.5,6.5,10299,0.19183347028818143,0.25945264214380337,0.09900764409876711,0.4066486987337231
-27.5,6.5,10300,0.16466635430962465,0.190232619656147,0.08312528469897615,0.30863945100142093
-26.5,6.5,10301,0.20324482536989413,0.15338342877479813,0.07524829668433256,0.172195886721506
-25.5,6.5,10302,0.20750661544861948,0.13528520831054136,0.06823431454623198,0.26354575037779243
-24.5,6.5,10303,0.2188711438166418,0.1350283873529533,0.06787676139668396,0.1749763403696286
-23.5,6.5,10304,0.2443262899345998,0.16810805295697,0.0959565822393303,0.31806551872605743
-22.5,6.5,10305,0.2508487487631112,0.15764677871704694,0.07693340143819812,0.2596783167430123
-21.5,6.5,10306,0.3427353800959228,0.2225451525241926,0.11222376389862647,0.3231365538397458
-20.5,6.5,10307,0.3057481186538105,0.1430600655523045,0.13999587288221957,0.21586849450763074
-19.5,6.5,10308,0.3001967860251825,0.13420649799655468,0.12801402322900385,0.17312559266774924
-18.5,6.5,10309,0.32392618892104325,0.1320667133686931,0.05632005373348606,0.12127120646716148
-17.5,6.5,10310,0.3274473478526976,0.15804136377597908,0.05318575475367634,0.15005113004409856
-16.5,6.5,10311,0.34781194042817987,0.17949113124088117,0.11795184995141927,0.10065204146561597
-15.5,6.5,10312,0.3539686221954971,0.18036110281793885,0.05241090555998143,0.15484930454592147
-14.5,6.5,10313,0.22737064243810307,0.10710947228134232,0.04142238224543379,0.07333939741870837
-13.5,6.5,10314,0.28469961661181215,0.15557836910428935,0.10663641454773513,0.09346363888842987
-12.5,6.5,10315,0.26783382171248127,0.16286096269915076,0.05383925451109194,0.1014321072938522
-11.5,6.5,10316,0.2671699767161318,0.17124317043019807,0.15072201708487273,0.10409414781180316
-10.5,6.5,10317,0.23335362673865695,0.2079935789375801,0.14648392357966886,0.09769949761139125
-9.5,6.5,10318,0.22628480094922027,0.16353351306727626,0.17235084467415604,0.0901973770871069
-8.5,6.5,10319,0.20763791359006534,0.17241619085407764,0.16177684826395863,0.08150022534127008
-7.5,6.5,10320,0.2013832745040073,0.13841684091701614,0.1376953684981721,0.07636438078026563
-6.5,6.5,10321,0.23861722813066316,0.13194798149750836,0.15827303161128334,0.07976525772614015
-5.5,6.5,10322,0.24333224139794613,0.1119724253400209,0.07511640617619796,0.09824465410974045
-4.5,6.5,10323,0.2330880365047128,0.09860122440953638,0.06768917460932883,0.11300273886103411
-3.5,6.5,10324,0.21483703819329003,0.10347938287768295,0.07902874097941755,0.11704696422430436
-2.5,6.5,10325,0.19042396983929075,0.08533185127884378,0.05798476474891698,0.10548394635149101
-1.5,6.5,10326,0.15654372245522302,0.07057442569837663,0.04522663836936715,0.09478780079475099
-0.5,6.5,10327,0.1605881964741302,0.06847578563384946,0.07754158999758785,0.09315572485206994
0.5,6.5,10328,0.14690901826120642,0.06334713379390063,0.04611940507197293,0.06552959127569621
1.5,6.5,10329,0.14020538178335937,0.06010685350720524,0.04155086843702277,0.05686951242645542
2.5,6.5,10330,0.12348136586160001,0.05956535238205791,0.05161074835057932,0.09144384155256767
3.5,6.5,10331,0.12144738853528335,0.06073924846319211,0.046344953125524994,0.06891162610126046
4.5,6.5,10332,0.12486708458738251,0.060848508891324496,0.04848046223480344,0.09930483968125885
5.5,6.5,10333,0.15826275328730638,0.06618329552998244,0.05223202481188476,0.10288439051381486
6.5,6.5,10334,0.1417714411282565,0.07255081091277284,0.0481684105872306,0.09392019112276294
7.5,6.5,10335,0.1518424921620986,0.06909492612701976,0.05290220386908643,0.09972109993444042
8.5,6.5,10336,0.14733731347135584,0.07109924436271217,0.0526809719689867,0.0918338760103503
9.5,6.5,10337,0.14498874414106172,0.06919461099637804,0.07075496983150775,0.08748939716560651
10.5,6.5,10338,0.13944111403359316,0.06929990729981572,0.06597462002736866,0.08843907216781241
11.5,6.5,10339,0.15748289002563856,0.09360661565256531,0.055846207221782254,0.10095048917284087
12.5,6.5,10340,0.16812073690404714,0.10673614129456287,0.051857295491578706,0.10483067908202734
13.5,6.5,10341,0.18854628704563656,0.12783696788404403,0.05455946564743518,0.09318434677484878
14.5,6.5,10342,0.1960190941932773,0.110032347548797,0.053226357233352624,0.08733277849982865
15.5,6.5,10343,0.19798809356902747,0.1449950625043884,0.06245029288094616,0.10976089918365828
16.5,6.5,10344,0.21213064753507396,0.15919873417429328,0.06610553951528178,0.12017397514992603
17.5,6.5,10345,0.14687374185313373,0.13330777465666616,0.04335962408428244,0.09295895348282414
18.5,6.5,10346,0.18396029712700526,0.14268603069510646,0.055366953033538606,0.10971345034400147
19.5,6.5,10347,0.20181225121030955,0.1401060777160546,0.058852956425708536,0.11059130674047789
20.5,6.5,10348,0.18596220014541648,0.13168675428404672,0.05277639069628,0.09292440075570127
21.5,6.5,10349,0.15854433562769205,0.1119013213419934,0.04746861372515966,0.08748921662537235
22.5,6.5,10350,0.14994409964475278,0.110340610394797,0.04712326053052908,0.09394138886947481
23.5,6.5,10351,0.14075481761314124,0.10799492269922695,0.0505814720801887,0.10422964140374912
24.5,6.5,10352,0.13037073260259882,0.09838644166403228,0.05790737097167911,0.08075364354047812
25.5,6.5,10353,0.11716875764637974,0.09345781557337411,0.06128742554217141,0.08529971216746683
26.5,6.5,10354,0.08841896844125559,0.0731102857666548,0.05073598500028176,0.07530572766843048
27.5,6.5,10355,0.08297315930016558,0.0698815305131693,0.04975671532219302,0.07141295468810156
28.5,6.5,10356,0.08017633077300071,0.06927379735416249,0.046596871061933665,0.07347698550724537
29.5,6.5,10357,0.07779206697896,0.06855849187217329,0.04438773752913829,0.07212829497696355
30.5,6.5,10358,0.08730925103168571,0.07603913202325867,0.04339484303781053,0.07085546680565061
31.5,6.5,10359,0.07527228630634823,0.06830531671275668,0.04146300299183229,0.06791396050920573
32.5,6.5,10360,0.0730758226265344,0.06713420958966625,0.04054285146533775,0.06138458835092281
33.5,6.5,10361,0.0719755959101558,0.060862341390646224,0.040249542391004485,0.06013868899831459
34.5,6.5,10362,0.06931322550392123,0.060245766693549196,0.03963033047044439,0.06476823889165988
35.5,6.5,10363,0.058889885579436696,0.05585040846066742,0.03796946209363902,0.06212538887883051
36.5,6.5,10364,0.05406486803902436,0.05573776911172894,0.0381145044725665,0.05460814177592571
37.5,6.5,10365,0.04931679878150035,0.057952986910157725,0.03851362922024238,0.0592735742060685
38.5,6.5,10366,0.0450667345074902,0.0574050747131064,0.03646284248322893,0.05680892589622531
39.5,6.5,10367,0.04150923740583949,0.05509070910413716,0.051979876031408995,0.0562729449999895
40.5,6.5,10368,0.04284632819524895,0.054998724401231554,0.0362233470316181,0.05411779701174193
41.5,6.5,10369,0.04323519074172393,0.05682402891109403,0.03597482348028154,0.05032776137359136
42.5,6.5,10370,0.04538813889713232,0.05882713545515524,0.03578861476891836,0.05066075017409264
43.5,6.5,10371,0.04798419309318863,0.05785542859158608,0.034048602648050465,0.05590836589222108
44.5,6.5,10372,0.04405832995253715,0.05731639051923931,0.03373683660098427,0.05680637505107705
45.5,6.5,10373,0.047621174174522954,0.05801171410552496,0.04658512792151933,0.04732267957785482
46.5,6.5,10374,0.04523930299945988,0.057457231329334696,0.03252413540276789,0.04578782596584214
47.5,6.5,10375,0.0467796579262866,0.06175939539508765,0.029706309334686546,0.04587494662274142
48.5,6.5,10376,0.042608006213244225,0.05569521996503868,0.02762689379585179,0.04391226785057623
49.5,6.5,10377,0.04238075120887616,0.049477843261405904,0.02729855809925926,0.04344669380630537
50.5,6.5,10378,0.04164213094025304,0.049597669083804204,0.027472662306583594,0.042679955498360726
51.5,6.5,10379,0.03941360805580485,0.053788965780995804,0.027370155664196167,0.04253546792403701
52.5,6.5,10380,0.0369825797835192,0.052925343756765976,0.038103317727753584,0.0391297114168605
53.5,6.5,10381,0.03742018492392989,0.053259167844328714,0.03785914316943839,0.03862031962758664
54.5,6.5,10382,0.03536485343354052,0.044389557263163036,0.03762410326598594,0.041471375580409094
55.5,6.5,10383,0.03721566773995627,0.0381843458401611,0.03754236920111499,0.037965600914808516
56.5,6.5,10384,0.0414498086267825,0.041353485775460726,0.026948782712882844,0.04512227376305123
57.5,6.5,10385,0.037157550372042776,0.042564064716992533,0.02958051483807155,0.041454335049091164
58.5,6.5,10386,0.03809155143359134,0.030750033844637797,0.03590045985079391,0.039097133943994014
59.5,6.5,10387,0.038237939930629176,0.033211483586571784,0.03029786430736734,0.04058137308310935
60.5,6.5,10388,0.04471064324821472,0.04491544271722936,0.027960931405902487,0.036530234495080416
61.5,6.5,10389,0.039638388775262864,0.03967437545940284,0.01890074748954206,0.032987041562762984
62.5,6.5,10390,0.045243504351629556,0.03941481565637102,0.017798599889035985,0.034331877700457404
63.5,6.5,10391,0.0505269138565993,0.04186612280744523,0.017136458470461764,0.0315973052515202
64.5,6.5,10392,0.04445619714158445,0.039354854350084054,0.0182408419810719,0.028564603941428998
65.5,6.5,10393,0.05135366964524113,0.0405691901771436,0.024170844157341075,0.026047952065365355
66.5,6.5,10394,0.0420257411769704,0.05232515050589723,0.03275306264646429,0.03421576409117957
67.5,6.5,10395,0.052699653926297114,0.05502178215425577,0.034894762159733674,0.038843989385295576
68.5,6.5,10396,0.054681708369043944,0.05523716305225112,0.034833456062714256,0.034932579955644534
69.5,6.5,10397,0.06339389459012121,0.053741410246606586,0.023958272717066124,0.03749511592739786
70.5,6.5,10398,0.0692674045474298,0.05425872426976154,0.031016190731220007,0.03652508830679861
71.5,6.5,10399,0.06249598676385288,0.0544937588051622,0.033792696453610035,0.03277811636703981
72.5,6.5,10400,0.06053814117326402,0.05442530371397209,0.0328589895279083,0.03158281771763617
73.5,6.5,10401,0.05570488749020526,0.04921884124937722,0.03106675665932826,0.030311864536953916
74.5,6.5,10402,0.05410926750590512,0.048509994165400486,0.031181482460351115,0.03358378858887262
75.5,6.5,10403,0.0432051187405904,0.039690737062226276,0.024461373942432533,0.02824978589325947
76.5,6.5,10404,0.03957813021797789,0.03807794761440499,0.023781362616906526,0.026225826940236438
77.5,6.5,10405,0.044292704142529775,0.04135401903207034,0.02632075461347153,0.027949796021449945
78.5,6.5,10406,0.034277295457742565,0.03285191476250326,0.026947906806848724,0.025747494673035953
79.5,6.5,10407,0.03297045960027214,0.03214976351261228,0.02653328045156872,0.024138780859665605
80.5,6.5,10408,0.03445453287389227,NA,0.02685990256660269,0.02489658229954959
81.5,6.5,10409,0.03361774940844086,NA,0.028634154157481294,0.028080013797938386
82.5,6.5,10410,0.03031052799694022,NA,0.028135269510131247,0.029275061872244174
83.5,6.5,10411,0.03552626603167102,NA,0.021569028548141085,0.02493005859447011
84.5,6.5,10412,0.03235793227306908,NA,0.023764969040784838,0.025062474257385066
85.5,6.5,10413,0.030887218566084545,NA,0.022330853962365584,0.0249849579994426
86.5,6.5,10414,0.036556309036220015,NA,0.04334903793557284,0.07261165440794394
87.5,6.5,10415,0.03384439730273504,NA,0.04347849994859297,0.07653251191028089
88.5,6.5,10416,0.037219523854247344,NA,0.04963475979132948,0.04373297967502135
89.5,6.5,10417,0.043021638795269136,NA,0.0674071436606161,0.06305867437723646
90.5,6.5,10418,0.04026055659330455,NA,NA,0.06380002477177323
91.5,6.5,10419,0.05197994489402441,NA,NA,0.07439942160426835
92.5,6.5,10420,0.05417983509330297,NA,NA,0.0779731225264186
93.5,6.5,10421,0.05536681117633038,NA,NA,0.07174667161896135
94.5,6.5,10422,0.05120364997958691,NA,NA,0.041651563364456634
95.5,6.5,10423,0.04574051170644626,NA,NA,0.07068697849645676
96.5,6.5,10424,0.05126004827038264,NA,NA,0.03946953863260783
97.5,6.5,10425,0.0496408435831073,NA,NA,0.04407079623553134
98.5,6.5,10426,0.04804668153746003,NA,NA,0.04490618067497905
99.5,6.5,10427,0.045516406834828126,NA,NA,0.056014732814614616
100.5,6.5,10428,0.04119306768202336,NA,0.03623440457101153,0.05691506010317417
101.5,6.5,10429,0.03590160087897592,NA,0.05108276685360284,0.06825422030186078
102.5,6.5,10430,0.09450141126063089,NA,0.14381080243970373,0.17243242734360767
-119.5,7.5,10441,0.027389117951935316,0.051745488153214045,NA,0.0560210668895694
-118.5,7.5,10442,0.027403451473031273,0.05721415537925876,NA,0.06726330465279427
-117.5,7.5,10443,0.03170700309135824,0.05654726034466579,NA,0.08220584384727636
-116.5,7.5,10444,0.03583501032929905,0.05761250457791893,NA,0.08274029296769778
-115.5,7.5,10445,0.03529023192508376,0.0655417273120546,NA,0.13461722360089573
-114.5,7.5,10446,0.04883228647765115,0.07418910191857131,NA,0.12760258439603273
-113.5,7.5,10447,0.06268421391019488,0.1051865100322863,NA,0.13596122914014935
-112.5,7.5,10448,0.07062765342469694,0.12428965233761124,NA,0.17647012253991498
-111.5,7.5,10449,0.06633818280808572,0.11795126575223662,NA,0.1871134603253459
-110.5,7.5,10450,0.06597164191115622,0.10789390989960385,NA,0.20973278367683568
-109.5,7.5,10451,0.08896025538329629,NA,NA,0.21044221044758754
-108.5,7.5,10452,0.10041964776983062,NA,NA,0.1884841258211342
-107.5,7.5,10453,0.11574251204326108,NA,NA,0.19614937464353008
-106.5,7.5,10454,0.1417609819808585,NA,NA,0.12451640545437118
-105.5,7.5,10455,0.1680014001373556,NA,NA,0.17276360749235917
-104.5,7.5,10456,0.12610478739363987,NA,NA,0.09914959394796578
-103.5,7.5,10457,0.11332662529431824,NA,NA,0.14330021419513628
-102.5,7.5,10458,0.0859909817880794,NA,NA,0.09622975193776213
-101.5,7.5,10459,0.12064274407663071,NA,NA,0.1607491894748997
-100.5,7.5,10460,0.11651204831426877,NA,NA,0.20583336381931758
-97.5,7.5,10461,0.07666422979101635,0.05945454342703516,0.05319864395685596,0.065372018457061
-96.5,7.5,10462,0.08552012300652691,0.05517724529596032,0.06964409510028695,0.06203177653060774
-95.5,7.5,10463,0.09266600392820308,0.06522746708507708,0.06153967508877814,0.07578581745225617
-94.5,7.5,10464,0.06039686219790318,0.047592279704301375,0.06650283817298863,0.18713024106337306
-93.5,7.5,10465,0.04768632216255598,0.03707549657701148,0.05472740651424846,0.1652924429697164
-92.5,7.5,10466,0.043983321187467776,0.032527842717469356,0.041996585588448564,0.1631173873036319
-91.5,7.5,10467,0.0433892815967662,0.03741158542658754,0.04259638243108333,0.1073793165668796
-90.5,7.5,10468,0.04679256045384958,0.04059625189667279,0.044179248488143384,0.07250073136296908
-89.5,7.5,10469,0.04239470180275947,NA,0.027386483259882688,0.0679120504423459
-88.5,7.5,10470,0.05803406648478343,NA,0.053812037775865545,0.07815312302066836
-87.5,7.5,10471,0.06297615895301836,NA,0.033620602783332273,0.07544017553250261
-86.5,7.5,10472,0.06223259857157737,NA,0.042087335278865816,0.07079419753193741
-85.5,7.5,10473,0.08684769815293804,NA,0.04831349372660582,0.07399021432865346
-84.5,7.5,10474,0.06304250088110253,NA,0.05144347389624568,0.08613659717350039
-83.5,7.5,10475,0.10925862614242332,NA,0.07096142169460715,0.08585771665002224
-82.5,7.5,10476,0.10666858452902059,NA,0.10635950232088348,0.08958610441392953
-81.5,7.5,10477,0.05475022309518319,NA,0.04853468828174306,0.0911021750996717
-79.5,7.5,10478,0.0739424550124102,0.17290845352023368,0.07538435419463103,0.08150995551222989
-78.5,7.5,10479,0.03616540837990741,0.04723051460546562,0.06206100024346074,0.048543704232847304
-77.5,7.5,10480,0.02921056780598184,0.030781319829359673,0.03041588796797548,0.029737663010817282
-76.5,7.5,10481,0.05178118040907982,0.033439230824603546,0.036703310198470875,0.036995734931435535
-75.5,7.5,10482,0.05381197859607739,0.04173926277621713,0.08355391895833837,0.03433862331866275
-74.5,7.5,10483,0.019715413576727125,0.03230390538896241,0.05592584436303157,0.035747741323491816
-73.5,7.5,10484,0.027198113330793718,0.05014652670677714,0.041297309992943836,0.030814475767797972
-72.5,7.5,10485,0.030759054817568573,0.10012125044541072,0.0375428820285738,0.028472635364722852
-71.5,7.5,10486,0.03460373669631777,0.0731315929204025,0.02618529531606028,0.0376115444085708
-70.5,7.5,10487,0.03619851388896773,0.09379339446743193,0.033415449547807015,0.05487448880745735
-69.5,7.5,10488,0.046710045152723284,NA,0.06422588145263738,0.071877596400907115
-68.5,7.5,10489,0.07379450048477448,NA,0.06488073308686358,0.0753518251041952
-67.5,7.5,10490,0.06922840082147426,NA,0.07816240380515421,0.07864006080957513
-66.5,7.5,10491,0.07871791196644104,NA,0.11831982332308565,0.10224213276544915
-65.5,7.5,10492,0.09333761535023383,NA,0.17380941217437668,0.12949200722090895
-64.5,7.5,10493,0.09789484044375615,NA,0.13159608400687403,0.14663372084994544
-63.5,7.5,10494,0.08935557508425314,NA,0.11151144601221424,0.11080427049640748
-62.5,7.5,10495,0.09182752835787321,NA,0.05262074381601687,0.07705438167841824
-61.5,7.5,10496,0.11065211915307877,NA,0.15227036280584522,0.19894986742879844
-60.5,7.5,10497,0.13148154788218872,NA,0.18304009529849377,0.1901025833744813
-59.5,7.5,10498,0.15017435880176058,0.22367644102669454,0.17440687073635544,0.18392878879012986
-58.5,7.5,10499,0.19937735830513986,0.34880967822736353,0.2257577503571464,0.195424642587215
-57.5,7.5,10500,0.13450001682394458,0.2193737038603675,0.10119850120855424,0.2739718273108995
-56.5,7.5,10501,0.44180879238505444,0.5149466603522871,0.24617826378799737,0.4783785027204398
-52.5,7.5,10502,0.2248256592519839,0.13739901952467506,0.04595866845280837,0.25472926414822794
-51.5,7.5,10503,0.24671004191703724,0.3546664693979635,0.2614730384140942,0.3331070993583856
-50.5,7.5,10504,0.18744630674305413,0.3072520336346703,0.1035058954000345,0.301239406564778
-49.5,7.5,10505,0.24838641158099878,0.2479867429965283,0.2293719280708287,0.29030772819046186
-48.5,7.5,10506,0.1824210078757504,0.28828390025461276,0.1124618878708662,0.31364884299789664
-47.5,7.5,10507,0.21280312301290305,0.2655194441148917,0.14682562307198307,0.4153868409782343
-46.5,7.5,10508,0.3029682835307931,0.3335579608250178,0.17336714242855514,0.49391177179718987
-45.5,7.5,10509,0.29215788824759453,0.4243219297978681,0.35800480097912457,0.2948430113186805
-44.5,7.5,10510,0.3831289806578476,0.4295342101156666,0.17615257229413064,0.49615864273540494
-43.5,7.5,10511,0.2967584496252925,0.33632271830890675,0.1883929848674927,0.4071102748918257
-42.5,7.5,10512,0.24249658275934743,0.30661679682755827,0.22443062290236612,0.3445331164997309
-41.5,7.5,10513,0.22056106522966965,0.30553943613673346,0.40548716093962095,0.39464247425312965
-40.5,7.5,10514,0.18929084832346763,0.27326130974243684,0.16828072355692095,0.3853506743828281
-39.5,7.5,10515,0.1871457728665588,0.23613200340085896,0.13373995335990177,0.39109917573943176
-38.5,7.5,10516,0.18102116170888097,0.2403438443545705,0.13576302005043261,0.45907848735989265
-37.5,7.5,10517,0.16898536462168898,0.1950883560650079,0.10363285085711149,0.40950919608325015
-36.5,7.5,10518,0.15058428027624476,0.1843878258330951,0.1303721960176489,0.2664459411459638
-35.5,7.5,10519,0.10158789941760141,0.16148765822513236,0.090309153630142,0.34208716468340955
-34.5,7.5,10520,0.14694742884718207,0.18283289077946027,0.13442645737477402,0.35216811761513556
-33.5,7.5,10521,0.10540563228384621,0.18743525116596657,0.0940827491833553,0.39186222903537127
-32.5,7.5,10522,0.16533166327648374,0.20093212844370334,0.07815649742327957,0.5490402963673807
-31.5,7.5,10523,0.18111654529336824,0.20783738669989596,0.2092873349934641,0.5549825000593988
-30.5,7.5,10524,0.19802997932762442,0.32179653417577064,0.1253013673028244,0.5399793290318612
-29.5,7.5,10525,0.18712591275585694,0.24621933741539617,0.11150283780766833,0.3996284197656918
-28.5,7.5,10526,0.15050907290319337,0.23957105437969878,0.08133830399993669,0.34740578887725765
-27.5,7.5,10527,0.1452632702478449,0.18010264120416672,0.09521463899534671,0.1870466080465603
-26.5,7.5,10528,0.17704792766813346,0.16497276202438904,0.08903936264966153,0.1776486789538328
-25.5,7.5,10529,0.19259195210224767,0.17321905056495698,0.08688639235675139,0.17054948797376338
-24.5,7.5,10530,0.19165859688255482,0.16487316678693012,0.094992881880245,0.18092194259518923
-23.5,7.5,10531,0.2011502090839838,0.1522129728397032,0.08971123584436039,0.26038797095497457
-22.5,7.5,10532,0.229133887642398,0.16231937343553465,0.09397539289963938,0.27519653272988504
-21.5,7.5,10533,0.21399790690549553,0.15132893060261426,0.08008239867098986,0.25130334726265857
-20.5,7.5,10534,0.18718882951967578,0.13294189887610647,0.15630682767546372,0.16223506556897277
-19.5,7.5,10535,0.1778225836385476,0.12153333943623867,0.135787934724003,0.1992289803508141
-18.5,7.5,10536,0.18231637930071556,0.10194376839219446,0.11219867986274852,0.17778736809912585
-17.5,7.5,10537,0.18691184231067992,0.11308989762388443,0.0952129500757372,0.14845543507282405
-16.5,7.5,10538,0.20703870967423268,0.11576131623913147,0.09068940461641124,0.09932352635556169
-15.5,7.5,10539,0.2083536559748755,0.10911067064372593,0.04069265529876083,0.094529884723838
-14.5,7.5,10540,0.19597327790399427,0.13727375625723642,0.11204377726619738,0.12839957860146153
-13.5,7.5,10541,0.2669126831316916,0.14330056237471597,0.05099647710449926,0.13850428926033967
-12.5,7.5,10542,0.2552769058975446,0.1767422045319337,0.15171487073012377,0.14126249713223327
-11.5,7.5,10543,0.2959422339021642,0.2422850953576723,0.16861781119459407,0.15338212117427583
-10.5,7.5,10544,0.19903807071434199,0.16144157015027277,0.17073669344584969,0.13489796919960856
-9.5,7.5,10545,0.1997318425259493,0.14370747475191034,0.1738380944552158,0.12907970425032442
-8.5,7.5,10546,0.1732457210792521,0.14470819616235336,0.13453413931068461,0.12048270818703219
-7.5,7.5,10547,0.20932900257581735,0.13218384478546813,0.14296011866734923,0.11144736893062526
-6.5,7.5,10548,0.202655844475384,0.11542408343207089,0.1568766357267803,0.10373452483483551
-5.5,7.5,10549,0.19350758087488795,0.09974326111148309,0.07857977000447898,0.12915063420365736
-4.5,7.5,10550,0.18624505371443217,0.09057162232678176,0.11859650727765786,0.11169392112204676
-3.5,7.5,10551,0.18318728460665545,0.089431936319490965,0.06759255256094812,0.09723889684193977
-2.5,7.5,10552,0.1664363536984939,0.07849993787194079,0.0645389916635957,0.09551966126868543
-1.5,7.5,10553,0.13032402357064007,0.06230133539128126,0.05227649399911929,0.07543449217679772
-0.5,7.5,10554,0.13628260182174703,0.06511487004960435,0.05650472751369611,0.057158746213647256
0.5,7.5,10555,0.12370621741937446,0.05895687390867356,0.07335024440677632,0.08843223175199273
1.5,7.5,10556,0.10850975936046277,0.057208191775140096,0.07267247146544265,0.07262290733847016
2.5,7.5,10557,0.09506148823547214,0.052670495880688,0.06767942468525258,0.07020653531245132
3.5,7.5,10558,0.09722952193417322,0.05243909225273932,0.045501755043595,0.0784073080980408
4.5,7.5,10559,0.09006987163014746,0.052494482698043465,0.06221392259163892,0.07902976992269557
5.5,7.5,10560,0.0755231913024186,0.044425863418183796,0.03703272341686939,0.0805195924002226
6.5,7.5,10561,0.07096822770667043,0.042095743667444584,0.0329562905388891,0.0690441478630173
7.5,7.5,10562,0.10078390452962552,0.05802588945597823,0.04740639682092116,0.08206757839662479
8.5,7.5,10563,0.10506834389898718,0.05467800644140681,0.045714042956714655,0.07335196790462682
9.5,7.5,10564,0.11202707650011627,0.059864136821754996,0.043365923241060284,0.07286269670329429
10.5,7.5,10565,0.10144857181810646,0.059898951210474644,0.04133692555068764,0.07182291871020516
11.5,7.5,10566,0.11579829092692098,0.07266349743351812,0.04650572343251228,0.08090625111847723
12.5,7.5,10567,0.12702168956727924,0.08598796047364547,0.05084224781696694,0.09305315011364078
13.5,7.5,10568,0.13104591087534773,0.09029431918965082,0.05343280764424902,0.09462622805759989
14.5,7.5,10569,0.13342185885924915,0.09216382851114056,0.054317758259780045,0.08065200723206448
15.5,7.5,10570,0.1430320110574411,0.09683851289156309,0.05859462545651762,0.08734935995843393
16.5,7.5,10571,0.16539203569660857,0.11915458873058701,0.09699298739367457,0.10434717022879471
17.5,7.5,10572,0.16083946043970423,0.12141527343044527,0.10122633476556968,0.10310522061748836
18.5,7.5,10573,0.14513645905170333,0.12045011488405474,0.06382272985309419,0.1006937983001391
19.5,7.5,10574,0.13929646279657013,0.11477405738900386,0.09722604718247582,0.10090491714128295
20.5,7.5,10575,0.11450067328383469,0.09121732093451654,0.05977020345432801,0.06997884977896815
21.5,7.5,10576,0.109520951262217,0.09054289310768648,0.05194676794849279,0.0725781763077856
22.5,7.5,10577,0.10639951245084243,0.10461610902570571,0.0757014347812908,0.07640652630155759
23.5,7.5,10578,0.10393513122244552,0.10121296827405468,0.04892276496172294,0.07682502037273868
24.5,7.5,10579,0.096133636542967,0.09459401753221003,0.04713245260427677,0.07904182902291707
25.5,7.5,10580,0.07875037901374725,0.07440378907601207,0.04057958077290542,0.06550290385583833
26.5,7.5,10581,0.07073286550636863,0.06989320047825213,0.04279699636290208,0.053570594125821734
27.5,7.5,10582,0.07562219733501531,0.07446053459420428,0.042604982304246676,0.06008111424689702
28.5,7.5,10583,0.0751265274060846,0.0676528592141598,0.036691007552361835,0.059363027346037024
29.5,7.5,10584,0.06957659078704258,0.06078983219952787,0.0327517595040403,0.05822958471625318
30.5,7.5,10585,0.07634854240868287,0.05850236293644251,0.03053050507226488,0.05304201113824435
31.5,7.5,10586,0.07177016744492744,0.05855612787235306,0.037458968852391035,0.05055699678386175
32.5,7.5,10587,0.06460385619002228,0.0580558698248664,0.04037407029125101,0.05030053828465069
33.5,7.5,10588,0.0645327906764792,0.057603357861164294,0.04151868375463786,0.05037799884235158
34.5,7.5,10589,0.061003265958497845,0.057479015093812175,0.03978871633222462,0.04853995833839939
35.5,7.5,10590,0.05650713498201314,0.05679101235898828,0.04314637746516711,0.04933969049708394
36.5,7.5,10591,0.05489522906600248,0.05610857016403602,0.06363820904157137,0.04812590430950177
37.5,7.5,10592,0.053587532798348006,0.054839130982808335,0.0419932022077799,0.04742547152755198
38.5,7.5,10593,0.05013265402886006,0.04889596685694069,0.05393293984789587,0.04562330312347938
39.5,7.5,10594,0.04644141559444001,0.047907611574249324,0.05339390518988271,0.04619559847013749
40.5,7.5,10595,0.044797397637909166,0.04716009389012046,0.05229772914924453,0.04588261939902564
41.5,7.5,10596,0.04436696119176671,0.04765034434682457,0.05169244606410144,0.046405923285954206
42.5,7.5,10597,0.05484866951881002,0.06346073028397838,0.03699960689347054,0.0477433371794871
43.5,7.5,10598,0.04978670441789124,0.06255351452005779,0.051607060683232696,0.044811147870649604
44.5,7.5,10599,0.05184745043485547,0.05154477032837417,0.03687352442740847,0.0403497865861949
45.5,7.5,10600,0.046003432903045934,0.049576619536587534,0.037877542608667436,0.04494909929378781
46.5,7.5,10601,0.047776988632485404,0.051736238637963415,0.046093317069206795,0.04351971673345326
47.5,7.5,10602,0.05199269100149103,0.05081694088682942,0.03860286157967129,0.046000138967330274
48.5,7.5,10603,0.04743327296762376,0.04800457232838501,0.03664563170080902,0.048608817201305
49.5,7.5,10604,0.05191324151056774,0.0418458862205424,0.03491864143481214,0.044991312946498815
50.5,7.5,10605,0.04828177479107126,0.04057410188818461,0.03403775489597114,0.04181882092663443
51.5,7.5,10606,0.05270909635813151,0.049184898052854205,0.031393774947124684,0.04198392356493822
52.5,7.5,10607,0.04928243700891042,0.04700086565166427,0.031243639343959927,0.038000958141539
53.5,7.5,10608,0.04535655970009301,0.04924821066202794,0.02998545933640557,0.03723712575784247
54.5,7.5,10609,0.04503868538981834,0.04456951803414715,0.027607867702377692,0.034848429963209845
55.5,7.5,10610,0.040839497994372316,0.04311210401145231,0.028095828078969088,0.032858278315312156
56.5,7.5,10611,0.042812496937957675,0.043317077850193675,0.020186856071509877,0.03421532661684184
57.5,7.5,10612,0.04063768058772662,0.04274029446572741,0.019947129908528465,0.02815423527480371
58.5,7.5,10613,0.03878611845274612,0.041738739174618684,0.026651377687333482,0.027552395317817516
59.5,7.5,10614,0.042232000124378416,0.04048615329055731,0.025702618103871422,0.02377606060644401
60.5,7.5,10615,0.03699195998329351,0.041186320895491936,0.02624754752594935,0.02404455023194179
61.5,7.5,10616,0.03846756163375071,0.04389608170738142,0.026331292375471348,0.02774517283044498
62.5,7.5,10617,0.042748903467091405,0.041692840374824056,0.019247344634785578,0.025432337140492183
63.5,7.5,10618,0.03767392616855478,0.03041619959501894,0.01745987550006932,0.026075199673054834
64.5,7.5,10619,0.03358436444235596,0.03735920083675214,0.02477220177654058,0.025219928161544728
65.5,7.5,10620,0.04199811250319456,0.052076845961075126,0.033368106315079096,0.03138603835367857
66.5,7.5,10621,0.04469642474698298,0.04192518498920052,0.03320483642562178,0.03218256547095727
67.5,7.5,10622,0.051365843267163154,0.041830853239470056,0.035689741691563165,0.0362694705050114
68.5,7.5,10623,0.05310384852953219,0.04283989740581661,0.035853128093904264,0.03717706760169947
69.5,7.5,10624,0.057290402022040776,0.04785970738077717,0.03410618485575029,0.038780897682486486
70.5,7.5,10625,0.0665074592748293,0.046081871684460804,0.03445655087522075,0.03811848476813317
71.5,7.5,10626,0.06461641385463991,0.0444395439535049,0.039668740499930466,0.03928783191320135
72.5,7.5,10627,0.06151267754364715,0.045066221857455846,0.04156328787145609,0.03996562557933601
73.5,7.5,10628,0.04893893004947597,0.043241213092921255,0.04110688586013466,0.03878395140531621
74.5,7.5,10629,0.04494771424302162,0.04216814702355165,0.043143126081000883,0.04083618117921724
75.5,7.5,10630,0.04451502916483281,0.04230369263218755,0.03817615868339032,0.040978036168203065
76.5,7.5,10631,0.03291645524073687,0.031969826310908146,0.026510745642436134,0.029857736351440258
77.5,7.5,10632,0.039426121845879736,0.03595419915254369,0.02843939919228371,0.02708020275488512
78.5,7.5,10633,0.028553271937573333,0.03180828112216271,0.0276603665748196,0.023848808057323884
79.5,7.5,10634,0.027117952011069126,0.03227665461942463,0.026837139550650396,0.021587284831372875
80.5,7.5,10635,0.027461707313040724,NA,0.027531625458037893,0.027749024112004743
81.5,7.5,10636,0.042563792210007535,NA,0.029745769559917725,0.027780523004076664
82.5,7.5,10637,0.04108342438211499,NA,0.03690471442058537,0.030181464837753212
83.5,7.5,10638,0.03306937308033912,NA,0.051675065637066156,0.04403480195669429
84.5,7.5,10639,0.03142737970973245,NA,0.10123528488473688,0.0394848597246528
85.5,7.5,10640,0.029232310997531583,NA,0.11103241937700517,0.040584725613901425
86.5,7.5,10641,0.027915990665924383,NA,0.1039449105027268,0.031023496316661448
87.5,7.5,10642,0.03608089046325855,NA,0.11643264915988892,0.042357908194070364
88.5,7.5,10643,0.037845326780600326,NA,0.0747115803642129,0.055575367145490016
89.5,7.5,10644,0.04090743427867413,NA,0.07669364709499095,0.06161976556383942
90.5,7.5,10645,0.04821513024466923,NA,NA,0.05482544219801265
91.5,7.5,10646,0.04142180591998421,NA,NA,0.06001993430133676
92.5,7.5,10647,0.04238762562109406,NA,NA,0.05360185066831469
93.5,7.5,10648,0.051204302524918636,NA,NA,0.0713749611429656
94.5,7.5,10649,0.08013133856280412,NA,NA,0.04315226672412809
95.5,7.5,10650,0.08659360486223133,NA,NA,0.04408739988465448
96.5,7.5,10651,0.08068021688197122,NA,NA,0.049837253360252
97.5,7.5,10652,0.047834840978164296,NA,NA,0.05765593591043234
98.5,7.5,10653,0.037878939874891535,NA,NA,0.051157798841373
100.5,7.5,10654,0.06593525357585682,NA,0.03989531115198767,0.05359887280876376
101.5,7.5,10655,0.10246733558188535,NA,0.05996753052303333,0.05778830243139973
-119.5,8.5,10666,0.026592218239392708,0.05615936078092437,NA,0.054755972973268806
-118.5,8.5,10667,0.027674408159988156,0.054270966150098424,NA,0.07149144663132811
-117.5,8.5,10668,0.03137190569456456,0.05496726688322532,NA,0.08949925705084967
-116.5,8.5,10669,0.03553122142025865,0.062154018902929306,NA,0.09270496381369431
-115.5,8.5,10670,0.037751059562683105,0.07106199956915875,NA,0.10366920759543062
-114.5,8.5,10671,0.04091688448798217,0.07109611404932205,NA,0.10589332897556117
-113.5,8.5,10672,0.05751680535862085,0.09284618427553587,NA,0.13379230428476152
-112.5,8.5,10673,0.06151918558839449,0.1151858225461809,NA,0.15402888001512027
-111.5,8.5,10674,0.06936918934461207,0.1323630043412948,NA,0.19062184826824183
-110.5,8.5,10675,0.07027641867571718,0.12147551515053467,NA,0.2054122691457003
-109.5,8.5,10676,0.0719915177080514,NA,NA,0.27120305353450974
-108.5,8.5,10677,0.09922955372560699,NA,NA,0.19255804322313436
-107.5,8.5,10678,0.11904025393149327,NA,NA,0.3052235915630239
-106.5,8.5,10679,0.13706010111414604,NA,NA,0.11285634436601305
-105.5,8.5,10680,0.21119156539018125,NA,NA,0.12713331994639732
-104.5,8.5,10681,0.16210295893109244,NA,NA,0.20276566551896483
-103.5,8.5,10682,0.08582773324048892,NA,NA,0.21523162706869506
-101.5,8.5,10683,0.12854515477984332,NA,NA,0.12127509153023518
-100.5,8.5,10684,0.09471981792259089,NA,NA,0.23341398464633667
-98.5,8.5,10685,0.0751922143714087,0.09948197148755603,0.1274852556913167,0.039007451245192476
-97.5,8.5,10686,0.092426981470077,0.05947864748397873,0.07952473801153558,0.07763637920400075
-96.5,8.5,10687,0.09507513679723087,0.07462025374904159,0.0778614432861109,0.06679472400432174
-95.5,8.5,10688,0.08453162592287902,0.055481568503369286,0.05529604292784321,0.06263714725011293
-94.5,8.5,10689,0.061950481732469545,0.04617454743835164,0.05097435862999753,0.08539111257415177
-93.5,8.5,10690,0.05196935850497173,0.044325719795913945,0.04154764601115376,0.1056378348951444
-92.5,8.5,10691,0.049585075944637375,0.04183421322071362,0.045893073498536205,0.12427977380874485
-91.5,8.5,10692,0.052253706032973996,0.04373298698034521,0.0439202651156569,0.08756803799338962
-90.5,8.5,10693,0.05475258886564076,0.04359876379215842,0.041101984342637066,0.06966922696286136
-89.5,8.5,10694,0.053833954290630696,NA,0.0299773566209522,0.05305954159608917
-88.5,8.5,10695,0.056167015642153505,NA,0.03255899803448211,0.06297149852720481
-87.5,8.5,10696,0.06439243215550601,NA,0.04193857186062786,0.07024834351082886
-86.5,8.5,10697,0.04035619992992465,NA,0.02733621094646346,0.04405010575004793
-85.5,8.5,10698,0.06663183103428388,NA,0.046054462034199,0.058256426937151586
-84.5,8.5,10699,0.08115843912009041,NA,0.04424188964050111,0.06749878766794926
-83.5,8.5,10700,0.11495876289760167,NA,0.05111187118618688,0.05247633208755652
-82.5,8.5,10701,0.05862821088192339,NA,0.06176116002861195,0.09304950972593073
-79.5,8.5,10702,0.04021954757029424,0.11361333902352572,0.04313059213423729,0.029564281010374175
-78.5,8.5,10703,0.0364046972923133,0.041152977827230985,0.04090120841000857,0.03176244965596687
-77.5,8.5,10704,0.028914676456071618,0.030566022627600588,0.02783077073352692,0.03387251879001468
-76.5,8.5,10705,0.040824300060379355,0.04283289501596336,0.05472820687437086,0.030886148325636752
-75.5,8.5,10706,0.05463786970250542,0.05870606750721332,0.06815032539861639,0.04382896145778214
-74.5,8.5,10707,0.04929987024291729,0.08001594958521177,0.06822897341679483,0.07439826788134915
-73.5,8.5,10708,0.038104107021717105,0.06006655848071859,0.04749821881119902,0.06670763701759985
-72.5,8.5,10709,0.01760045328181154,0.035122803806697675,0.04697774877561337,0.05090339453065978
-71.5,8.5,10710,0.030100215302925146,0.08439256702225276,0.05405906011367051,0.03176659068886467
-70.5,8.5,10711,0.044521260978712715,0.11254292515587025,0.041762387720363135,0.06880592396528291
-69.5,8.5,10712,0.03757739863933378,NA,0.034403398278254706,0.06676539035416594
-68.5,8.5,10713,0.06867868902224564,NA,0.06677093785324427,0.0710064812760351
-67.5,8.5,10714,0.061686058796055016,NA,0.07845853956763028,0.10008837337272204
-66.5,8.5,10715,0.09059956612960857,NA,0.10643813767901888,0.12710541841814332
-65.5,8.5,10716,0.08416815063577682,NA,0.1668603718459232,0.1354105549308363
-64.5,8.5,10717,0.09588120889914038,NA,0.16245541982638437,0.1423101531130087
-63.5,8.5,10718,0.09929986616582218,NA,0.2149455192424258,0.13926556088013223
-62.5,8.5,10719,0.03655600601032984,NA,0.027443174443014987,0.11205207527122978
-61.5,8.5,10720,0.07566582896808491,NA,0.06648849896822756,0.14077469969960443
-60.5,8.5,10721,0.12059259083633349,NA,0.2024588798349346,0.16025969958265232
-59.5,8.5,10722,0.14160707414794313,0.24215633153666785,0.18304134971500108,0.17319026489698885
-58.5,8.5,10723,0.17723232811086814,0.25241127697002885,0.19219067121973973,0.19173214707761005
-57.5,8.5,10724,0.16489249696018657,0.16528707452168936,0.11464993648360301,0.1318439913141122
-53.5,8.5,10725,0.1750181919591721,0.14606353710104486,0.04562398519009737,0.1479325314400263
-52.5,8.5,10726,0.1330455715132929,0.2782514377403438,0.08314501578488143,0.25813988739649374
-51.5,8.5,10727,0.2437743996671619,0.4163073509537421,0.10461171591726427,0.46265067296542556
-50.5,8.5,10728,0.20785159973546574,0.3287377544099923,0.1257909003285378,0.3383339001995862
-49.5,8.5,10729,0.22079943839388932,0.30576325299807056,0.13059731754308188,0.36495299114460017
-48.5,8.5,10730,0.13727055112813424,0.24928657015987107,0.20031668140553827,0.31250187799490287
-47.5,8.5,10731,0.21446604181309087,0.2643301862581895,0.10534736948357525,0.3786845699401156
-46.5,8.5,10732,0.25509585383858824,0.3075694233382574,0.2777362274064846,0.4246528688707982
-45.5,8.5,10733,0.20607527579225143,0.34777644917486333,0.294673736214036,0.4295458536781735
-44.5,8.5,10734,0.27052178575511204,0.3336638263259429,0.41433788976712527,0.49657357379054756
-43.5,8.5,10735,0.2569577637402911,0.2996534234111019,0.2031559779481384,0.53328579033105
-42.5,8.5,10736,0.17871724830714678,0.29445616887807563,0.1478963354786401,0.3651699475620926
-41.5,8.5,10737,0.22599761672480229,0.3080048533972302,0.15907150527703484,0.5366940949092042
-40.5,8.5,10738,0.21251238523443325,0.31780454128053265,0.31531718780200757,0.5011900829259303
-39.5,8.5,10739,0.16807914548298172,0.2750795234269469,0.214183301012032,0.4894268177081186
-38.5,8.5,10740,0.16293873481147197,0.2748676619362238,0.09364925089211336,0.42967864708579445
-37.5,8.5,10741,0.13669667100232266,0.24286179277519246,0.0662770092505949,0.32062285264598595
-36.5,8.5,10742,0.14808118137775567,0.24876826654960332,0.07219027876250271,0.30361954678291186
-35.5,8.5,10743,0.11402302130057178,0.21692475741061382,0.15451895193593806,0.2876268935922989
-34.5,8.5,10744,0.10866975376878947,0.2001264218134003,0.07190750661390972,0.27677953569904273
-33.5,8.5,10745,0.11052624588776898,0.2421885996346188,0.06761230172524815,0.26078593849472875
-32.5,8.5,10746,0.13980569602117296,0.2890490790724689,0.15925307610809136,0.3019742005214564
-31.5,8.5,10747,0.16086528991541366,0.2778374394433417,0.07857868691353141,0.3981085520258282
-30.5,8.5,10748,0.186034703193319,0.2712300111302858,0.10029440159259287,0.4438250968763693
-29.5,8.5,10749,0.12288095803357403,0.23869032096867307,0.06022398717346302,0.29411412724003777
-28.5,8.5,10750,0.14339605144617476,0.25471603071237175,0.08552179001698289,0.29600276199578596
-27.5,8.5,10751,0.15153084843256232,0.24132537597530535,0.07129016037191736,0.22777332699704703
-26.5,8.5,10752,0.11883886398117902,0.2406465558627918,0.0737528834903235,0.1633154112958608
-25.5,8.5,10753,0.11229728384287552,0.17437901187261765,0.15112517964448194,0.14767740886686234
-24.5,8.5,10754,0.11519303080043501,0.1690507510255708,0.08554008731845907,0.15226776638546458
-23.5,8.5,10755,0.11757804291400906,0.15497622731988941,0.08654396919066318,0.2124036340504321
-22.5,8.5,10756,0.1097875127119543,0.13988676602911168,0.13206614110620618,0.13045817727936057
-21.5,8.5,10757,0.10751983651816235,0.12573964244161,0.057767576410133394,0.12661272783442865
-20.5,8.5,10758,0.10117195919698525,0.1105271321166559,0.11569358298016078,0.11072583601072544
-19.5,8.5,10759,0.08739784137311622,0.09269587597565011,0.041382686576036144,0.11957691721190433
-18.5,8.5,10760,0.0909075095865108,0.09939493855957592,0.04056426464912289,0.11957424478495365
-17.5,8.5,10761,0.1088565416857672,0.09927567030233872,0.04042249859714587,0.11768142304323684
-16.5,8.5,10762,0.13185932575658282,0.10319673055874107,0.04008267849841865,0.08047814250702441
-15.5,8.5,10763,0.10123983928611892,0.1108998099576496,0.0851265099044231,0.07730568221033517
-14.5,8.5,10764,0.143101885471296,0.12904697285832306,0.1227653693627387,0.09681556204257863
-13.5,8.5,10765,0.13994365032746806,0.15007815109317307,0.1624497845222131,0.10867780357463942
-12.5,8.5,10766,0.16875184823816128,0.19159148029113518,0.18775484124834604,0.11671036635671268
-11.5,8.5,10767,0.1951171681893354,0.16281344507318973,0.16846216075997122,0.11455722023262022
-10.5,8.5,10768,0.17453164947123698,0.13528381982334423,0.20763156141759495,0.10534148389098734
-9.5,8.5,10769,0.1934149385440847,0.1255267324008049,0.18761981466459102,0.10344934054537412
-8.5,8.5,10770,0.16989847505158492,0.17209077406903664,0.17676156829882012,0.09994658829259764
-7.5,8.5,10771,0.18840868545070324,0.1296378250830801,0.14133271678950513,0.09665120144680561
-6.5,8.5,10772,0.1989317758592983,0.1280424988586212,0.08563414799387091,0.08271946383188748
-5.5,8.5,10773,0.1620035881768365,0.09642900228385502,0.07498921285293918,0.10431859048096562
-4.5,8.5,10774,0.165233647233842,0.09323740243790482,0.07226358240436916,0.11233520385011327
-3.5,8.5,10775,0.16252206967201394,0.0905834446498737,0.10680853953990291,0.10305320384180451
-2.5,8.5,10776,0.14876051342648647,0.08324763679816145,0.09521039061847107,0.09641966287778275
-1.5,8.5,10777,0.13510940368173469,0.07909400978384379,0.055480668733515974,0.07395328062654836
-0.5,8.5,10778,0.08882227162018458,0.04911716558487034,0.04312599257166211,0.07792590680777924
0.5,8.5,10779,0.07822245616110071,0.048223040419388755,0.04473542867138078,0.04906583384985868
1.5,8.5,10780,0.09438632565514177,0.05947935155012204,0.055792351964262715,0.07529841851098029
2.5,8.5,10781,0.08679678509026126,0.05642896317556458,0.0748279448980972,0.07853900325246586
3.5,8.5,10782,0.08140894484860561,0.053190620230756186,0.044990551676869085,0.06903039388817117
4.5,8.5,10783,0.07701043447426872,0.055953778615623936,0.07042396267683221,0.07443824150477991
5.5,8.5,10784,0.05925855804451931,0.03790225379792244,0.049659921368614975,0.04224343449076669
6.5,8.5,10785,0.05851613352642781,0.03813279878845843,0.047589238294539114,0.04048125990782977
7.5,8.5,10786,0.08217046622996976,0.05439533824199875,0.048596229599803725,0.05266743387006802
8.5,8.5,10787,0.08170092588360493,0.051544321011571005,0.048753189733633476,0.05976589450843201
9.5,8.5,10788,0.0831982148538034,0.050981977182038625,0.045526462066892884,0.055681431917677715
10.5,8.5,10789,0.0897972319078285,0.05586441285543149,0.05033280320257818,0.05273441767104148
11.5,8.5,10790,0.08856181015563429,0.05762342347989002,0.04420516789212654,0.04395026661952262
12.5,8.5,10791,0.11007967781057701,0.073294602954887475,0.05567701735735655,0.06160766541611405
13.5,8.5,10792,0.11169170391388775,0.07778747089630038,0.05943915432249385,0.07142206206067606
14.5,8.5,10793,0.11804562110689534,0.08047529503149917,0.06567533217238701,0.07415519577694901
15.5,8.5,10794,0.11696374122264556,0.0764620753968108,0.09596111065245909,0.07449691039747763
16.5,8.5,10795,0.11601179506194749,0.07710495138261265,0.06537705307037735,0.07236459833898504
17.5,8.5,10796,0.11055243138659959,0.08461690663714151,0.09713980096880735,0.08163557699363704
18.5,8.5,10797,0.10699611579932793,0.07412399849798712,0.09813063724675024,0.0784246732725766
19.5,8.5,10798,0.10214121034688706,0.07678200157752056,0.06718812197669076,0.07817569925483518
20.5,8.5,10799,0.10064632924485177,0.07471557472068178,0.06079604397517821,0.07049210463894802
21.5,8.5,10800,0.09676655380257435,0.07669542579836035,0.08673879352747853,0.06803171225004039
22.5,8.5,10801,0.07640156796555567,0.06998006469449344,0.05627670495908272,0.06933863216091467
23.5,8.5,10802,0.07927438000820115,0.06894049538985438,0.04830154097512315,0.05979758983572787
24.5,8.5,10803,0.0523331039965499,0.05821803173415073,0.037928568226185976,0.04626142363782049
25.5,8.5,10804,0.053571356250814016,0.055611241987966874,0.039243154170672784,0.044532907446636856
26.5,8.5,10805,0.05337101829001811,0.05449601239418353,0.03663213694900596,0.04567952255532958
27.5,8.5,10806,0.053294503512059,0.056079497658774465,0.038495819761868263,0.04530825867738348
28.5,8.5,10807,0.04907682444868695,0.0610536351390129,0.03735876870358372,0.04434055217217838
29.5,8.5,10808,0.04067277315764835,0.06043760406234208,0.050378294282757155,0.0480247602690898
30.5,8.5,10809,0.041632668288259185,0.05880143428126924,0.038443380486463376,0.04079238356253675
31.5,8.5,10810,0.03852131089929194,0.05806306846477007,0.03622814824701128,0.043867303233585044
32.5,8.5,10811,0.04141666898898709,0.05801588728832721,0.03502551614579431,0.04597925077010909
33.5,8.5,10812,0.038118626579104,0.057673837161437175,0.04041234128517064,0.040427773028518015
34.5,8.5,10813,0.03762315430602149,0.05703037694004382,0.04722239955694306,0.03801932368552067
35.5,8.5,10814,0.037657464189121255,0.056481055366306404,0.02971981723484532,0.03838624556015143
36.5,8.5,10815,0.036289208228262544,0.054906305859517564,0.04719206038985655,0.029896959737801477
37.5,8.5,10816,0.03700668134750766,0.05238150022913856,0.039214144318108456,0.030937959858313577
38.5,8.5,10817,0.03359286670920473,0.049872284508324295,0.04421703293159911,0.026670377743712212
39.5,8.5,10818,0.0351678771906156,0.05309048435034952,0.03444970811923635,0.03922687484072822
40.5,8.5,10819,0.033763235759061226,0.04897980350754696,0.02554353568376484,0.031121429397387764
41.5,8.5,10820,0.03479938544861107,0.043002519660819784,0.02933617856460075,0.03077341977070261
42.5,8.5,10821,0.04159799295391413,0.04359041678556638,0.027861621187590783,0.038780325136063394
43.5,8.5,10822,0.04017112490555773,0.047707405240955375,0.0394980334784581,0.022332157973982882
44.5,8.5,10823,0.03473014949308778,0.04427013046273439,0.02827065572000361,0.025817596407374223
45.5,8.5,10824,0.034347762327932026,0.04601472565237548,0.028969311503557166,0.02396057467211218
46.5,8.5,10825,0.03689977545163612,0.04540817326145789,0.03558214608603356,0.02550822169723624
47.5,8.5,10826,0.04349412368240701,0.04068792873394888,0.03266649615647037,0.02816475436885894
48.5,8.5,10827,0.040661660729539834,0.04003393391122408,0.024738261765914496,0.024830063362744906
49.5,8.5,10828,0.04165801199633807,0.041204921567245874,0.026720080595998355,0.026204088096206522
50.5,8.5,10829,0.03949653231519115,0.03993580614797725,0.03749594664530683,0.025754656217561376
51.5,8.5,10830,0.041284412071396805,0.039242346400650316,0.03517025838966226,0.022743571356670707
52.5,8.5,10831,0.041235024645711875,0.038259011168786446,0.023787613595675286,0.022835060564233994
53.5,8.5,10832,0.0367193030412495,0.042578236117472794,0.03249072063845644,0.023174477544663754
54.5,8.5,10833,0.03351642124395685,0.047746742826192456,0.029021134759008926,0.0235732845015258
55.5,8.5,10834,0.03238759379066254,0.04399653575358459,0.02664506829707167,0.02216817677500959
56.5,8.5,10835,0.02854411550697188,0.040964663069839195,0.018269564850530162,0.02223641419439296
57.5,8.5,10836,0.025439518050508748,0.03939618361824822,0.02458538973188225,0.021286889668135165
58.5,8.5,10837,0.024849832453279805,0.038791325220701466,0.023821757358074132,0.020797549663884696
59.5,8.5,10838,0.024650814789720636,0.03719255480373868,0.016054569280125115,0.019107775322859764
60.5,8.5,10839,0.02521229254879128,0.03344003892670722,0.02249920482859178,0.022060709642469097
61.5,8.5,10840,0.028434717896791677,0.034281823911501974,0.024057457675638307,0.022021254261470117
62.5,8.5,10841,0.030211268905205577,0.032376355952251745,0.02534196985995087,0.026448493900096823
63.5,8.5,10842,0.029405637309295084,0.02859284283999101,0.02752594763847399,0.025553992452894057
64.5,8.5,10843,0.034642742437127186,0.032263250337062774,0.03145251262627682,0.029452306536963395
65.5,8.5,10844,0.040523339975949556,0.03859105691404212,0.036447371533321095,0.03692899001962232
66.5,8.5,10845,0.0442987015894711,0.03989839349323823,0.03874831130051892,0.04015514211603807
67.5,8.5,10846,0.04730342352240096,0.038896049990725906,0.039614841030256004,0.04199486393756904
68.5,8.5,10847,0.057120515256775535,0.040693857266220324,0.04037712401415719,0.04138429267563766
69.5,8.5,10848,0.06464212668327407,0.044689157404612746,0.049406904002006057,0.048602800696293164
70.5,8.5,10849,0.06904433845917263,0.05104904856462424,0.05575588245718342,0.06466043941504837
71.5,8.5,10850,0.05717398547730026,0.0469005551788637,0.051160531329798385,0.0562606238773192
72.5,8.5,10851,0.04515877856655107,0.042152961446012,0.04611631405992703,0.0519591834888593
73.5,8.5,10852,0.04560451413175095,0.04499855915992282,0.052944870958066534,0.05759945868530105
74.5,8.5,10853,0.043032265553598334,0.04679727484076197,0.08236927547440745,0.0501653191074877
75.5,8.5,10854,0.0423422510290529,0.0404881618002468,0.07317424242376507,0.05087324879271394
76.5,8.5,10855,0.03601193676530692,0.03904547276104458,0.06779296793439683,0.03737617675341819
77.5,8.5,10856,0.027606425168112028,0.02865351200680654,0.04312414822135427,0.03181238655213917
78.5,8.5,10857,0.027917608587584207,0.03000645691677906,0.04294487952138472,0.05175404463537034
79.5,8.5,10858,0.03153608844501664,0.030113348831606403,0.03854400881959932,0.049841736072276564
80.5,8.5,10859,0.02977178158178226,NA,0.03479666842399745,0.049291151255497524
81.5,8.5,10860,0.049844411759814966,NA,0.05310520465992007,0.036344982480996255
82.5,8.5,10861,0.050832503498185244,NA,0.048816142748495814,0.03634057589837777
83.5,8.5,10862,0.0524478619108787,NA,0.04943948831492891,0.03214311551299149
84.5,8.5,10863,0.045704096077183426,NA,0.04789846612881738,0.029916136824926536
85.5,8.5,10864,0.033930693682697334,NA,0.08384433541270059,0.03639132633403188
86.5,8.5,10865,0.0370169045511667,NA,0.09633986401479787,0.035664055614877524
87.5,8.5,10866,0.03249479738507061,NA,0.110270985767797,0.03773137367297814
88.5,8.5,10867,0.03393921870730845,NA,0.13020352773947325,0.046541650229968125
89.5,8.5,10868,0.04642413111351684,NA,0.14722198324549476,0.06829976993013409
90.5,8.5,10869,0.044690316129797,NA,NA,0.05582796613774802
91.5,8.5,10870,0.048275106444530244,NA,NA,0.04879543065723051
92.5,8.5,10871,0.04397554084778448,NA,NA,0.046665928647843406
93.5,8.5,10872,0.049871867152843447,NA,NA,0.05703703385773398
94.5,8.5,10873,0.05462262139116523,NA,NA,0.04540733910225343
95.5,8.5,10874,0.048751217761426,NA,NA,0.0491799784539058
100.5,8.5,10875,0.0355010631401655,NA,0.038162114374539514,0.03761688907121453
101.5,8.5,10876,0.024058490884772882,NA,0.09100270993558018,0.11217378102698825
-119.5,9.5,10886,0.04609507003622625,0.07594970906360216,NA,0.0759324986463161
-118.5,9.5,10887,0.03788814825057947,0.06397235805608692,NA,0.07129169737384725
-117.5,9.5,10888,0.037885046009717094,0.06428652278987712,NA,0.08127936220443538
-116.5,9.5,10889,0.042101368930868965,0.06703780676534618,NA,0.101459098705359
-115.5,9.5,10890,0.06087980272846662,0.07173330232117316,NA,0.1044111934810179
-114.5,9.5,10891,0.07752578538452494,0.07785622697804091,NA,0.1010464388185043
-113.5,9.5,10892,0.0928820634370148,0.09957151847432276,NA,0.16212368050404638
-112.5,9.5,10893,0.13059808033065243,0.11545465918800878,NA,0.17871766222773142
-111.5,9.5,10894,0.13852693629057455,0.12718030487112694,NA,0.23891470063087958
-110.5,9.5,10895,0.10396284574098007,0.1663926642651294,NA,0.20896369982121196
-109.5,9.5,10896,0.08289429279844149,NA,NA,0.1937780896350948
-108.5,9.5,10897,0.11050692975013943,NA,NA,0.23116005822087013
-107.5,9.5,10898,0.09884079724483062,NA,NA,0.11583750436885153
-106.5,9.5,10899,0.08244058416023915,NA,NA,0.1190617697347496
-105.5,9.5,10900,0.17127357592283174,NA,NA,0.24929527210020644
-104.5,9.5,10901,0.3430310789771328,NA,NA,0.42532018078289135
-98.5,9.5,10902,0.08442947103665996,0.07515487122113078,0.07250406707540245,0.0673816623368847
-97.5,9.5,10903,0.07345785747817137,0.06671540181779,0.06815143493035389,0.06333435486951307
-96.5,9.5,10904,0.07248298599673521,0.05888417902217912,0.04666892087488126,0.06374571842224326
-95.5,9.5,10905,0.08497746690664308,0.06932543095999655,0.039223798970547875,0.06998836772570856
-94.5,9.5,10906,0.07027168987637117,0.05228825973295965,0.035266235131452627,0.07489170211162469
-93.5,9.5,10907,0.05993726264780023,0.0394147641925027,0.031659143290635676,0.0572402649943223
-92.5,9.5,10908,0.05414497108436093,0.039314343713569795,0.033075855083306877,0.0697000008129732
-91.5,9.5,10909,0.054493766044383316,0.04179492019067558,0.0322742085467798,0.07912626680651297
-90.5,9.5,10910,0.06058801122663262,0.040582522351962,0.027156941293836338,0.055847109714366926
-89.5,9.5,10911,0.0736244216557082,NA,0.035366341611602604,0.055748578681040606
-88.5,9.5,10912,0.08029585325330056,NA,0.037480865860543056,0.05655881952416791
-87.5,9.5,10913,0.0838827141004378,NA,0.05175033255094022,0.07527452075294119
-86.5,9.5,10914,0.06745487558555772,NA,0.0419632499864435,0.0814999898044833
-85.5,9.5,10915,0.0613805325169805,NA,0.04302424064694391,0.04498551552805378
-84.5,9.5,10916,0.07910330580196574,NA,0.04443743419998971,0.049774075763088635
-83.5,9.5,10917,0.08968382461083473,NA,0.050397240326371134,0.05463903596971649
-82.5,9.5,10918,0.058908073907081665,NA,0.05511861841280116,0.057542357966397374
-80.5,9.5,10919,0.2008703156236667,NA,0.11026172671206466,0.062027829673406386
-79.5,9.5,10920,0.04412316642767865,0.053448617448508,0.050243025708172476,0.03261231196371888
-78.5,9.5,10921,0.0330289778535547,0.043351712852902576,0.03656800556306557,0.03096901242756051
-77.5,9.5,10922,0.036070130364974196,0.0370506155493449,0.032683014817559156,0.03522903008148358
-76.5,9.5,10923,0.03099764495702062,0.04036071597907261,0.03836569903451675,0.03842320961530619
-75.5,9.5,10924,0.06248210625538927,0.08579490942628659,0.04251709814988804,0.06262207676777605
-73.5,9.5,10925,0.05468782729849014,0.07610617081593574,0.10654072880825065,0.09269051247421528
-72.5,9.5,10926,0.04100455942870222,0.07228211335109601,0.13836498898686667,0.049611959611947545
-71.5,9.5,10927,0.018824900798274927,0.08467151645967844,0.11092741083317677,0.03860538419267953
-70.5,9.5,10928,0.0634012685126767,0.10316083023443293,0.12063341254302726,0.06468825969267628
-69.5,9.5,10929,0.04744952373648599,NA,0.09529115307869844,0.05720582229525266
-68.5,9.5,10930,0.04758263157534683,NA,0.03887054612525625,0.061035876249062815
-67.5,9.5,10931,0.06472436315366627,NA,0.08673436784536176,0.09173000240039535
-66.5,9.5,10932,0.09631387355044599,NA,0.10872044514350779,0.1311534825910717
-65.5,9.5,10933,0.0831252930377258,NA,0.11164665614120158,0.12697149954183068
-64.5,9.5,10934,0.10928373575078539,NA,0.14914620963048061,0.12906745427309607
-63.5,9.5,10935,0.1117956261821517,NA,0.15437285815117383,0.12546929981338373
-62.5,9.5,10936,0.1394023361649514,NA,0.16609716233421734,0.16901897333670396
-60.5,9.5,10937,0.08900717256220418,NA,0.09065664686120921,0.146062747090374
-59.5,9.5,10938,0.1171036936800922,0.20539236447087642,0.19668128393583803,0.14389545112507665
-58.5,9.5,10939,0.19356743739595986,0.26861289225405033,0.2731840488901892,0.15495010426820396
-57.5,9.5,10940,0.21397032617794934,0.3706079843279347,0.257210768351582,0.1211694636650255
-53.5,9.5,10941,0.14703652818997046,0.22348656585296026,0.07373328372460951,0.18143589624302836
-52.5,9.5,10942,0.13368569633966024,0.3470511147603837,0.07981830245318465,0.29783689009764536
-51.5,9.5,10943,0.21628267106934404,0.3974477488287672,0.09927921146637053,0.37679331450365566
-50.5,9.5,10944,0.17901500006793772,0.2775556414670147,0.12366473069302661,0.34203419171118604
-49.5,9.5,10945,0.10931134694982225,0.21024541397096122,0.08963223160917051,0.2305192035542511
-48.5,9.5,10946,0.11168670321598957,0.2000920016479956,0.10943701392740189,0.27181544412496783
-47.5,9.5,10947,0.15023497327336874,0.22449570988466958,0.1210369610699627,0.28896997987438877
-46.5,9.5,10948,0.20014289692449322,0.2925511578735083,0.30310879783026584,0.38363337990769175
-45.5,9.5,10949,0.22606288041098388,0.34416687351112535,0.14044864263035825,0.28107787889238584
-44.5,9.5,10950,0.25703163490804803,0.3353473823637334,0.13729868022689487,0.39506034889223396
-43.5,9.5,10951,0.18671079975934599,0.2819396830452398,0.12218422921490885,0.3873973303040184
-42.5,9.5,10952,0.16770519115616084,0.28678939502396844,0.2920546210180651,0.4047498753211403
-41.5,9.5,10953,0.1834908065578218,0.3273469802812071,0.34423152782709776,0.494384653516977
-40.5,9.5,10954,0.16852011179695076,0.4032207790129158,0.2922918376232388,0.4291080106132138
-39.5,9.5,10955,0.20877830966002522,0.41087005103634794,0.328894512047234,0.511323635591596
-38.5,9.5,10956,0.17308533160707437,0.3445900616951611,0.13071237436468647,0.42676451385125624
-37.5,9.5,10957,0.13146197809217705,0.2687045126745144,0.09680815120436112,0.33870870842487705
-36.5,9.5,10958,0.10927584830592171,0.2331587529976106,0.08478994070119952,0.26434048801140286
-35.5,9.5,10959,0.10039854100622705,0.21265558873930768,0.15341989251602345,0.2561625999022109
-34.5,9.5,10960,0.09519584131887769,0.18227246402401892,0.15251821043575833,0.2355136641359865
-33.5,9.5,10961,0.09550971052899193,0.19227184451730733,0.07417010745562494,0.2360454528547159
-32.5,9.5,10962,0.09813056913809372,0.23589077207021414,0.07846174016036782,0.2559715967769576
-31.5,9.5,10963,0.11498295729710885,0.22249614542520152,0.07489058333581354,0.2482609344199156
-30.5,9.5,10964,0.12239229947408214,0.25466441790861627,0.08882905834016758,0.26909055855319436
-29.5,9.5,10965,0.11403134773551866,0.24253232005399641,0.1011420684995596,0.27995243358320826
-28.5,9.5,10966,0.10765892375709125,0.20546934517661203,0.09397358714560866,0.2698276022799115
-27.5,9.5,10967,0.09314449150170276,0.17733111924548592,0.07721649762403301,0.2004443323179368
-26.5,9.5,10968,0.11140897933558608,0.225924760530317,0.07024918724972677,0.21042412444905703
-25.5,9.5,10969,0.1144462304679994,0.22855805505790955,0.07136991099579128,0.19145333784610763
-24.5,9.5,10970,0.1131855506817207,0.23068080547725897,0.08699656177018086,0.23377295314258548
-23.5,9.5,10971,0.08442858751150664,0.1333147247167769,0.05816124195870436,0.166536902878638
-22.5,9.5,10972,0.07946128743132208,0.16259925067254902,0.04903957173197281,0.13545289831486662
-21.5,9.5,10973,0.07884791102266213,0.1498720572722087,0.04744564837686597,0.13543279862813526
-20.5,9.5,10974,0.07668504756365911,0.14354759321233332,0.04791787721317985,0.12501124578764497
-19.5,9.5,10975,0.0725812318839411,0.12411637182162473,0.08544060046728252,0.11715888561526437
-18.5,9.5,10976,0.07534351424922055,0.1347296120509155,0.08701314881479862,0.1136825624266068
-17.5,9.5,10977,0.08438646051717257,0.13818993085565812,0.043024012722491706,0.11308449964942452
-16.5,9.5,10978,0.08733861724833356,0.14193253447840876,0.045617295613214384,0.08507178230480872
-15.5,9.5,10979,0.09292963731499077,0.11064010426694701,0.11664522007648302,0.08302701527685603
-14.5,9.5,10980,0.10876379680553447,0.15683589102510465,0.14965100732064893,0.089799332771363
-13.5,9.5,10981,0.11655063631918505,0.17215327745619788,0.1918735206377361,0.10068369755014736
-12.5,9.5,10982,0.15497489203216178,0.1847929052675463,0.19533331378033367,0.10755482123537301
-11.5,9.5,10983,0.14870243320314272,0.19325380966467612,0.18222781600613688,0.10663195323506872
-10.5,9.5,10984,0.13292870900557613,0.1529046957556987,0.1917586455449483,0.0990783686337408
-9.5,9.5,10985,0.17139449845864896,0.15983301688544263,0.1814040881981566,0.114320070186588
-8.5,9.5,10986,0.1984942631342544,0.15860824600132248,0.15978206980187362,0.1066899029599853
-7.5,9.5,10987,0.1949940452189531,0.13502797846505402,0.1380693785132932,0.1344227616931688
-6.5,9.5,10988,0.1599241737314921,0.10642317231693094,0.10560040630086304,0.10494281050001257
-5.5,9.5,10989,0.148519752257363,0.10856166634084816,0.10762446092166117,0.10852378664496903
-4.5,9.5,10990,0.1486904343980017,0.10148594856799731,0.06965214520315077,0.11458771120053575
-3.5,9.5,10991,0.12922607986555953,0.09026381519890057,0.0675922647985484,0.10418274237337538
-2.5,9.5,10992,0.10140787390642354,0.07945546846311843,0.060911569027439924,0.08463371784055618
-1.5,9.5,10993,0.09423312743344398,0.0739332740569384,0.05769438405337317,0.07394160812892848
-0.5,9.5,10994,0.06566115417845936,0.04695825758521558,0.0548951004127654,0.03740795085096187
0.5,9.5,10995,0.06073580275929029,0.05220507547506649,0.05171088456804553,0.038593386198165776
1.5,9.5,10996,0.05656946748947385,0.04776547745928552,0.05677369748588979,0.03386891857791549
2.5,9.5,10997,0.07662388495790512,0.06285283824128626,0.07245021429759867,0.0479677416275254
3.5,9.5,10998,0.07943057024401251,0.06510365433828853,0.0499680346264867,0.0467020367128436
4.5,9.5,10999,0.0791625643937484,0.06308654220204639,0.074048988739658,0.04836615887202262
5.5,9.5,11000,0.0636669758748496,0.05005938093143179,0.06826073779455842,0.044014552404636115
6.5,9.5,11001,0.06648662603627668,0.051929576002243,0.06979212092296544,0.04704021105755734
7.5,9.5,11002,0.06812660417993134,0.05600184695698001,0.05380546911712524,0.04395415623143156
8.5,9.5,11003,0.06302592431004396,0.05107473347318312,0.046597472437190465,0.040127585150030246
9.5,9.5,11004,0.06601003440951553,0.051330722380409324,0.06866481368722609,0.039041203615724225
10.5,9.5,11005,0.06041357116061262,0.05348882637992509,0.04672314331491018,0.043359627296880046
11.5,9.5,11006,0.06427455848731267,0.04999770803352345,0.04810140094940425,0.04246859343732563
12.5,9.5,11007,0.06672281029971167,0.05760702959445151,0.07840194325588848,0.042626879918416655
13.5,9.5,11008,0.08249390569071481,0.06453032717848946,0.0923033096454672,0.05959252286099488
14.5,9.5,11009,0.08967612881011632,0.06934628393831668,0.06290294692508903,0.07004129775488123
15.5,9.5,11010,0.09165356160879146,0.07332839815158164,0.1046335725355011,0.07028549379903866
16.5,9.5,11011,0.10876886807636373,0.08081884786456542,0.10089320661257688,0.07527974577341856
17.5,9.5,11012,0.09395146740742415,0.07854402194291979,0.08947904836984795,0.07494400838534458
18.5,9.5,11013,0.09093305430787277,0.07805111170818615,0.09158552979887387,0.06392469993715924
19.5,9.5,11014,0.0879914617802255,0.07720748042849145,0.08986391268447728,0.062291989440666565
20.5,9.5,11015,0.07362010577260959,0.07930200571122652,0.05833344755507743,0.06432853527788113
21.5,9.5,11016,0.06573197195459067,0.07200845613625816,0.05348981466681745,0.053938246178665494
22.5,9.5,11017,0.05780125791340275,0.06757988518640622,0.05666848566060557,0.050770927222238395
23.5,9.5,11018,0.04367886586629355,0.05602307369030208,0.04398853972937696,0.04360302616006902
24.5,9.5,11019,0.042476212646013714,0.05110801927947133,0.04287266485253985,0.04037206588646079
25.5,9.5,11020,0.04384707595493963,0.04912825593321579,0.044192517044979035,0.03951041168300623
26.5,9.5,11021,0.036501513136160665,0.04220556518883567,0.04331946054850847,0.04030545981914714
27.5,9.5,11022,0.03744122976225699,0.04296677569811392,0.06254402441056454,0.0382182641999871
28.5,9.5,11023,0.034301802116001645,0.04142693121254349,0.045096606341676046,0.03750496384646934
29.5,9.5,11024,0.033626360363058175,0.041719149929017915,0.054733572013541454,0.03535303954008657
30.5,9.5,11025,0.035690799205398784,0.04148080514252312,0.04007110592993907,0.0347237759807412
31.5,9.5,11026,0.03588405970776236,0.042186238048739666,0.04328698285329534,0.033542748121590575
32.5,9.5,11027,0.03234607038063275,0.04049132422116993,0.0504711461242098,0.03432871071842319
33.5,9.5,11028,0.03147772108772589,0.047769847324534244,0.05444262791594541,0.03187081936589134
34.5,9.5,11029,0.03303773481073022,0.04801814063081291,0.05633928634758776,0.030682645247755914
35.5,9.5,11030,0.03338263821753484,0.04530798067407593,0.0545470505363841,0.030946062908912202
36.5,9.5,11031,0.032204706112919916,0.04267679626176108,0.036179700275283486,0.030434843807724286
37.5,9.5,11032,0.02847757930453236,0.0423558665705764,0.044965779725658725,0.029765451558197275
38.5,9.5,11033,0.026281180414848324,0.04023690916340043,0.041700342239579524,0.03031411059319964
39.5,9.5,11034,0.025989832627948933,0.03868338177651372,0.04493922044077977,0.030840024443547946
40.5,9.5,11035,0.025779817035593143,0.037717432633356585,0.03905880180636941,0.03112100243704691
41.5,9.5,11036,0.025652910748215657,0.034312893778291664,0.040980092515270655,0.03077430249361944
42.5,9.5,11037,0.02549906625742768,0.0344462065463041,0.040980092515270655,0.030639444481525144
43.5,9.5,11038,0.024276894933420716,0.03658781774138733,0.041719998942425285,0.030335013865634516
44.5,9.5,11039,0.023549414238274058,0.03561230247779941,0.0497201374401688,0.02940988663334574
45.5,9.5,11040,0.024223598348988875,0.035424194921493575,0.049677735309759344,0.029791144340679882
46.5,9.5,11041,0.024469045554071145,0.032786011453368125,0.031185213845077435,0.02969461289393002
47.5,9.5,11042,0.02664163537826514,0.03415761551287477,0.02974221936201306,0.030180158428125912
48.5,9.5,11043,0.024336626409748482,0.03648980805293617,0.02768600530897969,0.029876783417246228
49.5,9.5,11044,0.026154309938463915,0.036488880358591276,0.02674228611433275,0.02731108304917904
50.5,9.5,11045,0.02489197440429852,0.03614678149639812,0.026210105819565198,0.025490513106144794
51.5,9.5,11046,0.024053602080293373,0.034907012728880034,0.02410378843081645,0.025482237201551634
52.5,9.5,11047,0.021420507270571227,0.034304739157458575,0.025322503910296865,0.027484485396441362
53.5,9.5,11048,0.020629826303920008,0.035101047740974424,0.030558300883082052,0.026957822984853858
54.5,9.5,11049,0.022219281373725416,0.03509932200941261,0.027225328823500483,0.021043643293587818
55.5,9.5,11050,0.020536174909154593,0.03581519140599091,0.02771342151902638,0.030340824893407007
56.5,9.5,11051,0.020959367999365958,0.03765624153015203,0.02679323203711944,0.025732631406929676
57.5,9.5,11052,0.02071064641730704,0.04238927608431866,0.026858624191228482,0.028679418992464255
58.5,9.5,11053,0.021429344950343536,0.03661432709546305,0.02677666943955931,0.02919499229205304
59.5,9.5,11054,0.022875377812942976,0.03146437746221595,0.02558452688763144,0.03762033971674903
60.5,9.5,11055,0.024073376748213814,0.030294768410067716,0.024870198874305628,0.03011226588638139
61.5,9.5,11056,0.02507415913879732,0.031089545009427313,0.025005963518806743,0.03270852353486416
62.5,9.5,11057,0.025580216271312347,0.027675392593732293,0.025677875496903264,0.033291954889275624
63.5,9.5,11058,0.02664541936420298,0.02893022068651468,0.028215688118105136,0.034406333246710635
64.5,9.5,11059,0.03383824585315285,0.035634553926609205,0.037755002140766714,0.029214666418337903
65.5,9.5,11060,0.036208863672651595,0.04116539507392595,0.04511091984750635,0.03909374756097881
66.5,9.5,11061,0.0404298513406241,0.04316991117041019,0.05192688000279036,0.058724345965627776
67.5,9.5,11062,0.04054944148617508,0.0436158395147819,0.08744825017381919,0.04836592566607846
68.5,9.5,11063,0.044784684882419684,0.04790978644347252,0.05528622512717073,0.0648424739537996
69.5,9.5,11064,0.04951541944387598,0.04871512940451844,0.06225807462023952,0.042766194467227986
70.5,9.5,11065,0.050164568169416744,0.05777820356329197,0.05766708975099688,0.06037630422497821
71.5,9.5,11066,0.06116689432519776,0.05439941994637386,0.04600335039125499,0.05202531410853969
72.5,9.5,11067,0.05756924239695852,0.060744710482452814,0.05032050791885135,0.05985353646635934
73.5,9.5,11068,0.04792043711084864,0.04873879183656811,0.03711198387715619,0.04426982568529613
74.5,9.5,11069,0.04161345767085986,0.047419256458555804,0.02669322429286808,0.044989383799849195
75.5,9.5,11070,0.037669136349585415,0.04156315837237624,0.032445328944575545,0.038382509683843935
76.5,9.5,11071,0.038878851675567816,0.03831202180509782,0.035467188205469034,0.045300388003587266
77.5,9.5,11072,0.030348937176453757,0.03127085768548993,0.02854927213984529,0.03637190077114995
78.5,9.5,11073,0.02840720067982668,0.030118076369202135,0.03069200092189957,0.035795572425065626
79.5,9.5,11074,0.029704354374146678,0.02913750956891746,0.03675303041094643,0.03592600545218009
80.5,9.5,11075,0.03153903830065546,NA,0.04593689968652024,0.034748714135967064
81.5,9.5,11076,0.032967386462293004,NA,0.04403696966208151,0.036832431655691424
82.5,9.5,11077,0.030565455707028653,NA,0.04478091310979725,0.036297206567060446
83.5,9.5,11078,0.0301484004087404,NA,0.047769295309104856,0.037168223394977
84.5,9.5,11079,0.03701671430804634,NA,0.08017637706765957,0.09344325448112563
85.5,9.5,11080,0.034052997369118564,NA,0.05558153448216007,0.049559160783396776
86.5,9.5,11081,0.033236180903827135,NA,0.05550545745117752,0.04504466277832302
87.5,9.5,11082,0.03167548762398718,NA,0.06071494164088435,0.04667754331573008
88.5,9.5,11083,0.034747059827271845,NA,0.06225910881936499,0.04348502504584002
89.5,9.5,11084,0.0408751555044908,NA,0.06599292528839569,0.042445405281082885
90.5,9.5,11085,0.03875229327575185,NA,NA,0.03570730234010807
91.5,9.5,11086,0.038505833296754235,NA,NA,0.03451030820139626
92.5,9.5,11087,0.05428246834875923,NA,NA,0.04650817714387876
93.5,9.5,11088,0.048863237848666245,NA,NA,0.041679447839296745
94.5,9.5,11089,0.06545360216687325,NA,NA,0.09417372631426599
95.5,9.5,11090,0.05015578384281884,NA,NA,0.0520678448006721
-128.5,10.5,11091,0.02736110650359766,NA,NA,0.08054103077849432
-127.5,10.5,11092,0.05326782220367772,NA,NA,0.07828043260989731
-126.5,10.5,11093,0.04783300529204262,NA,NA,0.07351225106593316
-125.5,10.5,11094,0.047548752827357856,NA,NA,0.06952048065562584
-124.5,10.5,11095,0.045561239739992994,NA,NA,0.06271951708663971
-123.5,10.5,11096,0.04168623422862589,NA,NA,0.061925428080727894
-122.5,10.5,11097,0.04129450138746599,NA,NA,0.05493467514486058
-121.5,10.5,11098,0.044056532321934815,NA,NA,0.06843165941506889
-120.5,10.5,11099,0.05288494336937636,NA,NA,0.04884801661577542
-99.5,10.5,11116,0.062357361037624556,NA,NA,NA
-98.5,10.5,11117,0.06280300096785874,NA,NA,NA
-97.5,10.5,11118,0.06925056737542336,NA,NA,NA
-96.5,10.5,11119,0.0603693185274509,NA,NA,NA
-95.5,10.5,11120,0.0714981604368397,NA,NA,NA
-94.5,10.5,11121,0.08352942068368858,NA,NA,NA
-93.5,10.5,11122,0.07245117394883523,NA,NA,NA
-92.5,10.5,11123,0.0681403309252601,NA,NA,NA
-91.5,10.5,11124,0.058178568935456525,NA,NA,NA
-90.5,10.5,11125,0.06432595253185776,NA,NA,NA
-89.5,10.5,11126,0.07549244228915603,NA,NA,NA
-88.5,10.5,11127,0.07997091536433498,NA,NA,NA
-87.5,10.5,11128,0.06521036694589812,NA,NA,NA
-86.5,10.5,11129,0.05971880832846077,NA,NA,NA
-85.5,10.5,11130,0.06304279541814695,NA,NA,NA
-84.5,10.5,11131,0.07680321974728997,NA,NA,NA
-83.5,10.5,11132,0.10448742040648527,NA,NA,NA
-82.5,10.5,11133,0.09011684418682475,NA,NA,NA
-80.5,10.5,11134,0.052278821205857313,NA,NA,NA
-69.5,10.5,11142,0.04164341940353553,0.08437599436790873,0.08029669583772622,0.05100961010199174
-68.5,10.5,11143,0.0422164731859902,0.10595314197862492,0.04263976819549885,0.06348567171922126
-67.5,10.5,11144,0.07055242195476201,0.20761561792732317,0.058514893640688626,0.09468019921716528
-66.5,10.5,11145,0.09286520761111064,0.16286426748870342,0.10157597405350687,0.0867679701588474
-65.5,10.5,11146,0.067016818027703,0.09729576740974374,0.08508544875846955,0.07124040189507094
-64.5,10.5,11147,0.09995955906128311,0.17639491527536136,0.15555956529262197,0.11652054125777012
-63.5,10.5,11148,0.13184531176460448,0.1856340823950653,0.16945353577274141,0.1434412194566908
-62.5,10.5,11149,0.12987304242023562,0.19279050746537182,0.1691423288346925,0.13309524591632083
-61.5,10.5,11150,0.11175025133437366,0.15341365152683,0.09918414950269389,0.11259643098954739
-59.5,10.5,11151,0.0921665018096903,0.065775813679162215,0.09236721303761411,0.1473304872557189
-58.5,10.5,11152,0.3599149231391686,0.25911978370438027,0.2393215506171017,0.1870253810166555
-57.5,10.5,11153,0.12514337658772842,0.47699476324318846,0.3107530646182969,0.3080350533008272
-53.5,10.5,11154,0.2627564454819396,0.6627440175699928,0.4579306311636514,0.38738466641083763
-52.5,10.5,11155,0.23131499221522772,0.4402250414541801,0.11087699830721405,0.4118313919859013
-51.5,10.5,11156,0.16763493032151588,0.3417569053943908,0.08360346166870704,0.29801424490440437
-50.5,10.5,11157,0.17450635906663237,0.34413902993550766,0.11378732978557705,0.28400550097647337
-49.5,10.5,11158,0.23042842394727703,0.37689881215751125,0.24158568968151223,0.3190270880690348
-48.5,10.5,11159,0.1631005246755322,0.24847583238341378,0.09703734710044103,0.2625599253728253
-47.5,10.5,11160,0.16650450029051517,0.24205143649158367,0.08101039850216993,0.2491942553757088
-46.5,10.5,11161,0.1982399205882065,0.32019410071450805,0.25016400274533335,0.3086974816965598
-45.5,10.5,11162,0.19865781570267182,0.38912584055025223,0.09814616121504964,0.29058027369725953
-44.5,10.5,11163,0.19835028293781207,0.3880365438928896,0.10306620055800808,0.28067278830968334
-43.5,10.5,11164,0.2445362181695777,0.3603535621305924,0.11845578566552112,0.34027221387187384
-42.5,10.5,11165,0.24118268099647192,0.3498252602875215,0.2797969606769331,0.3494832910959346
-41.5,10.5,11166,0.21374799989574067,0.3017253455810385,0.13184268230629848,0.37504971198767867
-40.5,10.5,11167,0.21685086728768743,0.3111793421092821,0.2725714116676234,0.37414742527875366
-39.5,10.5,11168,0.23112828515579123,0.2651266181677204,0.12781952202473018,0.4078122154978173
-38.5,10.5,11169,0.21163070081622615,0.29846527409490664,0.11758279084669819,0.35692712033192514
-37.5,10.5,11170,0.14658143656806372,0.19773678829311564,0.10572235034484492,0.28331748274786744
-36.5,10.5,11171,0.10218504965029748,0.192777893435831,0.07781563368273407,0.22754382064397674
-35.5,10.5,11172,0.10128583726069296,0.19227650650130232,0.0799760062098832,0.22344837094860054
-34.5,10.5,11173,0.11155030373314569,0.1600253923557132,0.07973943115990752,0.20803290467859376
-33.5,10.5,11174,0.10761944637007574,0.1870808681591438,0.15359525552799633,0.19138794279831825
-32.5,10.5,11175,0.1041048498856925,0.18714964989681362,0.07502679506948652,0.17967578670378756
-31.5,10.5,11176,0.10927467990600569,0.20392249817924643,0.08159584809781735,0.1952579560109874
-30.5,10.5,11177,0.12353981542572448,0.1816143918547269,0.09600435607932473,0.26274471341813593
-29.5,10.5,11178,0.11622159049163011,0.22373209194489602,0.09564142146539263,0.24470018560052856
-28.5,10.5,11179,0.11663902344757249,0.2085608594613178,0.09147560160979244,0.15086059750928815
-27.5,10.5,11180,0.09651525062959361,0.16047887567150235,0.07308282591125145,0.12378484641708534
-26.5,10.5,11181,0.08910127112149815,0.1585744857296287,0.06169882492920965,0.11122191868476958
-25.5,10.5,11182,0.08408880111734005,0.16896016427536023,0.06563661071848212,0.15724436521665036
-24.5,10.5,11183,0.08521894139255637,0.1608738242525033,0.06590004169287957,0.15248208333375085
-23.5,10.5,11184,0.08335089567415828,0.14684801526894062,0.06570156998766445,0.15149921929762317
-22.5,10.5,11185,0.08099235561259453,0.13314577449017043,0.12694750094249282,0.1366644629436226
-21.5,10.5,11186,0.08539943626065473,0.1569871753813476,0.06445692091638887,0.12874758603658595
-20.5,10.5,11187,0.07989363168903588,0.12393102402468052,0.057833764045799686,0.11774677399485879
-19.5,10.5,11188,0.07028307018140918,0.11149373081559824,0.09365747317425151,0.09479650198599382
-18.5,10.5,11189,0.07730838045163795,0.10432494955637917,0.11028779951539447,0.10587961675965109
-17.5,10.5,11190,0.08162647633037362,0.11961594034755445,0.04379936173318488,0.07264691046716729
-16.5,10.5,11191,0.08901269427297766,0.15283646732365402,0.12397285377956399,0.12580693835022894
-15.5,10.5,11192,0.09935563556533558,0.15992249672279582,0.14561133807963672,0.14763725380318812
-14.5,10.5,11193,0.09558180084077979,0.15379717175204188,0.15758850257697943,0.160261956723974
-13.5,10.5,11194,0.10945012878300821,0.16959209274259987,0.2278260185484964,0.12602095723011858
-12.5,10.5,11195,0.11895667023476128,0.17463343722335675,0.2142732969747919,0.11981556940008987
-11.5,10.5,11196,0.11543179379353018,0.14945627613926074,0.17136536815215284,0.12345704518938078
-10.5,10.5,11197,0.13037849825091852,0.16596179264174696,0.17624012523766727,0.11454796811406054
-9.5,10.5,11198,0.10962662764761467,0.13708718210016402,0.16780623275211834,0.09711408311244939
-8.5,10.5,11199,0.1278947693324996,0.16378139119805585,0.13838097958608564,0.1311891381364455
-7.5,10.5,11200,0.11927775698959688,0.12666599019302133,0.07783005718750008,0.10632614634307998
-6.5,10.5,11201,0.10273483189969405,0.10055229487181096,0.07205016866956991,0.09346434112607134
-5.5,10.5,11202,0.10868039285541393,0.11706074307809002,0.06885011403461554,0.08750167405379869
-4.5,10.5,11203,0.09348052444734126,0.11143945458736312,0.06339287255680674,0.0784085418161697
-3.5,10.5,11204,0.08287497682901468,0.10753884397438239,0.05329237087434498,0.06573073864802587
-2.5,10.5,11205,0.06481057677189754,0.07260359721307864,0.04191659236094537,0.04977211218062875
-1.5,10.5,11206,0.06772711178631828,0.08307762212343905,0.041791882919741265,0.04465710469155529
-0.5,10.5,11207,0.048044673255355545,0.04571281558105539,0.03348846284008436,0.03216091657681032
0.5,10.5,11208,0.05859969547847765,0.07050476642930678,0.05251268087581462,0.047698065775255843
1.5,10.5,11209,0.038306230054025996,0.04222143260415687,0.030097884246521975,0.03113887759671028
2.5,10.5,11210,0.0546660444575178,0.059620626638742846,0.04535793765958361,0.046790147839207735
3.5,10.5,11211,0.05355550978520761,0.05932040593174126,0.042553349186380415,0.048635114495036005
4.5,10.5,11212,0.050515749580803015,0.0529417115366583,0.03880626221355463,0.04265344744089502
5.5,10.5,11213,0.04895599835138778,0.05138621898144082,0.054570502760691864,0.041508739402426394
6.5,10.5,11214,0.048505117475114136,0.05186252622339798,0.04195247967444597,0.042493125607982865
7.5,10.5,11215,0.04624591237643938,0.050751198920404784,0.055528081636340494,0.05261036500635423
8.5,10.5,11216,0.04660030285140935,0.04915724605643257,0.055474527563043066,0.04790318738749082
9.5,10.5,11217,0.047301492765803053,0.04968858187384081,0.05506226042745445,0.0463970736611452
10.5,10.5,11218,0.04789019239467768,0.04809845375245519,0.04021889560459127,0.04554395918000569
11.5,10.5,11219,0.04903389474451489,0.04619865685929469,0.06598279850498105,0.04112144700958816
12.5,10.5,11220,0.05011602341400594,0.04567658538894217,0.04289528627071297,0.040697135891613244
13.5,10.5,11221,0.052252882394252395,0.04934807059024474,0.04843935544682697,0.04399949679410969
14.5,10.5,11222,0.06343125686667034,0.06469494887445415,0.05905150943026324,0.05356864131052716
15.5,10.5,11223,0.06221047638642382,0.06530853805696318,0.08288449324957105,0.0488365580429831
16.5,10.5,11224,0.06372776165131235,0.06639009571466567,0.05894998422936951,0.055641043307516264
17.5,10.5,11225,0.05769716629744906,0.06401485734892261,0.06029750308678747,0.04970123815821102
18.5,10.5,11226,0.05762140754453411,0.06032532207458086,0.052227751040606916,0.05088238417425367
19.5,10.5,11227,0.05634238905250668,0.057594842762391366,0.07632321488609027,0.05002494741535255
20.5,10.5,11228,0.05181026994914653,0.0553830736015024,0.04931686188641614,0.046486936020222955
21.5,10.5,11229,0.04649804554889616,0.04797481191926744,0.043319698597478085,0.04343558098994903
22.5,10.5,11230,0.0400180385884179,0.037879346869704573,0.03518233167106804,0.038838351797247865
23.5,10.5,11231,0.03820417062177347,0.038888498842693346,0.037714460660339115,0.034805791736781194
24.5,10.5,11232,0.038149181428820976,0.0379118045537614,0.05284472494888963,0.034709426710203904
25.5,10.5,11233,0.03350292167617754,0.03879097113131782,0.053689400498778884,0.03506361763680085
26.5,10.5,11234,0.03110324154682257,0.03722412567800088,0.05211365553519204,0.03429266363594986
27.5,10.5,11235,0.033663351581829794,0.03956987082017677,0.05964277128281489,0.03520728481460247
28.5,10.5,11236,0.032734672189940826,0.03924263355914262,0.05921698067359663,0.03896876702203564
29.5,10.5,11237,0.028429882362572167,0.0353624918204946,0.05348298295543284,0.036098790543863536
30.5,10.5,11238,0.02845704104937715,NA,NA,0.03775154280903541
31.5,10.5,11239,0.024663246424004158,NA,NA,0.0403381966099352
32.5,10.5,11240,0.02418251927628183,NA,NA,0.04074611301021251
33.5,10.5,11241,0.024274524964695943,NA,NA,0.03393509262354994
34.5,10.5,11242,0.023760923880299767,NA,NA,0.03355906944450135
35.5,10.5,11243,0.023172568636980483,NA,NA,0.03209515577921391
36.5,10.5,11244,0.02060284659501773,NA,NA,0.03225408803947459
37.5,10.5,11245,0.02038066713966546,NA,NA,0.03450017233770355
38.5,10.5,11246,0.019780957686792625,NA,NA,0.03380309688514032
39.5,10.5,11247,0.0187927314908687,NA,NA,0.03418148657529126
40.5,10.5,11248,0.019485332826414695,NA,NA,NA
41.5,10.5,11249,0.0182938180497564,NA,NA,NA
42.5,10.5,11250,0.017725614480587792,NA,NA,NA
43.5,10.5,11251,0.018100175378043405,NA,NA,NA
44.5,10.5,11252,0.017678332451057807,NA,NA,NA
45.5,10.5,11253,0.016965073628415022,NA,NA,NA
46.5,10.5,11254,0.016925868926317037,NA,NA,NA
47.5,10.5,11255,0.017180939744161815,NA,NA,NA
48.5,10.5,11256,0.017143958140003204,NA,NA,NA
49.5,10.5,11257,0.017237357574423625,NA,NA,NA
50.5,10.5,11258,0.018098066569385177,NA,NA,0.02908476050825233
51.5,10.5,11259,0.017025396564787475,NA,NA,0.026441971658793754
52.5,10.5,11260,0.01603982853207653,NA,NA,0.026962203860977293
53.5,10.5,11261,0.015963869940501085,NA,NA,0.02593554497555057
54.5,10.5,11262,0.016948415227775515,NA,NA,0.024758937456391187
55.5,10.5,11263,0.0186767583285896,NA,NA,0.02597011229339354
56.5,10.5,11264,0.019589447972561593,NA,NA,0.023285846663727947
57.5,10.5,11265,0.020029031229276906,NA,NA,0.02843450574693359
58.5,10.5,11266,0.02043523758957937,NA,NA,0.03350404508968933
59.5,10.5,11267,0.022949403389907495,NA,NA,0.024944147766548398
60.5,10.5,11268,0.022670549834924433,NA,NA,NA
61.5,10.5,11269,0.02434532018096582,NA,NA,NA
62.5,10.5,11270,0.024147879650954374,NA,NA,NA
63.5,10.5,11271,0.023536922720534,NA,NA,NA
64.5,10.5,11272,0.029183446604576526,NA,NA,NA
65.5,10.5,11273,0.03168035978151721,NA,NA,NA
66.5,10.5,11274,0.03276901912535315,NA,NA,NA
67.5,10.5,11275,0.03273589351485781,NA,NA,NA
68.5,10.5,11276,0.03616970652998166,NA,NA,NA
69.5,10.5,11277,0.04268704394221692,NA,NA,NA
70.5,10.5,11278,0.06509866054635279,0.08913098842776025,NA,NA
71.5,10.5,11279,0.048946743693417734,0.06047883376543384,NA,NA
72.5,10.5,11280,0.05166369069406369,0.06307442325204349,NA,NA
73.5,10.5,11281,0.04022948362185642,0.05513749136634048,NA,NA
74.5,10.5,11282,0.043362274657747044,0.05061313304618434,NA,NA
75.5,10.5,11283,0.04256529199730272,0.04617685242165046,NA,NA
76.5,10.5,11284,0.039974064552219905,0.04609443133281174,NA,NA
77.5,10.5,11285,0.02863026891727924,0.02803226018560021,NA,NA
78.5,10.5,11286,0.02682086918715064,0.02762398621061711,NA,NA
79.5,10.5,11287,0.02957564068369716,0.02763661749759617,NA,NA
80.5,10.5,11288,0.028696525269525246,0.029324908943489977,NA,NA
81.5,10.5,11289,0.051581242118841755,0.06229457314413967,NA,NA
82.5,10.5,11290,0.04756425621622138,0.0573553949225283,NA,NA
83.5,10.5,11291,0.038140566968031586,0.03999096330096428,NA,NA
84.5,10.5,11292,0.03566205663988072,0.04106444464914813,NA,NA
85.5,10.5,11293,0.03536451598175471,0.04299734613558941,NA,NA
86.5,10.5,11294,0.034797151553038905,0.04790378232642711,NA,NA
87.5,10.5,11295,0.035059799356207955,0.04376901239457254,NA,NA
88.5,10.5,11296,0.035993747316863264,0.04580530651171873,NA,NA
89.5,10.5,11297,0.03463521279568987,0.04976314537674847,NA,NA
90.5,10.5,11298,0.036402730904203706,NA,NA,NA
91.5,10.5,11299,0.04193424696112815,NA,NA,NA
92.5,10.5,11300,0.03559878352571076,NA,NA,NA
93.5,10.5,11301,0.030836723990698568,NA,NA,NA
-128.5,11.5,11302,0.03293832179944984,NA,NA,0.08694808074032942
-127.5,11.5,11303,0.037457322357032745,NA,NA,0.06157324881747259
-126.5,11.5,11304,0.040644253130658885,NA,NA,0.0865103339469675
-125.5,11.5,11305,0.04952694235661215,NA,NA,0.08025387569794082
-124.5,11.5,11306,0.04776218207958564,NA,NA,0.0738607788328274
-123.5,11.5,11307,0.04416833049209886,NA,NA,0.0768646921039823
-122.5,11.5,11308,0.033412843096938774,NA,NA,0.04627192849164409
-121.5,11.5,11309,0.04286487915001701,NA,NA,0.04695073294605662
-120.5,11.5,11310,0.04986609409911371,NA,NA,0.04380907317205554
-99.5,11.5,11327,0.04952771431258646,NA,NA,NA
-98.5,11.5,11328,0.054333505687695065,NA,NA,NA
-97.5,11.5,11329,0.05656061825720498,NA,NA,NA
-96.5,11.5,11330,0.052443602725270745,NA,NA,NA
-95.5,11.5,11331,0.05531354627721799,NA,NA,NA
-94.5,11.5,11332,0.0682504041997555,NA,NA,NA
-93.5,11.5,11333,0.06608447273610593,NA,NA,NA
-92.5,11.5,11334,0.057393378064695216,NA,NA,NA
-91.5,11.5,11335,0.05066401450502095,NA,NA,NA
-90.5,11.5,11336,0.0513625396813294,NA,NA,NA
-89.5,11.5,11337,0.06131509501659248,NA,NA,NA
-88.5,11.5,11338,0.06002400200025147,NA,NA,NA
-87.5,11.5,11339,0.030567538581850774,NA,NA,NA
-86.5,11.5,11340,0.058248799881031516,NA,NA,NA
-85.5,11.5,11341,0.07521338282271212,NA,NA,NA
-84.5,11.5,11342,0.08602935656027708,NA,NA,NA
-83.5,11.5,11343,0.12115101345278104,NA,NA,NA
-82.5,11.5,11344,0.06922481877680206,NA,NA,NA
-81.5,11.5,11345,0.22095439720102322,NA,NA,NA
-69.5,11.5,11350,0.04910535583566961,0.08407040815311316,0.05697216085107083,0.07576769411942202
-68.5,11.5,11351,0.04732850846563995,0.15867340767659247,0.059510309415826954,0.057576807285956634
-67.5,11.5,11352,0.061381611336377706,0.16543982735699583,0.03992069017403098,0.07703277198019831
-66.5,11.5,11353,0.09187202323728483,0.16137622185540537,0.053643215983187456,0.0964208263990781
-65.5,11.5,11354,0.0803507910603279,0.13751200429581603,0.09892497397583155,0.07352373163994629
-64.5,11.5,11355,0.07708770575512618,0.13671889052971933,0.13215824629903297,0.08578331534302606
-63.5,11.5,11356,0.1275505756953661,0.19501014898830812,0.1809666916050057,0.14807412741069176
-62.5,11.5,11357,0.12486342895365839,0.17302542560748171,0.15402120333563488,0.11491189089787605
-61.5,11.5,11358,0.16317826437531102,0.1902534221618818,0.1903937338842346,0.13069293418188385
-60.5,11.5,11359,0.06674869288628088,0.07263108807357278,0.0764938027099311,0.044865791415051745
-59.5,11.5,11360,0.05180119717908099,0.3076491603573344,0.13206512038973275,0.04244084271916469
-58.5,11.5,11361,0.09370186260988979,0.24016654265032444,0.1636477602018571,0.12902230639004234
-53.5,11.5,11362,0.35384663029975255,0.3005684977768113,0.08889466856000097,0.3321953153840006
-52.5,11.5,11363,0.15364362454271582,0.2803601233631126,0.08936763668685613,0.3142123012695482
-51.5,11.5,11364,0.12299048314541325,0.23376549937771576,0.06923693007625982,0.22777361418164502
-50.5,11.5,11365,0.15032125720935877,0.2819999510049627,0.07595366372993767,0.26140989505625517
-49.5,11.5,11366,0.16743722908508046,0.29893708396407465,0.08417503227149178,0.30012751255711334
-48.5,11.5,11367,0.15660627396519905,0.1728390939314214,0.0647645453353317,0.2059028654714064
-47.5,11.5,11368,0.17109290995319365,0.18754948434345764,0.05455518340074509,0.21217809156379033
-46.5,11.5,11369,0.21142512671181557,0.2520071654918403,0.18265708753496593,0.3006312048202536
-45.5,11.5,11370,0.16372877253793192,0.26716178904915133,0.07307127003026892,0.2521338405681669
-44.5,11.5,11371,0.14961177174375445,0.26453302097550485,0.16362974718616755,0.2628465213227674
-43.5,11.5,11372,0.1393277805146047,0.19278223429666289,0.17058959623103503,0.2000550498820546
-42.5,11.5,11373,0.14678123764717332,0.19690693595284778,0.08909794294381228,0.2889437113069929
-41.5,11.5,11374,0.16127705141362517,0.1934448115374856,0.1699028188435109,0.3013722552634546
-40.5,11.5,11375,0.1881516399540599,0.29520183962778096,0.1706720416147825,0.3225969972757316
-39.5,11.5,11376,0.1860430641314417,0.26733552761923696,0.07434009793897799,0.37598021418034144
-38.5,11.5,11377,0.16956671241771187,0.19808798124921376,0.07724909937396199,0.29233780828659484
-37.5,11.5,11378,0.0723244400599243,0.14127543016711483,0.040796550269603625,0.1560595505622891
-36.5,11.5,11379,0.06661745428494503,0.10815694898572947,0.045150689963599576,0.16572511096061793
-35.5,11.5,11380,0.10727466754150108,0.129178544744465,0.05915207993150091,0.2436803472853684
-34.5,11.5,11381,0.1365400640328593,0.21340021898132397,0.07849865828523928,0.26686238212827257
-33.5,11.5,11382,0.11228360687384675,0.137074406617094,0.07040406247231754,0.21032410137918783
-32.5,11.5,11383,0.11513589470186808,0.14100413950590185,0.07309598907768962,0.19981092434269968
-31.5,11.5,11384,0.13384072089358628,0.16399425497445616,0.09585907285821642,0.2117017120385213
-30.5,11.5,11385,0.1272816404136751,0.19462817536197205,0.09479425840457197,0.1938213382746994
-29.5,11.5,11386,0.10025298710624873,0.15603283105102475,0.0729815761568502,0.15914459883283258
-28.5,11.5,11387,0.11623874865612016,0.18651389822656975,0.0881407494073338,0.13678502440966248
-27.5,11.5,11388,0.11734446972460631,0.18287067707372098,0.19711246938039617,0.13420836963923816
-26.5,11.5,11389,0.10474978584169653,0.1227914367753447,0.07487650942540763,0.12429887417137862
-25.5,11.5,11390,0.10763943261968467,0.1735581688127813,0.06523416381398735,0.1890283426298018
-24.5,11.5,11391,0.10893071012391567,0.13882252007613832,0.14584080261905102,0.20306916712935733
-23.5,11.5,11392,0.10017876660399966,0.15909243411092525,0.12186135446553101,0.14798226705135237
-22.5,11.5,11393,0.09792996762798703,0.11489151728377242,0.06863052914095553,0.13719840119017526
-21.5,11.5,11394,0.08815572633625347,0.10677261760057366,0.12059478651621662,0.12193469483041751
-20.5,11.5,11395,0.07150694663208376,0.12256475992685639,0.05973017027034391,0.11385638264898547
-19.5,11.5,11396,0.07364609501871221,0.10570915362753923,0.053020718635121845,0.11102598723244297
-18.5,11.5,11397,0.07692970679103615,0.11102420859033689,0.09588874203691604,0.11485341140324803
-17.5,11.5,11398,0.0904355725277537,0.1525936284847188,0.12039025513976459,0.093513426158408
-16.5,11.5,11399,0.10321159243925457,0.14068988162933319,0.16298034243106896,0.12361098986876091
-15.5,11.5,11400,0.1283836681265204,0.16412497351302552,0.15520519105446615,0.12629318722384328
-14.5,11.5,11401,0.12943190303683716,0.15090300160347683,0.1679305996317786,0.12001765611703581
-13.5,11.5,11402,0.11370970780068305,0.13886906234761534,0.15416613613504798,0.10679246900931968
-12.5,11.5,11403,0.13860237436485748,0.15116180186521572,0.16230072290358316,0.0957801830049573
-11.5,11.5,11404,0.11568419247722725,0.1454546548983518,0.15895551847338343,0.09932501559061087
-10.5,11.5,11405,0.11096277637992169,0.14028291424675896,0.08439799987182978,0.12047912401514782
-9.5,11.5,11406,0.10169997567222808,0.13703557869904287,0.08680152418787414,0.11309950183481696
-8.5,11.5,11407,0.08857444258197471,0.11807291948161182,0.07856036265690115,0.10018540992330681
-7.5,11.5,11408,0.0859075948463272,0.1180000274852828,0.13348249546869925,0.11736317347628057
-6.5,11.5,11409,0.06795791161408579,0.09001187658290606,0.05949092911849557,0.10222098909875071
-5.5,11.5,11410,0.06737234395968292,0.0950458511747428,0.06016627529265319,0.08657888104956779
-4.5,11.5,11411,0.06354911153757763,0.08575933011683892,0.05765639500415898,0.07942507955708689
-3.5,11.5,11412,0.056423201024267566,0.07973175393414939,0.05305317498516216,0.06429466850619915
-2.5,11.5,11413,0.04505750720305787,0.05705252499845011,0.0419440195094243,0.05614171958984369
-1.5,11.5,11414,0.04389730722146555,0.06185964157073693,0.06440487073836547,0.07174856608960999
-0.5,11.5,11415,0.04795725381097739,0.073712456476748,0.041997134674116816,0.05898208877004103
0.5,11.5,11416,0.037066143921395026,0.06034259534177887,0.03791654801395108,0.04598384208112966
1.5,11.5,11417,0.03285807680349967,0.0554897426063997,0.03410887296410005,0.04144621385327291
2.5,11.5,11418,0.03309216429700249,0.05333495418255322,0.033698893125342015,0.040668451220730296
3.5,11.5,11419,0.03281077662551414,0.05746591600068932,0.03518360140518014,0.03831148878681677
4.5,11.5,11420,0.032773584719517766,0.05173461633105001,0.03504034475315265,0.03831669452387284
5.5,11.5,11421,0.035278111724806695,0.05196915270474487,0.03544645132885032,0.03899647194824975
6.5,11.5,11422,0.03280175459599373,0.04347976280900176,0.036094614039637984,0.040137550644390715
7.5,11.5,11423,0.03286488019330718,0.04400062233558681,0.03445369263249462,0.04077988719691837
8.5,11.5,11424,0.033396018865393964,0.04627928895864487,0.03641361286539185,0.03807840213536391
9.5,11.5,11425,0.03517292561935518,0.048428367989085494,0.053605112832733545,0.03968619231807986
10.5,11.5,11426,0.03845435047339851,0.05405019853494725,0.041350038835267826,0.042676025372907
11.5,11.5,11427,0.035493094276755906,0.05074846663890149,0.03793832800696823,0.03937391588837688
12.5,11.5,11428,0.03597941050000146,0.04664013707785671,0.037754973930558544,0.039070810777464736
13.5,11.5,11429,0.03480021693246161,0.044322529618830306,0.03490700854244963,0.03723299734344298
14.5,11.5,11430,0.03401845258493291,0.04312342584954447,0.0345273721234651,0.03612209348097138
15.5,11.5,11431,0.03452218250484973,0.04250011359792907,0.03852116590675853,0.03591513863547774
16.5,11.5,11432,0.04587107970534436,0.048681995045711114,0.04416092554227843,0.042256206821784964
17.5,11.5,11433,0.04441135191995541,0.04535984630991567,0.04818644597782858,0.04754709553853615
18.5,11.5,11434,0.042596476655835935,0.04512404967069409,0.0429401043306892,0.047463428949329214
19.5,11.5,11435,0.036111681064937895,0.038015504287929575,0.0358104421082601,0.03842398716757288
20.5,11.5,11436,0.03426032261491595,0.03643619592046482,0.03049843392032943,0.03574637363235177
21.5,11.5,11437,0.02840637706444373,0.036387820103784815,0.029645818915251254,0.03460158293821469
22.5,11.5,11438,0.028425246338086914,0.03738371252088755,0.03090057203638227,0.043295519035989105
23.5,11.5,11439,0.027738137096237164,0.035909947705628255,0.04246453323676007,0.040006369130158016
24.5,11.5,11440,0.026861397547811788,0.034587561594821,0.03182078143692136,0.03689878391338357
25.5,11.5,11441,0.025326006153623157,0.03371390903883977,0.04462108809243275,0.038124593058166505
26.5,11.5,11442,0.02477548151679561,0.03325193753357726,0.04133599414048284,0.03644953256476799
27.5,11.5,11443,0.023948086163021437,0.031027716497010006,0.04006653139574264,0.038931832730634934
28.5,11.5,11444,0.02499959292115521,0.029329120255055578,0.04064837601539072,0.0321745332856654
29.5,11.5,11445,0.02235367401566807,0.02995739152777055,0.032207152985479055,0.03615881998649182
30.5,11.5,11446,0.025835042050641285,NA,NA,0.0313830249057531
31.5,11.5,11447,0.020358099275082628,NA,NA,0.030706692500133206
32.5,11.5,11448,0.020772752741293626,NA,NA,0.03274304950732644
33.5,11.5,11449,0.019509560690433594,NA,NA,0.030229549113431148
34.5,11.5,11450,0.016123283526092606,NA,NA,0.029506256771737713
35.5,11.5,11451,0.015349726793770514,NA,NA,0.03159820383931283
36.5,11.5,11452,0.014168857073876473,NA,NA,0.03213651446813149
37.5,11.5,11453,0.013790043445453076,NA,NA,0.03125581526901561
38.5,11.5,11454,0.01350409644375006,NA,NA,0.03029598722817703
39.5,11.5,11455,0.013197833451099731,NA,NA,0.030347245234676284
40.5,11.5,11456,0.01301331286328443,NA,NA,NA
41.5,11.5,11457,0.01308116508645568,NA,NA,NA
42.5,11.5,11458,0.013125248890253972,NA,NA,NA
43.5,11.5,11459,0.013360842119135073,NA,NA,NA
44.5,11.5,11460,0.011834636950080022,NA,NA,NA
45.5,11.5,11461,0.01173376679611278,NA,NA,NA
46.5,11.5,11462,0.011589853612088592,NA,NA,NA
47.5,11.5,11463,0.011695375388683375,NA,NA,NA
48.5,11.5,11464,0.0121500952921262,NA,NA,NA
49.5,11.5,11465,0.012365647321698816,NA,NA,NA
50.5,11.5,11466,0.012175685722231154,NA,NA,0.027588610289862286
51.5,11.5,11467,0.01315393305627796,NA,NA,0.03735947305427137
52.5,11.5,11468,0.014864942671021054,NA,NA,0.029085193482097992
53.5,11.5,11469,0.01585190477721392,NA,NA,0.029190977655296334
54.5,11.5,11470,0.016798718105763687,NA,NA,0.03236573458840341
55.5,11.5,11471,0.019371763096162266,NA,NA,0.03516068399429418
56.5,11.5,11472,0.01876533616190751,NA,NA,0.030229850849906908
57.5,11.5,11473,0.01747896562921391,NA,NA,0.03680956400794415
58.5,11.5,11474,0.018542377372130422,NA,NA,0.026250596000360893
59.5,11.5,11475,0.019311666736866615,NA,NA,0.03291009905085881
60.5,11.5,11476,0.018153587555930984,NA,NA,NA
61.5,11.5,11477,0.019020440755906167,NA,NA,NA
62.5,11.5,11478,0.020004223232717337,NA,NA,NA
63.5,11.5,11479,0.02021721120107952,NA,NA,NA
64.5,11.5,11480,0.025584872202392875,NA,NA,NA
65.5,11.5,11481,0.029643235594738436,NA,NA,NA
66.5,11.5,11482,0.03445838151329717,NA,NA,NA
67.5,11.5,11483,0.03607137668779868,NA,NA,NA
68.5,11.5,11484,0.036844470537306634,NA,NA,NA
69.5,11.5,11485,0.048868234557147616,NA,NA,NA
70.5,11.5,11486,0.04501263592587934,0.07227101287442651,NA,NA
71.5,11.5,11487,0.04608814725756485,0.0717804454112376,NA,NA
72.5,11.5,11488,0.05242738475276138,0.07233369169436243,NA,NA
73.5,11.5,11489,0.04265214169715967,0.06156737013267484,NA,NA
74.5,11.5,11490,0.03956820192437648,0.062858372981404,NA,NA
75.5,11.5,11491,0.03890734824384241,0.059325932432141355,NA,NA
76.5,11.5,11492,0.035632729895575276,0.05286078169166139,NA,NA
77.5,11.5,11493,0.03166561466239309,0.042907783696915176,NA,NA
78.5,11.5,11494,0.04419897444215828,0.04901637249470512,NA,NA
79.5,11.5,11495,0.04029602574733367,0.04981033065002091,NA,NA
80.5,11.5,11496,0.042840051634493705,0.06069177797954368,NA,NA
81.5,11.5,11497,0.04265184987046357,0.05917762529141358,NA,NA
82.5,11.5,11498,0.044934788312271684,0.052379503572753,NA,NA
83.5,11.5,11499,0.037396622782289037,0.05223283420492622,NA,NA
84.5,11.5,11500,0.04354539229662028,0.05643880434619999,NA,NA
85.5,11.5,11501,0.040885984715307966,0.0426047638767833,NA,NA
86.5,11.5,11502,0.042391170561096335,0.050644057300120886,NA,NA
87.5,11.5,11503,0.040114988181701006,0.04989176113996725,NA,NA
88.5,11.5,11504,0.031422811531294934,0.048979470891350976,NA,NA
89.5,11.5,11505,0.04094102917847496,0.08381765891295863,NA,NA
90.5,11.5,11506,0.04187118396775753,NA,NA,NA
91.5,11.5,11507,0.0448942184929903,NA,NA,NA
92.5,11.5,11508,0.04503906799864679,NA,NA,NA
93.5,11.5,11509,0.022542305212128484,NA,NA,NA
-128.5,12.5,11510,0.03193142603693093,NA,NA,0.07707145571224971
-127.5,12.5,11511,0.030794360135655154,NA,NA,0.06939640817793329
-125.5,12.5,11512,0.0532001642545175,NA,NA,0.06674833604217174
-124.5,12.5,11513,0.043579408079454277,NA,NA,0.07532210649946001
-123.5,12.5,11514,0.0397644631954243,NA,NA,0.07090247363268601
-122.5,12.5,11515,0.027976062648461753,NA,NA,0.04364669089820567
-121.5,12.5,11516,0.036439693532369935,NA,NA,0.038435314217249925
-120.5,12.5,11517,0.03590705638409441,NA,NA,0.04203685173716564
-99.5,12.5,11533,0.16378409841073838,NA,NA,NA
-98.5,12.5,11534,0.05495925752358622,NA,NA,NA
-97.5,12.5,11535,0.0628980338911268,NA,NA,NA
-96.5,12.5,11536,0.05061369441059723,NA,NA,NA
-95.5,12.5,11537,0.05334597967698274,NA,NA,NA
-94.5,12.5,11538,0.04672880581428399,NA,NA,NA
-93.5,12.5,11539,0.052894073478545585,NA,NA,NA
-92.5,12.5,11540,0.0427670739563803,NA,NA,NA
-91.5,12.5,11541,0.03678479239970802,NA,NA,NA
-90.5,12.5,11542,0.07013861920164187,NA,NA,NA
-89.5,12.5,11543,0.09947455685584503,NA,NA,NA
-88.5,12.5,11544,0.12444029711719291,NA,NA,NA
-87.5,12.5,11545,0.10514172057237918,NA,NA,NA
-86.5,12.5,11546,0.10139472817912516,NA,NA,NA
-85.5,12.5,11547,0.05153722447037964,NA,NA,NA
-84.5,12.5,11548,0.08949756456931653,NA,NA,NA
-83.5,12.5,11549,0.11448974513174796,NA,NA,NA
-82.5,12.5,11550,0.09143163678752221,NA,NA,NA
-81.5,12.5,11551,0.06983667708788581,NA,NA,NA
-69.5,12.5,11555,0.044670643392904226,0.14180647122738205,0.07271661748117048,0.08990966690673131
-68.5,12.5,11556,0.04102099344167296,0.0885775580780096,0.05597840221988164,0.05616057270070253
-67.5,12.5,11557,0.04932343392572469,0.11226736437860718,0.07347677245147775,0.060191057213228885
-66.5,12.5,11558,0.07951591647829703,0.18745421799927497,0.08489004951006854,0.08395514771417127
-65.5,12.5,11559,0.08143646365044953,0.15541863310434484,0.07373061650751529,0.09820564911156514
-64.5,12.5,11560,0.08287671491654948,0.13772962697929667,0.14097905213786427,0.08704130061899483
-63.5,12.5,11561,0.09404848706881568,0.1576503499146921,0.15102499231455044,0.11072311019058172
-62.5,12.5,11562,0.09878541674622196,0.1811723968622013,0.14361033407999924,0.10688955382987561
-61.5,12.5,11563,0.10183449004683057,0.17646418467965289,0.1708467501453272,0.1382838483457208
-60.5,12.5,11564,0.18134530612366906,0.18999889032449863,0.13945607612993646,0.1221668181075958
-59.5,12.5,11565,0.13769947748508213,0.17274087399525262,0.1364031283612579,0.08484975991858283
-54.5,12.5,11566,0.21071834800449646,0.29879078349938626,0.15699278850059462,0.2282376894703085
-53.5,12.5,11567,0.1944043404380744,0.35156513899355946,0.28652914387506206,0.24757718089480035
-52.5,12.5,11568,0.12718538457540032,0.2122191429343835,0.08735920014538308,0.28472297469083907
-51.5,12.5,11569,0.12221914970054328,0.24552320026677657,0.06737698833872403,0.21745182787718279
-50.5,12.5,11570,0.13534568010223044,0.28546484364563895,0.0783303847090759,0.25099391327469284
-49.5,12.5,11571,0.19715945900982687,0.27339578886987576,0.08693786615240132,0.25236390697183375
-48.5,12.5,11572,0.19281197704364492,0.3003131195192154,0.07653727054188184,0.2619265617578034
-47.5,12.5,11573,0.18388845964108777,0.19947486419423652,0.14778734251451156,0.22589830851901435
-46.5,12.5,11574,0.15539993195908877,0.19966011504152315,0.07356135840172655,0.23059734852334418
-45.5,12.5,11575,0.15974776559369291,0.27769724583159006,0.06838127486030264,0.22064101579828588
-44.5,12.5,11576,0.15078290477965636,0.21739472869238508,0.17178851015430155,0.248108186329078
-43.5,12.5,11577,0.1494365978206812,0.1995822845660745,0.19019093462335981,0.1745177942492974
-42.5,12.5,11578,0.13762930185511538,0.1879731249509406,0.15241173707968791,0.24501240127867593
-41.5,12.5,11579,0.1409396301498652,0.1846900621204868,0.14727255997443106,0.25377007401221147
-40.5,12.5,11580,0.13961219923691398,0.23008884020543438,0.06678931073114923,0.2568785044565203
-39.5,12.5,11581,0.15250721829959435,0.23495142164344657,0.06556648611872933,0.2559729917626085
-38.5,12.5,11582,0.14634742910130202,0.170137447603867,0.07428545501422834,0.242541818159856
-37.5,12.5,11583,0.14176899032584264,0.20085517890039736,0.0603578668791012,0.23367206353961756
-36.5,12.5,11584,0.15377809765721837,0.17264588509387366,0.14296547632355658,0.25940932079912465
-35.5,12.5,11585,0.17774883461078786,0.21357162560044804,0.0862730249861426,0.2915373775932046
-34.5,12.5,11586,0.14787835415591888,0.18856649946879728,0.08054651738185147,0.2590504405091158
-33.5,12.5,11587,0.1771173076904578,0.2112208403777706,0.19815294085745624,0.27765914381250806
-32.5,12.5,11588,0.12280688261876527,0.19978774393161478,0.0725468869635601,0.21160349423103575
-31.5,12.5,11589,0.1238364247594406,0.19759760885909633,0.08614216462886676,0.22816173947124
-30.5,12.5,11590,0.15189924570801278,0.23777643385791933,0.17820683944463775,0.2684085663188732
-29.5,12.5,11591,0.12825624703091662,0.1824506741339983,0.11716863839828989,0.21553396836335853
-28.5,12.5,11592,0.11036733942842795,0.14909798970237245,0.17545949952598877,0.1295719944211401
-27.5,12.5,11593,0.09650468820750427,0.14051592835940951,0.07405025030673737,0.12454566919728918
-26.5,12.5,11594,0.14389452246916964,0.17443131226261432,0.13295315366576935,0.2868695916515352
-25.5,12.5,11595,0.1180622617135296,0.1668192427158045,0.1712877306424718,0.20560985075679672
-24.5,12.5,11596,0.16037780295337523,0.247367110043302,0.12874552449815999,0.2661639175968853
-23.5,12.5,11597,0.09953016365728148,0.11164053856851427,0.06948370444861728,0.1935537971683928
-22.5,12.5,11598,0.08640218052560676,0.1275217268853481,0.12733828952004556,0.168212450421746
-21.5,12.5,11599,0.06764539148586549,0.09985134212875511,0.04832890790029926,0.13137260606216444
-20.5,12.5,11600,0.083669973773536993,0.11890458049024817,0.11168374677513979,0.10099957609942867
-19.5,12.5,11601,0.10038235172724239,0.12550387160100554,0.0811368333151164,0.14864451442664178
-18.5,12.5,11602,0.09690398374994279,0.09315316819332381,0.061436214275291154,0.10308068132115261
-17.5,12.5,11603,0.11031655727479125,0.09468082019062528,0.06670075220533969,0.13626088009832277
-16.5,12.5,11604,0.13325793106091435,0.11493811621201665,0.07752627998556957,0.16026161085140134
-15.5,12.5,11605,0.13029462891471583,0.11989560994762172,0.1671502309512945,0.16448095962872644
-14.5,12.5,11606,0.13100828949405338,0.12886089835601,0.15180889733206177,0.16764345492478575
-13.5,12.5,11607,0.10120467363892731,0.11169739521474212,0.1280453079017912,0.1316575352066431
-12.5,12.5,11608,0.09960142616793834,0.12497405555883448,0.13650067605342003,0.13066264983253634
-11.5,12.5,11609,0.08368192276794761,0.16344112550683937,0.06545621233889867,0.1198271293773132
-10.5,12.5,11610,0.06805787057084736,0.14011388612083123,0.06370752032074041,0.10507017678475189
-9.5,12.5,11611,0.062349904059221424,0.09886480998173869,0.11126257478341685,0.09242808178334412
-8.5,12.5,11612,0.06413594076886392,0.10584841700914473,0.11264610393624995,0.09708176690367398
-7.5,12.5,11613,0.05250912700210341,0.09681576300509886,0.057408321943780476,0.0761146606742496
-6.5,12.5,11614,0.06047576938240929,0.10030979247594739,0.05586603681605716,0.08835270576761864
-5.5,12.5,11615,0.059134844349226855,0.08634515188069321,0.06290466357450734,0.0933984203319374
-4.5,12.5,11616,0.04841284302119291,0.07267206691267057,0.048077279581237496,0.07649514713309848
-3.5,12.5,11617,0.04211382270807832,0.06475973177901115,0.04485008521999911,0.06657564864680954
-2.5,12.5,11618,0.03591586943072176,0.05352252709524903,0.04266335128674175,0.05792142502008575
-1.5,12.5,11619,0.034867601179172855,0.05040497977244876,0.04428137890191815,0.05478491986884693
-0.5,12.5,11620,0.033884197315066235,0.048901517804729934,0.0426282671326619,0.04913511847249899
0.5,12.5,11621,0.028642686320372094,0.04076978981844152,0.03682911551414616,0.0416643186624373
1.5,12.5,11622,0.02821914449648012,0.03914090720575928,0.031222479878769156,0.0408861012200468
2.5,12.5,11623,0.029743012556202337,0.04138926834922501,0.03148087813486276,0.04145108726775366
3.5,12.5,11624,0.030602669970218096,0.042917089559234664,0.03254032555472172,0.04315480393359555
4.5,12.5,11625,0.030513059821626564,0.04369003133783684,0.032885924119526073,0.05662377615175199
5.5,12.5,11626,0.03524945247163733,0.044682862519752925,0.034471763486653685,0.0547944964217013
6.5,12.5,11627,0.03432600674240594,0.049058289453635835,0.038185431892134525,0.05701443057587146
7.5,12.5,11628,0.04025129141618873,0.06791810500211998,0.04142802735211129,0.06344106461407982
8.5,12.5,11629,0.04535791763086845,0.06831267526238846,0.0425602806867984,0.060659658769434036
9.5,12.5,11630,0.04518491365683832,0.06744008810815821,0.04324061050684565,0.06147707691099672
10.5,12.5,11631,0.04585765109222552,0.06773286397362699,0.04383021674283098,0.061792477867180166
11.5,12.5,11632,0.0458764865799111,0.06236082932723926,0.043221600419306054,0.06466330518913592
12.5,12.5,11633,0.04138524550386779,0.0554734814218478,0.03987286759325467,0.05482148692283937
13.5,12.5,11634,0.04232127447831101,0.05448917765745567,0.04095230167204158,0.05084324115046944
14.5,12.5,11635,0.030631429247483306,0.037365873211471175,0.03164298319041448,0.035480268520338254
15.5,12.5,11636,0.028188661359923966,0.03462939132040113,0.03190560044881118,0.03297868538325585
16.5,12.5,11637,0.03044179378184184,0.03939921771400646,0.03127427007015445,0.0317464791401289
17.5,12.5,11638,0.02820789363930421,0.03887840662452993,0.031580430098212396,0.03288505265837727
18.5,12.5,11639,0.028018035944874856,0.03803304206898318,0.030014499496403977,0.030563993383588502
19.5,12.5,11640,0.028947928946658236,0.03765607751560036,0.02955623325267943,0.02899926608221527
20.5,12.5,11641,0.026237647794543156,0.03429858730680634,0.030178926561714246,0.029917073788797263
21.5,12.5,11642,0.025437917445439797,0.03663993038009526,0.032380089185187845,0.027884422607959043
22.5,12.5,11643,0.02772207575873168,0.037747938809144586,0.03424265525425881,0.030596021986730556
23.5,12.5,11644,0.026087473942697663,0.03754860189271054,0.03331888086359064,0.029912736448315127
24.5,12.5,11645,0.023024870039834167,0.0357267324023961,0.04554687501524297,0.029771645691768267
25.5,12.5,11646,0.02452048463281008,0.03319749005572327,0.046142647908901796,0.03181567262628751
26.5,12.5,11647,0.021780696189168853,0.02999415869302981,0.04126303959392906,0.03169209724368288
27.5,12.5,11648,0.021590646411463504,0.02933777362808397,0.04197472128326298,0.03111940177619297
28.5,12.5,11649,0.019582464306798796,0.030395114787212754,0.029974096995075365,0.035746997186532584
29.5,12.5,11650,0.01766368110513641,0.029713065450720878,0.0418320912354427,0.030656438271559748
30.5,12.5,11651,0.014733332146351263,NA,NA,0.027048094054901575
31.5,12.5,11652,0.015113971167498647,NA,NA,0.026172339493625397
32.5,12.5,11653,0.015381853185118451,NA,NA,0.02728415550091756
33.5,12.5,11654,0.015762710640822658,NA,NA,0.028160064282788742
34.5,12.5,11655,0.017341169853301152,NA,NA,0.029044500319997373
35.5,12.5,11656,0.016761250707593947,NA,NA,0.030327924958739035
36.5,12.5,11657,0.015385265721616675,NA,NA,0.028982735030977803
37.5,12.5,11658,0.01505979779475365,NA,NA,0.027249847263168696
38.5,12.5,11659,0.012299332905698596,NA,NA,0.025178398518127573
39.5,12.5,11660,0.01229092784949117,NA,NA,0.02728881320572138
40.5,12.5,11661,0.013316308835330607,NA,NA,NA
41.5,12.5,11662,0.012459385737255359,NA,NA,NA
42.5,12.5,11663,0.011790941150826031,NA,NA,NA
43.5,12.5,11664,0.012428442307150697,NA,NA,NA
44.5,12.5,11665,0.011893062334955873,NA,NA,NA
45.5,12.5,11666,0.012709525532850235,NA,NA,NA
46.5,12.5,11667,0.01251018148438986,NA,NA,NA
47.5,12.5,11668,0.012554364063197593,NA,NA,NA
48.5,12.5,11669,0.012616082115982473,NA,NA,NA
49.5,12.5,11670,0.012702524888263117,NA,NA,NA
50.5,12.5,11671,0.014782380362902893,NA,NA,0.02385280344151509
51.5,12.5,11672,0.014123081848144557,NA,NA,0.028184348437615237
52.5,12.5,11673,0.014520414193846377,NA,NA,0.03386070961978342
53.5,12.5,11674,0.01441994177500526,NA,NA,0.033796037695475005
54.5,12.5,11675,0.014430908445008493,NA,NA,0.03186797829317167
55.5,12.5,11676,0.01400578124941497,NA,NA,0.03281035999149891
56.5,12.5,11677,0.014526121987898091,NA,NA,0.027852390601948874
57.5,12.5,11678,0.015494559626747801,NA,NA,0.027350702707725057
58.5,12.5,11679,0.015514216433164927,NA,NA,0.02521091364278584
59.5,12.5,11680,0.018503438915976236,NA,NA,0.024879867982645375
60.5,12.5,11681,0.016791192542590296,NA,NA,NA
61.5,12.5,11682,0.019803711500093135,NA,NA,NA
62.5,12.5,11683,0.019873514157124475,NA,NA,NA
63.5,12.5,11684,0.021598603969808186,NA,NA,NA
64.5,12.5,11685,0.022571887955434373,NA,NA,NA
65.5,12.5,11686,0.028397680069252466,NA,NA,NA
66.5,12.5,11687,0.03242828039644283,NA,NA,NA
67.5,12.5,11688,0.03277466507290215,NA,NA,NA
68.5,12.5,11689,0.03619495104769618,NA,NA,NA
69.5,12.5,11690,0.03402988564659446,NA,NA,NA
70.5,12.5,11691,0.038016107365037015,0.059655422975785286,NA,NA
71.5,12.5,11692,0.04033941767412219,0.07133827907919774,NA,NA
72.5,12.5,11693,0.04177754307384388,0.06045078903169034,NA,NA
73.5,12.5,11694,0.04399033968567494,0.060201950962939565,NA,NA
74.5,12.5,11695,0.03976742214966206,0.07308197201009609,NA,NA
75.5,12.5,11696,0.03526386326174473,0.0539138419898063,NA,NA
76.5,12.5,11697,0.03564686315414958,0.04061648981060024,NA,NA
77.5,12.5,11698,0.036908674125579265,0.044748878523380366,NA,NA
78.5,12.5,11699,0.04587461050525165,0.04502991921230597,NA,NA
79.5,12.5,11700,0.04207871759692144,0.056644888709558444,NA,NA
80.5,12.5,11701,0.048927239540357693,0.08009301340721679,NA,NA
81.5,12.5,11702,0.0496789584100272,0.07902705614588156,NA,NA
82.5,12.5,11703,0.04950779561347835,0.08544070560898905,NA,NA
83.5,12.5,11704,0.04974216409883225,0.06826057368230067,NA,NA
84.5,12.5,11705,0.04049362693187032,0.0635717708504882,NA,NA
85.5,12.5,11706,0.029099116764914845,0.075553498378792,NA,NA
86.5,12.5,11707,0.03560444828217024,0.07244777610666664,NA,NA
87.5,12.5,11708,0.05455253947859126,0.08220198353170333,NA,NA
88.5,12.5,11709,0.052125419050993466,0.09879451753567903,NA,NA
89.5,12.5,11710,0.034872387905154914,0.05447441131428684,NA,NA
90.5,12.5,11711,0.03620127960930409,NA,NA,NA
91.5,12.5,11712,0.04785526753270849,NA,NA,NA
92.5,12.5,11713,0.04430998244173466,NA,NA,NA
-128.5,13.5,11714,0.03556413017765141,NA,NA,0.046639658449136256
-127.5,13.5,11715,0.040634199774624374,NA,NA,0.046602314322312086
-126.5,13.5,11716,0.03842812605456919,NA,NA,0.04755615761640222
-125.5,13.5,11717,0.039982324597495726,NA,NA,0.06619205780102955
-124.5,13.5,11718,0.03349001693294219,NA,NA,0.060837466186138583
-123.5,13.5,11719,0.0252975368601577,NA,NA,0.062316777481065094
-122.5,13.5,11720,0.024323227094666222,NA,NA,0.05277938345555593
-121.5,13.5,11721,0.024922102539368288,NA,NA,0.04526860120107873
-120.5,13.5,11722,0.03100887138151175,NA,NA,0.044818316572707975
-99.5,13.5,11738,0.21104170062332298,NA,NA,NA
-98.5,13.5,11739,0.15607112748571234,NA,NA,NA
-97.5,13.5,11740,0.06577212509059997,NA,NA,NA
-96.5,13.5,11741,0.04693417207360227,NA,NA,NA
-95.5,13.5,11742,0.04801716348013806,NA,NA,NA
-94.5,13.5,11743,0.04118389939766141,NA,NA,NA
-93.5,13.5,11744,0.04474205688150078,NA,NA,NA
-92.5,13.5,11745,0.050054736054943656,NA,NA,NA
-91.5,13.5,11746,0.058893151140929315,NA,NA,NA
-90.5,13.5,11747,0.07664177768950142,NA,NA,NA
-89.5,13.5,11748,0.0968237151150229,NA,NA,NA
-88.5,13.5,11749,0.09202460310287189,NA,NA,NA
-87.5,13.5,11750,0.11873869194972785,NA,NA,NA
-86.5,13.5,11751,0.13304177792559937,NA,NA,NA
-85.5,13.5,11752,0.0629700828327316,NA,NA,NA
-84.5,13.5,11753,0.10279748735963735,NA,NA,NA
-83.5,13.5,11754,0.07124126570518897,NA,NA,NA
-82.5,13.5,11755,0.06144453244819663,NA,NA,NA
-69.5,13.5,11758,0.0410031790132819,0.15631089149200436,0.08191850690439285,0.060821632584874503
-68.5,13.5,11759,0.037546681758597565,0.08652051238762759,0.0635603156138581,0.06489301902196395
-67.5,13.5,11760,0.03946569899584999,0.09992420800197473,0.0586193358842945,0.05147165535153523
-66.5,13.5,11761,0.05333700927310768,0.12100963620073327,0.10276350379907905,0.06342146772249363
-65.5,13.5,11762,0.06069272603982559,0.11569304512693308,0.07681903778540651,0.07902638791222825
-64.5,13.5,11763,0.07005159477170463,0.16154524912013737,0.08161434743331897,0.0848352633510668
-63.5,13.5,11764,0.07606313246178674,0.1522762540483476,0.12902311670878974,0.09727739082246972
-62.5,13.5,11765,0.08065900981670764,0.17989014695924227,0.15898486918036867,0.09032987725350321
-61.5,13.5,11766,0.11449991716079032,0.24394166608360485,0.17235709177870343,0.11582053630949059
-60.5,13.5,11767,0.09641831967976015,0.18894118839520654,0.14828786401508243,0.09655896478099506
-55.5,13.5,11768,0.1643036126606102,0.2035876274736006,0.10333927042953113,0.10965160556726222
-54.5,13.5,11769,0.20226702098430838,0.37566226268520725,0.2841705165322264,0.26556082149258026
-53.5,13.5,11770,0.15214195043793266,0.2932671868171618,0.23724614306897934,0.2055327472573974
-52.5,13.5,11771,0.14067003697198624,0.28966708103414834,0.0856643282740862,0.25336029309058733
-51.5,13.5,11772,0.13142286317775778,0.26129062258207525,0.07521948836359442,0.224619801688332
-50.5,13.5,11773,0.136726853256298,0.284629485391896,0.08019450787805175,0.2723613334506329
-49.5,13.5,11774,0.17309248902392027,0.28807234089615846,0.07951341925027561,0.26733201085977615
-48.5,13.5,11775,0.12362972458894222,0.2568277551192198,0.08690843795543611,0.22467953976499078
-47.5,13.5,11776,0.10515442168716362,0.1725567451382447,0.1518146464612823,0.1929026880253777
-46.5,13.5,11777,0.11045839653379667,0.16185523966117135,0.07396392936976148,0.13927819357441854
-45.5,13.5,11778,0.13767703098576622,0.246601041722335,0.08913602073612759,0.21495998927495513
-44.5,13.5,11779,0.16416165659439871,0.22810540220735182,0.10412833404520744,0.24346818253740762
-43.5,13.5,11780,0.1359803745542609,0.23652851225546645,0.09373960505357212,0.16657003796666578
-42.5,13.5,11781,0.1436278770773769,0.2189897307744954,0.20477681692725871,0.24575298210716803
-41.5,13.5,11782,0.13366343546255816,0.23586211513968286,0.21428725894855766,0.2563886398120557
-40.5,13.5,11783,0.14376491213755208,0.30578613841874447,0.10517227109392259,0.26907940857994933
-39.5,13.5,11784,0.15323851542090555,0.22173331842322822,0.1281207256580877,0.27378315530954644
-38.5,13.5,11785,0.1462287431236129,0.1999243256251589,0.10580883642320973,0.2738359657134449
-37.5,13.5,11786,0.1605803143141922,0.19006778347263326,0.10212845377206504,0.2884974517762706
-36.5,13.5,11787,0.17602652904520671,0.20585585189550756,0.11503609678785942,0.32490064076089414
-35.5,13.5,11788,0.14431499603075715,0.15731775288532945,0.22633756158113338,0.2936205250238115
-34.5,13.5,11789,0.16910356640406432,0.26401610442263396,0.14652385874334659,0.3458387648144377
-33.5,13.5,11790,0.16458790582925276,0.23114065435041,0.2298820202409168,0.3095954360681078
-32.5,13.5,11791,0.16255147814813875,0.33268521017850955,0.1641591313141893,0.3278168997678944
-31.5,13.5,11792,0.11912855559747208,0.19825570641054233,0.1279585647262526,0.2661676000637695
-30.5,13.5,11793,0.13191600968218484,0.30133320315229134,0.19153976594232677,0.31371794521520524
-29.5,13.5,11794,0.1072001385529253,0.263817207017678,0.14598906997992747,0.24459732067202836
-28.5,13.5,11795,0.09434332364810513,0.2295769545481779,0.22572113295959836,0.2098511635105373
-27.5,13.5,11796,0.10014274065521031,0.2397642760152551,0.122709562422447,0.2566866499184987
-26.5,13.5,11797,0.11837965770019915,0.25802009609886034,0.14089695102822952,0.29197540016132567
-25.5,13.5,11798,0.09521008391616102,0.20784528743726946,0.20193140485322417,0.2077807022673239
-24.5,13.5,11799,0.10382413837663731,0.17474873319568907,0.24629985843183647,0.2116806101184162
-23.5,13.5,11800,0.08279299964596978,0.16433599635705,0.17696261788131756,0.19244599539433557
-22.5,13.5,11801,0.06160289951020929,0.12465708056865743,0.0780842010662204,0.1452265623284331
-21.5,13.5,11802,0.07298243320759064,0.15903876106251455,0.18339488692576164,0.11104963010907622
-20.5,13.5,11803,0.07649729440522825,0.16428707840373988,0.14864691251595213,0.15392608870736946
-19.5,13.5,11804,0.06793499188750854,0.14912558692821865,0.06521461750146705,0.1346994394819319
-18.5,13.5,11805,0.07209918039765896,0.10835745924697236,0.1288810564636081,0.09844463712253058
-17.5,13.5,11806,0.06739580831708374,0.11136805743707995,0.1266564289882164,0.09310740732230458
-16.5,13.5,11807,0.06720843494989201,0.10239077165681643,0.11884068065135169,0.08836822252739812
-15.5,13.5,11808,0.07776645801494224,0.15244690369946545,0.15427593315826849,0.12673661760922794
-14.5,13.5,11809,0.09230354910432365,0.13230733586428067,0.11086444982299593,0.10889473867600988
-13.5,13.5,11810,0.06244469369284301,0.10006112546042813,0.0814669807231858,0.09891018978476739
-12.5,13.5,11811,0.07682670905352221,0.11179094927108302,0.0803880408190288,0.12592841623502898
-11.5,13.5,11812,0.07233798043546624,0.14580431873174726,0.08023704739102444,0.12421098118536986
-10.5,13.5,11813,0.07283837801395401,0.10712100286640754,0.1433581887398341,0.12766870584866716
-9.5,13.5,11814,0.06720044863618359,0.1379796022280234,0.06431743385337799,0.1171402023714148
-8.5,13.5,11815,0.04892729058186332,0.11640379784906375,0.09092028775308954,0.08998196245994791
-7.5,13.5,11816,0.05199775039603295,0.11090343641801602,0.0476519879196504,0.08531030299398555
-6.5,13.5,11817,0.050664553867991104,0.10833124108741848,0.050938989618622026,0.08536937143613196
-5.5,13.5,11818,0.04686637871004046,0.07378841115520232,0.05030706841070383,0.07667272091340764
-4.5,13.5,11819,0.042094715546856,0.06698000065779078,0.045779101176466594,0.06779128703725813
-3.5,13.5,11820,0.03275124987791874,0.05922352076045484,0.06154067423625823,0.05111623504902775
-2.5,13.5,11821,0.03304605738504595,0.05326370599727564,0.039530871068317,0.048534607770610604
-1.5,13.5,11822,0.03496399426702664,0.051647427973084255,0.03597207176313041,0.048913821915376916
-0.5,13.5,11823,0.0318705564044622,0.047873447851894235,0.03266961402043279,0.04676787905574938
0.5,13.5,11824,0.026981007927273273,0.03996901123154448,0.028576736972345765,0.04159610240657954
1.5,13.5,11825,0.026488334996486715,0.03861206835681632,0.029669390925833313,0.042368573605743545
2.5,13.5,11826,0.02691932462467794,0.037522971155915415,0.03174826411253727,0.043505299394678974
3.5,13.5,11827,0.027183998392990488,0.036296576872793744,0.03209256882105953,0.04336389207219923
4.5,13.5,11828,0.027781762871184862,0.036084834216259694,0.03262530825591047,0.043570573326900175
5.5,13.5,11829,0.03243854742370661,0.04107595863298466,0.04005502133943512,0.050546383908968824
6.5,13.5,11830,0.03647970360552502,0.0461328911965456,0.04090937516098205,0.05845800712425432
7.5,13.5,11831,0.036243720307844375,0.04728891142792863,0.04201781487682719,0.06148605212600291
8.5,13.5,11832,0.038344162908167265,0.05328946525339079,0.0428544845970381,0.059397134937144457
9.5,13.5,11833,0.03715112680705078,0.04917114225875799,0.04221029835299659,0.0566372542275577
10.5,13.5,11834,0.03730974258767365,0.051214678740453774,0.0422411661146514,0.05702768818736462
11.5,13.5,11835,0.03943901916360743,0.05477225853173134,0.05032153540763269,0.062146872614948154
12.5,13.5,11836,0.03823271647543384,0.06111572789833373,0.041396164217978974,0.057359564525007865
13.5,13.5,11837,0.039433932204705986,0.04915361382847801,0.03909786560621245,0.05406608187089587
14.5,13.5,11838,0.034089986041236184,0.044568330957604145,0.03748022862395406,0.05175446078397015
15.5,13.5,11839,0.0293027806516429,0.03717481328278025,0.033505377877873804,0.03975693609190708
16.5,13.5,11840,0.023412196532212843,0.0312524735010216,0.03170449050993804,0.03510131396785194
17.5,13.5,11841,0.023837937883627567,0.031157734575776027,0.03456256526775363,0.03657506662365825
18.5,13.5,11842,0.026351725615457042,0.033769477668350964,0.030963569993290866,0.0337253486589275
19.5,13.5,11843,0.02740746899710012,0.041836324455437744,0.030092712560150864,0.03299903164163217
20.5,13.5,11844,0.026482425506067185,0.04049073386012391,0.027180756741905773,0.028869597875664385
21.5,13.5,11845,0.02550137805416002,0.042321579843755716,0.027853435057506745,0.027691949595602883
22.5,13.5,11846,0.023257051676230083,0.03548279948517827,0.02768237911660905,0.027320939712968242
23.5,13.5,11847,0.02129673930136735,0.03538363425498091,0.026081785815285655,0.025775100187719984
24.5,13.5,11848,0.021732395357001756,0.02774779364983186,0.03550912270311165,0.028857753212025775
25.5,13.5,11849,0.02015185396017437,0.0302594634348497,0.03676071795190299,0.025511604478067648
26.5,13.5,11850,0.01933490942527704,0.03407365327968404,0.03993620928412325,0.026609220802925233
27.5,13.5,11851,0.01836189417433157,0.028526549278338125,0.03083454323328912,0.02578454043347394
28.5,13.5,11852,0.01925530178352599,0.0255549728532615,0.02949837247388248,0.026846927497018235
29.5,13.5,11853,0.01618437367411995,0.02457028426905944,0.03831840196668271,0.02536556646215054
30.5,13.5,11854,0.01494371069981024,NA,NA,0.02405528588508036
31.5,13.5,11855,0.014607190052908557,NA,NA,0.023008530797645785
32.5,13.5,11856,0.014293050249966499,NA,NA,0.022972601179276096
33.5,13.5,11857,0.013124963859465056,NA,NA,0.022674288945925887
34.5,13.5,11858,0.012621957357249221,NA,NA,0.024334232326011136
35.5,13.5,11859,0.012566971326833664,NA,NA,0.023631208078350986
36.5,13.5,11860,0.012589467606400404,NA,NA,0.023525379129350495
37.5,13.5,11861,0.01248923747822152,NA,NA,0.023842931896929553
38.5,13.5,11862,0.01209405539720468,NA,NA,0.023335061589914184
39.5,13.5,11863,0.012032511581796917,NA,NA,0.02344172881676428
40.5,13.5,11864,0.012855839522000166,NA,NA,NA
41.5,13.5,11865,0.012163797574146018,NA,NA,NA
42.5,13.5,11866,0.011786801755780478,NA,NA,NA
43.5,13.5,11867,0.012078207841795151,NA,NA,NA
44.5,13.5,11868,0.013089065948544048,NA,NA,NA
45.5,13.5,11869,0.014022117779049296,NA,NA,NA
46.5,13.5,11870,0.016596653064033132,NA,NA,NA
47.5,13.5,11871,0.013961497847065999,NA,NA,NA
48.5,13.5,11872,0.013990917446792263,NA,NA,NA
49.5,13.5,11873,0.013863776517604747,NA,NA,NA
50.5,13.5,11874,0.013099580182733812,NA,NA,0.02067086902870097
51.5,13.5,11875,0.012082384386732849,NA,NA,0.021386058718328074
52.5,13.5,11876,0.014622353160828333,NA,NA,0.022866543982113734
53.5,13.5,11877,0.012732791863308732,NA,NA,0.020446917382882263
54.5,13.5,11878,0.012505418773912069,NA,NA,0.02013654803829556
55.5,13.5,11879,0.012296895723509548,NA,NA,0.018596239891124213
56.5,13.5,11880,0.011973343426022716,NA,NA,0.019297169487669432
57.5,13.5,11881,0.01261191130333056,NA,NA,0.021002240719210977
58.5,13.5,11882,0.014067493869604068,NA,NA,0.021664180794657834
59.5,13.5,11883,0.01702660577180364,NA,NA,0.0220055043078521
60.5,13.5,11884,0.019179519084417507,NA,NA,NA
61.5,13.5,11885,0.020734357320964944,NA,NA,NA
62.5,13.5,11886,0.025362829953993558,NA,NA,NA
63.5,13.5,11887,0.026937836178830527,NA,NA,NA
64.5,13.5,11888,0.022497986718548982,NA,NA,NA
65.5,13.5,11889,0.026306442325377228,NA,NA,NA
66.5,13.5,11890,0.02479433200350064,NA,NA,NA
67.5,13.5,11891,0.028979499134331125,NA,NA,NA
68.5,13.5,11892,0.029088270177361035,NA,NA,NA
69.5,13.5,11893,0.03093029530000651,NA,NA,NA
70.5,13.5,11894,0.034485064604195606,0.04276847672751233,NA,NA
71.5,13.5,11895,0.039016138514406044,0.05400840637052333,NA,NA
72.5,13.5,11896,0.04298897080837941,0.06344192889640253,NA,NA
73.5,13.5,11897,0.04117156225702867,0.07146710061630475,NA,NA
74.5,13.5,11898,0.03634227878896244,0.06431679551690361,NA,NA
75.5,13.5,11899,0.032933517769426775,0.049547768997458136,NA,NA
76.5,13.5,11900,0.037732249700078054,0.04814041193647218,NA,NA
77.5,13.5,11901,0.04023514399966853,0.05759302197056908,NA,NA
78.5,13.5,11902,0.03892120315059104,0.0632694185010326,NA,NA
79.5,13.5,11903,0.051239308950549685,0.06656102788503507,NA,NA
80.5,13.5,11904,0.05033091005487838,0.076668562258789,NA,NA
81.5,13.5,11905,0.05754221021088112,0.07778775524907965,NA,NA
82.5,13.5,11906,0.05080505627215021,0.07722393983121766,NA,NA
83.5,13.5,11907,0.052994747435206706,0.07771212110032606,NA,NA
84.5,13.5,11908,0.04164836605840861,0.0878083445498965,NA,NA
85.5,13.5,11909,0.049149302753847456,0.10475268569388398,NA,NA
86.5,13.5,11910,0.04039467659222479,0.13398456555390711,NA,NA
87.5,13.5,11911,0.06000778785690844,0.12887752457172402,NA,NA
88.5,13.5,11912,0.04270821508005415,0.08269088353690351,NA,NA
89.5,13.5,11913,0.05895507322054429,0.096894249200205,NA,NA
90.5,13.5,11914,0.03479264594574984,NA,NA,NA
-128.5,14.5,11915,0.023906642972577215,NA,NA,0.06228091700138241
-127.5,14.5,11916,0.028566415425074963,NA,NA,0.05999901388320457
-126.5,14.5,11917,0.028301647532047097,NA,NA,0.052841906325257426
-125.5,14.5,11918,0.030382903109487124,NA,NA,0.049211045992108286
-124.5,14.5,11919,0.02085504668570535,NA,NA,0.04264320912571331
-123.5,14.5,11920,0.01844664353447559,NA,NA,0.04183296183049739
-122.5,14.5,11921,0.020663111024217175,NA,NA,0.051981064282031114
-121.5,14.5,11922,0.02148522239972834,NA,NA,0.041752531133917116
-120.5,14.5,11923,0.022341015853538742,NA,NA,0.03739245599832325
-99.5,14.5,11938,0.17273610788598381,NA,NA,NA
-98.5,14.5,11939,0.12283042519241465,NA,NA,NA
-97.5,14.5,11940,0.04746614409984464,NA,NA,NA
-96.5,14.5,11941,0.04912983200447334,NA,NA,NA
-95.5,14.5,11942,0.04385955909637458,NA,NA,NA
-94.5,14.5,11943,0.04038677833494075,NA,NA,NA
-93.5,14.5,11944,0.0397458274723428,NA,NA,NA
-92.5,14.5,11945,0.027013563216178052,NA,NA,NA
-91.5,14.5,11946,0.08638506532567748,NA,NA,NA
-90.5,14.5,11947,0.09975710148850872,NA,NA,NA
-89.5,14.5,11948,0.10792648381633295,NA,NA,NA
-88.5,14.5,11949,0.12177431823924573,NA,NA,NA
-87.5,14.5,11950,0.11380385343018172,NA,NA,NA
-86.5,14.5,11951,0.13902434661125262,NA,NA,NA
-85.5,14.5,11952,0.10705043127166497,NA,NA,NA
-84.5,14.5,11953,0.1196395313941052,NA,NA,NA
-83.5,14.5,11954,0.1273971648549455,NA,NA,NA
-82.5,14.5,11955,0.05669069650282544,NA,NA,NA
-69.5,14.5,11957,0.036690985607533026,0.18833951977938765,0.10443491794206457,0.04881936065941305
-68.5,14.5,11958,0.028874620495472257,0.1071763872094152,0.07854508614569176,0.04836242142522828
-67.5,14.5,11959,0.04061231622389312,0.15201472390243806,0.0980687468076318,0.06220014695652072
-66.5,14.5,11960,0.053218346110391127,0.13619230898471557,0.13146595146519385,0.07058749259525288
-65.5,14.5,11961,0.0619953346503983,0.1597629745360261,0.15335730089377467,0.06768703052798652
-64.5,14.5,11962,0.061139204600734916,0.11871410126047849,0.13855444702214442,0.08647948589965984
-63.5,14.5,11963,0.07101986260018195,0.1371106865141015,0.0987120758338271,0.0776129228622937
-62.5,14.5,11964,0.08287737946703054,0.17092201909685387,0.21142591276686304,0.14319971416582233
-61.5,14.5,11965,0.09686356992637778,0.19071124976070084,0.17660063401926,0.08831283605431976
-60.5,14.5,11966,0.10290728124718287,0.20417373707576192,0.14221360713754147,0.07498948807258343
-57.5,14.5,11967,0.06916110545385994,0.10615474244939821,0.059306770283679554,0.039694302888298616
-56.5,14.5,11968,0.12562212976288126,0.3138468961850627,0.15681428794021982,0.11726265852651849
-55.5,14.5,11969,0.15426192052996923,0.3273573039683143,0.31884797167826234,0.15988323028606874
-54.5,14.5,11970,0.13100585402555148,0.290068418125535,0.2331274413683056,0.17143955642998882
-53.5,14.5,11971,0.1303671964201985,0.2960540576989401,0.28231978322556817,0.21470989660962525
-52.5,14.5,11972,0.13618866968942103,0.29216335350564443,0.09299139793966535,0.1726032965055367
-51.5,14.5,11973,0.13149674736811381,0.2899903395455244,0.08101993484032131,0.26151742114642557
-50.5,14.5,11974,0.12761645539410452,0.2616671161665863,0.08040162636228915,0.2460978063400074
-49.5,14.5,11975,0.1360049926773263,0.2771044826595492,0.09496207912912688,0.2754331088117574
-48.5,14.5,11976,0.09858774639733162,0.1583252006733899,0.0909418435528286,0.22175666517960618
-47.5,14.5,11977,0.0953579950053951,0.1644088034033226,0.1775241059040125,0.15468466211903079
-46.5,14.5,11978,0.09832141635037128,0.21271651103414324,0.07059321148097485,0.20724004113472005
-45.5,14.5,11979,0.11639068844444866,0.29834056721246394,0.07326057528171502,0.20554467295558448
-44.5,14.5,11980,0.1390820346770917,0.3436375054433321,0.10105570276502454,0.2225144470846626
-43.5,14.5,11981,0.14497066752634324,0.2818201714902558,0.2263060063997059,0.24689372324934955
-42.5,14.5,11982,0.14370311343633232,0.27518333958441293,0.11308265476142382,0.1979552471507846
-41.5,14.5,11983,0.136143759365707,0.26965117141697814,0.305066588655796,0.20021916447578383
-40.5,14.5,11984,0.15149604258814314,0.3481197350484596,0.17300156792773067,0.3207630123846189
-39.5,14.5,11985,0.1438536092752541,0.35680061322061857,0.2023271107499753,0.2449154538537728
-38.5,14.5,11986,0.15204949455847575,0.24516991477088193,0.3810403999405988,0.3518998482353997
-37.5,14.5,11987,0.1364987724537399,0.24081970853390913,0.16667237155301595,0.3370683783108037
-36.5,14.5,11988,0.1511160083414101,0.2581778185392337,0.16991527790780936,0.37276097931815466
-35.5,14.5,11989,0.15855796528077318,0.2612052436838341,0.3634805465279509,0.3668790966893671
-34.5,14.5,11990,0.15926645198072736,0.21362433555777116,0.33150581563592546,0.36354972133564933
-33.5,14.5,11991,0.18404607946381007,0.26682813717125564,0.3936719902405324,0.3992889669755327
-32.5,14.5,11992,0.1675500376364865,0.291509951463283,0.21248778794218073,0.40337294417009595
-31.5,14.5,11993,0.11626078444281612,0.2748616779618499,0.145726316190199,0.289852175630935
-30.5,14.5,11994,0.12191334588722531,0.312122994888075,0.1620638543401229,0.2923356878019569
-29.5,14.5,11995,0.10272385319888164,0.251560189540582,0.1313999860685536,0.2290707123465642
-28.5,14.5,11996,0.1400960738586623,0.3310348421108272,0.3514830986852025,0.2316134566066872
-27.5,14.5,11997,0.11264873471354843,0.21636781928773977,0.14797384611056458,0.2506573119635326
-26.5,14.5,11998,0.08067335726121287,0.16110432944216968,0.100104274342376,0.17832458470287924
-25.5,14.5,11999,0.07159993879300476,0.14953524254963277,0.1693354001430879,0.16447933063207476
-24.5,14.5,12000,0.06931740263377191,0.19153797328402336,0.1722259156529034,0.16175115339790286
-23.5,14.5,12001,0.06929406813871951,0.17346167291964995,0.17635744261030886,0.16389797838806078
-22.5,14.5,12002,0.06525273953979349,0.1999256581622411,0.19850576840364326,0.15370621142542504
-21.5,14.5,12003,0.06824125475688668,0.1896023976150116,0.2028963271401733,0.15818460008522467
-20.5,14.5,12004,0.05475978126507993,0.11390440450088721,0.12604956725824867,0.12110846944530315
-19.5,14.5,12005,0.056256283407843166,0.10792769466119391,0.128591931818884,0.12142924427451648
-18.5,14.5,12006,0.057683523921334676,0.15154377350599776,0.11950986516592797,0.09007070997122034
-17.5,14.5,12007,0.058922049910274034,0.16417760079056673,0.06379395834996526,0.09405681171535603
-16.5,14.5,12008,0.058945582532808044,0.12520832826346537,0.13207889542237988,0.09054368697622146
-15.5,14.5,12009,0.05551431026187887,0.12003523554981771,0.149682832361576,0.09492610218254215
-14.5,14.5,12010,0.0531764708862127,0.13938580371691398,0.08257730981034128,0.0928773597447268
-13.5,14.5,12011,0.06053485627147634,0.1640163910134082,0.1357605228308535,0.1213388262997386
-12.5,14.5,12012,0.07020725246259421,0.14313696770414344,0.141070478059461,0.1476304473247671
-11.5,14.5,12013,0.07919483928136703,0.23773612347792636,0.19588997534916167,0.15488984514640017
-10.5,14.5,12014,0.07578469385026763,0.19481834660764283,0.22348324267570385,0.10974156661608031
-9.5,14.5,12015,0.06860379027220756,0.1567374311033966,0.1829893866876046,0.11485499099051713
-8.5,14.5,12016,0.06019603769757027,0.1242974946014182,0.07845342186002877,0.0961533270951514
-7.5,14.5,12017,0.04802389932057615,0.10004749010536283,0.05987119098699135,0.07147950906425955
-6.5,14.5,12018,0.04377569378359687,0.0992585661293628,0.05946092326579389,0.07854851406453289
-5.5,14.5,12019,0.04018666445699846,0.09244175269675636,0.04925415971743399,0.0702096873239617
-4.5,14.5,12020,0.036741702092920714,0.08963444321334542,0.042208099035699054,0.06484187441058606
-3.5,14.5,12021,0.029297261704712172,0.06997475760734724,0.03307255348989086,0.045813460743597656
-2.5,14.5,12022,0.028567140244635237,0.06516983785001466,0.03441502982054366,0.04973299108418386
-1.5,14.5,12023,0.029221396087835912,0.05653581225519713,0.03521361512471782,0.048890477927005356
-0.5,14.5,12024,0.026353610064983442,0.05185400797107887,0.06728153965397551,0.04579678964889376
0.5,14.5,12025,0.024839790055114327,0.04737268174646293,0.035522070501215454,0.04275153482544135
1.5,14.5,12026,0.024820361571102394,0.04407392206885335,0.055307463255396073,0.04480912510306527
2.5,14.5,12027,0.02164332202286456,0.03704173369532001,0.0328100322490471,0.04109738171750913
3.5,14.5,12028,0.02206603267119214,0.03390620265140192,0.033524752422228715,0.04016626010234566
4.5,14.5,12029,0.024941782811636438,0.03916465209905347,0.03571095654160828,0.04650813795548196
5.5,14.5,12030,0.028283048336725437,0.045543041598586416,0.0627486003343097,0.056115527376985455
6.5,14.5,12031,0.030745715222870975,0.04474510519344662,0.04018351602951609,0.052858733358062744
7.5,14.5,12032,0.031546995389847704,0.04662128725645404,0.0643196337873316,0.05737452972039128
8.5,14.5,12033,0.030560021942911776,0.04549881311789579,0.0420915949279188,0.054687522129657794
9.5,14.5,12034,0.03144018251846566,0.042264270441027825,0.04222414296628673,0.0512458671210643
10.5,14.5,12035,0.03084743236825426,0.043275612679381015,0.04128053378509408,0.05046650179737844
11.5,14.5,12036,0.033636788824289464,0.04521476663114073,0.03953597576778034,0.04827132059487742
12.5,14.5,12037,0.03292407264321271,0.04373681859318563,0.058296062515358744,0.04679002575316904
13.5,14.5,12038,0.03253812491561407,0.04555712094325492,0.058264116574926965,0.04602784435150193
14.5,14.5,12039,0.029172224021581122,0.03981905137453878,0.035665943993570995,0.042537315516162535
15.5,14.5,12040,0.028147797728776867,0.037562277231179275,0.03368023741203617,0.03920007411603508
16.5,14.5,12041,0.026684439729159883,0.032863835433035074,0.026979178339334317,0.029247607994414122
17.5,14.5,12042,0.022136408277801348,0.027917670998922353,0.026546295700031308,0.02823839332993429
18.5,14.5,12043,0.020905509818621302,0.02811307044199934,0.02610831032855458,0.030389403149040584
19.5,14.5,12044,0.019654451161245833,0.027602507970120087,0.026400668306144418,0.035406357209301687
20.5,14.5,12045,0.025812252415370895,0.03526817043054043,0.033149926068457104,0.03718838398428747
21.5,14.5,12046,0.024599138462332245,0.039450007010871486,0.035665185034130666,0.033105660024012475
22.5,14.5,12047,0.023860871532249268,0.03927628374959953,0.03418345355799839,0.03669477357851659
23.5,14.5,12048,0.024907106328996856,0.037464938670386326,0.03458589377921082,0.03577140503597331
24.5,14.5,12049,0.02289203458366411,0.03358601772363829,0.032396070061815975,0.03661660969729795
25.5,14.5,12050,0.0240404965757137,0.028785342333741505,0.03106062985020494,0.033683811175697055
26.5,14.5,12051,0.024701643592453866,0.03151551670263283,0.045757188240316236,0.033867863918145356
27.5,14.5,12052,0.021021122176778265,0.03209576486870399,0.030560366011212665,0.028445750504220196
28.5,14.5,12053,0.0152476248954633,0.020234726208857294,0.03528685045386843,0.024399618460411904
29.5,14.5,12054,0.013920421712654917,0.020798689834537098,0.030945727576468074,0.021602591612141682
30.5,14.5,12055,0.01415265511152362,NA,NA,0.021826272674112992
31.5,14.5,12056,0.013812473249130142,NA,NA,0.021243485621974742
32.5,14.5,12057,0.013509748914857981,NA,NA,0.02060588305070138
33.5,14.5,12058,0.013794334929543772,NA,NA,0.019151744298381155
34.5,14.5,12059,0.013252818447471837,NA,NA,0.018440198988768457
35.5,14.5,12060,0.013047150829385045,NA,NA,0.01820556592467472
36.5,14.5,12061,0.01296545081800127,NA,NA,0.02012816356111927
37.5,14.5,12062,0.013303789744561775,NA,NA,0.01863476463583258
38.5,14.5,12063,0.012460716135800413,NA,NA,0.016630427562742557
39.5,14.5,12064,0.012795551887600308,NA,NA,0.01686389289017883
40.5,14.5,12065,0.012986558256086125,NA,NA,NA
41.5,14.5,12066,0.013352985523115812,NA,NA,NA
42.5,14.5,12067,0.015951194345154414,NA,NA,NA
43.5,14.5,12068,0.016729538230799156,NA,NA,NA
44.5,14.5,12069,0.015727792989638584,NA,NA,NA
45.5,14.5,12070,0.015739722167019923,NA,NA,NA
46.5,14.5,12071,0.015718069184231,NA,NA,NA
47.5,14.5,12072,0.015001249371148597,NA,NA,NA
48.5,14.5,12073,0.013912851389379166,NA,NA,NA
49.5,14.5,12074,0.01271657648882118,NA,NA,NA
50.5,14.5,12075,0.013048172332816799,NA,NA,0.014977544455730437
51.5,14.5,12076,0.012490780481736798,NA,NA,0.013973395033332042
52.5,14.5,12077,0.012539274140434412,NA,NA,0.013859891297287104
53.5,14.5,12078,0.012993162150576876,NA,NA,0.01534908158255061
54.5,14.5,12079,0.01295885565843055,NA,NA,0.01331165372899636
55.5,14.5,12080,0.012912741953622756,NA,NA,0.014624648974772681
56.5,14.5,12081,0.013021049018289862,NA,NA,0.0151167127538589
57.5,14.5,12082,0.0145816385497341,NA,NA,0.014837892283348569
58.5,14.5,12083,0.012812206375000527,NA,NA,0.014770751472528975
59.5,14.5,12084,0.010921773996957039,NA,NA,0.015680586190731923
60.5,14.5,12085,0.01626681358600649,NA,NA,NA
61.5,14.5,12086,0.0153180290098342,NA,NA,NA
62.5,14.5,12087,0.015312451604434816,NA,NA,NA
63.5,14.5,12088,0.015339967722201052,NA,NA,NA
64.5,14.5,12089,0.01798775325671228,NA,NA,NA
65.5,14.5,12090,0.018641178388089746,NA,NA,NA
66.5,14.5,12091,0.021020936275293098,NA,NA,NA
67.5,14.5,12092,0.023854817139174804,NA,NA,NA
68.5,14.5,12093,0.028955339348868906,NA,NA,NA
69.5,14.5,12094,0.029130158571144916,NA,NA,NA
70.5,14.5,12095,0.03192120255050332,0.0522424738242566,NA,NA
71.5,14.5,12096,0.03602711077389681,0.05386260657852515,NA,NA
72.5,14.5,12097,0.03449773242348278,0.05900247728115115,NA,NA
73.5,14.5,12098,0.03611847292955,0.08082806167055355,NA,NA
74.5,14.5,12099,0.03566932067957419,0.06911870637751183,NA,NA
75.5,14.5,12100,0.04346854184883948,0.05888907203664771,NA,NA
76.5,14.5,12101,0.06646003162311358,0.0750363189838041,NA,NA
77.5,14.5,12102,0.06210045157923721,0.07183238727309971,NA,NA
78.5,14.5,12103,0.04847222194999392,0.0744092661830541,NA,NA
79.5,14.5,12104,0.04469988948711183,0.05493718742498252,NA,NA
80.5,14.5,12105,0.05740048406016901,0.07511827803376887,NA,NA
81.5,14.5,12106,0.06104313440999675,0.06185796857358477,NA,NA
82.5,14.5,12107,0.068898308732227,0.08074960055904455,NA,NA
83.5,14.5,12108,0.07088298358984098,0.09981379855093551,NA,NA
84.5,14.5,12109,0.05559068912041624,0.12447433299068929,NA,NA
85.5,14.5,12110,0.05013661003600792,0.07783951379125775,NA,NA
86.5,14.5,12111,0.04542270864906984,0.0839431958616588,NA,NA
87.5,14.5,12112,0.03784823036272447,0.21189124922071537,NA,NA
-127.5,15.5,12113,0.025716986739813277,NA,NA,0.05389707719100272
-126.5,15.5,12114,0.024295157359130494,NA,NA,0.06074661715311237
-125.5,15.5,12115,0.027790368877465197,NA,NA,0.05995617479332702
-124.5,15.5,12116,0.029785924487060193,NA,NA,0.06662338142166946
-123.5,15.5,12117,0.029737848356768525,NA,NA,0.06476159230523076
-122.5,15.5,12118,0.021841894592369047,NA,NA,0.07164227714642996
-121.5,15.5,12119,0.01804295642043278,NA,NA,0.04683956409847779
-120.5,15.5,12120,0.016309303964557723,NA,NA,0.052432478656156516
-99.5,15.5,12135,0.08096890427911504,NA,NA,NA
-98.5,15.5,12136,0.18300483780456903,NA,NA,NA
-97.5,15.5,12137,0.04581183249932162,NA,NA,NA
-96.5,15.5,12138,0.10516123678774557,NA,NA,NA
-95.5,15.5,12139,0.05011409054047661,NA,NA,NA
-94.5,15.5,12140,0.04270003200237751,NA,NA,NA
-93.5,15.5,12141,0.04087164737415453,NA,NA,NA
-92.5,15.5,12142,0.0541468362168838,NA,NA,NA
-91.5,15.5,12143,0.046266171064029256,NA,NA,NA
-90.5,15.5,12144,0.12983681483109347,NA,NA,NA
-89.5,15.5,12145,0.11279603094634699,NA,NA,NA
-88.5,15.5,12146,0.13743330393375258,NA,NA,NA
-87.5,15.5,12147,0.06518707518729548,NA,NA,NA
-86.5,15.5,12148,0.09982349931512004,NA,NA,NA
-85.5,15.5,12149,0.19967117355891784,NA,NA,NA
-84.5,15.5,12150,0.09398485491460858,NA,NA,NA
-69.5,15.5,12152,0.0351212535363404,0.33193839019525195,0.21759493296620858,0.061181656963292023
-68.5,15.5,12153,0.05011158081739054,0.21670881001266323,0.17805287281406398,0.0635085836939124
-67.5,15.5,12154,0.03326831586319863,0.12196487900673358,0.13250311981435875,0.05304136470494603
-66.5,15.5,12155,0.045562257228583126,0.17351824801283885,0.2503383401882513,0.06632205392558964
-65.5,15.5,12156,0.05579084667671169,0.1739826282247605,0.26078402501306597,0.07335766871778764
-64.5,15.5,12157,0.04553226534604984,0.16676293864320338,0.08286607859648287,0.07062105097167724
-63.5,15.5,12158,0.06290246341849311,0.15532626541311093,0.09258731590189562,0.07968134427052105
-62.5,15.5,12159,0.08293773556141538,0.239617737263762,0.0947483417754346,0.101376736882584
-61.5,15.5,12160,0.09230228358663377,0.20086938871244214,0.22444279514275292,0.11181023636911218
-60.5,15.5,12161,0.17145094349416426,0.4762185178858133,0.2585472365005669,0.13945566872296902
-58.5,15.5,12162,0.0879125965864278,0.12268429299494144,0.08273364940853606,0.04882672819955361
-57.5,15.5,12163,0.07080750313100692,0.19408781188537852,0.12114653524283632,0.06848407873410212
-56.5,15.5,12164,0.14745111164191804,0.397280703406955,0.3126786602899004,0.1555616184303097
-55.5,15.5,12165,0.17945116994043508,0.4169544082170283,0.2597957695824705,0.2003149985008986
-54.5,15.5,12166,0.1629458896515951,0.454287846121389,0.2868492789550215,0.22683085787042465
-53.5,15.5,12167,0.11169136654103326,0.38255284364583536,0.2698199907399126,0.18302360127170472
-52.5,15.5,12168,0.12181882299058248,0.37772160447382125,0.10574180925393832,0.249977947482488
-51.5,15.5,12169,0.14346899157759255,0.36471425423827897,0.09452232121707048,0.2523716391310778
-50.5,15.5,12170,0.11001024938392627,0.33333916970568,0.09245978843703775,0.27669329938860365
-49.5,15.5,12171,0.10526806569380669,0.2933690978708052,0.08513464844561623,0.26369679608475227
-48.5,15.5,12172,0.09753301620788088,0.3620565865056536,0.09063674582289158,0.2617300933908973
-47.5,15.5,12173,0.09863147036952502,0.35885980031571313,0.08896256620323746,0.22907937759989008
-46.5,15.5,12174,0.11254990779877559,0.2921732765150569,0.09206198662537465,0.23799767047206044
-45.5,15.5,12175,0.11603108236151698,0.30159907666732877,0.2097299229540758,0.25578378241182453
-44.5,15.5,12176,0.12705293776485183,0.37723347832251913,0.24862446899216478,0.2599891533493373
-43.5,15.5,12177,0.11980301550512971,0.28706574341939217,0.24058117873036627,0.2537644865155334
-42.5,15.5,12178,0.10425924979099331,0.2697459779226597,0.2646973478878543,0.24161472182872204
-41.5,15.5,12179,0.13841207973519268,0.31636896781283985,0.3855937131147102,0.32240745323066317
-40.5,15.5,12180,0.15896543514244102,0.3311874935362499,0.23438019696702292,0.4035174691688986
-39.5,15.5,12181,0.16692329143787996,0.4201603501101895,0.22986712971572998,0.37784112035671763
-38.5,15.5,12182,0.17021505040120066,0.3724589107873395,0.23607171869372054,0.3918431925232743
-37.5,15.5,12183,0.13787063327043056,0.2763178722553122,0.14749305051446315,0.3220053547932305
-36.5,15.5,12184,0.16685327142410092,0.23446030844802762,0.19312566582166374,0.3908609978554199
-35.5,15.5,12185,0.18952191601810617,0.2745027547305461,0.2217993105460185,0.3116874145181612
-34.5,15.5,12186,0.20400805876542538,0.3197588012750224,0.23490481805612226,0.519467823161496
-33.5,15.5,12187,0.17820286001469116,0.3676509486325087,0.2034313842884516,0.38903212734358666
-32.5,15.5,12188,0.17501250638722396,0.38822558677741853,0.2222618230457581,0.378919811353057
-31.5,15.5,12189,0.12768528489471428,0.2759828180135829,0.1671215574834972,0.29719978269140845
-30.5,15.5,12190,0.13195004930603427,0.24165343830987332,0.16060362015982396,0.23720604289502634
-29.5,15.5,12191,0.15793588963154345,0.37282437370983207,0.36948891637636866,0.22785463358814625
-28.5,15.5,12192,0.11132927889325872,0.2930484405454524,0.1893311512256688,0.2629157743883464
-27.5,15.5,12193,0.07733430240766034,0.1683736916041837,0.23527656138370803,0.1763099440949448
-26.5,15.5,12194,0.07586161641001127,0.21067297922503497,0.21975151598654058,0.15834937529753132
-25.5,15.5,12195,0.07043386746512234,0.1518830811058568,0.09334348898733681,0.15053496348561005
-24.5,15.5,12196,0.06531564929960154,0.18052155810224751,0.16829940196388934,0.10612718372803813
-23.5,15.5,12197,0.07472804350457586,0.22338172328805955,0.14352518157907487,0.16809275166328594
-22.5,15.5,12198,0.04792455293219781,0.12609745662337662,0.09422983782037408,0.12690551408002715
-21.5,15.5,12199,0.05370114775287056,0.12664682603865696,0.1686320851530752,0.09360766604223403
-20.5,15.5,12200,0.04678700103855466,0.10553280861762032,0.06839024317330748,0.08245505077766924
-19.5,15.5,12201,0.04378181151932657,0.09115002005752262,0.11853146012860954,0.0725140269942991
-18.5,15.5,12202,0.0517138974240086,0.11394967689601856,0.15357214816529258,0.11537888138615658
-17.5,15.5,12203,0.05479227526891778,0.14068331674389417,0.13894970440821527,0.09053107230252538
-16.5,15.5,12204,0.05700397641265715,0.1411763786092663,0.15915079897456938,0.11202248428183618
-15.5,15.5,12205,0.059617384203783604,0.12005043320847543,0.06832690739777349,0.0887970596254603
-14.5,15.5,12206,0.05984531590171862,0.16591556991873022,0.1380198159783975,0.10849174306438707
-13.5,15.5,12207,0.06143392231872141,0.12966187967504478,0.12537221137449975,0.0957896772368385
-12.5,15.5,12208,0.07656136512285741,0.15829253855086314,0.08366199512293097,0.14088360340470416
-11.5,15.5,12209,0.08405454522734747,0.21868791530867612,0.08083556047666826,0.14533903549236046
-10.5,15.5,12210,0.08385273608676057,0.23264935430828673,0.17480190553668964,0.14188647869168455
-9.5,15.5,12211,0.06456425279683908,0.1646140149338797,0.07056243861839544,0.11480915813482401
-8.5,15.5,12212,0.04831271243155254,0.12541181408320656,0.058519313554747605,0.08423960604278496
-7.5,15.5,12213,0.04276116698747459,0.1124037866007163,0.09728132417960286,0.06724251975591089
-6.5,15.5,12214,0.04332219639554068,0.10711978655896763,0.0588599107077322,0.0817008100788828
-5.5,15.5,12215,0.03880976653211376,0.0938602494322005,0.05261884202797153,0.06889981134650562
-4.5,15.5,12216,0.028626294973483592,0.06460737171121533,0.040725161494934034,0.0510274804351045
-3.5,15.5,12217,0.02641630111989226,0.05509591446594434,0.08285325305234867,0.047163733859979726
-2.5,15.5,12218,0.024403887807432675,0.049728386244977905,0.04393387042612242,0.0452294495532046
-1.5,15.5,12219,0.022639750429759516,0.048442652089932904,0.04335590386327947,0.045544256175800296
-0.5,15.5,12220,0.02221348204249654,0.04819738381315713,0.041351790227965396,0.04476782059640197
0.5,15.5,12221,0.020755101724823092,0.04571941544113076,0.06587226064553088,0.04167174871376354
1.5,15.5,12222,0.020295699012806253,0.04920064691078449,0.06736080234060464,0.04521395861030406
2.5,15.5,12223,0.020833716221518698,0.03837289942284412,0.037439635414648016,0.04676327508486295
3.5,15.5,12224,0.019871408570123407,0.047695747016366224,0.036148288665889636,0.04075321630441304
4.5,15.5,12225,0.02534162573713435,0.058625457440699184,0.07710193233969918,0.05466985438077815
5.5,15.5,12226,0.02681697202314268,0.05493888964071994,0.07929185725815999,0.05749238390520126
6.5,15.5,12227,0.027247918651961918,0.060972762314982956,0.07210378338498047,0.05749653768857795
7.5,15.5,12228,0.026466658376412665,0.05900404889325218,0.07714786636922227,0.05359963223428623
8.5,15.5,12229,0.030024476609405826,0.04866501531892306,0.04896290221197024,0.06839137088044143
9.5,15.5,12230,0.03518524835463773,0.057473468478206426,0.05255771387982394,0.07543005926917908
10.5,15.5,12231,0.031443504580606775,0.05448544799794776,0.05253014251830788,0.06993359060329796
11.5,15.5,12232,0.030795813554511085,0.05490219987673002,0.08974166743549199,0.06658788448408824
12.5,15.5,12233,0.024631078132374643,0.04206426551186741,0.04560893614752149,0.04794877762833547
13.5,15.5,12234,0.02244960300195345,0.034549116158012594,0.03881801160636089,0.042470747909574044
14.5,15.5,12235,0.023487816569310548,0.03368608518009525,0.05714248427896833,0.042925607385031574
15.5,15.5,12236,0.021393607023368875,0.03062860348313319,0.034428507774142476,0.0402271025053971
16.5,15.5,12237,0.019914874362879014,0.028013447405108714,0.0323374905076089,0.03607500203987402
17.5,15.5,12238,0.016107204800424314,0.021970479430084844,0.025253072052863954,0.02803010299728156
18.5,15.5,12239,0.01657361133821907,0.023019088713837163,0.025158377465583283,0.027672836026717367
19.5,15.5,12240,0.022911226391361887,0.0318093900059153,0.031893123910292684,0.038413030311449846
20.5,15.5,12241,0.027867508559686224,0.03747565401665537,0.03387851917948825,0.04214331378398892
21.5,15.5,12242,0.025317481783823464,0.033900085064243454,0.03512061860366419,0.039423064043555674
22.5,15.5,12243,0.027373633993570737,0.04698589935524733,0.032910743589435174,0.038976558137134
23.5,15.5,12244,0.025000930720080493,0.03212126351259955,0.03154384987819899,0.0350941734346327
24.5,15.5,12245,0.021155398737563575,0.03313237153292516,0.02973788254506608,0.03471281267859203
25.5,15.5,12246,0.02096136491279,0.03873128908849084,0.031577168261973335,0.03536304446304256
26.5,15.5,12247,0.02005772999600531,0.029124256268707634,0.043158319159861167,0.031511796375632076
27.5,15.5,12248,0.02100500661695758,0.027116786517023154,0.03217981492129734,0.030974625845405022
28.5,15.5,12249,0.01756140011683726,0.023813156332773127,0.03965552470297736,0.02759953732409948
29.5,15.5,12250,0.01308333153100099,0.01835017080570564,0.02823854952224808,0.020252584934477735
30.5,15.5,12251,0.01243828805719822,NA,NA,0.018914043259570388
31.5,15.5,12252,0.012697808878815199,NA,NA,0.017258554053796706
32.5,15.5,12253,0.012931932220635945,NA,NA,0.016685141626645823
33.5,15.5,12254,0.012329255688151972,NA,NA,0.015709877726758574
34.5,15.5,12255,0.012165968036773209,NA,NA,0.015594166485029043
35.5,15.5,12256,0.014195133086833055,NA,NA,0.015486450597418676
36.5,15.5,12257,0.012563401358045843,NA,NA,0.01532133273577475
37.5,15.5,12258,0.0124706530318328,NA,NA,0.015510094721300298
38.5,15.5,12259,0.011461588088460602,NA,NA,0.013551098223766786
39.5,15.5,12260,0.010883387697325225,NA,NA,0.012858527850242928
40.5,15.5,12261,0.01127554206044518,NA,NA,NA
41.5,15.5,12262,0.012982977172314203,NA,NA,NA
42.5,15.5,12263,0.012885847515135114,NA,NA,NA
43.5,15.5,12264,0.012845496796858577,NA,NA,NA
44.5,15.5,12265,0.012789338509862642,NA,NA,NA
45.5,15.5,12266,0.012577623542152104,NA,NA,NA
46.5,15.5,12267,0.012359895990280416,NA,NA,NA
47.5,15.5,12268,0.01188836452817035,NA,NA,NA
48.5,15.5,12269,0.01144773034921158,NA,NA,NA
49.5,15.5,12270,0.01200486200000031,NA,NA,NA
50.5,15.5,12271,0.012120003545346066,NA,NA,0.012352225775658638
51.5,15.5,12272,0.010057952286036427,NA,NA,0.011632179734147303
52.5,15.5,12273,0.011240331656870614,NA,NA,0.012114521491202217
53.5,15.5,12274,0.01147090070051587,NA,NA,0.012343786894723154
54.5,15.5,12275,0.012596128817708753,NA,NA,0.012236611034173556
55.5,15.5,12276,0.010814799937694937,NA,NA,0.011936051971852338
56.5,15.5,12277,0.010942447027747496,NA,NA,0.012720778660953171
57.5,15.5,12278,0.009406383268789604,NA,NA,0.012927380774278923
58.5,15.5,12279,0.008438985888449614,NA,NA,0.013277111519029805
59.5,15.5,12280,0.0099733130564645,NA,NA,0.019526167509246743
60.5,15.5,12281,0.010506007331851544,NA,NA,NA
61.5,15.5,12282,0.01224745855195234,NA,NA,NA
62.5,15.5,12283,0.011229640886156099,NA,NA,NA
63.5,15.5,12284,0.012317597541954462,NA,NA,NA
64.5,15.5,12285,0.012765477345411981,NA,NA,NA
65.5,15.5,12286,0.01375761289520665,NA,NA,NA
66.5,15.5,12287,0.01339903527994976,NA,NA,NA
67.5,15.5,12288,0.012742595368062975,NA,NA,NA
68.5,15.5,12289,0.01487393117596059,NA,NA,NA
69.5,15.5,12290,0.015970784240496246,NA,NA,NA
70.5,15.5,12291,0.020360220294911212,0.045033660953656546,NA,NA
71.5,15.5,12292,0.024908070262333694,0.05201400851425866,NA,NA
72.5,15.5,12293,0.027581053418026177,0.05154630914925116,NA,NA
73.5,15.5,12294,0.03414457893061672,0.05468690987362978,NA,NA
74.5,15.5,12295,0.05055099173368757,0.04671979146112387,NA,NA
75.5,15.5,12296,0.0451986396577331,0.05168844133411733,NA,NA
76.5,15.5,12297,0.045763710739848106,0.053357906612726415,NA,NA
77.5,15.5,12298,0.047540747428060304,0.06208726138001477,NA,NA
78.5,15.5,12299,0.04953724924671453,0.084102325925969,NA,NA
79.5,15.5,12300,0.05704153220982512,0.06362539439551343,NA,NA
80.5,15.5,12301,0.06034954449404146,0.06200543773762644,NA,NA
81.5,15.5,12302,0.0659927120179094,0.06687524766866844,NA,NA
82.5,15.5,12303,0.045530337551712145,0.08699432304763907,NA,NA
83.5,15.5,12304,0.08967165221890595,0.21073386255019116,NA,NA
84.5,15.5,12305,0.04671745668031194,0.12587420024442067,NA,NA
-126.5,16.5,12306,0.02465139250957644,NA,NA,0.13571072510488352
-125.5,16.5,12307,0.01868045698751644,NA,NA,0.04482722243647094
-124.5,16.5,12308,0.02531200364741258,NA,NA,0.049753229400328475
-123.5,16.5,12309,0.029000146476006603,NA,NA,0.06470951943531893
-122.5,16.5,12310,0.039653001966862486,NA,NA,0.0654956763792843
-121.5,16.5,12311,0.028926068676274126,NA,NA,0.06215667990364611
-120.5,16.5,12312,0.019060518485886996,NA,NA,0.05113235017834994
-97.5,16.5,12326,0.08398806094768504,NA,NA,NA
-96.5,16.5,12327,0.14432051885168598,NA,NA,NA
-95.5,16.5,12328,0.12533906454221336,NA,NA,NA
-94.5,16.5,12329,0.046034523653757854,NA,NA,NA
-93.5,16.5,12330,0.05445662596569005,NA,NA,NA
-92.5,16.5,12331,0.054269228049573875,NA,NA,NA
-91.5,16.5,12332,0.05375826143590024,NA,NA,NA
-90.5,16.5,12333,0.12223842271641709,NA,NA,NA
-89.5,16.5,12334,0.11073634875240612,NA,NA,NA
-88.5,16.5,12335,0.05707866709443431,NA,NA,NA
-87.5,16.5,12336,0.0674523750903383,NA,NA,NA
-86.5,16.5,12337,0.04589714877618451,NA,NA,NA
-69.5,16.5,12340,0.03718481409241779,0.2562405464509809,0.18963361436467024,0.05213821958045711
-68.5,16.5,12341,0.039979641068245836,0.21280339624686243,0.11025956943997875,0.07580402415790286
-67.5,16.5,12342,0.05109034071980961,0.24056206071916092,0.20092513936534742,0.07920606560129781
-66.5,16.5,12343,0.04597194307139957,0.22134488952649525,0.17727834006900328,0.06475011783506533
-65.5,16.5,12344,0.04479339745965763,0.1832414380138516,0.1792978794684865,0.062201596385341375
-64.5,16.5,12345,0.0454338754579987,0.13382010442486808,0.1884144537496594,0.061698903548318015
-63.5,16.5,12346,0.06487600225692665,0.16700647850589773,0.09394107368539942,0.07913231941007785
-62.5,16.5,12347,0.09581174557078669,0.23960187506014471,0.21028390748206796,0.10466083497861862
-61.5,16.5,12348,0.0941705941674698,0.2535015225985516,0.100362218626392,0.1078893530796461
-60.5,16.5,12349,0.10131595611617414,0.2386496090853475,0.26342398764145725,0.14154464984507764
-57.5,16.5,12350,0.08593139293564074,0.21177372829078595,0.1683008812019667,0.09223809068999751
-56.5,16.5,12351,0.1680129921258575,0.5001675797189981,0.44371151747826915,0.22265606070206154
-55.5,16.5,12352,0.15447318438087676,0.5074625886633262,0.38098785798908985,0.2248927898746176
-54.5,16.5,12353,0.11184949141952362,0.406084174227953,0.3430724221190015,0.18093805853537417
-53.5,16.5,12354,0.10098108578452845,0.43304456645501693,0.3379140052752704,0.17084863571969883
-52.5,16.5,12355,0.10525331041043849,0.5027091725884849,0.297096662997108,0.1588279860332525
-51.5,16.5,12356,0.11127921491450513,0.5081346350695076,0.15130403310689966,0.2012756385277132
-50.5,16.5,12357,0.10875088598724689,0.49486757110446977,0.13465273567841893,0.18690997527646602
-49.5,16.5,12358,0.09436758813111873,0.42465875593888663,0.11819821509235616,0.20935563324271067
-48.5,16.5,12359,0.0911645788935148,0.49417076026844475,0.1328861356012357,0.22869178592380032
-47.5,16.5,12360,0.06578038010985511,0.40423892875181894,0.10064992975610992,0.19690028252575392
-46.5,16.5,12361,0.0913277762867654,0.4603982051639885,0.14448101982184205,0.22528058915674512
-45.5,16.5,12362,0.09405383717786998,0.4802571164901796,0.2882515020528408,0.2788285856297889
-44.5,16.5,12363,0.08953327124189925,0.4922123562551267,0.16882126697266278,0.2801473337011538
-43.5,16.5,12364,0.10099942251680738,0.4041623036302494,0.12738976200358273,0.2855122717200117
-42.5,16.5,12365,0.09642228919744972,0.3760078570183879,0.14304792906276506,0.21115153069491466
-41.5,16.5,12366,0.10299778503597186,0.34814541443963726,0.19224400759287988,0.29978951576024404
-40.5,16.5,12367,0.13779298687248964,0.5040167443664835,0.2750485067410572,0.37208559139785324
-39.5,16.5,12368,0.16000947308068322,0.4558130865720841,0.3865359614195982,0.2755665844792602
-38.5,16.5,12369,0.1642792198628053,0.43205226742750524,0.40003729664407706,0.4013208959318407
-37.5,16.5,12370,0.14240912744715897,0.24766510454417842,0.2312376489567581,0.34038233687527425
-36.5,16.5,12371,0.2039782499902158,0.34612525327287125,0.46121012917467985,0.3983638635498178
-35.5,16.5,12372,0.23838971084014673,0.3258137597807548,0.23423521852035742,0.4432351001051851
-34.5,16.5,12373,0.2630231540304929,0.44874468532252565,0.24048019929526335,0.49498771576898054
-33.5,16.5,12374,0.2044646585053279,0.2930408865923153,0.21346735034585335,0.4310691844452392
-32.5,16.5,12375,0.19132160553999164,0.3675240883803421,0.2277276970341091,0.4022641235263856
-31.5,16.5,12376,0.13635347881410653,0.3370074986077298,0.2480639143584117,0.34159645797590593
-30.5,16.5,12377,0.12423614004339667,0.29511019101483804,0.2532135961986081,0.31899382957396155
-29.5,16.5,12378,0.1212774679582139,0.28698613082774743,0.23420127563537108,0.2099251963576051
-28.5,16.5,12379,0.1142155629829295,0.22453654490841635,0.18555375566055227,0.26200813502490244
-27.5,16.5,12380,0.08285804563882351,0.22521633192896445,0.14141971926255703,0.18015059041122725
-26.5,16.5,12381,0.07696378424668532,0.2290836498021045,0.28850987038225545,0.16972987953560492
-25.5,16.5,12382,0.06813351035444704,0.18896105282522974,0.20629771360154042,0.15040049707731787
-24.5,16.5,12383,0.07585498050693719,0.24654223181220197,0.27598859968634276,0.1251334717112775
-23.5,16.5,12384,0.05952862435840215,0.16764245348472148,0.12750222464097763,0.14273844714250586
-22.5,16.5,12385,0.06615924921577208,0.17924101797327943,0.28369059909019584,0.16326675420167625
-21.5,16.5,12386,0.06601376015349941,0.21242552597452988,0.1202664259911314,0.1448010915312192
-20.5,16.5,12387,0.05729260683828247,0.19496783724666775,0.10457151330003588,0.08450765016735419
-19.5,16.5,12388,0.04887630303324598,0.15155067081360404,0.17231919920559083,0.09910302063631803
-18.5,16.5,12389,0.05365967952993181,0.14759716142727658,0.1981956797597035,0.10450042949599951
-17.5,16.5,12390,0.04975027782359958,0.10608925918830592,0.1785989369813295,0.11156848853114486
-16.5,16.5,12391,0.05443312067114122,0.16496191768732113,0.18031012937536206,0.11350739487142635
-15.5,16.5,12392,0.05744565665675583,0.13641488337174512,0.1662275184728218,0.091424744894514
-14.5,16.5,12393,0.055398229468849605,0.09982613460620537,0.13895859552025408,0.09037368545591264
-13.5,16.5,12394,0.05324349714591303,0.13072395734900014,0.07859818030400738,0.09260232814118319
-12.5,16.5,12395,0.05025653837486155,0.1292965193154685,0.1263337717547262,0.10661185288032152
-11.5,16.5,12396,0.059009207865021764,0.17106720388244778,0.07943001537436052,0.1253949085828087
-10.5,16.5,12397,0.0545471974069711,0.16001515004077754,0.07435615480733837,0.11577339474736446
-9.5,16.5,12398,0.0451198979147145,0.14514442868005378,0.06177550706472116,0.0958389593785708
-8.5,16.5,12399,0.041650561668692056,0.13506626485191411,0.10582634439328883,0.08776738748976712
-7.5,16.5,12400,0.040376948657723316,0.11359184564411888,0.054646415737213246,0.08641703998451157
-6.5,16.5,12401,0.03966140687373138,0.10655735772883027,0.08953015812936885,0.08034921640529044
-5.5,16.5,12402,0.03410887106997348,0.09140421253912975,0.04780690200213993,0.0715680716997427
-4.5,16.5,12403,0.02848478905427435,0.065512867600759625,0.035130749851280126,0.05631368555620293
-3.5,16.5,12404,0.026793903424995158,0.061029158327483964,0.03251905258091377,0.05694099764692459
-2.5,16.5,12405,0.026799895039855574,0.05924763886518677,0.030851831983309118,0.04874344326782472
-1.5,16.5,12406,0.022731245196509417,0.059312330531806894,0.054533163157009956,0.04626121511587567
-0.5,16.5,12407,0.021861281492212118,0.05735388754573656,0.054219701922884216,0.0473938242324993
0.5,16.5,12408,0.019574033687905022,0.04040666902880851,0.030842069988137464,0.04480765271964502
1.5,16.5,12409,0.020587466401197636,0.05549175399099944,0.05360251914823133,0.047055350150725296
2.5,16.5,12410,0.02067443215484776,0.055438663662781114,0.05256987373164546,0.05818546488771837
3.5,16.5,12411,0.02089869392234234,0.05093198650742373,0.05329324981678842,0.05730324399788834
4.5,16.5,12412,0.02553021312395445,0.05864601106080281,0.03840363500655618,0.0707747624610321
5.5,16.5,12413,0.028127057807755464,0.05985632073815661,0.05030052385122559,0.06273793649019996
6.5,16.5,12414,0.02636566587794756,0.06295656907063506,0.09688197835727103,0.0629480649061707
7.5,16.5,12415,0.025988656254164483,0.06120530761863622,0.050524042417182044,0.07445579826944466
8.5,16.5,12416,0.03208769269436171,0.059687147143672695,0.10755923161093363,0.0777009322129114
9.5,16.5,12417,0.036448252293729264,0.07522275145275024,0.12798103964506347,0.10383943224003785
10.5,16.5,12418,0.03962709787035451,0.12213527057735399,0.15038456129420508,0.12389655047732381
11.5,16.5,12419,0.033687726176222274,0.08889056372690946,0.11991598395601118,0.08610992190157231
12.5,16.5,12420,0.02800451871975105,0.06799935831576219,0.10319709831191774,0.0585203453665692
13.5,16.5,12421,0.02225308947944535,0.03791348536694316,0.0394227868084193,0.049709151983759546
14.5,16.5,12422,0.023722970662727914,0.04451822582994959,0.06148794565491694,0.0481951802210318
15.5,16.5,12423,0.02253691469357083,0.03762835041371076,0.06004569007016449,0.04554694662500627
16.5,16.5,12424,0.022432682904219885,0.03176571398772661,0.03380602701822652,0.038621818866758785
17.5,16.5,12425,0.020345302097708528,0.022958677671499415,0.04063932168053982,0.03177174160025869
18.5,16.5,12426,0.025786494414367107,0.027984904695008247,0.03740217637158619,0.048138078877584346
19.5,16.5,12427,0.027736008556493035,0.02986111746235155,0.04946727752597012,0.05528102376183173
20.5,16.5,12428,0.02522880880998162,0.028034290787788387,0.04962569743613265,0.05194318358561868
21.5,16.5,12429,0.027182715030384007,0.027225864340895654,0.043549635849469415,0.048065257629451505
22.5,16.5,12430,0.02255173212605375,0.02719659224820719,0.0369189220913614,0.043008335287774514
23.5,16.5,12431,0.023692193827908686,0.028350611732868212,0.03605768509775572,0.03923763882362604
24.5,16.5,12432,0.021363894950542948,0.028750939047834736,0.03402400586880272,0.030922929252001814
25.5,16.5,12433,0.020005108532656243,0.03185219701008799,0.02943228191110195,0.03033692107354902
26.5,16.5,12434,0.020363911707226942,0.024949764471411017,0.03909632641232682,0.02982346335325187
27.5,16.5,12435,0.021578783928638583,0.0248670622855896,0.02711596685414518,0.029324168971754293
28.5,16.5,12436,0.02061837077728908,0.02139274006981869,0.038528887754122755,0.02741384587850582
29.5,16.5,12437,0.01859114111833548,0.019711958732847527,0.03319747532238577,0.025764944651005556
30.5,16.5,12438,0.015767393981732068,NA,NA,0.020891416411780744
31.5,16.5,12439,0.014337964165385493,NA,NA,0.019553056673318293
32.5,16.5,12440,0.013404343646969347,NA,NA,0.01692164547292616
33.5,16.5,12441,0.012155482795428543,NA,NA,0.016761734997704433
34.5,16.5,12442,0.009835665024427613,NA,NA,0.015942018639341044
35.5,16.5,12443,0.01018652498252073,NA,NA,0.012998030154030567
36.5,16.5,12444,0.010224098861349812,NA,NA,0.012650582173939662
37.5,16.5,12445,0.010012502852322832,NA,NA,0.012337745168656681
38.5,16.5,12446,0.009408194819345276,NA,NA,0.010732727612124189
39.5,16.5,12447,0.009344679183622112,NA,NA,0.010485235676551092
40.5,16.5,12448,0.00954814893409433,NA,NA,NA
41.5,16.5,12449,0.009713796297299683,NA,NA,NA
42.5,16.5,12450,0.01107164271057241,NA,NA,NA
43.5,16.5,12451,0.01006198403158309,NA,NA,NA
44.5,16.5,12452,0.010255375601788656,NA,NA,NA
45.5,16.5,12453,0.009604592810667837,NA,NA,NA
46.5,16.5,12454,0.009301337058092253,NA,NA,NA
47.5,16.5,12455,0.00967214359553538,NA,NA,NA
48.5,16.5,12456,0.009754556189960012,NA,NA,NA
49.5,16.5,12457,0.009669190305852534,NA,NA,NA
50.5,16.5,12458,0.0094824900162553,NA,NA,0.010425041993443983
51.5,16.5,12459,0.009411388718972786,NA,NA,0.010149230213732457
52.5,16.5,12460,0.009328227369938217,NA,NA,0.009687910968518829
53.5,16.5,12461,0.00770495841505528,NA,NA,0.009472995530176886
54.5,16.5,12462,0.00729347503535616,NA,NA,0.009501546576110959
55.5,16.5,12463,0.00755938482861927,NA,NA,0.010747596190466724
56.5,16.5,12464,0.006753187375025942,NA,NA,0.010858892794939406
57.5,16.5,12465,0.006657186689060383,NA,NA,0.012564683066659647
58.5,16.5,12466,0.007032655643984798,NA,NA,0.014400163358763787
59.5,16.5,12467,0.009667209108682859,NA,NA,0.017856614037631648
60.5,16.5,12468,0.010980110204576583,NA,NA,NA
61.5,16.5,12469,0.01467251480820837,NA,NA,NA
62.5,16.5,12470,0.01432745946993422,NA,NA,NA
63.5,16.5,12471,0.016250433395447576,NA,NA,NA
64.5,16.5,12472,0.019649081178154774,NA,NA,NA
65.5,16.5,12473,0.017612551118460103,NA,NA,NA
66.5,16.5,12474,0.013155258542616273,NA,NA,NA
67.5,16.5,12475,0.013666998161975466,NA,NA,NA
68.5,16.5,12476,0.013821264592520041,NA,NA,NA
69.5,16.5,12477,0.01565053514754354,NA,NA,NA
70.5,16.5,12478,0.0175119933101667,0.026123720412957206,NA,NA
71.5,16.5,12479,0.02159046317068804,0.03438455483036654,NA,NA
72.5,16.5,12480,0.02086904530170788,0.043394126120971675,NA,NA
73.5,16.5,12481,0.030063900759182072,0.055560154211070786,NA,NA
74.5,16.5,12482,0.03440256645701668,0.07261554974698584,NA,NA
75.5,16.5,12483,0.04656555448477261,0.11674682131302062,NA,NA
76.5,16.5,12484,0.05142971298433199,0.12216785704976442,NA,NA
77.5,16.5,12485,0.06282490083075438,0.16073702105946472,NA,NA
78.5,16.5,12486,0.07036088111273461,0.15028090885070267,NA,NA
79.5,16.5,12487,0.0580983879017639,0.12017990690279641,NA,NA
80.5,16.5,12488,0.07979879233996341,0.13280332302841974,NA,NA
-124.5,17.5,12489,0.03481798019572619,NA,NA,0.1587950644019323
-123.5,17.5,12490,0.03168823700954292,NA,NA,0.06085648637170911
-122.5,17.5,12491,0.026643943396977725,NA,NA,0.06157644183449745
-121.5,17.5,12492,0.02777421761385103,NA,NA,0.0621437504816078
-120.5,17.5,12493,0.031886615645207866,NA,NA,0.06429912028176477
-96.5,17.5,12507,0.08123834893867285,NA,NA,NA
-95.5,17.5,12508,0.1306222454101098,NA,NA,NA
-94.5,17.5,12509,0.11501428045051267,NA,NA,NA
-93.5,17.5,12510,0.054521351948424605,NA,NA,NA
-92.5,17.5,12511,0.05160351145366451,NA,NA,NA
-91.5,17.5,12512,0.0991278926561355,NA,NA,NA
-90.5,17.5,12513,0.0939245081293019,NA,NA,NA
-89.5,17.5,12514,0.0861773775839916,NA,NA,NA
-88.5,17.5,12515,0.03782025609663534,NA,NA,NA
-87.5,17.5,12516,0.05136218800601656,NA,NA,NA
-86.5,17.5,12517,0.08842252722146109,NA,NA,NA
-85.5,17.5,12518,0.042853994228752273,NA,NA,NA
-69.5,17.5,12522,0.031059790573598974,0.2798670273024296,0.2241434205833288,0.04403093722526883
-68.5,17.5,12523,0.036800104942154355,0.2590055596382258,0.22310105539566957,0.04077032739873267
-67.5,17.5,12524,0.04010049435442249,0.2114825236177773,0.17869846503652323,0.07400200139055058
-66.5,17.5,12525,0.04473556669077076,0.24527032052745829,0.18814402961878224,0.05875361773684251
-65.5,17.5,12526,0.04937372146654733,0.27810343060136006,0.1671688396229305,0.07981149484131178
-64.5,17.5,12527,0.04426255225702022,0.2668523635207199,0.14659997034345384,0.058811559761948046
-63.5,17.5,12528,0.04825661414784831,0.21324595695412354,0.17685216060764924,0.06533389351109853
-62.5,17.5,12529,0.061428858914918595,0.208304144871708,0.09433986352821411,0.08749769922695419
-61.5,17.5,12530,0.10899178950462667,0.23519073866254625,0.09209626632528553,0.10233447285031598
-60.5,17.5,12531,0.10429981364433268,0.17906904371396754,0.09151960689209372,0.09503314678052195
-57.5,17.5,12532,0.12266338073565539,0.2785371679192125,0.11086484767174652,0.090990518400403
-56.5,17.5,12533,0.1968733704061488,0.5160772428898052,0.4150892311371489,0.2533034246911152
-55.5,17.5,12534,0.21655031345322506,0.5542383535026061,0.4142017862287921,0.2850393208427433
-54.5,17.5,12535,0.12035305755616206,0.44309687636881445,0.38503471889378543,0.1847418459597065
-53.5,17.5,12536,0.11173074506091789,0.5422546464061906,0.32494555332461894,0.18840959735608342
-52.5,17.5,12537,0.11703958789844034,0.5406529201313706,0.23570386888422074,0.20354042614643644
-51.5,17.5,12538,0.12534188376367136,0.52111034623424,0.0943717221657309,0.20796001397533811
-50.5,17.5,12539,0.10359413359837692,0.452823925879891,0.08768433712731766,0.16468734377933061
-49.5,17.5,12540,0.11589896256043555,0.5367013747060101,0.10860033685460727,0.21255188054164623
-48.5,17.5,12541,0.10922169951097435,0.5551339405480927,0.12762293880895675,0.21512482136594513
-47.5,17.5,12542,0.08942792728050725,0.40233482440860874,0.10148860986109273,0.18011816013133727
-46.5,17.5,12543,0.11416765115918545,0.5935718647647606,0.1351915210397738,0.2167458843305656
-45.5,17.5,12544,0.11240502663938848,0.5491410192199414,0.2589891083909272,0.28667504882769024
-44.5,17.5,12545,0.12084865710476003,0.5286275910373512,0.11697494248504024,0.2950043981536479
-43.5,17.5,12546,0.13104607713739333,0.44872195554754213,0.24483482964298414,0.2653669514037365
-42.5,17.5,12547,0.12133957548348567,0.43317556951022823,0.1241141803652959,0.20468755086468352
-41.5,17.5,12548,0.11105345269416636,0.4010271616077722,0.29175022138787904,0.2689081975363978
-40.5,17.5,12549,0.13859500587251722,0.5853513480913013,0.24762924382573268,0.35155146057199493
-39.5,17.5,12550,0.1654431964602981,0.48931727829349175,0.469982502868676,0.36862501066628534
-38.5,17.5,12551,0.17598454051188644,0.5366751561295742,0.34344055561796744,0.371074640253976
-37.5,17.5,12552,0.17253961851258895,0.3483429198998267,0.306226575508029,0.32328025854262976
-36.5,17.5,12553,0.2583649687585358,0.38166054244021114,0.4834562793274352,0.3765577750560093
-35.5,17.5,12554,0.2888131390991694,0.4995014785906242,0.24429017665550154,0.44660231373633713
-34.5,17.5,12555,0.3428847337307347,0.4872493502649495,0.2886418438018287,0.5343257021038451
-33.5,17.5,12556,0.2456741306390539,0.4285622171298809,0.27729648679024554,0.4118313054753722
-32.5,17.5,12557,0.21919632591314658,0.45678493490569516,0.3452974312784266,0.411991969903772
-31.5,17.5,12558,0.13588886319615684,0.43292363634784986,0.3062489188534444,0.27826622387109956
-30.5,17.5,12559,0.13049368300479988,0.3446397904918778,0.26217109099854685,0.32361135904121907
-29.5,17.5,12560,0.12445577724245477,0.25568121462574117,0.22389815494293944,0.2858976641720624
-28.5,17.5,12561,0.11013697123828399,0.1935429975646709,0.24202558375248054,0.27761589193123326
-27.5,17.5,12562,0.07273448464363137,0.14515291112603848,0.309598477941965,0.20387544770978694
-26.5,17.5,12563,0.054752992235816936,0.13503031991118375,0.29796418016610166,0.17696972476199685
-25.5,17.5,12564,0.0549860094601931,0.1784822687987555,0.3127552457216577,0.12755474852833396
-24.5,17.5,12565,0.056858787282830746,0.20628797560471546,0.17799690981090435,0.13711203014983644
-23.5,17.5,12566,0.05729945074177533,0.1730417578171387,0.35659416460830295,0.2076054206970966
-22.5,17.5,12567,0.05101901666947378,0.2259935794180803,0.303900325600246,0.19589507745468376
-21.5,17.5,12568,0.04944762953205593,0.19342500585579298,0.26131285249809,0.15516687518413533
-20.5,17.5,12569,0.04195427108136622,0.12832339828517061,0.12560879654384297,0.098631894228661
-19.5,17.5,12570,0.041854123114756774,0.12902286647745273,0.10378225495633128,0.09083248241041639
-18.5,17.5,12571,0.052738135485099556,0.15692054883416456,0.19386468114942967,0.13269259896284957
-17.5,17.5,12572,0.04835635868674868,0.17456585668583266,0.18092652178450797,0.1202615962913445
-16.5,17.5,12573,0.05121734845651986,0.15590525240862457,0.18126744719220902,0.09628026268143752
-15.5,17.5,12574,0.04827671909754117,0.14811263942918793,0.17988865239734617,0.08158701649267674
-14.5,17.5,12575,0.0480651782381877,0.13961292993568747,0.10895998139176727,0.08300801438789464
-13.5,17.5,12576,0.0592176305022095,0.16857974601139686,0.09706051686597235,0.12636148892394322
-12.5,17.5,12577,0.05763504343143622,0.15748148217122643,0.08216977199116522,0.12072091960659126
-11.5,17.5,12578,0.04405357807003531,0.1301845250203575,0.1293268439095606,0.09226348749234194
-10.5,17.5,12579,0.042515855459880264,0.12457069652056861,0.12914058321266475,0.09176563761716246
-9.5,17.5,12580,0.036615245051544905,0.08453621509979505,0.12684083740341898,0.08406099310979612
-8.5,17.5,12581,0.034028094372253556,0.07388609374010396,0.04953025589705465,0.07896518328912382
-7.5,17.5,12582,0.02994646795774572,0.06381780316609378,0.04696749183409063,0.05509420566365946
-6.5,17.5,12583,0.026077000620566476,0.056721934679995235,0.04510499504299702,0.06192867371022746
-5.5,17.5,12584,0.02135175856663246,0.04683736082848838,0.035519758396168166,0.05159219398049895
-4.5,17.5,12585,0.020383984176793563,0.04876294388649872,0.035099168131136345,0.04885192985795388
-3.5,17.5,12586,0.01910097617193843,0.04616561272098121,0.06867044200198749,0.045885624663836624
-2.5,17.5,12587,0.017697904866645808,0.045315055384216756,0.050212854349095476,0.03737923264145952
-1.5,17.5,12588,0.01707876596643557,0.038893563808543384,0.04642000582551505,0.04299628868639286
-0.5,17.5,12589,0.017167806507111482,0.05465079908386415,0.04889219300967055,0.04251270190087396
0.5,17.5,12590,0.015521098315296696,0.052577782319200336,0.05088554936280678,0.033386751773094366
1.5,17.5,12591,0.017318042983906674,0.056534507074118036,0.0349651153973331,0.040840427175146486
2.5,17.5,12592,0.016741765157257175,0.04041722289990174,0.046796235541763445,0.034210008863686144
3.5,17.5,12593,0.015550809615659546,0.039381737447056406,0.030630040815614826,0.035086725059624915
4.5,17.5,12594,0.019222312299463057,0.06468838781607542,0.05174065587873426,0.04973922292667531
5.5,17.5,12595,0.022567503431261533,0.07232431143517468,0.06764144226924894,0.07333035039253369
6.5,17.5,12596,0.02281024739315424,0.07784505708959877,0.07526785200829864,0.06464909232593137
7.5,17.5,12597,0.021122000275417663,0.07627647643292548,0.07864991034955517,0.061900148978503655
8.5,17.5,12598,0.02846670704184449,0.10063804512037362,0.09262565843152648,0.09723125082897567
9.5,17.5,12599,0.027232644566264633,0.09829085571412809,0.09226053916536801,0.0776333937209892
10.5,17.5,12600,0.030755913991487402,0.07993806462682441,0.10682076257108057,0.08775221891443513
11.5,17.5,12601,0.026167816829566225,0.06752849751791039,0.08777133127310226,0.08796837254348171
12.5,17.5,12602,0.0272666028427499,0.06330625991770242,0.04868970545728725,0.08323223726098938
13.5,17.5,12603,0.02488607629714129,0.06479001934336104,0.040424278552905056,0.05772902309582459
14.5,17.5,12604,0.02604333196258216,0.05107331468477441,0.03975926936519944,0.046765298319187305
15.5,17.5,12605,0.02501800646355401,0.033900278197681655,0.03671011799039863,0.05177537205235558
16.5,17.5,12606,0.026522378053943314,0.03245661914881133,0.06702265295164679,0.04452616111717512
17.5,17.5,12607,0.025870874627526266,0.03317109188073078,0.06947097411087048,0.046294306140108495
18.5,17.5,12608,0.02426273170742143,0.04411700199784852,0.06718746121818406,0.055714998828444995
19.5,17.5,12609,0.025476035872338248,0.046646527039727825,0.06714671843189045,0.06279876291551373
20.5,17.5,12610,0.026394452026514286,0.05139325022753606,0.07940397806789402,0.0594453703208075
21.5,17.5,12611,0.02433460876055133,0.04782023535517626,0.0665367663952261,0.0479720047506195
22.5,17.5,12612,0.025924095881943405,0.038781153352480065,0.06540832371408621,0.05416744915984503
23.5,17.5,12613,0.027969066397546476,0.0421600588146869,0.07191884580484481,0.04697969797578617
24.5,17.5,12614,0.028946324574942166,0.03511454692949867,0.07283463269732518,0.049201671980500926
25.5,17.5,12615,0.031510946918889796,0.03571933774830428,0.06936235669156451,0.05440947219200797
26.5,17.5,12616,0.021626692663919794,0.022082272389599065,0.04880829306586843,0.030307385393587395
27.5,17.5,12617,0.021425721979600406,0.021643791014145975,0.04230574538376284,0.03125803932792941
28.5,17.5,12618,0.02231630534040523,0.02172437191406581,0.03937933765894025,0.025796805316175248
29.5,17.5,12619,0.018820543253785522,0.02123495628689275,0.03449179969412244,0.023362367893066057
30.5,17.5,12620,0.01532603436924454,NA,NA,0.021434976885407294
31.5,17.5,12621,0.01113996475707408,NA,NA,0.016725146688112164
32.5,17.5,12622,0.010899243245347833,NA,NA,0.015980219786917528
33.5,17.5,12623,0.010929292113943055,NA,NA,0.015272402639525274
34.5,17.5,12624,0.0095636619319364,NA,NA,0.015525294291235689
35.5,17.5,12625,0.009032285498649182,NA,NA,0.014643935128619678
36.5,17.5,12626,0.008654062942099982,NA,NA,0.014497918204044202
37.5,17.5,12627,0.008085539021328053,NA,NA,0.01443795601129088
38.5,17.5,12628,0.007713755666449004,NA,NA,0.013645494082183428
39.5,17.5,12629,0.007865820595619827,NA,NA,0.014223324137799285
40.5,17.5,12630,0.00760952145758527,NA,NA,NA
41.5,17.5,12631,0.007744571327654191,NA,NA,NA
42.5,17.5,12632,0.007881570582811168,NA,NA,NA
43.5,17.5,12633,0.007743086660386285,NA,NA,NA
44.5,17.5,12634,0.007706505272086266,NA,NA,NA
45.5,17.5,12635,0.008864836367418945,NA,NA,NA
46.5,17.5,12636,0.008668546908777445,NA,NA,NA
47.5,17.5,12637,0.008815322018830197,NA,NA,NA
48.5,17.5,12638,0.008516644701795193,NA,NA,NA
49.5,17.5,12639,0.008402201195663284,NA,NA,NA
50.5,17.5,12640,0.00832532774057379,NA,NA,0.008884475955418095
51.5,17.5,12641,0.007031721650679561,NA,NA,0.00923108036284802
52.5,17.5,12642,0.006678016527753781,NA,NA,0.009195848656974415
53.5,17.5,12643,0.006458471235428288,NA,NA,0.009254202202030791
54.5,17.5,12644,0.006265151511183356,NA,NA,0.008967517711626315
55.5,17.5,12645,0.006702296917682262,NA,NA,0.009808453583084591
56.5,17.5,12646,0.006744126315905234,NA,NA,0.010322485359670695
57.5,17.5,12647,0.006946183915087663,NA,NA,0.011976620119466064
58.5,17.5,12648,0.007676205054862405,NA,NA,0.013420680441656578
59.5,17.5,12649,0.00975698907231632,NA,NA,0.017034635743369348
60.5,17.5,12650,0.010668381151290969,NA,NA,NA
61.5,17.5,12651,0.010432281092825473,NA,NA,NA
62.5,17.5,12652,0.011478580702255535,NA,NA,NA
63.5,17.5,12653,0.0150340018430021,NA,NA,NA
64.5,17.5,12654,0.017042269670642103,NA,NA,NA
65.5,17.5,12655,0.016053104055408374,NA,NA,NA
66.5,17.5,12656,0.014479183984287063,NA,NA,NA
67.5,17.5,12657,0.016985866418977334,NA,NA,NA
68.5,17.5,12658,0.01945647650605895,NA,NA,NA
69.5,17.5,12659,0.022220090837877904,NA,NA,NA
70.5,17.5,12660,0.028255593566643707,0.05402307259583615,NA,NA
71.5,17.5,12661,0.02494368491165946,0.0513734009162113,NA,NA
72.5,17.5,12662,0.03153326896591362,0.043267463638091926,NA,NA
73.5,17.5,12663,0.05090076171401875,0.06729466377908284,NA,NA
74.5,17.5,12664,0.06361392509906767,0.08717080171431321,NA,NA
75.5,17.5,12665,0.0764160430176385,0.11560116822423272,NA,NA
76.5,17.5,12666,0.07394492621312414,0.13023453422764403,NA,NA
77.5,17.5,12667,0.05406645346042129,0.15680154074145114,NA,NA
78.5,17.5,12668,0.19543060352440908,0.49933849158236465,NA,NA
-122.5,18.5,12669,0.0252444194218,NA,NA,0.08200162425473871
-121.5,18.5,12670,0.02613121733508779,NA,NA,0.0643276902156365
-120.5,18.5,12671,0.03037502105294919,NA,NA,0.055758040700143195
-95.5,18.5,12685,0.06499893084280606,NA,NA,NA
-94.5,18.5,12686,0.05063558064183479,NA,NA,NA
-93.5,18.5,12687,0.11388111875933953,NA,NA,NA
-92.5,18.5,12688,0.10501528262962806,NA,NA,NA
-91.5,18.5,12689,0.0967850773727552,NA,NA,NA
-90.5,18.5,12690,0.08625266491648076,NA,NA,NA
-89.5,18.5,12691,0.05589393203113257,NA,NA,NA
-88.5,18.5,12692,0.07269769289886793,NA,NA,NA
-87.5,18.5,12693,0.03692227752709317,NA,NA,NA
-86.5,18.5,12694,0.13344646638598853,NA,NA,NA
-69.5,18.5,12698,0.009963030410607247,0.12511424876335314,0.09174264261181579,0.034293688305222024
-68.5,18.5,12699,0.030991059580398612,0.27485765382545235,0.3238923486528462,0.04293040374359458
-67.5,18.5,12700,0.028739520385605306,0.22974600828410568,0.20859506472529182,0.04725768132575482
-66.5,18.5,12701,0.031983201465090684,0.19562426303287406,0.19196876638622576,0.0675982249549664
-65.5,18.5,12702,0.032352928523238976,0.21145528625367785,0.1417368681204436,0.06099111991933898
-64.5,18.5,12703,0.03550754502563085,0.2563237671101778,0.2141401466382897,0.05790469904447393
-63.5,18.5,12704,0.04246744545989644,0.2512153073160117,0.15108589178678877,0.06366564368821132
-62.5,18.5,12705,0.04966454238934774,0.19050949014401983,0.1827725626197715,0.06599886152333882
-61.5,18.5,12706,0.05575406758080855,0.1919637005612201,0.07573329668619465,0.07122869377950192
-60.5,18.5,12707,0.05368935191460916,0.21562064234761227,0.09162396169407652,0.12000209349027911
-59.5,18.5,12708,0.0676859662564458,0.13283756893429224,0.11623241061763355,0.2821206553470747
-58.5,18.5,12709,0.15144300106867947,0.10224423297185464,0.07302078569702372,0.19858543374072563
-57.5,18.5,12710,0.13926347242834222,0.39846777569648495,0.10715422546837494,0.15165807289586894
-56.5,18.5,12711,0.2801584775981956,0.5646795051151172,0.3608381067368681,0.30138978570383673
-55.5,18.5,12712,0.22108456519812889,0.627308090752283,0.293634667869941,0.35711442668033366
-54.5,18.5,12713,0.09490514166539632,0.4570456874089332,0.29681804805627404,0.19877527455199803
-53.5,18.5,12714,0.08564925522490616,0.48333700442979544,0.14177648740504892,0.18194561066744083
-52.5,18.5,12715,0.08800778430146117,0.5245276151605615,0.12062242471869933,0.17105101217733107
-51.5,18.5,12716,0.09646108883169949,0.4321891876189516,0.09093033856163968,0.18202692498321427
-50.5,18.5,12717,0.08271571479723117,0.37767166552266346,0.07615947599695164,0.18203124597055464
-49.5,18.5,12718,0.07501344164577484,0.3906670004237365,0.08620454862151888,0.1422245249772159
-48.5,18.5,12719,0.07654749692013306,0.4531695113394111,0.13306155672047434,0.16472541257935105
-47.5,18.5,12720,0.07238494505474798,0.4606903347016522,0.10074534133104109,0.17250083667126093
-46.5,18.5,12721,0.08017488368656424,0.37438795896268023,0.17024598048892944,0.17861108050107202
-45.5,18.5,12722,0.11832080289982452,0.5771306691644927,0.12390490380042574,0.22716797609601064
-44.5,18.5,12723,0.10757771541239683,0.4900950715697201,0.25448303329662575,0.25348791721208497
-43.5,18.5,12724,0.12705874012978358,0.3983334712411962,0.28660298195522876,0.21622902750226206
-42.5,18.5,12725,0.16612189879752393,0.3966687179080512,0.09737109601469343,0.2004100099681402
-41.5,18.5,12726,0.14590611463062184,0.39260826364076934,0.08661570743590369,0.2509464238770952
-40.5,18.5,12727,0.1859535346663277,0.5540145205888916,0.09729741766476825,0.299339325001902
-39.5,18.5,12728,0.18787367027188223,0.5771377710472885,0.25879714646490676,0.25125517033124006
-38.5,18.5,12729,0.1976301454808618,0.5975511133700524,0.19285756429845444,0.2610909438052535
-37.5,18.5,12730,0.182854028615464,0.4278549719355553,0.1794114909617021,0.2890106304990885
-36.5,18.5,12731,0.267461336073056,0.4966310169044373,0.22601100429118093,0.3605747517993293
-35.5,18.5,12732,0.30058143638961204,0.45610262402632884,0.2748925178710662,0.43847004230491615
-34.5,18.5,12733,0.33165572896206086,0.6198421824876407,0.4241558944731602,0.3671418842804241
-33.5,18.5,12734,0.25016048254355383,0.43263095658947515,0.24140043460718066,0.43133098432780764
-32.5,18.5,12735,0.20501839266529598,0.45496642747990823,0.2548112590550769,0.34107905311439163
-31.5,18.5,12736,0.14791763329370128,0.40893855559615433,0.4423847560065357,0.2055832291457068
-30.5,18.5,12737,0.13984936186728722,0.39414560868408965,0.20608591016640948,0.262987812166688
-29.5,18.5,12738,0.1146793269599691,0.3687059336791316,0.3387507289009165,0.25348127740634796
-28.5,18.5,12739,0.09623394999492534,0.3513731129306243,0.1650148708938005,0.18075740380134647
-27.5,18.5,12740,0.07449002768577748,0.24197735530341719,0.2663995542125085,0.19383452178450816
-26.5,18.5,12741,0.065658608040045,0.3149604315955752,0.26256978063045516,0.1517884247356643
-25.5,18.5,12742,0.06929936220838044,0.2688544838251856,0.2573940360247393,0.12716541784367133
-24.5,18.5,12743,0.07356929850526328,0.23832622424808364,0.26068318570482674,0.11765431793731154
-23.5,18.5,12744,0.06803873364296194,0.324443825707752,0.16460006863281607,0.1355094026997993
-22.5,18.5,12745,0.055962719781855096,0.2941872131207084,0.18724390105288952,0.16035053842820385
-21.5,18.5,12746,0.05170653828926988,0.20048161169788964,0.27207357049751707,0.10161411472560357
-20.5,18.5,12747,0.042979027153328575,0.17976598405167848,0.2163808049156578,0.09274188136381739
-19.5,18.5,12748,0.0453724041982818,0.17733316648247888,0.22393274108079167,0.1209913418841501
-18.5,18.5,12749,0.04449637111197899,0.16430150045365055,0.21659117023980265,0.1002605342698068
-17.5,18.5,12750,0.04667165686186937,0.17303969015970852,0.22840313986876518,0.10815975395765995
-16.5,18.5,12751,0.0475050192611796,0.22636487479903405,0.22089419060056886,0.12666959622301682
-15.5,18.5,12752,0.05659610622934454,0.26360334210273134,0.23916166862413685,0.10935643406389825
-14.5,18.5,12753,0.058626525231155246,0.26393416618379695,0.10201859145168966,0.14510007345418277
-13.5,18.5,12754,0.06514280302905064,0.2725294051960942,0.11140547557338139,0.11584244083298866
-12.5,18.5,12755,0.05702369871578645,0.23673603031461432,0.1861550809478725,0.10841687899317433
-11.5,18.5,12756,0.0504457008350141,0.2239343343191834,0.18282891512708635,0.10000557745505465
-10.5,18.5,12757,0.037106205358826326,0.1788547759182429,0.0846135910198824,0.07822096978322936
-9.5,18.5,12758,0.033570926306978374,0.11097588815437104,0.07556726186600667,0.08331445049839864
-8.5,18.5,12759,0.024383800590324214,0.08942080282876053,0.058107815808541845,0.06936118480194842
-7.5,18.5,12760,0.022994348200584065,0.07919499386717796,0.05530397946500239,0.06192179254080759
-6.5,18.5,12761,0.01915058222105694,0.06633533430646377,0.04581213157301556,0.04874627002790961
-5.5,18.5,12762,0.017989146359405784,0.06080258494048425,0.031750524174103886,0.045520816924565805
-4.5,18.5,12763,0.017026851566050286,0.061015725873415874,0.05695620389007379,0.04632040970791228
-3.5,18.5,12764,0.01610777140321029,0.056047258261882504,0.057744917920716676,0.043073007920408676
-2.5,18.5,12765,0.013715314249984643,0.040751054589174884,0.07380943950389796,0.03469983348927052
-1.5,18.5,12766,0.013030896336770719,0.045009424117103854,0.034559262816050866,0.033276513775741146
-0.5,18.5,12767,0.01302788493943456,0.04238799301691366,0.05997462479773393,0.03903780712309017
0.5,18.5,12768,0.012002552518212901,0.027138754173673924,0.051789005927885934,0.029908801819886713
1.5,18.5,12769,0.01254738298698844,0.027373736669249603,0.03449921290069497,0.03213957676070645
2.5,18.5,12770,0.011647799654480335,0.03616448894902199,0.05822933970852279,0.037518439282583985
3.5,18.5,12771,0.011793317842289139,0.03627532137852217,0.032703413187420184,0.03856562890150651
4.5,18.5,12772,0.014970048157304143,0.042698172695030893,0.05664028644271267,0.04779303344946021
5.5,18.5,12773,0.01592768586824099,0.044194616286377095,0.05806658689242415,0.05432733772426426
6.5,18.5,12774,0.017401108874567268,0.045994912264242786,0.05926157467997471,0.055739324164098034
7.5,18.5,12775,0.01752783584039365,0.05040671881927269,0.06800458785167694,0.055345250776301716
8.5,18.5,12776,0.01793260103938443,0.03837759742456077,0.060867558479702384,0.041826968217985004
9.5,18.5,12777,0.022908200688990105,0.04622986326035204,0.06286227107457482,0.06256327394507391
10.5,18.5,12778,0.025858129617662574,0.04979283585810912,0.06338112294015628,0.06723765495985627
11.5,18.5,12779,0.021813910739513137,0.06919501551021617,0.07650307524866878,0.05850619142828106
12.5,18.5,12780,0.01741783406115174,0.04368403104567317,0.0705130097926983,0.04634959047945515
13.5,18.5,12781,0.01792961520731355,0.07032775867779152,0.0733947096299142,0.041741093875237806
14.5,18.5,12782,0.01677929321784373,0.056680305951944274,0.04225091785543229,0.042979045392977346
15.5,18.5,12783,0.016105624582209793,0.0570618797400013,0.03456740534909294,0.040790806351811
16.5,18.5,12784,0.016131561853775893,0.05275346202802199,0.033611838735708346,0.040220576872608715
17.5,18.5,12785,0.021486172328083586,0.055118415133552374,0.05537876099154167,0.035280629255695264
18.5,18.5,12786,0.0207570910945359,0.05699134167975536,0.05469790116622841,0.03786592923985879
19.5,18.5,12787,0.02416475899791353,0.05639296773274304,0.051433476464167106,0.038505329850609685
20.5,18.5,12788,0.02387701208282077,0.06288590533422334,0.029534824507554472,0.07148115892566022
21.5,18.5,12789,0.02229255407631732,0.05102823625501476,0.05164387724963044,0.06903559546977732
22.5,18.5,12790,0.028414017013504846,0.03557366690047703,0.03828767709832468,0.062482434270095435
23.5,18.5,12791,0.03325630148859082,0.037915940239161464,0.07445401145402757,0.05580389038506251
24.5,18.5,12792,0.02943576673234587,0.03268874326760626,0.0574723162792036,0.04138345643858041
25.5,18.5,12793,0.029069975694204584,0.04132303984106865,0.06553950073586026,0.04454200633663145
26.5,18.5,12794,0.027019109525690727,0.037775726757874585,0.04781838962239062,0.03824622944912668
27.5,18.5,12795,0.018158025672157154,0.025187032843146256,0.04982963748603244,0.030460273748408203
28.5,18.5,12796,0.01585128013733892,0.022793550056304873,0.039917809155633976,0.02573323714034647
29.5,18.5,12797,0.016316440532606006,0.02116427133372103,0.03736590936567909,0.025172948874029735
30.5,18.5,12798,0.014968747736870465,NA,NA,0.022895894702660905
31.5,18.5,12799,0.014228041009008933,NA,NA,0.021492677021804504
32.5,18.5,12800,0.010938252748994303,NA,NA,0.015823432704688254
33.5,18.5,12801,0.01076986401681319,NA,NA,0.014413291157185136
34.5,18.5,12802,0.010570092457239666,NA,NA,0.013945372233407796
35.5,18.5,12803,0.010029115562048928,NA,NA,0.012975873432423193
36.5,18.5,12804,0.00990238167504205,NA,NA,0.012784203954131178
37.5,18.5,12805,0.010187301006504439,NA,NA,0.012769556308780976
38.5,18.5,12806,0.009464434466846725,NA,NA,0.012434739785729947
39.5,18.5,12807,0.008536426084809992,NA,NA,0.012373253177293524
40.5,18.5,12808,0.008474342382707448,NA,NA,NA
41.5,18.5,12809,0.008452545954995791,NA,NA,NA
42.5,18.5,12810,0.008387721408257857,NA,NA,NA
43.5,18.5,12811,0.008014655940665973,NA,NA,NA
44.5,18.5,12812,0.008149980079927465,NA,NA,NA
45.5,18.5,12813,0.007905778173188162,NA,NA,NA
46.5,18.5,12814,0.0079678814315728291,NA,NA,NA
47.5,18.5,12815,0.007773096490488071,NA,NA,NA
48.5,18.5,12816,0.007952300505160935,NA,NA,NA
49.5,18.5,12817,0.007110243999228301,NA,NA,NA
50.5,18.5,12818,0.006628409423336477,NA,NA,0.012388797246436217
51.5,18.5,12819,0.006472867866181944,NA,NA,0.012975807272054635
52.5,18.5,12820,0.0062474119060068915,NA,NA,0.013263835127905623
53.5,18.5,12821,0.00615105022894328,NA,NA,0.01349016682009209
54.5,18.5,12822,0.006107867125560154,NA,NA,0.013727205921946187
55.5,18.5,12823,0.006435334184802914,NA,NA,0.013928502799098087
56.5,18.5,12824,0.006875903108120118,NA,NA,0.012576777962713944
57.5,18.5,12825,0.006774888941087162,NA,NA,0.013510591206507563
58.5,18.5,12826,0.007072178202440593,NA,NA,0.014436214941570522
59.5,18.5,12827,0.008697242588285916,NA,NA,0.015540410689756028
60.5,18.5,12828,0.009186098287897775,NA,NA,NA
61.5,18.5,12829,0.010341388955444182,NA,NA,NA
62.5,18.5,12830,0.009702250088582609,NA,NA,NA
63.5,18.5,12831,0.012046060800936113,NA,NA,NA
64.5,18.5,12832,0.014508004652863738,NA,NA,NA
65.5,18.5,12833,0.019072217331665742,NA,NA,NA
66.5,18.5,12834,0.04479939627382841,NA,NA,NA
67.5,18.5,12835,0.015126640734696889,NA,NA,NA
68.5,18.5,12836,0.020977329594906398,NA,NA,NA
69.5,18.5,12837,0.023190955544753387,NA,NA,NA
70.5,18.5,12838,0.02282911509273675,0.061229331845995626,NA,NA
71.5,18.5,12839,0.02691198851772898,0.05135859194772448,NA,NA
72.5,18.5,12840,0.0338678071076899,0.05591872821516039,NA,NA
73.5,18.5,12841,0.03962596793876899,0.06610115925524214,NA,NA
74.5,18.5,12842,0.06463320655290607,0.09754632982394792,NA,NA
75.5,18.5,12843,0.059768812441464425,0.1173460672142108,NA,NA
-121.5,19.5,12844,0.03167834782615706,NA,NA,0.08690618411431728
-120.5,19.5,12845,0.028313809288523107,NA,NA,0.07280256467503132
-94.5,19.5,12859,0.023064548476909086,NA,NA,NA
-93.5,19.5,12860,0.11549821902876341,NA,NA,NA
-92.5,19.5,12861,0.12124965876349715,NA,NA,NA
-91.5,19.5,12862,0.08522757686733258,NA,NA,NA
-90.5,19.5,12863,0.07674858067234573,NA,NA,NA
-89.5,19.5,12864,0.06377961400284715,NA,NA,NA
-88.5,19.5,12865,0.07938128465973067,NA,NA,NA
-87.5,19.5,12866,0.111046616748752,NA,NA,NA
-86.5,19.5,12867,0.025625315401970578,NA,NA,NA
-68.5,19.5,12871,0.031235036406521127,0.1449761948201384,0.0383138410627998,0.010031453739311158
-67.5,19.5,12872,0.04237635576610331,0.13218670046550168,0.11142815654016848,0.02375611521394706
-66.5,19.5,12873,0.035663656265338683,0.22977715599515158,0.14454079965420757,0.05273201675711236
-65.5,19.5,12874,0.05259152250097837,0.3371824077223897,0.16015157757647144,0.07016218187746523
-64.5,19.5,12875,0.04138944701674757,0.31527821921848354,0.12917429656027754,0.06498968044913947
-63.5,19.5,12876,0.03967821260358541,0.2651295663723558,0.08770199674478794,0.0799182680603346
-62.5,19.5,12877,0.04035301816521481,0.1765597728630465,0.11618485241512308,0.10165769797768334
-61.5,19.5,12878,0.07262687766056931,0.25151865333705836,0.14750866557881545,0.15318028093468822
-60.5,19.5,12879,0.08412911359515958,0.1603047556255625,0.07746789020732178,0.16083235537706614
-59.5,19.5,12880,0.11519548571830317,0.19448488968136035,0.07919927464811499,0.2042018529362994
-58.5,19.5,12881,0.08842705438694752,0.23117958548075834,0.09444337102563237,0.13317582569891495
-57.5,19.5,12882,0.1490331628231019,0.32111692643600787,0.23187952426184413,0.18744542919671908
-56.5,19.5,12883,0.18334882890534246,0.647549329019333,0.4163150488931626,0.3345426832286183
-55.5,19.5,12884,0.17801424539444707,0.6023119270289208,0.3047437062701367,0.40208871051343476
-54.5,19.5,12885,0.09777524397265774,0.5163150632953737,0.23517232020976225,0.2710215580944637
-53.5,19.5,12886,0.07666842528798132,0.48118698614319055,0.24498613310186534,0.26580913964315767
-52.5,19.5,12887,0.06670051266221291,0.46299425250192805,0.22866181215216158,0.23092031888642162
-51.5,19.5,12888,0.06660991324405138,0.4291712504973134,0.11161254046693604,0.1930891511627346
-50.5,19.5,12889,0.05319537924076905,0.29432202897539084,0.09503896697109877,0.1663403677211498
-49.5,19.5,12890,0.06269644468892031,0.35781958553688514,0.11222600955116102,0.16249556195018328
-48.5,19.5,12891,0.046044165914550475,0.34179858598886487,0.07229641399191267,0.11467436065979968
-47.5,19.5,12892,0.04748453550452421,0.35959481654721465,0.05585895592663936,0.12165144377299072
-46.5,19.5,12893,0.050565582871358476,0.43721403234227935,0.07950595702305395,0.13339035193966545
-45.5,19.5,12894,0.08397526618451617,0.6030972411389075,0.13708697581148405,0.19008845456186835
-44.5,19.5,12895,0.09177428594967614,0.5897432085089985,0.23101470343577638,0.1829907354298697
-43.5,19.5,12896,0.08151055755795218,0.42853456518453065,0.20171876594337174,0.20486214058791383
-42.5,19.5,12897,0.08997749603732264,0.36767484371572384,0.09598048158359083,0.15378890317418253
-41.5,19.5,12898,0.09686330766739767,0.3731695667035099,0.10712735709673786,0.15778199355650943
-40.5,19.5,12899,0.12865867108058937,0.4773010380596052,0.10986150522286398,0.20330969955259273
-39.5,19.5,12900,0.14134252514068618,0.5662221940838585,0.16049875992355492,0.17101094394719413
-38.5,19.5,12901,0.15839879107755248,0.4115935359729702,0.3282074126003387,0.20162816948340204
-37.5,19.5,12902,0.12681841316671355,0.24373557502646837,0.1423199677838638,0.17443704168780583
-36.5,19.5,12903,0.1831479381702424,0.3745237832604459,0.3007502590534554,0.2246748305619783
-35.5,19.5,12904,0.20509629289017325,0.4419156774077606,0.34872498293594584,0.26929515574584495
-34.5,19.5,12905,0.24088646219244161,0.4830975505577225,0.24425649851554374,0.30551551389315595
-33.5,19.5,12906,0.1897830727793517,0.5050822781093329,0.29433025826726456,0.2627760242996473
-32.5,19.5,12907,0.15751449775440626,0.4796329201004801,0.2815930925696914,0.21701052397995663
-31.5,19.5,12908,0.10194383790991032,0.33862776719253507,0.20423046596136363,0.13819237934287695
-30.5,19.5,12909,0.10628916197065756,0.30468386257823943,0.3396645854181266,0.18746510564163066
-29.5,19.5,12910,0.09215636917129441,0.25284474656042116,0.13802945220085047,0.14167172560590932
-28.5,19.5,12911,0.0998890011317191,0.2687528326568286,0.2664828846754516,0.1350094058459147
-27.5,19.5,12912,0.08483668238125469,0.2766040290090737,0.2757417750130319,0.11442438168345116
-26.5,19.5,12913,0.0766109580108244,0.22026091990633345,0.21918314390728244,0.0827182548818943
-25.5,19.5,12914,0.07985170368774076,0.264377038460704,0.1469459602409343,0.11451638942763233
-24.5,19.5,12915,0.0741846961931448,0.3213974813463553,0.27293576376817796,0.08707225548035369
-23.5,19.5,12916,0.07564562525200663,0.28090116655506675,0.24127409721602022,0.10630407262896306
-22.5,19.5,12917,0.047394071288089354,0.167659373957598,0.0847678857090696,0.06748282551457696
-21.5,19.5,12918,0.04213301272846155,0.17550838823761028,0.14826660702783387,0.07707540563956775
-20.5,19.5,12919,0.035464690501946096,0.1710486074231994,0.14936206377829797,0.06249920861343924
-19.5,19.5,12920,0.03750578575310529,0.13695061596448868,0.16759666285794475,0.09164881762364362
-18.5,19.5,12921,0.03683547278794157,0.18274122128808576,0.20278444247878966,0.10180707212343529
-17.5,19.5,12922,0.03932473428560284,0.181297679696626,0.26488833601913603,0.13974242724381714
-16.5,19.5,12923,0.036079980903047926,0.19288081903846302,0.145263530751473,0.12643776452138264
-15.5,19.5,12924,0.049734126066557284,0.23303857555111485,0.17191304058105436,0.16053994139479585
-14.5,19.5,12925,0.0515042744015987,0.29302715239958543,0.32382108022696027,0.18739457279813243
-13.5,19.5,12926,0.05909786628156065,0.3506795130460886,0.27851545752700213,0.1581028815692364
-12.5,19.5,12927,0.045195488579933225,0.22142576502274489,0.12233738280730296,0.18695325040948188
-11.5,19.5,12928,0.03505155583694104,0.18776332434588877,0.10171775741293668,0.15624295087248521
-10.5,19.5,12929,0.025975382571103142,0.14925035735772402,0.08623657109606346,0.12123688827142644
-9.5,19.5,12930,0.023295335056291295,0.12572523206070285,0.07054479394921666,0.08172839841714007
-8.5,19.5,12931,0.018675002883914844,0.10116837275485445,0.054366411412459355,0.08725105390198644
-7.5,19.5,12932,0.015159501797245898,0.09240985087832432,0.04995687800455736,0.06804525327180529
-6.5,19.5,12933,0.01271307592402964,0.07274684472883104,0.04431562713038679,0.05127659998477268
-5.5,19.5,12934,0.011177820893320726,0.07236378885681163,0.07436686570412675,0.04205689604673394
-4.5,19.5,12935,0.01007159314571541,0.06383253513230971,0.07245885889989152,0.048386731104079206
-3.5,19.5,12936,0.009775167350466723,0.05986462097846459,0.07117150001160827,0.03747965545176002
-2.5,19.5,12937,0.008669776447923296,0.03555858581941572,0.03345838352410431,0.033703395667721917
-1.5,19.5,12938,0.0084712600390591,0.04906190345944767,0.05833852853705469,0.037131728863324664
-0.5,19.5,12939,0.008376487006682776,0.04535099613016312,0.03127989494111839,0.036520270538215355
0.5,19.5,12940,0.008417695578890907,0.04414115718536422,0.05131556006688933,0.03006545229117675
1.5,19.5,12941,0.008930911575328365,0.03571879756547631,0.051982869051851656,0.036378570577012104
2.5,19.5,12942,0.008959304370781133,0.04333170311516102,0.03090058725035849,0.03613721313627653
3.5,19.5,12943,0.009960050819576021,0.04490181286989576,0.03261954132374232,0.034605786113035907
4.5,19.5,12944,0.009850655178559709,0.04404415340419895,0.05027931189920918,0.037565710575051633
5.5,19.5,12945,0.01291822682387987,0.056747104322397615,0.06335856589758297,0.045214967701991196
6.5,19.5,12946,0.01306526493527717,0.040007268473875666,0.03204351806819762,0.0436712916275405
7.5,19.5,12947,0.011704591527004028,0.054591418063279815,0.03627021148521744,0.03892217740245677
8.5,19.5,12948,0.012719140551761071,0.05361147728571483,0.03524352208632105,0.04310432320043171
9.5,19.5,12949,0.013351757260615132,0.053842533436684964,0.039900758819016134,0.035820292427079126
10.5,19.5,12950,0.01253420503345206,0.053634674583673304,0.03937921971854898,0.04293248195513662
11.5,19.5,12951,0.012663715658128797,0.05292105653605929,0.03762501833791328,0.04338887423056555
12.5,19.5,12952,0.011610962752696593,0.0588455770657132,0.03651130700656187,0.04199358445899779
13.5,19.5,12953,0.011304498932165088,0.055153469043859045,0.03446324547275776,0.04182775722158445
14.5,19.5,12954,0.011247785915044856,0.043185535214732354,0.03251226557657602,0.04382453688289048
15.5,19.5,12955,0.01157533497258471,0.04606910722398593,0.03625303959629002,0.04359529844495376
16.5,19.5,12956,0.012676885918533307,0.05154061140061505,0.03785858953940908,0.037601843275877504
17.5,19.5,12957,0.012733069760157829,0.05164289438777602,0.03668658038273959,0.042151586368727685
18.5,19.5,12958,0.013844943143223975,0.05224882172745307,0.03556079632942797,0.03239111128351519
19.5,19.5,12959,0.018844047016519084,0.06583662551665323,0.03520827872595456,0.043111533581393365
20.5,19.5,12960,0.018679846200676805,0.052525651803761154,0.041139448336932644,0.03915724938866448
21.5,19.5,12961,0.029370221062619606,0.07782642364553248,0.05841598375325665,0.06706745537675088
22.5,19.5,12962,0.036814528239962466,0.11108725904336401,0.08627055458066264,0.05523937487125607
23.5,19.5,12963,0.037185747223073176,0.12190753251115304,0.14883740739752382,0.057811388339276584
25.5,19.5,12964,0.020633505057077794,0.028585564235581677,0.04159072508641112,0.020216003697336248
26.5,19.5,12965,0.02094273650610112,0.03745982564422443,0.05528623809548713,0.03184828550153395
27.5,19.5,12966,0.0265812250747475,0.04757343481620217,0.06924763882024434,0.039367937295503384
28.5,19.5,12967,0.016371954138282855,0.02874418045444094,0.042891228877808295,0.028922479952110714
29.5,19.5,12968,0.017173568819144856,0.023634167988499707,0.03895193359196809,0.029370704216558793
30.5,19.5,12969,0.016500904679536542,NA,NA,0.022315487735129702
31.5,19.5,12970,0.01464410304458799,NA,NA,0.020659201577088886
32.5,19.5,12971,0.011723204563436012,NA,NA,0.016181862944115652
33.5,19.5,12972,0.011508419915526969,NA,NA,0.015596121413643837
34.5,19.5,12973,0.011068338863868614,NA,NA,0.0172107767707279
35.5,19.5,12974,0.010157452531285563,NA,NA,0.01438338606676736
36.5,19.5,12975,0.010044955192286464,NA,NA,0.014097301560151496
37.5,19.5,12976,0.010002983785119218,NA,NA,0.01335852329920617
38.5,19.5,12977,0.009594253216968704,NA,NA,0.013996061472955734
39.5,19.5,12978,0.00948573329219132,NA,NA,0.013061734382692878
40.5,19.5,12979,0.009223014013829656,NA,NA,NA
41.5,19.5,12980,0.009244384551024632,NA,NA,NA
42.5,19.5,12981,0.009368199247215731,NA,NA,NA
43.5,19.5,12982,0.009487184105755983,NA,NA,NA
44.5,19.5,12983,0.009643798248602165,NA,NA,NA
45.5,19.5,12984,0.009609506448812175,NA,NA,NA
46.5,19.5,12985,0.00951002011315995,NA,NA,NA
47.5,19.5,12986,0.009494677216209266,NA,NA,NA
48.5,19.5,12987,0.009498544709621186,NA,NA,NA
49.5,19.5,12988,0.009685234031093498,NA,NA,NA
50.5,19.5,12989,0.01004825337649771,NA,NA,0.013814653225621793
51.5,19.5,12990,0.010359585641738106,NA,NA,0.017681336241547004
52.5,19.5,12991,0.009832047649997629,NA,NA,0.01411730805176554
53.5,19.5,12992,0.009591650983818128,NA,NA,0.013832385047944496
54.5,19.5,12993,0.008574754997502224,NA,NA,0.014363422112943555
55.5,19.5,12994,0.009599134212954144,NA,NA,0.016627579314680847
56.5,19.5,12995,0.008785090589969364,NA,NA,0.015949576745019123
57.5,19.5,12996,0.00871422598129879,NA,NA,0.01480532844699222
58.5,19.5,12997,0.008410893978715651,NA,NA,0.013609499499266342
59.5,19.5,12998,0.01079966957159833,NA,NA,0.017015203150494942
60.5,19.5,12999,0.011635547908810473,NA,NA,NA
61.5,19.5,13000,0.012231082747617656,NA,NA,NA
62.5,19.5,13001,0.012010210471689481,NA,NA,NA
63.5,19.5,13002,0.013412326291546118,NA,NA,NA
64.5,19.5,13003,0.026115065165353873,NA,NA,NA
65.5,19.5,13004,0.04733909626822875,NA,NA,NA
66.5,19.5,13005,0.016122003591083258,NA,NA,NA
67.5,19.5,13006,0.018958546848756645,NA,NA,NA
68.5,19.5,13007,0.021897391666605655,NA,NA,NA
69.5,19.5,13008,0.030785130966112198,NA,NA,NA
70.5,19.5,13009,0.026975699337436283,0.07936792174599276,NA,NA
71.5,19.5,13010,0.027122154318663168,0.06989015564258445,NA,NA
72.5,19.5,13011,0.031517388397192335,0.0676494877409683,NA,NA
73.5,19.5,13012,0.053150513856845175,0.07299750675571809,NA,NA
74.5,19.5,13013,0.08693688529280694,0.16723854396007917,NA,NA
-59.5,20.5,13044,0.08730660889607178,0.3835957255122473,0.09347996300064697,0.15080589727094518
-58.5,20.5,13045,0.15102942505676298,0.5884566898944488,0.23982020019012418,0.32871878671981264
-57.5,20.5,13046,0.1310728152217825,0.4382889609253902,0.22554357667400035,0.3443788681352127
-56.5,20.5,13047,0.1672906940324814,0.7106477354809819,0.318241249599322,0.507368373683418
-55.5,20.5,13048,0.10076428577195164,0.5616506445312948,0.24954975617846126,0.2776166088820229
-54.5,20.5,13049,0.08092612760243055,0.48587032031571364,0.2199822026035199,0.22537051011304265
-53.5,20.5,13050,0.09747781064366697,0.6051249317915569,0.20971370147857427,0.21034376182844416
-52.5,20.5,13051,0.07332206300798151,0.7208123972719735,0.11589111972787071,0.17323687482400316
-51.5,20.5,13052,0.07883070131319138,0.7647927476206572,0.11789497043974458,0.16549811985260168
-50.5,20.5,13053,0.084529483101186,0.7553991082439772,0.10436282819860676,0.1977874873197141
-49.5,20.5,13054,0.07951885359820436,0.7619000564758369,0.19329229718492172,0.17489070940665064
-48.5,20.5,13055,0.04692768883701683,0.4405200916920597,0.06334142034626428,0.12115863476531225
-47.5,20.5,13056,0.04945625243824882,0.42123360722872827,0.0618458352792184,0.13011898287764453
-46.5,20.5,13057,0.042347458126126,0.47254941186712784,0.1145364902436217,0.12267565903022343
-45.5,20.5,13058,0.06737164906626997,0.6587268095159178,0.08720910415049218,0.15260591719526787
-44.5,20.5,13059,0.06525650232688243,0.6545890248783167,0.1711650548508175,0.16570521651758904
-43.5,20.5,13060,0.05317797644113709,0.4678224687745212,0.18001216812297335,0.15064262950062665
-42.5,20.5,13061,0.057636412933379635,0.5102521861768033,0.10515330032097102,0.14309718581785794
-41.5,20.5,13062,0.05676379743853755,0.5460221283220263,0.2083970130573748,0.1639078354197583
-40.5,20.5,13063,0.052015433844353864,0.5615027241588381,0.10959293575450835,0.15262165212226353
-39.5,20.5,13064,0.05574335014169709,0.516154048341854,0.34561197039986413,0.12652597194703116
-38.5,20.5,13065,0.05765864792325452,0.4122014915470214,0.3209361742523169,0.1391374967324521
-37.5,20.5,13066,0.0640004952576844,0.36184932212105425,0.3025835178210088,0.14352510730833284
-36.5,20.5,13067,0.1366795159389615,0.4474934899217944,0.2902439838818466,0.12697714131749532
-35.5,20.5,13068,0.0964202516098212,0.5073966867236083,0.27082298858826154,0.19155589042985646
-34.5,20.5,13069,0.07418223300754626,0.36674174717192376,0.20642984800936623,0.19070100277958169
-33.5,20.5,13070,0.07657479498248303,0.3735015908915278,0.17932586221967084,0.17695006624215398
-32.5,20.5,13071,0.06589586771007211,0.37714515571745444,0.3351047851254255,0.14678377361058043
-31.5,20.5,13072,0.04277760504963922,0.3555387664181673,0.13572013921009937,0.14175649466679965
-30.5,20.5,13073,0.04523548878231399,0.251931284900078,0.30283076124513786,0.15230627291274082
-29.5,20.5,13074,0.0436479264840909,0.2504652347414253,0.2979320450328779,0.13267319577931538
-28.5,20.5,13075,0.04733627780738442,0.34563246319314206,0.32587676737546395,0.12341682618568857
-27.5,20.5,13076,0.04115718377455878,0.3016579866059171,0.31983563687182076,0.12724332635443578
-26.5,20.5,13077,0.041481908202228045,0.32224240317740105,0.3034446634625335,0.09905217174414978
-25.5,20.5,13078,0.047469513911483775,0.36337997545145523,0.18404439083815147,0.08754993987721645
-24.5,20.5,13079,0.04313356195080918,0.25531518167460876,0.15007944321946964,0.0705405891765533
-23.5,20.5,13080,0.036855251039576827,0.1425744190929152,0.24278604224471562,0.06285220035621288
-22.5,20.5,13081,0.030893912069237306,0.12416053721524738,0.10604086794965432,0.07200233294978635
-21.5,20.5,13082,0.02935681162230887,0.11946126276345226,0.19343028751424868,0.07471595360377505
-20.5,20.5,13083,0.021498339384797224,0.09399046571354179,0.15452840821107028,0.05524288510466454
-19.5,20.5,13084,0.022444113668350838,0.11905171756278858,0.1596602009582302,0.055473694393691764
-18.5,20.5,13085,0.02336801969201341,0.1309100035812048,0.08300392903436808,0.05939320045072231
-17.5,20.5,13086,0.028133286493776267,0.14677344838296022,0.11339154565630896,0.07024517429090997
-16.5,20.5,13087,0.025134397062069772,0.12731512602772296,0.12724043655649278,0.06751333996259454
-15.5,20.5,13088,0.029259852101393733,0.165525479750264,0.2611376041570264,0.06500762072516461
-14.5,20.5,13089,0.03659740266359293,0.22223852392931545,0.3959798769872904,0.08197834802682928
-13.5,20.5,13090,0.037046657440260644,0.23985482530555957,0.38244630717166284,0.10320715884818704
-12.5,20.5,13091,0.03288182661092475,0.24313006653734162,0.40974358111092124,0.1286414650453104
-11.5,20.5,13092,0.024699484531731035,0.1800941495596974,0.30372375040092037,0.11197750541379445
-10.5,20.5,13093,0.021418696590765295,0.15123917803426912,0.3004956675785369,0.08756260936211499
-9.5,20.5,13094,0.020367366067020578,0.13909478965700167,0.24659693130275734,0.08569719405604685
-8.5,20.5,13095,0.017795329325476675,0.10645226101304582,0.18799890850143017,0.0764529226439614
-7.5,20.5,13096,0.01732813337167496,0.10098308379135902,0.10782982138384946,0.06979478190629063
-6.5,20.5,13097,0.014309408161461014,0.0748571869768319,0.08362212204542417,0.05697746715416294
-5.5,20.5,13098,0.012821878985427108,0.05189783742341015,0.0801790909686829,0.04692044963201091
-4.5,20.5,13099,0.013439263915478707,0.07258865789814281,0.06823731322108731,0.04718842386302973
-3.5,20.5,13100,0.011476150181740962,0.05902287245092496,0.08172072532428332,0.045455628843306624
-2.5,20.5,13101,0.011909419528235389,0.052929401683990546,0.04703293023823465,0.04260512595387627
-1.5,20.5,13102,0.00963928286367843,0.05375992759506308,0.07651435013379954,0.03844478954055742
-0.5,20.5,13103,0.0101202810778385,0.045719999080679856,0.07183001623172443,0.04228212187188389
0.5,20.5,13104,0.009442846027048762,0.05072311860449579,0.064985616113767,0.03212891534233622
1.5,20.5,13105,0.008627880859440258,0.04261491728939049,0.056700940070867366,0.03380018453705717
2.5,20.5,13106,0.008945339461565291,0.03301535620426141,0.057301302903693556,0.027687031303641536
3.5,20.5,13107,0.00817615913028797,0.04172574410592354,0.06095892961757801,0.026846047932831744
4.5,20.5,13108,0.008349017307624187,0.042093987118362985,0.06330842197189301,0.030816321437709664
5.5,20.5,13109,0.010106008701764908,0.03979923327852359,0.06038088905171346,0.028147214382838594
6.5,20.5,13110,0.011100163741144536,0.04771253855675001,0.04371421234011584,0.029605120619420028
7.5,20.5,13111,0.012071580812815721,0.04434043476254629,0.03970302912253868,0.0404561146470638
8.5,20.5,13112,0.012455830114492108,0.042697021143997746,0.03755937043601377,0.03922664030833414
9.5,20.5,13113,0.011666484322456944,0.0404668702875398,0.032507862415906336,0.03938375015809138
10.5,20.5,13114,0.012744854398542746,0.04273865887214469,0.06402396443839321,0.04170539190677014
11.5,20.5,13115,0.012430724536608892,0.04487015916723392,0.03502869082781357,0.04134064406327422
12.5,20.5,13116,0.011452234752398403,0.050509932538481385,0.0368148779490374,0.04389268686537508
13.5,20.5,13117,0.012091519603271822,0.05187607432832361,0.03684894432630199,0.044775155773778115
14.5,20.5,13118,0.011796512575417972,0.053714949827487896,0.03743048015492512,0.04952698294190793
15.5,20.5,13119,0.012458340434637024,0.06553780689989236,0.03705728757288763,0.03896985338133477
16.5,20.5,13120,0.012117754989080205,0.07501257835830306,0.037722431732109304,0.03809444876925907
17.5,20.5,13121,0.012529239016709284,0.0814882025709133,0.03986153474450118,0.03761874487526831
18.5,20.5,13122,0.01517508573803032,0.10130063985908525,0.05052515272629524,0.05615492501238626
19.5,20.5,13123,0.018783610938528095,0.06671435340496915,0.11471357179449759,0.05717700556346262
20.5,20.5,13124,0.02050255167445052,0.0835736350737373,NA,0.04944929158231637
21.5,20.5,13125,0.02197685434604298,0.11235583555586676,NA,0.05630288423493349
22.5,20.5,13126,0.03723077557609346,0.08955882908786297,NA,0.08389555640527274
23.5,20.5,13127,0.04849488922783289,0.09065860796473926,NA,0.08388812704696337
24.5,20.5,13128,0.02804618484207146,0.04831055481958324,NA,0.036642499517451
25.5,20.5,13129,0.016793307394176515,0.03541334623371498,NA,0.03890171110633347
26.5,20.5,13130,0.016849461800730013,0.04817744499117844,NA,0.026215679810049974
27.5,20.5,13131,0.017882648864575062,0.03597165805338204,NA,0.023993534205848568
28.5,20.5,13132,0.015143629421143811,0.03012917869422538,NA,0.021003017619164233
29.5,20.5,13133,0.012380869662219768,0.026146970026523827,NA,0.021005366390974944
30.5,20.5,13134,0.013543526445951895,NA,NA,0.02681440132056267
31.5,20.5,13135,0.011273270633065787,NA,NA,0.019292275694838493
32.5,20.5,13136,0.009706855715564448,NA,NA,0.01440682325790156
33.5,20.5,13137,0.008929935280265542,NA,NA,0.013875896389088515
34.5,20.5,13138,0.011157219229384981,NA,NA,0.01379185652256596
35.5,20.5,13139,0.010422503800643306,NA,NA,0.01291906954534164
36.5,20.5,13140,0.010194389270786728,NA,NA,0.013376707596269962
37.5,20.5,13141,0.009811181294795102,NA,NA,0.012142320545319754
38.5,20.5,13142,0.009494551713902738,NA,NA,0.011696519644212826
39.5,20.5,13143,0.009953955038842778,NA,NA,0.01682429910418708
40.5,20.5,13144,0.009543384675201202,NA,NA,NA
41.5,20.5,13145,0.009642077179943236,NA,NA,NA
42.5,20.5,13146,0.00935489262430585,NA,NA,NA
43.5,20.5,13147,0.009642077179943236,NA,NA,NA
44.5,20.5,13148,0.009870298612838136,NA,NA,NA
45.5,20.5,13149,0.00990391533030838,NA,NA,NA
46.5,20.5,13150,0.009583813313558915,NA,NA,NA
47.5,20.5,13151,0.009354079654842647,NA,NA,NA
48.5,20.5,13152,0.009881313083089196,NA,NA,NA
49.5,20.5,13153,0.00953447389833341,NA,NA,NA
-59.5,21.5,13205,0.09235208399974162,0.5725172951428887,0.22751765912008215,0.11667153207075474
-58.5,21.5,13206,0.10889412997159678,0.6643638545709094,0.09715220360357027,0.2231397125830941
-57.5,21.5,13207,0.11223738453019454,0.7139150163437572,0.1376885927490485,0.28635764985124385
-56.5,21.5,13208,0.10999730259921389,0.7450872226466746,0.13242420230892307,0.2704497465242156
-55.5,21.5,13209,0.06376083749712334,0.7309335164938451,0.2946069568089582,0.26186464688814387
-54.5,21.5,13210,0.07528634988428524,0.7639717718978543,0.19571383503472645,0.1717456244370318
-53.5,21.5,13211,0.07863854454775782,0.8112519715624856,0.20222969730291623,0.1668733078441887
-52.5,21.5,13212,0.08698773613031861,0.8063494049142466,0.10187860041614574,0.16780891075694732
-51.5,21.5,13213,0.06008379279417926,0.8087090979472721,0.09597428155188233,0.09942049607859225
-50.5,21.5,13214,0.06792785920696948,0.8233510381906403,0.09444908511828565,0.1383248598489248
-49.5,21.5,13215,0.0846378945524119,0.8678635009229653,0.12388196065792248,0.14419711312423975
-48.5,21.5,13216,0.0847216185904013,0.8411785477589986,0.1265804856154122,0.15507258805402654
-47.5,21.5,13217,0.06845631748658197,0.7612448179400093,0.11406974135558465,0.16410378170530424
-46.5,21.5,13218,0.05701044578611394,0.6812351414571334,0.10837903039268781,0.1784106882970819
-45.5,21.5,13219,0.050765516171784805,0.6974956009917529,0.24578205740268774,0.16970062125921356
-44.5,21.5,13220,0.055030580010578346,0.6746647412934496,0.1140727032630584,0.18117606542419232
-43.5,21.5,13221,0.04711977668044966,0.5105847905853488,0.24240860865330394,0.14560589371939597
-42.5,21.5,13222,0.04508659169241194,0.6152127923676485,0.24484471456808388,0.14531297182252753
-41.5,21.5,13223,0.04549193843100044,0.63705009265259,0.26929136199139597,0.1395956996696264
-40.5,21.5,13224,0.04361579182953701,0.6988131072909525,0.1620915275551579,0.09481843319796031
-39.5,21.5,13225,0.04240474329033987,0.6522550726050768,0.1744468851516981,0.09567532190083536
-38.5,21.5,13226,0.040418718438807004,0.46675041660170263,0.15527035300860514,0.091517589417463
-37.5,21.5,13227,0.032301971743650536,0.29302280391006424,0.11594336171650758,0.08588866668133835
-36.5,21.5,13228,0.04061067366359995,0.38921706379875537,0.13898465168664492,0.1313183002078566
-35.5,21.5,13229,0.043603925690296426,0.3105805895150659,0.16538608423705342,0.14898809262250376
-34.5,21.5,13230,0.04140588734663805,0.41560403858556616,0.27756017124194704,0.15656125360446105
-33.5,21.5,13231,0.036414222462078046,0.4244079736338501,0.21047623827522002,0.11830129092762963
-32.5,21.5,13232,0.028983948981863256,0.3418296902259721,0.1596902045195207,0.10936048955582785
-31.5,21.5,13233,0.025858640321248377,0.2880998036439489,0.27923625147486864,0.08826270808879264
-30.5,21.5,13234,0.024049587446182557,0.25576156737624267,0.11693797414182501,0.09712449452607258
-29.5,21.5,13235,0.02544525550448583,0.27413740840453105,0.2486891514532183,0.07987981928827317
-28.5,21.5,13236,0.027746381372149367,0.3397356065075987,0.27445313426013485,0.08401191318397669
-27.5,21.5,13237,0.02258724839017299,0.26092991844620095,0.1400950771455439,0.08139741668591564
-26.5,21.5,13238,0.02215371826009618,0.23027789547365762,0.20989949608451913,0.05467624307229656
-25.5,21.5,13239,0.02408258756560923,0.34966873411971633,0.17603549024900866,0.058353563368446604
-24.5,21.5,13240,0.02510772466429236,0.29812980585680204,0.09732781448268328,0.08500833023235557
-23.5,21.5,13241,0.024906552200660362,0.2986556540752901,0.18284105469264583,0.07935427306613313
-22.5,21.5,13242,0.022453709531125365,0.19027479467209055,0.1767652794713735,0.07016007458644065
-21.5,21.5,13243,0.021614219009503267,0.1844171303423105,0.12323796945505595,0.06900103135793038
-20.5,21.5,13244,0.016579299288465306,0.12665555259250738,0.13490375173162666,0.05360833533171808
-19.5,21.5,13245,0.014087955782505069,0.10226234845447668,0.07552132686984445,0.05068590991823291
-18.5,21.5,13246,0.014364679094704985,0.10750333370500732,0.09810630051475208,0.04859189072447845
-17.5,21.5,13247,0.015010275134872153,0.1025863598152101,0.18928886077965906,0.047893121816732
-16.5,21.5,13248,0.0165640848511137,0.11787249889168921,0.3201726792774292,0.04294603303413779
-15.5,21.5,13249,0.01672859343966339,0.1269312225185831,0.3488939809580839,0.04805417815371677
-14.5,21.5,13250,0.017390413198493403,0.14074116928971195,0.4493665511617903,0.04959174853177592
-13.5,21.5,13251,0.01848688103546548,0.11980455570566731,0.29356510741847663,0.055872484707318294
-12.5,21.5,13252,0.019515966270913135,0.13020195502598186,0.3749616576954168,0.05809333640738646
-11.5,21.5,13253,0.01722362571666476,0.1201916335746187,0.3654438775870586,0.061879651738812824
-10.5,21.5,13254,0.01667173242023489,0.13313772591019188,0.3563701390700298,0.06336176890301629
-9.5,21.5,13255,0.0148414444470475,0.10915374016676738,0.2747168185335522,0.058832938472946635
-8.5,21.5,13256,0.014420300976351347,0.08211668140903497,0.2367278554115292,0.05084863163281332
-7.5,21.5,13257,0.013529205866396249,0.08006197210700386,0.3426113738883991,0.04891496847086947
-6.5,21.5,13258,0.011073070646497145,0.05967557753193721,0.19941524554577852,0.035220971627993744
-5.5,21.5,13259,0.011210398262541334,0.046495764173940114,0.2788232134200156,0.04167137069510967
-4.5,21.5,13260,0.012404281210059162,0.0650165759361179,0.3660386160389391,0.04991205883684145
-3.5,21.5,13261,0.011192325959295412,0.06021554384866665,0.3025307254220259,0.038891010150975576
-2.5,21.5,13262,0.011611382628618962,0.05954057764192915,0.29714138887713193,0.03410264895581607
-1.5,21.5,13263,0.012372817173847228,0.04401972503069856,0.28963745059043566,0.03387261284753287
-0.5,21.5,13264,0.011250337725697316,0.04604143822899518,0.2394938981940987,0.03199266907026092
0.5,21.5,13265,0.010737166597794405,0.061022394863346645,0.15968624993282615,0.031572350665955186
1.5,21.5,13266,0.012150170753342324,0.060544805639049286,0.2460892665556621,0.03142299512279039
2.5,21.5,13267,0.014503200284534829,0.08319114325936991,0.23327590205999638,0.040882991548002144
3.5,21.5,13268,0.01271767610698478,0.07466225474742624,0.20961733909998115,0.03514774420150485
4.5,21.5,13269,0.012648563853502642,0.0657296234873772,0.1588893766214761,0.036468683475970064
5.5,21.5,13270,0.013550618533012345,0.06318639525333504,0.15986100364970132,0.04028486574361285
6.5,21.5,13271,0.013648132783991249,0.06442184041874174,0.13152329397717913,0.037952293268552546
7.5,21.5,13272,0.013281952401910319,0.06367214607399602,0.16314220539348218,0.04151056252069194
8.5,21.5,13273,0.012123327123128321,0.06299147851126724,0.10757895813845528,0.039231928374469434
9.5,21.5,13274,0.011724088186736325,0.055192357061854366,0.1505840685977084,0.034150782043470454
10.5,21.5,13275,0.012233544158445027,0.055243840542366335,0.08841639576350267,0.03980972127305864
11.5,21.5,13276,0.012282038588392316,0.0531616174964563,0.08229010954658122,0.044310471361722746
12.5,21.5,13277,0.012514669149342145,0.052498381562641215,0.11609838541044903,0.04215526160635303
13.5,21.5,13278,0.011390867382327698,0.05359919900146568,0.15741027258402077,0.041563929128889204
14.5,21.5,13279,0.011847648551346731,0.06196595461793845,0.1110862466074753,0.035601463618559016
15.5,21.5,13280,0.010455955708712867,0.05686889428631627,0.11224464262455149,0.037494509138213214
16.5,21.5,13281,0.012785433153601505,0.07299968959196962,0.10485983036214266,0.035238242817801115
17.5,21.5,13282,0.01366521633074186,0.0864725254062097,0.07936624945197206,0.04572028251699536
18.5,21.5,13283,0.014229150178372254,0.11291612840100693,0.0862558683714497,0.035686637456946384
19.5,21.5,13284,0.024113828007845516,0.1676815614223916,0.1623319414870509,0.06469918848788789
20.5,21.5,13285,0.017238904654664027,0.10510520298325093,NA,0.04360306467391889
21.5,21.5,13286,0.029207381472221617,0.12371576726445908,NA,0.06650431517562456
22.5,21.5,13287,0.02724118131957908,0.11338438788977874,NA,0.06535116656965866
23.5,21.5,13288,0.02079275796679634,0.09319104948701919,NA,0.05526489136351373
24.5,21.5,13289,0.021728513727128283,0.07142729780692612,NA,0.05897877647390405
25.5,21.5,13290,0.01845797294056128,0.04592759212222471,NA,0.048929472126162936
26.5,21.5,13291,0.013561039672581087,0.03248431508727482,NA,0.031642231243670466
27.5,21.5,13292,0.01214075997099035,0.02457398884979741,NA,0.024221246253882944
28.5,21.5,13293,0.01276204871478201,0.023554086085503443,NA,0.020942864132061447
29.5,21.5,13294,0.011704112900603175,0.022605578953625794,NA,0.020671361682543566
30.5,21.5,13295,0.009317096182801176,NA,NA,0.020947929239671658
31.5,21.5,13296,0.009706373413884436,NA,NA,0.018724780337568237
32.5,21.5,13297,0.007902545005525912,NA,NA,0.014233049333644339
33.5,21.5,13298,0.007138089644249436,NA,NA,0.016068983568397602
34.5,21.5,13299,0.008065652364813335,NA,NA,0.014188040398158734
35.5,21.5,13300,0.007815568867787635,NA,NA,0.010936342145076182
36.5,21.5,13301,0.006846487651645787,NA,NA,0.011844265470906017
37.5,21.5,13302,0.008703864622030266,NA,NA,0.010548023703619286
38.5,21.5,13303,0.008598372463669856,NA,NA,0.01068749305311679
39.5,21.5,13304,0.008626316781520352,NA,NA,0.012713372093482306
40.5,21.5,13305,0.008696516795341154,NA,NA,NA
41.5,21.5,13306,0.00885687337930812,NA,NA,NA
42.5,21.5,13307,0.008963845950672393,NA,NA,NA
43.5,21.5,13308,0.01135888920231152,NA,NA,NA
44.5,21.5,13309,0.010942836308287376,NA,NA,NA
45.5,21.5,13310,0.01046038536162634,NA,NA,NA
46.5,21.5,13311,0.010573754612523703,NA,NA,NA
47.5,21.5,13312,0.010894147865477724,NA,NA,NA
48.5,21.5,13313,0.010280757084917113,NA,NA,NA
49.5,21.5,13314,0.00978731764733112,NA,NA,NA
-58.5,22.5,13356,0.07034180906253654,0.6580411773589698,0.10955693134426878,0.12972091726219567
-57.5,22.5,13357,0.11022978854214438,0.7538178002250437,0.2648543582317649,0.1973557988527168
-56.5,22.5,13358,0.14239691389988632,0.7816393444310032,0.34362840799343725,0.3147007481370037
-55.5,22.5,13359,0.08971374426498187,0.835614732933452,0.16517360606145717,0.23912400777739976
-54.5,22.5,13360,0.06972959082999183,0.8542160357402098,0.3188796378343379,0.18836446574658902
-53.5,22.5,13361,0.0638005219472263,0.8375076598025598,0.26685446189444473,0.16302173663954103
-52.5,22.5,13362,0.07050156607763246,0.8006560167271607,0.2492063145576875,0.1494896589506447
-51.5,22.5,13363,0.0765481832985735,0.7877211147373866,0.07627216623546051,0.1564658628997926
-50.5,22.5,13364,0.06826770305075988,0.7753044243205935,0.13019689744981994,0.10752589582440779
-49.5,22.5,13365,0.06967321314196372,0.8822411495059549,0.16193953451568088,0.142556346517075
-48.5,22.5,13366,0.07699431871245442,0.8778455443138193,0.15526793203231817,0.14343623600190267
-47.5,22.5,13367,0.06207146243386058,0.7977650777053655,0.1456232271124459,0.1382937444249522
-46.5,22.5,13368,0.04969202384203369,0.5205363038370319,0.1003254972517167,0.1379234665505511
-45.5,22.5,13369,0.03777722427920244,0.36840588405638247,0.0869773485205048,0.14038828026646874
-44.5,22.5,13370,0.030907183580787513,0.47496588515476035,0.08099309043130125,0.09954968516799427
-43.5,22.5,13371,0.029401763009932462,0.4046293519732553,0.19925563285518744,0.10107327818365808
-42.5,22.5,13372,0.029783102842973783,0.41065229925003005,0.1057139018395465,0.09043979604493785
-41.5,22.5,13373,0.03414039894114236,0.5343959053487486,0.26744932098994706,0.08447627647849458
-40.5,22.5,13374,0.03342567811120783,0.6624162415690478,0.1477247522019704,0.08267477856025193
-39.5,22.5,13375,0.047515351798585174,0.43699208469674206,0.37669415891445723,0.0927780074407511
-38.5,22.5,13376,0.054664725348510114,0.4116169917799562,0.34266944608953276,0.11570070263153469
-37.5,22.5,13377,0.03632018503812381,0.4844945642369943,0.292571728024993,0.10547128386092917
-36.5,22.5,13378,0.024292356646206152,0.3158192802549805,0.28358606445000367,0.07194917004154636
-35.5,22.5,13379,0.033371553773157675,0.27634348834440214,0.3377998574639715,0.09256638144561544
-34.5,22.5,13380,0.014234654317436698,0.2158406451773386,0.17319699998000662,0.058815846204554635
-33.5,22.5,13381,0.016694030771676898,0.2802656260437981,0.2869004424525708,0.06591681011490182
-32.5,22.5,13382,0.020378023819876034,0.24510307483746047,0.3513747194186425,0.08679986991561522
-31.5,22.5,13383,0.018718297655142005,0.26387909470789334,0.19860146510218635,0.08284124261903024
-30.5,22.5,13384,0.018535829287991704,0.20586530693502356,0.2900989301875908,0.07178056925641908
-29.5,22.5,13385,0.021922466520407,0.30720469036493725,0.3486033152263452,0.07432128959723751
-28.5,22.5,13386,0.021441020676548062,0.24134303722439068,0.35431065103323,0.08694878969652707
-27.5,22.5,13387,0.017914126188848276,0.25544253576776416,0.15612003745270492,0.06765202862605055
-26.5,22.5,13388,0.022509118211060608,0.2928681692310109,0.18767977273020714,0.0672680153865962
-25.5,22.5,13389,0.020688918298103952,0.20038076468911212,0.3386617451466629,0.06310804976887421
-24.5,22.5,13390,0.016136989395120274,0.15156525433854923,0.16553683347995166,0.05253447157066492
-23.5,22.5,13391,0.015026592753946015,0.12712223859017055,0.42849419539878153,0.045547290814279266
-22.5,22.5,13392,0.014638268314328589,0.14751762279301892,0.35301123050270883,0.04487577785374014
-21.5,22.5,13393,0.013595415843198972,0.12759877050406157,0.07749232926129536,0.039682957247924075
-20.5,22.5,13394,0.011585188250822793,0.10143348386701183,0.060308777783125704,0.029966559123938606
-19.5,22.5,13395,0.008931298971690876,0.06306113906167221,0.06602641362995706,0.022967748239258023
-18.5,22.5,13396,0.010253151200997405,0.098519433718332,0.1572473273421073,0.024444901961291694
-17.5,22.5,13397,0.011088471125557945,0.0773018553262438,0.26564007113229177,0.024566434570569045
-16.5,22.5,13398,0.011618563290896245,0.1169338397357192,0.29308871191983027,0.029519114174929556
-15.5,22.5,13399,0.012590982114065355,0.13983436116888343,0.18270692791070167,0.037850515776943226
-14.5,22.5,13400,0.013399015540454579,0.1206121146534716,0.1126692625195431,0.04095529425510297
-13.5,22.5,13401,0.015241183706252348,0.13227354517562734,0.0962652232439009,0.043967874320363795
-12.5,22.5,13402,0.01583534801929497,0.13082832053240478,0.10131068532435804,0.04263502609074663
-11.5,22.5,13403,0.015227096947595335,0.1006881177020801,0.10534501402763703,0.03885556973069737
-10.5,22.5,13404,0.015841411239688432,0.09724027477471209,0.26444474458564565,0.03783238750886667
-9.5,22.5,13405,0.012917641645899222,0.06786145735800765,0.26237787266288287,0.03459579395429315
-8.5,22.5,13406,0.011287767690717614,0.055349563344369385,0.25968410792910096,0.029936008546576954
-7.5,22.5,13407,0.009526586399755817,0.04485514636224106,0.2895329618487877,0.020676603868495087
-6.5,22.5,13408,0.009343522753998737,0.04789816169239935,0.18508222952406234,0.02170963573647338
-5.5,22.5,13409,0.008697444815231563,0.02965344396674299,0.19494403617467124,0.022327596815961484
-4.5,22.5,13410,0.008177590430291194,0.033706033869912305,0.1704624370516258,0.02301740545081908
-3.5,22.5,13411,0.008067765376140653,0.035710525606426166,0.11861425180488355,0.02276928490724035
-2.5,22.5,13412,0.00799301798767338,0.025870447151235498,0.2832207392474006,0.021918348278072555
-1.5,22.5,13413,0.007415400691530129,0.03743070132418434,0.31934290395814907,0.023982432114475233
-0.5,22.5,13414,0.007667160082914357,0.044116301558097724,0.30674847642222713,0.025051240196376185
0.5,22.5,13415,0.007756176364244528,0.043329015758454305,0.3812575056536997,0.021473407243542117
1.5,22.5,13416,0.011847559712287438,0.06450764882673582,0.26379909120861694,0.0320550497303534
2.5,22.5,13417,0.013099678800032995,0.06083701104517471,0.4688071913851622,0.04159664971193727
3.5,22.5,13418,0.013015141736616245,0.07343229826412813,0.4644387035014899,0.0337441870815129
4.5,22.5,13419,0.01226308311422365,0.08224514226068134,0.5040125642805586,0.032580743477776175
5.5,22.5,13420,0.011845488209567476,0.05853630819113086,0.48128058705514876,0.033299869770919546
6.5,22.5,13421,0.01190052011722136,0.06698492516638196,0.43593847514038314,0.03538420519758894
7.5,22.5,13422,0.011369891695686652,0.07111272198699638,0.44718978268023357,0.03304266580829636
8.5,22.5,13423,0.011886371014411892,0.07383942997520888,0.43431462692723216,0.03313762752257157
9.5,22.5,13424,0.011384994295057089,0.06385896006298489,0.23656315658100735,0.03442959126080885
10.5,22.5,13425,0.01067469859131573,0.05950956951809689,0.20853020088314767,0.03613489003080163
11.5,22.5,13426,0.010639432913434138,0.058307314201268605,0.11943763975772673,0.03700224002070623
12.5,22.5,13427,0.010401852028050903,0.05785353192465699,0.1920865937070982,0.028166206444946232
13.5,22.5,13428,0.015175855007316691,0.0805699991712012,0.21717885749842417,0.03889106170223993
14.5,22.5,13429,0.014620332484125607,0.07957784793233964,0.2284172188420145,0.05405752443061849
15.5,22.5,13430,0.01576823229306898,0.08101848754924483,0.2967959481202099,0.03940988669175791
16.5,22.5,13431,0.015733460195996838,0.08309006237307696,0.3049827298225411,0.036089877732581516
17.5,22.5,13432,0.0198953522802093,0.08242667773971173,0.19260333313054331,0.05640278475109065
18.5,22.5,13433,0.019001314105237435,0.11915916536025402,0.16968239823595715,0.05301193487126649
19.5,22.5,13434,0.020891536985851528,0.07097180743070171,0.09164166954789686,0.03577739507625775
20.5,22.5,13435,0.030065541367052657,0.10021957558275049,NA,0.05744445535975023
21.5,22.5,13436,0.01774819798244649,0.08939818136196791,NA,0.03483860070386247
22.5,22.5,13437,0.017432498996853257,0.08331449820221762,NA,0.04177011169219627
23.5,22.5,13438,0.015279634208191712,0.057469380052859634,NA,0.035952595578415326
24.5,22.5,13439,0.015546208786147849,0.04631262804490795,NA,0.029593547609559123
25.5,22.5,13440,0.01245217086680662,0.0490411673667644,NA,0.025905579242959255
26.5,22.5,13441,0.01084933135642547,0.036383876197978636,NA,0.02148751106551099
27.5,22.5,13442,0.010312636235923852,0.03337273179597612,NA,0.019283360471831358
28.5,22.5,13443,0.009694959466419711,0.027959335485102342,NA,0.02195578991930863
29.5,22.5,13444,0.008772982780171254,0.024400896756424324,NA,0.017858518029502512
30.5,22.5,13445,0.008303914091619817,NA,NA,0.018225832838501405
31.5,22.5,13446,0.006892294154098978,NA,NA,0.013140233198547152
32.5,22.5,13447,0.00683187131470399,NA,NA,0.016938907669642518
33.5,22.5,13448,0.006741905185607204,NA,NA,0.012624123544500643
34.5,22.5,13449,0.0065492567849470985,NA,NA,0.011283327945403734
35.5,22.5,13450,0.006700125077525987,NA,NA,0.010628029180741782
36.5,22.5,13451,0.006497862118153985,NA,NA,0.009029271016505237
37.5,22.5,13452,0.00670329819838669,NA,NA,0.01086153654573617
38.5,22.5,13453,0.006677723674451144,NA,NA,0.009936691511884211
39.5,22.5,13454,0.007314559369563964,NA,NA,0.007594954702833329
40.5,22.5,13455,0.007956325719374263,NA,NA,NA
41.5,22.5,13456,0.0076745263543411685,NA,NA,NA
42.5,22.5,13457,0.007898957389294152,NA,NA,NA
43.5,22.5,13458,0.007736591403874418,NA,NA,NA
44.5,22.5,13459,0.00854510563674079,NA,NA,NA
45.5,22.5,13460,0.008600335464240855,NA,NA,NA
46.5,22.5,13461,0.008453912465862192,NA,NA,NA
47.5,22.5,13462,0.00876378316138373,NA,NA,NA
48.5,22.5,13463,0.009052673811880112,NA,NA,NA
49.5,22.5,13464,0.00941379172589209,NA,NA,NA
-58.5,23.5,13499,0.2992026544555845,0.5837624232329346,0.16576181345097205,0.5952590612885758
-57.5,23.5,13500,0.16419434629268811,0.7141924770100564,0.13097627677408044,0.16124852180673235
-56.5,23.5,13501,0.10597778971052503,0.7741093138156736,0.26338100971365697,0.1873172754488777
-55.5,23.5,13502,0.09600697524519575,0.768475865311767,0.11274959977617821,0.19412413842381837
-54.5,23.5,13503,0.0842813465703323,0.8044765863802912,0.09239272957738189,0.1779164132869732
-53.5,23.5,13504,0.09186695003880517,0.8726603161480169,0.14825997718391573,0.1956207364644489
-52.5,23.5,13505,0.10529089791706399,0.8983539810837604,0.3512878747597231,0.17474974174831984
-51.5,23.5,13506,0.06376973632354134,0.7520655681936091,0.24991397790443548,0.13995975970649788
-50.5,23.5,13507,0.0668714276645513,0.715542275998586,0.10999472197332551,0.11115227795426251
-49.5,23.5,13508,0.07853700912725228,0.7063318393200163,0.13421709368091614,0.09034926492814449
-48.5,23.5,13509,0.07455092255529483,0.725487700600184,0.2524329378940966,0.11174271441750946
-47.5,23.5,13510,0.07895222711645623,0.7302619684933249,0.1278706485335756,0.09910291618418206
-46.5,23.5,13511,0.051396687408212974,0.7374803095110918,0.11986624555393438,0.09497459814932953
-45.5,23.5,13512,0.040225386973987746,0.6055459534441936,0.11709513257743288,0.06979208421137668
-44.5,23.5,13513,0.030905642008502147,0.5624040930339915,0.2187809939201702,0.06334850638381319
-43.5,23.5,13514,0.02793529677359542,0.3645341462962115,0.21414694364062228,0.060557122637648876
-42.5,23.5,13515,0.026602446067542463,0.38829064594846535,0.10240187973199855,0.05796826448410518
-41.5,23.5,13516,0.03133621389487639,0.49262129578161606,0.09418296409480888,0.06296758129627211
-40.5,23.5,13517,0.040004781969705576,0.46901274773295376,0.15503680303045583,0.10822138878590974
-39.5,23.5,13518,0.04385701484931106,0.5658423139754846,0.3660941008023241,0.1233302942486157
-38.5,23.5,13519,0.04029513940136879,0.3884163600858293,0.23266653658113334,0.1345883840309369
-37.5,23.5,13520,0.031929993614642715,0.28796465761445533,0.1534421627094317,0.11936478426901408
-36.5,23.5,13521,0.0283467203888746,0.2984991865623714,0.16155804627520431,0.09136423874603165
-35.5,23.5,13522,0.01673776126184139,0.33799760099490567,0.1777594676204103,0.06106013301294052
-34.5,23.5,13523,0.013819342340044711,0.28713686221021956,0.14242371603248608,0.05545570688915329
-33.5,23.5,13524,0.013298933024962212,0.2748677458912127,0.1461021791882835,0.04791854284824455
-32.5,23.5,13525,0.017618970176151983,0.3047968454922503,0.33558799084269225,0.06262403963904627
-31.5,23.5,13526,0.015348500376867975,0.16056608388673455,0.15572974271799656,0.058095634585403094
-30.5,23.5,13527,0.018936435848967516,0.3430908359206904,0.39370997743152775,0.06787102158232955
-29.5,23.5,13528,0.01599705402799712,0.22482923287978876,0.33700724827622164,0.06695006109412165
-28.5,23.5,13529,0.01826766947188053,0.30333405566361354,0.1908930058545815,0.06735779010400353
-27.5,23.5,13530,0.02084946327829268,0.2838012144662726,0.405962698696205,0.08152319870184828
-26.5,23.5,13531,0.020091254240583684,0.17516502723660268,0.35562168117241993,0.09278286437437853
-25.5,23.5,13532,0.020860203602494257,0.17324770505530943,0.3518003903498091,0.08402064107148058
-24.5,23.5,13533,0.015446570247870443,0.18070239263913995,0.45106540943597545,0.06454777744364923
-23.5,23.5,13534,0.013348616173408896,0.1337207056028977,0.27708963143168963,0.04480259442305869
-22.5,23.5,13535,0.012518916544430218,0.10288660521980564,0.2126227788395515,0.04191939370399736
-21.5,23.5,13536,0.011678789987101628,0.087329650564772765,0.27034424069328256,0.035840335704351876
-20.5,23.5,13537,0.010581203200965773,0.05436699819255877,0.26394759520056754,0.02969647373026445
-19.5,23.5,13538,0.010205034016468828,0.0551597164493397,0.2803720386588138,0.025851824097728435
-18.5,23.5,13539,0.00792494321999249,0.041834859469946736,0.2501543910846584,0.01739521471227973
-17.5,23.5,13540,0.009157353822939859,0.053554983344370775,0.22945054774922471,0.01881261713843393
-16.5,23.5,13541,0.010228645098757313,0.05540709398055924,0.0659252872822708,0.020009305722753043
-15.5,23.5,13542,0.010915574371763307,0.06718677666737168,0.07312758934102889,0.024949967335515816
-14.5,23.5,13543,0.009995697960270531,0.06872836202522642,0.11473134459087869,0.02168645093145817
-13.5,23.5,13544,0.008591511741413687,0.07846924844721918,0.08844631391020616,0.017889579774792226
-12.5,23.5,13545,0.010113829714570902,0.0817656436732139,0.08408491016454585,0.023817710425052204
-11.5,23.5,13546,0.009746232723719092,0.06352124577472379,0.1211609870077051,0.020544959231875572
-10.5,23.5,13547,0.006708543383346055,0.040685713062288596,0.09843015995407507,0.014201372718018189
-9.5,23.5,13548,0.006061651095458148,0.03253393828295095,0.08991702042682777,0.016458643335154628
-8.5,23.5,13549,0.0072023668576198,0.037199941294843435,0.12917116608174012,0.019048430115344475
-7.5,23.5,13550,0.00673855667278164,0.03500891375281069,0.12336706368738767,0.018496554347239236
-6.5,23.5,13551,0.006867097609430755,0.034015444321424226,0.17625535296719785,0.016964169117178525
-5.5,23.5,13552,0.006045954854381266,0.03430507999266843,0.1258254322254012,0.015404760086779235
-4.5,23.5,13553,0.00601510635031851,0.03667850071175951,0.09395482730313988,0.016330696599145853
-3.5,23.5,13554,0.005932042836796294,0.034217725011930926,0.1501114822160965,0.014960935471192479
-2.5,23.5,13555,0.006152970392767575,0.03855780910282197,0.1351470390098237,0.015714203495092522
-1.5,23.5,13556,0.0065949280700174,0.04079090530531156,0.18160929574098975,0.017484965263530675
-0.5,23.5,13557,0.007391292083734892,0.041738545674327755,0.31116216624672355,0.020051977014986618
0.5,23.5,13558,0.007220697399059942,0.04167288223602826,0.16608557077779101,0.016494541843151817
1.5,23.5,13559,0.008657098193691924,0.060355551802212096,0.1418588999271364,0.01748675693578468
2.5,23.5,13560,0.00923269465449664,0.0726403913588136,0.2503558652829769,0.019935553384224015
3.5,23.5,13561,0.010111420244467534,0.0687977383936433,0.22587812053531586,0.019869729315564886
4.5,23.5,13562,0.011535357647585558,0.04781298152867088,0.19191189521826343,0.019624898772685192
5.5,23.5,13563,0.012051811423340495,0.07112544708839007,0.1955238225402028,0.020572275420919047
6.5,23.5,13564,0.012094267929103765,0.05212307711696845,0.18854999086791183,0.0229278689146845
7.5,23.5,13565,0.011868911764933715,0.0969945949681536,0.18909201994910022,0.024154194392812668
8.5,23.5,13566,0.010971916720330635,0.09927710108451343,0.22141727101401984,0.027913384480188506
9.5,23.5,13567,0.01122155526185741,0.06433935491881022,0.20347932118533674,0.026063386361135456
10.5,23.5,13568,0.014412730482807827,0.08581515608489615,0.2641250770165139,0.036124821766542824
11.5,23.5,13569,0.013439411211043533,0.08600343356512943,0.1755976199666202,0.03842951578677703
12.5,23.5,13570,0.012855371485020129,0.06712588238060756,0.3022917657026928,0.04486656363387898
13.5,23.5,13571,0.01305463501001109,0.06168309200907649,0.2594799931503037,0.04063057045216035
14.5,23.5,13572,0.015101705688191584,0.1019666688382152,0.27310758508338007,0.041887493310841045
15.5,23.5,13573,0.023849308323641145,0.08785693021839762,0.3508863875961145,0.04834372013795241
16.5,23.5,13574,0.01829093172008735,0.10928368400917793,0.5011044437796113,0.034448782905224296
17.5,23.5,13575,0.021320762131082596,0.10718467820387828,0.21773052593829959,0.035578317965027265
18.5,23.5,13576,0.020756891106553932,0.07845684011183432,0.08913193626789315,0.03425975608036657
19.5,23.5,13577,0.015671969195850583,0.08324654858629174,0.08814269475254448,0.027875659758405946
20.5,23.5,13578,0.01671428588480751,0.05859781718034565,NA,0.02801298503637519
21.5,23.5,13579,0.015036949369594979,0.05620720387154897,NA,0.026487485279511298
22.5,23.5,13580,0.012949602181317962,0.04909514650749797,NA,0.028179692972537813
23.5,23.5,13581,0.011380647523133548,0.0379901275311107,NA,0.02108145608817042
24.5,23.5,13582,0.012411602089836419,0.035824948007409416,NA,0.017910587068242587
25.5,23.5,13583,0.01127507097051179,0.03274229013961678,NA,0.014513381715904867
26.5,23.5,13584,0.011076164377041254,0.03398183423125187,NA,0.016607643655201523
27.5,23.5,13585,0.011074977655116166,0.030069608821202038,NA,0.01500784912347226
28.5,23.5,13586,0.010595692737211615,0.029461664640116327,NA,0.015796475165327742
29.5,23.5,13587,0.01003224790080912,0.029498928604213645,NA,0.014567728393345277
30.5,23.5,13588,0.008289535178501586,NA,NA,0.011077151223833783
31.5,23.5,13589,0.008028787495430161,NA,NA,0.010789809637359584
32.5,23.5,13590,0.007767359588063351,NA,NA,0.01263319010828018
33.5,23.5,13591,0.007683298376524601,NA,NA,0.009431890195226554
34.5,23.5,13592,0.008175739779770366,NA,NA,0.009594099161961429
35.5,23.5,13593,0.006881284289991505,NA,NA,0.0087515559494771
36.5,23.5,13594,0.006770213620977386,NA,NA,0.00858367379415807
37.5,23.5,13595,0.0067211687222693,NA,NA,0.007887857728628543
38.5,23.5,13596,0.006577765556517806,NA,NA,0.007054159252803834
39.5,23.5,13597,0.006681751383827793,NA,NA,0.007600859364585676
40.5,23.5,13598,0.007064776725453367,NA,NA,NA
41.5,23.5,13599,0.006681790396914391,NA,NA,NA
42.5,23.5,13600,0.00616162818535716,NA,NA,NA
43.5,23.5,13601,0.0068297608892196925,NA,NA,NA
44.5,23.5,13602,0.008174691326054525,NA,NA,NA
45.5,23.5,13603,0.007962222770101293,NA,NA,NA
46.5,23.5,13604,0.007292083363608895,NA,NA,NA
47.5,23.5,13605,0.009887244105994652,NA,NA,NA
48.5,23.5,13606,0.009584274000108263,NA,NA,NA
49.5,23.5,13607,0.008844083014577505,NA,NA,NA
-59.5,24.5,13637,0.05777056603799498,0.12108001741669523,0.03360854944673596,0.07968831636682296
-57.5,24.5,13638,0.32371713843513067,0.43077661203083617,0.17099245438501573,0.2856098712136548
-56.5,24.5,13639,0.11643939653056584,0.68610688189523406,0.42061742997180546,0.18877111974021227
-55.5,24.5,13640,0.11936836364709673,0.7044417136995839,0.3308478998518282,0.22227569683726403
-54.5,24.5,13641,0.1451505563222868,0.8686774494829952,0.34482694251220225,0.22286011362567487
-53.5,24.5,13642,0.0828441307346128,0.8044453558533338,0.22379231793525148,0.1519372111542538
-52.5,24.5,13643,0.09413789796318155,0.7456262251640657,0.13738512183455123,0.16845062282467355
-51.5,24.5,13644,0.0881787364940399,0.7354735630769945,0.1410917779557135,0.13985530735075477
-50.5,24.5,13645,0.09419500515536966,0.7314455141683963,0.13783310127111847,0.147045845947248
-49.5,24.5,13646,0.09549969135151222,0.7014610344647048,0.2429762365861678,0.12921699654840693
-48.5,24.5,13647,0.06733175372470575,0.5718454095108858,0.19390980907660324,0.08235769600233442
-47.5,24.5,13648,0.062939896764591,0.558537969792704,0.1793434729292358,0.08640946237531423
-46.5,24.5,13649,0.08599958132079749,0.6140718728798968,0.15922410563541695,0.09376753555358269
-45.5,24.5,13650,0.0803622663349889,0.5127654270056641,0.09741090927913697,0.06993102000346335
-44.5,24.5,13651,0.07702638896429145,0.5483339632469209,0.09990068775141106,0.06079435473190557
-43.5,24.5,13652,0.05114176501444678,0.38493410944881923,0.19342248633419187,0.05234345816364698
-42.5,24.5,13653,0.03578439887779032,0.3526802986493048,0.19644388375442182,0.045315709168231987
-41.5,24.5,13654,0.028232307324059944,0.43216593475302334,0.10451281483201942,0.04402897889421926
-40.5,24.5,13655,0.03720520540044284,0.5165512376864587,0.15078153086896928,0.08223878001815595
-39.5,24.5,13656,0.04082385436856383,0.5472803422635528,0.17323699988899105,0.11914426215536386
-38.5,24.5,13657,0.05061501604593991,0.4809092283342529,0.3588398688515718,0.15898044800243719
-37.5,24.5,13658,0.03313398676740277,0.4757582578227444,0.2597728003481607,0.08240296157946955
-36.5,24.5,13659,0.0342268065498065,0.4557797145934361,0.19021931104593182,0.06684094107058762
-35.5,24.5,13660,0.02179920718521497,0.35643590562383054,0.1383279266825993,0.04858560467761932
-34.5,24.5,13661,0.020545410894666025,0.3474485900312256,0.1529807772431178,0.050803450683160896
-33.5,24.5,13662,0.022680169365820266,0.48112416363849564,0.22703534846690906,0.054994846291110185
-32.5,24.5,13663,0.015985210817938158,0.32771285374436204,0.20029780635932504,0.04842337813038806
-31.5,24.5,13664,0.014984102692783786,0.3570062968138555,0.3179221153676146,0.0461733528443156
-30.5,24.5,13665,0.015195434423378772,0.27811472815044685,0.33039250985277535,0.0574919881624536
-29.5,24.5,13666,0.015209062932558661,0.3315266761594086,0.2372168703557089,0.060462490652011334
-28.5,24.5,13667,0.018483528677799017,0.3951357596738961,0.2714787678149384,0.06721022534263643
-27.5,24.5,13668,0.018401279571895725,0.24467418404898741,0.43297320041093273,0.06249361858445144
-26.5,24.5,13669,0.019768110648446413,0.18673176568398347,0.25876395879743735,0.06767426822944338
-25.5,24.5,13670,0.022475118578545072,0.17767598183236072,0.13425626541271155,0.07200284645531616
-24.5,24.5,13671,0.018761747602546286,0.20017023693998853,0.23446726188003317,0.06260752565836228
-23.5,24.5,13672,0.01625388117507771,0.11551589784778503,0.1233690497599641,0.043272079537136264
-22.5,24.5,13673,0.013954971480096041,0.1029786164625348,0.10046405963043141,0.03416358953584106
-21.5,24.5,13674,0.013390021450491396,0.06221984800522949,0.0865264998326087,0.03301155985599315
-20.5,24.5,13675,0.011205357666516322,0.06433514384074686,0.10093332111350053,0.02346575124098424
-19.5,24.5,13676,0.009269362621758046,0.042993289875861325,0.0871133110118154,0.0180320725681408
-18.5,24.5,13677,0.0075381769474661105,0.031876504437844774,0.04382488907844474,0.01426945207938521
-17.5,24.5,13678,0.007753733640623687,0.03343391426430204,0.04830861391063065,0.013719416167742896
-16.5,24.5,13679,0.007469170084009264,0.034671785782929634,0.05422231618630305,0.0139006874379177
-15.5,24.5,13680,0.00817802651523868,0.03885695489788445,0.06563249639169842,0.01703636964393861
-14.5,24.5,13681,0.007165323431232164,0.032102027547380126,0.048735834193940814,0.013088190122702115
-13.5,24.5,13682,0.00845802804890157,0.04665182085880361,0.08084204276150996,0.01851648957029396
-12.5,24.5,13683,0.009003637327962537,0.05069086298494045,0.1292797604691433,0.021226025635952755
-11.5,24.5,13684,0.0053434374230675085,0.02568765289038012,0.03825843284928235,0.010272671695573192
-10.5,24.5,13685,0.007716249234879364,0.0436476877800332,0.1388833800567236,0.014721461459170738
-9.5,24.5,13686,0.005495483331699095,0.018805292048466385,0.0803169012382308,0.010864697916303451
-8.5,24.5,13687,0.006933698047748557,0.022577034484779605,0.0656856160729761,0.014976013986219517
-7.5,24.5,13688,0.006627573396936883,0.032860729017038494,0.09971039998958968,0.011434566006910628
-6.5,24.5,13689,0.007066590140359809,0.03566472770649474,0.06620282368363338,0.010316383908129036
-5.5,24.5,13690,0.00678151238495692,0.03512800460554431,0.10173392234933354,0.009482192139539573
-4.5,24.5,13691,0.006877155576006703,0.034158765515412234,0.09642931071250663,0.011987392964423318
-3.5,24.5,13692,0.0067150784842551995,0.037555794058428946,0.12638604302147588,0.013498936515999718
-2.5,24.5,13693,0.00842933499986207,0.04602813027601896,0.13489751608533632,0.017089223731395896
-1.5,24.5,13694,0.008814954349782548,0.03729216139904132,0.077009638784268,0.017206362485950633
-0.5,24.5,13695,0.009117827953499625,0.049120391700828506,0.1657106922200361,0.017835153458281374
0.5,24.5,13696,0.008135154475901652,0.0322501627472803,0.08609494129420371,0.014945699241765526
1.5,24.5,13697,0.007900937504414845,0.03287556256403876,0.22014546374733404,0.014302232236903613
2.5,24.5,13698,0.008230686863528815,0.044274896125835954,0.13281933025497888,0.016987582084520222
3.5,24.5,13699,0.008106002044088591,0.03541069855786539,0.221348822195787,0.014587560223571928
4.5,24.5,13700,0.011095881453439226,0.04097018207077828,0.12995338992971628,0.01977763967661047
5.5,24.5,13701,0.013453468327752346,0.056792840949837886,0.24358520102365389,0.026208160958142705
6.5,24.5,13702,0.015402657814780224,0.04283490176469264,0.11998104087469191,0.02579699158902884
7.5,24.5,13703,0.01434682112924414,0.05844240396663886,0.13077720912347432,0.024939297244326385
8.5,24.5,13704,0.014684984386776179,0.06749856140324309,0.13159916799126306,0.02186578422030349
9.5,24.5,13705,0.014431643559353922,0.04592510758595095,0.11232082003681203,0.017508958571149192
10.5,24.5,13706,0.01379289061845681,0.0459425042038896,0.198314239522543,0.021504268822310522
11.5,24.5,13707,0.014546784657609816,0.06125252513509975,0.2216636087516875,0.029352864318783957
12.5,24.5,13708,0.01565866288101716,0.08163640911161298,0.2321764658042795,0.037610458211547466
13.5,24.5,13709,0.018772330374464283,0.08462667360546551,0.21263683494724714,0.026784115760110472
14.5,24.5,13710,0.017988648437600473,0.08808816495629779,0.2039190933907063,0.02463328048295082
15.5,24.5,13711,0.01965112824064889,0.08704931780150355,0.17044027818521226,0.02906703668786296
16.5,24.5,13712,0.016327078661897122,0.09291635818361153,0.17600575974641797,0.023603830026313215
17.5,24.5,13713,0.014426076747684124,0.06867665178815854,0.1338654004846875,0.023075548011564265
18.5,24.5,13714,0.013466105150800144,0.06934430885965544,0.4188631326247491,0.024524828936661244
19.5,24.5,13715,0.013443598497755938,0.06706550192132035,0.23552004907967053,0.01899738121431984
20.5,24.5,13716,0.010216122187934367,0.04770065988089927,NA,0.016301847944053878
21.5,24.5,13717,0.01045954986203396,0.04636589528584465,NA,0.015011634082959614
22.5,24.5,13718,0.011529604400711393,0.033054273656878894,NA,0.013953949398209237
23.5,24.5,13719,0.011237167664717837,0.03130145120140228,NA,0.014100873344066067
24.5,24.5,13720,0.01253846980605957,0.04111525574040386,NA,0.013856734747639906
25.5,24.5,13721,0.012537770767806804,0.033247170110599744,NA,0.01369801271406317
26.5,24.5,13722,0.011670396940502488,0.031771003984628225,NA,0.014832160877031623
27.5,24.5,13723,0.01205969643709762,0.030565534315332005,NA,0.01782612974513848
28.5,24.5,13724,0.011262663031260127,0.024254127814271373,NA,0.015967335215296367
29.5,24.5,13725,0.009917839892766992,0.018046119469786757,NA,0.011235816217820405
30.5,24.5,13726,0.008125737723073134,NA,NA,0.011150274675334752
31.5,24.5,13727,0.00798695816113823,NA,NA,0.011171065230347462
32.5,24.5,13728,0.008171393896104122,NA,NA,0.008976294633202897
33.5,24.5,13729,0.007526126095088904,NA,NA,0.00899184193922493
34.5,24.5,13730,0.007575687181564618,NA,NA,0.00742064651537013
35.5,24.5,13731,0.006525449982152376,NA,NA,0.007832662287369972
36.5,24.5,13732,0.006417536991259112,NA,NA,0.00880478570749739
37.5,24.5,13733,0.006671373559587318,NA,NA,0.007736184988120947
38.5,24.5,13734,0.006002034348471522,NA,NA,0.00752869505269552
39.5,24.5,13735,0.0058142882777220675,NA,NA,0.00763899667820978
40.5,24.5,13736,0.005703686309242837,NA,NA,NA
41.5,24.5,13737,0.005739324435219137,NA,NA,NA
42.5,24.5,13738,0.005747364457313264,NA,NA,NA
43.5,24.5,13739,0.006497967798603914,NA,NA,NA
44.5,24.5,13740,0.006676228492063092,NA,NA,NA
45.5,24.5,13741,0.006843354747747073,NA,NA,NA
46.5,24.5,13742,0.006600455718608147,NA,NA,NA
47.5,24.5,13743,0.007588941558518115,NA,NA,NA
48.5,24.5,13744,0.007549663025107685,NA,NA,NA
49.5,24.5,13745,0.007508362138687564,NA,NA,NA
-59.5,25.5,13768,0.06280811883618558,0.07828565188630644,0.10535635672849093,0.03485692150104884
-58.5,25.5,13769,0.25412939198039103,0.2951440909851959,0.12227777732663377,0.06487535318835778
-57.5,25.5,13770,0.15749301420984005,0.4639595656284171,0.25326565796735673,0.16613490105111692
-56.5,25.5,13771,0.20095270888340164,0.6104864424582214,0.4319252963268833,0.14078391872215737
-55.5,25.5,13772,0.07391507576531196,0.4894899405338359,0.13757667035154064,0.12981482946704623
-54.5,25.5,13773,0.08795805046675197,0.6985529788125078,0.2831973620492259,0.14983804119744076
-53.5,25.5,13774,0.12741938867211608,0.7568687804770929,0.33785936363037866,0.17502281857983804
-52.5,25.5,13775,0.09023367290382424,0.7034654619401813,0.10953272489653318,0.14206586949394742
-51.5,25.5,13776,0.08705967801627448,0.6445156647283632,0.11645959699230334,0.15700948322042307
-50.5,25.5,13777,0.08231807284855618,0.5944951557107772,0.12190479907347335,0.11014901617687788
-49.5,25.5,13778,0.10721188554923307,0.6093171298863754,0.18436804510979726,0.1595006189304321
-48.5,25.5,13779,0.10227967379348112,0.7229956672109321,0.14430360441985976,0.1310555628630112
-47.5,25.5,13780,0.058118550991856914,0.6690049383392928,0.12728188379210975,0.09754918661370662
-46.5,25.5,13781,0.06371767333520326,0.5487270684808081,0.1271574886305424,0.09768716010168293
-45.5,25.5,13782,0.05315542950674949,0.31121714106554166,0.10837367764341493,0.07248431117467732
-44.5,25.5,13783,0.055487186093747295,0.27053827606369535,0.10510953861737511,0.07994744782428688
-43.5,25.5,13784,0.05924025358616808,0.21756719311340814,0.10146678961874514,0.06417695690129228
-42.5,25.5,13785,0.05427480981884887,0.32760225002191795,0.19199215000162703,0.042844590627437396
-41.5,25.5,13786,0.06078373624160332,0.2129089959792445,0.21830507359176055,0.04987271300329206
-40.5,25.5,13787,0.06871314810179441,0.3155311238146546,0.16442431329655277,0.05772919460683938
-39.5,25.5,13788,0.06810585293518746,0.34225441330180284,0.26060665510674536,0.06049933115962709
-38.5,25.5,13789,0.06573844915445856,0.33275472653684146,0.2965762302485573,0.10684718950256954
-37.5,25.5,13790,0.04385326312147894,0.24948864133442106,0.24574797965555906,0.06992516325760827
-36.5,25.5,13791,0.037867550342005334,0.23852329300940417,0.22979216736725389,0.05518239608618419
-35.5,25.5,13792,0.029643836184197043,0.23789533204654095,0.11146770548657514,0.06266378998487891
-34.5,25.5,13793,0.024871534264350383,0.24269615516915208,0.20334991957985357,0.042081334155949425
-33.5,25.5,13794,0.02533990236810108,0.25839427049964375,0.22711847795978224,0.04069434243555573
-32.5,25.5,13795,0.02104670890021227,0.2514478753783375,0.10068367087639918,0.03547665522831223
-31.5,25.5,13796,0.023471205122164954,0.22072703877717978,0.13784585211023132,0.03659107561995282
-30.5,25.5,13797,0.02982799499320694,0.4316550977603006,0.4576593856812929,0.04304038533897521
-29.5,25.5,13798,0.02932438676342556,0.39391205759216186,0.3758335568052321,0.04356658209918644
-28.5,25.5,13799,0.02560248646134028,0.26615372885794475,0.41289984691388193,0.04873782992652442
-27.5,25.5,13800,0.022779307421871516,0.2093718142384452,0.27590754638029924,0.05410573928360474
-26.5,25.5,13801,0.02127846878470008,0.2373208921349431,0.14243286403842836,0.0602318188704582
-25.5,25.5,13802,0.024478780038871096,0.17808414146790416,0.27939602612236847,0.07027723557522789
-24.5,25.5,13803,0.024604253827690242,0.1169677068521503,0.25048461907719805,0.06841514011481355
-23.5,25.5,13804,0.012016548279522945,0.07010682357564021,0.14534078734452763,0.030019231353780537
-22.5,25.5,13805,0.011066983975349071,0.08450375998175128,0.136326267004579,0.02488005629791209
-21.5,25.5,13806,0.011046760507567099,0.05719107041209736,0.12107372774658692,0.022952894299513894
-20.5,25.5,13807,0.012908277695706488,0.08104257083754679,0.12712014061927943,0.02227670864328022
-19.5,25.5,13808,0.010218330153573258,0.05261120162548001,0.05277966935427176,0.018054758647435068
-18.5,25.5,13809,0.009751448353093115,0.03924791805406082,0.08712721903951824,0.01685270955098238
-17.5,25.5,13810,0.009506686571754576,0.034116557567750214,0.048079245413342235,0.014360512582915552
-16.5,25.5,13811,0.009846620440493972,0.03482017069653031,0.07211719821004266,0.014676457192938981
-15.5,25.5,13812,0.008349892650489264,0.02946471029251384,0.0329897745991928,0.011221421670241271
-14.5,25.5,13813,0.0067797194009337714,0.024412028361545744,0.04962561690592574,0.009231468778005748
-13.5,25.5,13814,0.006377110633573424,0.02493564694002745,0.06067545846845824,0.008237218434751595
-12.5,25.5,13815,0.008327776448365198,0.03921739502549287,0.08419303936863319,0.01165827397120364
-11.5,25.5,13816,0.009076511739644829,0.03496429639565921,0.05035302957750459,0.011229913639100402
-10.5,25.5,13817,0.009869649482623206,0.033767965930006326,0.09162869292835114,0.012036747197771175
-9.5,25.5,13818,0.006367151445442137,0.023466964521503254,0.0753634540986092,0.007375321868872109
-8.5,25.5,13819,0.005812477138264321,0.017880198718871046,0.06298551401889241,0.006115082782589315
-7.5,25.5,13820,0.005485018488199128,0.01290669560766492,0.07205691046854407,0.006321326495460535
-6.5,25.5,13821,0.007740673410126726,0.02041816522474355,0.10773616898049,0.008545293693484656
-5.5,25.5,13822,0.007653618503670909,0.01908539456019996,0.05111616095701617,0.007867398428980533
-4.5,25.5,13823,0.008859526885086483,0.02068512783837497,0.10483122594865499,0.00776018262720657
-3.5,25.5,13824,0.010326983418901982,0.02634243734129247,0.12321250480518527,0.00892934301920327
-2.5,25.5,13825,0.01087839258424629,0.02690966030412815,0.13763376035609612,0.009883861965295946
-1.5,25.5,13826,0.011434502536944738,0.03709010186643577,0.13549851727959417,0.011976623859331896
-0.5,25.5,13827,0.012504721964323891,0.03973118480562548,0.14653806631236557,0.012096267456501351
0.5,25.5,13828,0.012056937224576191,0.02735261747159625,0.12999165940513074,0.010513572154187774
1.5,25.5,13829,0.01367300973867969,0.03364794276564442,0.1296671454034977,0.010479463917087676
2.5,25.5,13830,0.012280213053737733,0.03192207613626692,0.12685271259984826,0.010253657086252308
3.5,25.5,13831,0.013346847214137158,0.03819231252623684,0.13625367086034137,0.01055003537012173
4.5,25.5,13832,0.017049015793923723,0.06358802350812252,0.1625342536558688,0.013624448903052947
5.5,25.5,13833,0.01930274202806475,0.058270131584983835,0.21744438388857598,0.018438738201864396
6.5,25.5,13834,0.018790416127101032,0.06122293098004807,0.20186493771983943,0.01979340814862309
7.5,25.5,13835,0.018581905364887064,0.057398824970202836,0.18941956591133496,0.018790688073177478
8.5,25.5,13836,0.028959031167589546,0.08882081682023941,0.2925172025482309,0.030420930502071848
9.5,25.5,13837,0.019129399913215082,0.04856367068383435,0.21024547683929842,0.015954436051454513
10.5,25.5,13838,0.019448405551865847,0.05373028652465855,0.19328486156170813,0.014753470095537274
11.5,25.5,13839,0.02040707166781608,0.05810278780118265,0.24228379659313384,0.021062973748954245
12.5,25.5,13840,0.020221946263067107,0.07397135065946052,0.2517789692853262,0.02748093610957365
13.5,25.5,13841,0.01752363297327455,0.061118756670315876,0.31538415501199035,0.026061260104322876
14.5,25.5,13842,0.016277795890940715,0.03880389808900233,0.1431991172644581,0.018936524568967703
15.5,25.5,13843,0.017314403265688793,0.059016009445358175,0.20545357622255617,0.021315485283078424
16.5,25.5,13844,0.013858545190273889,0.047840016539761346,0.19314342525350772,0.01815230615403065
17.5,25.5,13845,0.013475969989359711,0.03864314325340081,0.15885507228277773,0.016684031181534126
18.5,25.5,13846,0.013626373866030779,0.03242732869550126,0.099636819114905,0.01519218412341759
19.5,25.5,13847,0.012079788227430107,0.02790096801715656,0.1543793698934545,0.01578487946230058
20.5,25.5,13848,0.013237335254459854,0.03350657507783283,NA,0.017706135367310964
21.5,25.5,13849,0.013891886487609348,0.032289243185253905,NA,0.016950038773119926
22.5,25.5,13850,0.015640635848449908,0.038585232881107136,NA,0.016817902345872576
23.5,25.5,13851,0.015215215721486573,0.03823218884546689,NA,0.015531432945567263
24.5,25.5,13852,0.015203152732143399,0.03733544060951284,NA,0.014835152208571473
25.5,25.5,13853,0.015509154509027285,0.03459547631053438,NA,0.015454365445651647
26.5,25.5,13854,0.014705948882401901,0.03254498179796159,NA,0.013535182074171752
27.5,25.5,13855,0.013654202655089232,0.028861812897008,NA,0.012057412177305707
28.5,25.5,13856,0.010628404025943556,0.01944602461517001,NA,0.010339737591242175
29.5,25.5,13857,0.009958131318068058,0.022783795696501956,NA,0.012837846929552872
30.5,25.5,13858,0.009181475890384833,NA,NA,0.010870817933606971
31.5,25.5,13859,0.008375736665216191,NA,NA,0.010130910125627727
32.5,25.5,13860,0.006597382123752049,NA,NA,0.009102225381299974
33.5,25.5,13861,0.006506821154934295,NA,NA,0.008171869055451052
34.5,25.5,13862,0.006652265241477057,NA,NA,0.00841996797546116
35.5,25.5,13863,0.005714308864599172,NA,NA,0.0081281096026344455
36.5,25.5,13864,0.005708065540265085,NA,NA,0.007903643689104135
37.5,25.5,13865,0.0060916792754790415,NA,NA,0.009299038219709729
38.5,25.5,13866,0.005596203658355976,NA,NA,0.01955592283767877
39.5,25.5,13867,0.005683650188327864,NA,NA,0.019275170087509366
40.5,25.5,13868,0.005316192794187142,NA,NA,NA
41.5,25.5,13869,0.0053146532707560815,NA,NA,NA
42.5,25.5,13870,0.005338626449128544,NA,NA,NA
43.5,25.5,13871,0.016987823732466503,NA,NA,NA
44.5,25.5,13872,0.016914114155928143,NA,NA,NA
45.5,25.5,13873,0.016243595289537675,NA,NA,NA
46.5,25.5,13874,0.007801467903873555,NA,NA,NA
47.5,25.5,13875,0.007584900983483523,NA,NA,NA
48.5,25.5,13876,0.007147163726282544,NA,NA,NA
49.5,25.5,13877,0.007489216719257476,NA,NA,NA
-59.5,26.5,13898,0.15900564980648363,0.06076191352549727,0.11402994038533834,0.14023762938514456
-58.5,26.5,13899,0.14387481276157216,0.1330285307493383,0.08855729884430183,0.11385098950211942
-57.5,26.5,13900,0.1523940143993418,0.2564872382554299,0.20384574332798588,0.06952283645778616
-56.5,26.5,13901,0.11456577084383157,0.25389489989171987,0.2680383695096994,0.11105918911185837
-55.5,26.5,13902,0.1432782405300184,0.49431011027401506,0.2658086081594002,0.0712822200940644
-54.5,26.5,13903,0.1710608167187455,0.39463829854742455,0.20034528756963457,0.12782275029098772
-53.5,26.5,13904,0.09389582441353683,0.42824830079992565,0.27269495228121515,0.14390921644430427
-52.5,26.5,13905,0.13473155819143998,0.7453971524815295,0.26632281093180005,0.17766528265975476
-51.5,26.5,13906,0.10082788874303251,0.6402327784759506,0.12983208682877884,0.1689902548082914
-50.5,26.5,13907,0.0942256044716164,0.6051913151418082,0.13141230184444738,0.17899688509340092
-49.5,26.5,13908,0.1027359576537565,0.5504131894977807,0.1259168298090141,0.15144623114458458
-48.5,26.5,13909,0.09707943397263875,0.5298041563981166,0.09079880917717276,0.10487592178168999
-47.5,26.5,13910,0.08333209473886942,0.6495186836759581,0.1138406049744334,0.10352107867322237
-46.5,26.5,13911,0.09448661375185173,0.6847234122078559,0.15058332917526113,0.09603785687842993
-45.5,26.5,13912,0.06919381142324839,0.5662122125106488,0.15986675480151,0.06736245266260181
-44.5,26.5,13913,0.06279636620615177,0.44093979670825917,0.13689025941111732,0.08042519502190248
-43.5,26.5,13914,0.05899318495169039,0.3217802572707186,0.2681368072272239,0.0755641494379222
-42.5,26.5,13915,0.05100005203760704,0.25747152827007547,0.2306657374381187,0.058531545346825586
-41.5,26.5,13916,0.05445266330521648,0.16208506568897135,0.21176416297580242,0.06920154556799561
-40.5,26.5,13917,0.064107561377087,0.1994194868997707,0.10689378799022586,0.08885320665533493
-39.5,26.5,13918,0.06901622652994983,0.19567561838204175,0.20303505218946744,0.10764163401813086
-38.5,26.5,13919,0.05382144770879121,0.15837840113803808,0.19068548787444936,0.05668964895417028
-37.5,26.5,13920,0.06626456903051574,0.2379040701124721,0.2734989932957098,0.07736313646163907
-36.5,26.5,13921,0.06942759764040304,0.16623277834087866,0.11576665954766198,0.044012656487176095
-35.5,26.5,13922,0.0578565779356296,0.15615456005098508,0.10481492178348463,0.049632108055139505
-34.5,26.5,13923,0.041228403796377495,0.12332649849819828,0.1413017737515785,0.03567182921051261
-33.5,26.5,13924,0.04476733267365914,0.1837497965616825,0.19081075794020144,0.03648043660876239
-32.5,26.5,13925,0.04272730347005946,0.17037623054946224,0.12236654423705001,0.0288144790924547
-31.5,26.5,13926,0.048978504871445935,0.2101684782652962,0.21881936008559436,0.03182949584138629
-30.5,26.5,13927,0.034900879624625424,0.16614781626714933,0.2628195782023479,0.026827368551886166
-29.5,26.5,13928,0.038742884933955384,0.17008710423428056,0.34384405470123297,0.07252701285364489
-28.5,26.5,13929,0.034722900270666504,0.1591150959513954,0.2847475756872349,0.03324148906802215
-27.5,26.5,13930,0.03661346198084205,0.14733629461759404,0.28756987019997005,0.02638466936774551
-26.5,26.5,13931,0.023952298422344313,0.10228632272125476,0.11260280360016796,0.019185206983372397
-25.5,26.5,13932,0.022526297756515046,0.11301392297743305,0.18688607585437983,0.01962205268916668
-24.5,26.5,13933,0.021662276691412328,0.10907578341424917,0.15010777942934106,0.02207778817757485
-23.5,26.5,13934,0.029149571218443217,0.14070615262887512,0.20189881907883708,0.03179782712811367
-22.5,26.5,13935,0.01897277727136838,0.07663965478354105,0.11864377276237978,0.01650932049794266
-21.5,26.5,13936,0.019216788909362206,0.09443620183588666,0.14390090474210007,0.02182281402347858
-20.5,26.5,13937,0.015934500192868573,0.04977147452628112,0.0688909940444518,0.01769519342729491
-19.5,26.5,13938,0.009010551170838738,0.026806007876688593,0.06650738844914737,0.009266537415438737
-18.5,26.5,13939,0.008284081341357552,0.022084435802574583,0.07034211000042177,0.008719768542688435
-17.5,26.5,13940,0.011360684521903993,0.031145219150064282,0.06030702988464757,0.01220400157739116
-16.5,26.5,13941,0.011087884850092867,0.030543280930430582,0.05768136769528603,0.012255078488066827
-15.5,26.5,13942,0.010762712486025347,0.02743665651658785,0.05689109304360805,0.010835990545092664
-14.5,26.5,13943,0.010029484756153775,0.017295804085116637,0.07158975970021697,0.009116016260693652
-13.5,26.5,13944,0.007818404768048947,0.013539509020064091,0.05126167222277886,0.00655579902572906
-12.5,26.5,13945,0.010345172811361578,0.018097607515673804,0.06858500082734194,0.008351195920605004
-11.5,26.5,13946,0.008314798020620911,0.012742826946141397,0.0473985904652265,0.00590022684341637
-10.5,26.5,13947,0.011465796645094168,0.016830932098872788,0.043820308225684064,0.00857281042495132
-9.5,26.5,13948,0.009756631237689753,0.013525820822413609,0.05087604771979722,0.005683974038324155
-8.5,26.5,13949,0.011724970804503649,0.013722607065206177,0.05700187546065069,0.00605871905815613
-7.5,26.5,13950,0.010902560739160096,0.0110455228479759,0.05676247255281401,0.005329122434816115
-6.5,26.5,13951,0.009470911078504726,0.008841369823730669,0.04419483792079645,0.004424183467664573
-5.5,26.5,13952,0.012018221473728666,0.011310154589625327,0.06307897862860697,0.005913902753268799
-4.5,26.5,13953,0.014112771023041936,0.012932723658401903,0.08719418465096034,0.00783593642611037
-3.5,26.5,13954,0.01328541001124384,0.015365207386701591,0.09303134154993867,0.008064663486447025
-2.5,26.5,13955,0.01323948815584861,0.01334007638911439,0.10046075667143069,0.007956502828402299
-1.5,26.5,13956,0.013567062164961344,0.01318591525495808,0.12690492119059485,0.007496558805776594
-0.5,26.5,13957,0.013061746164400737,0.014364083021219581,0.11794319576053401,0.009592600075746178
0.5,26.5,13958,0.012699383904529241,0.01725949954120709,0.12977727088040752,0.00948989676065922
1.5,26.5,13959,0.015509247802515419,0.02317414575018332,0.14869967401619538,0.0116955103080169
2.5,26.5,13960,0.015031034608457733,0.02620722000576182,0.16466770933129954,0.01176623891461784
3.5,26.5,13961,0.015135997133023573,0.02441916366079638,0.17595613314694472,0.011530826266806625
4.5,26.5,13962,0.01490941517345484,0.02478867041015748,0.1673873186337755,0.011849685769498896
5.5,26.5,13963,0.01658914414677425,0.02928050066395248,0.16230797969968994,0.01628246954970603
6.5,26.5,13964,0.017707072911331875,0.032813542793726475,0.17927475455552144,0.016925428487867916
7.5,26.5,13965,0.016815397079914546,0.03420972628149787,0.20938384500359494,0.01886264441178465
8.5,26.5,13966,0.016503922449215773,0.03598887475794934,0.22024705818776535,0.019977976260476364
9.5,26.5,13967,0.014657087538347576,0.038220022459295094,0.16642583015232978,0.013669308723098635
10.5,26.5,13968,0.015398372275538062,0.03879253411223819,0.2039995904169493,0.014892281179873658
11.5,26.5,13969,0.015505522742065505,0.03172509683406029,0.11564743618462082,0.014566986250217536
12.5,26.5,13970,0.015834678235190372,0.03229476997217793,0.1960798594499418,0.014715896420740436
13.5,26.5,13971,0.016070906793580458,0.033383581007205766,0.18513026149608236,0.017624746959434445
14.5,26.5,13972,0.012727696973221184,0.03280283932292717,0.12596790750224507,0.012367174584568385
15.5,26.5,13973,0.013217404872785556,0.028372454959878387,0.11389495438112869,0.012917466355315283
16.5,26.5,13974,0.01258835767345131,0.028819862065663837,0.1692217137397932,0.012358593224912905
17.5,26.5,13975,0.012430721182325716,0.032107910095774614,0.21340507456743196,0.012071616517118156
18.5,26.5,13976,0.01243949313641529,0.029201835361882603,0.10567810219427566,0.015494861471748294
19.5,26.5,13977,0.014121448472941481,0.03814502017795347,0.08790662701296251,0.01780032011597072
20.5,26.5,13978,0.01256632362238947,0.031519992360022536,NA,0.019494969855392928
21.5,26.5,13979,0.011894038665518311,0.028296115847137756,NA,0.02159615863111047
22.5,26.5,13980,0.011789449146777698,0.025977912224074272,NA,0.019383078482273983
23.5,26.5,13981,0.011117035716626917,0.024505934800478177,NA,0.01860197825213737
24.5,26.5,13982,0.011209619474245248,0.023146695557965814,NA,0.019288855263718374
25.5,26.5,13983,0.011131815932414517,0.028477377704894568,NA,0.018677956517025494
26.5,26.5,13984,0.009420692227674549,0.01737868282405871,NA,0.013013421231419162
27.5,26.5,13985,0.008915490591923843,0.016014611481321023,NA,0.01259601439487432
28.5,26.5,13986,0.008417685100139623,0.013554466879256419,NA,0.00993685147155432
29.5,26.5,13987,0.008299599093386997,0.01363240359755453,NA,0.009277905052097173
30.5,26.5,13988,0.008095691064790548,NA,NA,0.011407894275966116
31.5,26.5,13989,0.008134401948976465,NA,NA,0.011250264652184554
32.5,26.5,13990,0.007506579914100197,NA,NA,0.009917631125854632
33.5,26.5,13991,0.006529191830560194,NA,NA,0.009648323423862844
34.5,26.5,13992,0.006414664790661955,NA,NA,0.008447315813353062
35.5,26.5,13993,0.00636236802120798,NA,NA,0.007942284894291671
36.5,26.5,13994,0.005760911182000406,NA,NA,0.0073224958414080145
37.5,26.5,13995,0.006235570099806699,NA,NA,0.007341206047582415
38.5,26.5,13996,0.006532873006653985,NA,NA,0.007446420864866344
39.5,26.5,13997,0.005459325695954832,NA,NA,0.007394641942332211
40.5,26.5,13998,0.005199688259246551,NA,NA,NA
41.5,26.5,13999,0.0054557200642663,NA,NA,NA
42.5,26.5,14000,0.005260965394291373,NA,NA,NA
43.5,26.5,14001,0.005366129369623151,NA,NA,NA
44.5,26.5,14002,0.005935403351796544,NA,NA,NA
45.5,26.5,14003,0.008104921607533238,NA,NA,NA
46.5,26.5,14004,0.0066962726425002835,NA,NA,NA
47.5,26.5,14005,0.007053849111591387,NA,NA,NA
48.5,26.5,14006,0.00747377486829034,NA,NA,NA
49.5,26.5,14007,0.007468983525097535,NA,NA,NA
-58.5,27.5,14027,0.1508098095259786,0.16633866840055755,0.0879841067720776,0.3082655301190173
-57.5,27.5,14028,0.18708111976505368,0.13241240725030243,0.11052102856329957,0.13066986357518423
-56.5,27.5,14029,0.13708138830702102,0.18791284852901985,0.19503990392066858,0.13931476657599323
-55.5,27.5,14030,0.09330142743154722,0.15728399619772657,0.2220062985492136,0.03892649490220594
-54.5,27.5,14031,0.10181282126126394,0.34497373265870873,0.18216344554515,0.04064443758593156
-53.5,27.5,14032,0.16639486815108334,0.20232736665610715,0.2764066443506505,0.10199295278536312
-52.5,27.5,14033,0.12851937490617749,0.373833179280742,0.3781207244664773,0.18025234059476344
-51.5,27.5,14034,0.17807060447356002,0.6983730620011059,0.38421674590320143,0.22882416100241276
-50.5,27.5,14035,0.09549180079141963,0.5114250688341371,0.26585911165733916,0.17842077973062917
-49.5,27.5,14036,0.1013286002517055,0.3583866542057385,0.42021335275461946,0.18237801205749773
-48.5,27.5,14037,0.0959954166332863,0.3659910494406218,0.11155483447678609,0.15210499952278672
-47.5,27.5,14038,0.08519018739395252,0.38768012871866586,0.22316309601521364,0.17605378200091973
-46.5,27.5,14039,0.06410654385634819,0.30861993621289047,0.2696722177423174,0.12529346544389244
-45.5,27.5,14040,0.07214915999991825,0.3381821270350073,0.12212203821625439,0.08946201367569613
-44.5,27.5,14041,0.06856284070570147,0.35923805892468946,0.15796944012696026,0.08332539151702613
-43.5,27.5,14042,0.0785575744313301,0.42949251947418254,0.21315349953453033,0.10314072114654858
-42.5,27.5,14043,0.06967656161177693,0.43427177352207696,0.3370158851028525,0.08451199950270799
-41.5,27.5,14044,0.09231385499611787,0.6719128545824717,0.24430162128037436,0.08965481378433209
-40.5,27.5,14045,0.08464753641849129,0.42951081001897423,0.39580939291666994,0.10143590494710424
-39.5,27.5,14046,0.07616623896124963,0.2932639346934107,0.2472096340178987,0.09140339202372057
-38.5,27.5,14047,0.07033276174400044,0.21472509379588206,0.2904733123606412,0.09597683671193627
-37.5,27.5,14048,0.07273387951930876,0.23897404541161973,0.3327127106800318,0.10681183164053458
-36.5,27.5,14049,0.03688065452829816,0.20785429776412875,0.3743735445469455,0.04759494344172579
-35.5,27.5,14050,0.05492991466297402,0.22601361262728026,0.2365786085517711,0.04650226624357864
-34.5,27.5,14051,0.038328315206874464,0.1976848389062837,0.15896196332247134,0.03829279349470377
-33.5,27.5,14052,0.04138023149953557,0.25951083134270486,0.1630189474454457,0.032037253599545096
-32.5,27.5,14053,0.03656440495454113,0.2269036110854864,0.2695245715437998,0.02859557394466117
-31.5,27.5,14054,0.03258804732517821,0.16023742543132338,0.22267249602862094,0.02237465329496471
-30.5,27.5,14055,0.02881962934635712,0.12377398563772024,0.24520675491117316,0.016804880301427797
-29.5,27.5,14056,0.031741554163700114,0.09506624217042314,0.47753427114314334,0.015851168345991512
-28.5,27.5,14057,0.03948972662846014,0.09194979105532756,0.4463144908819875,0.02169930034585623
-27.5,27.5,14058,0.03831173021540873,0.07733728517624017,0.22520335951145962,0.019829937029887
-26.5,27.5,14059,0.03586290428287283,0.07300817457381042,0.2530446082657443,0.018638069086183373
-25.5,27.5,14060,0.036267353011310774,0.09470276526224733,0.23304211520115464,0.01787293291895841
-24.5,27.5,14061,0.03345394968415185,0.0673340532801397,0.2108943239846151,0.017194141160790655
-23.5,27.5,14062,0.029296881099049904,0.06893900517326582,0.1780704989196764,0.015418263902294825
-22.5,27.5,14063,0.02370664791972849,0.05485475631809338,0.18478081342324432,0.015393980500737925
-21.5,27.5,14064,0.017692452965571995,0.04462938341147786,0.153532500405299,0.01207929455495923
-20.5,27.5,14065,0.01456876304641899,0.02986326150549961,0.10671855627895473,0.00960912475168569
-19.5,27.5,14066,0.013651914420511864,0.03839756796446548,0.11314418336216095,0.008272999236307184
-18.5,27.5,14067,0.01682433461876953,0.036506961493901244,0.11490942330266854,0.009462966322623887
-17.5,27.5,14068,0.016787441991992055,0.024790473132424422,0.10825585142852895,0.008920463908039827
-16.5,27.5,14069,0.016451596237041344,0.019741439888061138,0.09383896887561162,0.008014612702320466
-15.5,27.5,14070,0.013399458557484948,0.02170219045321689,0.09291422549349952,0.007966731940706996
-14.5,27.5,14071,0.012781428613344964,0.021940246639783244,0.09251808979489581,0.008032095566324046
-13.5,27.5,14072,0.0122858668919902,0.019875721013867642,0.09047748512085924,0.007412680016840546
-12.5,27.5,14073,0.012580051136534865,0.02054696505740228,0.08786258183230318,0.007818683638919343
-11.5,27.5,14074,0.011963122730100594,0.014074466596194163,0.08450525317265689,0.007283265786437106
-10.5,27.5,14075,0.011641110402128613,0.013645978426745224,0.04632426164140599,0.007201436974262714
-9.5,27.5,14076,0.00847281578917744,0.009739347338515116,0.046391169677593394,0.004909685928645557
-8.5,27.5,14077,0.009250925697769013,0.009496465324861605,0.05320434462104974,0.005067430140822056
-7.5,27.5,14078,0.008920557771213103,0.009164704255970817,0.04863604211464391,0.004655319558296511
-6.5,27.5,14079,0.009780916096177285,0.010974724018065244,0.04986498474770456,0.004830812497844875
-5.5,27.5,14080,0.008723714833826246,0.008540332275243976,0.045459185992952275,0.004475351565813624
-4.5,27.5,14081,0.013899104639035731,0.013481313880326728,0.044214223906873344,0.007272563553995538
-3.5,27.5,14082,0.013092351697666937,0.014475478669686003,0.07157630840967114,0.008139265093592248
-2.5,27.5,14083,0.01364935101999479,0.016955346719367877,0.07724187255378921,0.009181365847977723
-1.5,27.5,14084,0.013922304245305727,0.016738031829908195,0.08573634744809204,0.009517266959702701
-0.5,27.5,14085,0.01699188962907556,0.01929512950620994,0.12995115020321293,0.011895700510982916
0.5,27.5,14086,0.016165176527733,0.021449605727059482,0.1483673200445233,0.011694794068718262
1.5,27.5,14087,0.01921517475572222,0.024196680813432524,0.16972875008691368,0.014399076258000859
2.5,27.5,14088,0.019129184907898292,0.023394388348441257,0.14895302477044037,0.014764128007713852
3.5,27.5,14089,0.01880033108092024,0.023179936523860127,0.15760303824877273,0.014556247042065172
4.5,27.5,14090,0.016092432184386714,0.019776515410498005,0.14187586852866904,0.01233346972419149
5.5,27.5,14091,0.015522823631854376,0.019876874789509436,0.16351166140234252,0.01205560975468345
6.5,27.5,14092,0.015587546258543923,0.02374705012318896,0.15909305934914977,0.01316894424907476
7.5,27.5,14093,0.014898553579703083,0.02200643477330195,0.15414377490006392,0.012720534360756739
8.5,27.5,14094,0.01605802227997146,0.02939889623097562,0.16531039979974843,0.013922405462942737
9.5,27.5,14095,0.013621186157671508,0.022039867347255947,0.15119035744336135,0.01200388803480051
10.5,27.5,14096,0.010894374377632297,0.017624005524890636,0.0859947936459111,0.009689917616326042
11.5,27.5,14097,0.01077145908638243,0.018489810239709192,0.1293936599643413,0.009492046871323467
12.5,27.5,14098,0.011214693943241443,0.020738250380634638,0.10761642406096937,0.010525503284057722
13.5,27.5,14099,0.010654246881505515,0.020653379209379673,0.10621306619130272,0.01238899951017246
14.5,27.5,14100,0.010731174037519484,0.018918252761643366,0.10412759535278354,0.01136830551915597
15.5,27.5,14101,0.010410771476927105,0.01873289187355618,0.14284243280364303,0.011510730864974514
16.5,27.5,14102,0.009901618256271973,0.01961033122894733,0.11113887276893233,0.010546914852441133
17.5,27.5,14103,0.009781072431993613,0.018584525026285,0.10420509625192109,0.011551604850126278
18.5,27.5,14104,0.009642452500194498,0.02016188880559047,0.09182695880667696,0.010903857416242242
19.5,27.5,14105,0.0098957271543293,0.01924325789551625,0.10692160249477786,0.010998285177135898
20.5,27.5,14106,0.009476689365402404,0.0174500672731911,NA,0.010277484376543642
21.5,27.5,14107,0.009971328508733272,0.018822046551485807,NA,0.0109755661543668
22.5,27.5,14108,0.008870347144905751,0.015872997137480156,NA,0.009554389125670172
23.5,27.5,14109,0.008634806953977324,0.015508942304018294,NA,0.008305535285154195
24.5,27.5,14110,0.009326554984886047,0.01643562196407516,NA,0.008577827383159736
25.5,27.5,14111,0.008940254849940408,0.0158512964703007,NA,0.008996864070499341
26.5,27.5,14112,0.008480444274796193,0.014061017114583537,NA,0.00894810455579005
27.5,27.5,14113,0.008358102108005938,0.013718940060090178,NA,0.009104734059272658
28.5,27.5,14114,0.008078135404171625,0.011427272057422425,NA,0.008328431810232503
29.5,27.5,14115,0.008067069586455627,0.011705344563235688,NA,0.007463770846305212
30.5,27.5,14116,0.007600117543909027,NA,NA,0.007261513924184164
31.5,27.5,14117,0.007205203940079415,NA,NA,0.0073615168728695295
32.5,27.5,14118,0.007004731489645186,NA,NA,0.007745483584075046
33.5,27.5,14119,0.007113049641341111,NA,NA,0.008436527559119568
34.5,27.5,14120,0.007216873695156044,NA,NA,0.00769373597708113
35.5,27.5,14121,0.006264862475143259,NA,NA,0.00793599321968718
36.5,27.5,14122,0.006409466036567257,NA,NA,0.00801328396690969
37.5,27.5,14123,0.006331771565974227,NA,NA,0.007343066962110022
38.5,27.5,14124,0.005671313121566421,NA,NA,0.007732837100951286
39.5,27.5,14125,0.005274806166696296,NA,NA,0.007029836447030394
40.5,27.5,14126,0.005369904647258171,NA,NA,NA
41.5,27.5,14127,0.005437499197228887,NA,NA,NA
42.5,27.5,14128,0.005401002870375278,NA,NA,NA
43.5,27.5,14129,0.005560519765714038,NA,NA,NA
44.5,27.5,14130,0.007423522169265056,NA,NA,NA
45.5,27.5,14131,0.006482101697121577,NA,NA,NA
46.5,27.5,14132,0.00662949073954975,NA,NA,NA
47.5,27.5,14133,0.0068135744827630285,NA,NA,NA
48.5,27.5,14134,0.007145926524533933,NA,NA,NA
49.5,27.5,14135,0.007261630295261742,NA,NA,NA
-57.5,28.5,14152,0.1478077171466027,0.13599883293299278,0.14155869526248727,0.1651774384914757
-56.5,28.5,14153,0.11348006899680994,0.12340709800562254,0.10599934625099505,0.1323072351684751
-55.5,28.5,14154,0.08391985800663126,0.08220572507950184,0.19342649727428948,0.021464155762375408
-54.5,28.5,14155,0.05842440961198949,0.08136925512397504,0.19873685052750206,0.04621899882979851
-53.5,28.5,14156,0.1122878207744115,0.19789779952997566,0.2264881838593373,0.049530654854253973
-52.5,28.5,14157,0.2137109603340618,0.3316136290142959,0.3479186239421246,0.14994201611451033
-51.5,28.5,14158,0.1320801778379142,0.38911169598595585,0.43863086155479714,0.18137224141108252
-50.5,28.5,14159,0.19199130503785358,0.602989351211618,0.32258180951395043,0.18732465733092415
-49.5,28.5,14160,0.13642576722795366,0.35741604026098883,0.25945097777122206,0.1452220582490925
-48.5,28.5,14161,0.09087314110071217,0.27870076666462146,0.25687603855887703,0.12114722133844671
-47.5,28.5,14162,0.08247212768291125,0.2276904881814245,0.1861921585341504,0.13202952242901847
-46.5,28.5,14163,0.06902813273261332,0.20434365334820528,0.22020207853771234,0.11700613227312286
-45.5,28.5,14164,0.07698664346445604,0.2360303883017755,0.1226157159092256,0.1154253492432454
-44.5,28.5,14165,0.073830403120816,0.22362918803753318,0.11559252843880251,0.08939104158316305
-43.5,28.5,14166,0.0738571430980324,0.1907579242429555,0.15774328682108069,0.1113018890497494
-42.5,28.5,14167,0.07306806594328195,0.1565832254896856,0.1716984231804543,0.09130756714754672
-41.5,28.5,14168,0.08109417065928218,0.2894757656583849,0.45489831754484394,0.13264333947272502
-40.5,28.5,14169,0.08707564281781026,0.3179918369570385,0.43372625602682824,0.15676576938973633
-39.5,28.5,14170,0.08758679705860074,0.24215987961703053,0.407559656764205,0.11718225961604964
-38.5,28.5,14171,0.1043877073258389,0.3117298272539452,0.5119216561576297,0.1357786835321575
-37.5,28.5,14172,0.08430227703813298,0.2888832511780188,0.5558807016825695,0.10676794267628789
-36.5,28.5,14173,0.03602938667172474,0.11253019250906258,0.36791625664411515,0.04403126398205642
-35.5,28.5,14174,0.05047739721603875,0.15448189419791283,0.46054351754283634,0.055582492517555114
-34.5,28.5,14175,0.05096372771987657,0.2348541294844715,0.4481179995710735,0.04756410421559496
-33.5,28.5,14176,0.04986336243560244,0.2968376865290136,0.3666197762686113,0.0920950024318461
-32.5,28.5,14177,0.031181293223075657,0.19823647373494785,0.3579431134957386,0.02400145041291225
-31.5,28.5,14178,0.029671320780596564,0.16512057090366317,0.23232347214707766,0.021429857249727985
-30.5,28.5,14179,0.029147370510793174,0.1730181111026502,0.17366413083083238,0.02294802780759528
-29.5,28.5,14180,0.026914249064957534,0.15464593493405768,0.2383809404793976,0.0214821075282651
-28.5,28.5,14181,0.03978461784080585,0.16949057857875793,0.330723235264617,0.031142048223638138
-27.5,28.5,14182,0.03059595697754224,0.1344171176765455,0.2463812337886596,0.023754510083832857
-26.5,28.5,14183,0.03410331713607026,0.1366129159083775,0.25161473073353313,0.025119415133814688
-25.5,28.5,14184,0.026844867918343455,0.10844384025670377,0.24447380281499534,0.017597887263668316
-24.5,28.5,14185,0.025918285225835253,0.09880084351568218,0.27858316266394306,0.01934947066774423
-23.5,28.5,14186,0.024248446627552957,0.0833954532155453,0.2865203313354745,0.017080644729615332
-22.5,28.5,14187,0.020611052521127392,0.07455578445670169,0.38718019351974314,0.014064527052859717
-21.5,28.5,14188,0.01650693474562837,0.06034733044709531,0.1462893783004707,0.011211722362758433
-20.5,28.5,14189,0.015318016052696518,0.05936947467840503,0.1253177794502008,0.01275840255960542
-19.5,28.5,14190,0.01958625912628965,0.056481676333651636,0.08691230938996576,0.014942664083253548
-18.5,28.5,14191,0.0195121647167243,0.05701408285545718,0.08376119053474912,0.014641420294677849
-17.5,28.5,14192,0.017568673766001165,0.047925425670990056,0.13229870275266764,0.01387879414867357
-16.5,28.5,14193,0.013109822117865133,0.02907284351283584,0.09017480223534886,0.011085865141241146
-15.5,28.5,14194,0.015436944542966591,0.03219328671115634,0.08568774510555822,0.011296020516783044
-14.5,28.5,14195,0.017053121654912063,0.029893965377572707,0.07323870767284002,0.01102530001937063
-13.5,28.5,14196,0.01769689222006205,0.026096412630031235,0.12706039620115542,0.010324249804973248
-12.5,28.5,14197,0.019063049021334835,0.029899879147547798,0.09097294614489117,0.010733374066599247
-11.5,28.5,14198,0.019291648996093244,0.030590723554578286,0.09690370932998303,0.01117919559826115
-10.5,28.5,14199,0.018788850335026783,0.025913112365735874,0.09035790064041574,0.01046137619933734
-9.5,28.5,14200,0.014637026094306808,0.02264445116412054,0.08066568195678436,0.009542389862754009
-8.5,28.5,14201,0.014677302111411335,0.020576438272832127,0.08602436631794119,0.010075372553906656
-7.5,28.5,14202,0.01370624522888961,0.015963420187453434,0.08710420403825263,0.009077924136853537
-6.5,28.5,14203,0.012904212020300412,0.015174032768724453,0.08343100138923097,0.008886346718203129
-5.5,28.5,14204,0.012816150514898733,0.015008637964783474,0.08109047499603188,0.008836858212714009
-4.5,28.5,14205,0.015013233325673806,0.01810371805206308,0.08594330271788377,0.010502674428750887
-3.5,28.5,14206,0.015029879815008397,0.02047881575914001,0.08265213994236266,0.009721620661192783
-2.5,28.5,14207,0.017214622627704596,0.020744623426999363,0.08046068972981377,0.010734885711663523
-1.5,28.5,14208,0.01691785521969783,0.021487768667245704,0.07941935587885038,0.011257457004746486
-0.5,28.5,14209,0.023317829079140266,0.032425143554938,0.12208519003941985,0.016201475528051203
0.5,28.5,14210,0.01937477502771779,0.02981631241928013,0.11155491892896112,0.01620594069240331
1.5,28.5,14211,0.024784868748965832,0.03798041192484798,0.12335213188735382,0.018845358891424642
2.5,28.5,14212,0.03010457059086789,0.04772517923196751,0.16092781847599266,0.023177227649065206
3.5,28.5,14213,0.01896526503413083,0.031148022407047744,0.12420202513215561,0.015455905733131015
4.5,28.5,14214,0.015951025448933225,0.02876260041132782,0.10174598500737068,0.012465148450797886
5.5,28.5,14215,0.012256619584169183,0.019740480711797164,0.07552841708829316,0.009398617939928093
6.5,28.5,14216,0.01158961739197244,0.019002907994972854,0.06671659814904342,0.00904175143640572
7.5,28.5,14217,0.011447849341598005,0.019070326109769022,0.07010514150665198,0.008743387315718073
8.5,28.5,14218,0.01147840582768815,0.019742273414781946,0.07550287200136307,0.009104465258764826
9.5,28.5,14219,0.011478939613280356,0.01950992311431011,0.04656912238956276,0.009229560051026622
10.5,28.5,14220,0.01152706295092735,0.019366484380630797,0.0774525695204452,0.009165295097076424
11.5,28.5,14221,0.011464470656085482,0.0199656745595615,0.0808387957633102,0.008204004519513025
12.5,28.5,14222,0.011483818818507997,0.020023262128538187,0.08198352446834774,0.009185573898756488
13.5,28.5,14223,0.011761726589168037,0.021654096035687607,0.07671974615036115,0.009257648610742084
14.5,28.5,14224,0.011178398913706738,0.018424853434668837,0.07253086166309303,0.008839393457290266
15.5,28.5,14225,0.010936618397175224,0.016126324895593232,0.06787598564666542,0.008978682069523368
16.5,28.5,14226,0.010612886493477794,0.014899487291031408,0.06957419696577084,0.008728029887537016
17.5,28.5,14227,0.010004690322476325,0.014724278665397165,0.06892263604454962,0.008421366328747308
18.5,28.5,14228,0.009034615698233456,0.013292385840991764,0.07490634567350432,0.00811287472736754
19.5,28.5,14229,0.008474320126052112,0.013195208347422594,0.06572949746528739,0.008004350170058636
20.5,28.5,14230,0.008602345761777536,0.015590823590987754,NA,0.00813045660067909
21.5,28.5,14231,0.008504269777112362,0.015475804285084091,NA,0.008868706734558703
22.5,28.5,14232,0.008415157684513334,0.01597913477424035,NA,0.008799348829295235
23.5,28.5,14233,0.008325086462371198,0.01401809312643822,NA,0.008481403379876153
24.5,28.5,14234,0.007974980357853935,0.01298567128343726,NA,0.008279188191540084
25.5,28.5,14235,0.008020610358191325,0.012930368751757402,NA,0.008157668042129407
26.5,28.5,14236,0.007453885307668103,0.012727569995185819,NA,0.0075540213216131035
27.5,28.5,14237,0.007377032387199891,0.01103856917164901,NA,0.0074491407685711546
28.5,28.5,14238,0.007152539241075651,0.010791029090219102,NA,0.00708178977857044
29.5,28.5,14239,0.006993648165388904,0.010122415961028029,NA,0.0073482341000281805
30.5,28.5,14240,0.00703048675490641,NA,NA,0.006843329315391163
31.5,28.5,14241,0.0069589850849948185,NA,NA,0.006444462442737911
32.5,28.5,14242,0.0066370528140040266,NA,NA,0.0072929749567962835
33.5,28.5,14243,0.006520226071759767,NA,NA,0.007620287500834605
34.5,28.5,14244,0.006515740306325105,NA,NA,0.00872835404462371
35.5,28.5,14245,0.006311173908345026,NA,NA,0.0089243838088602
36.5,28.5,14246,0.006947287792215629,NA,NA,0.008644263856773181
37.5,28.5,14247,0.006150966347288879,NA,NA,0.007286144072628996
38.5,28.5,14248,0.005967312711193484,NA,NA,0.006504357709860191
39.5,28.5,14249,0.006053101077907713,NA,NA,0.00641465845524452
40.5,28.5,14250,0.005625200009817539,NA,NA,NA
41.5,28.5,14251,0.005635980595267798,NA,NA,NA
42.5,28.5,14252,0.0059508659264699525,NA,NA,NA
43.5,28.5,14253,0.007271529058612114,NA,NA,NA
44.5,28.5,14254,0.007004965999348055,NA,NA,NA
45.5,28.5,14255,0.007048979371144823,NA,NA,NA
46.5,28.5,14256,0.007114277582537798,NA,NA,NA
47.5,28.5,14257,0.007397371672198027,NA,NA,NA
48.5,28.5,14258,0.007192106881913507,NA,NA,NA
49.5,28.5,14259,0.006526088399357046,NA,NA,NA
-57.5,29.5,14277,0.18062244198493185,0.2742585095724673,0.19786726884556372,0.15848785443838745
-56.5,29.5,14278,0.11809325093722003,0.11047268002892967,0.11221072860903292,0.10691575589752235
-55.5,29.5,14279,0.10992453619048825,0.10911595322271528,0.10505950867123522,0.059191258721958934
-54.5,29.5,14280,0.11134852090550684,0.09039626693573417,0.11653306145291528,0.015741200468654914
-53.5,29.5,14281,0.08415587775169844,0.08787640812588411,0.20650980119756637,0.06503105145714885
-52.5,29.5,14282,0.12859804303088454,0.24205147323547443,0.24671216104566407,0.06396281222533405
-51.5,29.5,14283,0.2728210656489287,0.5732410387987558,0.3566438541054708,0.155348023805958
-50.5,29.5,14284,0.20406176219293456,0.40906827023704045,0.20853174110049563,0.26369964016908976
-49.5,29.5,14285,0.1366634104875578,0.2681356144371575,0.3228319735567015,0.19019251547279326
-48.5,29.5,14286,0.1652718043664815,0.4221892127812188,0.19938834227019003,0.1646946907597058
-47.5,29.5,14287,0.14233592652327662,0.3491096719529417,0.20254998637004662,0.15264690008597165
-46.5,29.5,14288,0.11261203305443569,0.2868358436120335,0.3049443311460281,0.17247887677145343
-45.5,29.5,14289,0.10875584924826101,0.25011230557624653,0.3421775565372546,0.14316647098770238
-44.5,29.5,14290,0.09070506935771773,0.2228632223916342,0.16899215750669033,0.12449578262962273
-43.5,29.5,14291,0.07937545039711924,0.15464890120695557,0.12115753261645083,0.09957958571294447
-42.5,29.5,14292,0.05743530013892572,0.13959159906543264,0.2183284065149422,0.08769018049465603
-41.5,29.5,14293,0.08031988565607162,0.19837192056888664,0.15955156741755755,0.11879633801113094
-40.5,29.5,14294,0.08989438730964479,0.2634719353847282,0.4130552483490155,0.09722610912323598
-39.5,29.5,14295,0.09669601561831664,0.22034721361176868,0.44457048724297765,0.12517991805490497
-38.5,29.5,14296,0.08853588653797134,0.2586238693131049,0.43746452698353466,0.1253728849131352
-37.5,29.5,14297,0.046735280092336795,0.09719723010579841,0.3345301819498496,0.06198597639768278
-36.5,29.5,14298,0.03779422490093832,0.09836471175162197,0.3078113135451234,0.053146254280719354
-35.5,29.5,14299,0.05580776056657956,0.19083738189574764,0.4037914438216397,0.0652653659438122
-34.5,29.5,14300,0.055008144865997415,0.16424819470677762,0.4908973383542803,0.05995532308188167
-33.5,29.5,14301,0.040811473971987575,0.08701433773554398,0.5062106049305086,0.03900785316301191
-32.5,29.5,14302,0.03252953905051283,0.05941160310707041,0.4496606394897855,0.041457406856289986
-31.5,29.5,14303,0.02566387320820476,0.042387956724172754,0.3107802144413054,0.035703176393500693
-30.5,29.5,14304,0.02880429613606821,0.047159639010557544,0.30390493369272686,0.037758013481731266
-29.5,29.5,14305,0.024586772296508866,0.04014214382979349,0.27358862413956453,0.026215010791357143
-28.5,29.5,14306,0.03067453850670425,0.05135194118275242,0.2996465258244412,0.032492241029371295
-27.5,29.5,14307,0.029183044268628285,0.06809677799392636,0.2818174058072653,0.03214288581363445
-26.5,29.5,14308,0.03192832559221214,0.07224487210725937,0.26277679239190094,0.03356527078502573
-25.5,29.5,14309,0.03252196284384705,0.08276952238838775,0.33529639382392135,0.03281698309525534
-24.5,29.5,14310,0.02838601477880411,0.0701874499781733,0.2579258089000381,0.026566013759990056
-23.5,29.5,14311,0.019112122203914443,0.046964148821673525,0.1449527701403891,0.018627364135050523
-22.5,29.5,14312,0.025524189639969636,0.07116761309662732,0.3123662361826325,0.023055766817055675
-21.5,29.5,14313,0.027282861602770016,0.07737910400790084,0.3041940815394286,0.022334528067192435
-20.5,29.5,14314,0.023754130492218674,0.09677046197413344,0.2894210020816034,0.0215330244140248
-19.5,29.5,14315,0.021720066087637394,0.0964063192253097,0.2655350092565872,0.019634254397420094
-18.5,29.5,14316,0.01450078233192269,0.06819514728030568,0.20281143777627708,0.014270102824602211
-17.5,29.5,14317,0.014647198052743775,0.06651100845927423,0.305400105782798,0.013288057604785299
-16.5,29.5,14318,0.014528079005221241,0.07177434308565027,0.29510019264941617,0.012716690609982482
-15.5,29.5,14319,0.013654334545250692,0.06589606815356089,0.14680874114162182,0.012469079958233419
-14.5,29.5,14320,0.014671189910862546,0.06946591623731163,0.1272234918636501,0.012518286310826713
-13.5,29.5,14321,0.01750013474707627,0.05905395665584551,0.14971538361350598,0.013103189371205188
-12.5,29.5,14322,0.012806843328558082,0.04599845894962965,0.1163593117327575,0.010592598892668665
-11.5,29.5,14323,0.018411899859373942,0.06452069224604347,0.157072055246902,0.013644992272328706
-10.5,29.5,14324,0.017917827497293225,0.06535557595541967,0.12992065185683563,0.012469522286777036
-9.5,29.5,14325,0.016207662842270442,0.03996115233520865,0.10818192423415204,0.011217383794382564
-8.5,29.5,14326,0.015862497759840673,0.03470183471098242,0.09458416789485491,0.011842267647011932
-7.5,29.5,14327,0.0156969557149503,0.03531489621018939,0.0986380920087577,0.011101521934134172
-6.5,29.5,14328,0.015332504431836841,0.025936496354174114,0.07613591385613644,0.008831984756366594
-5.5,29.5,14329,0.014781204144251228,0.027034295057998623,0.06784673474494418,0.008998970902342755
-4.5,29.5,14330,0.018628762387307148,0.032815446647469756,0.08944986171463129,0.010988101472223668
-3.5,29.5,14331,0.019441687501920175,0.03200059011951296,0.09225551725307402,0.011975706729067842
-2.5,29.5,14332,0.02059726173000636,0.03476547539112611,0.10597197691128835,0.012955017577547814
-1.5,29.5,14333,0.020024543536680112,0.03355603210683516,0.1026992380876608,0.012488891670991214
-0.5,29.5,14334,0.02504399841542009,0.03861092628268339,0.11003078566851231,0.014406834887059333
0.5,29.5,14335,0.027402614622955103,0.046891118620163895,0.12258118695260657,0.015414919487890111
1.5,29.5,14336,0.028285579219599708,0.04886370728709542,0.12898940128710149,0.017007825697255556
2.5,29.5,14337,0.02893820453019255,0.05131681247407002,0.13909098733999933,0.015929181957432263
3.5,29.5,14338,0.024507717669295288,0.050166359890993585,0.1329716033457443,0.016429402222001125
4.5,29.5,14339,0.02257552185825514,0.0516528372552593,0.11227727520837007,0.017401489115903893
5.5,29.5,14340,0.016408756125820653,0.03911744760366923,0.08491253056659084,0.014510560947828655
6.5,29.5,14341,0.016655916138191045,0.03784249818105596,0.07229147200439792,0.01423193454441043
7.5,29.5,14342,0.01625843706305057,0.035518168721439924,0.06122900434657493,0.013667224749495418
8.5,29.5,14343,0.015151989180210485,0.029892786410556937,0.05672717671418116,0.013695517065777168
9.5,29.5,14344,0.01523117653828505,0.02891993167261773,0.05651574039846956,0.013237526620702293
10.5,29.5,14345,0.014031557066640705,0.026385553512126386,0.05308243653701401,0.012307866573249292
11.5,29.5,14346,0.014144830072403716,0.026076329758554912,0.05362977623736446,0.01140363600139282
12.5,29.5,14347,0.014151688946006751,0.02631888313627878,0.051742426205108036,0.010878875118017833
13.5,29.5,14348,0.014715180108268729,0.0253617926752061,0.05193140945137313,0.010784256137739225
14.5,29.5,14349,0.01414378950654046,0.023914459115404973,0.048922829908598774,0.009893145321852852
15.5,29.5,14350,0.012969262437243976,0.02425929692244884,0.049065863601367006,0.009805242622664053
16.5,29.5,14351,0.008670550580738899,0.01784187887983744,0.03960943860448525,0.007745081906782786
17.5,29.5,14352,0.008106434310218076,0.016869075714041604,0.033514680283733035,0.008378975069941083
18.5,29.5,14353,0.00813277900716746,0.016153778730366393,0.033021801038448026,0.00728023048953855
19.5,29.5,14354,0.008859327227777469,0.017204269723200785,0.039427701227972685,0.008629489720535592
20.5,29.5,14355,0.009031425937891233,0.01757400427441212,NA,0.008151424256437468
21.5,29.5,14356,0.009083285646233523,0.017671191434936014,NA,0.008087988041864913
22.5,29.5,14357,0.008843998704774566,0.0186649349292512,NA,0.008005236941204884
23.5,29.5,14358,0.008802533872543343,0.015726614354606257,NA,0.008239458028210684
24.5,29.5,14359,0.00833927872593368,0.012789871965302322,NA,0.0073279362886242965
25.5,29.5,14360,0.008281007516589268,0.011691618827824308,NA,0.007574549493098729
26.5,29.5,14361,0.007833065280750005,0.011251202537335836,NA,0.007198306350130937
27.5,29.5,14362,0.007282197672011602,0.010477203860908346,NA,0.006761792482466326
28.5,29.5,14363,0.007301488046897508,0.01062041773504505,NA,0.006701530461414847
29.5,29.5,14364,0.007253556771014224,0.010372580344699532,NA,0.006688386533010847
30.5,29.5,14365,0.007114756563509126,NA,NA,0.006913079131711885
31.5,29.5,14366,0.007020263825739044,NA,NA,0.007245133945310138
32.5,29.5,14367,0.006983271760194417,NA,NA,0.008365649169485108
33.5,29.5,14368,0.007062073858782756,NA,NA,0.008053156936203098
34.5,29.5,14369,0.006834595717650112,NA,NA,0.007443441083120367
35.5,29.5,14370,0.006703297805587712,NA,NA,0.007597942907289691
36.5,29.5,14371,0.0067092440630556385,NA,NA,0.007104807576298003
37.5,29.5,14372,0.006708750897309149,NA,NA,0.007116386183411034
38.5,29.5,14373,0.005971066950517814,NA,NA,0.006949033838323437
39.5,29.5,14374,0.006082406342031513,NA,NA,0.006461761159047993
40.5,29.5,14375,0.00783357193964901,NA,NA,NA
41.5,29.5,14376,0.007758967697831441,NA,NA,NA
42.5,29.5,14377,0.007396031526130651,NA,NA,NA
43.5,29.5,14378,0.00733478588401681,NA,NA,NA
44.5,29.5,14379,0.007451428618669603,NA,NA,NA
45.5,29.5,14380,0.007695297823995681,NA,NA,NA
46.5,29.5,14381,0.008138576371781281,NA,NA,NA
47.5,29.5,14382,0.007448184203036763,NA,NA,NA
48.5,29.5,14383,0.0069143843217492115,NA,NA,NA
49.5,29.5,14384,0.007452234203696803,NA,NA,NA
-29.5,30.5,14429,0.029783874649842477,NA,NA,NA
-28.5,30.5,14430,0.023875214923424624,NA,NA,NA
-27.5,30.5,14431,0.02468878730313406,NA,NA,NA
-26.5,30.5,14432,0.023832992836605813,NA,NA,NA
-25.5,30.5,14433,0.028321023431535888,NA,NA,NA
-24.5,30.5,14434,0.02838263379778585,NA,NA,NA
-23.5,30.5,14435,0.025717841711015287,NA,NA,NA
-22.5,30.5,14436,0.02414564497462803,NA,NA,NA
-21.5,30.5,14437,0.023273192397908104,NA,NA,NA
-20.5,30.5,14438,0.022379094637406106,NA,NA,NA
-29.5,31.5,14553,0.03638618234172317,NA,NA,NA
-28.5,31.5,14554,0.034921789869293805,NA,NA,NA
-27.5,31.5,14555,0.031305759477010066,NA,NA,NA
-26.5,31.5,14556,0.027638831232775166,NA,NA,NA
-25.5,31.5,14557,0.025314484769863543,NA,NA,NA
-24.5,31.5,14558,0.02600015702179789,NA,NA,NA
-23.5,31.5,14559,0.026892398403139554,NA,NA,NA
-22.5,31.5,14560,0.025199995229623972,NA,NA,NA
-21.5,31.5,14561,0.022086175761581672,NA,NA,NA
-20.5,31.5,14562,0.021431861562656786,NA,NA,NA
-29.5,32.5,14675,0.035177437378671704,NA,NA,NA
-28.5,32.5,14676,0.03380002862984228,NA,NA,NA
-27.5,32.5,14677,0.03088190284227348,NA,NA,NA
-26.5,32.5,14678,0.027053635339996808,NA,NA,NA
-25.5,32.5,14679,0.026517620311466268,NA,NA,NA
-24.5,32.5,14680,0.02617650587321033,NA,NA,NA
-23.5,32.5,14681,0.026001713942942317,NA,NA,NA
-22.5,32.5,14682,0.02257161539937954,NA,NA,NA
-21.5,32.5,14683,0.021336895176709413,NA,NA,NA
-20.5,32.5,14684,0.022728353611441373,NA,NA,NA
-29.5,33.5,14792,0.029031175864311844,NA,NA,NA
-28.5,33.5,14793,0.02516853466402082,NA,NA,NA
-27.5,33.5,14794,0.022993826045201206,NA,NA,NA
-26.5,33.5,14795,0.02703418570298555,NA,NA,NA
-25.5,33.5,14796,0.026724462411792438,NA,NA,NA
-24.5,33.5,14797,0.025589840418879302,NA,NA,NA
-23.5,33.5,14798,0.02469152983683865,NA,NA,NA
-22.5,33.5,14799,0.02370466651710725,NA,NA,NA
-21.5,33.5,14800,0.023848558465853365,NA,NA,NA
-20.5,33.5,14801,0.023517367298731783,NA,NA,NA
-29.5,34.5,14906,0.025696362325489337,NA,NA,NA
-28.5,34.5,14907,0.025471278546575743,NA,NA,NA
-27.5,34.5,14908,0.02026094296781714,NA,NA,NA
-26.5,34.5,14909,0.020761334628254413,NA,NA,NA
-25.5,34.5,14910,0.0258716276300589,NA,NA,NA
-24.5,34.5,14911,0.026289836436748346,NA,NA,NA
-23.5,34.5,14912,0.024589957938199215,NA,NA,NA
-22.5,34.5,14913,0.02237267915336013,NA,NA,NA
-21.5,34.5,14914,0.02169206967034639,NA,NA,NA
-20.5,34.5,14915,0.021668477284756963,NA,NA,NA
-29.5,35.5,15016,0.026429609255923223,NA,NA,NA
-28.5,35.5,15017,0.024759793793181106,NA,NA,NA
-27.5,35.5,15018,0.02237163666606333,NA,NA,NA
-26.5,35.5,15019,0.026130877247685865,NA,NA,NA
-25.5,35.5,15020,0.025048122182620588,NA,NA,NA
-24.5,35.5,15021,0.023237348487874888,NA,NA,NA
-23.5,35.5,15022,0.02336927468515884,NA,NA,NA
-22.5,35.5,15023,0.021407151014962447,NA,NA,NA
-21.5,35.5,15024,0.02095036729310903,NA,NA,NA
-20.5,35.5,15025,0.02033204361537016,NA,NA,NA
-29.5,36.5,15127,0.03169593587674593,NA,NA,NA
-28.5,36.5,15128,0.031579460053179395,NA,NA,NA
-27.5,36.5,15129,0.02828046205994415,NA,NA,NA
-26.5,36.5,15130,0.02644283787149309,NA,NA,NA
-25.5,36.5,15131,0.025880565526348116,NA,NA,NA
-24.5,36.5,15132,0.02451181031358212,NA,NA,NA
-23.5,36.5,15133,0.023533047796057565,NA,NA,NA
-22.5,36.5,15134,0.021522298909064888,NA,NA,NA
-21.5,36.5,15135,0.021095365739179656,NA,NA,NA
-20.5,36.5,15136,0.02026473640635455,NA,NA,NA
-29.5,37.5,15240,0.02936346753450347,NA,NA,NA
-28.5,37.5,15241,0.028944019291727865,NA,NA,NA
-27.5,37.5,15242,0.028719774404446036,NA,NA,NA
-26.5,37.5,15243,0.026368442101455523,NA,NA,NA
-25.5,37.5,15244,0.027127887118563652,NA,NA,NA
-24.5,37.5,15245,0.025630687145762207,NA,NA,NA
-23.5,37.5,15246,0.024323334350134087,NA,NA,NA
-22.5,37.5,15247,0.021312449284474136,NA,NA,NA
-21.5,37.5,15248,0.020014019870050227,NA,NA,NA
-20.5,37.5,15249,0.019164691754578037,NA,NA,NA
-29.5,38.5,15355,0.07797627240949476,NA,NA,NA
-28.5,38.5,15356,0.07625297504560105,NA,NA,NA
-27.5,38.5,15357,0.03834940728688552,NA,NA,NA
-26.5,38.5,15358,0.02759800162178973,NA,NA,NA
-25.5,38.5,15359,0.025018475506769715,NA,NA,NA
-24.5,38.5,15360,0.02464979211500407,NA,NA,NA
-23.5,38.5,15361,0.02477408263373925,NA,NA,NA
-22.5,38.5,15362,0.024341856438517315,NA,NA,NA
-21.5,38.5,15363,0.022350290723986064,NA,NA,NA
-20.5,38.5,15364,0.020187819120091256,NA,NA,NA
-29.5,39.5,15466,0.08194671478671708,NA,NA,NA
-28.5,39.5,15467,0.07388039736544494,NA,NA,NA
-27.5,39.5,15468,0.06691126122057117,NA,NA,NA
-26.5,39.5,15469,0.05159550657584332,NA,NA,NA
-25.5,39.5,15470,0.04961109760603353,NA,NA,NA
-24.5,39.5,15471,0.049419241929731086,NA,NA,NA
-23.5,39.5,15472,0.048734186415020676,NA,NA,NA
-22.5,39.5,15473,0.04676984265390129,NA,NA,NA
-21.5,39.5,15474,0.04195760915770875,NA,NA,NA
-20.5,39.5,15475,0.037480255432282554,NA,NA,NA
-39.5,-39.5,101,NA,0.03157792852276168,NA,NA
-38.5,-39.5,102,NA,0.03337918423341718,NA,NA
-37.5,-39.5,103,NA,0.024156335319905586,NA,NA
-36.5,-39.5,104,NA,0.019556882884197418,NA,NA
-31.5,-39.5,105,NA,0.023319605146231184,NA,NA
-30.5,-39.5,106,NA,0.029279442895865142,NA,NA
-39.5,-38.5,341,NA,0.028004062426603978,NA,NA
-38.5,-38.5,342,NA,0.026060892228018665,NA,NA
-37.5,-38.5,343,NA,0.022593410421031662,NA,NA
-30.5,-38.5,344,NA,0.02477002977194276,NA,NA
-119.5,-19.5,4383,NA,0.059546856864976086,NA,0.08378483148996896
-118.5,-19.5,4384,NA,0.0739987051363985,NA,0.07475506654024182
-117.5,-19.5,4385,NA,0.07809421410013133,NA,0.07163187174947763
-116.5,-19.5,4386,NA,0.08469753468672234,NA,0.06622163666503841
-115.5,-19.5,4387,NA,0.07815432958542463,NA,0.054985731023730736
-114.5,-19.5,4388,NA,0.062040183539641275,NA,0.049072700099342066
-113.5,-19.5,4389,NA,0.03977322732849931,NA,0.034398372764370445
-112.5,-19.5,4390,NA,0.039720308362767416,NA,0.02980805329457511
-111.5,-19.5,4391,NA,0.03839301286754282,NA,0.028689264998020433
-110.5,-19.5,4392,NA,0.03428039761086606,NA,0.026570319820644204
-9.5,-19.5,4466,NA,0.1091651746387683,0.04092086386714812,0.2511661450685688
-8.5,-19.5,4467,NA,0.12169745381888739,0.03787054207094718,0.25821759866833327
-7.5,-19.5,4468,NA,0.07624049590292892,0.027976167805264192,0.11421016324395335
-6.5,-19.5,4469,NA,0.08899540294993347,0.02146197585437049,0.11059933836234845
-5.5,-19.5,4470,NA,0.09907174273193825,0.02305967969331462,0.18663496958615458
-4.5,-19.5,4471,NA,0.12355496674975996,0.02667953792396989,0.23708585204493607
-3.5,-19.5,4472,NA,0.1324721839595335,0.028619640012601553,0.22449904442576255
-2.5,-19.5,4473,NA,0.11009284609669301,0.023669991561254468,0.1156994452342477
-1.5,-19.5,4474,NA,0.10649600173068126,0.022823836546439432,0.09210842859656494
-0.5,-19.5,4475,NA,0.10622692023658434,0.023138813756660704,0.1475222499271061
30.5,-19.5,4506,NA,0.0962991796267332,0.027646199601807975,0.09967601392059945
31.5,-19.5,4507,NA,0.10399861960829934,0.02530999136384808,0.11663708456069018
32.5,-19.5,4508,NA,0.0762846261008137,0.02243272556965836,0.10591779567912135
33.5,-19.5,4509,NA,0.07527939040985109,0.022292387841262404,0.10643973461938369
34.5,-19.5,4510,NA,0.09045490425857895,0.022300985433934647,0.0884546901499241
35.5,-19.5,4511,NA,0.09530479152018734,0.022321690154684656,0.0872167774022202
36.5,-19.5,4512,NA,0.12707786639911725,0.03161740828396649,0.11281182020520145
37.5,-19.5,4513,NA,0.11890017476778966,0.031074638298061306,0.12395389460478903
38.5,-19.5,4514,NA,0.09844637843135319,0.028957790452521105,0.10774973243878144
39.5,-19.5,4515,NA,0.09150732323208183,0.028793996814282404,0.11925655669975689
-119.5,-18.5,4601,NA,0.05778618766372582,NA,0.03601210452859549
-118.5,-18.5,4602,NA,0.05882343303049753,NA,0.03177982774129716
-117.5,-18.5,4603,NA,0.08105893873641656,NA,0.0415443768815193
-116.5,-18.5,4604,NA,0.07055815261363213,NA,0.03567138926344079
-115.5,-18.5,4605,NA,0.07299727018595165,NA,0.03626311595739047
-114.5,-18.5,4606,NA,0.09120753870975534,NA,0.033648088764282415
-113.5,-18.5,4607,NA,0.05720929238212224,NA,0.021005839626291982
-112.5,-18.5,4608,NA,0.052323693611275826,NA,0.021077137214118597
-111.5,-18.5,4609,NA,0.05084296930065864,NA,0.02055160836862188
-110.5,-18.5,4610,NA,0.04616771293393724,NA,0.019801557177346867
-9.5,-18.5,4687,NA,0.166662744826425,0.04641167953912204,0.37457210466992474
-8.5,-18.5,4688,NA,0.15799030257838356,0.04443335393728152,0.214223013930772
-7.5,-18.5,4689,NA,0.11169465836094786,0.03301344122491698,0.17618433391392932
-6.5,-18.5,4690,NA,0.1311732780195355,0.02829427712324909,0.17248056959682515
-5.5,-18.5,4691,NA,0.13676817344460615,0.02602676951462908,0.19917296203147375
-4.5,-18.5,4692,NA,0.1941199775109305,0.03478962553144789,0.2049804246763595
-3.5,-18.5,4693,NA,0.20418051788139696,0.040058197444095923,0.30940896294152476
-2.5,-18.5,4694,NA,0.08037837193330043,0.020832405700492624,0.12492527287766689
-1.5,-18.5,4695,NA,0.14774314394391094,0.0342628305874637,0.1885705898091442
-0.5,-18.5,4696,NA,0.17418697234010558,0.05007503727191965,0.2599912120173781
30.5,-18.5,4727,NA,0.10319786448207696,0.022902980507706398,0.15070909379348785
31.5,-18.5,4728,NA,0.10940790910271316,0.02345616465828034,0.2456628856094086
32.5,-18.5,4729,NA,0.14208496540000098,0.03894758538726925,0.19653308979566922
33.5,-18.5,4730,NA,0.13722126065410248,0.03777644631327461,0.2119895494481611
34.5,-18.5,4731,NA,0.1451446634039951,0.04006409466025206,0.21227545626829356
35.5,-18.5,4732,NA,0.1410635760371832,0.039727739244766094,0.15653295473002493
36.5,-18.5,4733,NA,0.15704396350289937,0.05182337508429688,0.16746127527572213
37.5,-18.5,4734,NA,0.12933431554865027,0.04355587521850687,0.15069514334146147
38.5,-18.5,4735,NA,0.10124740422300216,0.03852406845272402,0.10780413497768462
39.5,-18.5,4736,NA,0.10945141102510032,0.04851251146862732,0.14522419156881258
-119.5,-17.5,4822,NA,0.06327206881666907,NA,0.03599593830977366
-118.5,-17.5,4823,NA,0.07450453168496857,NA,0.033273083945735575
-117.5,-17.5,4824,NA,0.07664200266886514,NA,0.03178365152029068
-116.5,-17.5,4825,NA,0.06748279685971323,NA,0.02883108800516531
-115.5,-17.5,4826,NA,0.07069436635975829,NA,0.02971597553724925
-114.5,-17.5,4827,NA,0.06230483817023395,NA,0.026091107532791907
-113.5,-17.5,4828,NA,0.06067957902385739,NA,0.025556671823430924
-112.5,-17.5,4829,NA,0.06042319721330005,NA,0.02486251026476609
-111.5,-17.5,4830,NA,0.05852821947768423,NA,0.024918227491071875
-110.5,-17.5,4831,NA,0.05316502831458287,NA,0.02447666150822165
-9.5,-17.5,4909,NA,0.16767219146188125,0.05715714453061449,0.19011755466882732
-8.5,-17.5,4910,NA,0.16021549933255844,0.054764947413312955,0.16676530804015133
-7.5,-17.5,4911,NA,0.1480028175713141,0.04977692975659257,0.14407256064182772
-6.5,-17.5,4912,NA,0.15253216005984657,0.05668631843235783,0.1477255525459279
-5.5,-17.5,4913,NA,0.15419462466582137,0.052125562846226305,0.18068996862103437
-4.5,-17.5,4914,NA,0.19624331791250785,0.062461613524477655,0.27793301914530055
-3.5,-17.5,4915,NA,0.22416235631671472,0.061371620108079505,0.3038927185258478
-2.5,-17.5,4916,NA,0.12608164773744931,0.028821478492013157,0.15241483788238316
-1.5,-17.5,4917,NA,0.048700618850890234,0.030599527126311622,0.07659758477669926
-0.5,-17.5,4918,NA,0.14948579513928228,0.033623639187757286,0.09947178165959329
31.5,-17.5,4949,NA,0.10893926764969156,0.047730595067663105,0.2120184129367151
32.5,-17.5,4950,NA,0.17189344193561548,0.032990302233871886,0.21216239922572291
33.5,-17.5,4951,NA,0.1565542440116494,0.05267556923353309,0.21072637322606697
34.5,-17.5,4952,NA,0.1536485213442931,0.04832431419841278,0.15300091796081974
35.5,-17.5,4953,NA,0.14454453282304952,0.05594388370402379,0.15545148050645455
36.5,-17.5,4954,NA,0.11536833577366414,0.055667468946457875,0.1469560927461582
37.5,-17.5,4955,NA,0.08322821872643163,0.05051663442205971,0.10100069086084068
38.5,-17.5,4956,NA,0.09521237160741647,0.06042157667339228,0.1011646062981578
39.5,-17.5,4957,NA,0.09665404671214979,0.06522550255526095,0.10874334927578698
-119.5,-16.5,5041,NA,0.07640203923805546,NA,0.03644827335461734
-118.5,-16.5,5042,NA,0.07380194379645562,NA,0.03252919949871081
-117.5,-16.5,5043,NA,0.08877198622421363,NA,0.04473806820239191
-116.5,-16.5,5044,NA,0.07421870893090765,NA,0.03399423381584934
-115.5,-16.5,5045,NA,0.07279604150205415,NA,0.0310269346261657
-114.5,-16.5,5046,NA,0.07124450029627169,NA,0.0321123515214971
-113.5,-16.5,5047,NA,0.07179255922822729,NA,0.036635169961927165
-112.5,-16.5,5048,NA,0.06276208319165587,NA,0.035641535021121364
-111.5,-16.5,5049,NA,0.05703338878538544,NA,0.03131700940872372
-110.5,-16.5,5050,NA,0.05286888381122004,NA,0.030315648253228418
-9.5,-16.5,5130,NA,0.23262847304279013,0.10927783049990418,0.22161374909183337
-8.5,-16.5,5131,NA,0.170871696488773,0.08045007490836757,0.16775142735948786
-7.5,-16.5,5132,NA,0.13098312441244275,0.07441701303379286,0.15536749929004798
-6.5,-16.5,5133,NA,0.12642799794008203,0.0828132001065001,0.14977746254843133
-5.5,-16.5,5134,NA,0.12757888462760453,0.06956735612295183,0.21512125234585605
-4.5,-16.5,5135,NA,0.16022650139128572,0.09158595933713905,0.28126509461248483
-3.5,-16.5,5136,NA,0.19748278503268593,0.09585277787868454,0.23941717709277993
-2.5,-16.5,5137,NA,0.24879694298388966,0.11369770638350929,0.2942663017771302
-1.5,-16.5,5138,NA,0.21779958631886168,0.08248416242551519,0.25800579772544197
30.5,-16.5,5169,NA,0.10206372215026285,0.06554350422283381,0.28784027240620924
31.5,-16.5,5170,NA,0.13240733051841236,0.07484200879626615,0.25879105962797355
32.5,-16.5,5171,NA,0.19272611822230298,0.059407301907753354,0.2300331853337993
33.5,-16.5,5172,NA,0.14191657948975014,0.05017233443833506,0.1866897627932931
34.5,-16.5,5173,NA,0.16645350768322847,0.0636639330066611,0.20677110270399565
35.5,-16.5,5174,NA,0.17142276249366933,0.07466300062949964,0.19674894269747903
36.5,-16.5,5175,NA,0.08568175394117095,0.05299147312128766,0.08601095358022134
37.5,-16.5,5176,NA,0.09974512479460268,0.06123559451096231,0.10430726852788558
38.5,-16.5,5177,NA,0.1150380344541154,0.06497110557823636,0.10589739133728669
39.5,-16.5,5178,NA,0.11566272589661548,0.06054320002568754,0.10031114514731822
-119.5,-15.5,5261,NA,0.05442215271028287,NA,0.029755755856359527
-118.5,-15.5,5262,NA,0.07336572328336352,NA,0.037085950811663236
-117.5,-15.5,5263,NA,0.07040357467224219,NA,0.03176389408055784
-116.5,-15.5,5264,NA,0.07365640860865279,NA,0.03848887746274197
-115.5,-15.5,5265,NA,0.07431183553572299,NA,0.0468711852887026
-114.5,-15.5,5266,NA,0.06953138574612246,NA,0.039725406739423756
-113.5,-15.5,5267,NA,0.06693080684420662,NA,0.03654004180133574
-112.5,-15.5,5268,NA,0.06563726774237925,NA,0.03542182627001673
-111.5,-15.5,5269,NA,0.0671663927063388,NA,0.0371708629289849
-110.5,-15.5,5270,NA,0.05357863785641572,NA,0.029757634819044938
-9.5,-15.5,5355,NA,0.24497380972511365,0.11426439305544199,0.24082893989826884
-8.5,-15.5,5356,NA,0.17148354121993917,0.0771004025222596,0.20079136757403881
-7.5,-15.5,5357,NA,0.1409971708062566,0.07189909449320618,0.19477234649531547
-6.5,-15.5,5358,NA,0.13048110834666785,0.07034809591648465,0.26234215815246664
-5.5,-15.5,5359,NA,0.12614345577677155,0.05551367759843822,0.17617542096253005
-4.5,-15.5,5360,NA,0.13185469794501517,0.07254319033252923,0.18755263697419153
-3.5,-15.5,5361,NA,0.157145799420383,0.08549413486538733,0.17841619501554712
-2.5,-15.5,5362,NA,0.13508037996757455,0.07052458871002096,0.16396718135075392
-1.5,-15.5,5363,NA,0.10860094800108981,0.06862897118973675,0.17289223286210006
-0.5,-15.5,5364,NA,0.10772089408934511,0.06938713796626492,0.15281973277003094
30.5,-15.5,5395,NA,0.11150269117402753,0.09520836331805757,0.3237331154068433
31.5,-15.5,5396,NA,0.11697009853766048,0.08412587308789206,0.25828216916778124
32.5,-15.5,5397,NA,0.17364867055131925,0.07536187414494332,0.22658505040709412
33.5,-15.5,5398,NA,0.20103682745282572,0.08552868257515026,0.213418685284328
34.5,-15.5,5399,NA,0.1604044690135415,0.07329794212954283,0.16128088452739134
35.5,-15.5,5400,NA,0.15106563112944438,0.09933880729255873,0.2127574759952951
36.5,-15.5,5401,NA,0.13564491512233037,0.07648646600789112,0.14269150007570483
37.5,-15.5,5402,NA,0.13275782098566233,0.07143436182485623,0.11213424027196896
38.5,-15.5,5403,NA,0.12769675884942028,0.07175110414875703,0.0989805262689037
39.5,-15.5,5404,NA,0.11773218861784042,0.06452682763299633,0.09463963503686004
-119.5,-14.5,5487,NA,0.05713531616218409,NA,0.022107241732545985
-118.5,-14.5,5488,NA,0.06372117747495532,NA,0.03211758497089283
-117.5,-14.5,5489,NA,0.06526123236722199,NA,0.029348591604099035
-116.5,-14.5,5490,NA,0.06784992014471164,NA,0.030702760927618474
-115.5,-14.5,5491,NA,0.08030025542140021,NA,0.042856665296870024
-114.5,-14.5,5492,NA,0.07186130806572215,NA,0.037718471924958016
-113.5,-14.5,5493,NA,0.0668325948906671,NA,0.042428241401182606
-112.5,-14.5,5494,NA,0.05461953658196578,NA,0.030661506930765317
-111.5,-14.5,5495,NA,0.056766181983115525,NA,0.02966587100290308
-110.5,-14.5,5496,NA,0.05841096104239101,NA,0.030506413771214217
-9.5,-14.5,5584,NA,0.18891094968130143,0.14374465627190477,0.27261468838527236
-8.5,-14.5,5585,NA,0.16494872669891286,0.09395322816937317,0.33839214062808626
-7.5,-14.5,5586,NA,0.16115320245706735,0.09292096714485622,0.32691200851719293
-6.5,-14.5,5587,NA,0.14145724242674132,0.08510705404523398,0.21426169448016988
-5.5,-14.5,5588,NA,0.13675192135054637,0.08633829578296175,0.19916622737086426
-4.5,-14.5,5589,NA,0.13642214877458084,0.09070581229731484,0.1597242430162873
-3.5,-14.5,5590,NA,0.13385349752726053,0.09872793676797118,0.14302291120869057
-2.5,-14.5,5591,NA,0.11139791214822814,0.08460353106810366,0.1389179341427438
-1.5,-14.5,5592,NA,0.12403361347136417,0.0906371823007855,0.14468201332843447
-0.5,-14.5,5593,NA,0.12880807018134144,0.10313012940376451,0.14277948463466908
30.5,-14.5,5624,NA,0.12550386162599528,0.10222278658673675,0.14106100062504925
31.5,-14.5,5625,NA,0.11436352144898088,0.0952883005099246,0.1642619856447768
32.5,-14.5,5626,NA,0.12898821980178535,0.07864827157521598,0.17934551336057308
33.5,-14.5,5627,NA,0.15238727935583252,0.09658722321772771,0.1605401192352238
34.5,-14.5,5628,NA,0.17405175665679012,0.10375046793104367,0.16488546648259494
35.5,-14.5,5629,NA,0.18461778585296473,0.10229795716313625,0.17627888929920085
36.5,-14.5,5630,NA,0.14437871558005141,0.07446419240627469,0.1161454995338648
37.5,-14.5,5631,NA,0.14637277974709537,0.0716834417809604,0.10922518226445742
38.5,-14.5,5632,NA,0.12812627458576561,0.07708618254733546,0.09842920200180731
39.5,-14.5,5633,NA,0.11713848971082187,0.06144072185980346,0.0861299762455326
-119.5,-13.5,5715,NA,0.07709793339471785,NA,0.03200727878928751
-118.5,-13.5,5716,NA,0.06143850590221499,NA,0.026979405496801896
-117.5,-13.5,5717,NA,0.06214330683556666,NA,0.027854948022913145
-116.5,-13.5,5718,NA,0.058972274885363725,NA,0.03449923138408107
-115.5,-13.5,5719,NA,0.05571729949318506,NA,0.03907859819249235
-114.5,-13.5,5720,NA,0.053481438152626536,NA,0.03438672247138218
-113.5,-13.5,5721,NA,0.0519247365204728,NA,0.03424918119731416
-112.5,-13.5,5722,NA,0.05232370118428285,NA,0.035769631771086996
-111.5,-13.5,5723,NA,0.05350526266167106,NA,0.04036358037690259
-110.5,-13.5,5724,NA,0.05559542540919512,NA,0.035685166715212685
-9.5,-13.5,5817,NA,0.19710216310303633,0.08842787768304894,0.46401840064891214
-8.5,-13.5,5818,NA,0.15256335017972317,0.07359193587639258,0.3441696487542644
-7.5,-13.5,5819,NA,0.14923382847370853,0.08632285806771632,0.22914400533523582
-6.5,-13.5,5820,NA,0.15386455954786746,0.05661355461892168,0.1977174761331075
-5.5,-13.5,5821,NA,0.14261565565772735,0.08254971404854698,0.17207581632513255
-4.5,-13.5,5822,NA,0.1849704752898146,0.0654217585978426,0.17861282342400167
-3.5,-13.5,5823,NA,0.18943315729916207,0.09505906124519464,0.13278959674042215
-2.5,-13.5,5824,NA,0.1477041743403447,0.08664303580886366,0.13480366201861996
-1.5,-13.5,5825,NA,0.136195238897179,0.08203142601910246,0.12440589638107985
-0.5,-13.5,5826,NA,0.11548442278373588,0.0692814818883591,0.10668952164485129
30.5,-13.5,5856,NA,0.11685843812345587,0.0964723498840653,0.12706282603616584
31.5,-13.5,5857,NA,0.126668035587723,0.11740707454340721,0.17372401163507323
32.5,-13.5,5858,NA,0.14138290166461479,0.1278967719166184,0.2278298493812865
33.5,-13.5,5859,NA,0.20218085925252613,0.12215664146386902,0.1836676740711561
34.5,-13.5,5860,NA,0.19732111570615304,0.11538481663161158,0.17947495504148375
35.5,-13.5,5861,NA,0.189799153455055,0.09747154213748267,0.1573676147251707
36.5,-13.5,5862,NA,0.16522778245367697,0.07732445538291212,0.13673512255083406
37.5,-13.5,5863,NA,0.1866312622525234,0.07387185340613778,0.14803683940318618
38.5,-13.5,5864,NA,0.17026454922998321,0.06827732477134478,0.1204226158389154
39.5,-13.5,5865,NA,0.14993869703363344,0.05613232686870733,0.10050372187373904
-119.5,-12.5,5948,NA,0.07631177179580315,NA,0.04275792045234024
-118.5,-12.5,5949,NA,0.07099404412976822,NA,0.03418309708969406
-117.5,-12.5,5950,NA,0.06036018583890228,NA,0.033355112699813394
-116.5,-12.5,5951,NA,0.06423313069709995,NA,0.03322621482620737
-115.5,-12.5,5952,NA,0.052699474702441206,NA,0.04214167945364971
-114.5,-12.5,5953,NA,0.049305930768608494,NA,0.03625153726002725
-113.5,-12.5,5954,NA,0.04864841409109528,NA,0.039466982287828294
-112.5,-12.5,5955,NA,0.049814740721320645,NA,0.041979471339881544
-111.5,-12.5,5956,NA,0.052271921461721556,NA,0.03819311913719041
-110.5,-12.5,5957,NA,0.049176461910367626,NA,0.039072619188417944
-9.5,-12.5,6051,NA,0.17627565078151178,0.0833401848660271,0.49213528466956374
-8.5,-12.5,6052,NA,0.14047202115821214,0.10979332651042278,0.21872609647499486
-7.5,-12.5,6053,NA,0.13218365110375768,0.05139144494513378,0.1982831933610324
-6.5,-12.5,6054,NA,0.13838841652416853,0.07834695521497421,0.19576136906093897
-5.5,-12.5,6055,NA,0.13435635705541063,0.051787444206722266,0.18046132251525354
-4.5,-12.5,6056,NA,0.1823229301320092,0.09103106639249178,0.19922713921226143
-3.5,-12.5,6057,NA,0.15294366525793995,0.05486551557974399,0.1550424466301592
-2.5,-12.5,6058,NA,0.2004395004851656,0.11043215307539916,0.18101419226293022
-1.5,-12.5,6059,NA,0.11530613268965638,0.07563467213191408,0.11313529220025184
-0.5,-12.5,6060,NA,0.11936762865458361,0.07160968916515456,0.11027999327417755
30.5,-12.5,6091,NA,0.09886854823068536,0.08177788638342111,0.0782492668434656
31.5,-12.5,6092,NA,0.11182954585604793,0.07752115713721955,0.07199394212774547
32.5,-12.5,6093,NA,0.10623430270520029,0.07949810361800286,0.10839941259697043
33.5,-12.5,6094,NA,0.11497008189918759,0.08299162843637056,0.10737293541652682
34.5,-12.5,6095,NA,0.13954144064836754,0.07912841784023353,0.1114217672632097
35.5,-12.5,6096,NA,0.15536821750071622,0.07292655015119923,0.09509133444739089
36.5,-12.5,6097,NA,0.13042705611187974,0.06616404536031929,0.08406009711797371
37.5,-12.5,6098,NA,0.14623994153899145,0.07339452925540033,0.09547402174448158
38.5,-12.5,6099,NA,0.1668804905310069,0.07895257510385377,0.10634847785534876
39.5,-12.5,6100,NA,0.1417059584792869,0.05462294353814618,0.0948103995978643
-119.5,-11.5,6184,NA,0.06325540794668298,NA,0.043490547272467955
-118.5,-11.5,6185,NA,0.05041876589511155,NA,0.03543037261771146
-117.5,-11.5,6186,NA,0.056100193373935577,NA,0.03654647820089111
-116.5,-11.5,6187,NA,0.047025688075280736,NA,0.03430541843240037
-115.5,-11.5,6188,NA,0.04889478523409059,NA,0.03372147627573841
-114.5,-11.5,6189,NA,0.046159395480974565,NA,0.040644233845369485
-113.5,-11.5,6190,NA,0.04398466389212127,NA,0.03884925663833869
-112.5,-11.5,6191,NA,0.04930608441826778,NA,0.04324928421466975
-111.5,-11.5,6192,NA,0.05621486207973032,NA,0.05643076515629203
-110.5,-11.5,6193,NA,0.06123040763323481,NA,0.0616606090040494
-9.5,-11.5,6290,NA,0.1345869704328336,0.10936165710087047,0.25817393996143456
-8.5,-11.5,6291,NA,0.1063911521501408,0.05440181766164128,0.1974594885745766
-7.5,-11.5,6292,NA,0.10412547171292215,0.0744965440705225,0.17649275189215574
-6.5,-11.5,6293,NA,0.11997871782681502,0.07201844287559798,0.16412092245689874
-5.5,-11.5,6294,NA,0.11259518617541675,0.07414945519324402,0.15724142722040024
-4.5,-11.5,6295,NA,0.11923595177736747,0.09025675779854812,0.18051430805776847
-3.5,-11.5,6296,NA,0.11726723710360125,0.09269386095644906,0.14282468781790528
-2.5,-11.5,6297,NA,0.1086181188081309,0.08794172836084782,0.13259575352165853
-1.5,-11.5,6298,NA,0.08609908554919363,0.07642513108513084,0.11118315957261377
-0.5,-11.5,6299,NA,0.061389351507727376,0.06845071987866805,0.09670231668785284
30.5,-11.5,6330,NA,0.09189375066956343,0.06223251191571996,0.08108762833317765
31.5,-11.5,6331,NA,0.0760755274850843,0.03423581617958888,0.06842526912340297
32.5,-11.5,6332,NA,0.07120588090532935,0.047567734000742545,0.07796630862159805
33.5,-11.5,6333,NA,0.06995115057761823,0.04834866198935194,0.0879732978815619
34.5,-11.5,6334,NA,0.07842840893238659,0.05257597010662906,0.0679867106329296
35.5,-11.5,6335,NA,0.08896855526756171,0.050738020536023595,0.07036872375263888
36.5,-11.5,6336,NA,0.0718764083938725,0.033994465763134196,0.06572541380164046
37.5,-11.5,6337,NA,0.0699307120816955,0.051487919349125284,0.0650705809951908
38.5,-11.5,6338,NA,0.06998095323372207,0.047216946425153256,0.05901951907169449
39.5,-11.5,6339,NA,0.07725968636496977,0.06132029051013269,0.07568311371840707
-119.5,-10.5,6423,NA,0.06026802990446767,NA,0.04914587944847072
-118.5,-10.5,6424,NA,0.048078602648240966,NA,0.0307202561987165
-117.5,-10.5,6425,NA,0.06859862145999072,NA,0.05023708789567237
-116.5,-10.5,6426,NA,0.05159703900809709,NA,0.03867249644144854
-115.5,-10.5,6427,NA,0.053796644522516285,NA,0.040128186804805635
-114.5,-10.5,6428,NA,0.05293833509847022,NA,0.03940796234178774
-113.5,-10.5,6429,NA,0.05561426899728842,NA,0.04677813233586062
-112.5,-10.5,6430,NA,0.05781100818039981,NA,0.06407038288713408
-111.5,-10.5,6431,NA,0.06597292396880211,NA,0.057803169393434634
-110.5,-10.5,6432,NA,0.06551245251472526,NA,0.07610170950790977
-9.5,-10.5,6529,NA,0.09390009326583328,0.10817668265170152,0.20829946937345034
-8.5,-10.5,6530,NA,0.07748514329678836,0.08373049970018301,0.24199072722503462
-7.5,-10.5,6531,NA,0.06775527726134205,0.07866309021553887,0.17928927062605118
-6.5,-10.5,6532,NA,0.06571317370148781,0.07910677623110915,0.15627888884174906
-5.5,-10.5,6533,NA,0.0837197065577767,0.08285792700012565,0.13928542941659247
-4.5,-10.5,6534,NA,0.08177459172450628,0.08284514076067226,0.13053084095897335
-3.5,-10.5,6535,NA,0.08242866965554708,0.08607622884740497,0.11069550497381202
-2.5,-10.5,6536,NA,0.10112627873040611,0.07731509465959958,0.09541389109821156
-1.5,-10.5,6537,NA,0.10047291048414951,0.09034745910146323,0.10470648217981378
-0.5,-10.5,6538,NA,0.09447396350250883,0.08790792546324314,0.09949576850076486
30.5,-10.5,6569,NA,0.06465649897958958,0.0448712806228129,0.06997210252251555
31.5,-10.5,6570,NA,0.06023237779664679,0.04091874373816181,0.07022256912423708
32.5,-10.5,6571,NA,0.055572481131655756,0.03942278672641322,0.07913670991503145
33.5,-10.5,6572,NA,0.052766916411554156,0.053646326131578596,0.0763354447920051
34.5,-10.5,6573,NA,0.06030693956170163,0.05288428231584147,0.07602080282387053
35.5,-10.5,6574,NA,0.05864898034930413,0.03696236162866755,0.07416614036208126
36.5,-10.5,6575,NA,0.06981203095671035,0.03828263065294284,0.07153016203390578
37.5,-10.5,6576,NA,0.057108740197743264,0.03834919743637376,0.07213807075703892
38.5,-10.5,6577,NA,0.0744873477312774,0.06482847974856552,0.0901052131437545
39.5,-10.5,6578,NA,0.08003697908670677,0.03950184947200279,0.09037829055961104
10.5,-9.5,6780,NA,0.05430831216807701,0.10940597048617694,0.07958590118999277
11.5,-9.5,6781,NA,0.0446622754411067,0.0867800723848504,0.06435778453111819
12.5,-9.5,6782,NA,0.06340860930108579,0.1007679431913781,0.07499074264166614
13.5,-9.5,6783,NA,0.07856683942802344,0.10608098929043533,0.10623599107465624
14.5,-9.5,6784,NA,0.0718395093227308,0.1040403897330111,0.07840023494747889
15.5,-9.5,6785,NA,0.06508312855201706,0.0987061908673564,0.08124617173854436
16.5,-9.5,6786,NA,0.055158715963730114,0.07922286590853295,0.06779095396630914
17.5,-9.5,6787,NA,0.07806962538829022,0.08889844213998627,0.07982728897932044
18.5,-9.5,6788,NA,0.08642519039738045,0.06158353315147511,0.09467581246438453
19.5,-9.5,6789,NA,0.08585905792682585,0.1116112863505705,0.13911377443542258
10.5,-8.5,7002,NA,0.06929916861310453,0.1036044074258286,0.10075139984328434
11.5,-8.5,7003,NA,0.05034666675110086,0.09192828998203308,0.08194721560660086
12.5,-8.5,7004,NA,0.05513230896032055,0.0919554511273399,0.07695230715976911
13.5,-8.5,7005,NA,0.06468646819049034,0.10747987146899786,0.079422144233891
14.5,-8.5,7006,NA,0.07546667834901118,0.0930657336244216,0.08953602665508838
15.5,-8.5,7007,NA,0.06255270260164879,0.09990939535400727,0.10530656011587104
16.5,-8.5,7008,NA,0.06889426775996427,0.09414567962477392,0.08775226686815661
17.5,-8.5,7009,NA,0.08021011476021134,0.10804509652611981,0.09641643346279531
18.5,-8.5,7010,NA,0.08196729449211733,0.11762046430241085,0.09683328096386497
19.5,-8.5,7011,NA,0.09781918509881998,0.11859585834338815,0.09236148916716357
10.5,-7.5,7221,NA,0.06319189735669639,0.10676302254575466,0.12500318458904494
11.5,-7.5,7222,NA,0.0648637678329607,0.09736682156712763,0.0944572198150444
12.5,-7.5,7223,NA,0.06631376632477574,0.10536338182302599,0.09414031750813404
13.5,-7.5,7224,NA,0.06837942375664528,0.10987910643075265,0.09044824662026167
14.5,-7.5,7225,NA,0.07129408051054754,0.11421737011371662,0.0776948706068146
15.5,-7.5,7226,NA,0.06961457771230004,0.12147869986943048,0.08562137858184102
16.5,-7.5,7227,NA,0.07150743764751265,0.11173895676639345,0.07060817779921631
17.5,-7.5,7228,NA,0.08458322586689294,0.1058897550529019,0.06976435598214778
18.5,-7.5,7229,NA,0.08723760712059196,0.09580100678362177,0.07028233794351893
19.5,-7.5,7230,NA,0.08544614456373653,0.06444367744381926,0.06896615239535019
10.5,-6.5,7446,NA,0.0758606537005355,0.10663165836841221,0.09132010088196536
11.5,-6.5,7447,NA,0.0701764713235696,0.10121506526819656,0.08557924004728525
12.5,-6.5,7448,NA,0.08676125271775262,0.10287372765177426,0.07057254142180579
13.5,-6.5,7449,NA,0.0807699880948355,0.09766765683497808,0.06913876477038225
14.5,-6.5,7450,NA,0.07010990997702911,0.09182054353015896,0.05424610222867424
15.5,-6.5,7451,NA,0.08198893766626744,0.052934234578092265,0.05331883193137644
16.5,-6.5,7452,NA,0.06847292360959606,0.05081748621985022,0.06042383663047494
17.5,-6.5,7453,NA,0.08308659718589861,0.07492515368519485,0.054461291547488806
18.5,-6.5,7454,NA,0.08122864727020233,0.07580149921426543,0.05695260158904317
19.5,-6.5,7455,NA,0.0795717463254135,0.08127065928237456,0.05563301638935171
10.5,-5.5,7671,NA,0.13023815952561377,0.10339032810528967,0.08774884834587142
11.5,-5.5,7672,NA,0.10304613145904414,0.08700629271220095,0.06251249886160526
12.5,-5.5,7673,NA,0.11053846000932563,0.078222531007259,0.058008673499888745
13.5,-5.5,7674,NA,0.07564183595641666,0.07427724826080298,0.05319642600111278
14.5,-5.5,7675,NA,0.06519734055372925,0.06904687027494866,0.04798189596711143
15.5,-5.5,7676,NA,0.05496877764192746,0.057364943096849766,0.04371127189874743
16.5,-5.5,7677,NA,0.06124088852219512,0.06891288130632807,0.04759604899983102
17.5,-5.5,7678,NA,0.05492582471824913,0.06697974234409909,0.04873153010229295
18.5,-5.5,7679,NA,0.0589488437351924,0.07161968638279406,0.05069596566387955
19.5,-5.5,7680,NA,0.05393994553891233,0.07320384788511604,0.05417307357025002
10.5,-4.5,7898,NA,0.09637858775269817,0.09056834617195154,0.07273934459215783
11.5,-4.5,7899,NA,0.07181115859050485,0.0720130866359487,0.05829130822952056
12.5,-4.5,7900,NA,0.06986437089668664,0.05205767458016713,0.06663141994965849
13.5,-4.5,7901,NA,0.06388608032508494,0.04649094242873449,0.051895832780802176
14.5,-4.5,7902,NA,0.05702523534224879,0.0462810134288828,0.04809920713538686
15.5,-4.5,7903,NA,0.042738351758500506,0.052340862829560346,0.040910004782177156
16.5,-4.5,7904,NA,0.05038586447360286,0.06409316004599229,0.05031122871486503
17.5,-4.5,7905,NA,0.05363296178174236,0.06871569072368963,0.04993054917570304
18.5,-4.5,7906,NA,0.05393722927380509,0.07753516309124181,0.05526241642472465
19.5,-4.5,7907,NA,0.05539503656007438,0.07697069144034885,0.05242440973223408
10.5,-3.5,8117,NA,0.0901308693949198,0.05804230355287645,0.07854278111249122
11.5,-3.5,8118,NA,0.06787444763654055,0.04844047560725646,0.06377330154338125
12.5,-3.5,8119,NA,0.06542978336341891,0.05114136226824708,0.062415787193461005
13.5,-3.5,8120,NA,0.060096221378921115,0.049533611584504936,0.05259273827815787
14.5,-3.5,8121,NA,0.05201898877112929,0.06517545768044537,0.05267326783837774
15.5,-3.5,8122,NA,0.052267544272704324,0.06369771956499959,0.05402840671158775
16.5,-3.5,8123,NA,0.05408069339588669,0.06733380391964984,0.04856582816869658
17.5,-3.5,8124,NA,0.055177964613463505,0.07600782934940363,0.05638083842306682
18.5,-3.5,8125,NA,0.05774645568029376,0.07969862415720146,0.05297927714066379
19.5,-3.5,8126,NA,0.05898791584212789,0.07976004883608397,0.053235110258796035
10.5,-2.5,8334,NA,0.07866598919396464,0.06411458050811028,0.07838089091589726
11.5,-2.5,8335,NA,0.06295536924930785,0.06452803708364835,0.06411336507661969
12.5,-2.5,8336,NA,0.06218852587500655,0.06575129612580373,0.06258226309414663
13.5,-2.5,8337,NA,0.061015679560461764,0.06549391027727994,0.06023428092383415
14.5,-2.5,8338,NA,0.054218470409909555,0.05755195214995859,0.048037577978888996
15.5,-2.5,8339,NA,0.05635515760851931,0.0492134294505697,0.05480876415548921
16.5,-2.5,8340,NA,0.060455061944245915,0.04921868810047828,0.057019731403830216
17.5,-2.5,8341,NA,0.0590572269670645,0.04920220828259055,0.05011506733791046
18.5,-2.5,8342,NA,0.06152211804209434,0.0728302370507307,0.04953547998134963
19.5,-2.5,8343,NA,0.06024705895080509,0.04851419053343033,0.049879745455970424
10.5,-1.5,8555,NA,0.07075429100465976,0.06448610729764019,0.05862574977919872
11.5,-1.5,8556,NA,0.06525720890568679,0.06359784930521108,0.05587292667551016
12.5,-1.5,8557,NA,0.06555665180106789,0.06778410626391224,0.058483371091759224
13.5,-1.5,8558,NA,0.053201030262728224,0.047201001681995286,0.05232569164100171
14.5,-1.5,8559,NA,0.053679641106376824,0.05843471217527219,0.050884197409620746
15.5,-1.5,8560,NA,0.058246817716982265,0.061475889329539374,0.05112101818633897
16.5,-1.5,8561,NA,0.06051035020177044,0.050928122025840225,0.052505655829121006
17.5,-1.5,8562,NA,0.06183198666404903,0.06832181904297555,0.052940999206187424
18.5,-1.5,8563,NA,0.08851492835853396,0.061201603911354166,0.07950691872605535
19.5,-1.5,8564,NA,0.08646136030558847,0.05862058561500386,0.0668790160519165
10.5,-0.5,8770,NA,0.07071454650375628,0.06784001860507304,0.06382578163097012
11.5,-0.5,8771,NA,0.06683311768854049,0.04961913403878884,0.0706194779594054
12.5,-0.5,8772,NA,0.06199241449556153,0.043587242256568,0.04853376486860479
13.5,-0.5,8773,NA,0.05523156323960643,0.039729740461375215,0.044147418848497884
14.5,-0.5,8774,NA,0.05996082919671873,0.04263180894360398,0.04574167893401785
15.5,-0.5,8775,NA,0.06675841149417752,0.03817543911629908,0.04884219090496462
16.5,-0.5,8776,NA,0.06618758451420709,0.05358078881184853,0.05522904879002235
17.5,-0.5,8777,NA,0.07034727741787368,0.04010923424229614,0.0561507557091346
18.5,-0.5,8778,NA,0.08632149116221315,0.04904006236301097,0.06489519050692544
19.5,-0.5,8779,NA,0.14821946444231568,0.06030574400989361,0.13548383784333953
-129.5,0.5,8867,NA,0.07484612985207234,NA,NA
-128.5,0.5,8868,NA,0.07391299944206849,NA,NA
-127.5,0.5,8869,NA,0.07646753284821013,NA,NA
-126.5,0.5,8870,NA,0.07632140096075711,NA,NA
-125.5,0.5,8871,NA,0.08793973590911953,NA,NA
-124.5,0.5,8872,NA,0.13642436960206009,NA,NA
-123.5,0.5,8873,NA,0.11762109106112095,NA,NA
-122.5,0.5,8874,NA,0.11612628996599127,NA,NA
-121.5,0.5,8875,NA,0.0990666707810019,NA,NA
-120.5,0.5,8876,NA,0.0722684757724564,NA,NA
-129.5,1.5,9084,NA,0.052253963422081565,NA,NA
-128.5,1.5,9085,NA,0.06838486083955986,NA,NA
-127.5,1.5,9086,NA,0.08597762749567324,NA,NA
-126.5,1.5,9087,NA,0.06823822833714276,NA,NA
-125.5,1.5,9088,NA,0.06524774661121695,NA,NA
-124.5,1.5,9089,NA,0.08612588922495103,NA,NA
-123.5,1.5,9090,NA,0.07819432733163859,NA,NA
-122.5,1.5,9091,NA,0.06599213065982905,NA,NA
-121.5,1.5,9092,NA,0.0661375830177821,NA,NA
-120.5,1.5,9093,NA,0.07129402619335846,NA,NA
-129.5,2.5,9305,NA,0.0529576669028378,NA,NA
-128.5,2.5,9306,NA,0.0688594596285022,NA,NA
-127.5,2.5,9307,NA,0.05529695186659246,NA,NA
-126.5,2.5,9308,NA,0.060662415366596584,NA,NA
-125.5,2.5,9309,NA,0.04452940518042953,NA,NA
-124.5,2.5,9310,NA,0.04199722357453026,NA,NA
-123.5,2.5,9311,NA,0.05952072238950761,NA,NA
-122.5,2.5,9312,NA,0.07198202473172093,NA,NA
-121.5,2.5,9313,NA,0.07168228564307788,NA,NA
-120.5,2.5,9314,NA,0.08002045825042337,NA,NA
-129.5,3.5,9528,NA,0.07391235510553464,NA,NA
-128.5,3.5,9529,NA,0.06417609833869081,NA,NA
-127.5,3.5,9530,NA,0.05368880275287879,NA,NA
-126.5,3.5,9531,NA,0.061962762859412025,NA,NA
-125.5,3.5,9532,NA,0.06362235983366385,NA,NA
-124.5,3.5,9533,NA,0.05295115205564802,NA,NA
-123.5,3.5,9534,NA,0.06032658258457305,NA,NA
-122.5,3.5,9535,NA,0.0551105591671762,NA,NA
-121.5,3.5,9536,NA,0.06447914420860212,NA,NA
-120.5,3.5,9537,NA,0.07445345864093345,NA,NA
-129.5,4.5,9755,NA,0.10639718933610474,NA,NA
-128.5,4.5,9756,NA,0.06094631723663023,NA,NA
-127.5,4.5,9757,NA,0.06815256340868056,NA,NA
-126.5,4.5,9758,NA,0.06611974994001982,NA,NA
-125.5,4.5,9759,NA,0.061402395701043756,NA,NA
-124.5,4.5,9760,NA,0.05193058467377786,NA,NA
-123.5,4.5,9761,NA,0.05625567326330622,NA,NA
-122.5,4.5,9762,NA,0.06786569244455284,NA,NA
-121.5,4.5,9763,NA,0.07204729172117771,NA,NA
-120.5,4.5,9764,NA,0.07279472567329877,NA,NA
-129.5,5.5,9980,NA,0.1119756923348558,NA,NA
-128.5,5.5,9981,NA,0.09532111082714603,NA,NA
-127.5,5.5,9982,NA,0.0657016405920783,NA,NA
-126.5,5.5,9983,NA,0.07043946872392357,NA,NA
-125.5,5.5,9984,NA,0.06945883646332877,NA,NA
-124.5,5.5,9985,NA,0.06141697064365897,NA,NA
-123.5,5.5,9986,NA,0.060478154415948344,NA,NA
-122.5,5.5,9987,NA,0.056227677200532,NA,NA
-121.5,5.5,9988,NA,0.06509333865052172,NA,NA
-120.5,5.5,9989,NA,0.06591337977714468,NA,NA
-129.5,6.5,10206,NA,0.12121505508095985,NA,NA
-128.5,6.5,10207,NA,0.11175157448724952,NA,NA
-127.5,6.5,10208,NA,0.05984006490517104,NA,NA
-126.5,6.5,10209,NA,0.05610314498311531,NA,NA
-125.5,6.5,10210,NA,0.05800218154074839,NA,NA
-124.5,6.5,10211,NA,0.06262227906362731,NA,NA
-123.5,6.5,10212,NA,0.06299243182997988,NA,NA
-122.5,6.5,10213,NA,0.04792043663377825,NA,NA
-121.5,6.5,10214,NA,0.05146584076721938,NA,NA
-120.5,6.5,10215,NA,0.05450120976068627,NA,NA
-129.5,7.5,10431,NA,0.11698602936736303,NA,NA
-128.5,7.5,10432,NA,0.10679926211027824,NA,NA
-127.5,7.5,10433,NA,0.0787537042088126,NA,NA
-126.5,7.5,10434,NA,0.06860937727121895,NA,NA
-125.5,7.5,10435,NA,0.05162702176156432,NA,NA
-124.5,7.5,10436,NA,0.051432719114502236,NA,NA
-123.5,7.5,10437,NA,0.050213146077308486,NA,NA
-122.5,7.5,10438,NA,0.053689224270270716,NA,NA
-121.5,7.5,10439,NA,0.04443696434350835,NA,NA
-120.5,7.5,10440,NA,0.04918387566325046,NA,NA
-129.5,8.5,10656,NA,0.2212040368137656,NA,NA
-128.5,8.5,10657,NA,0.15945874165278837,NA,NA
-127.5,8.5,10658,NA,0.08611184031475462,NA,NA
-126.5,8.5,10659,NA,0.06463201176181943,NA,NA
-125.5,8.5,10660,NA,0.054251527402685545,NA,NA
-124.5,8.5,10661,NA,0.04995465342691528,NA,NA
-123.5,8.5,10662,NA,0.05530726810249981,NA,NA
-122.5,8.5,10663,NA,0.06109639544805761,NA,NA
-121.5,8.5,10664,NA,0.053489335705805816,NA,NA
-120.5,8.5,10665,NA,0.05722162424413699,NA,NA
-128.5,9.5,10877,NA,0.20018134537936363,NA,NA
-127.5,9.5,10878,NA,0.09242182392948876,NA,NA
-126.5,9.5,10879,NA,0.0915157787142623,NA,NA
-125.5,9.5,10880,NA,0.06917892050831688,NA,NA
-124.5,9.5,10881,NA,0.06763827572472453,NA,NA
-123.5,9.5,10882,NA,0.08523842668233186,NA,NA
-122.5,9.5,10883,NA,0.0912319339328494,NA,NA
-121.5,9.5,10884,NA,0.07612371607276201,NA,NA
-120.5,9.5,10885,NA,0.07117813195043975,NA,NA
70.5,20.5,13174,NA,0.051266962561921724,NA,NA
71.5,20.5,13175,NA,0.07470675895725667,NA,NA
72.5,20.5,13176,NA,0.06519338564251623,NA,NA
73.5,20.5,13177,NA,0.06217404274854553,NA,NA
70.5,21.5,13335,NA,0.04710105449205785,NA,NA
71.5,21.5,13336,NA,0.04510602584198007,NA,NA
72.5,21.5,13337,NA,0.07579986454496618,NA,NA
73.5,21.5,13338,NA,0.07298876776350839,NA,NA
74.5,21.5,13339,NA,0.14419154939770532,NA,NA
70.5,22.5,13485,NA,0.04719805202769533,NA,NA
71.5,22.5,13486,NA,0.05634511456692505,NA,NA
72.5,22.5,13487,NA,0.06164891125607441,NA,NA
73.5,22.5,13488,NA,0.061320108890787615,NA,NA
71.5,23.5,13628,NA,0.056410958839851574,NA,NA
72.5,23.5,13629,NA,0.08079870591160225,NA,NA
70.5,24.5,13765,NA,0.0473254212334783,NA,NA
71.5,24.5,13766,NA,0.2399328307662116,NA,NA
70.5,25.5,13897,NA,0.1797653450386204,NA,NA
70.5,26.5,14026,NA,0.041135452895346564,NA,NA
-57.5,30.5,14401,NA,0.1743325171263013,NA,NA
-56.5,30.5,14402,NA,0.17908738254449014,NA,NA
-55.5,30.5,14403,NA,0.1331804913683622,NA,NA
-54.5,30.5,14404,NA,0.11083659366052233,NA,NA
-53.5,30.5,14405,NA,0.0703078517883279,NA,NA
-52.5,30.5,14406,NA,0.1261948622997106,NA,NA
-51.5,30.5,14407,NA,0.3706221779537198,NA,NA
-50.5,30.5,14408,NA,0.6199860676645373,NA,NA
-49.5,30.5,14409,NA,0.5526797226077423,0.2201976942228423,NA
-48.5,30.5,14410,NA,0.21346731611858177,0.33542707375352643,NA
-47.5,30.5,14411,NA,0.2294301736485688,0.2732637468715587,NA
-46.5,30.5,14412,NA,0.3599538829789899,0.34393850598476194,NA
-45.5,30.5,14413,NA,0.15891581617891215,0.2977132448147734,NA
-44.5,30.5,14414,NA,0.19241799995850234,0.28712986848990557,NA
-43.5,30.5,14415,NA,0.18077165284005162,0.1850113585668948,NA
-42.5,30.5,14416,NA,0.09981941923520746,0.17869237161344836,NA
-41.5,30.5,14417,NA,0.1806054620602831,0.16604190982053046,NA
-40.5,30.5,14418,NA,0.12644890991550586,0.26526997737508967,NA
-39.5,30.5,14419,NA,0.16592548778757343,0.14263007176567022,0.13531413248964078
-38.5,30.5,14420,NA,0.15542950484591103,0.2189333204130807,0.09366087064155425
-37.5,30.5,14421,NA,0.05188423199657449,0.26207237995949356,0.032970755667635514
-36.5,30.5,14422,NA,0.11762070711699446,0.4193379751371583,0.056907976915765546
-35.5,30.5,14423,NA,0.11935351687512599,0.4673216807679952,0.058271811415486235
-34.5,30.5,14424,NA,0.08479019280295375,0.4269742839179515,0.04065002235421758
-33.5,30.5,14425,NA,0.07349563309637949,0.29080421774336584,0.03980611902041954
-32.5,30.5,14426,NA,0.04989740414109745,0.29570936915864304,0.03311699769187947
-31.5,30.5,14427,NA,0.05229612016121046,0.31052669913379355,0.02223424964506178
-30.5,30.5,14428,NA,0.054850045874585376,0.31860184820771437,0.018256830195371252
-58.5,31.5,14525,NA,0.13151214632157066,NA,NA
-57.5,31.5,14526,NA,0.12908429691049056,NA,NA
-56.5,31.5,14527,NA,0.20239402372108373,NA,NA
-55.5,31.5,14528,NA,0.1864722652331597,NA,NA
-54.5,31.5,14529,NA,0.16873133421662181,NA,NA
-53.5,31.5,14530,NA,0.10976152281272918,NA,NA
-52.5,31.5,14531,NA,0.09699606293968621,NA,NA
-51.5,31.5,14532,NA,0.21987155358758775,NA,NA
-50.5,31.5,14533,NA,0.27343265216733603,NA,NA
-48.5,31.5,14534,NA,0.2980571570650703,0.16798355710254123,NA
-47.5,31.5,14535,NA,0.2268013344783288,0.2987747254617432,NA
-46.5,31.5,14536,NA,0.18589901606306988,0.2761914428891461,NA
-45.5,31.5,14537,NA,0.17366508521729973,0.30380993186898536,NA
-44.5,31.5,14538,NA,0.19789203692414645,0.31921855390857584,NA
-43.5,31.5,14539,NA,0.1337279715359309,0.16299957341319263,NA
-42.5,31.5,14540,NA,0.11266128873610792,0.13365591987553407,NA
-41.5,31.5,14541,NA,0.13174341842387458,0.14125938533390375,NA
-40.5,31.5,14542,NA,0.17592810128492087,0.18464690733180203,NA
-39.5,31.5,14543,NA,0.11989817879461413,0.22389981953921648,0.10731691445967083
-38.5,31.5,14544,NA,0.1214545054167815,0.37097805901164893,0.1042474858393975
-37.5,31.5,14545,NA,0.061059490797811866,0.21637618568782344,0.05011259385439635
-36.5,31.5,14546,NA,0.06925685955912554,0.2525256483872614,0.04294692000995778
-35.5,31.5,14547,NA,0.11249681446616103,0.6062634003189961,0.05605828221770876
-34.5,31.5,14548,NA,0.07020746479995178,0.617689352740718,0.047115499549436106
-33.5,31.5,14549,NA,0.0623597921842869,0.4114541844818269,0.03852113411556294
-32.5,31.5,14550,NA,0.047138723899235034,0.33659486001932487,0.032653035870315955
-31.5,31.5,14551,NA,0.051143461363586086,0.34331590739373236,0.037958158949138066
-30.5,31.5,14552,NA,0.0625737688901912,0.3672458542855754,0.034574248467738024
-58.5,32.5,14647,NA,0.23120310533314845,NA,NA
-57.5,32.5,14648,NA,0.12469239238246894,NA,NA
-56.5,32.5,14649,NA,0.10225949293374932,NA,NA
-55.5,32.5,14650,NA,0.09308621319643036,NA,NA
-54.5,32.5,14651,NA,0.15443984541286723,NA,NA
-53.5,32.5,14652,NA,0.12856514732294022,NA,NA
-52.5,32.5,14653,NA,0.08440502326883793,NA,NA
-51.5,32.5,14654,NA,0.19552089557844934,NA,NA
-50.5,32.5,14655,NA,0.20287591548517783,NA,NA
-49.5,32.5,14656,NA,0.1965623003450388,0.22821864321990407,NA
-47.5,32.5,14657,NA,0.4773358130349109,0.3630905569323076,NA
-46.5,32.5,14658,NA,0.1284668318262413,0.7294120607060225,NA
-45.5,32.5,14659,NA,0.1996732564750995,0.4678796604909789,NA
-44.5,32.5,14660,NA,0.1476059823985612,0.4580631887989746,NA
-43.5,32.5,14661,NA,0.24834029420518935,0.33415123742734754,NA
-42.5,32.5,14662,NA,0.12478371096974147,0.29850660722891,NA
-41.5,32.5,14663,NA,0.14199727725791708,0.1880132516871623,NA
-40.5,32.5,14664,NA,0.3658845010770174,0.2478428250027939,NA
-39.5,32.5,14665,NA,0.24994863216865243,0.17127028141425285,0.13380058239143017
-38.5,32.5,14666,NA,0.1481751704926401,0.27333937694661725,0.1309281683609928
-37.5,32.5,14667,NA,0.05433607239959659,0.11428826890709443,0.05195163204919902
-36.5,32.5,14668,NA,0.06525046119240008,0.1448630501137222,0.050716585306369626
-35.5,32.5,14669,NA,0.07008061374206967,0.44728709807012745,0.05294956549510873
-34.5,32.5,14670,NA,0.06727293001898525,0.4459301136410616,0.05000401566425375
-33.5,32.5,14671,NA,0.04590192977920812,0.4250175146725914,0.033579588502522885
-32.5,32.5,14672,NA,0.06215262726858521,0.48181880758129547,0.04749396692398936
-31.5,32.5,14673,NA,0.058421826634433266,0.1935221020035518,0.03504516328159992
-30.5,32.5,14674,NA,0.05893567826487547,0.2802361205963073,0.03306443412141403
-58.5,33.5,14768,NA,0.10018566524679588,NA,NA
-57.5,33.5,14769,NA,0.10180057129989747,NA,NA
-56.5,33.5,14770,NA,0.11204366695381676,NA,NA
-55.5,33.5,14771,NA,0.11317539223213549,NA,NA
-54.5,33.5,14772,NA,0.16352780306966747,NA,NA
-52.5,33.5,14773,NA,0.13885518248546286,NA,NA
-51.5,33.5,14774,NA,0.2404130167339092,NA,NA
-50.5,33.5,14775,NA,0.13456129798177052,NA,NA
-45.5,33.5,14776,NA,0.3317611184068753,0.47498721706843833,NA
-44.5,33.5,14777,NA,0.6840939640555022,0.5527597562999695,NA
-43.5,33.5,14778,NA,0.16227800354006472,0.35236961614187395,NA
-42.5,33.5,14779,NA,0.11061600062950265,0.30850398529362205,NA
-41.5,33.5,14780,NA,0.10896330373768416,0.24523514714098224,NA
-40.5,33.5,14781,NA,0.27062832818378896,0.2526441228447292,NA
-39.5,33.5,14782,NA,0.13643648369421965,0.208480040608434,0.12155363233882371
-38.5,33.5,14783,NA,0.1786024253558227,0.29321808894742907,0.15489487160243706
-37.5,33.5,14784,NA,0.07615451279161681,0.18348827600822412,0.07400599452620142
-36.5,33.5,14785,NA,0.0628770601434422,0.16740892539367225,0.0556926184246219
-35.5,33.5,14786,NA,0.06679340107840878,0.19550642060512166,0.053805703615307454
-34.5,33.5,14787,NA,0.08715984049548027,0.28640979184430293,0.05417052868406688
-33.5,33.5,14788,NA,0.06778013227503443,0.18178030841166348,0.054244891475011964
-32.5,33.5,14789,NA,0.051698590612987,0.176924812187521,0.03913259458627782
-31.5,33.5,14790,NA,0.03864654633953226,0.14888807456050698,0.02881462223595327
-30.5,33.5,14791,NA,0.0366316646764393,0.14450814686275262,0.02794824673346658
-59.5,34.5,14884,NA,0.12803092155494708,NA,NA
-58.5,34.5,14885,NA,0.09588220414848898,NA,NA
-57.5,34.5,14886,NA,0.09889878045940262,NA,NA
-56.5,34.5,14887,NA,0.08815337105015993,NA,NA
-55.5,34.5,14888,NA,0.09042682504479335,NA,NA
-54.5,34.5,14889,NA,0.11250926294807378,NA,NA
-52.5,34.5,14890,NA,0.24505487464815867,NA,NA
-51.5,34.5,14891,NA,0.1199466944363165,NA,NA
-50.5,34.5,14892,NA,0.080793718204557885,NA,NA
-42.5,34.5,14893,NA,0.24862998859818308,0.407731499616584,NA
-41.5,34.5,14894,NA,0.28324083182794757,0.2810386618611383,NA
-40.5,34.5,14895,NA,0.21537585481192206,0.46679150153668486,NA
-39.5,34.5,14896,NA,0.18535761277121185,0.17706793052633446,0.14973346573362625
-38.5,34.5,14897,NA,0.1318343940716499,0.3404663417937605,0.10784499152092358
-37.5,34.5,14898,NA,0.09342161927032326,0.21450308582064007,0.07890954823587719
-36.5,34.5,14899,NA,0.08712487896167312,0.18989393260092843,0.06348065282633929
-35.5,34.5,14900,NA,0.06272628500451159,0.12287316114811024,0.052040472241072826
-34.5,34.5,14901,NA,0.06178617382018291,0.2087263748542206,0.05220073267143143
-33.5,34.5,14902,NA,0.05536713573639629,0.18484310802643752,0.04781865448633488
-32.5,34.5,14903,NA,0.03835992270143804,0.12927978213042854,0.03672360261198569
-31.5,34.5,14904,NA,0.02848383987247955,0.12141011740572373,0.028325750239481914
-30.5,34.5,14905,NA,0.029118707247511103,0.12012484637946648,0.027527956346058643
-59.5,35.5,14995,NA,0.07357993943848828,NA,NA
-58.5,35.5,14996,NA,0.0931104591097297,NA,NA
-57.5,35.5,14997,NA,0.09697251669368115,NA,NA
-56.5,35.5,14998,NA,0.07698584985194751,NA,NA
-55.5,35.5,14999,NA,0.058892723036352554,NA,NA
-54.5,35.5,15000,NA,0.0461817724164972,NA,NA
-50.5,35.5,15001,NA,0.05995603797860223,NA,NA
-49.5,35.5,15002,NA,0.12171598206333019,0.2117382088192052,NA
-48.5,35.5,15003,NA,0.06107492683994056,0.11623107477011328,NA
-47.5,35.5,15004,NA,0.06520186878457178,0.15207446183062054,NA
-46.5,35.5,15005,NA,0.14315049279449413,0.11850276685278723,NA
-39.5,35.5,15006,NA,0.15272198374290372,0.31953150080265,0.058958908626545285
-38.5,35.5,15007,NA,0.1582128126164998,0.3769362811943149,0.0883949818704467
-37.5,35.5,15008,NA,0.12577552716461476,0.27898034627275564,0.052780431988578645
-36.5,35.5,15009,NA,0.06529378866701416,0.19387678457786361,0.0639271056521727
-35.5,35.5,15010,NA,0.059618252163724815,0.1179181958000659,0.048665473984057184
-34.5,35.5,15011,NA,0.06034544029853938,0.1626210816346029,0.05253716151262729
-33.5,35.5,15012,NA,0.06060608517244941,0.1991993890410596,0.050743867710510315
-32.5,35.5,15013,NA,0.056306149507925445,0.21504532712549043,0.051402993582342446
-31.5,35.5,15014,NA,0.04175193030024669,0.1388415329364194,0.03226559112944628
-30.5,35.5,15015,NA,0.034014255510039365,0.15907744479901106,0.03224074259427382
-58.5,36.5,15105,NA,0.0863237159750223,NA,NA
-57.5,36.5,15106,NA,0.17409550923610603,NA,NA
-56.5,36.5,15107,NA,0.09117151970477097,NA,NA
-55.5,36.5,15108,NA,0.04446700288243334,NA,NA
-54.5,36.5,15109,NA,0.0655955306686362,NA,NA
-53.5,36.5,15110,NA,0.328159349134831,NA,NA
-50.5,36.5,15111,NA,0.1663985794552736,NA,NA
-49.5,36.5,15112,NA,0.10303697473896228,0.1282089836699904,NA
-48.5,36.5,15113,NA,0.0828697463289637,0.24470864247559462,NA
-47.5,36.5,15114,NA,0.10954745403583283,0.27644494072069975,NA
-46.5,36.5,15115,NA,0.10906526753643782,0.2607961315491405,NA
-45.5,36.5,15116,NA,0.10441821939447944,0.24736782690019019,NA
-44.5,36.5,15117,NA,0.07013155759432532,0.13725194563962334,NA
-38.5,36.5,15118,NA,0.1422675047170104,0.4312768118242381,0.09148238834368749
-37.5,36.5,15119,NA,0.0855786737802224,0.3066481346869896,0.07796610610934679
-36.5,36.5,15120,NA,0.05251285303576635,0.12880559519265117,0.04569164680282535
-35.5,36.5,15121,NA,0.04960431882366432,0.13898284810926187,0.04698602600444753
-34.5,36.5,15122,NA,0.059750247475341724,0.23613526931960196,0.04952443649662957
-33.5,36.5,15123,NA,0.06054174162648518,0.2143799939201541,0.055532945698518556
-32.5,36.5,15124,NA,0.05330609052491368,0.32810841489200415,0.05360291844331298
-31.5,36.5,15125,NA,0.04989319282085371,0.45956351645408,0.04731160283041661
-30.5,36.5,15126,NA,0.027745050000649633,0.2540582095806121,0.025263486400396426
-57.5,37.5,15216,NA,0.19017566428344204,NA,NA
-56.5,37.5,15217,NA,0.05015085941371809,NA,NA
-55.5,37.5,15218,NA,0.13824006115274562,NA,NA
-54.5,37.5,15219,NA,0.07616383091079795,NA,NA
-53.5,37.5,15220,NA,0.06679897285817159,NA,NA
-50.5,37.5,15221,NA,0.22113020688649737,NA,NA
-49.5,37.5,15222,NA,0.13513960642122944,0.1435800841724188,NA
-48.5,37.5,15223,NA,0.09549840138734818,0.1976231703624383,NA
-47.5,37.5,15224,NA,0.08887104373689941,0.20060328661791524,NA
-46.5,37.5,15225,NA,0.09600756775853131,0.23634744807059405,NA
-45.5,37.5,15226,NA,0.08565810150803113,0.19384613699311834,NA
-44.5,37.5,15227,NA,0.07337159232525,0.15626159660628994,NA
-43.5,37.5,15228,NA,0.05051048905512953,0.1102154760602013,NA
-42.5,37.5,15229,NA,0.1085915472007806,0.24954934287175937,NA
-41.5,37.5,15230,NA,0.08921342138903045,0.06332380119773597,NA
-38.5,37.5,15231,NA,0.1549365074953046,0.30146209265710855,0.08363429865927957
-37.5,37.5,15232,NA,0.08514306099116146,0.26935973541424285,0.07560398527376057
-36.5,37.5,15233,NA,0.07952237357978385,0.2418172622277089,0.06654322021089275
-35.5,37.5,15234,NA,0.04109926774545733,0.14120060298220485,0.041989833159305434
-34.5,37.5,15235,NA,0.04852567296719347,0.2776466790493074,0.05398146064537876
-33.5,37.5,15236,NA,0.051342866636052406,0.24809615861327647,0.0528812503046429
-32.5,37.5,15237,NA,0.04884223431685134,0.3257569359536706,0.051503668104055385
-31.5,37.5,15238,NA,0.046935427289845434,0.37906388915949113,0.050261815801710553
-30.5,37.5,15239,NA,0.030912614134506446,0.1828657329068214,0.031908273408328365
-59.5,38.5,15330,NA,0.0691072885952456,NA,NA
-58.5,38.5,15331,NA,0.0764949076220252,NA,NA
-57.5,38.5,15332,NA,0.03133497122611363,NA,NA
-56.5,38.5,15333,NA,0.04956440516073595,NA,NA
-55.5,38.5,15334,NA,0.1506010673328478,NA,NA
-51.5,38.5,15335,NA,0.25919308732404295,NA,NA
-50.5,38.5,15336,NA,0.21893665888810926,NA,NA
-49.5,38.5,15337,NA,0.12226171142685419,0.1632123230557478,NA
-48.5,38.5,15338,NA,0.0844934046649573,0.16675155562224087,NA
-47.5,38.5,15339,NA,0.08979886787685892,0.28096612394254067,NA
-46.5,38.5,15340,NA,0.07769476847702107,0.2588101836772806,NA
-45.5,38.5,15341,NA,0.10830646565263527,0.3361296654957352,NA
-44.5,38.5,15342,NA,0.10407821415256312,0.218077177971755,NA
-43.5,38.5,15343,NA,0.08613263964572299,0.20613666966241284,NA
-42.5,38.5,15344,NA,0.0599770546359063,0.1927697863651061,NA
-41.5,38.5,15345,NA,0.05919289684463138,0.24540620503757887,NA
-40.5,38.5,15346,NA,0.13047349330947894,0.07674147689201971,NA
-37.5,38.5,15347,NA,0.15035696421923422,0.24506225240785048,0.09662106889888378
-36.5,38.5,15348,NA,0.06559884512218843,0.13347731708749822,0.06105881281312358
-35.5,38.5,15349,NA,0.0437987032270215,0.12621245155860478,0.049467762729868844
-34.5,38.5,15350,NA,0.04378481736218165,0.13615030229063654,0.1048913285989546
-33.5,38.5,15351,NA,0.05401645395913163,0.1193353390913682,0.09310129063776489
-32.5,38.5,15352,NA,0.04397842050543246,0.1251479509782787,0.05749602587618309
-31.5,38.5,15353,NA,0.04208427112473441,0.11020181054452584,0.0426887758473941
-30.5,38.5,15354,NA,0.041818727499558304,0.10591339178220013,0.04731075540340667
-59.5,39.5,15443,NA,0.031652286196604075,NA,NA
-56.5,39.5,15444,NA,0.05479875151062071,NA,NA
-55.5,39.5,15445,NA,0.17245223749265912,NA,NA
-51.5,39.5,15446,NA,0.2427288177658738,NA,NA
-50.5,39.5,15447,NA,0.22217839893785338,NA,NA
-49.5,39.5,15448,NA,0.10932422900552166,0.1547735966569891,NA
-48.5,39.5,15449,NA,0.089193503554068,0.251382186871848,NA
-47.5,39.5,15450,NA,0.1115956014236787,0.2508163841469814,NA
-46.5,39.5,15451,NA,0.11035550165884919,0.2704387293828895,NA
-45.5,39.5,15452,NA,0.07724218352325044,0.2891363937434306,NA
-44.5,39.5,15453,NA,0.08899577421088391,0.295796406207014,NA
-43.5,39.5,15454,NA,0.080999574071881,0.25543868536491077,NA
-42.5,39.5,15455,NA,0.07614326715398012,0.20119013272954298,NA
-41.5,39.5,15456,NA,0.06277030228768984,0.1930787694711432,NA
-40.5,39.5,15457,NA,0.04516812028539253,0.20728564663900992,NA
-37.5,39.5,15458,NA,0.3249616528567874,0.48788101573338255,0.2214001935822955
-36.5,39.5,15459,NA,0.11615634931491776,0.1920657254890375,0.10783353155265962
-35.5,39.5,15460,NA,0.0902383179151854,0.17037912147957596,0.08830409331670137
-34.5,39.5,15461,NA,0.08468129516087466,0.15169108256400424,0.08223674144233803
-33.5,39.5,15462,NA,0.08852382293775035,0.14643116316868265,0.07261623324621512
-32.5,39.5,15463,NA,0.09149887006695892,0.15165580581923555,0.0674390516420342
-31.5,39.5,15464,NA,0.08648457753598426,0.16116427287598167,0.06613642493600108
-30.5,39.5,15465,NA,0.08099513173834365,0.13260921930043543,0.06319842089448345
-9.5,-39.5,127,NA,NA,0.016934566284521373,NA
-8.5,-39.5,128,NA,NA,0.0166481357740229,NA
-7.5,-39.5,129,NA,NA,0.030224690154556196,NA
-6.5,-39.5,130,NA,NA,0.02991677128562601,NA
-2.5,-39.5,131,NA,NA,0.01369181311189334,NA
-1.5,-39.5,132,NA,NA,0.01851742315407981,NA
-0.5,-39.5,133,NA,NA,0.01755305791037424,NA
-9.5,-38.5,365,NA,NA,0.012128120358976388,NA
-8.5,-38.5,366,NA,NA,0.012615771737889057,NA
-7.5,-38.5,367,NA,NA,0.01440099755026564,NA
-6.5,-38.5,368,NA,NA,0.010979711975878137,NA
-5.5,-38.5,369,NA,NA,0.026624223941205588,NA
-1.5,-38.5,370,NA,NA,0.02179312453917784,NA
-0.5,-38.5,371,NA,NA,0.020765575066450898,NA
-9.5,-37.5,598,NA,NA,0.009199266714759286,NA
-8.5,-37.5,599,NA,NA,0.009366146639695613,NA
-7.5,-37.5,600,NA,NA,0.013594407785928764,NA
-6.5,-37.5,601,NA,NA,0.011315287490707843,NA
-5.5,-37.5,602,NA,NA,0.01317113887867028,NA
-3.5,-37.5,603,NA,NA,0.012733546806041574,NA
-2.5,-37.5,604,NA,NA,0.027178474382264173,NA
-1.5,-37.5,605,NA,NA,0.017769607380545522,NA
-0.5,-37.5,606,NA,NA,0.011923947659449057,NA
-9.5,-36.5,833,NA,NA,0.010539143770943477,NA
-8.5,-36.5,834,NA,NA,0.01309866716618964,NA
-7.5,-36.5,835,NA,NA,0.014484774242869564,NA
-6.5,-36.5,836,NA,NA,0.03722748823860808,NA
-4.5,-36.5,837,NA,NA,0.028225082627947286,NA
-3.5,-36.5,838,NA,NA,0.014875118902845558,NA
-2.5,-36.5,839,NA,NA,0.011130273091205912,NA
-1.5,-36.5,840,NA,NA,0.018919430327230435,NA
-0.5,-36.5,841,NA,NA,0.011049976201427343,NA
-9.5,-35.5,1065,NA,NA,0.014795536909299016,NA
-8.5,-35.5,1066,NA,NA,0.012985135361827603,NA
-7.5,-35.5,1067,NA,NA,0.018454979441949557,NA
-5.5,-35.5,1068,NA,NA,0.031938431924804854,NA
-4.5,-35.5,1069,NA,NA,0.010795893030050125,NA
-3.5,-35.5,1070,NA,NA,0.01052352069458574,NA
-2.5,-35.5,1071,NA,NA,0.011992341800873451,NA
-1.5,-35.5,1072,NA,NA,0.01045605697677613,NA
-0.5,-35.5,1073,NA,NA,0.009284924880406137,NA
-9.5,-34.5,1292,NA,NA,0.015767940529170316,NA
-8.5,-34.5,1293,NA,NA,0.019872592576724156,NA
-7.5,-34.5,1294,NA,NA,0.015358109170143536,NA
-6.5,-34.5,1295,NA,NA,0.028504678355796464,NA
-5.5,-34.5,1296,NA,NA,0.01674467362903942,NA
-4.5,-34.5,1297,NA,NA,0.01709647376435205,NA
-3.5,-34.5,1298,NA,NA,0.0112212644304955,NA
-2.5,-34.5,1299,NA,NA,0.009267859132730639,NA
-1.5,-34.5,1300,NA,NA,0.013281203354657852,NA
-0.5,-34.5,1301,NA,NA,0.013907361827938683,NA
-9.5,-33.5,1515,NA,NA,0.01711394985639266,NA
-8.5,-33.5,1516,NA,NA,0.01702701550286834,NA
-7.5,-33.5,1517,NA,NA,0.019589169158473068,NA
-6.5,-33.5,1518,NA,NA,0.01941641991497486,NA
-5.5,-33.5,1519,NA,NA,0.01597141907762481,NA
-4.5,-33.5,1520,NA,NA,0.01811555889396741,NA
-3.5,-33.5,1521,NA,NA,0.012728008025866658,NA
-2.5,-33.5,1522,NA,NA,0.01432638098817573,NA
-1.5,-33.5,1523,NA,NA,0.01329972222033851,NA
-0.5,-33.5,1524,NA,NA,0.011717353138493121,NA
-9.5,-32.5,1734,NA,NA,0.01544275477412397,NA
-8.5,-32.5,1735,NA,NA,0.01714848328517843,NA
-7.5,-32.5,1736,NA,NA,0.014797261314007373,NA
-6.5,-32.5,1737,NA,NA,0.017248810488397083,NA
-5.5,-32.5,1738,NA,NA,0.01468940973509816,NA
-4.5,-32.5,1739,NA,NA,0.014046443763888137,NA
-3.5,-32.5,1740,NA,NA,0.013746392933303715,NA
-2.5,-32.5,1741,NA,NA,0.01454373447283008,NA
-1.5,-32.5,1742,NA,NA,0.012396891022553083,NA
-0.5,-32.5,1743,NA,NA,0.011317664586837433,NA
-9.5,-31.5,1945,NA,NA,0.015476204130506049,NA
-8.5,-31.5,1946,NA,NA,0.014504138153923695,NA
-7.5,-31.5,1947,NA,NA,0.012421043688753882,NA
-6.5,-31.5,1948,NA,NA,0.013090153926272042,NA
-5.5,-31.5,1949,NA,NA,0.014460724357868816,NA
-4.5,-31.5,1950,NA,NA,0.014265594951123645,NA
-3.5,-31.5,1951,NA,NA,0.013614539819992501,NA
-2.5,-31.5,1952,NA,NA,0.012359018885863635,NA
-1.5,-31.5,1953,NA,NA,0.01184459269410546,NA
-0.5,-31.5,1954,NA,NA,0.008910377258377913,NA
-9.5,-30.5,2155,NA,NA,0.014607502960976697,NA
-8.5,-30.5,2156,NA,NA,0.013539795696633605,NA
-7.5,-30.5,2157,NA,NA,0.012316741329359207,NA
-6.5,-30.5,2158,NA,NA,0.011839560253502432,NA
-5.5,-30.5,2159,NA,NA,0.012833049654170751,NA
-4.5,-30.5,2160,NA,NA,0.012463794682623715,NA
-3.5,-30.5,2161,NA,NA,0.012738538145570535,NA
-2.5,-30.5,2162,NA,NA,0.012945343122564592,NA
-1.5,-30.5,2163,NA,NA,0.013423260799404051,NA
-0.5,-30.5,2164,NA,NA,0.010474296443360303,NA
-19.5,-29.5,2355,NA,NA,0.011185021408772772,0.01795352695408499
-18.5,-29.5,2356,NA,NA,0.010527928473143723,0.01656030201326589
-17.5,-29.5,2357,NA,NA,0.015516771879622585,0.016565935454698782
-16.5,-29.5,2358,NA,NA,0.010734902287747195,0.016564606066373153
-15.5,-29.5,2359,NA,NA,0.0168413532052338,0.018018455866032745
-14.5,-29.5,2360,NA,NA,0.020928205962747155,0.023163961261741542
-13.5,-29.5,2361,NA,NA,0.022122930152282696,0.024625449778317696
-12.5,-29.5,2362,NA,NA,0.020570439557753326,0.02707617128338148
-11.5,-29.5,2363,NA,NA,0.012537467604014205,0.026259767786743275
-10.5,-29.5,2364,NA,NA,0.01857314288197358,0.025174824572128388
-9.5,-29.5,2365,NA,NA,0.015048519437312427,0.019055539843024934
-8.5,-29.5,2366,NA,NA,0.012984678247050158,0.016095956759236654
-7.5,-29.5,2367,NA,NA,0.013107231834665426,0.01795356227527765
-6.5,-29.5,2368,NA,NA,0.011381696516774903,0.01681033559278005
-5.5,-29.5,2369,NA,NA,0.011730552235415272,0.02080956028128486
-4.5,-29.5,2370,NA,NA,0.010815738258505016,0.025692131269872277
-3.5,-29.5,2371,NA,NA,0.011659961512918898,0.028502891674038768
-2.5,-29.5,2372,NA,NA,0.013476441797031002,0.02899990171632667
-1.5,-29.5,2373,NA,NA,0.013547449191671893,0.03261784060231917
-0.5,-29.5,2374,NA,NA,0.013572959170912014,0.03566212026158987
0.5,-29.5,2375,NA,NA,0.015503828216355734,NA
1.5,-29.5,2376,NA,NA,0.02049050342529804,NA
2.5,-29.5,2377,NA,NA,0.029111081125307085,NA
3.5,-29.5,2378,NA,NA,0.018126600267989287,NA
4.5,-29.5,2379,NA,NA,0.021448654997189783,NA
5.5,-29.5,2380,NA,NA,0.017447328463121223,NA
6.5,-29.5,2381,NA,NA,0.0166438988940609,NA
7.5,-29.5,2382,NA,NA,0.017017180852983097,NA
8.5,-29.5,2383,NA,NA,0.013755595893244306,NA
9.5,-29.5,2384,NA,NA,0.011053322159713502,NA
-19.5,-28.5,2565,NA,NA,0.010453309874908966,0.01833685112275735
-18.5,-28.5,2566,NA,NA,0.010245860106792558,0.019914828378946963
-17.5,-28.5,2567,NA,NA,0.010336208941984159,0.018825625446444623
-16.5,-28.5,2568,NA,NA,0.010463580610884858,0.01817844962661885
-15.5,-28.5,2569,NA,NA,0.011464293575390465,0.020109839065178624
-14.5,-28.5,2570,NA,NA,0.01300171664545027,0.021208253492939044
-13.5,-28.5,2571,NA,NA,0.012531532629480695,0.02349770828675407
-12.5,-28.5,2572,NA,NA,0.016814964561359905,0.023483743818177815
-11.5,-28.5,2573,NA,NA,0.012518955603650557,0.026483600188059387
-10.5,-28.5,2574,NA,NA,0.01826589974603912,0.024576239358901866
-9.5,-28.5,2575,NA,NA,0.014217188370430053,0.023298974561913755
-8.5,-28.5,2576,NA,NA,0.013876093542344299,0.023935964174014425
-7.5,-28.5,2577,NA,NA,0.012196190289328697,0.026487751083593185
-6.5,-28.5,2578,NA,NA,0.011711613903251901,0.027782290559870745
-5.5,-28.5,2579,NA,NA,0.011948816907612233,0.024633121120189602
-4.5,-28.5,2580,NA,NA,0.01202715957818781,0.02386112063902309
-3.5,-28.5,2581,NA,NA,0.012361150287940102,0.026689196129734735
-2.5,-28.5,2582,NA,NA,0.015049405846305552,0.031352846189049405
-1.5,-28.5,2583,NA,NA,0.014944613665387253,0.03397462125142253
-0.5,-28.5,2584,NA,NA,0.015107066472426964,0.03154741606228813
0.5,-28.5,2585,NA,NA,0.016425148484113725,NA
1.5,-28.5,2586,NA,NA,0.019041356041818083,NA
2.5,-28.5,2587,NA,NA,0.021909379062845354,NA
3.5,-28.5,2588,NA,NA,0.021821754772218697,NA
4.5,-28.5,2589,NA,NA,0.012544741223701627,NA
5.5,-28.5,2590,NA,NA,0.011186928597205416,NA
6.5,-28.5,2591,NA,NA,0.014835632562168298,NA
7.5,-28.5,2592,NA,NA,0.012477969524273267,NA
8.5,-28.5,2593,NA,NA,0.011554168311124064,NA
9.5,-28.5,2594,NA,NA,0.006528826863229867,NA
-19.5,-27.5,2775,NA,NA,0.008537196108000923,0.016709552500117825
-18.5,-27.5,2776,NA,NA,0.0070618286355475365,0.013559760688928378
-17.5,-27.5,2777,NA,NA,0.007195915751793145,0.01433367283622252
-16.5,-27.5,2778,NA,NA,0.008415408581872145,0.014209722737226399
-15.5,-27.5,2779,NA,NA,0.013650792567461583,0.015590570401280961
-14.5,-27.5,2780,NA,NA,0.010169730914828755,0.01765477125847654
-13.5,-27.5,2781,NA,NA,0.01023121526363174,0.022640673031566503
-12.5,-27.5,2782,NA,NA,0.010058210431633028,0.028352524062600366
-11.5,-27.5,2783,NA,NA,0.01162977321799937,0.031840142424541154
-10.5,-27.5,2784,NA,NA,0.012500696522090632,0.0457345473091575
-9.5,-27.5,2785,NA,NA,0.013732590479571132,0.03260717248679793
-8.5,-27.5,2786,NA,NA,0.013942860617219126,0.030399837111850663
-7.5,-27.5,2787,NA,NA,0.01338565095328458,0.03198325446450159
-6.5,-27.5,2788,NA,NA,0.01292909952655547,0.02417792827887453
-5.5,-27.5,2789,NA,NA,0.01195087339477961,0.020975353580513948
-4.5,-27.5,2790,NA,NA,0.010211324396664176,0.015815521270650286
-3.5,-27.5,2791,NA,NA,0.009045149017198242,0.01842830904384123
-2.5,-27.5,2792,NA,NA,0.015302770262186042,0.02086498362970124
-1.5,-27.5,2793,NA,NA,0.016421511464162663,0.0228142202247761
-0.5,-27.5,2794,NA,NA,0.014377512888233874,0.022486502583482802
0.5,-27.5,2795,NA,NA,0.01335934819895605,NA
1.5,-27.5,2796,NA,NA,0.012088506118553104,NA
2.5,-27.5,2797,NA,NA,0.016575600554975964,NA
3.5,-27.5,2798,NA,NA,0.011532443067207668,NA
4.5,-27.5,2799,NA,NA,0.007609517146455439,NA
5.5,-27.5,2800,NA,NA,0.010513304042025308,NA
6.5,-27.5,2801,NA,NA,0.013963760137043238,NA
7.5,-27.5,2802,NA,NA,0.012065218729981415,NA
8.5,-27.5,2803,NA,NA,0.01070520678182782,NA
9.5,-27.5,2804,NA,NA,0.008760752112666397,NA
-19.5,-26.5,2984,NA,NA,0.0074936464460970045,0.027989352185144763
-18.5,-26.5,2985,NA,NA,0.006666861759686777,0.030168174534326356
-17.5,-26.5,2986,NA,NA,0.00691521589653263,0.028909382465396503
-16.5,-26.5,2987,NA,NA,0.00781182085980633,0.03380896243639191
-15.5,-26.5,2988,NA,NA,0.013456451914352888,0.03480769809025742
-14.5,-26.5,2989,NA,NA,0.009354569190522261,0.043537253733022765
-13.5,-26.5,2990,NA,NA,0.009269124475138888,0.03170790503917067
-12.5,-26.5,2991,NA,NA,0.008118751208814997,0.0248875270979858
-11.5,-26.5,2992,NA,NA,0.009244443428978712,0.029116709937291693
-10.5,-26.5,2993,NA,NA,0.010166778621883102,0.027447427011047902
-9.5,-26.5,2994,NA,NA,0.01330115345584999,0.026417343350556267
-8.5,-26.5,2995,NA,NA,0.01343993062468521,0.026907031369273162
-7.5,-26.5,2996,NA,NA,0.012709551003793586,0.024414715492230385
-6.5,-26.5,2997,NA,NA,0.012362994078554354,0.022223893786101994
-5.5,-26.5,2998,NA,NA,0.013440455795117113,0.02136354638971638
-4.5,-26.5,2999,NA,NA,0.009567694376815017,0.022287078068517728
-3.5,-26.5,3000,NA,NA,0.009952487945629265,0.021699183094086055
-2.5,-26.5,3001,NA,NA,0.012817525684596816,0.0221689347672397
-1.5,-26.5,3002,NA,NA,0.012659260128440628,0.025437348972739117
-0.5,-26.5,3003,NA,NA,0.01305585299962651,0.025653641718988554
0.5,-26.5,3004,NA,NA,0.008148333849969918,NA
1.5,-26.5,3005,NA,NA,0.008401246045396773,NA
2.5,-26.5,3006,NA,NA,0.011086433088246653,NA
3.5,-26.5,3007,NA,NA,0.008791594339102907,NA
4.5,-26.5,3008,NA,NA,0.010250017262602659,NA
5.5,-26.5,3009,NA,NA,0.009626015061048834,NA
6.5,-26.5,3010,NA,NA,0.009565308393205256,NA
7.5,-26.5,3011,NA,NA,0.011708721008448148,NA
8.5,-26.5,3012,NA,NA,0.00896646003224844,NA
9.5,-26.5,3013,NA,NA,0.00911522870075126,NA
-19.5,-25.5,3192,NA,NA,0.006164600971718653,0.027075775195958985
-18.5,-25.5,3193,NA,NA,0.005927706395525843,0.02432527191878359
-17.5,-25.5,3194,NA,NA,0.0066826849835573245,0.02506365584914548
-16.5,-25.5,3195,NA,NA,0.0069407821272741265,0.02362125075479137
-15.5,-25.5,3196,NA,NA,0.008051638243838368,0.025587288658941245
-14.5,-25.5,3197,NA,NA,0.012542675567794611,0.027600046544883763
-13.5,-25.5,3198,NA,NA,0.01277324841226178,0.02928143065232267
-12.5,-25.5,3199,NA,NA,0.007793099847962036,0.03320287846498105
-11.5,-25.5,3200,NA,NA,0.008034249211492976,0.034032687017932606
-10.5,-25.5,3201,NA,NA,0.009203818233494499,0.03816964616101795
-9.5,-25.5,3202,NA,NA,0.012881316646741367,0.037877981096811564
-8.5,-25.5,3203,NA,NA,0.013753776431508847,0.036884947478459065
-7.5,-25.5,3204,NA,NA,0.01393714569689969,0.03951632978829522
-6.5,-25.5,3205,NA,NA,0.014042251003798847,0.03703252008338599
-5.5,-25.5,3206,NA,NA,0.009532438125519458,0.045140549230550636
-4.5,-25.5,3207,NA,NA,0.009322849662430343,0.05061256939041621
-3.5,-25.5,3208,NA,NA,0.00900676571613467,0.03242592516143672
-2.5,-25.5,3209,NA,NA,0.01262875677196106,0.03320486042035404
-1.5,-25.5,3210,NA,NA,0.013694231817559582,0.03610277581850916
-0.5,-25.5,3211,NA,NA,0.012747234685264966,0.03129203753204554
0.5,-25.5,3212,NA,NA,0.010627395316411256,NA
1.5,-25.5,3213,NA,NA,0.010969403296951672,NA
2.5,-25.5,3214,NA,NA,0.008179708359680826,NA
3.5,-25.5,3215,NA,NA,0.01116751955903305,NA
4.5,-25.5,3216,NA,NA,0.013133427213174346,NA
5.5,-25.5,3217,NA,NA,0.013577223801252434,NA
6.5,-25.5,3218,NA,NA,0.01393309163917667,NA
7.5,-25.5,3219,NA,NA,0.012682721414512316,NA
8.5,-25.5,3220,NA,NA,0.011747386565282986,NA
9.5,-25.5,3221,NA,NA,0.012011247684788952,NA
-19.5,-24.5,3399,NA,NA,0.006651121905461357,0.032156980017220685
-18.5,-24.5,3400,NA,NA,0.006545654913157045,0.03721225499208646
-17.5,-24.5,3401,NA,NA,0.00958097731204129,0.038459239916065875
-16.5,-24.5,3402,NA,NA,0.007184770751935657,0.040581108136997224
-15.5,-24.5,3403,NA,NA,0.010490292791959692,0.04112821220655417
-14.5,-24.5,3404,NA,NA,0.010755818004561806,0.04232564358103129
-13.5,-24.5,3405,NA,NA,0.012830831003063297,0.05505089091965835
-12.5,-24.5,3406,NA,NA,0.013722037994784272,0.05388756497182358
-11.5,-24.5,3407,NA,NA,0.00858746631044584,0.041641388125227025
-10.5,-24.5,3408,NA,NA,0.0077843329604841555,0.06509471173912924
-9.5,-24.5,3409,NA,NA,0.008048680223113043,0.060791938940682994
-8.5,-24.5,3410,NA,NA,0.013665816568157586,0.058356085913822374
-7.5,-24.5,3411,NA,NA,0.013964974136988835,0.05848314927986582
-6.5,-24.5,3412,NA,NA,0.012746575667083827,0.039126428932012416
-5.5,-24.5,3413,NA,NA,0.009155408601304297,0.041503507510490686
-4.5,-24.5,3414,NA,NA,0.010246349333715698,0.059083291109425035
-3.5,-24.5,3415,NA,NA,0.0140934008700649,0.04006020619327365
-2.5,-24.5,3416,NA,NA,0.015749313499302905,0.04560135527053203
-1.5,-24.5,3417,NA,NA,0.014296060197734618,0.03827060765081991
-0.5,-24.5,3418,NA,NA,0.011880304977445948,0.04107641559802341
0.5,-24.5,3419,NA,NA,0.01116255169328603,NA
1.5,-24.5,3420,NA,NA,0.01101043971015553,NA
2.5,-24.5,3421,NA,NA,0.0075620820415443196,NA
3.5,-24.5,3422,NA,NA,0.01140835673254461,NA
4.5,-24.5,3423,NA,NA,0.014811905853388443,NA
5.5,-24.5,3424,NA,NA,0.012578520938786733,NA
6.5,-24.5,3425,NA,NA,0.013435135326961101,NA
7.5,-24.5,3426,NA,NA,0.013576633187322289,NA
8.5,-24.5,3427,NA,NA,0.012318225480292572,NA
9.5,-24.5,3428,NA,NA,0.012179069919701559,NA
-19.5,-23.5,3607,NA,NA,0.009700836592225712,0.0443750149449138
-18.5,-23.5,3608,NA,NA,0.006619371303693033,0.048097756083815064
-17.5,-23.5,3609,NA,NA,0.009410519693082927,0.05427884213173956
-16.5,-23.5,3610,NA,NA,0.009835317583350794,0.05573322343694353
-15.5,-23.5,3611,NA,NA,0.019621299346335625,0.06713279114822837
-14.5,-23.5,3612,NA,NA,0.016616167922525498,0.07537537225644902
-13.5,-23.5,3613,NA,NA,0.013717021261792233,0.0676685498155556
-12.5,-23.5,3614,NA,NA,0.010832917268307226,0.11273282294863719
-11.5,-23.5,3615,NA,NA,0.00896220262836286,0.05341953377811779
-10.5,-23.5,3616,NA,NA,0.010639371165824566,0.0574537454850613
-9.5,-23.5,3617,NA,NA,0.008570810497255159,0.0669677991951128
-8.5,-23.5,3618,NA,NA,0.014070952810386539,0.043463680077334664
-7.5,-23.5,3619,NA,NA,0.014202663922742567,0.041732104831422576
-6.5,-23.5,3620,NA,NA,0.017817348804948223,0.04782955034907368
-5.5,-23.5,3621,NA,NA,0.01940583832602031,0.0883874550610772
-4.5,-23.5,3622,NA,NA,0.017315641624977285,0.053350765929822984
-3.5,-23.5,3623,NA,NA,0.012904492144395593,0.050405274496612376
-2.5,-23.5,3624,NA,NA,0.013804014722496028,0.051194730489609604
-1.5,-23.5,3625,NA,NA,0.013187818203092791,0.048456037032124005
-0.5,-23.5,3626,NA,NA,0.01229757461812634,0.04480523084801019
0.5,-23.5,3627,NA,NA,0.010392818814758495,NA
1.5,-23.5,3628,NA,NA,0.010929325307368907,NA
2.5,-23.5,3629,NA,NA,0.010170872339557775,NA
3.5,-23.5,3630,NA,NA,0.014556372029079192,NA
4.5,-23.5,3631,NA,NA,0.017735253105217823,NA
5.5,-23.5,3632,NA,NA,0.012991850579620774,NA
6.5,-23.5,3633,NA,NA,0.01273815993234731,NA
7.5,-23.5,3634,NA,NA,0.013365025895687284,NA
8.5,-23.5,3635,NA,NA,0.01477536675299316,NA
9.5,-23.5,3636,NA,NA,0.013848171019468846,NA
-19.5,-22.5,3816,NA,NA,0.006694044209720882,0.05848597268982052
-18.5,-22.5,3817,NA,NA,0.007802071745523258,0.04439272678803295
-17.5,-22.5,3818,NA,NA,0.011541758275972983,0.05232314270638827
-16.5,-22.5,3819,NA,NA,0.01569663596263223,0.10120001576530167
-15.5,-22.5,3820,NA,NA,0.015895426150302518,0.11109888539023886
-14.5,-22.5,3821,NA,NA,0.018414868659613018,0.12328638605625486
-13.5,-22.5,3822,NA,NA,0.02258891466032946,0.13292300108740376
-12.5,-22.5,3823,NA,NA,0.02565199174211875,0.18405385461845242
-11.5,-22.5,3824,NA,NA,0.01614317864540699,0.0995333012249759
-10.5,-22.5,3825,NA,NA,0.01650281734177856,0.1143319622739417
-9.5,-22.5,3826,NA,NA,0.009904082036089112,0.0926237632657958
-8.5,-22.5,3827,NA,NA,0.00864061278769166,0.05142721640370028
-7.5,-22.5,3828,NA,NA,0.01166134645089798,0.06881495978086591
-6.5,-22.5,3829,NA,NA,0.01973258401656733,0.12979928787517067
-5.5,-22.5,3830,NA,NA,0.017943555618076572,0.08923237344823207
-4.5,-22.5,3831,NA,NA,0.01620338520979882,0.08660824193607418
-3.5,-22.5,3832,NA,NA,0.019523565549783198,0.10354163323938782
-2.5,-22.5,3833,NA,NA,0.011684484388764196,0.06246144408116024
-1.5,-22.5,3834,NA,NA,0.011718241283063157,0.06251106069815138
-0.5,-22.5,3835,NA,NA,0.011426651776697713,0.06116433442434827
0.5,-22.5,3836,NA,NA,0.011750204536090568,NA
1.5,-22.5,3837,NA,NA,0.012843953073932508,NA
2.5,-22.5,3838,NA,NA,0.017515283054732326,NA
3.5,-22.5,3839,NA,NA,0.024118287422404086,NA
4.5,-22.5,3840,NA,NA,0.02051950700150245,NA
5.5,-22.5,3841,NA,NA,0.016491501560555885,NA
6.5,-22.5,3842,NA,NA,0.013207054338739447,NA
7.5,-22.5,3843,NA,NA,0.01272253295984749,NA
8.5,-22.5,3844,NA,NA,0.012444541974838725,NA
9.5,-22.5,3845,NA,NA,0.013311879881761888,NA
-19.5,-21.5,4027,NA,NA,0.010741060614481832,0.08993571409158485
-18.5,-21.5,4028,NA,NA,0.008033489125619797,0.09226288653219887
-17.5,-21.5,4029,NA,NA,0.017165635427248416,0.08305785195325895
-16.5,-21.5,4030,NA,NA,0.018438528251987184,0.08931108498012524
-15.5,-21.5,4031,NA,NA,0.010785141130423503,0.10291391875632036
-13.5,-21.5,4032,NA,NA,0.020326127798219518,0.163615429108058
-12.5,-21.5,4033,NA,NA,0.021495271814454195,0.17283484249522912
-11.5,-21.5,4034,NA,NA,0.02887684561611047,0.1272010696430021
-10.5,-21.5,4035,NA,NA,0.019871100760431686,0.14949699431178592
-9.5,-21.5,4036,NA,NA,0.01810323701982034,0.076372020304644
-8.5,-21.5,4037,NA,NA,0.01911078272885013,0.11940038058224517
-7.5,-21.5,4038,NA,NA,0.021423402325968555,0.1253978582376375
-6.5,-21.5,4039,NA,NA,0.01813195102138411,0.08444002533066342
-5.5,-21.5,4040,NA,NA,0.02084149547919225,0.11130676072872968
-4.5,-21.5,4041,NA,NA,0.01795291951642939,0.09744226592188075
-3.5,-21.5,4042,NA,NA,0.015688089143011417,0.08185766825357225
-2.5,-21.5,4043,NA,NA,0.010977147620378283,0.06005645664886009
-1.5,-21.5,4044,NA,NA,0.011057543199356925,0.05563262847036196
-0.5,-21.5,4045,NA,NA,0.014936193379509802,0.07420033091215675
0.5,-21.5,4046,NA,NA,0.011848509035306442,NA
1.5,-21.5,4047,NA,NA,0.01600659107508628,NA
2.5,-21.5,4048,NA,NA,0.010537951361964453,NA
3.5,-21.5,4049,NA,NA,0.0191147847862773,NA
4.5,-21.5,4050,NA,NA,0.02235885232702727,NA
5.5,-21.5,4051,NA,NA,0.02811760100760531,NA
6.5,-21.5,4052,NA,NA,0.013944918136428877,NA
7.5,-21.5,4053,NA,NA,0.016086388555953523,NA
8.5,-21.5,4054,NA,NA,0.013890460811887077,NA
9.5,-21.5,4055,NA,NA,0.013991356916642453,NA
-19.5,-20.5,4239,NA,NA,0.012363642565195955,0.07295554334855868
-18.5,-20.5,4240,NA,NA,0.01933116833134732,0.10518964427888271
-17.5,-20.5,4241,NA,NA,0.020923274999740598,0.12491595742345876
-16.5,-20.5,4242,NA,NA,0.01839240738435793,0.11466758641196245
-14.5,-20.5,4243,NA,NA,0.02347097246933344,0.1199908259560511
-13.5,-20.5,4244,NA,NA,0.028497600905927508,0.2628521834971503
-12.5,-20.5,4245,NA,NA,0.03487499986366372,0.19927171337742897
-11.5,-20.5,4246,NA,NA,0.030641105128121432,0.15333776092401716
-10.5,-20.5,4247,NA,NA,0.023473187088836462,0.23150265731325123
-9.5,-20.5,4248,NA,NA,0.02723267371681317,0.11603376235875099
-8.5,-20.5,4249,NA,NA,0.02697996816728764,0.13358929010763215
-7.5,-20.5,4250,NA,NA,0.021480124853655566,0.1112452849861025
-6.5,-20.5,4251,NA,NA,0.022924583471515304,0.1703886638413041
-5.5,-20.5,4252,NA,NA,0.022140495101133337,0.14777597512819643
-4.5,-20.5,4253,NA,NA,0.01912131309252037,0.09836444943192928
-3.5,-20.5,4254,NA,NA,0.018826178265347663,0.09738488123814815
-2.5,-20.5,4255,NA,NA,0.016430837865921533,0.0794540395673335
-1.5,-20.5,4256,NA,NA,0.017359678600011506,0.07651334955806062
-0.5,-20.5,4257,NA,NA,0.016333125371311617,0.07804594160240412
0.5,-20.5,4258,NA,NA,0.01882922612687532,NA
1.5,-20.5,4259,NA,NA,0.02520661406679515,NA
2.5,-20.5,4260,NA,NA,0.01269915437327621,NA
3.5,-20.5,4261,NA,NA,0.022086819776474503,NA
4.5,-20.5,4262,NA,NA,0.022729833226245534,NA
5.5,-20.5,4263,NA,NA,0.027500384570808906,NA
6.5,-20.5,4264,NA,NA,0.018167382740362423,NA
7.5,-20.5,4265,NA,NA,0.016413553197120796,NA
8.5,-20.5,4266,NA,NA,0.0192716141297171,NA
9.5,-20.5,4267,NA,NA,0.020770660278107776,NA
-31.5,-19.5,4444,NA,NA,0.02133728390039089,0.11406012150555467
-30.5,-19.5,4445,NA,NA,0.022666464527092107,0.2238620925786207
-33.5,-18.5,4663,NA,NA,0.1716543861762083,0.10360607311458696
-32.5,-18.5,4664,NA,NA,0.02148973691304983,0.29327081702501523
-31.5,-18.5,4665,NA,NA,0.0254895767466455,0.3922627603285266
-30.5,-18.5,4666,NA,NA,0.029476841578955616,0.3262481589570219
-39.5,-17.5,4884,NA,NA,0.3780937947366374,0.3219644574864565
-33.5,-17.5,4885,NA,NA,0.14932931891383067,0.21496922641721253
-32.5,-17.5,4886,NA,NA,0.021556633867308973,0.3999052120224071
-31.5,-17.5,4887,NA,NA,0.0691334921361103,0.5134209629157825
-30.5,-17.5,4888,NA,NA,0.03981945179048173,0.39673516324041375
-39.5,-16.5,5105,NA,NA,0.10102166396468627,0.7144878821318464
-34.5,-16.5,5106,NA,NA,0.2605315077256664,0.316959938822079
-33.5,-16.5,5107,NA,NA,0.02250669329557172,0.39764429885884006
-32.5,-16.5,5108,NA,NA,0.036079749861896,0.5647409821261377
-31.5,-16.5,5109,NA,NA,0.03481015590548069,0.4626497808500723
-30.5,-16.5,5110,NA,NA,0.04510141681919318,0.3949561543300321
-39.5,-15.5,5329,NA,NA,0.048370551785578274,0.3967586716779206
-34.5,-15.5,5330,NA,NA,0.025719724771280282,0.2355631536162899
-33.5,-15.5,5331,NA,NA,0.02310851483120082,0.3657074148605908
-32.5,-15.5,5332,NA,NA,0.03709236656372182,0.475037595426658
-31.5,-15.5,5333,NA,NA,0.038914105508067315,0.44659694439915354
-30.5,-15.5,5334,NA,NA,0.07610701133222005,0.5730352528554058
-39.5,-14.5,5557,NA,NA,0.05188663552785945,0.42911918085451317
-38.5,-14.5,5558,NA,NA,0.04879424045117987,0.8167278673694421
-34.5,-14.5,5559,NA,NA,0.013926701057101296,0.24814162564564743
-33.5,-14.5,5560,NA,NA,0.04257424170911421,0.5004707531727055
-32.5,-14.5,5561,NA,NA,0.04332763824930568,0.44971227983967343
-31.5,-14.5,5562,NA,NA,0.0351735670012026,0.38328011222876773
-30.5,-14.5,5563,NA,NA,0.08244075223919434,0.45545827205485995
-39.5,-13.5,5789,NA,NA,0.08377859194499099,0.38455013170500874
-38.5,-13.5,5790,NA,NA,0.2469477446422574,0.8016319512699812
-35.5,-13.5,5791,NA,NA,0.016014315449886424,0.3741609791865793
-34.5,-13.5,5792,NA,NA,0.042493227838174684,0.42908866148111596
-33.5,-13.5,5793,NA,NA,0.045078250393834354,0.357469446326911
-32.5,-13.5,5794,NA,NA,0.044270571809025064,0.3215374374048321
-31.5,-13.5,5795,NA,NA,0.04473846988212267,0.3600242189376501
-30.5,-13.5,5796,NA,NA,0.0706001253915662,0.3409378725879271
-39.5,-12.5,6022,NA,NA,0.11727481455023883,0.34829228309384885
-38.5,-12.5,6023,NA,NA,0.29948344721711706,0.40441222761953727
-36.5,-12.5,6024,NA,NA,0.05324782544958761,0.11294187871464885
-35.5,-12.5,6025,NA,NA,0.03900170334245375,0.45887807872997033
-34.5,-12.5,6026,NA,NA,0.044271575943457396,0.3404248723044875
-33.5,-12.5,6027,NA,NA,0.043514221282333766,0.2849595114192802
-32.5,-12.5,6028,NA,NA,0.06452384646720538,0.3348747933056831
-31.5,-12.5,6029,NA,NA,0.04722628115925709,0.32686632062356114
-30.5,-12.5,6030,NA,NA,0.063667599703404,0.44534793629556557
-39.5,-11.5,6262,NA,NA,0.16875273896322587,0.31296572356952884
-38.5,-11.5,6263,NA,NA,0.09260762072227531,0.3745460198371787
-36.5,-11.5,6264,NA,NA,0.03591461187910209,0.10927915574425633
-35.5,-11.5,6265,NA,NA,0.04128645042654234,0.37342694430822904
-34.5,-11.5,6266,NA,NA,0.04164319655359299,0.37540248806635673
-33.5,-11.5,6267,NA,NA,0.05486440263548887,0.40376964752327743
-32.5,-11.5,6268,NA,NA,0.04778773990142855,0.4108210248541685
-31.5,-11.5,6269,NA,NA,0.05466898291000255,0.31685034047809635
-30.5,-11.5,6270,NA,NA,0.06790915377314968,0.3567663925966558
-39.5,-10.5,6501,NA,NA,0.143919317531686,0.2809344012572471
-38.5,-10.5,6502,NA,NA,0.1852722163165224,0.3224409663816941
-36.5,-10.5,6503,NA,NA,0.06783922175810927,0.2064125809624115
-35.5,-10.5,6504,NA,NA,0.05274621587458048,0.525849472663378
-34.5,-10.5,6505,NA,NA,0.04970302592344155,0.38636234999632785
-33.5,-10.5,6506,NA,NA,0.046771131030971864,0.3712984754196734
-32.5,-10.5,6507,NA,NA,0.05582990315445815,0.2699576845328718
-31.5,-10.5,6508,NA,NA,0.060005745866672566,0.5209110530870248
-30.5,-10.5,6509,NA,NA,0.07673378696534136,0.41692595694894113
90.5,-9.5,6860,NA,NA,0.008800811296080548,0.009730441185693217
91.5,-9.5,6861,NA,NA,0.008595756138145179,0.009667237161122343
92.5,-9.5,6862,NA,NA,0.008993969602215102,0.010111148471471895
93.5,-9.5,6863,NA,NA,0.008908691709288808,0.010233584606152186
94.5,-9.5,6864,NA,NA,0.010973447966446719,0.012805226074753975
95.5,-9.5,6865,NA,NA,0.012543680711117194,0.01428555560649956
96.5,-9.5,6866,NA,NA,0.013615917817197024,0.018700675359996612
97.5,-9.5,6867,NA,NA,0.015156534053907126,0.026396228896552694
98.5,-9.5,6868,NA,NA,0.01528892274492712,0.024833664097629396
99.5,-9.5,6869,NA,NA,0.021480617262962565,0.03492715306639214
90.5,-8.5,7082,NA,NA,0.009370485587009616,0.009737894716701495
91.5,-8.5,7083,NA,NA,0.009301424707667746,0.010374100496989962
92.5,-8.5,7084,NA,NA,0.009182906559004075,0.01025111718439408
93.5,-8.5,7085,NA,NA,0.010358632246686676,0.01170388398612423
94.5,-8.5,7086,NA,NA,0.012867082812515303,0.015180748447048134
95.5,-8.5,7087,NA,NA,0.014167846795932595,0.021015272861533006
96.5,-8.5,7088,NA,NA,0.01543720634704615,0.02369691982969248
97.5,-8.5,7089,NA,NA,0.015702355773951564,0.023565413146263467
98.5,-8.5,7090,NA,NA,0.021600498021424788,0.030598669381652045
99.5,-8.5,7091,NA,NA,0.026435699631346378,0.037670516020468524
90.5,-7.5,7301,NA,NA,0.010362124485454585,0.011332088255309684
91.5,-7.5,7302,NA,NA,0.01069671459142229,0.011108190280858778
92.5,-7.5,7303,NA,NA,0.01005865710106152,0.011002454243065406
93.5,-7.5,7304,NA,NA,0.012568928950624052,0.015487219536825057
94.5,-7.5,7305,NA,NA,0.014208941226468444,0.0220776814104116
95.5,-7.5,7306,NA,NA,0.015763569655419155,0.02429249197021348
96.5,-7.5,7307,NA,NA,0.01785757844294232,0.02478764313251368
97.5,-7.5,7308,NA,NA,0.025483067544127817,0.033360498848324975
98.5,-7.5,7309,NA,NA,0.04278925414131241,0.05266815668334667
99.5,-7.5,7310,NA,NA,0.10873031161373949,0.07329573725013243
90.5,-6.5,7526,NA,NA,0.013901439946693697,0.01368788699059944
91.5,-6.5,7527,NA,NA,0.013182202067869372,0.01570730542151208
92.5,-6.5,7528,NA,NA,0.008212151803504496,0.01541954824286614
93.5,-6.5,7529,NA,NA,0.010099832438435959,0.022855492226149233
94.5,-6.5,7530,NA,NA,0.016865688828001386,0.024579810186628994
95.5,-6.5,7531,NA,NA,0.017424186761209767,0.024674615815665074
96.5,-6.5,7532,NA,NA,0.019861095222450352,0.028808020187077354
97.5,-6.5,7533,NA,NA,0.035441517868357496,0.04220501367063664
98.5,-6.5,7534,NA,NA,0.07075222605107725,0.06815682716700537
99.5,-6.5,7535,NA,NA,0.040434490599174984,0.04617395062964842
90.5,-5.5,7751,NA,NA,0.013968994430935206,0.017238499118890242
91.5,-5.5,7752,NA,NA,0.013937509911515027,0.02334406600413541
92.5,-5.5,7753,NA,NA,0.010181367985064433,0.022535607149939452
93.5,-5.5,7754,NA,NA,0.011608374208993985,0.022867964333198654
94.5,-5.5,7755,NA,NA,0.0120907501612671,0.024394720296299067
95.5,-5.5,7756,NA,NA,0.017789869056222627,0.02434534786645026
96.5,-5.5,7757,NA,NA,0.028221274066087133,0.03016922930947698
97.5,-5.5,7758,NA,NA,0.03513302845100343,0.035569032698705386
98.5,-5.5,7759,NA,NA,0.05791286127831315,0.061814032797607166
90.5,-4.5,7978,NA,NA,0.016194500061889414,0.024043965028928475
91.5,-4.5,7979,NA,NA,0.016928846894044235,0.022745495932703013
92.5,-4.5,7980,NA,NA,0.016557025307809017,0.021990450409054126
93.5,-4.5,7981,NA,NA,0.01565354231657934,0.01947010347231478
94.5,-4.5,7982,NA,NA,0.019120543907217326,0.020483539944468485
95.5,-4.5,7983,NA,NA,0.023563343554648633,0.022318568249705583
96.5,-4.5,7984,NA,NA,0.03879098652437822,0.03158587600129544
97.5,-4.5,7985,NA,NA,0.035845009613774126,0.04368213008388269
98.5,-4.5,7986,NA,NA,0.07067577707822476,0.05097301085319539
90.5,-3.5,8197,NA,NA,0.03085870033440429,0.028232233099078883
91.5,-3.5,8198,NA,NA,0.0258540365426214,0.025490143573148077
92.5,-3.5,8199,NA,NA,0.024600507478276162,0.023427376647358812
93.5,-3.5,8200,NA,NA,0.022813452719942433,0.0257784807335317
94.5,-3.5,8201,NA,NA,0.021976528275436894,0.026651599390804095
95.5,-3.5,8202,NA,NA,0.021528229095852506,0.026132204379089828
96.5,-3.5,8203,NA,NA,0.022648908055392155,0.02836691453562797
97.5,-3.5,8204,NA,NA,0.021455511860149386,0.03034638730821831
98.5,-3.5,8205,NA,NA,0.08487787896333057,0.0358112158334357
90.5,-2.5,8414,NA,NA,0.03785637099749973,0.032182017567473443
91.5,-2.5,8415,NA,NA,0.03638534757759613,0.03268936302950695
92.5,-2.5,8416,NA,NA,0.026267369901661255,0.023252551502094
93.5,-2.5,8417,NA,NA,0.02229508167864184,0.021003429149879654
94.5,-2.5,8418,NA,NA,0.019992497405576178,0.023598767999955434
95.5,-2.5,8419,NA,NA,0.012775137160024415,0.04210023333794763
96.5,-2.5,8420,NA,NA,0.021438748456387945,0.041339688385239534
97.5,-2.5,8421,NA,NA,0.056561527845032995,0.03561957478949766
98.5,-2.5,8422,NA,NA,0.048378349067795964,0.026297231697861415
90.5,-1.5,8635,NA,NA,0.10094858246429801,0.048367232871277734
91.5,-1.5,8636,NA,NA,0.04462307440469625,0.02013015383698327
92.5,-1.5,8637,NA,NA,0.035335726738059736,0.014587739117221377
93.5,-1.5,8638,NA,NA,0.024919776011320543,0.010443663046396986
94.5,-1.5,8639,NA,NA,0.04642900179289349,0.010007615876758165
95.5,-1.5,8640,NA,NA,0.039351911886791775,0.02498100507382463
96.5,-1.5,8641,NA,NA,0.09182334846457,0.023453205162753264
97.5,-1.5,8642,NA,NA,0.0620297237280077,0.023816723558867003
98.5,-1.5,8643,NA,NA,0.09821791802428946,0.016652691193305265
90.5,-0.5,8850,NA,NA,0.09661955875675783,0.04958550277026381
91.5,-0.5,8851,NA,NA,0.04758852014493249,0.03444512820564227
92.5,-0.5,8852,NA,NA,0.022390094038898745,0.019691822701516485
93.5,-0.5,8853,NA,NA,0.014740833141374159,0.011894756071049733
94.5,-0.5,8854,NA,NA,0.05224797604393145,0.0130067950121157
95.5,-0.5,8855,NA,NA,0.053757047567638445,0.012202316759222615
96.5,-0.5,8856,NA,NA,0.04733191871592998,0.010508302101126
97.5,-0.5,8857,NA,NA,0.06459729329856723,0.014616022729386356
98.5,-0.5,8858,NA,NA,0.04814488779408839,0.027296425385223796
99.5,-0.5,8859,NA,NA,0.047384770462291,0.02732609917474185
-89.5,-39.5,51,NA,NA,NA,0.01402194311283319
-88.5,-39.5,52,NA,NA,NA,0.014057016453466232
-87.5,-39.5,53,NA,NA,NA,0.014903373836888587
-86.5,-39.5,54,NA,NA,NA,0.013304604862299464
-85.5,-39.5,55,NA,NA,NA,0.013589116815210727
-84.5,-39.5,56,NA,NA,NA,0.015305389605719543
-83.5,-39.5,57,NA,NA,NA,0.016788182588874583
-82.5,-39.5,58,NA,NA,NA,0.017739159801837358
-81.5,-39.5,59,NA,NA,NA,0.016832252448527856
-80.5,-39.5,60,NA,NA,NA,0.016738803430070823
70.5,-39.5,204,NA,NA,NA,0.010411895024568482
71.5,-39.5,205,NA,NA,NA,0.01047944730981429
72.5,-39.5,206,NA,NA,NA,0.010120377598169663
73.5,-39.5,207,NA,NA,NA,0.01016165699594602
74.5,-39.5,208,NA,NA,NA,0.010768191262533715
75.5,-39.5,209,NA,NA,NA,0.010639918008542894
76.5,-39.5,210,NA,NA,NA,0.010698950163162283
77.5,-39.5,211,NA,NA,NA,0.010698950163162283
78.5,-39.5,212,NA,NA,NA,0.010461013931751311
79.5,-39.5,213,NA,NA,NA,0.01036381172347717
90.5,-39.5,224,NA,NA,NA,0.010797937765540914
91.5,-39.5,225,NA,NA,NA,0.011222215826244232
92.5,-39.5,226,NA,NA,NA,0.011043492694249672
93.5,-39.5,227,NA,NA,NA,0.01116398733329075
94.5,-39.5,228,NA,NA,NA,0.01091224188984872
95.5,-39.5,229,NA,NA,NA,0.010868319071686939
96.5,-39.5,230,NA,NA,NA,0.013720628140186838
97.5,-39.5,231,NA,NA,NA,0.013153205102385693
98.5,-39.5,232,NA,NA,NA,0.013493697915016369
99.5,-39.5,233,NA,NA,NA,0.014401606482822883
-89.5,-38.5,291,NA,NA,NA,0.014481301941367616
-88.5,-38.5,292,NA,NA,NA,0.013271219484934862
-87.5,-38.5,293,NA,NA,NA,0.012735318768418574
-86.5,-38.5,294,NA,NA,NA,0.012765258513619144
-85.5,-38.5,295,NA,NA,NA,0.013427924047550447
-84.5,-38.5,296,NA,NA,NA,0.01479900637173273
-83.5,-38.5,297,NA,NA,NA,0.015027949811468433
-82.5,-38.5,298,NA,NA,NA,0.015850486916255912
-81.5,-38.5,299,NA,NA,NA,0.015093851073534344
-80.5,-38.5,300,NA,NA,NA,0.016345958553155328
70.5,-38.5,442,NA,NA,NA,0.011625513792792783
71.5,-38.5,443,NA,NA,NA,0.011975200952536045
72.5,-38.5,444,NA,NA,NA,0.011723503281337776
73.5,-38.5,445,NA,NA,NA,0.01104253524190352
74.5,-38.5,446,NA,NA,NA,0.010955650071945608
75.5,-38.5,447,NA,NA,NA,0.010955650071945608
76.5,-38.5,448,NA,NA,NA,0.010704608391838248
77.5,-38.5,449,NA,NA,NA,0.010177237940687076
78.5,-38.5,450,NA,NA,NA,0.010684362504909017
79.5,-38.5,451,NA,NA,NA,0.010480538482157185
90.5,-38.5,462,NA,NA,NA,0.009724088856062931
91.5,-38.5,463,NA,NA,NA,0.010195641697022978
92.5,-38.5,464,NA,NA,NA,0.010379351337029236
93.5,-38.5,465,NA,NA,NA,0.010536292546851747
94.5,-38.5,466,NA,NA,NA,0.010692118945819716
95.5,-38.5,467,NA,NA,NA,0.011071498802137888
96.5,-38.5,468,NA,NA,NA,0.011407779522722206
97.5,-38.5,469,NA,NA,NA,0.013705225734108054
98.5,-38.5,470,NA,NA,NA,0.014566362056880357
99.5,-38.5,471,NA,NA,NA,0.016411633387801605
-89.5,-37.5,528,NA,NA,NA,0.014402458591168291
-88.5,-37.5,529,NA,NA,NA,0.014402458591168291
-87.5,-37.5,530,NA,NA,NA,0.014154943295257166
-86.5,-37.5,531,NA,NA,NA,0.014224715300742066
-85.5,-37.5,532,NA,NA,NA,0.014109710961696772
-84.5,-37.5,533,NA,NA,NA,0.015283860889635417
-83.5,-37.5,534,NA,NA,NA,0.018078631894124706
-82.5,-37.5,535,NA,NA,NA,0.0176107619733859
-81.5,-37.5,536,NA,NA,NA,0.01729618462506229
-80.5,-37.5,537,NA,NA,NA,0.017206448958609028
70.5,-37.5,677,NA,NA,NA,0.01257807752385367
71.5,-37.5,678,NA,NA,NA,0.013164913513539638
72.5,-37.5,679,NA,NA,NA,0.013927775306887083
73.5,-37.5,680,NA,NA,NA,0.013104132550840794
74.5,-37.5,681,NA,NA,NA,0.013570952205705252
75.5,-37.5,682,NA,NA,NA,0.014829204376789407
76.5,-37.5,683,NA,NA,NA,0.014927194777659662
77.5,-37.5,684,NA,NA,NA,0.01459881003063487
78.5,-37.5,685,NA,NA,NA,0.014852993505167951
79.5,-37.5,686,NA,NA,NA,0.01523240207895792
90.5,-37.5,697,NA,NA,NA,0.009607175065945425
91.5,-37.5,698,NA,NA,NA,0.009900016512050655
92.5,-37.5,699,NA,NA,NA,0.012246906864660505
93.5,-37.5,700,NA,NA,NA,0.012355687259198042
94.5,-37.5,701,NA,NA,NA,0.011552198033668293
95.5,-37.5,702,NA,NA,NA,0.01107813608220386
96.5,-37.5,703,NA,NA,NA,0.011486614364735729
97.5,-37.5,704,NA,NA,NA,0.013943245380174399
98.5,-37.5,705,NA,NA,NA,0.016348524567623823
99.5,-37.5,706,NA,NA,NA,0.014710496258554168
-89.5,-36.5,763,NA,NA,NA,0.01716790096090946
-88.5,-36.5,764,NA,NA,NA,0.017320098632325948
-87.5,-36.5,765,NA,NA,NA,0.016511984053025595
-86.5,-36.5,766,NA,NA,NA,0.01730414634031008
-85.5,-36.5,767,NA,NA,NA,0.01431074800594069
-84.5,-36.5,768,NA,NA,NA,0.015741866351663577
-83.5,-36.5,769,NA,NA,NA,0.017651425959071654
-82.5,-36.5,770,NA,NA,NA,0.016518101777485302
-81.5,-36.5,771,NA,NA,NA,0.014904310199900307
-80.5,-36.5,772,NA,NA,NA,0.013654764826743479
70.5,-36.5,912,NA,NA,NA,0.011871797576261108
71.5,-36.5,913,NA,NA,NA,0.010574571766222288
72.5,-36.5,914,NA,NA,NA,0.010294895601017335
73.5,-36.5,915,NA,NA,NA,0.010354863597520358
74.5,-36.5,916,NA,NA,NA,0.010326142193321139
75.5,-36.5,917,NA,NA,NA,0.010003175480950347
76.5,-36.5,918,NA,NA,NA,0.010009533836256286
77.5,-36.5,919,NA,NA,NA,0.010460599079721192
78.5,-36.5,920,NA,NA,NA,0.011983611229377328
79.5,-36.5,921,NA,NA,NA,0.011926102231979499
90.5,-36.5,932,NA,NA,NA,0.01122379395517798
91.5,-36.5,933,NA,NA,NA,0.012411811246084911
92.5,-36.5,934,NA,NA,NA,0.01261465489598241
93.5,-36.5,935,NA,NA,NA,0.012688176976024833
94.5,-36.5,936,NA,NA,NA,0.012611317282918099
95.5,-36.5,937,NA,NA,NA,0.018500094246311903
96.5,-36.5,938,NA,NA,NA,0.01806523416925851
97.5,-36.5,939,NA,NA,NA,0.018382798993464188
98.5,-36.5,940,NA,NA,NA,0.01775062718201082
99.5,-36.5,941,NA,NA,NA,0.015637999208597667
-89.5,-35.5,999,NA,NA,NA,0.01126709586224908
-88.5,-35.5,1000,NA,NA,NA,0.011061054358997168
-87.5,-35.5,1001,NA,NA,NA,0.011906763313466033
-86.5,-35.5,1002,NA,NA,NA,0.01155511505841388
-85.5,-35.5,1003,NA,NA,NA,0.011716987797266138
-84.5,-35.5,1004,NA,NA,NA,0.011809347196734148
-83.5,-35.5,1005,NA,NA,NA,0.013234823709949453
-82.5,-35.5,1006,NA,NA,NA,0.013730197620719111
-81.5,-35.5,1007,NA,NA,NA,0.012926997740510164
-80.5,-35.5,1008,NA,NA,NA,0.012543462504949148
70.5,-35.5,1144,NA,NA,NA,0.01286953366317106
71.5,-35.5,1145,NA,NA,NA,0.012036135012693757
72.5,-35.5,1146,NA,NA,NA,0.012260114804975956
73.5,-35.5,1147,NA,NA,NA,0.012260114804975956
74.5,-35.5,1148,NA,NA,NA,0.01210853417004181
75.5,-35.5,1149,NA,NA,NA,0.012005428034045466
76.5,-35.5,1150,NA,NA,NA,0.013193243962652411
77.5,-35.5,1151,NA,NA,NA,0.012123541830965819
78.5,-35.5,1152,NA,NA,NA,0.01325159443346305
79.5,-35.5,1153,NA,NA,NA,0.012922936637479971
90.5,-35.5,1164,NA,NA,NA,0.01160633590434702
91.5,-35.5,1165,NA,NA,NA,0.012346965335707925
92.5,-35.5,1166,NA,NA,NA,0.012487067388310989
93.5,-35.5,1167,NA,NA,NA,0.014101824059991153
94.5,-35.5,1168,NA,NA,NA,0.017509728858899704
95.5,-35.5,1169,NA,NA,NA,0.018197210535172748
96.5,-35.5,1170,NA,NA,NA,0.018403267461283762
97.5,-35.5,1171,NA,NA,NA,0.022588065699169713
98.5,-35.5,1172,NA,NA,NA,0.018828125862194102
99.5,-35.5,1173,NA,NA,NA,0.02454859431959452
-89.5,-34.5,1231,NA,NA,NA,0.01145114683204052
-88.5,-34.5,1232,NA,NA,NA,0.011090791149319976
-87.5,-34.5,1233,NA,NA,NA,0.011077435703758586
-86.5,-34.5,1234,NA,NA,NA,0.010991816689419398
-85.5,-34.5,1235,NA,NA,NA,0.012151053158499722
-84.5,-34.5,1236,NA,NA,NA,0.012327648842734894
-83.5,-34.5,1237,NA,NA,NA,0.013785545148932876
-82.5,-34.5,1238,NA,NA,NA,0.014497389708357341
-81.5,-34.5,1239,NA,NA,NA,0.01230742270003533
-80.5,-34.5,1240,NA,NA,NA,0.011239145657160938
70.5,-34.5,1372,NA,NA,NA,0.01348674436467434
71.5,-34.5,1373,NA,NA,NA,0.013499475449824654
72.5,-34.5,1374,NA,NA,NA,0.014853122093053029
73.5,-34.5,1375,NA,NA,NA,0.015471463295286154
74.5,-34.5,1376,NA,NA,NA,0.014640443461253557
75.5,-34.5,1377,NA,NA,NA,0.014953052709244817
76.5,-34.5,1378,NA,NA,NA,0.016504047278752067
77.5,-34.5,1379,NA,NA,NA,0.017589790319006142
78.5,-34.5,1380,NA,NA,NA,0.01960889956358995
79.5,-34.5,1381,NA,NA,NA,0.01801486552246758
90.5,-34.5,1392,NA,NA,NA,0.014669470505151059
91.5,-34.5,1393,NA,NA,NA,0.014662317076315979
92.5,-34.5,1394,NA,NA,NA,0.015648585586164773
93.5,-34.5,1395,NA,NA,NA,0.017895586991681384
94.5,-34.5,1396,NA,NA,NA,0.01922415307115315
95.5,-34.5,1397,NA,NA,NA,0.021149071657425515
96.5,-34.5,1398,NA,NA,NA,0.018744801963312525
97.5,-34.5,1399,NA,NA,NA,0.025499719102477718
98.5,-34.5,1400,NA,NA,NA,0.023903784334926053
99.5,-34.5,1401,NA,NA,NA,0.030619195990736
-89.5,-33.5,1460,NA,NA,NA,0.01058438429106156
-88.5,-33.5,1461,NA,NA,NA,0.009662766217381458
-87.5,-33.5,1462,NA,NA,NA,0.00930741234368947
-86.5,-33.5,1463,NA,NA,NA,0.010312411454362682
-85.5,-33.5,1464,NA,NA,NA,0.01025390593158298
-84.5,-33.5,1465,NA,NA,NA,0.010316237162521169
-83.5,-33.5,1466,NA,NA,NA,0.011707510951268705
-82.5,-33.5,1467,NA,NA,NA,0.012585404761652251
-81.5,-33.5,1468,NA,NA,NA,0.012149541009946866
-80.5,-33.5,1469,NA,NA,NA,0.011268468288807223
70.5,-33.5,1595,NA,NA,NA,0.013142277155392724
71.5,-33.5,1596,NA,NA,NA,0.016595676183458863
72.5,-33.5,1597,NA,NA,NA,0.016431486904965566
73.5,-33.5,1598,NA,NA,NA,0.016887468076965673
74.5,-33.5,1599,NA,NA,NA,0.016677104793329785
75.5,-33.5,1600,NA,NA,NA,0.01680091474926961
76.5,-33.5,1601,NA,NA,NA,0.017155577593464803
77.5,-33.5,1602,NA,NA,NA,0.017529746862150315
78.5,-33.5,1603,NA,NA,NA,0.017886131306182263
79.5,-33.5,1604,NA,NA,NA,0.017182873918312754
90.5,-33.5,1615,NA,NA,NA,0.012187060679560786
91.5,-33.5,1616,NA,NA,NA,0.012621449067085604
92.5,-33.5,1617,NA,NA,NA,0.01683776600673542
93.5,-33.5,1618,NA,NA,NA,0.018719847113019904
94.5,-33.5,1619,NA,NA,NA,0.020203351893175868
95.5,-33.5,1620,NA,NA,NA,0.019894317811815932
96.5,-33.5,1621,NA,NA,NA,0.024048582941918115
97.5,-33.5,1622,NA,NA,NA,0.02823664265934615
98.5,-33.5,1623,NA,NA,NA,0.03508475138950731
99.5,-33.5,1624,NA,NA,NA,0.043117829268514464
-89.5,-32.5,1683,NA,NA,NA,0.010286935925067806
-88.5,-32.5,1684,NA,NA,NA,0.010093623565839795
-87.5,-32.5,1685,NA,NA,NA,0.009770091787676365
-86.5,-32.5,1686,NA,NA,NA,0.010567361269568495
-85.5,-32.5,1687,NA,NA,NA,0.009558899241632895
-84.5,-32.5,1688,NA,NA,NA,0.010529138171774262
-83.5,-32.5,1689,NA,NA,NA,0.01207213620640714
-82.5,-32.5,1690,NA,NA,NA,0.012565247679626747
-81.5,-32.5,1691,NA,NA,NA,0.011986274082759329
-80.5,-32.5,1692,NA,NA,NA,0.012571220728501071
70.5,-32.5,1814,NA,NA,NA,0.01556611834690809
71.5,-32.5,1815,NA,NA,NA,0.020149265903322854
72.5,-32.5,1816,NA,NA,NA,0.020143957647117114
73.5,-32.5,1817,NA,NA,NA,0.020146464136690242
74.5,-32.5,1818,NA,NA,NA,0.020937477317401698
75.5,-32.5,1819,NA,NA,NA,0.016114411452854638
76.5,-32.5,1820,NA,NA,NA,0.016314482199417387
77.5,-32.5,1821,NA,NA,NA,0.01584256968585743
78.5,-32.5,1822,NA,NA,NA,0.015103733796463648
79.5,-32.5,1823,NA,NA,NA,0.01403184217902012
90.5,-32.5,1834,NA,NA,NA,0.012401887284128893
91.5,-32.5,1835,NA,NA,NA,0.015507707089483343
92.5,-32.5,1836,NA,NA,NA,0.01626406686286005
93.5,-32.5,1837,NA,NA,NA,0.01742586004548818
94.5,-32.5,1838,NA,NA,NA,0.020502585092305212
95.5,-32.5,1839,NA,NA,NA,0.02082796459578191
96.5,-32.5,1840,NA,NA,NA,0.02622732441088334
97.5,-32.5,1841,NA,NA,NA,0.026193066839181652
98.5,-32.5,1842,NA,NA,NA,0.026086227257190283
99.5,-32.5,1843,NA,NA,NA,0.026861332718970708
-89.5,-31.5,1903,NA,NA,NA,0.010863344423781522
-88.5,-31.5,1904,NA,NA,NA,0.011770674075261044
-87.5,-31.5,1905,NA,NA,NA,0.01093479079826494
-86.5,-31.5,1906,NA,NA,NA,0.010862827514584705
-85.5,-31.5,1907,NA,NA,NA,0.01082043839005391
-84.5,-31.5,1908,NA,NA,NA,0.010165061751986214
-83.5,-31.5,1909,NA,NA,NA,0.011098647134169517
-82.5,-31.5,1910,NA,NA,NA,0.013240955609243238
-81.5,-31.5,1911,NA,NA,NA,0.010558750195380556
-80.5,-31.5,1912,NA,NA,NA,0.010484522305541972
70.5,-31.5,2025,NA,NA,NA,0.018484008953805243
71.5,-31.5,2026,NA,NA,NA,0.01647390360370467
72.5,-31.5,2027,NA,NA,NA,0.013927863210496461
73.5,-31.5,2028,NA,NA,NA,0.013919390901085373
74.5,-31.5,2029,NA,NA,NA,0.014400964127350254
75.5,-31.5,2030,NA,NA,NA,0.01371357717324185
76.5,-31.5,2031,NA,NA,NA,0.013636191691706009
77.5,-31.5,2032,NA,NA,NA,0.013235703862485668
78.5,-31.5,2033,NA,NA,NA,0.012642559780846462
79.5,-31.5,2034,NA,NA,NA,0.011594029849807166
90.5,-31.5,2045,NA,NA,NA,0.01145683503461484
91.5,-31.5,2046,NA,NA,NA,0.016196372331559843
92.5,-31.5,2047,NA,NA,NA,0.016343184335672924
93.5,-31.5,2048,NA,NA,NA,0.019535413953035163
94.5,-31.5,2049,NA,NA,NA,0.020556345462673285
95.5,-31.5,2050,NA,NA,NA,0.01936603973103316
96.5,-31.5,2051,NA,NA,NA,0.01965104512727767
97.5,-31.5,2052,NA,NA,NA,0.02018037400209853
98.5,-31.5,2053,NA,NA,NA,0.02023651863910508
99.5,-31.5,2054,NA,NA,NA,0.025020732046721533
-89.5,-30.5,2113,NA,NA,NA,0.011073499254103432
-88.5,-30.5,2114,NA,NA,NA,0.009487223685456955
-87.5,-30.5,2115,NA,NA,NA,0.009724103384578643
-86.5,-30.5,2116,NA,NA,NA,0.008459118875350504
-85.5,-30.5,2117,NA,NA,NA,0.009236298697525408
-84.5,-30.5,2118,NA,NA,NA,0.010395787754662083
-83.5,-30.5,2119,NA,NA,NA,0.0120741069788938
-82.5,-30.5,2120,NA,NA,NA,0.013210720547639833
-81.5,-30.5,2121,NA,NA,NA,0.010663425673206026
-80.5,-30.5,2122,NA,NA,NA,0.010907439065497765
70.5,-30.5,2235,NA,NA,NA,0.013156836396701496
71.5,-30.5,2236,NA,NA,NA,0.012902536431643779
72.5,-30.5,2237,NA,NA,NA,0.01283804861293959
73.5,-30.5,2238,NA,NA,NA,0.012707147025448388
74.5,-30.5,2239,NA,NA,NA,0.01281264713015368
75.5,-30.5,2240,NA,NA,NA,0.012245357755111935
76.5,-30.5,2241,NA,NA,NA,0.012174638743388859
77.5,-30.5,2242,NA,NA,NA,0.013071161520951845
78.5,-30.5,2243,NA,NA,NA,0.012201276321735352
79.5,-30.5,2244,NA,NA,NA,0.011996853718726644
90.5,-30.5,2255,NA,NA,NA,0.012079049632086118
91.5,-30.5,2256,NA,NA,NA,0.015174013921904653
92.5,-30.5,2257,NA,NA,NA,0.015543850695210014
93.5,-30.5,2258,NA,NA,NA,0.015922234084698353
94.5,-30.5,2259,NA,NA,NA,0.01728335353914268
95.5,-30.5,2260,NA,NA,NA,0.017387950052702703
96.5,-30.5,2261,NA,NA,NA,0.018649502873729015
97.5,-30.5,2262,NA,NA,NA,0.01830166068367444
98.5,-30.5,2263,NA,NA,NA,0.01926708672174567
99.5,-30.5,2264,NA,NA,NA,0.022459287603696
-129.5,-29.5,2283,NA,NA,NA,0.01574986367175481
-128.5,-29.5,2284,NA,NA,NA,0.016705925621438748
-127.5,-29.5,2285,NA,NA,NA,0.016654085823623037
-126.5,-29.5,2286,NA,NA,NA,0.016170321773903738
-125.5,-29.5,2287,NA,NA,NA,0.016771611955715065
-124.5,-29.5,2288,NA,NA,NA,0.01662692535446363
-123.5,-29.5,2289,NA,NA,NA,0.02204881635504607
-122.5,-29.5,2290,NA,NA,NA,0.025745413785301735
-121.5,-29.5,2291,NA,NA,NA,0.019971180784601916
-120.5,-29.5,2292,NA,NA,NA,0.015169923191348793
30.5,-29.5,2405,NA,NA,NA,0.017796563240752992
31.5,-29.5,2406,NA,NA,NA,0.020276712339375953
32.5,-29.5,2407,NA,NA,NA,0.02143500978691965
33.5,-29.5,2408,NA,NA,NA,0.024068839200598647
34.5,-29.5,2409,NA,NA,NA,0.026274984758714363
35.5,-29.5,2410,NA,NA,NA,0.033330777562865475
36.5,-29.5,2411,NA,NA,NA,0.03601258469875067
37.5,-29.5,2412,NA,NA,NA,0.02776886561700955
38.5,-29.5,2413,NA,NA,NA,0.025284970557911984
39.5,-29.5,2414,NA,NA,NA,0.025171537422488025
40.5,-29.5,2415,NA,NA,NA,0.02282795779564395
41.5,-29.5,2416,NA,NA,NA,0.02166140049611617
42.5,-29.5,2417,NA,NA,NA,0.01808644010103314
43.5,-29.5,2418,NA,NA,NA,0.015214399572643094
44.5,-29.5,2419,NA,NA,NA,0.015145102616427951
45.5,-29.5,2420,NA,NA,NA,0.014869884934571146
46.5,-29.5,2421,NA,NA,NA,0.0151773990526564
47.5,-29.5,2422,NA,NA,NA,0.018868409871708642
48.5,-29.5,2423,NA,NA,NA,0.020872876838176235
49.5,-29.5,2424,NA,NA,NA,0.02067662704197945
80.5,-29.5,2455,NA,NA,NA,0.00952381068905474
81.5,-29.5,2456,NA,NA,NA,0.009623207135989204
82.5,-29.5,2457,NA,NA,NA,0.007486159792979823
83.5,-29.5,2458,NA,NA,NA,0.007458984176722892
84.5,-29.5,2459,NA,NA,NA,0.007476614165761852
85.5,-29.5,2460,NA,NA,NA,0.00822400518520238
86.5,-29.5,2461,NA,NA,NA,0.007947347110089304
87.5,-29.5,2462,NA,NA,NA,0.007687405531037783
88.5,-29.5,2463,NA,NA,NA,0.008303493913020606
89.5,-29.5,2464,NA,NA,NA,0.008277985285571353
90.5,-29.5,2465,NA,NA,NA,0.00852513799877589
91.5,-29.5,2466,NA,NA,NA,0.011335693551082581
92.5,-29.5,2467,NA,NA,NA,0.01435217353793863
93.5,-29.5,2468,NA,NA,NA,0.014849967594111063
94.5,-29.5,2469,NA,NA,NA,0.01571595657604168
95.5,-29.5,2470,NA,NA,NA,0.016265313629074463
96.5,-29.5,2471,NA,NA,NA,0.016556059841757897
97.5,-29.5,2472,NA,NA,NA,0.02092722121486301
98.5,-29.5,2473,NA,NA,NA,0.019292082483315792
99.5,-29.5,2474,NA,NA,NA,0.027595763888355225
-129.5,-28.5,2494,NA,NA,NA,0.018895124269388223
-128.5,-28.5,2495,NA,NA,NA,0.01681443869956793
-127.5,-28.5,2496,NA,NA,NA,0.018162870188894984
-126.5,-28.5,2497,NA,NA,NA,0.018851412185739068
-125.5,-28.5,2498,NA,NA,NA,0.02017476005306293
-124.5,-28.5,2499,NA,NA,NA,0.021739155713205602
-123.5,-28.5,2500,NA,NA,NA,0.020505393349894308
-122.5,-28.5,2501,NA,NA,NA,0.018768244510163606
-121.5,-28.5,2502,NA,NA,NA,0.019059493863525467
-120.5,-28.5,2503,NA,NA,NA,0.0161516389101192
30.5,-28.5,2615,NA,NA,NA,0.02379357247951425
31.5,-28.5,2616,NA,NA,NA,0.02193413272735991
32.5,-28.5,2617,NA,NA,NA,0.023274834844113423
33.5,-28.5,2618,NA,NA,NA,0.029499908276993135
34.5,-28.5,2619,NA,NA,NA,0.033511707572635656
35.5,-28.5,2620,NA,NA,NA,0.0393288481542213
36.5,-28.5,2621,NA,NA,NA,0.04006312784004843
37.5,-28.5,2622,NA,NA,NA,0.03442042567775781
38.5,-28.5,2623,NA,NA,NA,0.026746699439548122
39.5,-28.5,2624,NA,NA,NA,0.0244834254293754
40.5,-28.5,2625,NA,NA,NA,0.02549823897559727
41.5,-28.5,2626,NA,NA,NA,0.020958073156842744
42.5,-28.5,2627,NA,NA,NA,0.018382998868852425
43.5,-28.5,2628,NA,NA,NA,0.014574913036155239
44.5,-28.5,2629,NA,NA,NA,0.014768219507168926
45.5,-28.5,2630,NA,NA,NA,0.016276442963565136
46.5,-28.5,2631,NA,NA,NA,0.018754728551863435
47.5,-28.5,2632,NA,NA,NA,0.02242319240105474
48.5,-28.5,2633,NA,NA,NA,0.020156766639768446
49.5,-28.5,2634,NA,NA,NA,0.022063816905037423
80.5,-28.5,2665,NA,NA,NA,0.009628023307033783
81.5,-28.5,2666,NA,NA,NA,0.009357970229526115
82.5,-28.5,2667,NA,NA,NA,0.007216804372295819
83.5,-28.5,2668,NA,NA,NA,0.007482265537766157
84.5,-28.5,2669,NA,NA,NA,0.007335974173049953
85.5,-28.5,2670,NA,NA,NA,0.007093865505722498
86.5,-28.5,2671,NA,NA,NA,0.006551563949821463
87.5,-28.5,2672,NA,NA,NA,0.007761796850550731
88.5,-28.5,2673,NA,NA,NA,0.02246749486062039
89.5,-28.5,2674,NA,NA,NA,0.010839168466544126
90.5,-28.5,2675,NA,NA,NA,0.008463320488811253
91.5,-28.5,2676,NA,NA,NA,0.008972669275948222
92.5,-28.5,2677,NA,NA,NA,0.010604891235723201
93.5,-28.5,2678,NA,NA,NA,0.011958052151177805
94.5,-28.5,2679,NA,NA,NA,0.01673868505449749
95.5,-28.5,2680,NA,NA,NA,0.01970231240892353
96.5,-28.5,2681,NA,NA,NA,0.02125428039834695
97.5,-28.5,2682,NA,NA,NA,0.024392830509411257
98.5,-28.5,2683,NA,NA,NA,0.027259569393521844
99.5,-28.5,2684,NA,NA,NA,0.026764532667193783
-129.5,-27.5,2704,NA,NA,NA,0.024982384187010858
-128.5,-27.5,2705,NA,NA,NA,0.02523404220235703
-127.5,-27.5,2706,NA,NA,NA,0.034263030405350364
-126.5,-27.5,2707,NA,NA,NA,0.033343548560939636
-125.5,-27.5,2708,NA,NA,NA,0.031225856449711566
-124.5,-27.5,2709,NA,NA,NA,0.03138398163109362
-123.5,-27.5,2710,NA,NA,NA,0.029640990284861533
-122.5,-27.5,2711,NA,NA,NA,0.02757650310385926
-121.5,-27.5,2712,NA,NA,NA,0.027521929447683106
-120.5,-27.5,2713,NA,NA,NA,0.02604946612312497
30.5,-27.5,2825,NA,NA,NA,0.018731286119043577
31.5,-27.5,2826,NA,NA,NA,0.021796850150307277
32.5,-27.5,2827,NA,NA,NA,0.021880141838115506
33.5,-27.5,2828,NA,NA,NA,0.03451759675493024
34.5,-27.5,2829,NA,NA,NA,0.04253572807524749
35.5,-27.5,2830,NA,NA,NA,0.031127542218796114
36.5,-27.5,2831,NA,NA,NA,0.024943817679990297
37.5,-27.5,2832,NA,NA,NA,0.028185554438291783
38.5,-27.5,2833,NA,NA,NA,0.025734593854212524
39.5,-27.5,2834,NA,NA,NA,0.024450468318978916
40.5,-27.5,2835,NA,NA,NA,0.02235536178334595
41.5,-27.5,2836,NA,NA,NA,0.019774815729618523
42.5,-27.5,2837,NA,NA,NA,0.01844121714552859
43.5,-27.5,2838,NA,NA,NA,0.018681135968393416
44.5,-27.5,2839,NA,NA,NA,0.020544883821035555
45.5,-27.5,2840,NA,NA,NA,0.02249482627034602
46.5,-27.5,2841,NA,NA,NA,0.019880022554051854
47.5,-27.5,2842,NA,NA,NA,0.022754111670443708
48.5,-27.5,2843,NA,NA,NA,0.022322146592494888
49.5,-27.5,2844,NA,NA,NA,0.021454504377759493
80.5,-27.5,2875,NA,NA,NA,0.009752237385222398
81.5,-27.5,2876,NA,NA,NA,0.007981545482561539
82.5,-27.5,2877,NA,NA,NA,0.007356196720064633
83.5,-27.5,2878,NA,NA,NA,0.01963949392708368
84.5,-27.5,2879,NA,NA,NA,0.01995354001012146
85.5,-27.5,2880,NA,NA,NA,0.0069183792057641025
86.5,-27.5,2881,NA,NA,NA,0.0062827582001097155
87.5,-27.5,2882,NA,NA,NA,0.0067519069813002965
88.5,-27.5,2883,NA,NA,NA,0.00813803894430194
89.5,-27.5,2884,NA,NA,NA,0.008440022189348901
90.5,-27.5,2885,NA,NA,NA,0.009409669224085902
91.5,-27.5,2886,NA,NA,NA,0.008791635183284808
92.5,-27.5,2887,NA,NA,NA,0.0095317434438808
93.5,-27.5,2888,NA,NA,NA,0.010784826493172264
94.5,-27.5,2889,NA,NA,NA,0.020176025479623067
95.5,-27.5,2890,NA,NA,NA,0.01999747513453323
96.5,-27.5,2891,NA,NA,NA,0.025467887734276634
97.5,-27.5,2892,NA,NA,NA,0.026942885144124913
98.5,-27.5,2893,NA,NA,NA,0.03549533331009821
99.5,-27.5,2894,NA,NA,NA,0.03224560884173567
-129.5,-26.5,2914,NA,NA,NA,0.03909154993909741
-128.5,-26.5,2915,NA,NA,NA,0.04668990485715696
-127.5,-26.5,2916,NA,NA,NA,0.055371045523597395
-126.5,-26.5,2917,NA,NA,NA,0.05313444854650983
-125.5,-26.5,2918,NA,NA,NA,0.04488213090600257
-124.5,-26.5,2919,NA,NA,NA,0.038343048256620396
-123.5,-26.5,2920,NA,NA,NA,0.03725408041021337
-122.5,-26.5,2921,NA,NA,NA,0.035874481676883105
-121.5,-26.5,2922,NA,NA,NA,0.03315826305576724
-120.5,-26.5,2923,NA,NA,NA,0.030168787139012145
30.5,-26.5,3034,NA,NA,NA,0.020523899358178777
31.5,-26.5,3035,NA,NA,NA,0.022926476632413574
32.5,-26.5,3036,NA,NA,NA,0.023334998926533485
33.5,-26.5,3037,NA,NA,NA,0.030803599156566757
34.5,-26.5,3038,NA,NA,NA,0.035812402443350454
35.5,-26.5,3039,NA,NA,NA,0.039735202808800815
36.5,-26.5,3040,NA,NA,NA,0.036572682389090165
37.5,-26.5,3041,NA,NA,NA,0.03505874319362743
38.5,-26.5,3042,NA,NA,NA,0.029436512469975418
39.5,-26.5,3043,NA,NA,NA,0.0231232136614119
40.5,-26.5,3044,NA,NA,NA,0.0214877019493544
41.5,-26.5,3045,NA,NA,NA,0.019481294310774146
42.5,-26.5,3046,NA,NA,NA,0.02043678332382794
43.5,-26.5,3047,NA,NA,NA,0.022244569127675713
44.5,-26.5,3048,NA,NA,NA,0.022515389845405902
45.5,-26.5,3049,NA,NA,NA,0.02329820309396896
46.5,-26.5,3050,NA,NA,NA,0.021595271859805153
47.5,-26.5,3051,NA,NA,NA,0.021314936391609973
48.5,-26.5,3052,NA,NA,NA,0.024341641279701513
49.5,-26.5,3053,NA,NA,NA,0.026814692851405936
80.5,-26.5,3084,NA,NA,NA,0.008322612857403648
81.5,-26.5,3085,NA,NA,NA,0.006821239615474989
82.5,-26.5,3086,NA,NA,NA,0.006669394341328585
83.5,-26.5,3087,NA,NA,NA,0.007028882347829833
84.5,-26.5,3088,NA,NA,NA,0.008194105978225369
85.5,-26.5,3089,NA,NA,NA,0.0078012615093028155
86.5,-26.5,3090,NA,NA,NA,0.008522329482457314
87.5,-26.5,3091,NA,NA,NA,0.008138559968507254
88.5,-26.5,3092,NA,NA,NA,0.007188428135452053
89.5,-26.5,3093,NA,NA,NA,0.0076152070225761525
90.5,-26.5,3094,NA,NA,NA,0.009648056034139593
91.5,-26.5,3095,NA,NA,NA,0.010095526072898327
92.5,-26.5,3096,NA,NA,NA,0.010615440724585614
93.5,-26.5,3097,NA,NA,NA,0.01627518095471442
94.5,-26.5,3098,NA,NA,NA,0.018072250675293094
95.5,-26.5,3099,NA,NA,NA,0.02197317257447583
96.5,-26.5,3100,NA,NA,NA,0.029708387959077816
97.5,-26.5,3101,NA,NA,NA,0.030857058118535886
98.5,-26.5,3102,NA,NA,NA,0.03150201670293304
99.5,-26.5,3103,NA,NA,NA,0.046699993712132085
-129.5,-25.5,3122,NA,NA,NA,0.047030012604084216
-128.5,-25.5,3123,NA,NA,NA,0.0966163537781545
-127.5,-25.5,3124,NA,NA,NA,0.08100117007887295
-126.5,-25.5,3125,NA,NA,NA,0.06142741414271898
-125.5,-25.5,3126,NA,NA,NA,0.054686186864255436
-124.5,-25.5,3127,NA,NA,NA,0.04617409039686963
-123.5,-25.5,3128,NA,NA,NA,0.044587541619375365
-122.5,-25.5,3129,NA,NA,NA,0.042669563313586636
-121.5,-25.5,3130,NA,NA,NA,0.035086850716406465
-120.5,-25.5,3131,NA,NA,NA,0.03062881598710105
30.5,-25.5,3242,NA,NA,NA,0.024644207979761638
31.5,-25.5,3243,NA,NA,NA,0.03390870102342405
32.5,-25.5,3244,NA,NA,NA,0.03397728034303765
33.5,-25.5,3245,NA,NA,NA,0.037722347905871895
34.5,-25.5,3246,NA,NA,NA,0.026293256594964492
35.5,-25.5,3247,NA,NA,NA,0.031117231072458524
36.5,-25.5,3248,NA,NA,NA,0.026442053359759354
37.5,-25.5,3249,NA,NA,NA,0.02501421250633333
38.5,-25.5,3250,NA,NA,NA,0.026007147913185882
39.5,-25.5,3251,NA,NA,NA,0.02407699818328518
40.5,-25.5,3252,NA,NA,NA,0.02260347199203217
41.5,-25.5,3253,NA,NA,NA,0.023381919586276407
42.5,-25.5,3254,NA,NA,NA,0.02232381316862207
43.5,-25.5,3255,NA,NA,NA,0.023642459967842543
44.5,-25.5,3256,NA,NA,NA,0.0217473162053903
45.5,-25.5,3257,NA,NA,NA,0.022338598528147263
46.5,-25.5,3258,NA,NA,NA,0.02038418071436619
47.5,-25.5,3259,NA,NA,NA,0.023435386275884342
48.5,-25.5,3260,NA,NA,NA,0.02704635838424628
49.5,-25.5,3261,NA,NA,NA,0.02871630757687508
80.5,-25.5,3292,NA,NA,NA,0.008148362016832014
81.5,-25.5,3293,NA,NA,NA,0.007490347917296237
82.5,-25.5,3294,NA,NA,NA,0.00760881916116
83.5,-25.5,3295,NA,NA,NA,0.007150292793369415
84.5,-25.5,3296,NA,NA,NA,0.0073770562313482885
85.5,-25.5,3297,NA,NA,NA,0.0076032037621458735
86.5,-25.5,3298,NA,NA,NA,0.007963738473960393
87.5,-25.5,3299,NA,NA,NA,0.008764669711089053
88.5,-25.5,3300,NA,NA,NA,0.009053033007359613
89.5,-25.5,3301,NA,NA,NA,0.007904647492696324
90.5,-25.5,3302,NA,NA,NA,0.008521639360397473
91.5,-25.5,3303,NA,NA,NA,0.011128205045174326
92.5,-25.5,3304,NA,NA,NA,0.012288899071460817
93.5,-25.5,3305,NA,NA,NA,0.01557867297296063
94.5,-25.5,3306,NA,NA,NA,0.014756747187346634
95.5,-25.5,3307,NA,NA,NA,0.020917135654423782
96.5,-25.5,3308,NA,NA,NA,0.022668383201828412
97.5,-25.5,3309,NA,NA,NA,0.03536197524434383
98.5,-25.5,3310,NA,NA,NA,0.027587322505995403
99.5,-25.5,3311,NA,NA,NA,0.031655614931231764
-129.5,-24.5,3328,NA,NA,NA,0.0511317858136984
-128.5,-24.5,3329,NA,NA,NA,0.11349819643191665
-127.5,-24.5,3330,NA,NA,NA,0.07334649132186882
-126.5,-24.5,3331,NA,NA,NA,0.09972577492713472
-125.5,-24.5,3332,NA,NA,NA,0.09922149714970423
-124.5,-24.5,3333,NA,NA,NA,0.09029646071352002
-123.5,-24.5,3334,NA,NA,NA,0.07970037745685778
-122.5,-24.5,3335,NA,NA,NA,0.080097456454109775
-121.5,-24.5,3336,NA,NA,NA,0.06244512772413238
-120.5,-24.5,3337,NA,NA,NA,0.06094862483303843
30.5,-24.5,3449,NA,NA,NA,0.031066555298706812
31.5,-24.5,3450,NA,NA,NA,0.036832465675888014
32.5,-24.5,3451,NA,NA,NA,0.03583069979991173
33.5,-24.5,3452,NA,NA,NA,0.034673786768725005
34.5,-24.5,3453,NA,NA,NA,0.031995058875299486
35.5,-24.5,3454,NA,NA,NA,0.025264144714458415
36.5,-24.5,3455,NA,NA,NA,0.02330615229705236
37.5,-24.5,3456,NA,NA,NA,0.022417729047612602
38.5,-24.5,3457,NA,NA,NA,0.028014916699777587
39.5,-24.5,3458,NA,NA,NA,0.027433661205357843
40.5,-24.5,3459,NA,NA,NA,0.02108289127625476
41.5,-24.5,3460,NA,NA,NA,0.023721362404565068
42.5,-24.5,3461,NA,NA,NA,0.023420950749236325
43.5,-24.5,3462,NA,NA,NA,0.028657919839164176
44.5,-24.5,3463,NA,NA,NA,0.030377826731606293
45.5,-24.5,3464,NA,NA,NA,0.02968675466706645
46.5,-24.5,3465,NA,NA,NA,0.03035027573809291
47.5,-24.5,3466,NA,NA,NA,0.029301947603906794
48.5,-24.5,3467,NA,NA,NA,0.032350523495902936
49.5,-24.5,3468,NA,NA,NA,0.0277524983319581
80.5,-24.5,3499,NA,NA,NA,0.008495800446059182
81.5,-24.5,3500,NA,NA,NA,0.008831499574144247
82.5,-24.5,3501,NA,NA,NA,0.009742633831915341
83.5,-24.5,3502,NA,NA,NA,0.009203299986668318
84.5,-24.5,3503,NA,NA,NA,0.00812374852749578
85.5,-24.5,3504,NA,NA,NA,0.007973762138087231
86.5,-24.5,3505,NA,NA,NA,0.007839723309315273
87.5,-24.5,3506,NA,NA,NA,0.009221105350443648
88.5,-24.5,3507,NA,NA,NA,0.009848829961887627
89.5,-24.5,3508,NA,NA,NA,0.00896165925573706
90.5,-24.5,3509,NA,NA,NA,0.009361635247384956
91.5,-24.5,3510,NA,NA,NA,0.010219283416799898
92.5,-24.5,3511,NA,NA,NA,0.01153410843283153
93.5,-24.5,3512,NA,NA,NA,0.014339626642730946
94.5,-24.5,3513,NA,NA,NA,0.016150568771112518
95.5,-24.5,3514,NA,NA,NA,0.022076495576887265
96.5,-24.5,3515,NA,NA,NA,0.024574972607731314
97.5,-24.5,3516,NA,NA,NA,0.025401400234396004
98.5,-24.5,3517,NA,NA,NA,0.027347845397598915
99.5,-24.5,3518,NA,NA,NA,0.02688640683220122
-129.5,-23.5,3534,NA,NA,NA,0.07925343345796465
-128.5,-23.5,3535,NA,NA,NA,0.06737311510056028
-127.5,-23.5,3536,NA,NA,NA,0.0721398785347448
-126.5,-23.5,3537,NA,NA,NA,0.13486956148406698
-125.5,-23.5,3538,NA,NA,NA,0.0981134365393879
-124.5,-23.5,3539,NA,NA,NA,0.08704980693236823
-123.5,-23.5,3540,NA,NA,NA,0.07499463873393739
-122.5,-23.5,3541,NA,NA,NA,0.07431043720851616
-121.5,-23.5,3542,NA,NA,NA,0.06928916645105454
-120.5,-23.5,3543,NA,NA,NA,0.06781761895839379
30.5,-23.5,3657,NA,NA,NA,0.03544712641203292
31.5,-23.5,3658,NA,NA,NA,0.03951927072642652
32.5,-23.5,3659,NA,NA,NA,0.03551233003968175
33.5,-23.5,3660,NA,NA,NA,0.03229222160730649
34.5,-23.5,3661,NA,NA,NA,0.029570483962960616
35.5,-23.5,3662,NA,NA,NA,0.022143365071139766
36.5,-23.5,3663,NA,NA,NA,0.024179544544951755
37.5,-23.5,3664,NA,NA,NA,0.024584667329860057
38.5,-23.5,3665,NA,NA,NA,0.029816919386709217
39.5,-23.5,3666,NA,NA,NA,0.03549436690890069
40.5,-23.5,3667,NA,NA,NA,0.03407263207667472
41.5,-23.5,3668,NA,NA,NA,0.03478027185992958
42.5,-23.5,3669,NA,NA,NA,0.03687844429311956
43.5,-23.5,3670,NA,NA,NA,0.034674565434060195
44.5,-23.5,3671,NA,NA,NA,0.036648382357205515
45.5,-23.5,3672,NA,NA,NA,0.03999668865922501
46.5,-23.5,3673,NA,NA,NA,0.03195772618051258
47.5,-23.5,3674,NA,NA,NA,0.0313803899100753
48.5,-23.5,3675,NA,NA,NA,0.031189001055114206
49.5,-23.5,3676,NA,NA,NA,0.030864116579511505
80.5,-23.5,3707,NA,NA,NA,0.00844446942039965
81.5,-23.5,3708,NA,NA,NA,0.008400955097904648
82.5,-23.5,3709,NA,NA,NA,0.00892013806043851
83.5,-23.5,3710,NA,NA,NA,0.009256884825565661
84.5,-23.5,3711,NA,NA,NA,0.009038495457333047
85.5,-23.5,3712,NA,NA,NA,0.008634780904999605
86.5,-23.5,3713,NA,NA,NA,0.008660515348271234
87.5,-23.5,3714,NA,NA,NA,0.00879789303911713
88.5,-23.5,3715,NA,NA,NA,0.009778887315578466
89.5,-23.5,3716,NA,NA,NA,0.00921384228638076
90.5,-23.5,3717,NA,NA,NA,0.00931373677575458
91.5,-23.5,3718,NA,NA,NA,0.01017005843958816
92.5,-23.5,3719,NA,NA,NA,0.011182699226052046
93.5,-23.5,3720,NA,NA,NA,0.014413124935532493
94.5,-23.5,3721,NA,NA,NA,0.015452660008148853
95.5,-23.5,3722,NA,NA,NA,0.017633550588298796
96.5,-23.5,3723,NA,NA,NA,0.020221995773148878
97.5,-23.5,3724,NA,NA,NA,0.024536365500549055
98.5,-23.5,3725,NA,NA,NA,0.02103064584636394
99.5,-23.5,3726,NA,NA,NA,0.021339302561211883
-129.5,-22.5,3742,NA,NA,NA,0.0730225643268954
-128.5,-22.5,3743,NA,NA,NA,0.07059282718186363
-127.5,-22.5,3744,NA,NA,NA,0.05513231981144063
-126.5,-22.5,3745,NA,NA,NA,0.10963597179823856
-125.5,-22.5,3746,NA,NA,NA,0.10498596063229085
-124.5,-22.5,3747,NA,NA,NA,0.13419594169524118
-123.5,-22.5,3748,NA,NA,NA,0.157984999292061
-122.5,-22.5,3749,NA,NA,NA,0.1036594098423395
-121.5,-22.5,3750,NA,NA,NA,0.09096745619131816
-120.5,-22.5,3751,NA,NA,NA,0.08054104966064222
30.5,-22.5,3866,NA,NA,NA,0.033495377836739795
31.5,-22.5,3867,NA,NA,NA,0.03240987091465214
32.5,-22.5,3868,NA,NA,NA,0.034402620585927184
33.5,-22.5,3869,NA,NA,NA,0.0357127386341061
34.5,-22.5,3870,NA,NA,NA,0.027179373839583403
35.5,-22.5,3871,NA,NA,NA,0.029063523519838493
36.5,-22.5,3872,NA,NA,NA,0.02748232440735672
37.5,-22.5,3873,NA,NA,NA,0.03550141389789022
38.5,-22.5,3874,NA,NA,NA,0.041436435653962565
39.5,-22.5,3875,NA,NA,NA,0.044095714697544204
40.5,-22.5,3876,NA,NA,NA,0.049223753932695354
41.5,-22.5,3877,NA,NA,NA,0.04161315867744327
42.5,-22.5,3878,NA,NA,NA,0.036341409091011675
43.5,-22.5,3879,NA,NA,NA,0.039622351834806495
44.5,-22.5,3880,NA,NA,NA,0.03890889521605513
45.5,-22.5,3881,NA,NA,NA,0.03528596985916994
46.5,-22.5,3882,NA,NA,NA,0.028883489585791303
47.5,-22.5,3883,NA,NA,NA,0.026785065708305893
48.5,-22.5,3884,NA,NA,NA,0.02467109006893938
49.5,-22.5,3885,NA,NA,NA,0.02405923270393604
80.5,-22.5,3916,NA,NA,NA,0.009033513033772344
81.5,-22.5,3917,NA,NA,NA,0.00928034635096477
82.5,-22.5,3918,NA,NA,NA,0.008683374570587717
83.5,-22.5,3919,NA,NA,NA,0.008643571861620472
84.5,-22.5,3920,NA,NA,NA,0.008724485725083506
85.5,-22.5,3921,NA,NA,NA,0.008696386375453473
86.5,-22.5,3922,NA,NA,NA,0.008672099255188684
87.5,-22.5,3923,NA,NA,NA,0.008761476716772305
88.5,-22.5,3924,NA,NA,NA,0.009517413239355852
89.5,-22.5,3925,NA,NA,NA,0.009374991946763013
90.5,-22.5,3926,NA,NA,NA,0.009327480136748615
91.5,-22.5,3927,NA,NA,NA,0.010171148109431151
92.5,-22.5,3928,NA,NA,NA,0.010016321226317832
93.5,-22.5,3929,NA,NA,NA,0.013441283913761776
94.5,-22.5,3930,NA,NA,NA,0.015204336840375844
95.5,-22.5,3931,NA,NA,NA,0.01844301852912635
96.5,-22.5,3932,NA,NA,NA,0.017367991725359407
97.5,-22.5,3933,NA,NA,NA,0.01795623668733564
98.5,-22.5,3934,NA,NA,NA,0.016577271910908565
99.5,-22.5,3935,NA,NA,NA,0.02025618512058551
-129.5,-21.5,3951,NA,NA,NA,0.11502472715662264
-128.5,-21.5,3952,NA,NA,NA,0.09123635634289136
-127.5,-21.5,3953,NA,NA,NA,0.06905119044504582
-126.5,-21.5,3954,NA,NA,NA,0.06294358257473714
-125.5,-21.5,3955,NA,NA,NA,0.07474012961313102
-124.5,-21.5,3956,NA,NA,NA,0.08893273731665674
-123.5,-21.5,3957,NA,NA,NA,0.07802528818434423
-122.5,-21.5,3958,NA,NA,NA,0.059566555843120664
-121.5,-21.5,3959,NA,NA,NA,0.08610950295017696
-120.5,-21.5,3960,NA,NA,NA,0.060934990240085744
30.5,-21.5,4076,NA,NA,NA,0.031875580231534424
31.5,-21.5,4077,NA,NA,NA,0.02678417514925161
32.5,-21.5,4078,NA,NA,NA,0.03170978352190655
33.5,-21.5,4079,NA,NA,NA,0.028655644913791918
34.5,-21.5,4080,NA,NA,NA,0.03259040558508283
35.5,-21.5,4081,NA,NA,NA,0.028936424797191156
36.5,-21.5,4082,NA,NA,NA,0.02738318288387814
37.5,-21.5,4083,NA,NA,NA,0.040620239181637346
38.5,-21.5,4084,NA,NA,NA,0.04771470150913497
39.5,-21.5,4085,NA,NA,NA,0.06312034160938756
40.5,-21.5,4086,NA,NA,NA,0.06276546802536875
41.5,-21.5,4087,NA,NA,NA,0.05425008525256891
42.5,-21.5,4088,NA,NA,NA,0.0553452343675475
43.5,-21.5,4089,NA,NA,NA,0.051930046995794864
44.5,-21.5,4090,NA,NA,NA,0.04375216298494527
45.5,-21.5,4091,NA,NA,NA,0.034016473946037074
46.5,-21.5,4092,NA,NA,NA,0.031582970165365674
47.5,-21.5,4093,NA,NA,NA,0.02167562303263103
48.5,-21.5,4094,NA,NA,NA,0.018533942749668474
49.5,-21.5,4095,NA,NA,NA,0.016233514344263934
80.5,-21.5,4126,NA,NA,NA,0.009058005522721381
81.5,-21.5,4127,NA,NA,NA,0.00877097341457769
82.5,-21.5,4128,NA,NA,NA,0.008790899084337465
83.5,-21.5,4129,NA,NA,NA,0.008588511541920333
84.5,-21.5,4130,NA,NA,NA,0.008613315251301825
85.5,-21.5,4131,NA,NA,NA,0.008510436739455252
86.5,-21.5,4132,NA,NA,NA,0.008402555444389203
87.5,-21.5,4133,NA,NA,NA,0.008920994610784388
88.5,-21.5,4134,NA,NA,NA,0.008905154753242238
89.5,-21.5,4135,NA,NA,NA,0.010040879766923288
90.5,-21.5,4136,NA,NA,NA,0.010587192832857395
91.5,-21.5,4137,NA,NA,NA,0.009651092195098101
92.5,-21.5,4138,NA,NA,NA,0.00966983628025957
93.5,-21.5,4139,NA,NA,NA,0.012493432393478061
94.5,-21.5,4140,NA,NA,NA,0.013929015676119746
95.5,-21.5,4141,NA,NA,NA,0.016133823727349804
96.5,-21.5,4142,NA,NA,NA,0.016160817502282467
97.5,-21.5,4143,NA,NA,NA,0.013766567663155578
98.5,-21.5,4144,NA,NA,NA,0.014562012216184602
99.5,-21.5,4145,NA,NA,NA,0.014839553763674008
-129.5,-20.5,4161,NA,NA,NA,0.11094170879328824
-128.5,-20.5,4162,NA,NA,NA,0.09383360746786427
-127.5,-20.5,4163,NA,NA,NA,0.08211366093665139
-126.5,-20.5,4164,NA,NA,NA,0.09555540208782516
-125.5,-20.5,4165,NA,NA,NA,0.09487832098063786
-124.5,-20.5,4166,NA,NA,NA,0.0813051361064303
-123.5,-20.5,4167,NA,NA,NA,0.10011073407905191
-121.5,-20.5,4168,NA,NA,NA,0.07413950654761199
-120.5,-20.5,4169,NA,NA,NA,0.0748394926942939
30.5,-20.5,4288,NA,NA,NA,0.033167174990435123
31.5,-20.5,4289,NA,NA,NA,0.040261024763558036
32.5,-20.5,4290,NA,NA,NA,0.04532617707963895
33.5,-20.5,4291,NA,NA,NA,0.053990245317488056
34.5,-20.5,4292,NA,NA,NA,0.05969217512994593
35.5,-20.5,4293,NA,NA,NA,0.05275454160325834
36.5,-20.5,4294,NA,NA,NA,0.041181639321648804
37.5,-20.5,4295,NA,NA,NA,0.07429074766208438
38.5,-20.5,4296,NA,NA,NA,0.08493161266560827
39.5,-20.5,4297,NA,NA,NA,0.08929005703769771
40.5,-20.5,4298,NA,NA,NA,0.07352147828344871
41.5,-20.5,4299,NA,NA,NA,0.09853130275249734
42.5,-20.5,4300,NA,NA,NA,0.06963973330996492
43.5,-20.5,4301,NA,NA,NA,0.06390865320920712
44.5,-20.5,4302,NA,NA,NA,0.061809356443813135
45.5,-20.5,4303,NA,NA,NA,0.045859420915539274
46.5,-20.5,4304,NA,NA,NA,0.03143134894680824
47.5,-20.5,4305,NA,NA,NA,0.02091404298494621
48.5,-20.5,4306,NA,NA,NA,0.020631833143643624
49.5,-20.5,4307,NA,NA,NA,0.020624516459707413
80.5,-20.5,4338,NA,NA,NA,0.008430706368549359
81.5,-20.5,4339,NA,NA,NA,0.008489981637763518
82.5,-20.5,4340,NA,NA,NA,0.00854917519116572
83.5,-20.5,4341,NA,NA,NA,0.008417877752124256
84.5,-20.5,4342,NA,NA,NA,0.008570351928221054
85.5,-20.5,4343,NA,NA,NA,0.008981000002456755
86.5,-20.5,4344,NA,NA,NA,0.008599629055581294
87.5,-20.5,4345,NA,NA,NA,0.008824460931919742
88.5,-20.5,4346,NA,NA,NA,0.010250648471410466
89.5,-20.5,4347,NA,NA,NA,0.01051433518600272
90.5,-20.5,4348,NA,NA,NA,0.011614599508623317
91.5,-20.5,4349,NA,NA,NA,0.012001889067139204
92.5,-20.5,4350,NA,NA,NA,0.010347005765442657
93.5,-20.5,4351,NA,NA,NA,0.010415527602503189
94.5,-20.5,4352,NA,NA,NA,0.010409721532193323
95.5,-20.5,4353,NA,NA,NA,0.009872790516591656
96.5,-20.5,4354,NA,NA,NA,0.010397572581509723
97.5,-20.5,4355,NA,NA,NA,0.01081145476552767
98.5,-20.5,4356,NA,NA,NA,0.010987643380121483
99.5,-20.5,4357,NA,NA,NA,0.010991282584404145
-139.5,-19.5,4368,NA,NA,NA,0.19463186808799532
-138.5,-19.5,4369,NA,NA,NA,0.3170877533246209
-137.5,-19.5,4370,NA,NA,NA,0.37768898858464867
-136.5,-19.5,4371,NA,NA,NA,0.5989218136491512
-130.5,-19.5,4372,NA,NA,NA,0.2172996940793653
-129.5,-19.5,4373,NA,NA,NA,0.11318912504879071
-128.5,-19.5,4374,NA,NA,NA,0.0969838800629279
-127.5,-19.5,4375,NA,NA,NA,0.07086616393459713
-126.5,-19.5,4376,NA,NA,NA,0.08662797860252754
-125.5,-19.5,4377,NA,NA,NA,0.08644825629681685
-124.5,-19.5,4378,NA,NA,NA,0.07721200347488671
-123.5,-19.5,4379,NA,NA,NA,0.09696550321017308
-122.5,-19.5,4380,NA,NA,NA,0.09618542226267075
-121.5,-19.5,4381,NA,NA,NA,0.10542945887273793
-120.5,-19.5,4382,NA,NA,NA,0.08890541266733872
10.5,-19.5,4486,NA,NA,NA,0.12257625965713444
11.5,-19.5,4487,NA,NA,NA,0.09224579850254
12.5,-19.5,4488,NA,NA,NA,0.08184539350342863
13.5,-19.5,4489,NA,NA,NA,0.06235034460194042
14.5,-19.5,4490,NA,NA,NA,0.06164464185651863
15.5,-19.5,4491,NA,NA,NA,0.054723290843178236
16.5,-19.5,4492,NA,NA,NA,0.055465941540070236
17.5,-19.5,4493,NA,NA,NA,0.05552287325307196
18.5,-19.5,4494,NA,NA,NA,0.06461346410703861
19.5,-19.5,4495,NA,NA,NA,0.07377588566330667
-139.5,-18.5,4586,NA,NA,NA,0.28302447270804176
-138.5,-18.5,4587,NA,NA,NA,0.24630754757569737
-137.5,-18.5,4588,NA,NA,NA,0.34575793941224325
-136.5,-18.5,4589,NA,NA,NA,0.6583479590531979
-130.5,-18.5,4590,NA,NA,NA,0.10895685195217837
-129.5,-18.5,4591,NA,NA,NA,0.15483856596427803
-128.5,-18.5,4592,NA,NA,NA,0.09883704875646401
-127.5,-18.5,4593,NA,NA,NA,0.06913272206741948
-126.5,-18.5,4594,NA,NA,NA,0.07196518063817205
-125.5,-18.5,4595,NA,NA,NA,0.0691796749092655
-124.5,-18.5,4596,NA,NA,NA,0.046831448166980816
-123.5,-18.5,4597,NA,NA,NA,0.04332237423996251
-122.5,-18.5,4598,NA,NA,NA,0.05464442524245123
-121.5,-18.5,4599,NA,NA,NA,0.05688735591258138
-120.5,-18.5,4600,NA,NA,NA,0.06607521398213724
10.5,-18.5,4707,NA,NA,NA,0.15041683693914135
11.5,-18.5,4708,NA,NA,NA,0.12678053617389357
12.5,-18.5,4709,NA,NA,NA,0.1069021513992108
13.5,-18.5,4710,NA,NA,NA,0.08272622972882555
14.5,-18.5,4711,NA,NA,NA,0.07784448398541968
15.5,-18.5,4712,NA,NA,NA,0.07652428351275752
16.5,-18.5,4713,NA,NA,NA,0.07118515018297011
17.5,-18.5,4714,NA,NA,NA,0.07823902558915144
18.5,-18.5,4715,NA,NA,NA,0.08134368958367713
19.5,-18.5,4716,NA,NA,NA,0.10520943729203568
-139.5,-17.5,4807,NA,NA,NA,0.2834235934930229
-138.5,-17.5,4808,NA,NA,NA,0.44492436378665295
-137.5,-17.5,4809,NA,NA,NA,0.37350433317338994
-136.5,-17.5,4810,NA,NA,NA,0.18887455513184645
-130.5,-17.5,4811,NA,NA,NA,0.14780181239026335
-129.5,-17.5,4812,NA,NA,NA,0.25170253346630805
-128.5,-17.5,4813,NA,NA,NA,0.10338082754562908
-127.5,-17.5,4814,NA,NA,NA,0.07393040275345075
-126.5,-17.5,4815,NA,NA,NA,0.07270972109475105
-125.5,-17.5,4816,NA,NA,NA,0.061843775680957655
-124.5,-17.5,4817,NA,NA,NA,0.03893335765606924
-123.5,-17.5,4818,NA,NA,NA,0.03148776881224908
-122.5,-17.5,4819,NA,NA,NA,0.031225394944450594
-121.5,-17.5,4820,NA,NA,NA,0.03105493459792067
-120.5,-17.5,4821,NA,NA,NA,0.04147719700530531
10.5,-17.5,4929,NA,NA,NA,0.14361056993055354
11.5,-17.5,4930,NA,NA,NA,0.1382393812604222
12.5,-17.5,4931,NA,NA,NA,0.1072181482468752
13.5,-17.5,4932,NA,NA,NA,0.10116853941637498
14.5,-17.5,4933,NA,NA,NA,0.10807022053079748
15.5,-17.5,4934,NA,NA,NA,0.09444186970227858
16.5,-17.5,4935,NA,NA,NA,0.10447368208603751
17.5,-17.5,4936,NA,NA,NA,0.10978713328281949
18.5,-17.5,4937,NA,NA,NA,0.12249537639353332
19.5,-17.5,4938,NA,NA,NA,0.10570415401630806
-139.5,-16.5,5027,NA,NA,NA,0.34472603501650795
-138.5,-16.5,5028,NA,NA,NA,0.27292528829326035
-137.5,-16.5,5029,NA,NA,NA,0.4208559927205179
-136.5,-16.5,5030,NA,NA,NA,0.4632552896812448
-129.5,-16.5,5031,NA,NA,NA,0.0483213954630105
-128.5,-16.5,5032,NA,NA,NA,0.09252068923603628
-127.5,-16.5,5033,NA,NA,NA,0.08577716948560861
-126.5,-16.5,5034,NA,NA,NA,0.06821835358730864
-125.5,-16.5,5035,NA,NA,NA,0.06310665197185572
-124.5,-16.5,5036,NA,NA,NA,0.05491336469634221
-123.5,-16.5,5037,NA,NA,NA,0.04876304526516597
-122.5,-16.5,5038,NA,NA,NA,0.04453499831569047
-121.5,-16.5,5039,NA,NA,NA,0.03968230182044778
-120.5,-16.5,5040,NA,NA,NA,0.027902772203938813
10.5,-16.5,5149,NA,NA,NA,0.10322000420025178
11.5,-16.5,5150,NA,NA,NA,0.11461667771868665
12.5,-16.5,5151,NA,NA,NA,0.10311378075537651
13.5,-16.5,5152,NA,NA,NA,0.09104680833590147
14.5,-16.5,5153,NA,NA,NA,0.10027937420314058
15.5,-16.5,5154,NA,NA,NA,0.10464424414684113
16.5,-16.5,5155,NA,NA,NA,0.09702513805213915
17.5,-16.5,5156,NA,NA,NA,0.08961027344288253
18.5,-16.5,5157,NA,NA,NA,0.09745463536858065
19.5,-16.5,5158,NA,NA,NA,0.09347196004639113
-138.5,-15.5,5246,NA,NA,NA,0.14834069534211214
-137.5,-15.5,5247,NA,NA,NA,0.21734622166051687
-136.5,-15.5,5248,NA,NA,NA,0.4467526894721607
-135.5,-15.5,5249,NA,NA,NA,0.2511436168693218
-134.5,-15.5,5250,NA,NA,NA,0.34871518270163065
-129.5,-15.5,5251,NA,NA,NA,0.030426969038303456
-128.5,-15.5,5252,NA,NA,NA,0.09102569368039425
-127.5,-15.5,5253,NA,NA,NA,0.08055398141767893
-126.5,-15.5,5254,NA,NA,NA,0.06562497565797595
-125.5,-15.5,5255,NA,NA,NA,0.06387456250183078
-124.5,-15.5,5256,NA,NA,NA,0.06154702141346477
-123.5,-15.5,5257,NA,NA,NA,0.04478041034101273
-122.5,-15.5,5258,NA,NA,NA,0.03789522868188328
-121.5,-15.5,5259,NA,NA,NA,0.04011603962805041
-120.5,-15.5,5260,NA,NA,NA,0.03752341937981721
10.5,-15.5,5375,NA,NA,NA,0.11539501767122033
11.5,-15.5,5376,NA,NA,NA,0.11972935000465337
12.5,-15.5,5377,NA,NA,NA,0.11620544066778413
13.5,-15.5,5378,NA,NA,NA,0.1398742696641104
14.5,-15.5,5379,NA,NA,NA,0.10991511740935841
15.5,-15.5,5380,NA,NA,NA,0.1048134644326302
16.5,-15.5,5381,NA,NA,NA,0.079587337129951
17.5,-15.5,5382,NA,NA,NA,0.083773034108436
18.5,-15.5,5383,NA,NA,NA,0.077361453312249
19.5,-15.5,5384,NA,NA,NA,0.09352405807720311
-138.5,-14.5,5470,NA,NA,NA,0.15043054524095045
-137.5,-14.5,5471,NA,NA,NA,0.25967479951288297
-136.5,-14.5,5472,NA,NA,NA,0.46705671931891096
-135.5,-14.5,5473,NA,NA,NA,0.25124218686726624
-134.5,-14.5,5474,NA,NA,NA,0.2429702305473657
-133.5,-14.5,5475,NA,NA,NA,0.21555547059468722
-132.5,-14.5,5476,NA,NA,NA,0.5206968539553539
-129.5,-14.5,5477,NA,NA,NA,0.034880118655835665
-128.5,-14.5,5478,NA,NA,NA,0.10046826660268553
-127.5,-14.5,5479,NA,NA,NA,0.06138280560764142
-126.5,-14.5,5480,NA,NA,NA,0.05270220401732757
-125.5,-14.5,5481,NA,NA,NA,0.05413857455528343
-124.5,-14.5,5482,NA,NA,NA,0.05183914725635395
-123.5,-14.5,5483,NA,NA,NA,0.049465724375348484
-122.5,-14.5,5484,NA,NA,NA,0.03608660904026553
-121.5,-14.5,5485,NA,NA,NA,0.04118928104260983
-120.5,-14.5,5486,NA,NA,NA,0.04276046423476903
10.5,-14.5,5604,NA,NA,NA,0.21092212499684743
11.5,-14.5,5605,NA,NA,NA,0.1570677644095974
12.5,-14.5,5606,NA,NA,NA,0.13424322401877123
13.5,-14.5,5607,NA,NA,NA,0.11497671571516176
14.5,-14.5,5608,NA,NA,NA,0.09032301524566673
15.5,-14.5,5609,NA,NA,NA,0.08166643295497199
16.5,-14.5,5610,NA,NA,NA,0.07559518752487909
17.5,-14.5,5611,NA,NA,NA,0.07224639297763005
18.5,-14.5,5612,NA,NA,NA,0.07355398166314245
19.5,-14.5,5613,NA,NA,NA,0.07524635300703907
-138.5,-13.5,5698,NA,NA,NA,0.1552292008090494
-137.5,-13.5,5699,NA,NA,NA,0.23609274369591712
-136.5,-13.5,5700,NA,NA,NA,0.40784706149378225
-135.5,-13.5,5701,NA,NA,NA,0.3185314628769222
-134.5,-13.5,5702,NA,NA,NA,0.24521982895058694
-133.5,-13.5,5703,NA,NA,NA,0.2533777190017149
-132.5,-13.5,5704,NA,NA,NA,0.24860131177233727
-129.5,-13.5,5705,NA,NA,NA,0.03370426716017267
-128.5,-13.5,5706,NA,NA,NA,0.05616889241389811
-127.5,-13.5,5707,NA,NA,NA,0.04845159318085069
-126.5,-13.5,5708,NA,NA,NA,0.03611923058703129
-125.5,-13.5,5709,NA,NA,NA,0.036267596286983096
-124.5,-13.5,5710,NA,NA,NA,0.03686999081259359
-123.5,-13.5,5711,NA,NA,NA,0.03646770276193775
-122.5,-13.5,5712,NA,NA,NA,0.036129741436154245
-121.5,-13.5,5713,NA,NA,NA,0.03599454101583701
-120.5,-13.5,5714,NA,NA,NA,0.03718944635331864
10.5,-13.5,5836,NA,NA,NA,0.1317862423242279
11.5,-13.5,5837,NA,NA,NA,0.1152926026880414
12.5,-13.5,5838,NA,NA,NA,0.12029896485124812
13.5,-13.5,5839,NA,NA,NA,0.12280694645500032
14.5,-13.5,5840,NA,NA,NA,0.09552261014845595
15.5,-13.5,5841,NA,NA,NA,0.09412479278874653
16.5,-13.5,5842,NA,NA,NA,0.08179553978521202
17.5,-13.5,5843,NA,NA,NA,0.08742269098787223
18.5,-13.5,5844,NA,NA,NA,0.08276386997979866
19.5,-13.5,5845,NA,NA,NA,0.08848975231284838
-138.5,-12.5,5930,NA,NA,NA,0.28109363851435115
-137.5,-12.5,5931,NA,NA,NA,0.23522096364684963
-136.5,-12.5,5932,NA,NA,NA,0.4598122236140911
-135.5,-12.5,5933,NA,NA,NA,0.4137413100649323
-134.5,-12.5,5934,NA,NA,NA,0.48918437613609816
-133.5,-12.5,5935,NA,NA,NA,0.3419735127981833
-132.5,-12.5,5936,NA,NA,NA,0.1506282453440755
-131.5,-12.5,5937,NA,NA,NA,0.11188567466649661
-129.5,-12.5,5938,NA,NA,NA,0.035876693725199256
-128.5,-12.5,5939,NA,NA,NA,0.047342375944678786
-127.5,-12.5,5940,NA,NA,NA,0.03942998389754621
-126.5,-12.5,5941,NA,NA,NA,0.03292430225129405
-125.5,-12.5,5942,NA,NA,NA,0.03787701457000927
-124.5,-12.5,5943,NA,NA,NA,0.04209489018191643
-123.5,-12.5,5944,NA,NA,NA,0.0428487223051438
-122.5,-12.5,5945,NA,NA,NA,0.04044511316648825
-121.5,-12.5,5946,NA,NA,NA,0.04081459766455016
-120.5,-12.5,5947,NA,NA,NA,0.04717897435358646
10.5,-12.5,6071,NA,NA,NA,0.11839316554223404
11.5,-12.5,6072,NA,NA,NA,0.10344843604835309
12.5,-12.5,6073,NA,NA,NA,0.09434929854495297
13.5,-12.5,6074,NA,NA,NA,0.11564991735119061
14.5,-12.5,6075,NA,NA,NA,0.11028615810750003
15.5,-12.5,6076,NA,NA,NA,0.10217572666742517
16.5,-12.5,6077,NA,NA,NA,0.08581018080217177
17.5,-12.5,6078,NA,NA,NA,0.07917552901692906
18.5,-12.5,6079,NA,NA,NA,0.08440461570828063
19.5,-12.5,6080,NA,NA,NA,0.09274360616688791
-139.5,-11.5,6164,NA,NA,NA,0.11209258775832162
-138.5,-11.5,6165,NA,NA,NA,0.13311697537038858
-137.5,-11.5,6166,NA,NA,NA,0.2596350763634555
-136.5,-11.5,6167,NA,NA,NA,0.18393538106359214
-135.5,-11.5,6168,NA,NA,NA,0.09200712599239384
-134.5,-11.5,6169,NA,NA,NA,0.08684456026452726
-133.5,-11.5,6170,NA,NA,NA,0.1036204149986989
-132.5,-11.5,6171,NA,NA,NA,0.10197913846566942
-131.5,-11.5,6172,NA,NA,NA,0.10364504770836516
-130.5,-11.5,6173,NA,NA,NA,0.06707938783042472
-129.5,-11.5,6174,NA,NA,NA,0.09953165192383784
-128.5,-11.5,6175,NA,NA,NA,0.05980977991282049
-127.5,-11.5,6176,NA,NA,NA,0.04461257254706615
-126.5,-11.5,6177,NA,NA,NA,0.044705890707763284
-125.5,-11.5,6178,NA,NA,NA,0.05148894798868849
-124.5,-11.5,6179,NA,NA,NA,0.053527179907127874
-123.5,-11.5,6180,NA,NA,NA,0.05607869276948755
-122.5,-11.5,6181,NA,NA,NA,0.06531160570902574
-121.5,-11.5,6182,NA,NA,NA,0.04542226065772366
-120.5,-11.5,6183,NA,NA,NA,0.0482231558232966
10.5,-11.5,6310,NA,NA,NA,0.10535957024326972
11.5,-11.5,6311,NA,NA,NA,0.09019224382086963
12.5,-11.5,6312,NA,NA,NA,0.10781783862037887
13.5,-11.5,6313,NA,NA,NA,0.11785504819096013
14.5,-11.5,6314,NA,NA,NA,0.11288771799755398
15.5,-11.5,6315,NA,NA,NA,0.10211935541688714
16.5,-11.5,6316,NA,NA,NA,0.08594469890456477
17.5,-11.5,6317,NA,NA,NA,0.08904072478700167
18.5,-11.5,6318,NA,NA,NA,0.08471486588548528
19.5,-11.5,6319,NA,NA,NA,0.09226856357568251
-139.5,-10.5,6403,NA,NA,NA,0.042186909802915944
-138.5,-10.5,6404,NA,NA,NA,0.22911241611976266
-137.5,-10.5,6405,NA,NA,NA,0.11199886706780447
-136.5,-10.5,6406,NA,NA,NA,0.18718685755265022
-135.5,-10.5,6407,NA,NA,NA,0.10530254798728528
-134.5,-10.5,6408,NA,NA,NA,0.11232385613099147
-133.5,-10.5,6409,NA,NA,NA,0.09060969416089823
-132.5,-10.5,6410,NA,NA,NA,0.08561746913507778
-131.5,-10.5,6411,NA,NA,NA,0.06545920840099029
-130.5,-10.5,6412,NA,NA,NA,0.07441905524907193
-129.5,-10.5,6413,NA,NA,NA,0.06735226425026902
-128.5,-10.5,6414,NA,NA,NA,0.061521682208430545
-127.5,-10.5,6415,NA,NA,NA,0.06485899522004168
-126.5,-10.5,6416,NA,NA,NA,0.058021354660212014
-125.5,-10.5,6417,NA,NA,NA,0.062105225464140254
-124.5,-10.5,6418,NA,NA,NA,0.09072102525957172
-123.5,-10.5,6419,NA,NA,NA,0.05847811233838394
-122.5,-10.5,6420,NA,NA,NA,0.07711348177857655
-121.5,-10.5,6421,NA,NA,NA,0.08038921838173377
-120.5,-10.5,6422,NA,NA,NA,0.06104855934792384
10.5,-10.5,6549,NA,NA,NA,0.09628247997100306
11.5,-10.5,6550,NA,NA,NA,0.0683080226383411
12.5,-10.5,6551,NA,NA,NA,0.12206963434654845
13.5,-10.5,6552,NA,NA,NA,0.09680018527686693
14.5,-10.5,6553,NA,NA,NA,0.09688835671429098
15.5,-10.5,6554,NA,NA,NA,0.08823898563046388
16.5,-10.5,6555,NA,NA,NA,0.08017373140336821
17.5,-10.5,6556,NA,NA,NA,0.08267362631592715
18.5,-10.5,6557,NA,NA,NA,0.12292544704058388
19.5,-10.5,6558,NA,NA,NA,0.08062087128258062
-119.5,10.5,11100,NA,NA,NA,0.07978692000056016
-118.5,10.5,11101,NA,NA,NA,0.0745852749084878
-117.5,10.5,11102,NA,NA,NA,0.09805490847791212
-116.5,10.5,11103,NA,NA,NA,0.0781581466940302
-115.5,10.5,11104,NA,NA,NA,0.09859240410734649
-114.5,10.5,11105,NA,NA,NA,0.09086935267065982
-113.5,10.5,11106,NA,NA,NA,0.13579238365116436
-112.5,10.5,11107,NA,NA,NA,0.22342325940991528
-111.5,10.5,11108,NA,NA,NA,0.19916753120130795
-110.5,10.5,11109,NA,NA,NA,0.205678398497933
-119.5,11.5,11311,NA,NA,NA,0.06320022538319058
-118.5,11.5,11312,NA,NA,NA,0.052738307205778254
-117.5,11.5,11313,NA,NA,NA,0.08092410967551132
-116.5,11.5,11314,NA,NA,NA,0.0819999585280135
-115.5,11.5,11315,NA,NA,NA,0.0684481227947272
-114.5,11.5,11316,NA,NA,NA,0.07358302351978574
-113.5,11.5,11317,NA,NA,NA,0.10690043220752429
-112.5,11.5,11318,NA,NA,NA,0.1946067666714296
-111.5,11.5,11319,NA,NA,NA,0.1766941589136029
-110.5,11.5,11320,NA,NA,NA,0.18670255937361357
-119.5,12.5,11518,NA,NA,NA,0.04966191076764503
-118.5,12.5,11519,NA,NA,NA,0.03957677647751552
-117.5,12.5,11520,NA,NA,NA,0.044682709559238074
-116.5,12.5,11521,NA,NA,NA,0.0695488016519796
-115.5,12.5,11522,NA,NA,NA,0.07244100227968747
-114.5,12.5,11523,NA,NA,NA,0.07220956328696986
-113.5,12.5,11524,NA,NA,NA,0.09422040939769422
-112.5,12.5,11525,NA,NA,NA,0.17711924136793997
-111.5,12.5,11526,NA,NA,NA,0.15638732503480043
-110.5,12.5,11527,NA,NA,NA,0.16615668152051463
-119.5,13.5,11723,NA,NA,NA,0.042636039512635296
-118.5,13.5,11724,NA,NA,NA,0.049198480686440595
-117.5,13.5,11725,NA,NA,NA,0.04551628317118055
-116.5,13.5,11726,NA,NA,NA,0.04309414826087639
-115.5,13.5,11727,NA,NA,NA,0.0616477375790249
-114.5,13.5,11728,NA,NA,NA,0.05735446712157655
-113.5,13.5,11729,NA,NA,NA,0.08638249017665538
-112.5,13.5,11730,NA,NA,NA,0.14449721089604392
-111.5,13.5,11731,NA,NA,NA,0.1478611352342288
-110.5,13.5,11732,NA,NA,NA,0.14221561647264164
-119.5,14.5,11924,NA,NA,NA,0.04412856017187043
-118.5,14.5,11925,NA,NA,NA,0.0429861215596668
-117.5,14.5,11926,NA,NA,NA,0.044434353264535924
-116.5,14.5,11927,NA,NA,NA,0.04031983052705166
-115.5,14.5,11928,NA,NA,NA,0.04139889491604276
-114.5,14.5,11929,NA,NA,NA,0.05731446728965097
-113.5,14.5,11930,NA,NA,NA,0.06859427113017644
-112.5,14.5,11931,NA,NA,NA,0.11482950506584304
-111.5,14.5,11932,NA,NA,NA,0.10569061772298531
-110.5,14.5,11933,NA,NA,NA,0.12793571024265077
-119.5,15.5,12121,NA,NA,NA,0.05034582665617435
-118.5,15.5,12122,NA,NA,NA,0.04626669611947357
-117.5,15.5,12123,NA,NA,NA,0.04082850892516519
-116.5,15.5,12124,NA,NA,NA,0.04256510994747262
-115.5,15.5,12125,NA,NA,NA,0.03597015492848332
-114.5,15.5,12126,NA,NA,NA,0.04359741482039514
-113.5,15.5,12127,NA,NA,NA,0.05651530308063043
-112.5,15.5,12128,NA,NA,NA,0.08622944381764165
-111.5,15.5,12129,NA,NA,NA,0.10388859556902065
-110.5,15.5,12130,NA,NA,NA,0.12814463370428963
-119.5,16.5,12313,NA,NA,NA,0.0522126081823816
-118.5,16.5,12314,NA,NA,NA,0.05099049843643526
-117.5,16.5,12315,NA,NA,NA,0.05975443341139468
-116.5,16.5,12316,NA,NA,NA,0.041494698108114646
-115.5,16.5,12317,NA,NA,NA,0.04082572129816924
-114.5,16.5,12318,NA,NA,NA,0.039204959922988385
-113.5,16.5,12319,NA,NA,NA,0.05184028504237697
-112.5,16.5,12320,NA,NA,NA,0.08316215516345238
-111.5,16.5,12321,NA,NA,NA,0.09650614372060469
-110.5,16.5,12322,NA,NA,NA,0.1117964330108047
-119.5,17.5,12494,NA,NA,NA,0.051332239475434964
-118.5,17.5,12495,NA,NA,NA,0.04569951064082447
-117.5,17.5,12496,NA,NA,NA,0.041736981754860826
-116.5,17.5,12497,NA,NA,NA,0.03897251825178078
-115.5,17.5,12498,NA,NA,NA,0.03773480509116523
-114.5,17.5,12499,NA,NA,NA,0.041814580523997745
-113.5,17.5,12500,NA,NA,NA,0.045677422667380604
-112.5,17.5,12501,NA,NA,NA,0.08380434186406836
-111.5,17.5,12502,NA,NA,NA,0.10961833157987623
-110.5,17.5,12503,NA,NA,NA,0.12360859725065454
-119.5,18.5,12672,NA,NA,NA,0.05476859541313931
-118.5,18.5,12673,NA,NA,NA,0.043917088123212246
-117.5,18.5,12674,NA,NA,NA,0.04029902102903589
-116.5,18.5,12675,NA,NA,NA,0.04873763179287846
-115.5,18.5,12676,NA,NA,NA,0.041803598619812234
-114.5,18.5,12677,NA,NA,NA,0.04585594326095185
-113.5,18.5,12678,NA,NA,NA,0.049174595861025974
-112.5,18.5,12679,NA,NA,NA,0.07851500355722033
-111.5,18.5,12680,NA,NA,NA,0.10352509030661698
-110.5,18.5,12681,NA,NA,NA,0.09781269782886803
-119.5,19.5,12846,NA,NA,NA,0.05882173041372444
-118.5,19.5,12847,NA,NA,NA,0.047285004458045225
-117.5,19.5,12848,NA,NA,NA,0.04384968519493586
-116.5,19.5,12849,NA,NA,NA,0.03755879333516219
-115.5,19.5,12850,NA,NA,NA,0.03687796845003419
-114.5,19.5,12851,NA,NA,NA,0.04449810976981437
-113.5,19.5,12852,NA,NA,NA,0.0577515536768947
-112.5,19.5,12853,NA,NA,NA,0.057369956806196186
-111.5,19.5,12854,NA,NA,NA,0.08546736405610561
-110.5,19.5,12855,NA,NA,NA,0.09847896264305879
-119.5,20.5,13015,NA,NA,NA,0.05367215778949252
-118.5,20.5,13016,NA,NA,NA,0.05404342156703539
-117.5,20.5,13017,NA,NA,NA,0.04343323916436211
-116.5,20.5,13018,NA,NA,NA,0.038543976387640115
-115.5,20.5,13019,NA,NA,NA,0.04286074615264189
-114.5,20.5,13020,NA,NA,NA,0.05208253767144284
-113.5,20.5,13021,NA,NA,NA,0.05005166708250403
-112.5,20.5,13022,NA,NA,NA,0.04910356249980891
-111.5,20.5,13023,NA,NA,NA,0.07274669979627962
-110.5,20.5,13024,NA,NA,NA,0.07250103656061176
-119.5,21.5,13179,NA,NA,NA,0.05943046851789483
-118.5,21.5,13180,NA,NA,NA,0.0459748337880352
-117.5,21.5,13181,NA,NA,NA,0.04721388893021341
-116.5,21.5,13182,NA,NA,NA,0.0425559003624183
-115.5,21.5,13183,NA,NA,NA,0.04935712500942521
-114.5,21.5,13184,NA,NA,NA,0.05563252849837877
-113.5,21.5,13185,NA,NA,NA,0.03759794801323463
-112.5,21.5,13186,NA,NA,NA,0.037951923628888405
-111.5,21.5,13187,NA,NA,NA,0.04977305277163535
-110.5,21.5,13188,NA,NA,NA,0.14235765574289028
-118.5,22.5,13340,NA,NA,NA,0.04668483557403416
-117.5,22.5,13341,NA,NA,NA,0.03830350742049645
-116.5,22.5,13342,NA,NA,NA,0.039875519150237536
-115.5,22.5,13343,NA,NA,NA,0.045377139606902636
-114.5,22.5,13344,NA,NA,NA,0.1158847836474568
-113.5,22.5,13345,NA,NA,NA,0.03988583129612312
-112.5,22.5,13346,NA,NA,NA,0.0807653402474322
-111.5,22.5,13347,NA,NA,NA,0.1841046851024951
-110.5,22.5,13348,NA,NA,NA,0.24622550595759898
-118.5,23.5,13489,NA,NA,NA,0.047633758427505835
-117.5,23.5,13490,NA,NA,NA,0.049557944467645366
-116.5,23.5,13491,NA,NA,NA,0.056110705681069836
-115.5,23.5,13492,NA,NA,NA,0.062186640331630946
-114.5,23.5,13493,NA,NA,NA,0.04638166630324689
-113.5,23.5,13494,NA,NA,NA,0.09768388417245615
-112.5,23.5,13495,NA,NA,NA,0.11571005851767074
-117.5,24.5,13630,NA,NA,NA,0.09879789913782021
-116.5,24.5,13631,NA,NA,NA,0.05582291412707797
-115.5,24.5,13632,NA,NA,NA,0.06604281723959152
-114.5,24.5,13633,NA,NA,NA,0.04879012205282803
-113.5,24.5,13634,NA,NA,NA,0.06352997028621371
-113.5,25.5,13767,NA,NA,NA,0.12346716099062145
0.5,30.5,14459,NA,NA,NA,0.015346874438783006
1.5,30.5,14460,NA,NA,NA,0.01595191009419617
2.5,30.5,14461,NA,NA,NA,0.01610829933242274
3.5,30.5,14462,NA,NA,NA,0.016939108840953798
4.5,30.5,14463,NA,NA,NA,0.01958248930465875
5.5,30.5,14464,NA,NA,NA,0.01792548457948429
6.5,30.5,14465,NA,NA,NA,0.01799515799033016
7.5,30.5,14466,NA,NA,NA,0.013778705838483913
8.5,30.5,14467,NA,NA,NA,0.012424988279407
9.5,30.5,14468,NA,NA,NA,0.012185529800262706
10.5,30.5,14469,NA,NA,NA,0.012285553480663422
11.5,30.5,14470,NA,NA,NA,0.012638230565071079
12.5,30.5,14471,NA,NA,NA,0.010095643157374521
13.5,30.5,14472,NA,NA,NA,0.009906111714692058
14.5,30.5,14473,NA,NA,NA,0.009302445788893736
15.5,30.5,14474,NA,NA,NA,0.009501024424111808
16.5,30.5,14475,NA,NA,NA,0.009718527861497078
17.5,30.5,14476,NA,NA,NA,0.010137040848490455
18.5,30.5,14477,NA,NA,NA,0.009800128478589805
19.5,30.5,14478,NA,NA,NA,0.010839580230552164
0.5,31.5,14583,NA,NA,NA,0.014634100606439113
1.5,31.5,14584,NA,NA,NA,0.014670013834108046
2.5,31.5,14585,NA,NA,NA,0.014782119326221393
3.5,31.5,14586,NA,NA,NA,0.015076359494428926
4.5,31.5,14587,NA,NA,NA,0.015698054799244174
5.5,31.5,14588,NA,NA,NA,0.013955271963224228
6.5,31.5,14589,NA,NA,NA,0.013734889326234602
7.5,31.5,14590,NA,NA,NA,0.012777049179642638
8.5,31.5,14591,NA,NA,NA,0.010849719810777796
9.5,31.5,14592,NA,NA,NA,0.010634043068832703
10.5,31.5,14593,NA,NA,NA,0.010532768719046785
11.5,31.5,14594,NA,NA,NA,0.010328659233810086
12.5,31.5,14595,NA,NA,NA,0.011257791377646957
13.5,31.5,14596,NA,NA,NA,0.01034045375012773
14.5,31.5,14597,NA,NA,NA,0.011245214270892692
15.5,31.5,14598,NA,NA,NA,0.01009484961110872
16.5,31.5,14599,NA,NA,NA,0.01007187139665117
17.5,31.5,14600,NA,NA,NA,0.010715605951901987
18.5,31.5,14601,NA,NA,NA,0.009957960004529445
19.5,31.5,14602,NA,NA,NA,0.0094540702120225
0.5,32.5,14705,NA,NA,NA,0.014772463095279248
1.5,32.5,14706,NA,NA,NA,0.01478298190083106
2.5,32.5,14707,NA,NA,NA,0.014416894797894618
3.5,32.5,14708,NA,NA,NA,0.014571791782908282
4.5,32.5,14709,NA,NA,NA,0.014035790762919212
5.5,32.5,14710,NA,NA,NA,0.012858782139035081
6.5,32.5,14711,NA,NA,NA,0.013382249550763267
7.5,32.5,14712,NA,NA,NA,0.010433150036603615
8.5,32.5,14713,NA,NA,NA,0.010065746161458288
9.5,32.5,14714,NA,NA,NA,0.010658657761579076
10.5,32.5,14715,NA,NA,NA,0.010825454909368763
11.5,32.5,14716,NA,NA,NA,0.010618452815048942
12.5,32.5,14717,NA,NA,NA,0.010411416962960223
13.5,32.5,14718,NA,NA,NA,0.01041418266671424
14.5,32.5,14719,NA,NA,NA,0.009665304417213158
15.5,32.5,14720,NA,NA,NA,0.009316690235809652
16.5,32.5,14721,NA,NA,NA,0.00935343712270192
17.5,32.5,14722,NA,NA,NA,0.00911929667985623
18.5,32.5,14723,NA,NA,NA,0.009255359786329352
19.5,32.5,14724,NA,NA,NA,0.009509411170123178
0.5,33.5,14822,NA,NA,NA,0.016956516435586814
1.5,33.5,14823,NA,NA,NA,0.016344936420797134
2.5,33.5,14824,NA,NA,NA,0.01605649929025867
3.5,33.5,14825,NA,NA,NA,0.014777549828678568
4.5,33.5,14826,NA,NA,NA,0.014952208647940857
5.5,33.5,14827,NA,NA,NA,0.013643611065351719
6.5,33.5,14828,NA,NA,NA,0.01253446034834014
7.5,33.5,14829,NA,NA,NA,0.012589062973457544
8.5,33.5,14830,NA,NA,NA,0.01259904820629622
9.5,33.5,14831,NA,NA,NA,0.012638812822430122
10.5,33.5,14832,NA,NA,NA,0.01216869828639053
11.5,33.5,14833,NA,NA,NA,0.012673382367918923
12.5,33.5,14834,NA,NA,NA,0.010507514275128927
13.5,33.5,14835,NA,NA,NA,0.010346097738447003
14.5,33.5,14836,NA,NA,NA,0.01066442467833897
15.5,33.5,14837,NA,NA,NA,0.009857681496788494
16.5,33.5,14838,NA,NA,NA,0.011105309194036274
17.5,33.5,14839,NA,NA,NA,0.01063844304509718
18.5,33.5,14840,NA,NA,NA,0.010979813507348264
19.5,33.5,14841,NA,NA,NA,0.009913405824250598
0.5,34.5,14936,NA,NA,NA,0.011636955932629619
1.5,34.5,14937,NA,NA,NA,0.011439426755880019
2.5,34.5,14938,NA,NA,NA,0.011173777995778475
3.5,34.5,14939,NA,NA,NA,0.01031948378352784
4.5,34.5,14940,NA,NA,NA,0.010728122256538847
5.5,34.5,14941,NA,NA,NA,0.011270406332539621
6.5,34.5,14942,NA,NA,NA,0.011375132253899321
7.5,34.5,14943,NA,NA,NA,0.010688870977245886
8.5,34.5,14944,NA,NA,NA,0.00907895101669046
9.5,34.5,14945,NA,NA,NA,0.008990358049467406
10.5,34.5,14946,NA,NA,NA,0.008522299925515842
11.5,34.5,14947,NA,NA,NA,0.009151795202694652
12.5,34.5,14948,NA,NA,NA,0.010819091605336086
13.5,34.5,14949,NA,NA,NA,0.009812498279688244
14.5,34.5,14950,NA,NA,NA,0.009745590230543145
15.5,34.5,14951,NA,NA,NA,0.00965668673574061
16.5,34.5,14952,NA,NA,NA,0.009705698163969028
17.5,34.5,14953,NA,NA,NA,0.009926528427291937
18.5,34.5,14954,NA,NA,NA,0.010844233229028546
19.5,34.5,14955,NA,NA,NA,0.010958242299749513
0.5,35.5,15046,NA,NA,NA,0.012548055457925646
1.5,35.5,15047,NA,NA,NA,0.012038345942965005
2.5,35.5,15048,NA,NA,NA,0.011734910620261512
3.5,35.5,15049,NA,NA,NA,0.011848808494132949
4.5,35.5,15050,NA,NA,NA,0.011047653217194923
5.5,35.5,15051,NA,NA,NA,0.011422273613318988
6.5,35.5,15052,NA,NA,NA,0.009915168120036625
7.5,35.5,15053,NA,NA,NA,0.009491871414590963
8.5,35.5,15054,NA,NA,NA,0.009120838334460655
9.5,35.5,15055,NA,NA,NA,0.008922130148885375
10.5,35.5,15056,NA,NA,NA,0.00902165685329018
11.5,35.5,15057,NA,NA,NA,0.008646557344527406
12.5,35.5,15058,NA,NA,NA,0.0066592518644144234
13.5,35.5,15059,NA,NA,NA,0.008352071397948605
14.5,35.5,15060,NA,NA,NA,0.008483755817085787
15.5,35.5,15061,NA,NA,NA,0.008629240241892506
16.5,35.5,15062,NA,NA,NA,0.008864861721446345
17.5,35.5,15063,NA,NA,NA,0.008385986391851695
18.5,35.5,15064,NA,NA,NA,0.008494420549616062
19.5,35.5,15065,NA,NA,NA,0.008128871526889623
0.5,36.5,15157,NA,NA,NA,0.012169147850454741
1.5,36.5,15158,NA,NA,NA,0.0125990473305715
2.5,36.5,15159,NA,NA,NA,0.013841286217456339
3.5,36.5,15160,NA,NA,NA,0.014067465071707624
4.5,36.5,15161,NA,NA,NA,0.013606440889394203
5.5,36.5,15162,NA,NA,NA,0.01334358424384104
6.5,36.5,15163,NA,NA,NA,0.013322207892811692
7.5,36.5,15164,NA,NA,NA,0.014062827995385005
8.5,36.5,15165,NA,NA,NA,0.013032420924822007
9.5,36.5,15166,NA,NA,NA,0.011507540599158797
10.5,36.5,15167,NA,NA,NA,0.01040445954743252
11.5,36.5,15168,NA,NA,NA,0.009993889557763038
12.5,36.5,15169,NA,NA,NA,0.0077449929057201465
13.5,36.5,15170,NA,NA,NA,0.009644415317386587
14.5,36.5,15171,NA,NA,NA,0.008600359342479737
15.5,36.5,15172,NA,NA,NA,0.009485036167552464
16.5,36.5,15173,NA,NA,NA,0.009030224596124153
17.5,36.5,15174,NA,NA,NA,0.00764965282910462
18.5,36.5,15175,NA,NA,NA,0.007052577877364718
19.5,36.5,15176,NA,NA,NA,0.009028821670380278
0.5,37.5,15270,NA,NA,NA,0.011914765897526294
1.5,37.5,15271,NA,NA,NA,0.011364687915071527
2.5,37.5,15272,NA,NA,NA,0.011275878419533108
3.5,37.5,15273,NA,NA,NA,0.01184250629611295
4.5,37.5,15274,NA,NA,NA,0.01121811885562986
5.5,37.5,15275,NA,NA,NA,0.011673606140956886
6.5,37.5,15276,NA,NA,NA,0.01224622066548593
7.5,37.5,15277,NA,NA,NA,0.01144175979242746
8.5,37.5,15278,NA,NA,NA,0.010751256564690516
9.5,37.5,15279,NA,NA,NA,0.010941086913590647
10.5,37.5,15280,NA,NA,NA,0.011408537430091402
11.5,37.5,15281,NA,NA,NA,0.01238574192771546
12.5,37.5,15282,NA,NA,NA,0.012974474011822489
13.5,37.5,15283,NA,NA,NA,0.01262955837867528
14.5,37.5,15284,NA,NA,NA,0.01211321681084515
15.5,37.5,15285,NA,NA,NA,0.01264830151952945
16.5,37.5,15286,NA,NA,NA,0.012598655174500406
17.5,37.5,15287,NA,NA,NA,0.014001484696763229
18.5,37.5,15288,NA,NA,NA,0.01153160940895464
19.5,37.5,15289,NA,NA,NA,0.011118938883308341
0.5,38.5,15385,NA,NA,NA,0.011522944837120512
1.5,38.5,15386,NA,NA,NA,0.011779968089306205
2.5,38.5,15387,NA,NA,NA,0.01170326710064314
3.5,38.5,15388,NA,NA,NA,0.0116569317337874
4.5,38.5,15389,NA,NA,NA,0.01231696025167195
5.5,38.5,15390,NA,NA,NA,0.012028680165636354
6.5,38.5,15391,NA,NA,NA,0.011965819748456319
7.5,38.5,15392,NA,NA,NA,0.011536505957849023
8.5,38.5,15393,NA,NA,NA,0.011598370735253475
9.5,38.5,15394,NA,NA,NA,0.011791846834097407
10.5,38.5,15395,NA,NA,NA,0.011454145018690963
11.5,38.5,15396,NA,NA,NA,0.011302543328847649
12.5,38.5,15397,NA,NA,NA,0.011199408535877808
13.5,38.5,15398,NA,NA,NA,0.010780346979946303
14.5,38.5,15399,NA,NA,NA,0.010533610598838701
15.5,38.5,15400,NA,NA,NA,0.010308163880280146
16.5,38.5,15401,NA,NA,NA,0.009919064509734928
17.5,38.5,15402,NA,NA,NA,0.009134686430242603
18.5,38.5,15403,NA,NA,NA,0.009061751347821737
19.5,38.5,15404,NA,NA,NA,0.010324800773970489
0.5,39.5,15496,NA,NA,NA,0.010355096536152117
1.5,39.5,15497,NA,NA,NA,0.0104274986910872
2.5,39.5,15498,NA,NA,NA,0.010287975420764837
3.5,39.5,15499,NA,NA,NA,0.011064838549587747
4.5,39.5,15500,NA,NA,NA,0.010975768384206597
5.5,39.5,15501,NA,NA,NA,0.011728993950068477
6.5,39.5,15502,NA,NA,NA,0.01098335390024568
7.5,39.5,15503,NA,NA,NA,0.010088781404166807
8.5,39.5,15504,NA,NA,NA,0.00955215986637886
9.5,39.5,15505,NA,NA,NA,0.00949632640724772
10.5,39.5,15506,NA,NA,NA,0.009539683940676148
11.5,39.5,15507,NA,NA,NA,0.009119388466433434
12.5,39.5,15508,NA,NA,NA,0.009301910894478715
13.5,39.5,15509,NA,NA,NA,0.00927333998966645
14.5,39.5,15510,NA,NA,NA,0.009188638178218581
15.5,39.5,15511,NA,NA,NA,0.009046347330088352
16.5,39.5,15512,NA,NA,NA,0.008953476227076084
17.5,39.5,15513,NA,NA,NA,0.009001065848438702
18.5,39.5,15514,NA,NA,NA,0.00894480141001198
19.5,39.5,15515,NA,NA,NA,0.008545699069972568
