X_coords,Y_coords,cellID,YFT_jan-mar,YFT_apr-jun,YFT_jul-sep,YFT_oct-dec
-99.5,-39.5,41,0.06160007615676897,NA,NA,0.019279148756702367
-98.5,-39.5,42,0.060187347776507284,NA,NA,0.01783888649329696
-97.5,-39.5,43,0.05820100390006008,NA,NA,0.018052058075015705
-96.5,-39.5,44,0.049468486627078825,NA,NA,0.015539762231175208
-95.5,-39.5,45,0.04560680986318985,NA,NA,0.013814181175135548
-94.5,-39.5,46,0.03608501559632285,NA,NA,0.015055696854967798
-93.5,-39.5,47,0.02759304113033069,NA,NA,0.01108576745897528
-92.5,-39.5,48,0.028936082648477007,NA,NA,0.011068244112171124
-91.5,-39.5,49,0.025387582040429797,NA,NA,0.01121526403271118
-90.5,-39.5,50,0.024444982529989466,NA,NA,0.009726685457970079
-79.5,-39.5,61,0.02201959245753488,NA,NA,NA
-78.5,-39.5,62,0.02418215921160302,NA,NA,NA
-77.5,-39.5,63,0.024094489423789507,NA,NA,NA
-76.5,-39.5,64,0.023700267178220803,NA,NA,NA
-75.5,-39.5,65,0.024655692202183915,NA,NA,NA
-74.5,-39.5,66,0.025078368243508963,NA,NA,NA
-73.5,-39.5,67,0.03221542267765703,NA,NA,NA
-72.5,-39.5,68,0.039621549457736535,NA,NA,NA
-71.5,-39.5,69,0.03494420760626187,NA,NA,NA
-70.5,-39.5,70,0.033362683373079856,NA,NA,NA
-69.5,-39.5,71,0.029946852225457836,NA,NA,0.020857618564216675
-68.5,-39.5,72,0.03799673567238956,NA,NA,0.019242917513199318
-67.5,-39.5,73,0.04920584386113167,NA,NA,0.022952943174999532
-66.5,-39.5,74,0.05503538100743356,NA,NA,0.026365153449571042
-65.5,-39.5,75,0.05981967880207296,NA,NA,0.028355336910388426
-64.5,-39.5,76,0.086161931593142893,NA,NA,0.02954323890498218
-63.5,-39.5,77,0.07981654281196111,NA,NA,0.02770522889299564
-62.5,-39.5,78,0.08679417929175107,NA,NA,0.027305354767157404
-61.5,-39.5,79,0.06742874090344352,NA,NA,0.022658385173914927
-60.5,-39.5,80,0.06023819131204785,NA,NA,0.02083796423727599
-29.5,-39.5,107,0.03163987246536327,0.010222933433240631,0.014292392301244903,0.018482208451164637
-28.5,-39.5,108,0.03709321771054202,0.01110921336120223,0.013705984589548328,0.019595093186992735
-27.5,-39.5,109,0.031287009667526004,0.01186653675205082,0.012367292191608845,0.026681283196818294
-26.5,-39.5,110,0.03237509678863751,0.012096942067054707,0.014053727292397539,0.02348024829966702
-25.5,-39.5,111,0.036720207558665736,0.011474155673817729,0.013947816081961176,0.02299809505431119
-24.5,-39.5,112,0.024480220257394863,0.01099094340711514,0.012704356964840768,0.020218748898569817
-23.5,-39.5,113,0.021408731992688203,0.009500985472865717,0.011393123802465618,0.01945370349401497
-22.5,-39.5,114,0.019812821652552475,0.00971429022314518,0.010895941252340216,0.016907019634367686
-21.5,-39.5,115,0.018154181089960662,0.006493690613047523,0.008236619504500825,0.013114610039887752
-20.5,-39.5,116,0.018704006662768776,0.006652094468463498,0.006441393471215704,0.011672573272038467
80.5,-39.5,214,0.01649884102743105,NA,NA,0.017046470352625215
81.5,-39.5,215,0.015374342566803405,NA,NA,0.017747384637602566
82.5,-39.5,216,0.01706871930539064,NA,NA,0.020577129516925776
83.5,-39.5,217,0.014222164801798018,NA,NA,0.017366993089972728
84.5,-39.5,218,0.013867837651720182,NA,NA,0.017329569858011696
85.5,-39.5,219,0.01318767943677644,NA,NA,0.014852464927042749
86.5,-39.5,220,0.01487915776841096,NA,NA,0.012826678215418106
87.5,-39.5,221,0.013988766402130997,NA,NA,0.012760386510643859
88.5,-39.5,222,0.014255463376640663,NA,NA,0.012983014142695488
89.5,-39.5,223,0.014398643820041567,NA,NA,0.013491324792564414
-99.5,-38.5,281,0.06525050103908243,NA,NA,0.01984115099829729
-98.5,-38.5,282,0.06803251297518072,NA,NA,0.020660905275415226
-97.5,-38.5,283,0.06431220183846809,NA,NA,0.020783078376088806
-96.5,-38.5,284,0.05291559824150166,NA,NA,0.01780784442019178
-95.5,-38.5,285,0.039983273418178575,NA,NA,0.01575050448734908
-94.5,-38.5,286,0.03332011449647234,NA,NA,0.014174351425355733
-93.5,-38.5,287,0.034074813698901425,NA,NA,0.01240758008370777
-92.5,-38.5,288,0.026473455906766537,NA,NA,0.010276945206108943
-91.5,-38.5,289,0.026610672447602998,NA,NA,0.009823139159864139
-90.5,-38.5,290,0.02360785930787205,NA,NA,0.008874831665209772
-79.5,-38.5,301,0.03458845283456524,NA,NA,NA
-78.5,-38.5,302,0.02874796698409589,NA,NA,NA
-77.5,-38.5,303,0.03069534054448604,NA,NA,NA
-76.5,-38.5,304,0.02498474146035181,NA,NA,NA
-75.5,-38.5,305,0.02464130352501967,NA,NA,NA
-74.5,-38.5,306,0.03765595549437647,NA,NA,NA
-73.5,-38.5,307,0.03500174912690048,NA,NA,NA
-72.5,-38.5,308,0.03271736755439001,NA,NA,NA
-71.5,-38.5,309,0.028382554703216656,NA,NA,NA
-70.5,-38.5,310,0.029796745406214502,NA,NA,NA
-69.5,-38.5,311,0.05150433673483741,NA,NA,0.018938401762269963
-68.5,-38.5,312,0.06587380755520593,NA,NA,0.02098305051929743
-67.5,-38.5,313,0.058417563420633194,NA,NA,0.021175427362551093
-66.5,-38.5,314,0.055366957504288064,NA,NA,0.02046640408396896
-65.5,-38.5,315,0.05577408635253445,NA,NA,0.02039488631794373
-64.5,-38.5,316,0.0443823867494716,NA,NA,0.018859492204041334
-63.5,-38.5,317,0.042854942297317095,NA,NA,0.014917482727097099
-62.5,-38.5,318,0.04769781287767932,NA,NA,0.01494464045390015
-61.5,-38.5,319,0.04185833184548091,NA,NA,0.01612254914580798
-60.5,-38.5,320,0.035605242467428806,NA,NA,0.017397581256399456
-29.5,-38.5,345,0.03721433896605823,0.013791536846505423,0.01295458382940314,0.021354954038577817
-28.5,-38.5,346,0.029551064632434274,0.008645118298668642,0.01033062865301074,0.019353818569949194
-27.5,-38.5,347,0.024950561529605748,0.012069611184611586,0.0105637030237331,0.021794877645969473
-26.5,-38.5,348,0.02208682777701811,0.010691810672075181,0.010197083809134286,0.018456921062795083
-25.5,-38.5,349,0.023509146478621075,0.01039436289270112,0.009927467232844722,0.018463723382127956
-24.5,-38.5,350,0.02123726045538629,0.010110773703722318,0.010349010468306228,0.016410305470041787
-23.5,-38.5,351,0.016062214765545643,0.008896243699572988,0.009149945236877585,0.013850503355225951
-22.5,-38.5,352,0.016434005561370122,0.009690779505133652,0.009721171244845972,0.014577030708217108
-21.5,-38.5,353,0.014714419161077628,0.0063184745881637045,0.008154375962217374,0.011981667037980962
-20.5,-38.5,354,0.015605238544756999,0.006368692843507513,0.00650474504260312,0.011908546065596305
80.5,-38.5,452,0.022479423693768798,NA,NA,0.0146635192280069
81.5,-38.5,453,0.021725396883047365,NA,NA,0.014064173978388009
82.5,-38.5,454,0.023253601824677367,NA,NA,0.015226085482744362
83.5,-38.5,455,0.022667570118772382,NA,NA,0.01532153219387554
84.5,-38.5,456,0.017393881292925732,NA,NA,0.012632072073830295
85.5,-38.5,457,0.016614506192973992,NA,NA,0.0119476618059404
86.5,-38.5,458,0.014847678030406108,NA,NA,0.011067709277812535
87.5,-38.5,459,0.013322028217366211,NA,NA,0.010275547379623554
88.5,-38.5,460,0.013151174555952092,NA,NA,0.010072903720721007
89.5,-38.5,461,0.014107959315138545,NA,NA,0.011335218347026157
-99.5,-37.5,518,0.049892387437061224,NA,NA,0.019487737123208462
-98.5,-37.5,519,0.054114248727234505,NA,NA,0.020937000809504242
-97.5,-37.5,520,0.051147479608631426,NA,NA,0.020120549170529228
-96.5,-37.5,521,0.04452285620248074,NA,NA,0.018739866923656586
-95.5,-37.5,522,0.043339235729953754,NA,NA,0.01949323169851874
-94.5,-37.5,523,0.040363409353019714,NA,NA,0.016458347620836984
-93.5,-37.5,524,0.03649305629364376,NA,NA,0.012757058775622276
-92.5,-37.5,525,0.02721455055553716,NA,NA,0.01153388503845319
-91.5,-37.5,526,0.022770831931402825,NA,NA,0.009694430034945602
-90.5,-37.5,527,0.027864122832688253,NA,NA,0.016264843712952715
-79.5,-37.5,538,0.030288844061164718,NA,NA,NA
-78.5,-37.5,539,0.028708554026458,NA,NA,NA
-77.5,-37.5,540,0.031094719200808384,NA,NA,NA
-76.5,-37.5,541,0.031211185518842197,NA,NA,NA
-75.5,-37.5,542,0.036192690708468485,NA,NA,NA
-74.5,-37.5,543,0.028983302575609746,NA,NA,NA
-73.5,-37.5,544,0.03109985129180303,NA,NA,NA
-72.5,-37.5,545,0.02987036077866358,NA,NA,NA
-71.5,-37.5,546,0.024793799681341287,NA,NA,NA
-70.5,-37.5,547,0.039669862911623464,NA,NA,NA
-69.5,-37.5,548,0.027769248199940446,NA,NA,0.013056160280856566
-68.5,-37.5,549,0.02096342538295914,NA,NA,0.010963237220859998
-67.5,-37.5,550,0.013104815097957778,NA,NA,0.01034123011275453
-66.5,-37.5,551,0.013971038568289696,NA,NA,0.011842238778295489
-65.5,-37.5,552,0.013655020588798422,NA,NA,0.011495808103574008
-64.5,-37.5,553,0.015924619878088832,NA,NA,0.01227763293687129
-63.5,-37.5,554,0.012820269458458924,NA,NA,0.014142698793244838
-62.5,-37.5,555,0.019030157603775077,NA,NA,0.015338748279408681
-61.5,-37.5,556,0.011127788317608578,NA,NA,0.015269648404293405
-60.5,-37.5,557,0.011548584123376058,NA,NA,0.014867369761167523
-29.5,-37.5,578,0.024415117320548588,0.012182526983779595,0.006436457742952635,0.010142782456531921
-28.5,-37.5,579,0.018998494275797237,0.009933518882593079,0.010181853458206378,0.018715431762307368
-27.5,-37.5,580,0.024825074375309404,0.010198964368962574,0.010956456545198704,0.018276995827160636
-26.5,-37.5,581,0.020404065264744944,0.00911850485994764,0.009795643223530298,0.017205067087845922
-25.5,-37.5,582,0.025504586392007724,0.008997699268651817,0.009503942900908852,0.016745512635550297
-24.5,-37.5,583,0.022712577719913505,0.013070458013092716,0.010689984830191613,0.015924485167029826
-23.5,-37.5,584,0.01697226955459399,0.009905675525598961,0.008543265699665018,0.0129501907100142
-22.5,-37.5,585,0.01637449176836058,0.009466658295505298,0.007588362611948831,0.013208062442952997
-21.5,-37.5,586,0.013230873526282312,0.007425351914906387,0.006925868540953531,0.011620483607719107
-20.5,-37.5,587,0.015463860071773163,0.007558832985674595,0.0077690150039301745,0.012288778433326644
80.5,-37.5,687,0.0235416911476475,NA,NA,0.018493060038777705
81.5,-37.5,688,0.021968547736256668,NA,NA,0.01416263035668127
82.5,-37.5,689,0.01957428226636261,NA,NA,0.012143659182769963
83.5,-37.5,690,0.0196711818579699,NA,NA,0.012145125097106461
84.5,-37.5,691,0.01897054288238942,NA,NA,0.013198834805380727
85.5,-37.5,692,0.019591754705280198,NA,NA,0.012438144206552404
86.5,-37.5,693,0.01983343204848943,NA,NA,0.012274712157261832
87.5,-37.5,694,0.0175808696976037,NA,NA,0.011778720263315738
88.5,-37.5,695,0.01698495012291576,NA,NA,0.011475827659168795
89.5,-37.5,696,0.022111764529235082,NA,NA,0.01312678453845796
-99.5,-36.5,753,0.055924108817349966,NA,NA,0.026350964860845344
-98.5,-36.5,754,0.05666425802767645,NA,NA,0.02793221955534836
-97.5,-36.5,755,0.05383565416610358,NA,NA,0.024545874708970943
-96.5,-36.5,756,0.052588456675682425,NA,NA,0.024499583074015133
-95.5,-36.5,757,0.04393482679532339,NA,NA,0.021255801719763705
-94.5,-36.5,758,0.03608118088553788,NA,NA,0.018322321950350474
-93.5,-36.5,759,0.03032583221798744,NA,NA,0.014511870138153497
-92.5,-36.5,760,0.028461439882853358,NA,NA,0.01413910675197368
-91.5,-36.5,761,0.02466484025840822,NA,NA,0.013503636191320894
-90.5,-36.5,762,0.02438184204704171,NA,NA,0.012646187303972779
-79.5,-36.5,773,0.033314275260074626,NA,NA,NA
-78.5,-36.5,774,0.030956769606312506,NA,NA,NA
-77.5,-36.5,775,0.03277472305629036,NA,NA,NA
-76.5,-36.5,776,0.028214494638007726,NA,NA,NA
-75.5,-36.5,777,0.01358115877507819,NA,NA,NA
-74.5,-36.5,778,0.014972405156752874,NA,NA,NA
-73.5,-36.5,779,0.017804332650668702,NA,NA,NA
-72.5,-36.5,780,0.011070812450356763,NA,NA,NA
-71.5,-36.5,781,0.010826332683582565,NA,NA,NA
-70.5,-36.5,782,0.009854847260133569,NA,NA,NA
-69.5,-36.5,783,0.008975230936430878,NA,NA,0.0073908896192901915
-68.5,-36.5,784,0.01134847121372156,NA,NA,0.007614184338421836
-67.5,-36.5,785,0.010337032309282231,NA,NA,0.01061499398158961
-66.5,-36.5,786,0.015016316718075729,NA,NA,0.011472273452055282
-65.5,-36.5,787,0.02307253486482855,NA,NA,0.010575619097727949
-64.5,-36.5,788,0.016864904030532334,NA,NA,0.012313540098541655
-63.5,-36.5,789,0.01961742298893452,NA,NA,0.01202003479262899
-62.5,-36.5,790,0.021695777711794328,NA,NA,0.009872814137895132
-61.5,-36.5,791,0.019657372559714496,NA,NA,0.01577551120470441
-60.5,-36.5,792,0.014943870760048775,NA,NA,0.012697117059996406
-29.5,-36.5,813,0.06467586609988438,0.012973637356519262,0.00744556806628791,0.029166918737418616
-28.5,-36.5,814,0.03003443763872896,0.014071936645495288,0.00871224824223613,0.017584836043466754
-27.5,-36.5,815,0.023435447575033436,0.00942118897706512,0.008331743079779186,0.0202857217058014
-26.5,-36.5,816,0.023236589916622162,0.009503706406628397,0.009125952951890018,0.018393343668011816
-25.5,-36.5,817,0.017014837375115076,0.010325531643528157,0.009347566396277634,0.015782670499489417
-24.5,-36.5,818,0.01603929510359626,0.00921379797400428,0.008691028766098225,0.014746582359450512
-23.5,-36.5,819,0.014835370413226613,0.00845670016009058,0.01084238986503612,0.012753076032485034
-22.5,-36.5,820,0.014973422557752039,0.009094173837781772,0.008211373518985302,0.016030773366560173
-21.5,-36.5,821,0.014887941140745391,0.007647292990115762,0.00923019048839912,0.014508255741420853
-20.5,-36.5,822,0.013856734936459085,0.006896842349977613,0.007943401170342979,0.013308747521366933
80.5,-36.5,922,0.014368153269376975,NA,NA,0.015681453106488576
81.5,-36.5,923,0.01620827521476549,NA,NA,0.014217244791275379
82.5,-36.5,924,0.017508751972202367,NA,NA,0.013722397236530818
83.5,-36.5,925,0.019418957552351967,NA,NA,0.013472389777709412
84.5,-36.5,926,0.019270080936449697,NA,NA,0.013787097082561456
85.5,-36.5,927,0.01902405288453954,NA,NA,0.013466842964308313
86.5,-36.5,928,0.018347468182873552,NA,NA,0.013422367720679857
87.5,-36.5,929,0.017188919609317607,NA,NA,0.013363105567093797
88.5,-36.5,930,0.019582613187826014,NA,NA,0.014625029621188078
89.5,-36.5,931,0.02306992249276041,NA,NA,0.014308596493479977
-99.5,-35.5,989,0.06823907817168653,NA,NA,0.036388412438846086
-98.5,-35.5,990,0.060408049781747075,NA,NA,0.03297360214799696
-97.5,-35.5,991,0.06567558543902391,NA,NA,0.03872141684037749
-96.5,-35.5,992,0.058951406132066356,NA,NA,0.0364607001547016
-95.5,-35.5,993,0.04267050606793535,NA,NA,0.02802777447744411
-94.5,-35.5,994,0.04134385644167772,NA,NA,0.02558964659283808
-93.5,-35.5,995,0.03197278164364559,NA,NA,0.021770214491212195
-92.5,-35.5,996,0.02834095004906963,NA,NA,0.021775162488874133
-91.5,-35.5,997,0.022744405262169577,NA,NA,0.01793723873245686
-90.5,-35.5,998,0.023033181479695478,NA,NA,0.015437231839910893
-79.5,-35.5,1009,0.0223170310603629,NA,NA,NA
-78.5,-35.5,1010,0.020711914476905825,NA,NA,NA
-77.5,-35.5,1011,0.022358909486438063,NA,NA,NA
-76.5,-35.5,1012,0.01714482181702907,NA,NA,NA
-75.5,-35.5,1013,0.015843279657923398,NA,NA,NA
-74.5,-35.5,1014,0.017897476578324516,NA,NA,NA
-73.5,-35.5,1015,0.014168928777123212,NA,NA,NA
-72.5,-35.5,1016,0.011478216008851985,NA,NA,NA
-71.5,-35.5,1017,0.008144156278004733,NA,NA,NA
-70.5,-35.5,1018,0.009369856992958822,NA,NA,NA
-69.5,-35.5,1019,0.01006676860072647,NA,NA,0.009589298345880315
-68.5,-35.5,1020,0.01889001916851701,NA,NA,0.009906669725147959
-67.5,-35.5,1021,0.019247451723029472,NA,NA,0.00872870723378871
-66.5,-35.5,1022,0.02072996570258479,NA,NA,0.009890627638250838
-65.5,-35.5,1023,0.012719361888820816,NA,NA,0.010916640537388982
-64.5,-35.5,1024,0.026399939976445328,NA,NA,0.011101576551358351
-63.5,-35.5,1025,0.022085722918443036,NA,NA,0.012405007893345671
-62.5,-35.5,1026,0.034745820985356016,NA,NA,0.0105025475270694
-61.5,-35.5,1027,0.028021665105963916,NA,NA,0.012182389828672565
-60.5,-35.5,1028,0.024159817130592905,NA,NA,0.01247155892880662
-29.5,-35.5,1045,0.030234815945035513,0.007981697001622694,0.006356063454699241,0.017935366095798103
-28.5,-35.5,1046,0.03536597080502458,0.016028290974548977,0.01089942851083031,0.02002607563040119
-27.5,-35.5,1047,0.01707420056766795,0.009272783931740573,0.009647400728385078,0.0154861811333141
-26.5,-35.5,1048,0.014553073407883232,0.009716617567516031,0.0078137312796982,0.03030307875921823
-25.5,-35.5,1049,0.016184704035610488,0.008448156336303185,0.008728261072845028,0.027617401853073376
-24.5,-35.5,1050,0.017452778760544532,0.009181111135099174,0.01005196274436049,0.03002322768345792
-23.5,-35.5,1051,0.021535883948608343,0.010271053945176425,0.011987964528450757,0.016247998211787008
-22.5,-35.5,1052,0.01679767096905557,0.009118740639808227,0.00898703730212844,0.014081809170804885
-21.5,-35.5,1053,0.018815579028463144,0.008960015714891906,0.008919439866168057,0.015439130483375196
-20.5,-35.5,1054,0.018002407237140947,0.008752455149698203,0.009037185678818041,0.01575401511632007
80.5,-35.5,1154,0.019445823354838236,NA,NA,0.012454945776925363
81.5,-35.5,1155,0.019690234400798475,NA,NA,0.012340310365949955
82.5,-35.5,1156,0.01943113482513484,NA,NA,0.012768896607546919
83.5,-35.5,1157,0.019611653662347628,NA,NA,0.011510423972305624
84.5,-35.5,1158,0.01835383619649373,NA,NA,0.009531516889866611
85.5,-35.5,1159,0.01913226047507379,NA,NA,0.010483746246993858
86.5,-35.5,1160,0.018628834163256357,NA,NA,0.012266250071871302
87.5,-35.5,1161,0.021991033357279182,NA,NA,0.012593736998543057
88.5,-35.5,1162,0.02080384867102934,NA,NA,0.012636192553055642
89.5,-35.5,1163,0.022472433418073718,NA,NA,0.013604667047760644
-99.5,-34.5,1221,0.06922321539246686,NA,NA,0.03583382600084726
-98.5,-34.5,1222,0.06322363682638808,NA,NA,0.040330549538607055
-97.5,-34.5,1223,0.052602932928796337,NA,NA,0.03812005491078021
-96.5,-34.5,1224,0.0536828712351303,NA,NA,0.03914663114821672
-95.5,-34.5,1225,0.0486464198513695,NA,NA,0.036353195487568414
-94.5,-34.5,1226,0.04636257238803164,NA,NA,0.028126952419259894
-93.5,-34.5,1227,0.030340260549194323,NA,NA,0.023042680795870983
-92.5,-34.5,1228,0.029897875243365808,NA,NA,0.021220662574154153
-91.5,-34.5,1229,0.024518646130236056,NA,NA,0.018144922422435674
-90.5,-34.5,1230,0.025950176475531394,NA,NA,0.018331831185108362
-79.5,-34.5,1241,0.022168795390887782,NA,NA,NA
-78.5,-34.5,1242,0.02092557834445289,NA,NA,NA
-77.5,-34.5,1243,0.020920785798329893,NA,NA,NA
-76.5,-34.5,1244,0.021538108869034046,NA,NA,NA
-75.5,-34.5,1245,0.019845430363428507,NA,NA,NA
-74.5,-34.5,1246,0.01783513975429962,NA,NA,NA
-73.5,-34.5,1247,0.011543017380805706,NA,NA,NA
-72.5,-34.5,1248,0.00864037924017095,NA,NA,NA
-71.5,-34.5,1249,0.008362507703431355,NA,NA,NA
-70.5,-34.5,1250,0.008055383098356836,NA,NA,NA
-69.5,-34.5,1251,0.006677879073171415,NA,NA,0.006655490860332591
-68.5,-34.5,1252,0.014203935422129511,NA,NA,0.007276439887603285
-67.5,-34.5,1253,0.01841068687320401,NA,NA,0.008283960655004344
-66.5,-34.5,1254,0.01823441886346927,NA,NA,0.008360281732261889
-65.5,-34.5,1255,0.016770072664993082,NA,NA,0.00825047456705025
-64.5,-34.5,1256,0.012729637558642332,NA,NA,0.006798254909056483
-60.5,-34.5,1257,0.07859091353253883,NA,NA,0.010810195145487988
-28.5,-34.5,1273,0.017107681691238916,0.006639062001748835,0.007216090811268856,0.011053254649996553
-27.5,-34.5,1274,0.016299329424406754,0.009253534800947637,0.008827878188889833,0.02055591437858648
-26.5,-34.5,1275,0.013840263050058388,0.0098851825752351,0.008074010546771159,0.015268068834336084
-25.5,-34.5,1276,0.018689120193286106,0.010592422667630764,0.00842494207881864,0.01641614553240246
-24.5,-34.5,1277,0.011176996442572298,0.00943816589299067,0.008043482646916606,0.027889946706011266
-23.5,-34.5,1278,0.0173722982948274,0.008103906061318887,0.008052696888369206,0.023153140002525257
-22.5,-34.5,1279,0.017659177380390273,0.008799731343597725,0.0073638605551439905,0.01846246146071622
-21.5,-34.5,1280,0.020340006050786726,0.008430304852300624,0.0079542245011269,0.015834190559828112
-20.5,-34.5,1281,0.016713409476813712,0.007866388827550707,0.008019518090745633,0.013060226343518836
80.5,-34.5,1382,0.015269499439994382,NA,NA,0.014927058397591288
81.5,-34.5,1383,0.016855596234747146,NA,NA,0.013385466575679487
82.5,-34.5,1384,0.016956465824196774,NA,NA,0.009953120540322373
83.5,-34.5,1385,0.015449736960903036,NA,NA,0.009707219905941783
84.5,-34.5,1386,0.017018083083501882,NA,NA,0.009372312720417601
85.5,-34.5,1387,0.01711115029458063,NA,NA,0.009554506766368792
86.5,-34.5,1388,0.017571586371071382,NA,NA,0.009980313224917754
87.5,-34.5,1389,0.023642618455507924,NA,NA,0.011360555733506406
88.5,-34.5,1390,0.024935042600037666,NA,NA,0.011314777919049604
89.5,-34.5,1391,0.028777790699774115,NA,NA,0.011977693513003599
-99.5,-33.5,1450,0.03472311689355168,NA,NA,0.0198091487049367
-98.5,-33.5,1451,0.037517991693921254,NA,NA,0.019571137730257333
-97.5,-33.5,1452,0.03677202403197158,NA,NA,0.0191823380356528
-96.5,-33.5,1453,0.03729154699792947,NA,NA,0.02061570718863762
-95.5,-33.5,1454,0.03375919344780666,NA,NA,0.017816003655448793
-94.5,-33.5,1455,0.0374385949357341,NA,NA,0.01614746607096267
-93.5,-33.5,1456,0.032596713489935,NA,NA,0.015599269938135445
-92.5,-33.5,1457,0.027860478618033,NA,NA,0.012244848147993747
-91.5,-33.5,1458,0.022864130843017815,NA,NA,0.01096757745223746
-90.5,-33.5,1459,0.02302245599577522,NA,NA,0.011181238749395491
-79.5,-33.5,1470,0.021487858465144068,NA,NA,NA
-78.5,-33.5,1471,0.026750854038042587,NA,NA,NA
-77.5,-33.5,1472,0.018789439266684284,NA,NA,NA
-76.5,-33.5,1473,0.016159029953742667,NA,NA,NA
-75.5,-33.5,1474,0.012401393145938413,NA,NA,NA
-74.5,-33.5,1475,0.01053763240923879,NA,NA,NA
-73.5,-33.5,1476,0.008270267822626791,NA,NA,NA
-72.5,-33.5,1477,0.007556660809083698,NA,NA,NA
-71.5,-33.5,1478,0.0073260680749011545,NA,NA,NA
-70.5,-33.5,1479,0.005511457895099425,NA,NA,NA
-69.5,-33.5,1480,0.007681100777733421,NA,NA,0.0061999064427614775
-68.5,-33.5,1481,0.023751156436951932,NA,NA,0.006058854897783554
-67.5,-33.5,1482,0.022535644013272935,NA,NA,0.0070946371211241905
-66.5,-33.5,1483,0.014316172874607931,NA,NA,0.01034657363433141
-65.5,-33.5,1484,0.0316109720107153,NA,NA,0.01023778298100466
-28.5,-33.5,1496,0.007956879925468997,0.0019685958643317373,0.0013611175847339687,0.007294306473427579
-27.5,-33.5,1497,0.013789765005539686,0.007067826270679769,0.008036351149633844,0.014162564721132247
-26.5,-33.5,1498,0.017278686532056605,0.00946485804853039,0.009385751972353215,0.012836875842910024
-25.5,-33.5,1499,0.019226486275031124,0.010546000879678392,0.008724780439023463,0.012030803744894146
-24.5,-33.5,1500,0.013090744830782248,0.007294642558867358,0.007432095428969959,0.007815502467422695
-23.5,-33.5,1501,0.012506156049118276,0.007547874088499276,0.007276179651207129,0.01385983510142196
-22.5,-33.5,1502,0.014275061990285103,0.007218130371296572,0.007365704545875875,0.01290416705277766
-21.5,-33.5,1503,0.01596259814726489,0.009510827963295405,0.006800144021227863,0.015333574174846609
-20.5,-33.5,1504,0.01113876624085705,0.00695471523102107,0.006668701579125232,0.016927768686764003
80.5,-33.5,1605,0.01589644401522894,NA,NA,0.009293649740321513
81.5,-33.5,1606,0.01451382379759821,NA,NA,0.00970395382047424
82.5,-33.5,1607,0.01400893442460953,NA,NA,0.010666494121864172
83.5,-33.5,1608,0.015310883840670347,NA,NA,0.010724167512388047
84.5,-33.5,1609,0.016135675439349736,NA,NA,0.010656429547587037
85.5,-33.5,1610,0.023045810583506958,NA,NA,0.011725875493687397
86.5,-33.5,1611,0.019406176721345685,NA,NA,0.010099294421025428
87.5,-33.5,1612,0.024504330773304175,NA,NA,0.009681314251052923
88.5,-33.5,1613,0.023949278189513274,NA,NA,0.0106102817762814
89.5,-33.5,1614,0.02501122982698555,NA,NA,0.010782304464294798
-99.5,-32.5,1673,0.02305042201405117,NA,NA,0.021144519154878697
-98.5,-32.5,1674,0.019682692999776187,NA,NA,0.017740711351787328
-97.5,-32.5,1675,0.020954854015983827,NA,NA,0.019659713573050595
-96.5,-32.5,1676,0.01718157381234917,NA,NA,0.020172740041051275
-95.5,-32.5,1677,0.01684928680801711,NA,NA,0.021409845007627177
-94.5,-32.5,1678,0.014202193198759353,NA,NA,0.020585134772508822
-93.5,-32.5,1679,0.014431898296018542,NA,NA,0.017511668197884123
-92.5,-32.5,1680,0.017490029574963324,NA,NA,0.011405474454469147
-91.5,-32.5,1681,0.016493054977811613,NA,NA,0.010781099303350385
-90.5,-32.5,1682,0.018332923989042516,NA,NA,0.011055672317082816
-79.5,-32.5,1693,0.018925551447703214,NA,NA,NA
-78.5,-32.5,1694,0.015272487119502043,NA,NA,NA
-77.5,-32.5,1695,0.011691763581737485,NA,NA,NA
-76.5,-32.5,1696,0.009970052814647403,NA,NA,NA
-75.5,-32.5,1697,0.009117958215130992,NA,NA,NA
-74.5,-32.5,1698,0.0078467727600768835,NA,NA,NA
-73.5,-32.5,1699,0.00802203625774249,NA,NA,NA
-72.5,-32.5,1700,0.004969219676867108,NA,NA,NA
-71.5,-32.5,1701,0.004428046461316675,NA,NA,NA
-70.5,-32.5,1702,0.009319789088489613,NA,NA,NA
-69.5,-32.5,1703,0.019069244128718386,NA,NA,0.012462172730137772
-68.5,-32.5,1704,0.020218906908138063,NA,NA,0.008285169490993512
-67.5,-32.5,1705,0.018172836880294245,NA,NA,0.009091765872631753
-66.5,-32.5,1706,0.014835120186068893,NA,NA,0.007697394203677124
-65.5,-32.5,1707,0.02153744357771795,NA,NA,0.008304750397170506
-27.5,-32.5,1716,0.006184430272592136,0.002297639606281912,0.002711716820480151,0.0068852571859219155
-26.5,-32.5,1717,0.050631133968868376,0.009618204105814512,0.0079564427079169,0.017073549554354125
-25.5,-32.5,1718,0.023363287780471625,0.01138085367402347,0.012966704487921187,0.012854201570987578
-24.5,-32.5,1719,0.015355498770360704,0.009033717976201294,0.00774378181827325,0.008706146708380838
-23.5,-32.5,1720,0.01369972725564007,0.007279448548060799,0.006429571002226109,0.009092284906796082
-22.5,-32.5,1721,0.012846503747027584,0.006164783531261931,0.005773235158293784,0.0077194530659067395
-21.5,-32.5,1722,0.015235159892448282,0.008460127381739405,0.008826032831949078,0.011631652184744407
-20.5,-32.5,1723,0.012026245197371018,0.007433823356789408,0.007521318075909285,0.011250215919657643
80.5,-32.5,1824,0.016468462280359482,NA,NA,0.008882145805082972
81.5,-32.5,1825,0.01684782991404295,NA,NA,0.012352334682289917
82.5,-32.5,1826,0.014604901778705734,NA,NA,0.010989511681484388
83.5,-32.5,1827,0.015794598698527278,NA,NA,0.011091547999568092
84.5,-32.5,1828,0.016307524567641153,NA,NA,0.010909427992269214
85.5,-32.5,1829,0.01574624090680083,NA,NA,0.010867795784195385
86.5,-32.5,1830,0.01384955637620159,NA,NA,0.0095195967302208
87.5,-32.5,1831,0.016293632491990676,NA,NA,0.009108827085614904
88.5,-32.5,1832,0.020856982427155817,NA,NA,0.010134092345457155
89.5,-32.5,1833,0.027721598682315014,NA,NA,0.010810749453275419
-99.5,-31.5,1893,0.01136284217333941,NA,NA,0.012410019348273581
-98.5,-31.5,1894,0.013167004495195363,NA,NA,0.012560335638544388
-97.5,-31.5,1895,0.013042698911317391,NA,NA,0.012968651469176758
-96.5,-31.5,1896,0.0166660587467263,NA,NA,0.014505256249706867
-95.5,-31.5,1897,0.016622707534676203,NA,NA,0.013327336060106346
-94.5,-31.5,1898,0.01350455392965035,NA,NA,0.012278353007135595
-93.5,-31.5,1899,0.014056134001150581,NA,NA,0.010984127742056336
-92.5,-31.5,1900,0.01252856189695128,NA,NA,0.011465635648310627
-91.5,-31.5,1901,0.011120953538404846,NA,NA,0.010733269051768527
-90.5,-31.5,1902,0.012120301584099482,NA,NA,0.010840873594324396
-79.5,-31.5,1913,0.011776709882422002,NA,NA,NA
-78.5,-31.5,1914,0.009473431699879208,NA,NA,NA
-77.5,-31.5,1915,0.007495349301063624,NA,NA,NA
-76.5,-31.5,1916,0.006754943218643025,NA,NA,NA
-75.5,-31.5,1917,0.006785568746448405,NA,NA,NA
-74.5,-31.5,1918,0.007200615439707192,NA,NA,NA
-73.5,-31.5,1919,0.004746785635504913,NA,NA,NA
-72.5,-31.5,1920,0.008376665443045474,NA,NA,NA
-71.5,-31.5,1921,0.007850730062729183,NA,NA,NA
-70.5,-31.5,1922,0.01614233737358791,NA,NA,NA
-69.5,-31.5,1923,0.016764946494921683,NA,NA,0.008055729414361643
-68.5,-31.5,1924,0.015667900886351317,NA,NA,0.0045562871356670444
-67.5,-31.5,1925,0.015238745343432693,NA,NA,0.005070376018643844
-66.5,-31.5,1926,0.02086781333296973,NA,NA,0.007267586586988572
-65.5,-31.5,1927,0.017899360651811868,NA,NA,0.009629889808434175
-26.5,-31.5,1928,0.02491090706722923,0.005187904576985714,0.006987902516813575,0.009562733874380832
-25.5,-31.5,1929,0.02060793745949978,0.01002187140693019,0.010323765161067656,0.010105998677184277
-24.5,-31.5,1930,0.016569270469573526,0.008080035907933023,0.009984277475822893,0.008023838109000434
-23.5,-31.5,1931,0.012662753817190753,0.006652195050027444,0.006792387465113958,0.007570147659679643
-22.5,-31.5,1932,0.011015897255597077,0.006955523702187697,0.006293120125276296,0.0074859936446878715
-21.5,-31.5,1933,0.01523349557528758,0.009630752164577157,0.011270677348835632,0.014327059816205114
-20.5,-31.5,1934,0.011823827165560434,0.007374610907228302,0.007922861522504666,0.009648938519546233
80.5,-31.5,2035,0.012324602225957666,NA,NA,0.009939513468832678
81.5,-31.5,2036,0.013376218901818922,NA,NA,0.009564318205744897
82.5,-31.5,2037,0.017602320795906113,NA,NA,0.010280057812794292
83.5,-31.5,2038,0.022230038619311616,NA,NA,0.008827973527038416
84.5,-31.5,2039,0.018481446470037383,NA,NA,0.008385076370089688
85.5,-31.5,2040,0.014248522728100885,NA,NA,0.007169762178123956
86.5,-31.5,2041,0.014601815417136474,NA,NA,0.007661190174922734
87.5,-31.5,2042,0.013748840609773893,NA,NA,0.008772689878020748
88.5,-31.5,2043,0.01422240025218002,NA,NA,0.010170075633241814
89.5,-31.5,2044,0.022249032766718378,NA,NA,0.011361531070242344
-99.5,-30.5,2103,0.00907179539460328,NA,NA,0.011166085071889242
-98.5,-30.5,2104,0.00911829353525102,NA,NA,0.012401831292602087
-97.5,-30.5,2105,0.00939510429262553,NA,NA,0.012199463704797391
-96.5,-30.5,2106,0.009778494970902983,NA,NA,0.011739821337841919
-95.5,-30.5,2107,0.013388932357026099,NA,NA,0.008778792752835506
-94.5,-30.5,2108,0.010617223095177732,NA,NA,0.008125642012587085
-93.5,-30.5,2109,0.009482140584391575,NA,NA,0.008747322535491023
-92.5,-30.5,2110,0.008566191123657889,NA,NA,0.008742722271034526
-91.5,-30.5,2111,0.00818134742558095,NA,NA,0.008594888026487373
-90.5,-30.5,2112,0.009250942275496221,NA,NA,0.008173885114039993
-79.5,-30.5,2123,0.006441794176450677,NA,NA,NA
-78.5,-30.5,2124,0.006423828312478896,NA,NA,NA
-77.5,-30.5,2125,0.005716786979632149,NA,NA,NA
-76.5,-30.5,2126,0.0061643945812954095,NA,NA,NA
-75.5,-30.5,2127,0.006261397296744235,NA,NA,NA
-74.5,-30.5,2128,0.007292170952466944,NA,NA,NA
-73.5,-30.5,2129,0.006739842616699737,NA,NA,NA
-72.5,-30.5,2130,0.006454580219783345,NA,NA,NA
-71.5,-30.5,2131,0.018124883181108702,NA,NA,NA
-70.5,-30.5,2132,0.0183514262666498,NA,NA,NA
-69.5,-30.5,2133,0.013727200401483751,NA,NA,0.005345551868495784
-68.5,-30.5,2134,0.01370733471781861,NA,NA,0.004739565720895425
-67.5,-30.5,2135,0.0164030584062932,NA,NA,0.005456961735493081
-66.5,-30.5,2136,0.015224298769236403,NA,NA,0.006688185531287889
-65.5,-30.5,2137,0.02844416466230128,NA,NA,0.012938886213314772
-26.5,-30.5,2138,0.058190862699340005,0.00597402061406458,0.0037879349473372067,0.009734607518983637
-25.5,-30.5,2139,0.02618675467184222,0.011135736647535392,0.012917592288691333,0.009922104752307356
-24.5,-30.5,2140,0.023888649285928206,0.007924608256808552,0.00844858934908269,0.009734819429035427
-23.5,-30.5,2141,0.013260728831670503,0.00710255455384784,0.0069286666418665694,0.009365164726766117
-22.5,-30.5,2142,0.011630398153133251,0.006294924093067895,0.007202585187324715,0.007480701891304233
-21.5,-30.5,2143,0.011980391046392268,0.006468542396251243,0.006649974785400848,0.007123615486831782
-20.5,-30.5,2144,0.011607366348960826,0.0070355319665724595,0.007601215787161407,0.008651376639701553
80.5,-30.5,2245,0.01055675130940195,NA,NA,0.0105262011506755
81.5,-30.5,2246,0.011758082326239165,NA,NA,0.00895696923191194
82.5,-30.5,2247,0.010062939053886269,NA,NA,0.00817025933732781
83.5,-30.5,2248,0.00853480434876526,NA,NA,0.007962705485197286
84.5,-30.5,2249,0.008701258407122695,NA,NA,0.007009300222523317
85.5,-30.5,2250,0.013108163785338486,NA,NA,0.006784250508429519
86.5,-30.5,2251,0.0122436946969439,NA,NA,0.007006350860879652
87.5,-30.5,2252,0.01135858655579982,NA,NA,0.006974745179111713
88.5,-30.5,2253,0.010644914027243668,NA,NA,0.007437827110767676
89.5,-30.5,2254,0.012501978540008596,NA,NA,0.009118922747583835
-119.5,-29.5,2293,0.012010854439352993,NA,NA,NA
-118.5,-29.5,2294,0.01179857392632792,NA,NA,NA
-117.5,-29.5,2295,0.012762566289238952,NA,NA,NA
-116.5,-29.5,2296,0.014686944970314074,NA,NA,NA
-115.5,-29.5,2297,0.01900976315237897,NA,NA,NA
-114.5,-29.5,2298,0.02624556559870009,NA,NA,NA
-113.5,-29.5,2299,0.02770644375303102,NA,NA,NA
-112.5,-29.5,2300,0.026556052375263907,NA,NA,NA
-111.5,-29.5,2301,0.025133417367561188,NA,NA,NA
-110.5,-29.5,2302,0.023291934774312503,NA,NA,NA
-89.5,-29.5,2323,0.00840605985115258,NA,NA,0.006911514866421188
-88.5,-29.5,2324,0.008807457359321404,NA,NA,0.00867870849527068
-87.5,-29.5,2325,0.008878969579583599,NA,NA,0.008440295411983784
-86.5,-29.5,2326,0.00812320977481871,NA,NA,0.006596139609835213
-85.5,-29.5,2327,0.007883936175241473,NA,NA,0.006583789321293673
-84.5,-29.5,2328,0.00745149816621266,NA,NA,0.00671118929601747
-83.5,-29.5,2329,0.007033995326364724,NA,NA,0.0063601061954100275
-82.5,-29.5,2330,0.006002095511816877,NA,NA,0.0053550145628976
-81.5,-29.5,2331,0.005356542452678304,NA,NA,0.005596362492459753
-80.5,-29.5,2332,0.005205567839005756,NA,NA,0.005285112664477168
-79.5,-29.5,2333,0.005475755106399215,NA,NA,0.006126121412652646
-78.5,-29.5,2334,0.0077754476436286005,NA,NA,0.006232922349126186
-77.5,-29.5,2335,0.010078230680699959,NA,NA,0.006252641856288436
-76.5,-29.5,2336,0.004996243054280842,NA,NA,0.0070382648219526325
-75.5,-29.5,2337,0.004734370739972168,NA,NA,0.007246602087726398
-74.5,-29.5,2338,0.0054954385903841635,NA,NA,0.00717326056785249
-73.5,-29.5,2339,0.010426974651094566,NA,NA,0.009234802800836174
-72.5,-29.5,2340,0.01429625950448643,NA,NA,0.006482081549277914
-71.5,-29.5,2341,0.01450628131035559,NA,NA,0.006759762705221225
-70.5,-29.5,2342,0.012806540340136185,NA,NA,0.012226163217139851
-69.5,-29.5,2343,0.013450865951708179,NA,0.006692934337939839,0.011134850920746696
-68.5,-29.5,2344,0.013733971117295945,NA,0.006755936098721941,0.006660872905860497
-67.5,-29.5,2345,0.01885600638345306,NA,0.008497459172217113,0.007947494984900765
-66.5,-29.5,2346,0.019137356844658105,NA,0.009143716446725842,0.008718765482289557
-65.5,-29.5,2347,0.02329884803660201,NA,0.0031053705182212156,0.00618105561863772
-26.5,-29.5,2348,0.01619491069425803,NA,0.00356177238561131,0.010339451950669752
-25.5,-29.5,2349,0.04572334245512449,NA,0.010560409624376746,0.02158450578399709
-24.5,-29.5,2350,0.026774373059904755,NA,0.00735304779448521,0.01424503445271635
-23.5,-29.5,2351,0.016696148909208185,NA,0.006082535569277581,0.008747321767156424
-22.5,-29.5,2352,0.011821306792419852,NA,0.007108864199570239,0.008148852591021905
-21.5,-29.5,2353,0.01211298147957117,NA,0.007264048698795377,0.00861066824479871
-20.5,-29.5,2354,0.018095510940292714,NA,0.007539274722450378,0.008754311721707375
70.5,-29.5,2445,0.011348061209762832,NA,NA,NA
71.5,-29.5,2446,0.012782103156924587,NA,NA,NA
72.5,-29.5,2447,0.01600011243175396,NA,NA,NA
73.5,-29.5,2448,0.015656214709495783,NA,NA,NA
74.5,-29.5,2449,0.013519952385331848,NA,NA,NA
75.5,-29.5,2450,0.012429748591106073,NA,NA,NA
76.5,-29.5,2451,0.012177334465557658,NA,NA,NA
77.5,-29.5,2452,0.012902391224732562,NA,NA,NA
78.5,-29.5,2453,0.013972808486224095,NA,NA,NA
79.5,-29.5,2454,0.013591342527412594,NA,NA,NA
-119.5,-28.5,2504,0.01824885604233175,NA,NA,NA
-118.5,-28.5,2505,0.019836830972922246,NA,NA,NA
-117.5,-28.5,2506,0.019815692834691815,NA,NA,NA
-116.5,-28.5,2507,0.015475852493068282,NA,NA,NA
-115.5,-28.5,2508,0.01325548902275806,NA,NA,NA
-114.5,-28.5,2509,0.01313892575067361,NA,NA,NA
-113.5,-28.5,2510,0.013295225913324153,NA,NA,NA
-112.5,-28.5,2511,0.013213606046948247,NA,NA,NA
-111.5,-28.5,2512,0.013504670758096499,NA,NA,NA
-110.5,-28.5,2513,0.013216702795402855,NA,NA,NA
-89.5,-28.5,2534,0.012769791097961933,NA,NA,0.008060808517497891
-88.5,-28.5,2535,0.012565487798419678,NA,NA,0.007675904530715115
-87.5,-28.5,2536,0.011467155524730894,NA,NA,0.007735648870562049
-86.5,-28.5,2537,0.008341125823798019,NA,NA,0.006189546979441878
-85.5,-28.5,2538,0.008582859228148464,NA,NA,0.006377143219075665
-84.5,-28.5,2539,0.00821088463556399,NA,NA,0.006214689202714134
-83.5,-28.5,2540,0.007282736618818802,NA,NA,0.008239489402435301
-82.5,-28.5,2541,0.007897899959915152,NA,NA,0.00734868414873228
-81.5,-28.5,2542,0.00620656188430052,NA,NA,0.006084597478742053
-80.5,-28.5,2543,0.00377227887621933,NA,NA,0.004712245828125114
-79.5,-28.5,2544,0.0038913980204452964,NA,NA,0.009150441367018456
-78.5,-28.5,2545,0.0044418467704754475,NA,NA,0.007994709404293398
-77.5,-28.5,2546,0.004347670350614048,NA,NA,0.005982838489783387
-76.5,-28.5,2547,0.005593165640152531,NA,NA,0.005343489140957703
-75.5,-28.5,2548,0.010730000591414037,NA,NA,0.0063816983568201644
-74.5,-28.5,2549,0.014066904805193374,NA,NA,0.006204341026507308
-73.5,-28.5,2550,0.011638612219905085,NA,NA,0.006940225485155438
-72.5,-28.5,2551,0.011026126469046505,NA,NA,0.008117183028348143
-71.5,-28.5,2552,0.01260788586636754,NA,NA,0.009610639426618321
-70.5,-28.5,2553,0.014626351178257923,NA,NA,0.013766397727610069
-69.5,-28.5,2554,0.01359309206856058,NA,0.006818125811660938,0.008029677606409914
-68.5,-28.5,2555,0.012897594034477738,NA,0.006839186280260107,0.008312713330615586
-67.5,-28.5,2556,0.01838932804679112,NA,0.008734800970558888,0.009309651579071748
-66.5,-28.5,2557,0.046205410399878445,NA,0.010595382345761404,0.020649800533767075
-65.5,-28.5,2558,0.017597369694608952,NA,0.007290143105843918,0.005584031714816762
-25.5,-28.5,2559,0.031249451090019847,NA,0.006826841569415769,0.021429243054876864
-24.5,-28.5,2560,0.04412025138984187,NA,0.009041588027492277,0.016615575451990622
-23.5,-28.5,2561,0.022958745012590855,NA,0.006783590421065737,0.008901087634306424
-22.5,-28.5,2562,0.02466201837850878,NA,0.0074051518996584706,0.009476410827620293
-21.5,-28.5,2563,0.02487494384927122,NA,0.005985593546307824,0.008191558416127754
-20.5,-28.5,2564,0.028003521094276423,NA,0.005722393696317358,0.00817213290698694
70.5,-28.5,2655,0.015256259544793399,NA,NA,NA
71.5,-28.5,2656,0.0154716011333647,NA,NA,NA
72.5,-28.5,2657,0.01605627402990515,NA,NA,NA
73.5,-28.5,2658,0.015946199845889363,NA,NA,NA
74.5,-28.5,2659,0.015958350732494048,NA,NA,NA
75.5,-28.5,2660,0.015600612625005582,NA,NA,NA
76.5,-28.5,2661,0.015358930309687997,NA,NA,NA
77.5,-28.5,2662,0.01553204147533602,NA,NA,NA
78.5,-28.5,2663,0.014051493296234223,NA,NA,NA
79.5,-28.5,2664,0.011484977898930398,NA,NA,NA
-119.5,-27.5,2714,0.01904371459988206,NA,NA,NA
-118.5,-27.5,2715,0.019201533604849372,NA,NA,NA
-117.5,-27.5,2716,0.02995627145776154,NA,NA,NA
-116.5,-27.5,2717,0.04896349204953972,NA,NA,NA
-115.5,-27.5,2718,0.04788774368993157,NA,NA,NA
-114.5,-27.5,2719,0.047900607482977975,NA,NA,NA
-113.5,-27.5,2720,0.04364186943583272,NA,NA,NA
-112.5,-27.5,2721,0.029143276894536357,NA,NA,NA
-111.5,-27.5,2722,0.020063753240895287,NA,NA,NA
-110.5,-27.5,2723,0.02015154113320141,NA,NA,NA
-89.5,-27.5,2744,0.007285024810042764,NA,NA,0.016564368534528563
-88.5,-27.5,2745,0.0074566781737258735,NA,NA,0.016230315105713492
-87.5,-27.5,2746,0.006987834853984394,NA,NA,0.015674726227629984
-86.5,-27.5,2747,0.0067919623034256305,NA,NA,0.014768688549663582
-85.5,-27.5,2748,0.006679148427215505,NA,NA,0.014070285526762384
-84.5,-27.5,2749,0.006911436853395929,NA,NA,0.009647803759365385
-83.5,-27.5,2750,0.006975987090553946,NA,NA,0.009388905317929014
-82.5,-27.5,2751,0.0070853779316086465,NA,NA,0.00963856392258508
-81.5,-27.5,2752,0.005166566705411385,NA,NA,0.00713550360494489
-80.5,-27.5,2753,0.007275672769355034,NA,NA,0.006622025909099961
-79.5,-27.5,2754,0.00826021233740836,NA,NA,0.0069548764787750236
-78.5,-27.5,2755,0.01091286286034575,NA,NA,0.0063561919261581916
-77.5,-27.5,2756,0.011266382930386188,NA,NA,0.005360051885387444
-76.5,-27.5,2757,0.011976322508431149,NA,NA,0.005171072794325195
-75.5,-27.5,2758,0.009848319181283299,NA,NA,0.006617638014009172
-74.5,-27.5,2759,0.00990517869041884,NA,NA,0.007964505801491864
-73.5,-27.5,2760,0.012193750778509874,NA,NA,0.010899130932315171
-72.5,-27.5,2761,0.013774360818047532,NA,NA,0.011896204469014598
-71.5,-27.5,2762,0.013256382561819817,NA,NA,0.010883932768347402
-70.5,-27.5,2763,0.01580316926095516,NA,NA,0.011866343521761226
-69.5,-27.5,2764,0.01382175381819223,NA,0.008074859504683604,0.00856887851195514
-68.5,-27.5,2765,0.014666123062889036,NA,0.006809504405058807,0.008456834754110222
-67.5,-27.5,2766,0.017635424903040327,NA,0.010695493691567382,0.009952604089331855
-66.5,-27.5,2767,0.008953554462212401,NA,0.004792338780856718,0.0020924069046272934
-26.5,-27.5,2768,0.008226674020249087,NA,0.001984664744633947,0.007114843012558288
-25.5,-27.5,2769,0.05348719387393646,NA,0.007351395261511844,0.01978851039425776
-24.5,-27.5,2770,0.0553041620962764,NA,0.006166199892720393,0.024148941846069097
-23.5,-27.5,2771,0.030671532625732943,NA,0.006329631313660131,0.018332863941045118
-22.5,-27.5,2772,0.027818753831569606,NA,0.005194003211917372,0.013592807644344505
-21.5,-27.5,2773,0.022943466421967762,NA,0.005985302538601831,0.008836283655215304
-20.5,-27.5,2774,0.017760042513415418,NA,0.005568216240333637,0.008448593845960884
70.5,-27.5,2865,0.018370720344382065,NA,NA,NA
71.5,-27.5,2866,0.01897634787875207,NA,NA,NA
72.5,-27.5,2867,0.015960298647555528,NA,NA,NA
73.5,-27.5,2868,0.015297729546016428,NA,NA,NA
74.5,-27.5,2869,0.01632597284969675,NA,NA,NA
75.5,-27.5,2870,0.013823603203747366,NA,NA,NA
76.5,-27.5,2871,0.012860674735482193,NA,NA,NA
77.5,-27.5,2872,0.012896032069621028,NA,NA,NA
78.5,-27.5,2873,0.013287733934975603,NA,NA,NA
79.5,-27.5,2874,0.014957004061049611,NA,NA,NA
-119.5,-26.5,2924,0.04431130363860071,NA,NA,NA
-118.5,-26.5,2925,0.049041663040655444,NA,NA,NA
-117.5,-26.5,2926,0.05077674531562,NA,NA,NA
-116.5,-26.5,2927,0.051895218695797656,NA,NA,NA
-115.5,-26.5,2928,0.05232082729656497,NA,NA,NA
-114.5,-26.5,2929,0.04807153511331679,NA,NA,NA
-113.5,-26.5,2930,0.05433441098113267,NA,NA,NA
-112.5,-26.5,2931,0.05265671270212886,NA,NA,NA
-111.5,-26.5,2932,0.04728497770056115,NA,NA,NA
-110.5,-26.5,2933,0.04791946453650413,NA,NA,NA
-89.5,-26.5,2954,0.02285052856780688,NA,NA,0.007399413468479344
-88.5,-26.5,2955,0.019666810100548018,NA,NA,0.010124215626623034
-87.5,-26.5,2956,0.01495907015534523,NA,NA,0.009028128506567666
-86.5,-26.5,2957,0.014141120542893317,NA,NA,0.008996072728814296
-85.5,-26.5,2958,0.013314455181758377,NA,NA,0.01094007889489843
-84.5,-26.5,2959,0.011317768222613265,NA,NA,0.009117643470475426
-83.5,-26.5,2960,0.01161421187955696,NA,NA,0.009319266380801204
-82.5,-26.5,2961,0.010648047622721347,NA,NA,0.009091391403706803
-81.5,-26.5,2962,0.009117599940348367,NA,NA,0.009542172703572539
-80.5,-26.5,2963,0.00841123065399591,NA,NA,0.009045142591887205
-79.5,-26.5,2964,0.008328798277266052,NA,NA,0.012413377980305977
-78.5,-26.5,2965,0.008654690317117039,NA,NA,0.0113387285719419
-77.5,-26.5,2966,0.0076704588226924305,NA,NA,0.01044429270135667
-76.5,-26.5,2967,0.008439571272170389,NA,NA,0.013291597387944734
-75.5,-26.5,2968,0.011340013459715727,NA,NA,0.01508553426586423
-74.5,-26.5,2969,0.009839760888110921,NA,NA,0.014236727722804763
-73.5,-26.5,2970,0.011082785694400982,NA,NA,0.013487627754469007
-72.5,-26.5,2971,0.01418880536927177,NA,NA,0.013367757475554715
-71.5,-26.5,2972,0.017024022209775426,NA,NA,0.013267535874312167
-70.5,-26.5,2973,0.016000462873438332,NA,NA,0.017192134909967863
-69.5,-26.5,2974,0.01703106734931802,NA,0.0074779126843853546,0.009304561177958715
-68.5,-26.5,2975,0.014204980579919224,NA,0.004844411339656566,0.006467560707563531
-67.5,-26.5,2976,0.019645210611110582,NA,0.006287950845076775,0.008335851482761822
-26.5,-26.5,2977,0.08817112946343664,NA,0.002629521356558876,0.014116015651597157
-25.5,-26.5,2978,0.08835404646766935,NA,0.00872683081164467,0.02651666215856774
-24.5,-26.5,2979,0.05978974233085836,NA,0.00625987395019447,0.030145252621431865
-23.5,-26.5,2980,0.03478854394608106,NA,0.005306247603706897,0.017130571907202397
-22.5,-26.5,2981,0.02703224601107651,NA,0.005958364377124503,0.01596645590610195
-21.5,-26.5,2982,0.016405312394038467,NA,0.00508284571621389,0.015018656463818851
-20.5,-26.5,2983,0.017851625036696874,NA,0.0047246155065707295,0.011434034534275592
70.5,-26.5,3074,0.0176267561202871,NA,NA,NA
71.5,-26.5,3075,0.01731593163774725,NA,NA,NA
72.5,-26.5,3076,0.016116710927042078,NA,NA,NA
73.5,-26.5,3077,0.018932381284773616,NA,NA,NA
74.5,-26.5,3078,0.010404989345958132,NA,NA,NA
75.5,-26.5,3079,0.016115890388690546,NA,NA,NA
76.5,-26.5,3080,0.013246532005365599,NA,NA,NA
77.5,-26.5,3081,0.01568739847087079,NA,NA,NA
78.5,-26.5,3082,0.013734342535251335,NA,NA,NA
79.5,-26.5,3083,0.014622478554347458,NA,NA,NA
-119.5,-25.5,3132,0.05938637507384347,NA,NA,NA
-118.5,-25.5,3133,0.06172753937467633,NA,NA,NA
-117.5,-25.5,3134,0.06878163727976237,NA,NA,NA
-116.5,-25.5,3135,0.07535283138236192,NA,NA,NA
-115.5,-25.5,3136,0.06643910825407133,NA,NA,NA
-114.5,-25.5,3137,0.05953591807584447,NA,NA,NA
-113.5,-25.5,3138,0.06384802801288829,NA,NA,NA
-112.5,-25.5,3139,0.06083235670582239,NA,NA,NA
-111.5,-25.5,3140,0.048995538993912305,NA,NA,NA
-110.5,-25.5,3141,0.04565310068074569,NA,NA,NA
-89.5,-25.5,3162,0.06457733573141491,NA,NA,0.01873657952919541
-88.5,-25.5,3163,0.05855501579076461,NA,NA,0.019077924915769495
-87.5,-25.5,3164,0.047537560187181825,NA,NA,0.020387822870884538
-86.5,-25.5,3165,0.02775940290995494,NA,NA,0.019436250931512283
-85.5,-25.5,3166,0.01893076822658774,NA,NA,0.017084700965935742
-84.5,-25.5,3167,0.018499409632142205,NA,NA,0.017986506365327604
-83.5,-25.5,3168,0.018743670435215687,NA,NA,0.016939132944249875
-82.5,-25.5,3169,0.014236234017472527,NA,NA,0.015950251326044627
-81.5,-25.5,3170,0.01302363036762173,NA,NA,0.015961433831562396
-80.5,-25.5,3171,0.013252654023902457,NA,NA,0.014865216346109641
-79.5,-25.5,3172,0.010970832922411675,NA,NA,0.009435193444123968
-78.5,-25.5,3173,0.010046790355930282,NA,NA,0.010078315642291847
-77.5,-25.5,3174,0.009675861130332366,NA,NA,0.008881182765074663
-76.5,-25.5,3175,0.010401711457928798,NA,NA,0.012764202130568997
-75.5,-25.5,3176,0.011137297352139417,NA,NA,0.014621711124537412
-74.5,-25.5,3177,0.008724262340680626,NA,NA,0.013604506024332563
-73.5,-25.5,3178,0.009668555550619379,NA,NA,0.011340042963329662
-72.5,-25.5,3179,0.017972508511926014,NA,NA,0.011528047845269247
-71.5,-25.5,3180,0.016523883410034846,NA,NA,0.010490197551370605
-70.5,-25.5,3181,0.01813786605471716,NA,NA,0.011190404305596017
-69.5,-25.5,3182,0.015274510345056964,NA,0.005016337345456967,0.014705002690282014
-68.5,-25.5,3183,0.021669938626831167,NA,0.007054111402464684,0.012037515737205977
-67.5,-25.5,3184,0.011231445637770947,NA,0.0023208813821898977,0.006752696807020176
-26.5,-25.5,3185,0.064590713961902,NA,0.0020431351649813113,0.034840970329713686
-25.5,-25.5,3186,0.09690302460307497,NA,0.0090074115898598,0.034098918558317405
-24.5,-25.5,3187,0.048438002001495804,NA,0.005574958981969204,0.02983189716806462
-23.5,-25.5,3188,0.03276384351711689,NA,0.004011820672662167,0.016311467471670227
-22.5,-25.5,3189,0.023059415119493828,NA,0.004569121613160684,0.016133332896851975
-21.5,-25.5,3190,0.01361993279613316,NA,0.004566386050977274,0.015152062806876589
-20.5,-25.5,3191,0.009748112680067778,NA,0.004156624955819293,0.013343724706267145
70.5,-25.5,3282,0.01867604021411123,NA,NA,NA
71.5,-25.5,3283,0.016642214156482284,NA,NA,NA
72.5,-25.5,3284,0.015615965120880343,NA,NA,NA
73.5,-25.5,3285,0.01417549956666405,NA,NA,NA
74.5,-25.5,3286,0.014852364600693472,NA,NA,NA
75.5,-25.5,3287,0.012775104798946429,NA,NA,NA
76.5,-25.5,3288,0.014183739329767825,NA,NA,NA
77.5,-25.5,3289,0.013236660387730859,NA,NA,NA
78.5,-25.5,3290,0.025711260364020876,NA,NA,NA
79.5,-25.5,3291,0.023155506950256203,NA,NA,NA
-119.5,-24.5,3338,0.10892487234609274,NA,NA,NA
-118.5,-24.5,3339,0.10764186193384856,NA,NA,NA
-117.5,-24.5,3340,0.0925755701870828,NA,NA,NA
-116.5,-24.5,3341,0.08614069144267252,NA,NA,NA
-115.5,-24.5,3342,0.08924426750419397,NA,NA,NA
-114.5,-24.5,3343,0.08629562727468948,NA,NA,NA
-113.5,-24.5,3344,0.0917527523652965,NA,NA,NA
-112.5,-24.5,3345,0.0906132204728261,NA,NA,NA
-111.5,-24.5,3346,0.06704264589711183,NA,NA,NA
-110.5,-24.5,3347,0.05732087804953797,NA,NA,NA
-89.5,-24.5,3368,0.05020968912533393,NA,NA,0.012319030334954994
-88.5,-24.5,3369,0.05017858168926509,NA,NA,0.013631390486448736
-87.5,-24.5,3370,0.04592970900564161,NA,NA,0.012517891126890522
-86.5,-24.5,3371,0.04382228308722178,NA,NA,0.011547604288314934
-85.5,-24.5,3372,0.03956993206013306,NA,NA,0.01061060738460184
-84.5,-24.5,3373,0.034486766988876226,NA,NA,0.01096645705261747
-83.5,-24.5,3374,0.03249996614886542,NA,NA,0.010221123551410652
-82.5,-24.5,3375,0.03308267888961794,NA,NA,0.010543911423478837
-81.5,-24.5,3376,0.02880880608099747,NA,NA,0.010519087550398288
-80.5,-24.5,3377,0.03132553641308201,NA,NA,0.00921844368905784
-79.5,-24.5,3378,0.015968356862691203,NA,NA,0.0075446730608076905
-78.5,-24.5,3379,0.014938101898860601,NA,NA,0.0072001634976157965
-77.5,-24.5,3380,0.012185923870866703,NA,NA,0.006831898516066117
-76.5,-24.5,3381,0.011920022504458318,NA,NA,0.011360522264079027
-75.5,-24.5,3382,0.008991685690258152,NA,NA,0.015249488417934894
-74.5,-24.5,3383,0.010767303102187683,NA,NA,0.014050433098085497
-73.5,-24.5,3384,0.012233730921816106,NA,NA,0.011321014822298409
-72.5,-24.5,3385,0.01252082126367362,NA,NA,0.008124589590567843
-71.5,-24.5,3386,0.01956542588193835,NA,NA,0.010933419276849153
-70.5,-24.5,3387,0.021895109713584382,NA,NA,0.014302821781406265
-69.5,-24.5,3388,0.021962611443488267,NA,0.008156841192893394,0.01350742165925638
-68.5,-24.5,3389,0.028269123740371885,NA,0.007194272867673342,0.010615371281583078
-67.5,-24.5,3390,0.053310078839300244,NA,0.007630852998824863,0.005629700544982616
-27.5,-24.5,3391,0.02306684473962565,NA,0.005260886048181939,0.02140095313412879
-26.5,-24.5,3392,0.035261200049649444,NA,0.0032467069618485724,0.03269856404732033
-25.5,-24.5,3393,0.07891755846023704,NA,0.009174006546534866,0.036198205407071436
-24.5,-24.5,3394,0.05174743134521052,NA,0.005921166931965125,0.02932448521985925
-23.5,-24.5,3395,0.03189464755093231,NA,0.004838251784526377,0.031263958046400996
-22.5,-24.5,3396,0.015170353171131032,NA,0.00438667753824206,0.021061179322734623
-21.5,-24.5,3397,0.015045756502674201,NA,0.004723366813963561,0.018265708499262314
-20.5,-24.5,3398,0.013954060522186555,NA,0.0040160778885546065,0.014051311593679932
70.5,-24.5,3489,0.014840523578002056,NA,NA,NA
71.5,-24.5,3490,0.016390826626428663,NA,NA,NA
72.5,-24.5,3491,0.017086212670278593,NA,NA,NA
73.5,-24.5,3492,0.016906624820108015,NA,NA,NA
74.5,-24.5,3493,0.02382276020342362,NA,NA,NA
75.5,-24.5,3494,0.020991690774886988,NA,NA,NA
76.5,-24.5,3495,0.017605429037339415,NA,NA,NA
77.5,-24.5,3496,0.01799000223069184,NA,NA,NA
78.5,-24.5,3497,0.01815618362199627,NA,NA,NA
79.5,-24.5,3498,0.015351919913691092,NA,NA,NA
-119.5,-23.5,3544,0.18267710744676208,NA,NA,NA
-118.5,-23.5,3545,0.15065350510532907,NA,NA,NA
-117.5,-23.5,3546,0.16026288979758507,NA,NA,NA
-116.5,-23.5,3547,0.1865732475382428,NA,NA,NA
-115.5,-23.5,3548,0.16885635221900916,NA,NA,NA
-114.5,-23.5,3549,0.1485465562531141,NA,NA,NA
-113.5,-23.5,3550,0.1299252350602428,NA,NA,NA
-112.5,-23.5,3551,0.10554288663415448,NA,NA,NA
-111.5,-23.5,3552,0.08855008722188462,NA,NA,NA
-110.5,-23.5,3553,0.0881738190725709,NA,NA,NA
-89.5,-23.5,3574,0.05298182645946532,NA,NA,0.011661446362789785
-88.5,-23.5,3575,0.05202691182435522,NA,NA,0.009861652016449772
-87.5,-23.5,3576,0.049200547575172476,NA,NA,0.009769299330236963
-86.5,-23.5,3577,0.047292934771385686,NA,NA,0.01019669997008776
-85.5,-23.5,3578,0.034032482142924605,NA,NA,0.010842402566866718
-84.5,-23.5,3579,0.03460313597471732,NA,NA,0.011160709579342317
-83.5,-23.5,3580,0.03249220190001161,NA,NA,0.011463907498214087
-82.5,-23.5,3581,0.03819229876822646,NA,NA,0.012924787735724648
-81.5,-23.5,3582,0.019796241313165375,NA,NA,0.009498359815608943
-80.5,-23.5,3583,0.01411843116461184,NA,NA,0.008616696894469103
-79.5,-23.5,3584,0.013799143796299929,NA,NA,0.009000803928427729
-78.5,-23.5,3585,0.012551406000151024,NA,NA,0.007028273177667409
-77.5,-23.5,3586,0.012115804109055056,NA,NA,0.008778095283319264
-76.5,-23.5,3587,0.011352354482711092,NA,NA,0.010946020810973033
-75.5,-23.5,3588,0.008863434456868123,NA,NA,0.01613702507709681
-74.5,-23.5,3589,0.011441439791797937,NA,NA,0.011781530570937332
-73.5,-23.5,3590,0.015895144685289898,NA,NA,0.009410768493899248
-72.5,-23.5,3591,0.015704998108794218,NA,NA,0.00951272350920573
-71.5,-23.5,3592,0.02230142097216086,NA,NA,0.014174586306677513
-70.5,-23.5,3593,0.03144130103336261,NA,NA,0.015686021107192246
-69.5,-23.5,3594,0.035257939201187236,NA,0.01151034603718399,0.0179433964123994
-68.5,-23.5,3595,0.036057575380695164,NA,0.008168701107217928,0.011828798597748795
-67.5,-23.5,3596,0.08426742652694091,NA,0.012419429173754005,0.015470748444159013
-66.5,-23.5,3597,0.09182269979802062,NA,0.004116436082825687,0.0108837492009733
-28.5,-23.5,3598,0.038375573578376766,NA,0.006796082985890537,0.011470626555272891
-27.5,-23.5,3599,0.033075453794370734,NA,0.002866994374742746,0.008778356492371053
-26.5,-23.5,3600,0.06925387586895218,NA,0.007251669146075608,0.03742409796415848
-25.5,-23.5,3601,0.0711996489131338,NA,0.007594612901799774,0.02449723829393555
-24.5,-23.5,3602,0.06685024515296618,NA,0.005498562556967867,0.03294151132188864
-23.5,-23.5,3603,0.0345328001692569,NA,0.004741817618035364,0.02708819399849843
-22.5,-23.5,3604,0.01930345575318497,NA,0.004093486752773721,0.023616209318807764
-21.5,-23.5,3605,0.01779597992567984,NA,0.0043200203745937735,0.021398690157331455
-20.5,-23.5,3606,0.01726875673059103,NA,0.004697102060163377,0.012984554371029395
70.5,-23.5,3697,0.019896875949104286,NA,NA,NA
71.5,-23.5,3698,0.019657751094274374,NA,NA,NA
72.5,-23.5,3699,0.017093175913581015,NA,NA,NA
73.5,-23.5,3700,0.01493415033107947,NA,NA,NA
74.5,-23.5,3701,0.01611547033023985,NA,NA,NA
75.5,-23.5,3702,0.017514597360447005,NA,NA,NA
76.5,-23.5,3703,0.016269693691752643,NA,NA,NA
77.5,-23.5,3704,0.01434880258997325,NA,NA,NA
78.5,-23.5,3705,0.012487030220069589,NA,NA,NA
79.5,-23.5,3706,0.011458252234960364,NA,NA,NA
-119.5,-22.5,3752,0.12420819415276242,NA,NA,NA
-118.5,-22.5,3753,0.15424950861355163,NA,NA,NA
-117.5,-22.5,3754,0.15780433408793246,NA,NA,NA
-116.5,-22.5,3755,0.2667188940361743,NA,NA,NA
-115.5,-22.5,3756,0.2498716009970053,NA,NA,NA
-114.5,-22.5,3757,0.30777519656969576,NA,NA,NA
-113.5,-22.5,3758,0.21461458779221804,NA,NA,NA
-112.5,-22.5,3759,0.1323832655187478,NA,NA,NA
-111.5,-22.5,3760,0.12379995792478543,NA,NA,NA
-110.5,-22.5,3761,0.0856891718344025,NA,NA,NA
-89.5,-22.5,3782,0.05716584227610057,NA,NA,0.012216969069994152
-88.5,-22.5,3783,0.04901784729839485,NA,NA,0.013177596084440666
-87.5,-22.5,3784,0.03848669488270467,NA,NA,0.011726613992143744
-86.5,-22.5,3785,0.027433898722299965,NA,NA,0.01289478557089093
-85.5,-22.5,3786,0.020251539642101333,NA,NA,0.013206697065625765
-84.5,-22.5,3787,0.019673435449182094,NA,NA,0.01338170652089637
-83.5,-22.5,3788,0.016828512455816742,NA,NA,0.013410340809866325
-82.5,-22.5,3789,0.018794575536942852,NA,NA,0.015122933031450897
-81.5,-22.5,3790,0.01981015270686352,NA,NA,0.012015368339308273
-80.5,-22.5,3791,0.016892884501205557,NA,NA,0.010609208295228718
-79.5,-22.5,3792,0.01787352948441417,NA,NA,0.011536884634089282
-78.5,-22.5,3793,0.01438348875279409,NA,NA,0.00849015701357063
-77.5,-22.5,3794,0.014467440893310292,NA,NA,0.010951988893573667
-76.5,-22.5,3795,0.011900341451212472,NA,NA,0.012988372523854874
-75.5,-22.5,3796,0.011461538143488102,NA,NA,0.01778339861639891
-74.5,-22.5,3797,0.020585655493271595,NA,NA,0.013876303811571027
-73.5,-22.5,3798,0.017133199635900178,NA,NA,0.012282266518580538
-72.5,-22.5,3799,0.019449237906702582,NA,NA,0.009906910979299625
-71.5,-22.5,3800,0.02823461412122352,NA,NA,0.016906200305531357
-70.5,-22.5,3801,0.03863215686325927,NA,NA,0.018375807428467002
-69.5,-22.5,3802,0.05197889679852171,NA,0.011908500182837864,0.021769254107305402
-68.5,-22.5,3803,0.05009423213434998,NA,0.00893423980306691,0.014371777925283026
-67.5,-22.5,3804,0.07147189647811407,NA,0.009471788851002406,0.027040948182339666
-66.5,-22.5,3805,0.17141233116384563,NA,0.015685580228758683,0.04146911898096157
-29.5,-22.5,3806,0.008937964731544812,NA,0.0062761749118323785,0.006961423528879917
-28.5,-22.5,3807,0.041092068885952106,NA,0.022236361326470652,0.009701750414129278
-27.5,-22.5,3808,0.03252576654920673,NA,0.003017236074639309,0.013450905837495752
-26.5,-22.5,3809,0.052785290864700914,NA,0.006066240698024364,0.0265952178814731
-25.5,-22.5,3810,0.0963600032135019,NA,0.008196466675673947,0.04382600555623196
-24.5,-22.5,3811,0.047916853272092656,NA,0.006798353961117054,0.04405519789767679
-23.5,-22.5,3812,0.04402829858513188,NA,0.004674632794180622,0.034370796530530566
-22.5,-22.5,3813,0.027424729759616014,NA,0.00450629438760274,0.02116141394562173
-21.5,-22.5,3814,0.024274882325265534,NA,0.0041900862959915325,0.020314779313600744
-20.5,-22.5,3815,0.023729646905319222,NA,0.003972500485231214,0.019679804115715918
70.5,-22.5,3906,0.011629036596904814,NA,NA,NA
71.5,-22.5,3907,0.01487430543985762,NA,NA,NA
72.5,-22.5,3908,0.014335554542507553,NA,NA,NA
73.5,-22.5,3909,0.014635617906636126,NA,NA,NA
74.5,-22.5,3910,0.015551118558693828,NA,NA,NA
75.5,-22.5,3911,0.01479850500596972,NA,NA,NA
76.5,-22.5,3912,0.013606845894147554,NA,NA,NA
77.5,-22.5,3913,0.012254579745315346,NA,NA,NA
78.5,-22.5,3914,0.012595318415973595,NA,NA,NA
79.5,-22.5,3915,0.011479681488017413,NA,NA,NA
-119.5,-21.5,3961,0.1138207981026526,NA,NA,NA
-118.5,-21.5,3962,0.10447045843897555,NA,NA,NA
-117.5,-21.5,3963,0.09556813435050915,NA,NA,NA
-116.5,-21.5,3964,0.09342238308151651,NA,NA,NA
-115.5,-21.5,3965,0.08315637146586775,NA,NA,NA
-114.5,-21.5,3966,0.1087503982713999,NA,NA,NA
-113.5,-21.5,3967,0.110272218280375,NA,NA,NA
-112.5,-21.5,3968,0.09745498745388395,NA,NA,NA
-111.5,-21.5,3969,0.07993476388543805,NA,NA,NA
-110.5,-21.5,3970,0.04843307390291519,NA,NA,NA
-89.5,-21.5,3991,0.02468100983060577,NA,NA,0.016746810065689566
-88.5,-21.5,3992,0.019654443400452307,NA,NA,0.016050142239117413
-87.5,-21.5,3993,0.018562441409801227,NA,NA,0.01569914625623687
-86.5,-21.5,3994,0.01837073325681276,NA,NA,0.01694528919947819
-85.5,-21.5,3995,0.01897801007337166,NA,NA,0.017184615480212953
-84.5,-21.5,3996,0.01969395862106674,NA,NA,0.017261951300943927
-83.5,-21.5,3997,0.021106320585950675,NA,NA,0.017076285018803535
-82.5,-21.5,3998,0.024998157404892214,NA,NA,0.016841884817667206
-81.5,-21.5,3999,0.02032526166231769,NA,NA,0.013732595643623833
-80.5,-21.5,4000,0.01926077805338425,NA,NA,0.013165099623536194
-79.5,-21.5,4001,0.01807334523378691,NA,NA,0.014179048127144527
-78.5,-21.5,4002,0.01965407977274386,NA,NA,0.014934742554788404
-77.5,-21.5,4003,0.015350734099502324,NA,NA,0.01369412132406223
-76.5,-21.5,4004,0.01332912949424123,NA,NA,0.01807049054606584
-75.5,-21.5,4005,0.013412297485789766,NA,NA,0.018090589274759615
-74.5,-21.5,4006,0.01986853346944084,NA,NA,0.012652061869785895
-73.5,-21.5,4007,0.021657319769525587,NA,NA,0.02005142684457799
-72.5,-21.5,4008,0.030752225032003654,NA,NA,0.013976381757681884
-71.5,-21.5,4009,0.03801273781290559,NA,NA,0.017271669571312594
-70.5,-21.5,4010,0.050359525790932856,NA,NA,0.020734986352587494
-69.5,-21.5,4011,0.0544837606900836,NA,0.013103868978638973,0.022935032246843814
-68.5,-21.5,4012,0.08124424400364055,NA,0.010761614720514788,0.023849695440212187
-67.5,-21.5,4013,0.08935508155769789,NA,0.013323200974043454,0.016848367577643717
-66.5,-21.5,4014,0.23573288299359343,NA,0.022235372011979882,0.04054953692913982
-65.5,-21.5,4015,0.03723779728520124,NA,0.0016709476142545176,0.010514662397429547
-29.5,-21.5,4017,0.030272161005428445,NA,0.008411505177299232,0.010582773126779545
-28.5,-21.5,4018,0.05920353414439319,NA,0.005376635874155717,0.03142446500881275
-27.5,-21.5,4019,0.05983044524846887,NA,0.0038089810727955998,0.01908092398398307
-26.5,-21.5,4020,0.11260073396732363,NA,0.014977126382127323,0.06688996192396965
-25.5,-21.5,4021,0.17040963632629072,NA,0.016745366793880494,0.044583490964424495
-24.5,-21.5,4022,0.08495228366434049,NA,0.0071758234690428935,0.04919983576960319
-23.5,-21.5,4023,0.05751477717127129,NA,0.005354792513328359,0.05740847981537443
-22.5,-21.5,4024,0.04143551430227697,NA,0.004329823972832688,0.01754458672995878
-21.5,-21.5,4025,0.04485111461347187,NA,0.0062132309267114326,0.019192726386763465
-20.5,-21.5,4026,0.05161335260931064,NA,0.0067865204734218225,0.02162679770076285
70.5,-21.5,4116,0.00904161045598851,NA,NA,NA
71.5,-21.5,4117,0.010316321883220876,NA,NA,NA
72.5,-21.5,4118,0.012004533985284786,NA,NA,NA
73.5,-21.5,4119,0.012583029454879553,NA,NA,NA
74.5,-21.5,4120,0.011867424063116555,NA,NA,NA
75.5,-21.5,4121,0.011779194184528673,NA,NA,NA
76.5,-21.5,4122,0.010434228150606082,NA,NA,NA
77.5,-21.5,4123,0.009604097576246941,NA,NA,NA
78.5,-21.5,4124,0.008387977543990439,NA,NA,NA
79.5,-21.5,4125,0.007709036610532504,NA,NA,NA
-119.5,-20.5,4170,0.1115085550560864,NA,NA,NA
-118.5,-20.5,4171,0.11852928571762815,NA,NA,NA
-117.5,-20.5,4172,0.11559108838422644,NA,NA,NA
-116.5,-20.5,4173,0.09337735975377276,NA,NA,NA
-115.5,-20.5,4174,0.08639740050256667,NA,NA,NA
-114.5,-20.5,4175,0.11479581758182128,NA,NA,NA
-113.5,-20.5,4176,0.09362319292957383,NA,NA,NA
-112.5,-20.5,4177,0.10067024827847973,NA,NA,NA
-111.5,-20.5,4178,0.09192387957114749,NA,NA,NA
-110.5,-20.5,4179,0.06873195081434975,NA,NA,NA
-89.5,-20.5,4200,0.018451469780009257,NA,NA,0.02073313999872823
-88.5,-20.5,4201,0.019542869352192647,NA,NA,0.02029011608677605
-87.5,-20.5,4202,0.017420365149475356,NA,NA,0.030238124839448145
-86.5,-20.5,4203,0.017245952945486167,NA,NA,0.02603848605552853
-85.5,-20.5,4204,0.02249317109677781,NA,NA,0.029100109958063034
-84.5,-20.5,4205,0.022362661865417577,NA,NA,0.0244757591334415
-83.5,-20.5,4206,0.018476037062443752,NA,NA,0.02274471454532374
-82.5,-20.5,4207,0.023764679706772224,NA,NA,0.027362140935971675
-81.5,-20.5,4208,0.02109336855033643,NA,NA,0.027955019529346255
-80.5,-20.5,4209,0.026137518546736953,NA,NA,0.02474778988429877
-79.5,-20.5,4210,0.020877438198688862,NA,NA,0.02325421456830685
-78.5,-20.5,4211,0.020337384846919562,NA,NA,0.026820500917171076
-77.5,-20.5,4212,0.0202402023634984,NA,NA,0.02579015751831226
-76.5,-20.5,4213,0.01814113308983412,NA,NA,0.03273093185449768
-75.5,-20.5,4214,0.022505058028194507,NA,NA,0.026418568564766178
-74.5,-20.5,4215,0.024277612431789594,NA,NA,0.014722755245430232
-73.5,-20.5,4216,0.027315448854718843,NA,NA,0.01872611996439244
-72.5,-20.5,4217,0.03417918029621609,NA,NA,0.026617521341370243
-71.5,-20.5,4218,0.0337596354412737,NA,NA,0.02472187427141592
-70.5,-20.5,4219,0.0617283178758603,NA,NA,0.029453464418524353
-69.5,-20.5,4220,0.08760903135570275,NA,0.015208493329378875,0.03559530393361605
-68.5,-20.5,4221,0.07637704203361173,NA,0.013901595357417001,0.02755701981003182
-67.5,-20.5,4222,0.19069117093958185,NA,0.027046092081308565,0.078581435878102
-66.5,-20.5,4223,0.29027828969421543,NA,0.023932338289166608,0.07390523943256185
-65.5,-20.5,4224,0.3545216821234986,NA,0.023915449724488624,0.05085588677697782
-64.5,-20.5,4225,0.166616218259298,NA,0.012022417459370625,0.029697298032580116
-63.5,-20.5,4226,0.2321791692365242,NA,0.029777347236768177,0.09275235786028126
-62.5,-20.5,4227,0.41299391647802697,NA,0.11293446616085001,0.09052740588342209
-29.5,-20.5,4229,0.04542985408733292,NA,0.006053408964028148,0.03137703989523243
-28.5,-20.5,4230,0.05489089841794893,NA,0.0050254529005474245,0.022618838141309962
-27.5,-20.5,4231,0.06246720520848939,NA,0.007713502317017481,0.01952433955180164
-26.5,-20.5,4232,0.07907969214351708,NA,0.010280872902139374,0.046544801728304996
-25.5,-20.5,4233,0.11107783612588572,NA,0.01825446434403752,0.044526935977251686
-24.5,-20.5,4234,0.05876091004189381,NA,0.007008083005241666,0.03484763920475992
-23.5,-20.5,4235,0.056947425679904615,NA,0.00552286688795116,0.04566600641783097
-22.5,-20.5,4236,0.049685190799894134,NA,0.005341058071483563,0.02245484136597267
-21.5,-20.5,4237,0.07345299722776147,NA,0.007896701527216204,0.03133993562872132
-20.5,-20.5,4238,0.05992971196561708,NA,0.005563357314035104,0.02008871632442996
70.5,-20.5,4328,0.01028689457952316,NA,NA,NA
71.5,-20.5,4329,0.011566288089995694,NA,NA,NA
72.5,-20.5,4330,0.010625247111797718,NA,NA,NA
73.5,-20.5,4331,0.010607196998177209,NA,NA,NA
74.5,-20.5,4332,0.010474253331862455,NA,NA,NA
75.5,-20.5,4333,0.00951231498328347,NA,NA,NA
76.5,-20.5,4334,0.008482072274359743,NA,NA,NA
77.5,-20.5,4335,0.009510453935956691,NA,NA,NA
78.5,-20.5,4336,0.008246578218607354,NA,NA,NA
79.5,-20.5,4337,0.007951054954664772,NA,NA,NA
-109.5,-19.5,4393,0.05040040406575167,NA,NA,0.01007347290517591
-108.5,-19.5,4394,0.05018129789886313,NA,NA,0.01143221266344182
-107.5,-19.5,4395,0.04293933957624442,NA,NA,0.00942373629426683
-106.5,-19.5,4396,0.04035855300915737,NA,NA,0.009080888287740977
-105.5,-19.5,4397,0.0425950934245396,NA,NA,0.008666386524230988
-104.5,-19.5,4398,0.04209255365628568,NA,NA,0.008277972092285703
-103.5,-19.5,4399,0.04692603991722373,NA,NA,0.008426729422901376
-102.5,-19.5,4400,0.05179362850228988,NA,NA,0.00954905066797363
-101.5,-19.5,4401,0.047869582062943436,NA,NA,0.008338159827216161
-100.5,-19.5,4402,0.04900882026808308,NA,NA,0.008160386162733327
-99.5,-19.5,4403,0.04831977922131236,NA,NA,0.008903390853607808
-98.5,-19.5,4404,0.051182328512828126,NA,NA,0.009335610289661848
-97.5,-19.5,4405,0.048426786198957336,NA,NA,0.009500664420078176
-96.5,-19.5,4406,0.0466560292290009,NA,NA,0.011149914879666963
-95.5,-19.5,4407,0.03714239825379562,NA,NA,0.012051315839688046
-94.5,-19.5,4408,0.033672757630490824,NA,NA,0.013951004020941168
-93.5,-19.5,4409,0.03447363430935646,NA,NA,0.016250334835225783
-92.5,-19.5,4410,0.03173888115834022,NA,NA,0.0218796247751372
-91.5,-19.5,4411,0.026673203842691343,NA,NA,0.022912805164316787
-90.5,-19.5,4412,0.025684487220296634,NA,NA,0.0301346443595393
-89.5,-19.5,4413,0.021691623750579963,0.005875274432417975,0.0059354302026514445,0.023162594254667285
-88.5,-19.5,4414,0.021461430464755574,0.006346491423112616,0.005490570475350607,0.023331758953754823
-87.5,-19.5,4415,0.021366874048035018,0.006877219919403728,0.005646592245174445,0.023996678034032926
-86.5,-19.5,4416,0.02127173706998951,0.007348587618169776,0.006186731350638491,0.02029577098614884
-85.5,-19.5,4417,0.020660310606183934,0.007487598721713383,0.006789314194323564,0.02717085471521502
-84.5,-19.5,4418,0.02096478409367085,0.0076425775192444445,0.007661546408340994,0.02616927550259545
-83.5,-19.5,4419,0.02269663493463311,0.008390410999208153,0.008440916631311603,0.027221559561193234
-82.5,-19.5,4420,0.02355157470513831,0.00953269144614731,0.008136271323615564,0.03135281926686436
-81.5,-19.5,4421,0.021466402065580675,0.010032542293834051,0.00907690247213018,0.032809457578225
-80.5,-19.5,4422,0.023335551393037775,0.012224066261669254,0.009809353812236054,0.03576238881086148
-79.5,-19.5,4423,0.019616739921704682,0.012697594438940984,0.008777754252087997,0.02761876683356553
-78.5,-19.5,4424,0.020015991409205725,0.014202464192886932,0.009276588749362604,0.027555144146676272
-77.5,-19.5,4425,0.022700966940115752,0.015914902372204606,0.008674854280297422,0.02833910776669228
-76.5,-19.5,4426,0.02782004980222494,0.01591664119484477,0.008035717538750946,0.03484491946443712
-75.5,-19.5,4427,0.030892807685175112,0.01623939077116819,0.007541905056690527,0.037326171844527696
-74.5,-19.5,4428,0.028756569016957986,0.009025048064050892,0.008184626776319306,0.029373597415357142
-73.5,-19.5,4429,0.030247564502622764,0.007920621267402889,0.007372985419614781,0.02474246477112447
-72.5,-19.5,4430,0.029496586362640773,0.00896672100746769,0.007785478750039792,0.02643252596415062
-71.5,-19.5,4431,0.05021322227834954,0.010278476818741104,0.009194177405039396,0.03489773843647332
-70.5,-19.5,4432,0.0664923886722378,0.01317829303172294,0.013090598060312231,0.04204397185643638
-69.5,-19.5,4433,0.09843983975270724,0.01639149518673453,0.017360866291830777,0.0490297451171621
-68.5,-19.5,4434,0.13624806998586061,0.035094419060908,0.014728830811186871,0.03996921695328863
-67.5,-19.5,4435,0.1691821234166092,0.02010773292892955,0.014395524226098338,0.04044809413136244
-66.5,-19.5,4436,0.32682230856695704,0.038008167703795476,0.01858576180064756,0.10531817103499548
-65.5,-19.5,4437,0.2755232757749153,0.05375380835108196,0.023170941417203113,0.0922460417987174
-64.5,-19.5,4438,0.4062981909147387,0.07318100069883686,0.023592989745417126,0.07029041599357186
-63.5,-19.5,4439,0.15581624323368315,0.028328697458976166,0.01478703608336128,0.019806962191018504
-62.5,-19.5,4440,0.16277915707033333,0.018367193647626276,0.012181945445052517,0.03199704183418572
-61.5,-19.5,4441,0.2575503112270036,0.02206150168561126,0.01715473963172851,0.04963057140509117
-60.5,-19.5,4442,0.7235402680581831,0.04271868318077541,0.05424242571046716,0.09604750225432465
-59.5,-19.5,4443,0.6158780223409956,0.2604852647494169,0.16154828533996923,0.14283397142947465
-29.5,-19.5,4446,0.07789632269505566,0.01243829760517902,0.006978532561342539,0.034835797376457776
-28.5,-19.5,4447,0.10887418666816326,0.020547420669878698,0.012102910500493487,0.0374546533604302
-27.5,-19.5,4448,0.07955485765169182,0.01867697021961973,0.014575898246272527,0.03085631164506689
-26.5,-19.5,4449,0.06667849594683198,0.01165014512183031,0.009983688335577126,0.03038456485386277
-25.5,-19.5,4450,0.08058689846106998,0.011962618768798798,0.011740748725410829,0.04195070291132427
-24.5,-19.5,4451,0.06810045363484758,0.009742958988607626,0.00913480127026728,0.041497259278906115
-23.5,-19.5,4452,0.06838163467332806,0.010591138450345197,0.009747425166402328,0.03748501982177628
-22.5,-19.5,4453,0.0718842413823612,0.010803828498670199,0.007102221363035271,0.0528728784220056
-21.5,-19.5,4454,0.09379377527780158,0.01581569123795734,0.01204405148009765,0.055651691773135684
-20.5,-19.5,4455,0.0861016511357487,0.011947333359961686,0.00845478840750629,0.03470695546033104
-19.5,-19.5,4456,0.08460602284665919,0.012380966568496658,0.01084214372811942,0.04782195781807592
-18.5,-19.5,4457,0.06776851174091617,0.012129921302774875,0.009536484089752603,0.043983483833422106
-17.5,-19.5,4458,0.08467271605149991,0.015298555200216422,0.013008505755547128,0.05152801638644571
-16.5,-19.5,4459,0.12354363513512795,0.0244616807909369,0.020740525866804953,0.06561821823437858
-15.5,-19.5,4460,0.11557032979546042,0.018271578534470673,0.013984108202647854,0.04906993068166475
-14.5,-19.5,4461,0.08038535308637478,0.01417887690640789,0.010116996890950273,0.05468773748583838
-13.5,-19.5,4462,0.12321992184958325,0.020864183062833636,0.013736324880248634,0.06886274581766076
-12.5,-19.5,4463,0.11331637436913901,0.018810818869799982,0.013506773139539253,0.05981155548674786
-11.5,-19.5,4464,0.11157445165011524,0.021895151558872183,0.016347954207059694,0.08857680531403642
-10.5,-19.5,4465,0.07318814317801738,0.015004293494486044,0.010884051938733551,0.05055306545259921
0.5,-19.5,4476,0.1502578237316198,NA,0.013255798916941026,0.03618588041688585
1.5,-19.5,4477,0.1706839176465481,NA,0.016902343507570573,0.04358163028408921
2.5,-19.5,4478,0.12473598087607102,NA,0.007808962875807273,0.035666954635292916
3.5,-19.5,4479,0.07652383570704191,NA,0.007265590107030032,0.028736962611415295
4.5,-19.5,4480,0.1332758277941174,NA,0.009264790522401043,0.033919389992937074
5.5,-19.5,4481,0.1942830491355055,NA,0.011788049832333539,0.054096220807154566
6.5,-19.5,4482,0.13735666412193157,NA,0.009264492823698692,0.039523981350472345
7.5,-19.5,4483,0.09973205191442644,NA,0.006982168729441408,0.02700530849002849
8.5,-19.5,4484,0.08880433131822799,NA,0.005731908473311088,0.021640128329152263
9.5,-19.5,4485,0.11768931496296198,NA,0.00758373266054758,0.04775750413608953
20.5,-19.5,4496,0.1291494767650707,0.029003132442528372,0.008129880172217543,0.020121246292993153
21.5,-19.5,4497,0.10884969724848884,0.029481836682567274,0.0079907964753386709,0.019700554567851566
22.5,-19.5,4498,0.10092328407165972,0.027922837585110043,0.008059248783359549,0.02139717456144405
23.5,-19.5,4499,0.10360335003025839,0.026040001402840147,0.007743951677004267,0.0197819761268124
24.5,-19.5,4500,0.09869928097089906,0.022193838688735278,0.006485421636867212,0.01654860554406443
25.5,-19.5,4501,0.1271764165180197,0.0230014318802273,0.006480890551119446,0.017019043810981987
26.5,-19.5,4502,0.11398180126307327,0.022507441451356934,0.006290321299330426,0.017120037441830434
27.5,-19.5,4503,0.11200022145699512,0.02227904803895457,0.006242587778731465,0.018431738974689423
28.5,-19.5,4504,0.11219847580011642,0.021559959390491636,0.006321746525480735,0.018543862696178862
29.5,-19.5,4505,0.11468088896815971,0.022259528873372215,0.0068551286380053355,0.01966760398962953
40.5,-19.5,4516,0.05492446109527171,0.012268867659856686,0.007333435365080109,0.021078267619214143
41.5,-19.5,4517,0.05497853526580704,0.015331306776482485,0.009180612603094348,0.025180878417421247
42.5,-19.5,4518,0.053108179570820806,0.012028348983072791,0.007006907538315521,0.018827041982144545
43.5,-19.5,4519,0.04885629536023939,0.012486327427725255,0.008419760588972598,0.015608154172434425
44.5,-19.5,4520,0.03526277724188743,0.010514472225960364,0.007364984459408435,0.011421523550183216
45.5,-19.5,4521,0.03518587037622039,0.01034403924050461,0.005981539627049665,0.010501475107123142
46.5,-19.5,4522,0.03321287449536983,0.010205266910138398,0.005893394758539937,0.010026440171466474
47.5,-19.5,4523,0.032284961576486915,0.010402098242004151,0.006307058304481222,0.009616827860850075
48.5,-19.5,4524,0.03990496070496306,0.012333075869308686,0.007229007802102786,0.011084959732480991
49.5,-19.5,4525,0.026110949133080354,0.010878999677471392,0.005681795496756806,0.00841923817797833
50.5,-19.5,4526,0.024495322753742856,0.010180310387355408,NA,0.007410301217541481
51.5,-19.5,4527,0.023208927871511017,0.008187546518073208,NA,0.0071303510129456195
52.5,-19.5,4528,0.020075354028960664,0.008034030321533173,NA,0.006938524427245314
53.5,-19.5,4529,0.019048678003446996,0.008658427551324774,NA,0.0066335076659336115
54.5,-19.5,4530,0.018979650718237796,0.009120456613738821,NA,0.006581239825979099
55.5,-19.5,4531,0.02122469336993291,0.00867584682568602,NA,0.007243257320757017
56.5,-19.5,4532,0.016361024942600902,0.007189332312615695,NA,0.006008946491766652
57.5,-19.5,4533,0.018272122534097057,0.007559681174348074,NA,0.006133275653447797
58.5,-19.5,4534,0.013657050760094306,0.006643325935431013,NA,0.006849957766516574
59.5,-19.5,4535,0.013492999104185843,0.006239053872432194,NA,0.005465210081384049
70.5,-19.5,4546,0.00805946143335967,NA,NA,NA
71.5,-19.5,4547,0.009410219380340947,NA,NA,NA
72.5,-19.5,4548,0.008882914724778663,NA,NA,NA
73.5,-19.5,4549,0.009159995976963613,NA,NA,NA
74.5,-19.5,4550,0.008905217331366233,NA,NA,NA
75.5,-19.5,4551,0.008832914645798481,NA,NA,NA
76.5,-19.5,4552,0.008453902473630065,NA,NA,NA
77.5,-19.5,4553,0.008117063056033555,NA,NA,NA
78.5,-19.5,4554,0.007782281389533708,NA,NA,NA
79.5,-19.5,4555,0.009036035855525308,NA,NA,NA
80.5,-19.5,4556,0.007961527583241219,NA,NA,0.0033684367339778727
81.5,-19.5,4557,0.008059901536906736,NA,NA,0.003597628902569603
82.5,-19.5,4558,0.007141404177887163,NA,NA,0.003721137297130982
83.5,-19.5,4559,0.0070086493286055105,NA,NA,0.0035263196937143516
84.5,-19.5,4560,0.007059194106030715,NA,NA,0.0034971945493306963
85.5,-19.5,4561,0.006278572487356245,NA,NA,0.003626015157414196
86.5,-19.5,4562,0.006234423004805597,NA,NA,0.0036027118626587194
87.5,-19.5,4563,0.006025105989085018,NA,NA,0.0036204044155255105
88.5,-19.5,4564,0.006377682805929539,NA,NA,0.0034166862989299853
89.5,-19.5,4565,0.005909079936142731,NA,NA,0.0034904865096525624
90.5,-19.5,4566,0.00563128889404198,NA,0.003813711697523776,0.00344951217633263
91.5,-19.5,4567,0.005342172603146905,NA,0.004154234235999497,0.003587872584135415
92.5,-19.5,4568,0.005526015219161542,NA,0.00413991644049068,0.005318683521597645
93.5,-19.5,4569,0.005034045543824597,NA,0.004791690504844638,0.004670393610062904
94.5,-19.5,4570,0.00498011914314144,NA,0.004738898171311447,0.005007185405942968
95.5,-19.5,4571,0.006243570069248627,NA,0.004954914327707354,0.005157357510898113
96.5,-19.5,4572,0.007448203542235175,NA,0.005716340687633119,0.0055732762978108535
97.5,-19.5,4573,0.008653992374010306,NA,0.006106412340425869,0.006862726928969771
98.5,-19.5,4574,0.009679775488467704,NA,0.006831853338667438,0.006591888306487299
99.5,-19.5,4575,0.010629541426653084,NA,0.006676918131320674,0.005948468631243215
-109.5,-18.5,4611,0.08131467491954632,NA,NA,0.01082305721911714
-108.5,-18.5,4612,0.06462739822966543,NA,NA,0.009369462876756074
-107.5,-18.5,4613,0.05512705867672892,NA,NA,0.009187721992579785
-106.5,-18.5,4614,0.0522000448370546,NA,NA,0.008453250685767065
-105.5,-18.5,4615,0.05372366003387807,NA,NA,0.00825632339093239
-104.5,-18.5,4616,0.05113869614605866,NA,NA,0.008140889909288353
-103.5,-18.5,4617,0.061449281253116196,NA,NA,0.009107485335390256
-102.5,-18.5,4618,0.06138876899044077,NA,NA,0.008663824992506435
-101.5,-18.5,4619,0.052966648809326194,NA,NA,0.0079827660378622
-100.5,-18.5,4620,0.05306952230490433,NA,NA,0.007998717000312279
-99.5,-18.5,4621,0.0525546658722392,NA,NA,0.008416383191890267
-98.5,-18.5,4622,0.051126863058777845,NA,NA,0.009106682991310688
-97.5,-18.5,4623,0.05007639450379159,NA,NA,0.00963877065520451
-96.5,-18.5,4624,0.05193498398711845,NA,NA,0.010821831354546159
-95.5,-18.5,4625,0.04849391869010837,NA,NA,0.009847524113686938
-94.5,-18.5,4626,0.04531265035144289,NA,NA,0.0106695676882336
-93.5,-18.5,4627,0.04784013356377933,NA,NA,0.011983248804769099
-92.5,-18.5,4628,0.04099575572074147,NA,NA,0.011548276014136915
-91.5,-18.5,4629,0.044117999408564666,NA,NA,0.01084083410761234
-90.5,-18.5,4630,0.04157660551443162,NA,NA,0.011756823702357139
-89.5,-18.5,4631,0.03666654351998908,0.006275441603338068,0.007125003530032918,0.012705665331740747
-88.5,-18.5,4632,0.03233413788847136,0.006282720438278044,0.005466893797991873,0.012504251047018014
-87.5,-18.5,4633,0.027561798244353113,0.00666690164833409,0.009351996009145134,0.01320557887286721
-86.5,-18.5,4634,0.030280363464163677,0.007106516811977897,0.009152640103440515,0.013990394772737388
-85.5,-18.5,4635,0.03722549598642219,0.008862497860329574,0.0103533610471181,0.015402602739694923
-84.5,-18.5,4636,0.03513017623837915,0.011005373762576145,0.009800428969906589,0.017367209930474845
-83.5,-18.5,4637,0.03139961703461377,0.01174566183420074,0.009129163020011424,0.018315140791597594
-82.5,-18.5,4638,0.029894515607985735,0.012503772738247057,0.008313055963606123,0.017636108329179806
-81.5,-18.5,4639,0.0316257993458,0.015916807063983785,0.01133879043771599,0.017845397938973995
-80.5,-18.5,4640,0.026557150767867334,0.018699222452168478,0.011753567089582011,0.01795662773265783
-79.5,-18.5,4641,0.024630326993598708,0.019440322081101337,0.011578617075937768,0.018243512877922023
-78.5,-18.5,4642,0.026188064758976295,0.02013943130451079,0.01215779910550076,0.021618056207381022
-77.5,-18.5,4643,0.030825684239313526,0.018438206420709414,0.01297676984740768,0.037805641974484355
-76.5,-18.5,4644,0.04060457776862473,0.01157683856112173,0.012498351922898809,0.045159872576309504
-75.5,-18.5,4645,0.05152259850555026,0.011088310670889959,0.01277184225612308,0.051399193370213404
-74.5,-18.5,4646,0.08926814028672729,0.010377746977220364,0.01080621310664301,0.04057375922486762
-73.5,-18.5,4647,0.11474999217770553,0.011492463384483865,0.011309335523255734,0.04783347352041104
-72.5,-18.5,4648,0.0871885455036582,0.012110100597269557,0.010803597737051746,0.038688789639642576
-71.5,-18.5,4649,0.0491172875443981,0.014768798101953117,0.01297855215459595,0.046010868564487946
-70.5,-18.5,4650,0.057019130330023336,0.01707348391690505,0.01147123246810385,0.041307718257602676
-69.5,-18.5,4651,0.08869373720456131,0.02076856206029907,0.013598080652647707,0.047543881622377514
-68.5,-18.5,4652,0.1364364967581778,0.02310204906042858,0.010284181114433749,0.05637077079065396
-67.5,-18.5,4653,0.18639152341838305,0.02740039820500131,0.015292201322839611,0.07178404609266363
-66.5,-18.5,4654,0.23490180734996588,0.0354527006320623,0.018417172930249755,0.08095095357015548
-65.5,-18.5,4655,0.2598212851074678,0.04412966024166822,0.013539593828622644,0.08181624907112528
-64.5,-18.5,4656,0.30341008644540535,0.05007369989939385,0.016343614285864495,0.10676264809439989
-63.5,-18.5,4657,0.39740620384737735,0.070904879892528,0.023208649350290392,0.13280439489370832
-62.5,-18.5,4658,0.317243929717617,0.06510186877207354,0.025149879355622358,0.1670597777537504
-61.5,-18.5,4659,0.1457011898494699,0.023544510844479557,0.011351656843670972,0.05368831490949944
-60.5,-18.5,4660,0.14109008626983002,0.018340291620174073,0.013988550963977293,0.0340346435142414
-59.5,-18.5,4661,0.18606690610255427,0.01883361138030598,0.012193204119207265,0.04397084497907895
-58.5,-18.5,4662,0.25275414061566376,0.01674128943076762,0.024942061291178288,0.06888651947310259
-29.5,-18.5,4667,0.11033088552584831,0.023068204199392296,0.011537107640078181,0.058858237642299756
-28.5,-18.5,4668,0.09705215622410603,0.01913084868032719,0.009701120006408619,0.04157236751648481
-27.5,-18.5,4669,0.07086987088442975,0.014079356832267097,0.008344257285836293,0.03456329884304844
-26.5,-18.5,4670,0.07041945993206322,0.013318804167358462,0.010709863294841325,0.039265401464875685
-25.5,-18.5,4671,0.07836640134316236,0.014915718021197576,0.01168712251982762,0.04797131313140554
-24.5,-18.5,4672,0.08213007910807325,0.013937287050728466,0.008561818846763871,0.04140426734218549
-23.5,-18.5,4673,0.08408185852443416,0.016046201765102172,0.009934244090474685,0.041621903128238345
-22.5,-18.5,4674,0.07929431507723056,0.019671199786970073,0.009723230882075133,0.05237405464674953
-21.5,-18.5,4675,0.09246531663440374,0.025860987190126732,0.01274299210889415,0.05372292626599626
-20.5,-18.5,4676,0.09615088171672648,0.02801994588332056,0.01410190544551578,0.054758916266292236
-19.5,-18.5,4677,0.06660899679630342,0.018648595344636282,0.010210431123918574,0.03967219183522878
-18.5,-18.5,4678,0.07086349457018118,0.01836427860295631,0.0100115559964045,0.040666899537678255
-17.5,-18.5,4679,0.10670379761886903,0.021304284809292827,0.011169909105409742,0.04789915349479058
-16.5,-18.5,4680,0.10730122146658957,0.021162177532909,0.010584279048493524,0.05707035242920244
-15.5,-18.5,4681,0.09160593816413651,0.038284338423778395,0.011741118300469587,0.05246733393163489
-14.5,-18.5,4682,0.11015477368583416,0.028584839440608162,0.015815971886588155,0.08115889930018363
-13.5,-18.5,4683,0.1131653937506138,0.026619248786411212,0.013816840104491442,0.0723698394860632
-12.5,-18.5,4684,0.11516568146229524,0.03527626883459356,0.014532796674042586,0.09328105206145
-11.5,-18.5,4685,0.09224468897225994,0.03188180135520949,0.0179651051002513,0.10941109738443425
-10.5,-18.5,4686,0.11521096236024768,0.03298579635383491,0.018960961539879095,0.10847816598139712
0.5,-18.5,4697,0.10437925665718285,NA,0.013650760543099313,0.048135488996295946
1.5,-18.5,4698,0.12310370487291436,NA,0.016937073924232306,0.062065061276997555
2.5,-18.5,4699,0.07963006378083311,NA,0.008441457725583542,0.04231927068932951
3.5,-18.5,4700,0.16746634818548478,NA,0.007456315182607159,0.035130343103128285
4.5,-18.5,4701,0.14486314277467233,NA,0.008495785663343948,0.04782668181562907
5.5,-18.5,4702,0.13757055127573586,NA,0.010708530797842978,0.04622670432887292
6.5,-18.5,4703,0.13360412528519985,NA,0.008298332620660202,0.0395962411468767
7.5,-18.5,4704,0.15265470750950286,NA,0.007852144016828464,0.03407508845004205
8.5,-18.5,4705,0.12279811123496877,NA,0.006503616284620713,0.02811519151716149
9.5,-18.5,4706,0.1345046496952,NA,0.008015392231655724,0.04252594284730438
20.5,-18.5,4717,0.14080338995470967,0.04115403659235374,0.010489621784353472,0.035871238738748944
21.5,-18.5,4718,0.11930276328579832,0.03069271230251718,0.00816364900454461,0.02425189577880039
22.5,-18.5,4719,0.10712673046373507,0.02584752321081621,0.006420385428085495,0.019159004452148805
23.5,-18.5,4720,0.10268736727306031,0.025098003020464783,0.006180259601015779,0.020348851614349073
24.5,-18.5,4721,0.12929180201502205,0.026531547040536854,0.006195215759728293,0.022211047825793733
25.5,-18.5,4722,0.1603180016798203,0.02623663496535819,0.006188670172975057,0.024221587968798388
26.5,-18.5,4723,0.13540436422836383,0.02730722850449074,0.006389151783399347,0.03452416561860302
27.5,-18.5,4724,0.09874827428948359,0.02383716532383147,0.006226604852791319,0.032277534996468474
28.5,-18.5,4725,0.11029655840273037,0.02569845825500201,0.006605644588831878,0.034960695416446384
29.5,-18.5,4726,0.13394306365026515,0.029719149281954762,0.007978237034815601,0.04274719127140844
40.5,-18.5,4737,0.04915173012653529,0.014579756991646169,0.006965042433210448,0.02736058896291692
41.5,-18.5,4738,0.03587885709707782,0.01402794223967875,0.006557092161308718,0.018408622491687125
42.5,-18.5,4739,0.035293575422885165,0.01540141913097653,0.007839073828304408,0.01687598403775317
43.5,-18.5,4740,0.016276393617683477,0.007671234825054672,0.003880364907871397,0.007077885212534032
44.5,-18.5,4741,0.036501030270214604,0.013283806857655334,0.006962276648207132,0.014052243757093439
45.5,-18.5,4742,0.0315467365546498,0.012117640030364632,0.005413049131693051,0.010640521176514059
46.5,-18.5,4743,0.036321013076719526,0.014100640409992567,0.006634537156589607,0.011368791227007218
47.5,-18.5,4744,0.03300222273096205,0.013243377168868803,0.006123356166520195,0.01022468602084631
48.5,-18.5,4745,0.03357675932639123,0.014068213213367374,0.006256423418823528,0.010490333082861144
49.5,-18.5,4746,0.027553026651688694,0.01213678747277842,0.005514115370737005,0.008937241475098943
50.5,-18.5,4747,0.02282122295617955,0.011051500249544205,NA,0.008160025479680217
51.5,-18.5,4748,0.02139171168172846,0.010803379998678656,NA,0.008388804738399327
52.5,-18.5,4749,0.021899891664484875,0.010806525146767549,NA,0.008190226662540266
53.5,-18.5,4750,0.019351317604526082,0.009559874491652276,NA,0.008831270774157548
54.5,-18.5,4751,0.019392147180815212,0.011739072655298853,NA,0.008897363297886866
55.5,-18.5,4752,0.014842748040223726,0.009286693298272936,NA,0.007106292213238614
56.5,-18.5,4753,0.01223998390196977,0.00867654044217442,NA,0.006465451521122229
57.5,-18.5,4754,0.01347550138591516,0.008249903553188945,NA,0.006149445406990692
58.5,-18.5,4755,0.014000519141039044,0.007637555169236517,NA,0.006006401515209912
59.5,-18.5,4756,0.014148335641354688,0.006690887790578373,NA,0.005350852068360463
70.5,-18.5,4767,0.0082010230104612,NA,NA,NA
71.5,-18.5,4768,0.009568381716024883,NA,NA,NA
72.5,-18.5,4769,0.008729712348919352,NA,NA,NA
73.5,-18.5,4770,0.008359672294986176,NA,NA,NA
74.5,-18.5,4771,0.008068312987704409,NA,NA,NA
75.5,-18.5,4772,0.008402211072377373,NA,NA,NA
76.5,-18.5,4773,0.008382960456985057,NA,NA,NA
77.5,-18.5,4774,0.008317892174274026,NA,NA,NA
78.5,-18.5,4775,0.008344382804998336,NA,NA,NA
79.5,-18.5,4776,0.007658932169158949,NA,NA,NA
80.5,-18.5,4777,0.0072466154633615215,NA,NA,0.003329210116054826
81.5,-18.5,4778,0.0067197889437454516,NA,NA,0.0035556749028092015
82.5,-18.5,4779,0.006738762092743427,NA,NA,0.0035159837838709294
83.5,-18.5,4780,0.00544748364611819,NA,NA,0.003535340325577349
84.5,-18.5,4781,0.005332840256904892,NA,NA,0.003407060585554212
85.5,-18.5,4782,0.0058703504495411785,NA,NA,0.003519681766597191
86.5,-18.5,4783,0.006058188696549058,NA,NA,0.0034810740605037607
87.5,-18.5,4784,0.005767886937859023,NA,NA,0.0034296801027100467
88.5,-18.5,4785,0.005245378589033316,NA,NA,0.0033647489424543115
89.5,-18.5,4786,0.005221507310263653,NA,NA,0.00339226418162584
90.5,-18.5,4787,0.0055234179830341125,NA,0.0032448713789881615,0.0033477965680919117
91.5,-18.5,4788,0.004963030019993822,NA,0.003298486258852254,0.0034879727910651437
92.5,-18.5,4789,0.005661263013081776,NA,0.0035965799736091455,0.003613447382183413
93.5,-18.5,4790,0.006185454326312803,NA,0.0035771641911451425,0.004295871299678054
94.5,-18.5,4791,0.007011206982431489,NA,0.003597245548962503,0.004496564930519664
95.5,-18.5,4792,0.007573896868453414,NA,0.004607719517620912,0.004916802150709291
96.5,-18.5,4793,0.0078007044162227744,NA,0.004941636262602081,0.005433904799081288
97.5,-18.5,4794,0.009513766697214758,NA,0.005487738467693121,0.00652405815656939
98.5,-18.5,4795,0.009976552576358077,NA,0.0061796468427700105,0.006511230874103319
99.5,-18.5,4796,0.015307018907607889,NA,0.007702468514092144,0.010786443296098795
-109.5,-17.5,4832,0.09068297225039325,NA,NA,0.009990596256120669
-108.5,-17.5,4833,0.08240064080818359,NA,NA,0.010096812116817977
-107.5,-17.5,4834,0.0686542070122377,NA,NA,0.009143531023578825
-106.5,-17.5,4835,0.06554762650703941,NA,NA,0.009808016983145406
-105.5,-17.5,4836,0.07186040900627183,NA,NA,0.010576998341396747
-104.5,-17.5,4837,0.07114139001308273,NA,NA,0.010599903011582684
-103.5,-17.5,4838,0.06962219633863588,NA,NA,0.012018320564406796
-102.5,-17.5,4839,0.06962032066571784,NA,NA,0.010029069335119864
-101.5,-17.5,4840,0.07764289103294542,NA,NA,0.009902782770468176
-100.5,-17.5,4841,0.07629081832598829,NA,NA,0.009976156412455268
-99.5,-17.5,4842,0.07270980611650296,NA,NA,0.010539066919399626
-98.5,-17.5,4843,0.08449663525955402,NA,NA,0.010747892245863075
-97.5,-17.5,4844,0.10956537724471564,NA,NA,0.010925097018643542
-96.5,-17.5,4845,0.08893105500619486,NA,NA,0.009874059727954293
-95.5,-17.5,4846,0.07439549271077632,NA,NA,0.010133930560233333
-94.5,-17.5,4847,0.06473836144127892,NA,NA,0.011230799708182103
-93.5,-17.5,4848,0.04716422889468429,NA,NA,0.010626234077924868
-92.5,-17.5,4849,0.04432938909802782,NA,NA,0.011367067178060263
-91.5,-17.5,4850,0.039701915321522355,NA,NA,0.010405875791207308
-90.5,-17.5,4851,0.03574254569540601,NA,NA,0.011648296649512106
-89.5,-17.5,4852,0.038794759752844264,0.006296605544666817,0.009146579805693195,0.012573358168548644
-88.5,-17.5,4853,0.04112751815575247,0.00678789563387689,0.010202033250479208,0.01397372288755386
-87.5,-17.5,4854,0.04540392882352992,0.007520331812702463,0.01125394183341699,0.015387838385326938
-86.5,-17.5,4855,0.04704702376267874,0.007752659010598446,0.0099393418736979,0.0161971692638781
-85.5,-17.5,4856,0.06120382533195983,0.008686510825696587,0.009869479052688174,0.017026936998150503
-84.5,-17.5,4857,0.060019149125540315,0.011647479656181894,0.009547265959336903,0.018362206878040806
-83.5,-17.5,4858,0.05568283051427343,0.012573881462066117,0.012340292717284512,0.016550572707248905
-82.5,-17.5,4859,0.039471711545294864,0.013213049551586779,0.011216442027746966,0.01290785342806304
-81.5,-17.5,4860,0.052312505054616994,0.02367612917030395,0.012472366488706001,0.014473411423047118
-80.5,-17.5,4861,0.0343898874062195,0.019775481850186533,0.010010823816184197,0.011619533391734977
-79.5,-17.5,4862,0.04666778843822269,0.01486488874738382,0.013340737186630593,0.013033825267758054
-78.5,-17.5,4863,0.06157562365174764,0.014618149640353231,0.016121728013661712,0.01737526312870309
-77.5,-17.5,4864,0.05236463386060176,0.011709844441474054,0.013676804530696543,0.024003453495812187
-76.5,-17.5,4865,0.06291826599484895,0.012167544303715614,0.013372189534371099,0.032296422934107616
-75.5,-17.5,4866,0.08524230555264807,0.013133669170483498,0.013534031375769145,0.03704783714126582
-74.5,-17.5,4867,0.10530975733661276,0.013322495323421071,0.013132331141440077,0.0374638807531589
-73.5,-17.5,4868,0.0874822342690641,0.018539517845103652,0.01298241954698719,0.06886181043899209
-72.5,-17.5,4869,0.11067390632604483,0.017814648691094018,0.011562132932682899,0.04002378036005034
-71.5,-17.5,4870,0.11014410726483403,0.01912769347776591,0.011004137669209916,0.04246531985104368
-70.5,-17.5,4871,0.10148355219709553,0.019944523205436437,0.012520529514277935,0.05906122682539127
-69.5,-17.5,4872,0.11375256267523214,0.017775332359926614,0.012419313431596938,0.057141334684187195
-68.5,-17.5,4873,0.10007034960761425,0.02404776676636576,0.013613210815309987,0.06950952667080097
-67.5,-17.5,4874,0.15189998473876704,0.03641014785697109,0.016934335619369877,0.13641145808482677
-66.5,-17.5,4875,0.210233816655304,0.04109904604911999,0.012132661384335075,0.17353028008371432
-65.5,-17.5,4876,0.21257428088960556,0.05611330721821214,0.013114253467640611,0.22748205045099995
-64.5,-17.5,4877,0.45762000871614467,0.04250239317344648,0.01190889804933816,0.27897137906032204
-63.5,-17.5,4878,0.2863757722104058,0.034803373215571226,0.011509087116560903,0.22978619625780203
-62.5,-17.5,4879,0.37100929630392987,0.05283125022947832,0.015643334512878457,0.16947404541968358
-61.5,-17.5,4880,0.4486272756219154,0.10528635718526766,0.019910357323411555,0.15272721565217248
-60.5,-17.5,4881,0.2089907413329712,0.030543791626107857,0.015692437689178974,0.057491661601716315
-59.5,-17.5,4882,0.19078693605716252,0.021504199849907688,0.011583166590530897,0.08111864482141783
-58.5,-17.5,4883,0.041281883599098255,0.014082921502210672,0.022456242321059985,0.037261916758018515
-29.5,-17.5,4889,0.09015586176169822,0.029541718550761303,0.007198695578557994,0.0762717230152607
-28.5,-17.5,4890,0.10006823248288553,0.024370767816053872,0.014732082099339577,0.07740280565512316
-27.5,-17.5,4891,0.07872406456858438,0.022802639002945272,0.01266604213547952,0.07499189156214767
-26.5,-17.5,4892,0.08641842541368379,0.029064121155031618,0.009233153697800056,0.062372501518272325
-25.5,-17.5,4893,0.08828015852778784,0.03830175062520994,0.010376991563966043,0.05360192508214713
-24.5,-17.5,4894,0.07844153884503545,0.03461015980182634,0.009509460211134906,0.05102474232237827
-23.5,-17.5,4895,0.08714407182886491,0.04198937288414963,0.01091091970683036,0.06975154364818675
-22.5,-17.5,4896,0.0780079781365085,0.029893573755585684,0.010186869402966179,0.07039262814018438
-21.5,-17.5,4897,0.06565826849175856,0.022257785381060925,0.01027348632566026,0.05529354735832761
-20.5,-17.5,4898,0.08393985381826907,0.029200380890249053,0.01306460080135179,0.05736806421769443
-19.5,-17.5,4899,0.08239426700953935,0.02935603356804259,0.01449244473388343,0.05635119923883994
-18.5,-17.5,4900,0.07553048326937441,0.03087981572633116,0.014644958633449738,0.054331568340330545
-17.5,-17.5,4901,0.11470409416589875,0.03589855786824731,0.01660574733884502,0.06839314833467942
-16.5,-17.5,4902,0.09547583183583523,0.02828984120536442,0.013338337808899302,0.05856172306731202
-15.5,-17.5,4903,0.09339963026402805,0.029843518551814184,0.015480494610619072,0.06368959824791696
-14.5,-17.5,4904,0.09471536822059151,0.0298377641710512,0.015276265341684364,0.06876180812412586
-13.5,-17.5,4905,0.11941203225399512,0.03534791864018405,0.01618222801731826,0.10480983187311699
-12.5,-17.5,4906,0.18139202218125736,0.05741710502687333,0.01619788230088483,0.17580407831141265
-11.5,-17.5,4907,0.10740623966528046,0.05645918690908827,0.016405634419070406,0.08084852248703335
-10.5,-17.5,4908,0.10838096356461185,0.04718936314718304,0.017160964206784767,0.11061195551565882
0.5,-17.5,4919,0.1574385480781771,NA,0.018405560087213887,0.0743453673008751
1.5,-17.5,4920,0.15765285095038337,NA,0.027600260199152505,0.07800247088518673
2.5,-17.5,4921,0.10900752195521729,NA,0.012625976793197486,0.03864292414729575
3.5,-17.5,4922,0.14786401326323131,NA,0.010185477161387709,0.03349449808163344
4.5,-17.5,4923,0.1687265336247659,NA,0.0074605344567096775,0.028529338720691473
5.5,-17.5,4924,0.1546829522642874,NA,0.007942122152825882,0.02585772481315115
6.5,-17.5,4925,0.16183215487894234,NA,0.008161237938674277,0.0289102423196668
7.5,-17.5,4926,0.1867962104366378,NA,0.009016368987207393,0.03679698789452412
8.5,-17.5,4927,0.17036759093931605,NA,0.007656716847249741,0.029529411796360757
9.5,-17.5,4928,0.15080110377833983,NA,0.0075072840295936855,0.053230437776427914
20.5,-17.5,4939,0.09071311103740187,0.022707945536468474,0.0069563200229971625,0.020384674709876625
21.5,-17.5,4940,0.10638188665387069,0.02393857054798675,0.008041569760385113,0.02121344504414987
22.5,-17.5,4941,0.09791358412729903,0.023149339268145594,0.007613802430991001,0.021686835465272367
23.5,-17.5,4942,0.09603423967558605,0.023076816934332185,0.007326979795921905,0.022138444285651048
24.5,-17.5,4943,0.10688792454162054,0.025541515018759404,0.00729190023259555,0.02410399685891991
25.5,-17.5,4944,0.19228510422139491,0.041833521220652536,0.009161089043839825,0.05071759224523996
26.5,-17.5,4945,0.15784305536778453,0.031242343365066646,0.008911034478223352,0.05254544665993676
27.5,-17.5,4946,0.11929199985463647,0.02897873298689391,0.007280702727077034,0.03727080587285636
28.5,-17.5,4947,0.14503745021362663,0.034997618463034064,0.00937215176531511,0.060345078774520666
29.5,-17.5,4948,0.09772297998617877,0.02624947456100499,0.006392784006537141,0.0511906653541808
40.5,-17.5,4958,0.032644647855687575,0.01816923888078259,0.007977439197484745,0.018591994386129143
41.5,-17.5,4959,0.03803289773907844,0.023702686049098948,0.011414387548229417,0.02999124531155655
42.5,-17.5,4960,0.032446950790679156,0.01937669337189761,0.008576481025040812,0.01906458466628718
43.5,-17.5,4961,0.031627907266361076,0.019045839932443794,0.007685169221508009,0.019435501912543
44.5,-17.5,4962,0.0344846995552854,0.018111097577375238,0.007322658078529333,0.01960817026415304
45.5,-17.5,4963,0.03431174582160416,0.016040625722510797,0.00679689566360689,0.019931004781378464
46.5,-17.5,4964,0.03583845770562089,0.016634257152297237,0.006995508406603676,0.017453131841589052
47.5,-17.5,4965,0.032691655105431115,0.015802429366879103,0.005753767158520895,0.014257750797651776
48.5,-17.5,4966,0.030588384371166306,0.01584745438643112,0.006559412573613789,0.012827628937687127
49.5,-17.5,4967,0.025452285904884835,0.015006573664893757,0.003323199286092822,0.010112491552269821
50.5,-17.5,4968,0.024230619592902715,0.01576058352876406,NA,0.009449280782970007
51.5,-17.5,4969,0.02082785707566048,0.01295062097225603,NA,0.008967302059150441
52.5,-17.5,4970,0.018718977152024106,0.012153490535689152,NA,0.008111814678631559
53.5,-17.5,4971,0.02078922761676281,0.014458444465466829,NA,0.009742926014793136
54.5,-17.5,4972,0.016265402280209614,0.010450421384313536,NA,0.008310851573333252
55.5,-17.5,4973,0.015547622187820086,0.009988212494071887,NA,0.008394651797683993
56.5,-17.5,4974,0.017985296519817208,0.01320724615586113,NA,0.009339267659363335
57.5,-17.5,4975,0.016106744990445,0.010490889936864011,NA,0.00796201636154908
58.5,-17.5,4976,0.01795884893117607,0.010521379741233095,NA,0.008274206540915425
59.5,-17.5,4977,0.016692022033769998,0.00901426234021604,NA,0.00699296468116821
70.5,-17.5,4988,0.008413582188900145,NA,NA,NA
71.5,-17.5,4989,0.009231400157732075,NA,NA,NA
72.5,-17.5,4990,0.0083729691412858,NA,NA,NA
73.5,-17.5,4991,0.00819972285472553,NA,NA,NA
74.5,-17.5,4992,0.008911869708626362,NA,NA,NA
75.5,-17.5,4993,0.008331440616786574,NA,NA,NA
76.5,-17.5,4994,0.008633516218658044,NA,NA,NA
77.5,-17.5,4995,0.008009725485990332,NA,NA,NA
78.5,-17.5,4996,0.00726906973729682,NA,NA,NA
79.5,-17.5,4997,0.006912002578996495,NA,NA,NA
80.5,-17.5,4998,0.00694731867616102,NA,NA,0.003297368295650717
81.5,-17.5,4999,0.005917224600877989,NA,NA,0.0033555748687803533
82.5,-17.5,5000,0.005224944193565155,NA,NA,0.0032631792956833413
83.5,-17.5,5001,0.005208141819078858,NA,NA,0.0032391560318190647
84.5,-17.5,5002,0.005320990269338837,NA,NA,0.0031518510594779046
85.5,-17.5,5003,0.005057745273656365,NA,NA,0.0032078726113090993
86.5,-17.5,5004,0.005436643202107999,NA,NA,0.003496198190810032
87.5,-17.5,5005,0.005274524531552514,NA,NA,0.0034180970313554947
88.5,-17.5,5006,0.004902102792697069,NA,NA,0.003240537858143682
89.5,-17.5,5007,0.004769990781798044,NA,NA,0.0035254943846606025
90.5,-17.5,5008,0.004948684200796673,NA,0.003413520845795787,0.0035316722415066355
91.5,-17.5,5009,0.006147383710959787,NA,0.0034145022531645174,0.00357933027804899
92.5,-17.5,5010,0.006391291681783925,NA,0.0035002414615750146,0.0037396737882115813
93.5,-17.5,5011,0.006757131653724868,NA,0.0036924400998667394,0.003886362836771763
94.5,-17.5,5012,0.007749036028172721,NA,0.0040075766914633585,0.005408230123477134
95.5,-17.5,5013,0.008617759839504626,NA,0.005531244991084645,0.005249146403775812
96.5,-17.5,5014,0.007840731117585974,NA,0.005153126677481445,0.005686073996881316
97.5,-17.5,5015,0.010117438952298443,NA,0.005560743846448419,0.008701628116999021
98.5,-17.5,5016,0.013205634821352768,NA,0.007534516167095673,0.013381622559035885
99.5,-17.5,5017,0.01726691346547825,NA,0.011325023385677802,0.012593548820997879
-109.5,-16.5,5051,0.11391100337121628,NA,NA,0.011213898917446395
-108.5,-16.5,5052,0.10838399855031536,NA,NA,0.011702287912197065
-107.5,-16.5,5053,0.10808194643100934,NA,NA,0.010379387976663792
-106.5,-16.5,5054,0.09564398244394869,NA,NA,0.009902866913308835
-105.5,-16.5,5055,0.08701966811691095,NA,NA,0.009578421018050502
-104.5,-16.5,5056,0.08368254882791831,NA,NA,0.010037715613513663
-103.5,-16.5,5057,0.11163956037631571,NA,NA,0.010514371788982735
-102.5,-16.5,5058,0.09847315050437526,NA,NA,0.011772015107310978
-101.5,-16.5,5059,0.10700600855531406,NA,NA,0.01286069205533633
-100.5,-16.5,5060,0.10351844156373846,NA,NA,0.011892980119824417
-99.5,-16.5,5061,0.08594885573135923,NA,NA,0.013796597859662337
-98.5,-16.5,5062,0.077081481460291,NA,NA,0.012349152244346566
-97.5,-16.5,5063,0.0734345313294661,NA,NA,0.010743250211048445
-96.5,-16.5,5064,0.06432497115043184,NA,NA,0.00962071827659984
-95.5,-16.5,5065,0.06109772151212133,NA,NA,0.010259179912993716
-94.5,-16.5,5066,0.04348573708905402,NA,NA,0.010503130192527766
-93.5,-16.5,5067,0.045152792148977494,NA,NA,0.011425296962723312
-92.5,-16.5,5068,0.03739060948275431,NA,NA,0.011373180606498935
-91.5,-16.5,5069,0.037058376967860636,NA,NA,0.012115144562253401
-90.5,-16.5,5070,0.03771314682605894,NA,NA,0.012949252373824795
-89.5,-16.5,5071,0.039618065388931256,0.008034219602389167,0.008784134213910727,0.013316234760179818
-88.5,-16.5,5072,0.04504735969281535,0.008715985111493123,0.008579771447910054,0.014138283690820267
-87.5,-16.5,5073,0.04840784186875969,0.009457387558826425,0.00889269297295921,0.011338742716263192
-86.5,-16.5,5074,0.05788835957583193,0.010964423551983703,0.0102402647518113,0.012264456485442719
-85.5,-16.5,5075,0.05571198869853045,0.01346262830605857,0.010407173856344883,0.01302433066727184
-84.5,-16.5,5076,0.07702900200302726,0.021011271947974818,0.013425698035019256,0.015084000663756177
-83.5,-16.5,5077,0.06401186460020028,0.022444375934218844,0.011591375948991947,0.01619359312678338
-82.5,-16.5,5078,0.062547559492871,0.02620392937532047,0.011710248143186023,0.018593877336668577
-81.5,-16.5,5079,0.06401780021018465,0.019576923926740687,0.012406557953402309,0.0207003359493376
-80.5,-16.5,5080,0.0657655046074014,0.017569529974066737,0.009366719016575658,0.018977381089416337
-79.5,-16.5,5081,0.060831565620732164,0.015643226465840716,0.012938523235935228,0.018977254697106136
-78.5,-16.5,5082,0.0721792347179446,0.019477192967177603,0.01828182240778288,0.01992304214047101
-77.5,-16.5,5083,0.1227437814214951,0.0180865623152951,0.015349504944353092,0.015661168058729302
-76.5,-16.5,5084,0.07498192327378105,0.018825789853034937,0.01542131522959936,0.018428612303423648
-75.5,-16.5,5085,0.10062152844239562,0.027081298109164254,0.015759163824253176,0.019266297958933996
-74.5,-16.5,5086,0.13121182604129697,0.01925583840384361,0.015988167921325413,0.027359393070559575
-73.5,-16.5,5087,0.14147311426624484,0.019415097310083153,0.016595004074846497,0.03338332997573975
-72.5,-16.5,5088,0.14076428236142077,0.020717828284794456,0.016693761322213462,0.045852609082587314
-71.5,-16.5,5089,0.10498444443665524,0.016060578625212468,0.01209901374729538,0.033621871987312375
-70.5,-16.5,5090,0.13291159922241247,0.020425020208726857,0.012676711000234379,0.05749949076484625
-69.5,-16.5,5091,0.1380900910996184,0.024665959745665447,0.014264986602658371,0.06730084310997136
-68.5,-16.5,5092,0.13778431145385073,0.02352869619624023,0.013373981972949332,0.07652631203262707
-67.5,-16.5,5093,0.24543447314465996,0.03260407928085092,0.01837444503138981,0.1699017903238577
-66.5,-16.5,5094,0.25158203956171654,0.043541562187614805,0.01454857817371592,0.34493564362710316
-65.5,-16.5,5095,0.20278867040762846,0.03986324827224033,0.012301434183366586,0.27708770979985886
-64.5,-16.5,5096,0.3158637401788521,0.06430189148598095,0.016482654927438896,0.2783716009909171
-63.5,-16.5,5097,0.3364349345595398,0.06482082701211966,0.01793313335383712,0.33330023840924144
-62.5,-16.5,5098,0.45964016309136885,0.0750670375889444,0.023089183591906294,0.3691933450535366
-61.5,-16.5,5099,0.5052429361774288,0.06891348027383754,0.01745994440550042,0.38803021982296204
-60.5,-16.5,5100,0.5908574131177096,0.08967726802024446,0.029009964493572,0.2466138660087929
-59.5,-16.5,5101,0.25887979384050985,0.05042247432313733,0.025436631664377353,0.10834887143110047
-58.5,-16.5,5102,0.23634131004213801,0.03031633733989831,0.016347229647161076,0.049778662026862805
-57.5,-16.5,5103,0.3779103670866224,0.06727271780615882,0.03363919300052837,0.0396086162773164
-29.5,-16.5,5111,0.20792460206712968,0.04071396013818692,0.02206626530248637,0.14688528578513238
-28.5,-16.5,5112,0.16133829049375364,0.03642400209926855,0.01799411589636971,0.15290386671968234
-27.5,-16.5,5113,0.09759118768732236,0.02428760126078333,0.012422228061399783,0.11324091895778264
-26.5,-16.5,5114,0.09672328749735,0.030314877500743565,0.012553577647519201,0.10478942741005008
-25.5,-16.5,5115,0.09845213624187045,0.023909921496553826,0.012145952622353353,0.08999937695899674
-24.5,-16.5,5116,0.07104017256063794,0.024119257586740172,0.009893104863005145,0.06745219892083618
-23.5,-16.5,5117,0.0733405709729628,0.022073788482023904,0.011845941333607925,0.08800792744950037
-22.5,-16.5,5118,0.059559910047668314,0.021294526997895982,0.012911301009286022,0.08496782821658028
-21.5,-16.5,5119,0.05563744071980607,0.0201462649988666,0.010567171485989051,0.061575533028354
-20.5,-16.5,5120,0.06531767000267524,0.023713723000140133,0.01011830093731551,0.0557249893753874
-19.5,-16.5,5121,0.08404368690343468,0.028563914876197603,0.014191468091743698,0.05609840684366971
-18.5,-16.5,5122,0.08954250534889134,0.02875885781481442,0.015250941164355165,0.06524863785547029
-17.5,-16.5,5123,0.0862013840122715,0.029362629172704005,0.017386155918702694,0.05899880710842233
-16.5,-16.5,5124,0.10992032661332536,0.03117052632232261,0.016631648420594367,0.06082149391614207
-15.5,-16.5,5125,0.123510731176655,0.035040224368625895,0.01642703847555804,0.0610565262916646
-14.5,-16.5,5126,0.16026779006453568,0.05244447400676835,0.020496995239067714,0.07143038185063928
-13.5,-16.5,5127,0.18776358791608988,0.0806323363696438,0.024166933311003187,0.12489123948048385
-11.5,-16.5,5128,0.2978246873883,0.07900086194761527,0.02667667386465064,0.1901298501469194
-10.5,-16.5,5129,0.138708792176822,0.06590887462476562,0.02107904961688025,0.1105307962825417
0.5,-16.5,5139,0.3216854354753674,NA,0.02778466134684578,0.2726143113634765
1.5,-16.5,5140,0.09805057606355944,NA,0.0150204737857944,0.05109949715381054
2.5,-16.5,5141,0.0781168052702401,NA,0.016121920574046038,0.03791301907273215
3.5,-16.5,5142,0.15848639816180662,NA,0.013024242397977687,0.025990707635659274
4.5,-16.5,5143,0.17288477801695828,NA,0.013869930137622109,0.037474625773975076
5.5,-16.5,5144,0.17650801477089345,NA,0.013753166878031426,0.029170832817029965
6.5,-16.5,5145,0.1460636306450928,NA,0.018841737138504927,0.026473014812671766
7.5,-16.5,5146,0.11038126158672211,NA,0.010445998187238651,0.023844982821339167
8.5,-16.5,5147,0.10173871696757286,NA,0.010568721868836952,0.029142814253147388
9.5,-16.5,5148,0.10645703770005266,NA,0.011128116317309904,0.03482769773075746
20.5,-16.5,5159,0.04947861352169233,0.018216209371703138,0.011195972212081804,0.02910333767991922
21.5,-16.5,5160,0.05319937483673359,0.0187684755266773,0.011568747598681898,0.030165515278694783
22.5,-16.5,5161,0.056386560072685235,0.01906614450890312,0.011039816458426445,0.029281197435326332
23.5,-16.5,5162,0.06065481104753977,0.020273853480279453,0.012606581895109879,0.031084082609170515
24.5,-16.5,5163,0.06227377492111805,0.020585083018882983,0.010997211703177094,0.04029118218652092
25.5,-16.5,5164,0.0680493807220092,0.031999940686594223,0.013402331743356111,0.05452269128468462
26.5,-16.5,5165,0.06739903459680262,0.03555807275210839,0.010022668864318882,0.056629090823225973
27.5,-16.5,5166,0.05880013107902056,0.04789030318695098,0.009747010887710406,0.06664665238846311
28.5,-16.5,5167,0.029250474168344604,0.03056367326617251,0.007697607851202101,0.05947670426663971
29.5,-16.5,5168,0.048536599986514085,0.03666729848369562,0.01037971197250183,0.10254066351528003
40.5,-16.5,5179,0.026610899535635783,0.020916070676203075,0.008749285038082215,0.021405188712975375
41.5,-16.5,5180,0.03148699133084998,0.021270028553623494,0.00881544871747967,0.021546915285793618
42.5,-16.5,5181,0.03665561022456194,0.023175122379067378,0.00982089455675849,0.02160294891633334
43.5,-16.5,5182,0.03380849995660796,0.022397182508874312,0.008394154386764519,0.020830877457424162
44.5,-16.5,5183,0.03520867972821715,0.02191080992316825,0.008242796674778867,0.020575248788583023
45.5,-16.5,5184,0.034671161248925976,0.02234910697415206,0.007847346419941535,0.02063469303755129
46.5,-16.5,5185,0.03549568148591688,0.0213267033136242,0.007773681161256466,0.023172577658960247
47.5,-16.5,5186,0.03406620165449664,0.021432731580084997,0.007740858837916425,0.022521737876119607
48.5,-16.5,5187,0.031638496900295486,0.019556878213531557,0.006875097590906213,0.015740385265439968
49.5,-16.5,5188,0.02850985557809465,0.018831774984153102,0.006162061488693471,0.014659340520013229
50.5,-16.5,5189,0.027526729506884257,0.016620166964620233,NA,0.01305774216744394
51.5,-16.5,5190,0.021809961857616446,0.016587257303858273,NA,0.010344101728881344
52.5,-16.5,5191,0.021624863441222702,0.0161894708708375,NA,0.011498679660390117
53.5,-16.5,5192,0.020824946405847214,0.0172949783837247,NA,0.01065239768789386
54.5,-16.5,5193,0.015005924300820582,0.013883814513438264,NA,0.008436971295942414
55.5,-16.5,5194,0.01598661937693603,0.012444223222882033,NA,0.010443170034892176
56.5,-16.5,5195,0.01861519709832462,0.01315724690970898,NA,0.00914899641732329
57.5,-16.5,5196,0.01728819869471061,0.010890204949162853,NA,0.008242969393040658
58.5,-16.5,5197,0.01898312320775465,0.011011948953032093,NA,0.007947163861323372
59.5,-16.5,5198,0.019964483809593446,0.010912847573296714,NA,0.008387121139360312
70.5,-16.5,5209,0.008099857967699454,NA,NA,NA
71.5,-16.5,5210,0.00958123326653708,NA,NA,NA
72.5,-16.5,5211,0.009218134945154078,NA,NA,NA
73.5,-16.5,5212,0.00878395370504674,NA,NA,NA
74.5,-16.5,5213,0.00875394817699019,NA,NA,NA
75.5,-16.5,5214,0.007928527609199579,NA,NA,NA
76.5,-16.5,5215,0.008856903155317798,NA,NA,NA
77.5,-16.5,5216,0.008193423167775285,NA,NA,NA
78.5,-16.5,5217,0.006606644064097302,NA,NA,NA
79.5,-16.5,5218,0.006134550739002666,NA,NA,NA
80.5,-16.5,5219,0.006409225855163935,NA,NA,0.003441131747720873
81.5,-16.5,5220,0.0063800204378371425,NA,NA,0.0035059091435799728
82.5,-16.5,5221,0.0057982100347751565,NA,NA,0.003222688236333123
83.5,-16.5,5222,0.006186369513335829,NA,NA,0.003222277346342919
84.5,-16.5,5223,0.006167045629755552,NA,NA,0.0031239777814483605
85.5,-16.5,5224,0.005240170773288183,NA,NA,0.00319334380228083
86.5,-16.5,5225,0.004941792709444266,NA,NA,0.003248449031745558
87.5,-16.5,5226,0.005182277508550363,NA,NA,0.0038338341369982807
88.5,-16.5,5227,0.004698639648094997,NA,NA,0.003397690102360099
89.5,-16.5,5228,0.004707282754871259,NA,NA,0.0036134958000071716
90.5,-16.5,5229,0.006923339751932246,NA,0.003361058924066888,0.0037541736898973623
91.5,-16.5,5230,0.006475213320455709,NA,0.0035958049951789464,0.0037756304741668155
92.5,-16.5,5231,0.006807218346983725,NA,0.003781130172231909,0.004242408685523063
93.5,-16.5,5232,0.007630925923440649,NA,0.004042378844392403,0.004026432500730335
94.5,-16.5,5233,0.0069553178928337895,NA,0.004339659518601815,0.006990816773452305
95.5,-16.5,5234,0.00767006216295363,NA,0.0040762789257650185,0.006421040794234904
96.5,-16.5,5235,0.008650458925380702,NA,0.005344715614397514,0.008174502523601593
97.5,-16.5,5236,0.011478943002580474,NA,0.009143158274043332,0.014041472464450718
98.5,-16.5,5237,0.012687255485927536,NA,0.014167955686026301,0.013296921861263874
99.5,-16.5,5238,0.017528277362167402,NA,0.015945243087028448,0.016567663161128475
-109.5,-15.5,5271,0.09445746390176209,NA,NA,0.01514852438921081
-108.5,-15.5,5272,0.08961048339587067,NA,NA,0.014705481480432003
-107.5,-15.5,5273,0.07825891784181434,NA,NA,0.01149122154314775
-106.5,-15.5,5274,0.0718413266422151,NA,NA,0.011498693948295722
-105.5,-15.5,5275,0.08114960393131067,NA,NA,0.0116295154159685
-104.5,-15.5,5276,0.0706999229645473,NA,NA,0.012138939291343258
-103.5,-15.5,5277,0.07225773083352112,NA,NA,0.013409621651411139
-102.5,-15.5,5278,0.07246610323739104,NA,NA,0.014882796002584835
-101.5,-15.5,5279,0.08179142754973107,NA,NA,0.015082763478237027
-100.5,-15.5,5280,0.06569274747286119,NA,NA,0.014970299676075176
-99.5,-15.5,5281,0.06302458966187867,NA,NA,0.015737946471705663
-98.5,-15.5,5282,0.05246069735927626,NA,NA,0.014278155263348743
-97.5,-15.5,5283,0.04747963618873897,NA,NA,0.012129294225389749
-96.5,-15.5,5284,0.04220213217118504,NA,NA,0.011084439665806165
-95.5,-15.5,5285,0.04240344052149469,NA,NA,0.012592018817106974
-94.5,-15.5,5286,0.036901218143321105,NA,NA,0.011346739030025286
-93.5,-15.5,5287,0.032953221697465916,NA,NA,0.009598045163855352
-92.5,-15.5,5288,0.035475745617168146,NA,NA,0.009940334447390887
-91.5,-15.5,5289,0.03696387061016082,NA,NA,0.009973941314052824
-90.5,-15.5,5290,0.046581524656649734,NA,NA,0.015139038181961592
-89.5,-15.5,5291,0.04934966967903808,0.012687554411256791,0.008382045724214873,0.014549406146459385
-88.5,-15.5,5292,0.052696954962163436,0.01271028631984186,0.009097581509688405,0.01541217763092948
-87.5,-15.5,5293,0.05690978969210518,0.0166597705384625,0.010888770479631445,0.02006689711269709
-86.5,-15.5,5294,0.07837767470264402,0.024755943452297906,0.012213972309742275,0.02179252193944625
-85.5,-15.5,5295,0.07957069993266365,0.032535090556965934,0.011480331870138052,0.018078118516386174
-84.5,-15.5,5296,0.08659041736549924,0.03422618264451262,0.011762412914486023,0.019151384849587727
-83.5,-15.5,5297,0.09474771647737669,0.02441696259701712,0.012446881607840498,0.030501985788317396
-82.5,-15.5,5298,0.07813334133152,0.025171534225511744,0.01419013443721908,0.027752689124810985
-81.5,-15.5,5299,0.10887879847358192,0.03037158657764525,0.0222512127792278,0.026169700298152243
-80.5,-15.5,5300,0.1020775589723982,0.0236984436605501,0.01748288648035139,0.02312423145112843
-79.5,-15.5,5301,0.12215579789167087,0.023482694881688367,0.017327780687787064,0.027323431514014077
-78.5,-15.5,5302,0.10707424410486094,0.0209772409930452,0.01547696809781293,0.019792081999262245
-77.5,-15.5,5303,0.10333838773339782,0.02219716438605697,0.01657347696512555,0.018908544667993
-76.5,-15.5,5304,0.11659054846287696,0.023665697190734785,0.019180300576073575,0.018568761710647797
-75.5,-15.5,5305,0.13184810925880358,0.02613942728901653,0.016690925422088887,0.02112947244594064
-74.5,-15.5,5306,0.11516441276634455,0.028375300662008135,0.01698514614834478,0.0210471274044092
-73.5,-15.5,5307,0.11486171034717313,0.027813257585895753,0.017053763332620438,0.02207842349450152
-72.5,-15.5,5308,0.14285583085028916,0.026919305868396127,0.01627378090467828,0.03402788751862906
-71.5,-15.5,5309,0.10481269138384065,0.023235118301145365,0.013903271939409236,0.041667135278692556
-70.5,-15.5,5310,0.10901510017258742,0.023083671151600517,0.01400307078428761,0.05390446680865739
-69.5,-15.5,5311,0.09752865370200287,0.02425774873156177,0.014519356618153208,0.08068538394013881
-68.5,-15.5,5312,0.1112339660381609,0.02283872273529852,0.009880967852794785,0.08430547835216326
-67.5,-15.5,5313,0.13923138312850403,0.025643156743543685,0.011831248028026521,0.13456928084662884
-66.5,-15.5,5314,0.1787704487509944,0.03127391933557848,0.013555653761859672,0.1836315044857633
-65.5,-15.5,5315,0.26674495419153493,0.05436579331726132,0.014857038167747954,0.29054410630986477
-64.5,-15.5,5316,0.39367343530770926,0.05006857196171097,0.019478037867017357,0.2922912910743857
-63.5,-15.5,5317,0.4274554167516275,0.06470957758716284,0.018868697489440703,0.2992588240278053
-62.5,-15.5,5318,0.5337228744363047,0.07421407640088191,0.02397290224109661,0.36795714723385037
-61.5,-15.5,5319,0.5361913300021768,0.07750668420338148,0.021822808032154105,0.4243388148777825
-60.5,-15.5,5320,0.5471062493142126,0.0656855180177728,0.028810676229504006,0.4085418218501343
-59.5,-15.5,5321,0.5118908236511612,0.1762235044271399,0.04302319873054323,0.4012656683506643
-58.5,-15.5,5322,0.13233700962792397,0.05156061446883322,0.014980226736620174,0.08291934151974131
-57.5,-15.5,5323,0.14841617107721655,0.03851712115510018,0.021102979039042128,0.06201376883157081
-56.5,-15.5,5324,0.2857047003555984,0.1299656835635707,0.06158518841448646,0.16436189849150704
-29.5,-15.5,5335,0.15981233047398133,0.04677115031683688,0.017623687433495287,0.20291182326004173
-28.5,-15.5,5336,0.1440448022510333,0.039376271038193904,0.017672987845553354,0.15953492002694422
-27.5,-15.5,5337,0.12739434677756364,0.03860790855508795,0.01834050545668743,0.1420749557865481
-26.5,-15.5,5338,0.15752964413482073,0.04474257305565663,0.01944078687449939,0.1499264074911735
-25.5,-15.5,5339,0.14648506435063374,0.038408714983984446,0.013545504319030111,0.11847888832050929
-24.5,-15.5,5340,0.11199391028285319,0.032091742407861466,0.012735170785930953,0.09106579151347294
-23.5,-15.5,5341,0.09908759732252911,0.031158145810531206,0.01126818081107956,0.0802309498691665
-22.5,-15.5,5342,0.12048141450900078,0.02774025463155603,0.012720187901603435,0.06922138359248757
-21.5,-15.5,5343,0.16666151741244487,0.029555441485577906,0.01547565664869119,0.07219414926962943
-20.5,-15.5,5344,0.17160313330161878,0.028291285759550283,0.016607132521181255,0.0687481134422482
-19.5,-15.5,5345,0.15826479591727552,0.03751925070163498,0.02126766231342366,0.09233044192469214
-18.5,-15.5,5346,0.12839544084993915,0.036369208220524654,0.020819381127634477,0.07820511229025714
-17.5,-15.5,5347,0.13597380743985338,0.047514289465650686,0.019798080605803292,0.07836585966166108
-16.5,-15.5,5348,0.14406962923226307,0.06007784583341698,0.02512086221801669,0.0871695973221872
-15.5,-15.5,5349,0.23198474545336062,0.06212446949649564,0.03515692778278333,0.10351000546857922
-14.5,-15.5,5350,0.18314963000513834,0.06613940663544236,0.037521883198388256,0.14153973773784173
-13.5,-15.5,5351,0.16631637097119584,0.07106815463958906,0.05415387890304117,0.21994462163698336
-12.5,-15.5,5352,0.23584176325330153,0.130748731406014,0.05613264825163971,0.37770642081381106
-11.5,-15.5,5353,0.1889957976946929,0.08387809891662334,0.02801119493483636,0.17986285132677063
-10.5,-15.5,5354,0.16260707687831097,0.05855466566041973,0.02155089582135592,0.10305126095814585
0.5,-15.5,5365,0.10524881558518423,NA,0.015607250882759474,0.05564580149232737
1.5,-15.5,5366,0.08281583599724876,NA,0.015137242741616978,0.07006724023784133
2.5,-15.5,5367,0.0639940392891646,NA,0.01651321571393147,0.03449703704960649
3.5,-15.5,5368,0.08397955558575732,NA,0.015333338155812401,0.02996179328226045
4.5,-15.5,5369,0.09682538401914147,NA,0.016181490793843938,0.03903092402435416
5.5,-15.5,5370,0.15134717199287426,NA,0.01242077451996875,0.0241744947357116
6.5,-15.5,5371,0.13334026019144687,NA,0.014095103251972042,0.027364929386648525
7.5,-15.5,5372,0.1263063787931416,NA,0.012214890837732119,0.04135270431743982
8.5,-15.5,5373,0.15296804218378196,NA,0.01512675045014581,0.04489077056702446
9.5,-15.5,5374,0.18036347899813718,NA,0.015222008373561158,0.047750943869027423
20.5,-15.5,5385,0.0966573709257011,0.021909432641421513,0.010885284438247574,0.02726310793232839
21.5,-15.5,5386,0.08051350346442883,0.022052735212283976,0.010946519562761428,0.027424023684622798
22.5,-15.5,5387,0.08540846118280676,0.022191780414077298,0.012551051091532218,0.032094554313796486
23.5,-15.5,5388,0.07891987043717538,0.02805667169042622,0.0120451611294484,0.029474564133811266
24.5,-15.5,5389,0.08462570117009482,0.041098120420905555,0.014722390324477891,0.04057517998588452
25.5,-15.5,5390,0.06688559414024842,0.030894151263816817,0.016045303830152166,0.04637760737801162
26.5,-15.5,5391,0.064838268097809,0.033417968145081314,0.015386129848811079,0.04222294478207147
27.5,-15.5,5392,0.05577518048128552,0.02837574630657204,0.014467649376359783,0.04257605679534353
28.5,-15.5,5393,0.058225279462845905,0.0319095393185125,0.012641979764445557,0.039757774103819365
29.5,-15.5,5394,0.06695167091103904,0.032922219695504074,0.012012529895540658,0.04605018759543914
40.5,-15.5,5405,0.02669124392924709,0.025964600463000524,0.009455675484509062,0.03526070956326197
41.5,-15.5,5406,0.03211079207172271,0.028114966366186427,0.00964196203928183,0.03133258749238483
42.5,-15.5,5407,0.037899750785345,0.02839204600658321,0.01066486944711543,0.028720716272893434
43.5,-15.5,5408,0.03839288487420227,0.02851361310776217,0.009607404738448918,0.026845950304997916
44.5,-15.5,5409,0.03835297318052503,0.028647923962618064,0.009330600265178334,0.0280277150056782
45.5,-15.5,5410,0.036487738403258,0.02961612995315094,0.009202579596218655,0.027580880839072508
46.5,-15.5,5411,0.040019999768230584,0.028806416149502773,0.008933290009308592,0.02653300906161108
47.5,-15.5,5412,0.0351633053915888,0.024445104842081584,0.008175131155148882,0.022435189251640727
48.5,-15.5,5413,0.02907273960154226,0.02180050350422723,0.008803414214934413,0.01978473424868249
49.5,-15.5,5414,0.027716868156724354,0.019021615173385818,0.007221880660266012,0.015552480275831556
50.5,-15.5,5415,0.025320239729680238,0.017787393054974916,NA,0.015151752310964281
51.5,-15.5,5416,0.02354567988759626,0.017591319461664624,NA,0.01330156307944667
52.5,-15.5,5417,0.027552719924206378,0.0150510782932215,NA,0.011450304666881557
53.5,-15.5,5418,0.02475446894158567,0.019196844689799507,NA,0.011604485015624307
54.5,-15.5,5419,0.024103122301605866,0.019479082681844388,NA,0.01184950316417066
55.5,-15.5,5420,0.020956373269337972,0.016357414960313958,NA,0.01149824875737097
56.5,-15.5,5421,0.02011852981800052,0.012841926931168398,NA,0.010422627395433693
57.5,-15.5,5422,0.021809818329362726,0.014125011958833311,NA,0.015264116509802196
58.5,-15.5,5423,0.02047721510466898,0.012466496906876796,NA,0.010867406565346188
59.5,-15.5,5424,0.021705720632275844,0.011116973474443804,NA,0.008948743659659837
70.5,-15.5,5435,0.00732621574424398,NA,NA,NA
71.5,-15.5,5436,0.007590156453601171,NA,NA,NA
72.5,-15.5,5437,0.008228306344662635,NA,NA,NA
73.5,-15.5,5438,0.010181616288426428,NA,NA,NA
74.5,-15.5,5439,0.008942585039630812,NA,NA,NA
75.5,-15.5,5440,0.007535054923853262,NA,NA,NA
76.5,-15.5,5441,0.007535294121454907,NA,NA,NA
77.5,-15.5,5442,0.007966614444403679,NA,NA,NA
78.5,-15.5,5443,0.007881179791089085,NA,NA,NA
79.5,-15.5,5444,0.006069332354753582,NA,NA,NA
80.5,-15.5,5445,0.005517364265519604,NA,NA,0.0027688276815318507
81.5,-15.5,5446,0.007202997435046109,NA,NA,0.0029914974193125748
82.5,-15.5,5447,0.005184519191958254,NA,NA,0.00275195606166043
83.5,-15.5,5448,0.004956801832631329,NA,NA,0.0028658838800457854
84.5,-15.5,5449,0.004969025674903101,NA,NA,0.002994614270717001
85.5,-15.5,5450,0.004884173690513816,NA,NA,0.0032253869289040962
86.5,-15.5,5451,0.004820436590044394,NA,NA,0.003734866277378425
87.5,-15.5,5452,0.004851023725106925,NA,NA,0.003495789649339638
88.5,-15.5,5453,0.004864487083211444,NA,NA,0.0037278363593758667
89.5,-15.5,5454,0.006429210662215356,NA,NA,0.003772450110439935
90.5,-15.5,5455,0.006269591413505162,NA,0.00339379639757607,0.003961049395420454
91.5,-15.5,5456,0.007045210643779211,NA,0.0033515929215109505,0.003945342363083442
92.5,-15.5,5457,0.007822506624941543,NA,0.00348667252054427,0.004142629182817835
93.5,-15.5,5458,0.006650553165744067,NA,0.003460228605541884,0.0046930016854585515
94.5,-15.5,5459,0.007711793867076481,NA,0.004222390866132792,0.007131357626882784
95.5,-15.5,5460,0.00907403243822762,NA,0.003977311177293889,0.010048452454687721
96.5,-15.5,5461,0.012106828764218987,NA,0.009220819288106004,0.016999757113853826
97.5,-15.5,5462,0.016792405571978582,NA,0.013929566203103268,0.015904506798416863
98.5,-15.5,5463,0.0198300371289755,NA,0.01173018720493574,0.01336552041138671
99.5,-15.5,5464,0.026234028666875738,NA,0.016844986528806397,0.019229144276798227
-109.5,-14.5,5497,0.09020439536764897,NA,NA,0.01486936804547499
-108.5,-14.5,5498,0.07763942802431907,NA,NA,0.015052396108209812
-107.5,-14.5,5499,0.07858336470583795,NA,NA,0.017965909090767455
-106.5,-14.5,5500,0.06339937600480061,NA,NA,0.015583950846615131
-105.5,-14.5,5501,0.060500737075588853,NA,NA,0.014277004323698958
-104.5,-14.5,5502,0.05551998547818125,NA,NA,0.014694752884729599
-103.5,-14.5,5503,0.05452323506278401,NA,NA,0.016326142493409523
-102.5,-14.5,5504,0.04918977386021246,NA,NA,0.016665127495929966
-101.5,-14.5,5505,0.054460931085935464,NA,NA,0.016925596648159267
-100.5,-14.5,5506,0.053892920211619864,NA,NA,0.018744738636107042
-99.5,-14.5,5507,0.05312966129252162,NA,NA,0.01722539191499813
-98.5,-14.5,5508,0.05034429294034339,NA,NA,0.015620665653736262
-97.5,-14.5,5509,0.04818832524992734,NA,NA,0.015701043196334207
-96.5,-14.5,5510,0.048448295541986756,NA,NA,0.016549061291842533
-95.5,-14.5,5511,0.051527989721415444,NA,NA,0.019636647610048644
-94.5,-14.5,5512,0.035206295064806645,NA,NA,0.018974623463442475
-93.5,-14.5,5513,0.03717589397178941,NA,NA,0.014262887251610387
-92.5,-14.5,5514,0.04118498670508683,NA,NA,0.014807384065419114
-91.5,-14.5,5515,0.045573149366624016,NA,NA,0.016763942219331487
-90.5,-14.5,5516,0.05210501333448412,NA,NA,0.01738864213054448
-89.5,-14.5,5517,0.051182863768071574,0.01760775265670022,0.008984737251266386,0.01906281946283293
-88.5,-14.5,5518,0.05907031189585634,0.02575815023797541,0.00916804765909067,0.027684697933019534
-87.5,-14.5,5519,0.06656345064384636,0.02109139625653826,0.010586440466315523,0.02171851919966679
-86.5,-14.5,5520,0.07562004830630951,0.01947696057886488,0.012987294780049155,0.01591441304725718
-85.5,-14.5,5521,0.09960146018446163,0.022424703918043465,0.02026644710290998,0.01622498669829036
-84.5,-14.5,5522,0.15317625565050227,0.02740507665338004,0.021845478708577244,0.019267992845194676
-83.5,-14.5,5523,0.14887692924188997,0.02685740094605928,0.021407690693534254,0.017465677660157764
-82.5,-14.5,5524,0.1772459860709849,0.028531675350797762,0.025517194117335825,0.017453731689027255
-81.5,-14.5,5525,0.148713081497233,0.02825991710673956,0.022727206252710287,0.016531648249931568
-80.5,-14.5,5526,0.17863823039364907,0.028065802300093423,0.02171688751473259,0.017594403783503607
-79.5,-14.5,5527,0.20681713793972312,0.033099297485137597,0.023268918419622548,0.018786727716696774
-78.5,-14.5,5528,0.1435213043901286,0.02495374947123031,0.01601202395683006,0.019572995579411456
-77.5,-14.5,5529,0.15935872116396793,0.023978850546005372,0.016024654204166783,0.02240257445034929
-76.5,-14.5,5530,0.17111351540126832,0.031060341113483894,0.019834125757278484,0.027946425349516985
-75.5,-14.5,5531,0.1935502496932002,0.04578245676089717,0.03137248251907138,0.04309960830839102
-74.5,-14.5,5532,0.14004928110500722,0.03408775042372414,0.020718886755470883,0.033556998524842126
-73.5,-14.5,5533,0.10023732755700544,0.029213050328596554,0.01609627986084695,0.03085899582810599
-72.5,-14.5,5534,0.10103487832439208,0.027645506352982418,0.010425939467747409,0.03493451567259753
-71.5,-14.5,5535,0.10873717248749183,0.02458427112462701,0.009650872471670003,0.044101732467081545
-70.5,-14.5,5536,0.12321370991802122,0.022141739819810543,0.009288321478915517,0.05304583009896391
-69.5,-14.5,5537,0.13452022188917237,0.03590473407139229,0.011117296707661059,0.06382984128115889
-68.5,-14.5,5538,0.11291667628305613,0.020921845523147048,0.009738744139127434,0.06206721309853953
-67.5,-14.5,5539,0.16153201458984778,0.03708788281373349,0.013178776815958112,0.13571399199651873
-66.5,-14.5,5540,0.19343114414094734,0.04391012088736799,0.01629368688889095,0.19442211909546084
-65.5,-14.5,5541,0.21337854725890762,0.044838111876341694,0.0172484221365756,0.26023058060507576
-64.5,-14.5,5542,0.3040368193012431,0.05967641082941948,0.022140729887428663,0.3791692796519257
-63.5,-14.5,5543,0.3696484003480817,0.06628382069083773,0.02294586714457137,0.2908609773044539
-62.5,-14.5,5544,0.4244130361590714,0.07701960665052428,0.03211642510934853,0.2823182728686235
-61.5,-14.5,5545,0.39327897423086183,0.09445211698584317,0.022118018343170325,0.2850810509304012
-60.5,-14.5,5546,0.540430359712919,0.10258394920597672,0.02321779258642869,0.42665861083310924
-59.5,-14.5,5547,0.45315001462294363,0.13216757961195735,0.03202017231988046,0.44035422123119006
-58.5,-14.5,5548,0.6233843476858337,0.17685510404402582,0.06813506384673407,0.5474282360420631
-57.5,-14.5,5549,0.2633110365266686,0.03306334995462217,0.022483089606818878,0.07814339104427206
-56.5,-14.5,5550,0.18023326948818041,0.02748019304421057,0.030634052980747235,0.05181126667418093
-55.5,-14.5,5551,0.1936089563846718,0.028690061696166634,0.0646744537072353,0.19385439841845584
-54.5,-14.5,5552,0.06851559663773737,0.01705270949152966,0.02361525048853271,0.07602623377495829
-29.5,-14.5,5564,0.1869484429135488,0.048802711596060984,0.01763616993928725,0.1962317779863539
-28.5,-14.5,5565,0.17693981996649388,0.04711974761008248,0.016307625673990793,0.1798124682675088
-27.5,-14.5,5566,0.18278120213458973,0.052184547116180466,0.019780132817756476,0.13636315728378018
-26.5,-14.5,5567,0.22886463204190685,0.053276933296643965,0.018099815997991677,0.11848441472503611
-25.5,-14.5,5568,0.16855624850103157,0.046715220229661805,0.01770095209384889,0.09325097197119306
-24.5,-14.5,5569,0.1426378879444956,0.03977834049438365,0.016987187056710887,0.06653312683084861
-23.5,-14.5,5570,0.15289934903040425,0.038335944946572484,0.01717678379767945,0.06984788534923952
-22.5,-14.5,5571,0.15823615380813746,0.0439339715653228,0.019372564765289473,0.08056536038856317
-21.5,-14.5,5572,0.14053585710255218,0.040553553696908294,0.022599439737054288,0.0866237464076366
-20.5,-14.5,5573,0.1300628821706902,0.03485452342998276,0.019454446779996235,0.08906367701899091
-19.5,-14.5,5574,0.1543625407425839,0.041878151600119824,0.0246752484300023,0.08343615484171496
-18.5,-14.5,5575,0.1375682428128768,0.04460049685630532,0.026461098939475153,0.07953536934211984
-17.5,-14.5,5576,0.13491124306398106,0.04977084116657584,0.029421665421539452,0.09341556525435536
-16.5,-14.5,5577,0.15045414733927562,0.05386561144247624,0.03277453375573679,0.0954817192433522
-15.5,-14.5,5578,0.16141297423059497,0.053693955489736656,0.029337679639403074,0.139114709378724
-14.5,-14.5,5579,0.18911681818534706,0.07430988709134197,0.027526178081443066,0.19221065787752842
-13.5,-14.5,5580,0.49550306692180646,0.14002840920761947,0.05045135205559487,0.4119080158410498
-12.5,-14.5,5581,0.22938064922859752,0.1045700528429356,0.04006724586862923,0.32119962832172205
-11.5,-14.5,5582,0.1737080378358436,0.08187708786951627,0.035872839158546235,0.18594974594282665
-10.5,-14.5,5583,0.16427754255013077,0.05933686411951122,0.022466986299276643,0.12306532913593579
0.5,-14.5,5594,0.12124234980223819,NA,0.019370220781033946,0.05255182197378346
1.5,-14.5,5595,0.07638462131901019,NA,0.02018744181084723,0.05058696165028044
2.5,-14.5,5596,0.10247438377311432,NA,0.024189126214366145,0.04943572146033674
3.5,-14.5,5597,0.07262504708239571,NA,0.013131034739675038,0.052140333223206596
4.5,-14.5,5598,0.08057977011308053,NA,0.014459732412074667,0.06425324373897585
5.5,-14.5,5599,0.0546710768628695,NA,0.012948685989058531,0.04066856139092674
6.5,-14.5,5600,0.04398283099920442,NA,0.014746837017834368,0.04114764321982825
7.5,-14.5,5601,0.06461107850888263,NA,0.01791629932478698,0.045213208394043955
8.5,-14.5,5602,0.04294247584218051,NA,0.01612178881815586,0.03778926559405903
9.5,-14.5,5603,0.061917134387280734,NA,0.016134282748674813,0.03760155764098361
20.5,-14.5,5614,0.042652295233784686,0.024537782235484463,0.013915954962356997,0.022804594433655304
21.5,-14.5,5615,0.04649382256456253,0.03516590840796957,0.014039838633716276,0.023607059172989768
22.5,-14.5,5616,0.05575097306104483,0.026478166988127716,0.015227535347065172,0.024726813442664204
23.5,-14.5,5617,0.053509802841309816,0.0214957288313203,0.014631187368078643,0.024918403255989596
24.5,-14.5,5618,0.03886770519928117,0.017887996302955303,0.014058738202602065,0.026170921500034243
25.5,-14.5,5619,0.037929017265055175,0.01995474656223111,0.015834961580175746,0.030664044057902323
26.5,-14.5,5620,0.03748554790349203,0.021439071010420172,0.014124766333384081,0.030259771986836093
27.5,-14.5,5621,0.03507874761975331,0.02046925051588092,0.013183610389344767,0.029782893040029273
28.5,-14.5,5622,0.03529832220145313,0.020620998472994596,0.013021480156810745,0.030950430743421256
29.5,-14.5,5623,0.03686822829927781,0.022568142899331747,0.013202814162425833,0.030724078846800448
40.5,-14.5,5634,0.029223725268996966,0.028768174516741414,0.014449847896807241,0.03327349382556625
41.5,-14.5,5635,0.03281170425807006,0.03070056881010079,0.012396708603074378,0.03469814050506107
42.5,-14.5,5636,0.033082452427876156,0.030473468551511906,0.011683936847206368,0.03221922713666794
43.5,-14.5,5637,0.037894067721900175,0.02734640358442995,0.011540523746371118,0.028132286972746043
44.5,-14.5,5638,0.039644829931876686,0.028052910798513356,0.011593839588412886,0.029411197029393155
45.5,-14.5,5639,0.03632612368295696,0.02763750733117974,0.01024146376145787,0.0315322899077853
46.5,-14.5,5640,0.03334388747658941,0.027294929813404048,0.010159038236376396,0.03039738766456427
47.5,-14.5,5641,0.04074978536462605,0.02569182338954694,0.00945974192498908,0.030552999951181072
48.5,-14.5,5642,0.03282999120883929,0.02710371205752285,0.00843569596666731,0.025925107556947873
49.5,-14.5,5643,0.030129796324318652,0.020235851362058552,0.007437524639072413,0.022239731037108842
50.5,-14.5,5644,0.02722182739400352,0.017222276128797478,NA,0.01614025992941075
51.5,-14.5,5645,0.026635120640721644,0.016630916419658644,NA,0.015936931948435845
52.5,-14.5,5646,0.03383173750618554,0.01982320357762866,NA,0.015890001008930742
53.5,-14.5,5647,0.028836324050764913,0.01981864542062593,NA,0.01429104880224814
54.5,-14.5,5648,0.02286234393663995,0.017787544961792676,NA,0.011445615043398851
55.5,-14.5,5649,0.024085006168500827,0.020498081651989297,NA,0.011663248585096203
56.5,-14.5,5650,0.024656616755768825,0.017734965439141995,NA,0.013244252960546325
57.5,-14.5,5651,0.023884092941424042,0.014385830886211889,NA,0.011180051314597792
58.5,-14.5,5652,0.02171562865791555,0.013201594160374424,NA,0.008183451201552783
59.5,-14.5,5653,0.02023416204331692,0.011602629560389703,NA,0.007812393213030511
70.5,-14.5,5664,0.007410303797598652,NA,NA,NA
71.5,-14.5,5665,0.0073788809379070645,NA,NA,NA
72.5,-14.5,5666,0.007525741675469157,NA,NA,NA
73.5,-14.5,5667,0.008746875112370833,NA,NA,NA
74.5,-14.5,5668,0.008265832498641972,NA,NA,NA
75.5,-14.5,5669,0.008303501499250006,NA,NA,NA
76.5,-14.5,5670,0.008923067847589778,NA,NA,NA
77.5,-14.5,5671,0.00871403123812552,NA,NA,NA
78.5,-14.5,5672,0.0072894130614502796,NA,NA,NA
79.5,-14.5,5673,0.0071074640424625204,NA,NA,NA
80.5,-14.5,5674,0.006977722632817128,NA,NA,0.003553082127632418
81.5,-14.5,5675,0.005416213655354505,NA,NA,0.002979305951938597
82.5,-14.5,5676,0.005071823408227822,NA,NA,0.003223384756688194
83.5,-14.5,5677,0.004855673843765162,NA,NA,0.0031323067410239627
84.5,-14.5,5678,0.00494388319734746,NA,NA,0.0031886263482743837
85.5,-14.5,5679,0.0054102235743726974,NA,NA,0.003736262412867529
86.5,-14.5,5680,0.004799220795817108,NA,NA,0.0036568643922888
87.5,-14.5,5681,0.004822163532943696,NA,NA,0.003926537017463363
88.5,-14.5,5682,0.006448363476468749,NA,NA,0.003989647027214458
89.5,-14.5,5683,0.006719341422821242,NA,NA,0.004230025593577542
90.5,-14.5,5684,0.00851029280116853,NA,0.00344824401999199,0.0043130136513352
91.5,-14.5,5685,0.00884478429309949,NA,0.003499688192591781,0.004619572473244851
92.5,-14.5,5686,0.007069842771778292,NA,0.0034675237143141284,0.004305318222325958
93.5,-14.5,5687,0.007810360402953966,NA,0.0038418350447704227,0.005401341197793468
94.5,-14.5,5688,0.008796023511997705,NA,0.0037524123351577662,0.00826333529281651
95.5,-14.5,5689,0.011272264941166173,NA,0.00644482577480154,0.01768643301782973
96.5,-14.5,5690,0.016326235072715987,NA,0.013626078609164535,0.013412933099531746
97.5,-14.5,5691,0.017079640033997635,NA,0.012238126204224643,0.011913907815933085
98.5,-14.5,5692,0.026034318997671595,NA,0.014123136138046393,0.01683816565572176
99.5,-14.5,5693,0.03477883349832519,NA,0.01661293017318637,0.021346342650826147
-109.5,-13.5,5725,0.08791679256992133,NA,NA,0.01802908107186432
-108.5,-13.5,5726,0.08163484721604226,NA,NA,0.017523290478910686
-107.5,-13.5,5727,0.09338103057442178,NA,NA,0.02514465167427892
-106.5,-13.5,5728,0.08361248017647412,NA,NA,0.020839972409539723
-105.5,-13.5,5729,0.06700171393628684,NA,NA,0.02023631531218793
-104.5,-13.5,5730,0.050134324675041336,NA,NA,0.021201086473056206
-103.5,-13.5,5731,0.0504436809745044,NA,NA,0.021558232457441772
-102.5,-13.5,5732,0.04821877781722061,NA,NA,0.02149417787756044
-101.5,-13.5,5733,0.045338376848898194,NA,NA,0.021591535868970228
-100.5,-13.5,5734,0.04654002196666762,NA,NA,0.02116957344350073
-99.5,-13.5,5735,0.05515098971995475,NA,NA,0.01810651288290663
-98.5,-13.5,5736,0.05111937350099976,NA,NA,0.015705765709358357
-97.5,-13.5,5737,0.051387142699084266,NA,NA,0.014558627563791357
-96.5,-13.5,5738,0.048985920765507576,NA,NA,0.015778129520859777
-95.5,-13.5,5739,0.053886380848917365,NA,NA,0.014189876005409096
-94.5,-13.5,5740,0.06187653555568469,NA,NA,0.01749653560795482
-93.5,-13.5,5741,0.056688257764961364,NA,NA,0.016061763110048102
-92.5,-13.5,5742,0.0645331433601341,NA,NA,0.016998251486935134
-91.5,-13.5,5743,0.06083799838154309,NA,NA,0.01358564460056566
-90.5,-13.5,5744,0.07236048204814698,NA,NA,0.01820518424692811
-89.5,-13.5,5745,0.08410030254450658,0.014912751402822038,0.01506101466600817,0.026933178795178103
-88.5,-13.5,5746,0.10326560436810772,0.01850620315363242,0.01845208802199499,0.021873715069480944
-87.5,-13.5,5747,0.1166340508051247,0.02086575861111562,0.019831533075576627,0.018339781631346485
-86.5,-13.5,5748,0.13203102310171422,0.023589324983248842,0.02182977715112935,0.01879274361126095
-85.5,-13.5,5749,0.1586443137430339,0.02862156426606186,0.025970522436088314,0.02105432146682839
-84.5,-13.5,5750,0.13769896873257106,0.0276345286892057,0.019792851586913546,0.020870248104085627
-83.5,-13.5,5751,0.13441531516726127,0.02997445026122996,0.02189245708239023,0.020123120031429995
-82.5,-13.5,5752,0.12167863399866964,0.03152272044992156,0.02123853136317481,0.02005070827195753
-81.5,-13.5,5753,0.13405036451000502,0.032661119557928345,0.019192517049269376,0.020077367176529616
-80.5,-13.5,5754,0.16741817361129577,0.04000773329342174,0.023175405332575352,0.026966933494846287
-79.5,-13.5,5755,0.1619800038114217,0.04102213038374244,0.015876918230667506,0.037669932562777717
-78.5,-13.5,5756,0.14491957413698486,0.04051411978055757,0.015172079932641268,0.0377270985355099
-77.5,-13.5,5757,0.13851031300666503,0.04322695537954759,0.023253739199444966,0.033449201681495365
-76.5,-13.5,5758,0.13390469836182972,0.037077457849880556,0.013907097191803925,0.028054128730453046
-75.5,-13.5,5759,0.16192972689167479,0.04693683140467762,0.016712308093961216,0.03768107012610508
-74.5,-13.5,5760,0.14555494155236928,0.03459456320817524,0.01832072127143254,0.03378611041779117
-73.5,-13.5,5761,0.14927840487230767,0.030483514629005743,0.01927206516840442,0.04021005300501322
-72.5,-13.5,5762,0.15792017864644176,0.02976717825290625,0.019237817128404208,0.05129794630904978
-71.5,-13.5,5763,0.1714914603755145,0.038876321783969,0.014363356523737448,0.0643016895436011
-70.5,-13.5,5764,0.16260719855953776,0.03554977109765869,0.011381862072280934,0.058592010259042995
-69.5,-13.5,5765,0.13576664809444028,0.03273988457564319,0.010452593804112802,0.06287568380971592
-68.5,-13.5,5766,0.16039966794145777,0.033851583721430066,0.012230226766120084,0.08723184728619039
-67.5,-13.5,5767,0.19383382955901107,0.03892783528102183,0.017014325363775448,0.13042905650669392
-66.5,-13.5,5768,0.2506347034092958,0.051056632000736304,0.021684812076862663,0.25196284524984414
-65.5,-13.5,5769,0.32748181259516584,0.07261316098181775,0.03178556363848417,0.3016928737988113
-64.5,-13.5,5770,0.32376206239873195,0.07845150017083699,0.03291465596122327,0.29469152418791783
-63.5,-13.5,5771,0.3760204291224305,0.09815023467288451,0.03753165151072735,0.29768009071104495
-62.5,-13.5,5772,0.4453334560316482,0.107394529317333,0.044434946204299025,0.35759358279533904
-61.5,-13.5,5773,0.45593632445620014,0.10407703287863411,0.04325710191389851,0.34363905096446934
-60.5,-13.5,5774,0.3689190039958914,0.1025513084142869,0.03960066896480764,0.3321339345403613
-59.5,-13.5,5775,0.3902148486197112,0.10868589170512193,0.04099878794973979,0.43158220496151495
-58.5,-13.5,5776,0.3165983914808758,0.0959667418984143,0.04020502804249515,0.3859359007163194
-57.5,-13.5,5777,0.5254880601916876,0.1146519889277994,0.08828050937200589,0.4915135567503354
-56.5,-13.5,5778,0.20556712474159822,0.04029146005104987,0.050348985256246266,0.2706609539846764
-55.5,-13.5,5779,0.13493139443499846,0.030068909793031316,0.021479709815045673,0.1516104103102861
-54.5,-13.5,5780,0.13060268700752783,0.029581358679745446,0.03469179431549019,0.1509271155185008
-53.5,-13.5,5781,0.38678050875125713,0.03450070880219889,0.03976271459066155,0.1325225447630652
-52.5,-13.5,5782,0.43272812744486033,0.04370824454813679,0.05165057785184489,0.17491610128038823
-51.5,-13.5,5783,0.21634404815265867,0.0427325571455052,0.03852074082363434,0.19414780811333993
-50.5,-13.5,5784,0.35779455377187214,0.08400009304435997,0.046119265692425845,0.3454867925300806
-29.5,-13.5,5797,0.15079600866360748,0.05018243593661051,0.0207393368238002,0.17729823759350719
-28.5,-13.5,5798,0.21798750954493104,0.048243107475876956,0.0188780316900407,0.16152573441980836
-27.5,-13.5,5799,0.28671093674771747,0.04357165227647851,0.018983480044900955,0.16055365741150635
-26.5,-13.5,5800,0.20823081353489917,0.04356573758940223,0.025883782182337896,0.12229219085374905
-25.5,-13.5,5801,0.17711547292827248,0.03537576069137591,0.023956168804254874,0.07368203268058757
-24.5,-13.5,5802,0.1574805333915576,0.038329065592851194,0.027045223534467838,0.08212066476138263
-23.5,-13.5,5803,0.1340472223123249,0.03432899484449123,0.02287372628378087,0.062065445498027665
-22.5,-13.5,5804,0.15621142358749696,0.03770522454062541,0.024513956984900127,0.07108166625187053
-21.5,-13.5,5805,0.19734482361385491,0.047825217621607,0.0218851072001138,0.08560555154990071
-20.5,-13.5,5806,0.20082893733841276,0.051873510188647824,0.026918123586744103,0.0849656206775826
-19.5,-13.5,5807,0.17731181851145392,0.0549904961387901,0.03510828538583511,0.07962525381675417
-18.5,-13.5,5808,0.1735317161072014,0.055792445953642404,0.03625436896557343,0.0749448902541463
-17.5,-13.5,5809,0.21971398821622712,0.054512429515834473,0.03379255681025307,0.08170577109267986
-16.5,-13.5,5810,0.2103033256932765,0.056425315929188334,0.02951019555047461,0.12724958233280986
-15.5,-13.5,5811,0.3212973017154993,0.056387034588866417,0.026113821485598328,0.14826715152232214
-14.5,-13.5,5812,0.20956990328610395,0.0669223265426853,0.027591241239428094,0.249077933710319
-13.5,-13.5,5813,0.2807568905580395,0.13453009895836723,0.058584204857852186,0.30639588979718996
-12.5,-13.5,5814,0.16587462257557486,0.086694163005011,0.04347112083485611,0.21413011700137588
-11.5,-13.5,5815,0.1629998871720283,0.0896508909987181,0.03787973164801788,0.23452882813995746
-10.5,-13.5,5816,0.15472769612560497,0.07179281003689923,0.025330184296031823,0.1561774540430297
0.5,-13.5,5827,0.15093011847455892,NA,0.01725764966150022,0.036837447543347196
1.5,-13.5,5828,0.09504816637527591,NA,0.018630235373505,0.04561544920278689
2.5,-13.5,5829,0.08198784190635496,NA,0.024029938203326124,0.03511026051598085
3.5,-13.5,5830,0.0721573600023866,NA,0.02069040695358463,0.03659213583558607
4.5,-13.5,5831,0.06357788005247633,NA,0.021566124870441926,0.04198830851013797
5.5,-13.5,5832,0.04695651358243868,NA,0.01835541150828871,0.04028264613467932
6.5,-13.5,5833,0.04349918337114322,NA,0.02078401344561197,0.06496040793794243
8.5,-13.5,5834,0.07883644922703563,NA,0.01981523630109697,0.04114213664669286
9.5,-13.5,5835,0.02642192121426737,NA,0.019708609480423796,0.03564798301528902
20.5,-13.5,5846,0.03651771530024862,0.0324581616242465,0.015591515638903755,0.027693574196974248
21.5,-13.5,5847,0.037045953738377914,0.027146933337086274,0.016037758966480183,0.028542982711547732
22.5,-13.5,5848,0.04445195480052835,0.02968702185158333,0.015753088691293018,0.03213864502726387
23.5,-13.5,5849,0.03816473330748638,0.025523570993339153,0.017227436554793994,0.029085073258434214
24.5,-13.5,5850,0.03635877874901055,0.02660008474431104,0.01839449403415943,0.029934572681326512
25.5,-13.5,5851,0.03109748226232526,0.02602546899551251,0.0183279583603022,0.03148252031404123
26.5,-13.5,5852,0.029489268882907805,0.02600794274088141,0.01852416166798687,0.03272794760248884
27.5,-13.5,5853,0.028076309506763496,0.02460534322290089,0.016818664437886082,0.03455887411930562
28.5,-13.5,5854,0.034398862720352544,0.027254919098740255,0.020856551380693682,0.042774602809081734
29.5,-13.5,5855,0.033492508902683404,0.022689819680094488,0.01970134822433861,0.03821532660377637
40.5,-13.5,5866,0.03398446302648521,0.02973490340825197,0.019855652844381802,0.04200781772118789
41.5,-13.5,5867,0.03230693763654777,0.034367079928488066,0.019682468928324405,0.04103766284574756
42.5,-13.5,5868,0.039710983735708694,0.038533488585032846,0.019283782595034285,0.03910215766648558
43.5,-13.5,5869,0.045754188414442384,0.03712582453403732,0.015348391440258465,0.040632927834467196
44.5,-13.5,5870,0.04516237964927376,0.03404903139891861,0.014464235593076588,0.03580322555114916
45.5,-13.5,5871,0.05050971125804848,0.0331308685561085,0.012877974513980888,0.03294597442497947
46.5,-13.5,5872,0.04919640873758638,0.03118823479966676,0.010808120385176527,0.028040988806238034
47.5,-13.5,5873,0.03958922869540863,0.03105296095735692,0.01091220193705603,0.02648216998348391
48.5,-13.5,5874,0.034856043297920435,0.027693022812922376,0.008290323550584549,0.023286128198345284
49.5,-13.5,5875,0.033064686902682175,0.028918891443146036,0.006731645209078832,0.01932257632801331
50.5,-13.5,5876,0.03259705222983897,0.0232766202128395,NA,0.013578531078691057
51.5,-13.5,5877,0.030639369293541344,0.022143975863935166,NA,0.011696932622406704
52.5,-13.5,5878,0.028530116068305522,0.020737242562439962,NA,0.011900469009971522
53.5,-13.5,5879,0.023660524763295165,0.021708597861555382,NA,0.010719216172367835
54.5,-13.5,5880,0.02044409773028053,0.020235828153499107,NA,0.010826729137254597
55.5,-13.5,5881,0.022272717991843265,0.01887099963530009,NA,0.00933950919152718
56.5,-13.5,5882,0.022179728649152245,0.01825226258914917,NA,0.007653330770618639
57.5,-13.5,5883,0.020799341648161926,0.01545488720188683,NA,0.006679918835558345
58.5,-13.5,5884,0.018193935928050103,0.013053389880083179,NA,0.006596641551116674
59.5,-13.5,5885,0.016068629940291585,0.010770424137721514,NA,0.006022678302159762
70.5,-13.5,5896,0.007422766099738934,NA,NA,NA
71.5,-13.5,5897,0.0073487002286033035,NA,NA,NA
72.5,-13.5,5898,0.008071551150998611,NA,NA,NA
73.5,-13.5,5899,0.009110581235334704,NA,NA,NA
74.5,-13.5,5900,0.00868755530123538,NA,NA,NA
75.5,-13.5,5901,0.007942613827872922,NA,NA,NA
76.5,-13.5,5902,0.0074851392812811494,NA,NA,NA
77.5,-13.5,5903,0.007246467286244416,NA,NA,NA
78.5,-13.5,5904,0.00715217389286402,NA,NA,NA
79.5,-13.5,5905,0.006967616290827944,NA,NA,NA
80.5,-13.5,5906,0.007200483572182575,NA,NA,0.0037905135153748636
81.5,-13.5,5907,0.006634482869771844,NA,NA,0.0036638886586520623
82.5,-13.5,5908,0.006852695476891535,NA,NA,0.0037073053331025214
83.5,-13.5,5909,0.005617577252454746,NA,NA,0.00320219750859589
84.5,-13.5,5910,0.006550356340017665,NA,NA,0.0037258059230516863
85.5,-13.5,5911,0.005923878804028268,NA,NA,0.0035726710722622877
86.5,-13.5,5912,0.007705034464855285,NA,NA,0.004030375054157959
87.5,-13.5,5913,0.009218135355057578,NA,NA,0.00417436994690137
88.5,-13.5,5914,0.008428053813876287,NA,NA,0.003917385896436523
89.5,-13.5,5915,0.009661694056396629,NA,NA,0.0040328609049216
90.5,-13.5,5916,0.010085139730252652,NA,0.0037315602609101677,0.0042156845229135995
91.5,-13.5,5917,0.010029703338044439,NA,0.0035011419519181885,0.004922652100951371
92.5,-13.5,5918,0.009402919791913475,NA,0.003666372759796126,0.006178748097530696
93.5,-13.5,5919,0.010256641142625866,NA,0.003971248784647513,0.010818728242947618
94.5,-13.5,5920,0.0120666883982017,NA,0.0044672951361270676,0.008824342462546687
95.5,-13.5,5921,0.01764963729675476,NA,0.015310029349172239,0.016236825166562278
96.5,-13.5,5922,0.014144636549050448,NA,0.011384376501778364,0.011797901888022778
97.5,-13.5,5923,0.01602019133127833,NA,0.011153589710895718,0.014521723916757243
98.5,-13.5,5924,0.02970698779424753,NA,0.015448232047364884,0.01933418853485381
99.5,-13.5,5925,0.02855650807845671,NA,0.017484193642290428,0.022739548941095884
-109.5,-12.5,5958,0.13558489059968942,NA,NA,0.034310899210941694
-108.5,-12.5,5959,0.14724087011439443,NA,NA,0.03099538233775384
-107.5,-12.5,5960,0.11952797144921395,NA,NA,0.035324273561437726
-106.5,-12.5,5961,0.10949609078088199,NA,NA,0.03302744048951831
-105.5,-12.5,5962,0.10644607384310699,NA,NA,0.029172317021228508
-104.5,-12.5,5963,0.07887767580578699,NA,NA,0.026858138299834335
-103.5,-12.5,5964,0.06935721625324959,NA,NA,0.025077659924618974
-102.5,-12.5,5965,0.060307733382297356,NA,NA,0.02332184814580409
-101.5,-12.5,5966,0.054077945062727145,NA,NA,0.023067065104912726
-100.5,-12.5,5967,0.05080043265679662,NA,NA,0.019949291951242096
-99.5,-12.5,5968,0.050011235308107145,NA,NA,0.02078974463188485
-98.5,-12.5,5969,0.04694664611408685,NA,NA,0.02182038175791035
-97.5,-12.5,5970,0.05502493269501042,NA,NA,0.02163165764630118
-96.5,-12.5,5971,0.0440142366092984,NA,NA,0.016491645136575236
-95.5,-12.5,5972,0.042765631679965596,NA,NA,0.015994984364218045
-94.5,-12.5,5973,0.04790033150553998,NA,NA,0.014534228453618807
-93.5,-12.5,5974,0.056130516170873834,NA,NA,0.01652138786370376
-92.5,-12.5,5975,0.0588400927483878,NA,NA,0.01597958113194719
-91.5,-12.5,5976,0.05782654985032314,NA,NA,0.014231974264590502
-90.5,-12.5,5977,0.06507254870720193,NA,NA,0.01652567032841805
-89.5,-12.5,5978,0.07471518245477081,0.01832122152456332,0.022262976519990655,0.016881847292646163
-88.5,-12.5,5979,0.09125410219256298,0.02204011692046728,0.02582298910582239,0.018008072629553763
-87.5,-12.5,5980,0.1187362731632381,0.04877715829568581,0.04044021157864239,0.02552389855732964
-86.5,-12.5,5981,0.11511687025996269,0.042376596366403535,0.03134570168697141,0.02487065169744908
-85.5,-12.5,5982,0.10652458979450372,0.03912763696066629,0.02412341664551059,0.023204519757046203
-84.5,-12.5,5983,0.11857179908921282,0.04664967836331418,0.02537090309839947,0.026747325649541548
-83.5,-12.5,5984,0.13054032651190312,0.04199118318121434,0.026061432793437932,0.028179583407687423
-82.5,-12.5,5985,0.1465921807409829,0.05500325042151101,0.03298367337274135,0.03632639907464319
-81.5,-12.5,5986,0.13390420353841537,0.044683499610309825,0.03510833867417661,0.02625167927099697
-80.5,-12.5,5987,0.13498571372041096,0.05582626788264276,0.028702341065701846,0.027036901568787425
-79.5,-12.5,5988,0.12656286987765225,0.07034837375569143,0.01836616352942083,0.025946200944403218
-78.5,-12.5,5989,0.13620790984757877,0.048707800214787975,0.020035400147971578,0.026130620711425724
-77.5,-12.5,5990,0.1535798088410538,0.043357885064545375,0.02282935971021198,0.027534751940922645
-76.5,-12.5,5991,0.18387008888729775,0.051165311604188315,0.031630133611246634,0.03266181708611484
-75.5,-12.5,5992,0.1678367481811179,0.05474437691459992,0.030575871283908804,0.05172593362654756
-74.5,-12.5,5993,0.1706241532699805,0.049483099551253025,0.030235544936354844,0.05721391711796719
-73.5,-12.5,5994,0.20149555716053832,0.04068442034434358,0.03105329009726352,0.06079168606196266
-72.5,-12.5,5995,0.23001396107977162,0.0845038127079126,0.034977348125355634,0.07980761673179994
-71.5,-12.5,5996,0.204127159692206,0.06482332648129352,0.021338996017522885,0.0582288270964954
-70.5,-12.5,5997,0.250032477515393,0.07260622195047184,0.02188932830005421,0.07168059407608807
-69.5,-12.5,5998,0.20811317470882096,0.06735789621711953,0.01943961651327849,0.075341222547834
-68.5,-12.5,5999,0.2006392727001533,0.06412342551414328,0.017763590578286397,0.07553836113122289
-67.5,-12.5,6000,0.2730866653469333,0.10037188840798357,0.031958013862559385,0.13821535584245964
-66.5,-12.5,6001,0.3349824505841119,0.13811111685095265,0.03603411967698731,0.20806292195585296
-65.5,-12.5,6002,0.29190242882509393,0.11744203164825283,0.03372984922505228,0.23290109844429763
-64.5,-12.5,6003,0.34993548917310335,0.13749158597319763,0.03405982115479824,0.25983266872827804
-63.5,-12.5,6004,0.26061586267659087,0.09617394739331243,0.04088769956590485,0.2778731375507575
-62.5,-12.5,6005,0.26011355394074176,0.08877745798392794,0.050487792394945774,0.3183636704359512
-61.5,-12.5,6006,0.2632708072333068,0.09106535580323966,0.03738878866547008,0.39372092257518465
-60.5,-12.5,6007,0.24827943995628587,0.1086229870418134,0.03549690623672628,0.42936565512879804
-59.5,-12.5,6008,0.4210089256980176,0.09169814428193972,0.033748208734387816,0.38248511218373676
-58.5,-12.5,6009,0.42018371140432725,0.0886772518579054,0.05089420208500804,0.329625348706789
-57.5,-12.5,6010,0.5229841641079905,0.10838183129288731,0.08513394113820148,0.48749965007280166
-56.5,-12.5,6011,0.1013665504659537,0.02366036390075058,0.023408980256423427,0.22355234338306032
-55.5,-12.5,6012,0.12125864949123129,0.01915697488024919,0.02823566259036061,0.1976212523627159
-54.5,-12.5,6013,0.18357929397374206,0.022285052823225644,0.025698269671506246,0.22390995376020692
-53.5,-12.5,6014,0.166453483930222,0.03273050059910384,0.03286985906473895,0.10814058634796012
-52.5,-12.5,6015,0.18856696334849926,0.04931734482961627,0.03363176512805602,0.1608250292896553
-51.5,-12.5,6016,0.18042643342935263,0.04490127972627427,0.037378317727338024,0.24008848128781118
-50.5,-12.5,6017,0.27974139973599865,0.03823800161415663,0.05717091765896164,0.2603647549564236
-29.5,-12.5,6031,0.13009577282836862,0.0752345104088507,0.020968245504232392,0.20057401358857405
-28.5,-12.5,6032,0.17441942014999745,0.06988937340589445,0.02555372021371364,0.27027358654959477
-27.5,-12.5,6033,0.1712472228591099,0.06765853933632095,0.03222830276371127,0.21973862958035917
-26.5,-12.5,6034,0.16274627194781058,0.09725633605592197,0.03505065616822262,0.22578928823614963
-25.5,-12.5,6035,0.1349863633987247,0.05540469368703373,0.02763260308411989,0.12337985036538651
-24.5,-12.5,6036,0.1767157848643078,0.05366547981130024,0.03008149977670112,0.09185744640732728
-23.5,-12.5,6037,0.16941551957062626,0.0551872768042682,0.03194716105522816,0.0772844704408616
-22.5,-12.5,6038,0.20977847971408908,0.05581689555956084,0.03275508294521622,0.08123656708399914
-21.5,-12.5,6039,0.31971929376223823,0.07910828404749132,0.03056595738365646,0.10979819661933245
-20.5,-12.5,6040,0.2870293791836428,0.08069519801264388,0.028099710200521582,0.11890131470476065
-19.5,-12.5,6041,0.33379020932515074,0.07946783537176766,0.033318144124108544,0.11188719380448947
-18.5,-12.5,6042,0.20808632844622968,0.07467704085744098,0.03667540613888568,0.1738442862636689
-17.5,-12.5,6043,0.26027862410892944,0.08197225541464671,0.040431551227161557,0.16486079704965645
-16.5,-12.5,6044,0.2656402570306825,0.07749705398594166,0.03601134054079311,0.19106505970264828
-15.5,-12.5,6045,0.2529310920603658,0.07310751724934737,0.034130660901091577,0.18955138827533863
-14.5,-12.5,6046,0.2573989438833357,0.0817838809031785,0.051086576959143974,0.21981280400968176
-13.5,-12.5,6047,0.2087460384887493,0.09457528292559622,0.04850728200486174,0.19080671180285996
-12.5,-12.5,6048,0.1646219828433871,0.0879010429659405,0.04385014199610006,0.16829534199988289
-11.5,-12.5,6049,0.17213807907451895,0.10159799721075306,0.051695318747589224,0.189658344831649
-10.5,-12.5,6050,0.15884087895012053,0.09915272097697155,0.02772558074346696,0.20826268829953584
0.5,-12.5,6061,0.11519273527026945,NA,0.016907188301381063,0.035266341818030844
1.5,-12.5,6062,0.095091774028104,NA,0.017898150437705304,0.029514433376947057
2.5,-12.5,6063,0.06353770273498152,NA,0.02132290640496874,0.02862509946800494
3.5,-12.5,6064,0.06311956860596711,NA,0.018277361744029434,0.03602364686309245
4.5,-12.5,6065,0.041068782857913294,NA,0.01828956037298293,0.03852710539549405
5.5,-12.5,6066,0.056771848500209256,NA,0.014665510493904842,0.03636247230128237
6.5,-12.5,6067,0.054685183682040915,NA,0.017476028241150212,0.042654887052729615
7.5,-12.5,6068,0.05097072695062981,NA,0.01563638969495991,0.05052927767903302
8.5,-12.5,6069,0.036102995833718336,NA,0.019119220130196565,0.0442436204576078
9.5,-12.5,6070,0.028656824122596177,NA,0.015412850294065403,0.04168131545582762
20.5,-12.5,6081,0.036049477909786215,0.030391639232101083,0.020049754052670343,0.04037628076929526
21.5,-12.5,6082,0.03602905015346924,0.031723965743550096,0.020150317653470376,0.040446515631273744
22.5,-12.5,6083,0.03618977929530621,0.026778636465426796,0.01946600004273044,0.035591813881802534
23.5,-12.5,6084,0.031749288148990105,0.025862896046850648,0.021954004825342013,0.03718250661180307
24.5,-12.5,6085,0.033179665687257484,0.026810793528536495,0.02188484033809567,0.03480288146145609
25.5,-12.5,6086,0.03530989617068619,0.026928253166024114,0.02157012485213743,0.03819110412230006
26.5,-12.5,6087,0.026100296033846018,0.02645082013648056,0.023556766074243885,0.03498976366753117
27.5,-12.5,6088,0.021903430660009326,0.024268049801353452,0.022152912471367178,0.031002940152948192
28.5,-12.5,6089,0.027610512577208923,0.02296187235357873,0.02542175080871039,0.030932391897781814
29.5,-12.5,6090,0.026172244191707092,0.02213515184188973,0.021769670657466222,0.03630383436122604
40.5,-12.5,6101,0.03892411115138055,0.053761109858045185,0.028667150474549104,0.04946600719053744
41.5,-12.5,6102,0.044013303220524894,0.0456487625604561,0.02988890523196764,0.05232425048040511
42.5,-12.5,6103,0.05187345836663328,0.045777848725843964,0.026144238513177927,0.05256802356955322
43.5,-12.5,6104,0.06729049724501013,0.05498121810367847,0.025896584662801907,0.047688679481621477
44.5,-12.5,6105,0.06922478576320733,0.05266271185146321,0.019268549857144567,0.03645079918244104
45.5,-12.5,6106,0.0840114653796889,0.05592335572981751,0.01837423561099948,0.031919980804635054
46.5,-12.5,6107,0.05458492380620369,0.04780140730682014,0.015962042882735113,0.02539775611877486
47.5,-12.5,6108,0.04677801809220992,0.04406332344607357,0.012488174382550253,0.021548183134308098
48.5,-12.5,6109,0.046718923150160144,0.03554267956285812,0.010487112774838648,0.019056019663785513
49.5,-12.5,6110,0.03603963493009715,0.026785373694242824,0.00882494028335987,0.015124189837631648
50.5,-12.5,6111,0.03240723445776716,0.0242720381483902,NA,0.010662173588423932
51.5,-12.5,6112,0.030810082250314653,0.022447203065028117,NA,0.010294062334281576
52.5,-12.5,6113,0.026288437464666095,0.02064311595632546,NA,0.009764586181442533
53.5,-12.5,6114,0.02171575432876937,0.020034041996300142,NA,0.009288317524067839
54.5,-12.5,6115,0.021544176972678575,0.01839670122917575,NA,0.009080778372767705
55.5,-12.5,6116,0.020042803596855605,0.01811131283176278,NA,0.008296399685698161
56.5,-12.5,6117,0.019450042076749035,0.017323260608120276,NA,0.008047745800776674
57.5,-12.5,6118,0.018402956518223754,0.019239966827051785,NA,0.00787835243684566
58.5,-12.5,6119,0.017879665157879355,0.011533801993471975,NA,0.007729630944112602
59.5,-12.5,6120,0.01230766781550681,0.011292387858606938,NA,0.0071674313278237405
70.5,-12.5,6131,0.00847594023763028,NA,NA,NA
71.5,-12.5,6132,0.00814726909994675,NA,NA,NA
72.5,-12.5,6133,0.0082106816812106,NA,NA,NA
73.5,-12.5,6134,0.00866094669059582,NA,NA,NA
74.5,-12.5,6135,0.00862513824979751,NA,NA,NA
75.5,-12.5,6136,0.00785352599845382,NA,NA,NA
76.5,-12.5,6137,0.007145083813434411,NA,NA,NA
77.5,-12.5,6138,0.007242792491675032,NA,NA,NA
78.5,-12.5,6139,0.007288730132979795,NA,NA,NA
79.5,-12.5,6140,0.006944116012449369,NA,NA,NA
80.5,-12.5,6141,0.006704888465802816,NA,NA,0.0037511651085878604
81.5,-12.5,6142,0.006368000382930796,NA,NA,0.003714008775059438
82.5,-12.5,6143,0.00705184924082028,NA,NA,0.0038739443715024606
83.5,-12.5,6144,0.0070708010313627325,NA,NA,0.0037448548790013246
84.5,-12.5,6145,0.0060307159357124735,NA,NA,0.00298906944352331
85.5,-12.5,6146,0.008040179386257154,NA,NA,0.0034373653997022656
86.5,-12.5,6147,0.010069488785512266,NA,NA,0.0041444450838424626
87.5,-12.5,6148,0.009887288010255707,NA,NA,0.003905568759949897
88.5,-12.5,6149,0.010192113168083206,NA,NA,0.004280302025295707
89.5,-12.5,6150,0.011166805667425207,NA,NA,0.004397805184818623
90.5,-12.5,6151,0.009078983180072246,NA,0.004501770194642291,0.006235128821372715
91.5,-12.5,6152,0.009415039288917206,NA,0.004163961810473228,0.005744612103114871
92.5,-12.5,6153,0.011069384717416834,NA,0.004621255499457424,0.005935447553204763
93.5,-12.5,6154,0.01199399138296417,NA,0.005027729604155893,0.006733379280768981
94.5,-12.5,6155,0.01120425152660741,NA,0.006083611964196883,0.008455113762097403
95.5,-12.5,6156,0.013167449260871046,NA,0.011797869668830117,0.014368359017644688
96.5,-12.5,6157,0.017546193908652932,NA,0.009922909188148532,0.011268041852539446
97.5,-12.5,6158,0.02100125320548271,NA,0.011960181732293762,0.014679500034335435
98.5,-12.5,6159,0.025716297057741398,NA,0.015913796735264295,0.01874853339849235
99.5,-12.5,6160,0.024770650509076373,NA,0.01847144434415021,0.028433618687046837
-109.5,-11.5,6194,0.1300943113386139,NA,NA,0.02990770824173758
-108.5,-11.5,6195,0.13544938394851364,NA,NA,0.03849024259679389
-107.5,-11.5,6196,0.11687651865529217,NA,NA,0.04595090080881779
-106.5,-11.5,6197,0.12133380932221167,NA,NA,0.03943174102307893
-105.5,-11.5,6198,0.1184091447594686,NA,NA,0.042750232026172064
-104.5,-11.5,6199,0.0940559984437179,NA,NA,0.039426251413236156
-103.5,-11.5,6200,0.0764951296470066,NA,NA,0.03556122295975203
-102.5,-11.5,6201,0.07159659503995587,NA,NA,0.03225709567402579
-101.5,-11.5,6202,0.07658504941284013,NA,NA,0.02280013615727752
-100.5,-11.5,6203,0.0719348888696977,NA,NA,0.018404045585723457
-99.5,-11.5,6204,0.05908768829820122,NA,NA,0.018912063174185683
-98.5,-11.5,6205,0.05681459891574271,NA,NA,0.02454770707899823
-97.5,-11.5,6206,0.05295176322933724,NA,NA,0.02282774096750206
-96.5,-11.5,6207,0.05783240691164934,NA,NA,0.027033007148936423
-95.5,-11.5,6208,0.06250693920674052,NA,NA,0.022375920981148514
-94.5,-11.5,6209,0.054001635793479164,NA,NA,0.022759723671740534
-93.5,-11.5,6210,0.053387914068978554,NA,NA,0.015954208054365464
-92.5,-11.5,6211,0.06050533945598124,NA,NA,0.01716789312428791
-91.5,-11.5,6212,0.0672022294979867,NA,NA,0.01450349851615704
-90.5,-11.5,6213,0.07556950829007282,NA,NA,0.014574462220498257
-89.5,-11.5,6214,0.08991726358742977,0.02837864275937888,0.016428551500933912,0.016582120751723807
-88.5,-11.5,6215,0.10093252430885143,0.04181930354553925,0.022489599351014817,0.018472233439004736
-87.5,-11.5,6216,0.13041520416156588,0.0391136184371,0.027993563880518837,0.022587428384677404
-86.5,-11.5,6217,0.13619348733872386,0.0505714081503598,0.024646580577955202,0.022680592582481576
-85.5,-11.5,6218,0.1558820186687316,0.041833716971014824,0.017168101860629163,0.025205436998359282
-84.5,-11.5,6219,0.1449749256601776,0.05766824297037199,0.026959580753961005,0.03142894979719527
-83.5,-11.5,6220,0.156042977747316,0.0790514851439152,0.03806898584963319,0.043974257695680384
-82.5,-11.5,6221,0.1589186965127023,0.05351433807745212,0.040367202288600974,0.04195643324474708
-81.5,-11.5,6222,0.1726632903548878,0.06969978259757227,0.03474055001282395,0.028842055277178882
-80.5,-11.5,6223,0.18807258557020104,0.06539866725993364,0.040585628835022834,0.031219648678808987
-79.5,-11.5,6224,0.1892362248133971,0.07187585035510927,0.030495092428099155,0.033455305160867144
-78.5,-11.5,6225,0.1926326881284952,0.07264070357481398,0.02893965401389623,0.036861918177357955
-77.5,-11.5,6226,0.23273115648936424,0.08290234798970006,0.029914784217639583,0.049284794685719634
-76.5,-11.5,6227,0.2402633754688734,0.08292343148651278,0.031046808926700652,0.06711692115693198
-75.5,-11.5,6228,0.24804283848412048,0.09751615262740156,0.037286489523308465,0.06145369084349501
-74.5,-11.5,6229,0.22614971789572977,0.06568610049389274,0.021373205235895903,0.08064529301604308
-73.5,-11.5,6230,0.19367119821339407,0.06264151388705272,0.02530615965156071,0.05789059842308048
-72.5,-11.5,6231,0.18790563805263855,0.061367511806448644,0.027842133398435966,0.06277263623447106
-71.5,-11.5,6232,0.20455376057089647,0.06923145902645456,0.030569540596125953,0.06784131511067938
-70.5,-11.5,6233,0.2313363560678356,0.07175752492486456,0.027306581218427526,0.06816891685457555
-69.5,-11.5,6234,0.19306100251583586,0.06788852344497255,0.024823230742500334,0.06892205177763638
-68.5,-11.5,6235,0.19645357371166422,0.10641466040111076,0.024459903446517273,0.12586610235658852
-67.5,-11.5,6236,0.2482791324029264,0.09383329771753438,0.030925511048833548,0.13586076544137018
-66.5,-11.5,6237,0.24387282073873762,0.08499370789900121,0.037963242418433824,0.19211293513722452
-65.5,-11.5,6238,0.27854843888204245,0.0825680834394593,0.03626919727878664,0.2679366998130455
-64.5,-11.5,6239,0.2566156687521527,0.0815239395634097,0.040130399543676545,0.28087984054058757
-63.5,-11.5,6240,0.2653671185530547,0.08219755624151337,0.029575895020469294,0.31162669283722133
-62.5,-11.5,6241,0.2018162546306583,0.10486358764100764,0.03068656035104145,0.21590361367951533
-61.5,-11.5,6242,0.14730984950791196,0.1130833411080647,0.04520893713578519,0.16626383565320813
-60.5,-11.5,6243,0.2637737640343304,0.13493306743044464,0.04278856112548192,0.23997273892770857
-59.5,-11.5,6244,0.3490122146069022,0.1236090108564743,0.037845422149187465,0.20356392573367765
-58.5,-11.5,6245,0.3654289688412933,0.15796096973405524,0.034398237736296196,0.23608454197049183
-57.5,-11.5,6246,0.3092661022656056,0.13764551482893617,0.04312453688857179,0.29228244227608424
-56.5,-11.5,6247,0.31122344608360125,0.11131499579692757,0.04873724892175674,0.36417969094630814
-55.5,-11.5,6248,0.1692460512563752,0.07436300138153315,0.026029445556765063,0.24601634111083306
-54.5,-11.5,6249,0.10792575876174242,0.0357628784506677,0.02205783213869757,0.1487352121178325
-53.5,-11.5,6250,0.1268314805540255,0.028397782305733622,0.032133071301312606,0.1536178850756521
-52.5,-11.5,6251,0.12913757824402217,0.022024940538399002,0.03055240636829136,0.1882851480021864
-51.5,-11.5,6252,0.11882401807648452,0.022709102867377314,0.045933908518710674,0.22214474499503084
-50.5,-11.5,6253,0.17754973545992506,0.04785440365757948,0.056729458754480815,0.2127423780634804
-29.5,-11.5,6271,0.3067174850100699,0.1445259071647337,0.0512701817133615,0.35903335047509055
-28.5,-11.5,6272,0.3322934988837693,0.13504907164808788,0.047936296620283946,0.34419047262706315
-27.5,-11.5,6273,0.16442079033141396,0.08342320926784563,0.03311243192279582,0.23240934176640657
-25.5,-11.5,6274,0.13619702399312647,0.08383603898287233,0.06174790974930889,0.22874680256888782
-24.5,-11.5,6275,0.14512051406713675,0.0919178290425903,0.04238004193045797,0.18195316078720034
-23.5,-11.5,6276,0.20360572764064713,0.08924141941336163,0.03896347131632126,0.17758364296771648
-22.5,-11.5,6277,0.19053769280159802,0.08498461596850838,0.03615974091960143,0.16258584110708185
-21.5,-11.5,6278,0.21066295406429275,0.09343204941430878,0.033659180865583505,0.20267963926636606
-20.5,-11.5,6279,0.24898544808627743,0.12094055503804714,0.0785359863261641,0.3142185535616569
-19.5,-11.5,6280,0.21991051996401387,0.1269863158632047,0.0519726387483716,0.35100235061981316
-18.5,-11.5,6281,0.1814956543934218,0.10466645371832958,0.05301886256010497,0.3631378276749376
-17.5,-11.5,6282,0.16000065941650676,0.10876171721452559,0.052436895067676154,0.3486239796090457
-16.5,-11.5,6283,0.16787023056937345,0.09124458152028304,0.03827488143367884,0.2363410570818617
-15.5,-11.5,6284,0.2786818510315508,0.09783143106625637,0.038365364728584046,0.22249909921384126
-14.5,-11.5,6285,0.3399293069770416,0.11711623180198573,0.0426134459706244,0.2542970015256043
-13.5,-11.5,6286,0.31386638466209005,0.12509658213202948,0.04339778058829285,0.2757691318499149
-12.5,-11.5,6287,0.26205328869629135,0.1107179881495749,0.046636766294484724,0.24213886039418894
-11.5,-11.5,6288,0.21079588086523166,0.1235258664960226,0.05337338073198532,0.27937035475350447
-10.5,-11.5,6289,0.1927900905525208,0.11530396091525094,0.02909195517889956,0.26858298444279616
0.5,-11.5,6300,0.09334614399491228,NA,0.019091195279098718,0.04440852883649919
1.5,-11.5,6301,0.06796579099489802,NA,0.02066308614230997,0.05697454686593528
2.5,-11.5,6302,0.057639638098394196,NA,0.017751346086747645,0.03913487668371982
3.5,-11.5,6303,0.055064037801876256,NA,0.017531235763393428,0.03899247269267854
4.5,-11.5,6304,0.049283202449799154,NA,0.019996751261571494,0.04647697398835287
5.5,-11.5,6305,0.04927894755940951,NA,0.01936687369116417,0.038003701636229015
6.5,-11.5,6306,0.04381056659235092,NA,0.019641987945048726,0.04032987379717233
7.5,-11.5,6307,0.03632428807231295,NA,0.018208577929923336,0.03939166761353284
8.5,-11.5,6308,0.0363376945923023,NA,0.026454161297065355,0.04417416461198705
9.5,-11.5,6309,0.04125276306751707,NA,0.021186001269955915,0.04266603874705503
20.5,-11.5,6320,0.03375970255343038,0.02894247839025463,0.02886165671323451,0.033453305703938535
21.5,-11.5,6321,0.032511800863136375,0.031398502692434466,0.028750559187766086,0.03489216384369752
22.5,-11.5,6322,0.03241677969160427,0.030430149199197138,0.0318204284372906,0.03492404507305565
23.5,-11.5,6323,0.031205911380210543,0.03454673872533904,0.033738613608136146,0.03449361383409188
24.5,-11.5,6324,0.03232302302751522,0.03354404373952903,0.038912626332806385,0.03702466363474299
25.5,-11.5,6325,0.035162436798980165,0.03281602530129976,0.04358293525337409,0.0450018724008939
26.5,-11.5,6326,0.032149750308143904,0.03091756200095737,0.0390578519331337,0.04238320761789697
27.5,-11.5,6327,0.03499119664764637,0.031127649182005886,0.040812030025595615,0.04258863639691901
28.5,-11.5,6328,0.03640140089065792,0.03581899203390652,0.03652618553106221,0.049807532326129694
29.5,-11.5,6329,0.036690366060513915,0.031135899871662102,0.0338765324387478,0.051585610457029515
40.5,-11.5,6340,0.059339160815589084,0.051306393201319564,0.02843655939824655,0.05022688508393811
41.5,-11.5,6341,0.07405046377286006,0.05993433507145964,0.02773392155511176,0.05661611746233654
42.5,-11.5,6342,0.07162052332731964,0.05999408940247261,0.027589359604145276,0.04400359576365321
43.5,-11.5,6343,0.07158059679304696,0.05719256754024902,0.021936660390820876,0.03339453148994763
44.5,-11.5,6344,0.05959350579536514,0.05045466008854554,0.0192724563374322,0.032127593112249726
45.5,-11.5,6345,0.05165844251822836,0.04954519426154133,0.01649916571532841,0.030384997809221395
46.5,-11.5,6346,0.04961813559509642,0.0479118057182175,0.017737267237442518,0.02765910824749334
47.5,-11.5,6347,0.043715579201956595,0.03789110509063071,0.014422540223674915,0.026062713287998085
48.5,-11.5,6348,0.04237634865152359,0.035563854804653634,0.014015959508674175,0.02341691975072929
49.5,-11.5,6349,0.03466441032921096,0.02874625577517233,0.011202011379351631,0.016167826303474922
50.5,-11.5,6350,0.033201962159759735,0.02600117034211468,NA,0.01129466497898478
51.5,-11.5,6351,0.026260382097181418,0.021499335984998896,NA,0.009913005099523942
52.5,-11.5,6352,0.024651029108565613,0.021660960201389325,NA,0.009697958991618965
53.5,-11.5,6353,0.019902330433310255,0.020172850597996037,NA,0.008857785481158023
54.5,-11.5,6354,0.021013104536961334,0.020993682324755698,NA,0.00895945055750075
55.5,-11.5,6355,0.019772731357250134,0.020883242815416675,NA,0.008270726265890758
56.5,-11.5,6356,0.01999847484870099,0.02696299902805925,NA,0.008264113910913508
57.5,-11.5,6357,0.017462721827536703,0.030343802058070732,NA,0.007187506487572332
58.5,-11.5,6358,0.016197402944794506,0.01810225912075545,NA,0.007670224606935035
59.5,-11.5,6359,0.015679496705887225,0.015222718642604188,NA,0.009647949255038618
70.5,-11.5,6370,0.009443774726394216,NA,NA,NA
71.5,-11.5,6371,0.0085600957549324,NA,NA,NA
72.5,-11.5,6372,0.008789538100336159,NA,NA,NA
73.5,-11.5,6373,0.009027207099983704,NA,NA,NA
74.5,-11.5,6374,0.00953250734881475,NA,NA,NA
75.5,-11.5,6375,0.009333210090896035,NA,NA,NA
76.5,-11.5,6376,0.008945927366841992,NA,NA,NA
77.5,-11.5,6377,0.008327075231821142,NA,NA,NA
78.5,-11.5,6378,0.00817595224154171,NA,NA,NA
79.5,-11.5,6379,0.007551012370438935,NA,NA,NA
80.5,-11.5,6380,0.007636565690452448,NA,NA,0.0038000417053567154
81.5,-11.5,6381,0.007810127915385109,NA,NA,0.0037880619971240913
82.5,-11.5,6382,0.00803366311976935,NA,NA,0.0038700566113834397
83.5,-11.5,6383,0.009422454118611062,NA,NA,0.004143125656612112
84.5,-11.5,6384,0.010373082148321132,NA,NA,0.003811106318115787
85.5,-11.5,6385,0.010231438199865002,NA,NA,0.004251683063044989
86.5,-11.5,6386,0.013215206038999906,NA,NA,0.004181637441658009
87.5,-11.5,6387,0.013574418514558305,NA,NA,0.005004268842524266
88.5,-11.5,6388,0.014458755626039965,NA,NA,0.006337550037540803
89.5,-11.5,6389,0.01221979292369962,NA,NA,0.006580317020602925
90.5,-11.5,6390,0.01199915874728837,NA,0.004076939753850165,0.005944930191346658
91.5,-11.5,6391,0.012387819883629398,NA,0.004734625596908286,0.006758269437078963
92.5,-11.5,6392,0.014464386405888518,NA,0.005807734703392872,0.0075808022192089715
93.5,-11.5,6393,0.01178739650572222,NA,0.008111719190994812,0.008183292104597948
94.5,-11.5,6394,0.017495202256197915,NA,0.011244437575840162,0.015150193002185964
95.5,-11.5,6395,0.0170303402598924,NA,0.012490511582456156,0.013438190135347512
96.5,-11.5,6396,0.01857462781627695,NA,0.010590278746258768,0.011805559098671484
97.5,-11.5,6397,0.02485943427470544,NA,0.013851434795669007,0.016799043377028967
98.5,-11.5,6398,0.02317683090813521,NA,0.016281527595843517,0.021348993165449907
99.5,-11.5,6399,0.031200666886421362,NA,0.0205520011816278,0.03723990450693844
-109.5,-10.5,6433,0.16068420324646623,NA,NA,0.03892587961880988
-108.5,-10.5,6434,0.1507554496145992,NA,NA,0.04113310621096974
-107.5,-10.5,6435,0.1272611482495842,NA,NA,0.056185893364476325
-106.5,-10.5,6436,0.11539572667309152,NA,NA,0.05378023454098722
-105.5,-10.5,6437,0.12292633152994462,NA,NA,0.05142725892740436
-104.5,-10.5,6438,0.1004438494328119,NA,NA,0.04549461842816816
-103.5,-10.5,6439,0.08617387012346645,NA,NA,0.04201060900144475
-102.5,-10.5,6440,0.07124584500448652,NA,NA,0.037313771493928304
-101.5,-10.5,6441,0.06326691403091297,NA,NA,0.02498089899760052
-100.5,-10.5,6442,0.07618212411151845,NA,NA,0.019654277926819667
-99.5,-10.5,6443,0.08339162585018384,NA,NA,0.01824329477527757
-98.5,-10.5,6444,0.08924550696138302,NA,NA,0.02341239719654562
-97.5,-10.5,6445,0.06587244643067959,NA,NA,0.02388198020737987
-96.5,-10.5,6446,0.05427749974409235,NA,NA,0.025625629321581127
-95.5,-10.5,6447,0.061840520229372066,NA,NA,0.02566320969932535
-94.5,-10.5,6448,0.07307207194469303,NA,NA,0.0236671964801899
-93.5,-10.5,6449,0.07773877116826877,NA,NA,0.019365409245762945
-92.5,-10.5,6450,0.12875603174075081,NA,NA,0.021090460741771823
-91.5,-10.5,6451,0.13935746071558797,NA,NA,0.022854057463112355
-90.5,-10.5,6452,0.11707251724514786,NA,NA,0.02354779117529202
-89.5,-10.5,6453,0.14031357094349284,0.03361472554569066,0.022140692075675202,0.029303214369770552
-88.5,-10.5,6454,0.16315949147908568,0.03636912535110705,0.016012403554691485,0.032406308420581134
-87.5,-10.5,6455,0.21620372818486425,0.02851046857539736,0.02565162700351726,0.045095584169043766
-86.5,-10.5,6456,0.23470954168923328,0.04599799801805852,0.018228393599386064,0.04958348757038452
-85.5,-10.5,6457,0.22351535253453209,0.05131499952820744,0.0189605523629201,0.0577530030203958
-84.5,-10.5,6458,0.2526985830949995,0.058466318300298796,0.034363784780113545,0.05964139191308003
-83.5,-10.5,6459,0.3253433076301645,0.048585800787933,0.034768599972667326,0.0609727013488242
-82.5,-10.5,6460,0.34089366621438133,0.05274527854292573,0.047481953928070954,0.0654681871856748
-81.5,-10.5,6461,0.2943157836562785,0.05806148143822291,0.04852424215824995,0.06542659147837385
-80.5,-10.5,6462,0.3052469662569549,0.06478784029629722,0.034178227495057036,0.06774273668701285
-79.5,-10.5,6463,0.21873137712086332,0.10034334400973192,0.032817127222869356,0.06439548956849975
-78.5,-10.5,6464,0.17590768994762368,0.10440703518748849,0.02739252616276037,0.06429418247284328
-77.5,-10.5,6465,0.21162286258966193,0.0839362247211817,0.029100769715388768,0.07662184602143526
-76.5,-10.5,6466,0.15844755803842825,0.06578977364185583,0.031170170150517245,0.07549221238712617
-75.5,-10.5,6467,0.09479171708723683,0.05777845916941033,0.05120918404160742,0.10517511913558115
-74.5,-10.5,6468,0.04544764219650047,0.030332523515280062,0.023614798965732174,0.05022423528972923
-73.5,-10.5,6469,0.13646485544254958,0.06040296974497289,0.06133455245935374,0.09591748803934495
-72.5,-10.5,6470,0.20132196861961033,0.05737439238135986,0.05845076702652183,0.09752565265202348
-71.5,-10.5,6471,0.1721515809206912,0.07956340377894837,0.050595703387236006,0.12371697898646403
-70.5,-10.5,6472,0.18582996633718193,0.07981631220598914,0.03763646774001521,0.12970528223143934
-69.5,-10.5,6473,0.1984096731880987,0.0850305742084005,0.04652216048363015,0.1227537153622507
-68.5,-10.5,6474,0.19687289713207498,0.09001242957634978,0.035880942451079985,0.1382052640542166
-67.5,-10.5,6475,0.205358281879979,0.11009108662882061,0.037924697289840985,0.15382986504201301
-66.5,-10.5,6476,0.29093506402444236,0.2049323059909125,0.04337116168681857,0.16432803004861898
-65.5,-10.5,6477,0.23822883589726854,0.2339403522730706,0.03894186251025461,0.18517233916851858
-64.5,-10.5,6478,0.29427392004951936,0.19648539414840663,0.035085188910177825,0.23764534034837514
-63.5,-10.5,6479,0.20747316239031646,0.13687990903879824,0.029491552568065998,0.2105278880178749
-62.5,-10.5,6480,0.2071485707216292,0.14932902500943981,0.03995155443620104,0.21738222969610904
-61.5,-10.5,6481,0.1346168738086231,0.14108486852956456,0.035936532072673305,0.26982400490268404
-60.5,-10.5,6482,0.13457924876111546,0.10775332261034405,0.07026592701656298,0.302689486061495
-59.5,-10.5,6483,0.06758077556791278,0.06523515155979746,0.05645894841381782,0.23017008398643235
-56.5,-10.5,6484,0.0638075705418865,0.16058901444641333,0.06464852755032567,0.2538705859150016
-55.5,-10.5,6485,0.06761549220706124,0.042169995274996666,0.04926749389114644,0.1799573956833231
-54.5,-10.5,6486,0.09356665703557528,0.08470773705830412,0.02177970535714112,0.23677345552913284
-53.5,-10.5,6487,0.17285394842941768,0.07416248584706736,0.03537418810000095,0.2321048784388267
-52.5,-10.5,6488,0.09348570952809121,0.037397126812965226,0.025097709656002658,0.15072579437497827
-51.5,-10.5,6489,0.09145389583650708,0.025636567178660037,0.02454618578190192,0.1698761318782105
-50.5,-10.5,6490,0.09203048624913408,0.023398080245839264,0.02368378831071834,0.13374741222787323
-28.5,-10.5,6510,0.5187122089792439,0.34892127786845994,0.06638906347037034,0.30849260327628275
-27.5,-10.5,6511,0.22536416996089315,0.20531494195440309,0.07072922804995839,0.28889290362785364
-26.5,-10.5,6512,0.14150605545526157,0.14017810702099992,0.05186374834485021,0.2774305078169592
-25.5,-10.5,6513,0.16547546868769095,0.1301451799089086,0.04998872817027763,0.2571017549902082
-24.5,-10.5,6514,0.17292547540361422,0.09869060698651978,0.04733164278605081,0.2854345069617448
-23.5,-10.5,6515,0.15250244457221523,0.10594585669690822,0.06095426099621524,0.26282710333498166
-22.5,-10.5,6516,0.13711419844376102,0.09055046911238106,0.038368074235938875,0.23992134142822244
-21.5,-10.5,6517,0.1299974902099093,0.09472560462949595,0.04349514381244475,0.29382835521378453
-20.5,-10.5,6518,0.19425607452077354,0.1328615597223435,0.04376039596044089,0.3776279678141965
-19.5,-10.5,6519,0.2388590939916099,0.20196540192075546,0.08424603214077685,0.44628885828685505
-18.5,-10.5,6520,0.0904414084247277,0.053940018297133074,0.01871831258953245,0.1871806002687186
-17.5,-10.5,6521,0.07647210876604665,0.1209760462210363,0.04741433657337645,0.43616967053653777
-16.5,-10.5,6522,0.05199906942013782,0.11618710488676832,0.03165252776731169,0.3488605274217603
-15.5,-10.5,6523,0.08855948602190479,0.13461953270403487,0.04791664441067275,0.31802056894164
-14.5,-10.5,6524,0.11609616994452188,0.10671104723445843,0.03980734521408175,0.2906767649232441
-13.5,-10.5,6525,0.23726172821032734,0.11386896200896675,0.03796876267287187,0.27257420629574003
-12.5,-10.5,6526,0.24891824103812843,0.12658610840201784,0.03843264561147662,0.23944735263511108
-11.5,-10.5,6527,0.2801997581441641,0.11066456669946537,0.045561920923865684,0.25994530915652236
-10.5,-10.5,6528,0.21493895483352746,0.09796342449040345,0.04001408697384146,0.21563862881060658
0.5,-10.5,6539,0.04345896476958432,NA,0.024490583053395673,0.057570651588835835
1.5,-10.5,6540,0.04718047320919968,NA,0.02870384949540343,0.06505016979961327
2.5,-10.5,6541,0.03970265181712298,NA,0.024938112647940984,0.052699704355989245
3.5,-10.5,6542,0.04485099952793947,NA,0.025984897720583676,0.044401216380259435
4.5,-10.5,6543,0.04024061843216857,NA,0.023597892089678583,0.04381068906482359
5.5,-10.5,6544,0.04271769058734442,NA,0.02452855985469821,0.044832146386781756
6.5,-10.5,6545,0.0564003605632876,NA,0.026569590098947857,0.04649771722051295
7.5,-10.5,6546,0.05683828070319738,NA,0.028242161435691245,0.0345056428183433
8.5,-10.5,6547,0.06097768689683475,NA,0.030863372892303387,0.043101919563538
9.5,-10.5,6548,0.058416678279944206,NA,0.034265864125236765,0.04468734447293694
20.5,-10.5,6559,0.04148401124655083,0.028113912586949855,0.04583317941058481,0.039446787783673345
21.5,-10.5,6560,0.04469338620708067,0.030415472038989488,0.04586266686933874,0.04139698740865238
22.5,-10.5,6561,0.052314202686175815,0.029124530200190644,0.04925359458813878,0.039706557374303036
23.5,-10.5,6562,0.05249341716748203,0.028879389658271876,0.049494854820625385,0.04027393555503987
24.5,-10.5,6563,0.05973034946359052,0.04527163194293764,0.06043019209015939,0.05174625465475421
25.5,-10.5,6564,0.048031427501646004,0.043461936749546175,0.045019329553197096,0.04575544521355916
26.5,-10.5,6565,0.05284997537084114,0.04420965299449416,0.046199755500891004,0.0482223170703303
27.5,-10.5,6566,0.056069731648675854,0.04018550731527082,0.04789388062476274,0.055856759793497114
28.5,-10.5,6567,0.06623066526694367,0.048145375319528685,0.04100067573478274,0.05958622876384268
29.5,-10.5,6568,0.051349460702777745,0.0433850661247484,0.05040238896297734,0.058512380694675604
40.5,-10.5,6579,0.0673081102029571,0.06690637380143849,0.03225190219687942,0.05841816505073485
41.5,-10.5,6580,0.040556351787490945,0.037049832937516285,0.01886687860432484,0.054631828569259494
42.5,-10.5,6581,0.05978067834791945,0.0594939893418017,0.02768996948098868,0.05307305911430588
43.5,-10.5,6582,0.05259546012417092,0.05852226319134052,0.030105962042223308,0.03307627460199448
44.5,-10.5,6583,0.05679305698039876,0.04893196222785553,0.024443112264634855,0.03187009527360968
45.5,-10.5,6584,0.05605742222304827,0.04397815546853926,0.021583514685711614,0.03402295666398044
46.5,-10.5,6585,0.054550388256190734,0.042621538176927945,0.015721436146541024,0.027493608859599648
47.5,-10.5,6586,0.04801383482375086,0.03781555343473617,0.014172826023060525,0.022833072557440385
48.5,-10.5,6587,0.04138827961476136,0.03503136065820819,0.012236751363849599,0.021388421195670335
49.5,-10.5,6588,0.0321735294220747,0.030669763489207136,0.010658965538322211,0.013970934557837216
50.5,-10.5,6589,0.026288822384423843,0.027312512312071355,NA,0.012676416998534345
51.5,-10.5,6590,0.023248394172365162,0.02769513631264256,NA,0.010482450455519961
52.5,-10.5,6591,0.02142782337979224,0.03362259329964313,NA,0.009986177597753408
53.5,-10.5,6592,0.020384101149444986,0.03503915216050143,NA,0.009688726489177797
54.5,-10.5,6593,0.021854013485010308,0.024065170596501997,NA,0.008853959464523888
55.5,-10.5,6594,0.022488356260514514,0.019068353176331848,NA,0.009006003482874166
56.5,-10.5,6595,0.022581146810308202,0.01907714107399636,NA,0.009413157564788088
57.5,-10.5,6596,0.019969641351550223,0.017705711498618357,NA,0.008194694473870792
58.5,-10.5,6597,0.01365726655968855,0.016548651053737307,NA,0.0075234669304742804
59.5,-10.5,6598,0.013768589905059966,0.01530561872982942,NA,0.0071742490631144335
70.5,-10.5,6609,0.010054586801650962,NA,NA,NA
71.5,-10.5,6610,0.009548901998104315,NA,NA,NA
72.5,-10.5,6611,0.009311361052255706,NA,NA,NA
73.5,-10.5,6612,0.009805098115493112,NA,NA,NA
74.5,-10.5,6613,0.011393718415413253,NA,NA,NA
75.5,-10.5,6614,0.010933511831853121,NA,NA,NA
76.5,-10.5,6615,0.010274014193824347,NA,NA,NA
77.5,-10.5,6616,0.009587975553877191,NA,NA,NA
78.5,-10.5,6617,0.008914455127101263,NA,NA,NA
79.5,-10.5,6618,0.009156086364058633,NA,NA,NA
80.5,-10.5,6619,0.009539365230911263,NA,NA,0.0042784807347082034
81.5,-10.5,6620,0.00948394809856302,NA,NA,0.00415879691275612
82.5,-10.5,6621,0.010498785926292277,NA,NA,0.004166421598292307
83.5,-10.5,6622,0.012817889857607125,NA,NA,0.0043066963660274935
84.5,-10.5,6623,0.012669411884049698,NA,NA,0.004064117397731984
85.5,-10.5,6624,0.011816446462088686,NA,NA,0.004160232317810096
86.5,-10.5,6625,0.01577743975058724,NA,NA,0.006231078511994738
87.5,-10.5,6626,0.014990094995028578,NA,NA,0.007964365038044026
88.5,-10.5,6627,0.01222114435887172,NA,NA,0.005737902094933079
89.5,-10.5,6628,0.012606126007186847,NA,NA,0.00628551059568173
90.5,-10.5,6629,0.013642510343619714,NA,0.005881804012107078,0.007436186149823445
91.5,-10.5,6630,0.013378985540148526,NA,0.009875685951543131,0.008525307876139518
92.5,-10.5,6631,0.011989652577528861,NA,0.010708951303625562,0.008385059130963766
93.5,-10.5,6632,0.011933828578714943,NA,0.012619911544538781,0.01149481011059575
94.5,-10.5,6633,0.01810465622168281,NA,0.010372506843887323,0.010158055949413193
95.5,-10.5,6634,0.021998696538635155,NA,0.010026500924536006,0.010558173821597325
96.5,-10.5,6635,0.02131201710707961,NA,0.011676069365719048,0.014586809970533129
97.5,-10.5,6636,0.024992715074687345,NA,0.01666926622863653,0.023001893726451308
98.5,-10.5,6637,0.02872306101847075,NA,0.026585348342612735,0.0338812952986755
99.5,-10.5,6638,0.03474361088145611,NA,0.021685430945393196,0.04174507607085742
-139.5,-9.5,6641,0.1770999042449816,NA,0.009683053462147538,0.01849074007163968
-138.5,-9.5,6642,0.18308239348918015,NA,0.02046197599630599,0.035757963607489195
-137.5,-9.5,6643,0.1082649352243295,NA,0.0188292763560432,0.039109689144709435
-136.5,-9.5,6644,0.15721577877294962,NA,0.01910877919611757,0.058174431467663656
-135.5,-9.5,6645,0.21505715170077006,NA,0.02042840414950883,0.08243809701484457
-134.5,-9.5,6646,0.28274164883761377,NA,0.022198723741860202,0.07385014191429347
-133.5,-9.5,6647,0.14677934884966953,NA,0.011090193585805376,0.025453329085297523
-132.5,-9.5,6648,0.21514300706612224,NA,0.018475363829874338,0.0357798411611027
-131.5,-9.5,6649,0.3142641065110702,NA,0.018864652974877067,0.03669746490693078
-130.5,-9.5,6650,0.2877753541831058,NA,0.01642972499889043,0.035009197613378805
-129.5,-9.5,6651,0.20034556385670896,0.04857649442160949,0.012702919399006337,0.03152559897179653
-128.5,-9.5,6652,0.2853284280381547,0.06430046380878818,0.013633562123686695,0.03627762046662638
-127.5,-9.5,6653,0.19442424246623954,0.0551411799545761,0.012557195152392056,0.03098483674934549
-126.5,-9.5,6654,0.19050375719722554,0.04435425211121855,0.01467608793621215,0.03019973641756546
-125.5,-9.5,6655,0.1828624473552422,0.051215165524548106,0.014869398053415727,0.029100809352545443
-124.5,-9.5,6656,0.1846973793458159,0.05217651103895637,0.017163477484174988,0.033622172302761176
-123.5,-9.5,6657,0.13881503199022732,0.049861357351366084,0.01576659707475821,0.038409488887747346
-122.5,-9.5,6658,0.14946110168587404,0.05963814547268075,0.016405109938454874,0.04249056998761148
-121.5,-9.5,6659,0.12944849601935246,0.051087464187087143,0.011323576997490202,0.03259051564848518
-120.5,-9.5,6660,0.2146808356445038,0.05770648958820992,0.01707448490608145,0.06739164077312007
-119.5,-9.5,6661,0.19616401204428505,0.0605280831399596,NA,0.0878013457845858
-118.5,-9.5,6662,0.33682516921671224,0.06726555965085203,NA,0.06198672503664883
-117.5,-9.5,6663,0.1860355720470397,0.0452963279408495,NA,0.02646023836417859
-116.5,-9.5,6664,0.11459723072082821,0.03658291751322392,NA,0.02156082897744771
-115.5,-9.5,6665,0.10258216665267728,0.03829164909100013,NA,0.022914328148333406
-114.5,-9.5,6666,0.11072061992483034,0.04326214446251556,NA,0.027173607570324224
-113.5,-9.5,6667,0.1058569403405216,0.039855284240137186,NA,0.026025394452564545
-112.5,-9.5,6668,0.16782890706623518,0.045923360949470304,NA,0.03181989416299584
-111.5,-9.5,6669,0.21239534283128553,0.05448506271906669,NA,0.04121920567426418
-110.5,-9.5,6670,0.15248822118387742,0.04808579601814068,NA,0.042805369255643023
-109.5,-9.5,6671,0.13195541952240464,0.050893508833706504,0.021430202957765775,0.047404680061629734
-108.5,-9.5,6672,0.1303230623929838,0.05855773482951355,0.026454169539150512,0.05822402357475054
-107.5,-9.5,6673,0.10874984509521464,0.08148100926537485,0.026591406183462764,0.047389700276296846
-106.5,-9.5,6674,0.09596841534773962,0.07488346995879741,0.036364664061681595,0.06852114166684675
-105.5,-9.5,6675,0.08711630313615756,0.047537220659383164,0.019880891380576173,0.056427262165912276
-104.5,-9.5,6676,0.08773406234099362,0.04057951739077954,0.02639101306269196,0.05893828835835714
-103.5,-9.5,6677,0.08112715955417354,0.03238392856310317,0.025447340942469112,0.05251880099072075
-102.5,-9.5,6678,0.06311308534610574,0.027376113106954772,0.019785389528983253,0.039305656629879206
-101.5,-9.5,6679,0.07470015401850548,0.025012854329686567,0.013898786562937655,0.02780709024719952
-100.5,-9.5,6680,0.20034799946430892,0.03127946019112292,0.016165092517838053,0.02219220899526491
-99.5,-9.5,6681,0.1775535214765227,0.02441382678453733,0.013658654098887231,0.01834634099273561
-98.5,-9.5,6682,0.15318836323149063,0.026498321493750608,0.012375284716553008,0.021345444642845022
-97.5,-9.5,6683,0.06125387116682484,0.01794665461237201,0.015905414185450422,0.027281102734129484
-96.5,-9.5,6684,0.0814490027959229,0.016306408274615835,0.01914285483868777,0.027386907213234397
-95.5,-9.5,6685,0.1337638934462638,0.018907510031110474,0.03494232159534711,0.029857502239323878
-94.5,-9.5,6686,0.1292357470562169,0.01700486292985154,0.032738412389288,0.02472038028208371
-93.5,-9.5,6687,0.1454816134251338,0.01927553227731666,0.03292701204366681,0.026674341637903744
-92.5,-9.5,6688,0.18066678735695707,0.017414570343596798,0.03330808128074962,0.02096223883613624
-91.5,-9.5,6689,0.18105980392296037,0.01791300216360959,0.03380409000248917,0.021557769894916017
-90.5,-9.5,6690,0.11214471860016487,0.02292965545869116,0.03061010497058518,0.020428096712785202
-89.5,-9.5,6691,0.1687786907665635,0.027167519932024167,0.031759230819932927,0.023675380524848688
-88.5,-9.5,6692,0.15309397474920455,0.03299468089709663,0.02785691595361494,0.03180558567464909
-87.5,-9.5,6693,0.1991672938527808,0.03858966727188104,0.032039352774291825,0.05560222392246291
-86.5,-9.5,6694,0.2534726101501397,0.04232058791096086,0.0294542361195446,0.08390359057107029
-85.5,-9.5,6695,0.27703531292353833,0.04309895496272638,0.023151211362511828,0.09031947652739952
-84.5,-9.5,6696,0.30027764564698484,0.048826270015882016,0.03926722798849169,0.09260643939989498
-83.5,-9.5,6697,0.298471104965191,0.0643133521568004,0.03125925846824847,0.10029051567799052
-82.5,-9.5,6698,0.23490192367511425,0.07972185393210528,0.033405983597109876,0.10638507067988054
-81.5,-9.5,6699,0.24163475688663386,0.0646671671102896,0.04198177520758009,0.10392889299121458
-80.5,-9.5,6700,0.2775917179148274,0.09432417434484108,0.04640453759885528,0.11631700420006305
-79.5,-9.5,6701,0.2707529090572629,0.10303712742084702,0.029885101652728934,0.11549820816483347
-78.5,-9.5,6702,0.1666106803646554,0.06173646740890778,0.03227110130813272,0.12027573862385064
-77.5,-9.5,6703,0.13744101484482513,0.09483383420599487,0.036609198096937995,0.14464384068909864
-76.5,-9.5,6704,0.18055197024087935,0.07080676996138968,0.06884393134187217,0.13164086611513243
-75.5,-9.5,6705,0.40879488039582856,0.11422956914768234,0.042195260538209566,0.08931961994353858
-74.5,-9.5,6706,0.2730326344442602,0.11395264710915391,0.053213938175338364,0.08277767305688112
-73.5,-9.5,6707,0.2529422631833034,0.10298689156947709,0.05421242448113003,0.13259115247329645
-72.5,-9.5,6708,0.22744008937898744,0.11346777076858441,0.030893683363857654,0.1399600587532278
-71.5,-9.5,6709,0.16882099074174606,0.10385684913568544,0.02928790847401471,0.10521234903773648
-70.5,-9.5,6710,0.1370178010907246,0.10512267721151423,0.039307662013076575,0.10578977378447224
-69.5,-9.5,6711,0.22041625638156082,0.17463890384747588,0.039721725667829694,0.11364247690200632
-68.5,-9.5,6712,0.21075283224643068,0.16832073136763,0.044310438425744066,0.09430322100920233
-67.5,-9.5,6713,0.3108362478297838,0.27906092562167933,0.08514604888051425,0.15289823438205555
-66.5,-9.5,6714,0.23295511647842898,0.33706340861705447,0.1061070151916584,0.20000447096301815
-65.5,-9.5,6715,0.16173114480715658,0.26092299566228166,0.08184189941353806,0.16748854160320137
-64.5,-9.5,6716,0.3152299813999901,0.4466167774479699,0.09064623315781056,0.27783533789998466
-63.5,-9.5,6717,0.4981222592384789,0.5454896202202855,0.0627764056874678,0.14272678110828954
-62.5,-9.5,6718,0.3920650525475005,0.6025884661082873,0.06648171577923521,0.21365003426326348
-61.5,-9.5,6719,0.2534314974475638,0.1887652143012012,0.06161315495774295,0.21986349958929458
-54.5,-9.5,6720,0.33707215424315884,0.11285439316682357,0.3212476897118971,0.26636262474602446
-53.5,-9.5,6721,0.08346361269975902,0.08211477813180121,0.014583707016275557,0.13474385638808742
-52.5,-9.5,6722,0.2325482847465004,0.18802325974374112,0.04994173882168186,0.246013359202721
-51.5,-9.5,6723,0.14409045839221613,0.16476427581333816,0.058104821431790084,0.22119713582982167
-50.5,-9.5,6724,0.17823804507782737,0.09436201056526489,0.05668028865747222,0.26947642472661854
-49.5,-9.5,6725,0.07124903165607548,NA,NA,0.16484386704834372
-48.5,-9.5,6726,0.049068112972236066,NA,NA,0.1374522714240411
-47.5,-9.5,6727,0.05982599660609629,NA,NA,0.1109990770993761
-46.5,-9.5,6728,0.07218962209544716,NA,NA,0.06010007194904712
-45.5,-9.5,6729,0.04731807980264285,NA,NA,0.0480514548119524
-44.5,-9.5,6730,0.052293403132763774,NA,NA,0.033318144973406204
-43.5,-9.5,6731,0.06514467522119677,NA,NA,0.03769501422774234
-42.5,-9.5,6732,0.06416793652253915,NA,NA,0.08677339843354054
-41.5,-9.5,6733,0.0859253656205492,NA,NA,0.0743503897127298
-40.5,-9.5,6734,0.07207188325140322,NA,NA,0.0987467773578221
-39.5,-9.5,6735,0.029381067550590775,0.022519534663496328,0.0439033940071846,0.030680717948311256
-36.5,-9.5,6736,0.040109720755270833,0.03397614164906031,0.03215696417906318,0.054118785622580844
-35.5,-9.5,6737,0.04418426452589507,0.04897834923263633,0.02412936421286629,0.10230252168166319
-34.5,-9.5,6738,0.09899168790112968,0.10764899674730376,0.02051028243148486,0.2811773447482815
-33.5,-9.5,6739,0.08279340570262171,0.06985760290690668,0.02555733434720793,0.19652517769586314
-30.5,-9.5,6740,0.03313906219164561,0.03911467004443096,0.02050993362049539,0.05221800403700465
-28.5,-9.5,6741,0.18913638130054544,0.1730814373402254,0.08350467862325744,0.35407613467939036
-27.5,-9.5,6742,0.3956492663673663,0.16841721733988504,0.08973277086000345,0.2826995368008394
-26.5,-9.5,6743,0.17509655519508782,0.1464174274778413,0.039420694718059736,0.31707981584051365
-25.5,-9.5,6744,0.15771513143547294,0.12773450592746616,0.03625737894734463,0.25237503466947353
-24.5,-9.5,6745,0.12240815361135714,0.09313545129586374,0.03955085036358963,0.299398220642589
-23.5,-9.5,6746,0.13019236127018768,0.1048513443027917,0.04207978189742797,0.40210856019580393
-22.5,-9.5,6747,0.16176510256959817,0.19482179026925964,0.05853468888923404,0.5436047650859243
-21.5,-9.5,6748,0.1532804065351699,0.25019473310519363,0.06883997601422893,0.42415440618078065
-20.5,-9.5,6749,0.15797474565119915,0.15696346416845797,0.05082403766083234,0.4133712060819647
-19.5,-9.5,6750,0.07068462504605917,0.3271408407590143,0.03204217510253205,0.09948828747224045
-18.5,-9.5,6751,0.1522337138657586,0.4752650364289071,0.03344045741637126,0.3000034577699907
-17.5,-9.5,6752,0.086237511666413,0.18857912524595297,0.04942535531488377,0.43420600943108095
-16.5,-9.5,6753,0.07626078888551045,0.10874881420840822,0.06952820861028164,0.39013550694601934
-15.5,-9.5,6754,0.08048644022098231,0.05952848951923724,0.0561393495523898,0.3871336155190616
-14.5,-9.5,6755,0.08947380469428629,0.07329085521092263,0.06670698120268856,0.3820526110182062
-13.5,-9.5,6756,0.09815880540773714,0.08116778335536194,0.04580751334039106,0.3236357174221894
-12.5,-9.5,6757,0.08354080307937273,0.10189487955042073,0.07062798311222414,0.44891029830393336
-11.5,-9.5,6758,0.07925353058153536,0.1129424102724695,0.07378119592924814,0.29882632805890785
-10.5,-9.5,6759,0.08380994685990414,0.12610305870082641,0.08200572272417488,0.25302945061787796
-9.5,-9.5,6760,0.0704089242689433,0.1323819945555648,0.05410019131171403,NA
-8.5,-9.5,6761,0.06441713741111994,0.10703258543317055,0.04501639509959911,NA
-7.5,-9.5,6762,0.05162294909925733,0.07790848283745164,0.04335627293812918,NA
-6.5,-9.5,6763,0.04879986158377363,0.06890301610861418,0.044451486499784025,NA
-5.5,-9.5,6764,0.04238626061726022,0.06697947073883005,0.03933692692650262,NA
-4.5,-9.5,6765,0.042486351045943935,0.05801639153305686,0.039242723927245926,NA
-3.5,-9.5,6766,0.03981266553870906,0.043632776655069955,0.03601026106696279,NA
-2.5,-9.5,6767,0.03816311995186359,0.03644911558876607,0.03579062022419901,NA
-1.5,-9.5,6768,0.05183047888666074,0.033757620604948496,0.035586605338001426,NA
-0.5,-9.5,6769,0.05089167300617886,0.033223990051406596,0.03660385970609381,NA
0.5,-9.5,6770,0.06044238484362062,0.02864714624100323,0.04757831945215392,0.0666273130512178
1.5,-9.5,6771,0.05188969026132252,0.025595111898187386,0.033417069425126525,0.05709058377301566
2.5,-9.5,6772,0.04663690570983369,0.02582590347590667,0.03351604880572309,0.044413640726507615
3.5,-9.5,6773,0.05493005374358414,0.026716308168706893,0.036759758316478645,0.04676304952351546
4.5,-9.5,6774,0.06561996194538787,0.03306716396199404,0.04312946620289216,0.04402831236917025
5.5,-9.5,6775,0.05962452167982999,0.050938456461490915,0.03691245289453037,0.03725400354918626
6.5,-9.5,6776,0.061214721411029335,0.04292456682826322,0.04659623815733228,0.036907517308396295
7.5,-9.5,6777,0.071238361725524,0.04960628715307948,0.059772261034684124,0.04260939452360699
8.5,-9.5,6778,0.05536955873151524,0.02945761442211353,0.04943762274366434,0.03162457477139898
9.5,-9.5,6779,0.06524237093239549,0.03308617049620925,0.05984713796814166,0.04491573064979315
20.5,-9.5,6790,0.10036811926183566,0.04964555260888233,0.0655194236738356,0.06309637415865171
21.5,-9.5,6791,0.14331103948082485,0.05063689394913392,0.071046600698834,0.0701903887560022
22.5,-9.5,6792,0.13339968984435358,0.051545752189319456,0.07495452918009098,0.07624170980921746
23.5,-9.5,6793,0.1532336396400367,0.05432712808772782,0.07572936595822045,0.07180601323374795
24.5,-9.5,6794,0.13655398848945588,0.06301995910211292,0.09039645978291751,0.09528263525376553
25.5,-9.5,6795,0.12724710342045248,0.05618402505204043,0.08964724911046199,0.09350491945592004
26.5,-9.5,6796,0.09451779040749532,0.05681683788505085,0.0758623159106855,0.10488441340264273
27.5,-9.5,6797,0.09058704804487579,0.059963272521936,0.08028497786123552,0.09143933850152848
28.5,-9.5,6798,0.10292617686880019,0.06678765487505144,0.07959038410183433,0.08325442248885735
29.5,-9.5,6799,0.09916060806862981,0.05660388221607377,0.06275479563961345,0.07423145551086896
30.5,-9.5,6800,0.09991453714878776,0.06550925784560037,0.060530103940304815,0.0785075783270254
31.5,-9.5,6801,0.09878836755667242,0.0640959212926275,0.05826588051949071,0.062115110614137235
32.5,-9.5,6802,0.09116072633058078,0.052170311588558206,0.05115091108331915,0.04629150798897962
33.5,-9.5,6803,0.0810705030514908,0.0456920220409066,0.04190729084572508,0.03990994730326369
34.5,-9.5,6804,0.10868254676955207,0.06369855962751976,0.04466537740346157,0.03980730243693001
35.5,-9.5,6805,0.07230892318916562,0.062251871491940766,0.03886712808963614,0.0364553550373285
36.5,-9.5,6806,0.06398548305537814,0.07506275975865466,0.04305355847666613,0.03831529325428615
37.5,-9.5,6807,0.05649946911853543,0.07411567487328116,0.03685392495754293,0.0350650839705695
38.5,-9.5,6808,0.05676534333671368,0.07162389237600955,0.03125483019863327,0.0322485992092709
39.5,-9.5,6809,0.060151124762125356,0.0859887162041743,0.02573917328509339,0.06723755806631
40.5,-9.5,6810,0.05569508180262464,0.06470604682485957,0.026568893192509352,0.03429400136885109
41.5,-9.5,6811,0.04716732756220243,0.05422043190490209,0.02044500751069892,0.027846428477453573
42.5,-9.5,6812,0.055582201754292744,0.06515752820713035,0.034743571986168814,0.02782992046749104
43.5,-9.5,6813,0.062162386236911074,0.06561600796818008,0.028015686097690076,0.029936136924576775
44.5,-9.5,6814,0.05570775575178436,0.048065108514589464,0.03140809508948425,0.027829381821970638
45.5,-9.5,6815,0.056286587718103,0.04689343760078622,0.025859575289047452,0.028761638848630124
46.5,-9.5,6816,0.05090238854564386,0.04464007911428246,0.024161073853735924,0.026201531090325168
47.5,-9.5,6817,0.041203578132400887,0.04573097658264124,0.02045686636371702,0.02311483933591119
48.5,-9.5,6818,0.03719734331741187,0.05886919616797757,0.014240923480913062,0.018333152612083018
49.5,-9.5,6819,0.02677519252124228,0.04324180306115444,0.011172558947908674,0.014021791717350124
50.5,-9.5,6820,0.02419034008473966,0.04763310243792797,NA,0.013187164414290329
51.5,-9.5,6821,0.023161067677793936,0.025844999466674547,NA,0.01271571096871621
52.5,-9.5,6822,0.02299491358863782,0.02255645740092048,NA,0.01135830713831663
53.5,-9.5,6823,0.02319255443678793,0.019226401618731594,NA,0.01098092565017113
54.5,-9.5,6824,0.023913760289739926,0.021770185147975348,NA,0.010924989731075495
55.5,-9.5,6825,0.022957641992117226,0.018756496075926492,NA,0.010556759819286877
56.5,-9.5,6826,0.019388856327100273,0.018951752891094922,NA,0.010386937967720592
57.5,-9.5,6827,0.015623002965076275,0.018634738704852608,NA,0.009192278763162203
58.5,-9.5,6828,0.014540985079853958,0.018140956317555412,NA,0.00879236050827445
59.5,-9.5,6829,0.014761926518502331,0.018573307254460762,NA,0.009173375346339
60.5,-9.5,6830,0.01449634304393638,0.018172595571462204,NA,0.009079501855247106
61.5,-9.5,6831,0.013994137165101861,0.024310751702853812,NA,0.00999355513876316
62.5,-9.5,6832,0.013980591010199788,0.02265280984050505,NA,0.009801605979998858
63.5,-9.5,6833,0.013796650157789895,0.022296952076739034,NA,0.009307561580159425
64.5,-9.5,6834,0.013478167089148039,0.02305983041020909,NA,0.00880153572926111
65.5,-9.5,6835,0.013715002297635625,0.023317570589197777,NA,0.0085907862090993
66.5,-9.5,6836,0.012968164696828849,0.016592164415042424,NA,0.00645029325353861
67.5,-9.5,6837,0.013222389402481537,0.014852495497455855,NA,0.007132350170599699
68.5,-9.5,6838,0.01315448913154259,0.014991234364049116,NA,0.007016257437636066
69.5,-9.5,6839,0.013025224752625311,0.015465823538330516,NA,0.007385674871525096
70.5,-9.5,6840,0.013016452748355885,0.015228280783947036,NA,0.007518174795924019
71.5,-9.5,6841,0.012621956101970623,0.015067426277605588,NA,0.007852483423078128
72.5,-9.5,6842,0.012885313354659278,0.013239185267246755,NA,0.006808451725457551
73.5,-9.5,6843,0.012725669721563,0.014291240355745112,NA,0.006563220353378251
74.5,-9.5,6844,0.013750729234937267,0.01870201686016921,NA,0.006721548771136386
75.5,-9.5,6845,0.015313620737420151,0.020412197666882157,NA,0.006995392048394842
76.5,-9.5,6846,0.01334077861475233,0.01656287743911244,NA,0.005647254120840676
77.5,-9.5,6847,0.012619999516206041,0.015628365107787614,NA,0.005245755810768827
78.5,-9.5,6848,0.012863561751736011,0.015799315354676657,NA,0.004987365749631067
79.5,-9.5,6849,0.012642008003681595,0.01575469642779143,NA,0.004655085987380887
80.5,-9.5,6850,0.012739977907845089,NA,NA,0.004711646896890009
81.5,-9.5,6851,0.014396182419266474,NA,NA,0.004584600809983009
82.5,-9.5,6852,0.014646577564318858,NA,NA,0.004701839879272743
83.5,-9.5,6853,0.015091261248000297,NA,NA,0.004790755005978009
84.5,-9.5,6854,0.013873093552267122,NA,NA,0.005008067914657365
85.5,-9.5,6855,0.016850883551867597,NA,NA,0.006319587905579396
86.5,-9.5,6856,0.016786260425559897,NA,NA,0.007805597928568243
87.5,-9.5,6857,0.014419218160408101,NA,NA,0.007888898002592497
88.5,-9.5,6858,0.014720585279718363,NA,NA,0.007588962824902397
89.5,-9.5,6859,0.01194193448113642,NA,NA,0.007908262448577197
-139.5,-8.5,6872,0.15910623569843432,NA,0.014498465337611732,0.05116693784051233
-138.5,-8.5,6873,0.14047809024256547,NA,0.01603527017713609,0.027756820398570668
-137.5,-8.5,6874,0.0929069871511351,NA,0.018595552077269758,0.03663662304936804
-136.5,-8.5,6875,0.09415771488317583,NA,0.020790783332059998,0.05367024409321342
-135.5,-8.5,6876,0.13590756749932084,NA,0.018917162748488613,0.051875246101509856
-134.5,-8.5,6877,0.20991573650545228,NA,0.016929648025891395,0.040426591591340086
-133.5,-8.5,6878,0.3509105474813466,NA,0.01767885908297292,0.04194251183335005
-132.5,-8.5,6879,0.2207994388607818,NA,0.014639434041376676,0.041991032667594456
-131.5,-8.5,6880,0.28502877212738215,NA,0.0191392037055363,0.04433083643782912
-130.5,-8.5,6881,0.2531611848238593,NA,0.012711445003802209,0.032037472023111156
-129.5,-8.5,6882,0.27297815706826717,0.05153191635250382,0.010740931610850865,0.043447092613968785
-128.5,-8.5,6883,0.1952867079876486,0.04410895444653813,0.009792313373497456,0.042580591929216795
-127.5,-8.5,6884,0.19447661047435671,0.04747614635219702,0.011775721205489826,0.050871997040425075
-126.5,-8.5,6885,0.1760436143480361,0.04904787991731908,0.011055490077351756,0.05339365074363734
-125.5,-8.5,6886,0.14392488726712988,0.046699478772955806,0.016373014885492403,0.0634595323556157
-124.5,-8.5,6887,0.1547811864923947,0.047070352108410186,0.012129239403468115,0.0637184563469998
-123.5,-8.5,6888,0.11840533243478756,0.042123693934933766,0.016471333694052015,0.05826560471132021
-122.5,-8.5,6889,0.12552234581319133,0.05878197137433415,0.010937887065098555,0.06723269569354849
-121.5,-8.5,6890,0.1582797709398865,0.04957118542710129,0.015345896921175118,0.06866741577871568
-120.5,-8.5,6891,0.23050499065265204,0.10763756021020297,0.021403593213453937,0.09542562002831875
-119.5,-8.5,6892,0.1759789550176328,0.06071736198986049,NA,0.05943304744240159
-118.5,-8.5,6893,0.14629594468720497,0.057386979148973095,NA,0.05906753687732037
-117.5,-8.5,6894,0.09983760970650653,0.044129361827545656,NA,0.039809565236551873
-116.5,-8.5,6895,0.12222720854861145,0.048458426663073685,NA,0.04401622502828576
-115.5,-8.5,6896,0.12174326434202234,0.04613264317646455,NA,0.04471854689105893
-114.5,-8.5,6897,0.12227359305545468,0.04397707367104311,NA,0.047481347515190786
-113.5,-8.5,6898,0.12033213984952698,0.04386719894242209,NA,0.048984354742292124
-112.5,-8.5,6899,0.12275318943287727,0.04533225036902585,NA,0.05813054832181541
-111.5,-8.5,6900,0.13808719707564593,0.07265545020424273,NA,0.06768173063571796
-110.5,-8.5,6901,0.14316396529587316,0.07823580921682993,NA,0.10180462779217846
-109.5,-8.5,6902,0.14868363043317848,0.06709936668539228,0.022899980524419366,0.10553104576330445
-108.5,-8.5,6903,0.14415143821371798,0.0662110726815516,0.02305234317361153,0.08843953841350528
-107.5,-8.5,6904,0.10612929304770212,0.04899100725486059,0.02563644104789404,0.08648417533410607
-106.5,-8.5,6905,0.12281428008673258,0.05624616990141354,0.027908115889486763,0.09110044105805908
-105.5,-8.5,6906,0.08438839032893819,0.08934522129682534,0.023402798582465776,0.09157748202361278
-104.5,-8.5,6907,0.08462777493053548,0.08296254471682724,0.023861405648600554,0.09739875183765749
-103.5,-8.5,6908,0.09130375251184004,0.03844617952047237,0.023656542509347463,0.09089445785016778
-102.5,-8.5,6909,0.06763006920136637,0.031188461269978603,0.021057910653428925,0.06755306705663369
-101.5,-8.5,6910,0.05441380033959191,0.02659277995822833,0.01992475727468832,0.05562125916344696
-100.5,-8.5,6911,0.08403110348093511,0.02407082405602036,0.017136597096075182,0.028715836546812652
-99.5,-8.5,6912,0.07521977366855336,0.020797789143244847,0.026589108900382668,0.023159783651328078
-98.5,-8.5,6913,0.07743605584024839,0.020985947021513428,0.0203290509326882,0.020105333543667222
-97.5,-8.5,6914,0.0555181918257684,0.01664653264175545,0.01943047726978797,0.021444428960504202
-96.5,-8.5,6915,0.06705196617862845,0.014450626585673575,0.018878008561750044,0.032059928150308406
-95.5,-8.5,6916,0.14813138032974718,0.01742816048315111,0.019874145149762015,0.035014639106565534
-94.5,-8.5,6917,0.14421898742145367,0.017380190949128644,0.017942137647287693,0.028501286346206346
-93.5,-8.5,6918,0.16497019974052876,0.017572880682796787,0.011628740969744773,0.022370116606341934
-92.5,-8.5,6919,0.1697678907320047,0.019109808422682926,0.01057435912815869,0.029816456725991834
-91.5,-8.5,6920,0.14436018911372903,0.021946292862830542,0.016162358494788972,0.02593922546033773
-90.5,-8.5,6921,0.20003900053108128,0.028274811581465786,0.022461633998656534,0.034088626481555806
-89.5,-8.5,6922,0.23102421213615065,0.03456265864943376,0.022178984923105237,0.03445366903050712
-88.5,-8.5,6923,0.2235511708509053,0.045039516730075994,0.032631343037536634,0.04018242344573876
-87.5,-8.5,6924,0.24700211561294155,0.04923674331210905,0.037525927589558715,0.038580743959140046
-86.5,-8.5,6925,0.19268967480616014,0.060446089874324524,0.026769078647845265,0.04651842902988954
-85.5,-8.5,6926,0.171090056982172,0.051044966055773945,0.03836540087228601,0.054711837112586155
-84.5,-8.5,6927,0.26711236479448786,0.07894334099482603,0.06922633231860813,0.09653950317135473
-83.5,-8.5,6928,0.17134340662764896,0.08092832516252574,0.07247997431039792,0.08815782974532954
-82.5,-8.5,6929,0.1717965797977502,0.0880674804472808,0.041344584037332814,0.08260912722653169
-81.5,-8.5,6930,0.15996925127343947,0.07036560699276073,0.0607246742860246,0.08382968388709612
-80.5,-8.5,6931,0.25333002622401557,0.12018652459630845,0.06912691665696231,0.09861793916808186
-79.5,-8.5,6932,0.3597036679086234,0.2722918968848777,0.06104051166884043,0.10789985793840816
-78.5,-8.5,6933,0.17523945331314938,0.12636864863803693,0.04464184639951314,0.1097711726256334
-77.5,-8.5,6934,0.1423135058064248,0.05798287601425723,0.04960956557980996,0.11789278393974417
-76.5,-8.5,6935,0.44096293737070985,0.12955725678101962,0.1088299794706325,0.14551874918380683
-75.5,-8.5,6936,0.4349346474831411,0.16802382419925158,0.17098742814831575,0.22464981085606642
-74.5,-8.5,6937,0.3497442927835047,0.07851671096398209,0.0779740600915556,0.16473476156271005
-73.5,-8.5,6938,0.24253366714648958,0.1931495618191423,0.04711793058319223,0.12126660058897332
-72.5,-8.5,6939,0.13329925168791648,0.29526638578590353,0.05944434341642488,0.1542634914732602
-71.5,-8.5,6940,0.13233519367870505,0.13548308921759067,0.06353651517103423,0.132331479354456
-70.5,-8.5,6941,0.19499600170250006,0.14948922964448902,0.0922988709768491,0.10754208278198171
-69.5,-8.5,6942,0.09668636863062753,0.0695312799362829,0.05961300774070451,0.10786951452611261
-68.5,-8.5,6943,0.07661916661733567,0.09866700978756912,0.04742663593580099,0.10038763700318569
-67.5,-8.5,6944,0.11659212263424268,0.35109242641060007,0.05884292747562028,0.1383875573245401
-66.5,-8.5,6945,0.27260516265321755,0.5204561080073444,0.03959264022247887,0.08817644142291824
-54.5,-8.5,6946,0.08349454440342695,0.06420656336244132,0.024624890112154383,0.14872505077990017
-52.5,-8.5,6947,0.06648597749721336,0.07318746517391608,0.020274275446491605,0.14672997013366018
-51.5,-8.5,6948,0.06900771822157012,0.028292149310590358,0.029295805294432455,0.13544577514510459
-50.5,-8.5,6949,0.09335689430152187,0.04504466698312796,0.060782495985502095,0.2506074776241092
-49.5,-8.5,6950,0.11781105671431219,NA,NA,0.20115299745421794
-48.5,-8.5,6951,0.14423386835491198,NA,NA,0.1674643712499826
-47.5,-8.5,6952,0.08903316580709981,NA,NA,0.08181395658388214
-46.5,-8.5,6953,0.039472273895685916,NA,NA,0.04448660608641878
-45.5,-8.5,6954,0.03019594561488424,NA,NA,0.031667963960167474
-44.5,-8.5,6955,0.042491095346834394,NA,NA,0.04511406242853748
-43.5,-8.5,6956,0.07621533472295779,NA,NA,0.04259614799363981
-42.5,-8.5,6957,0.03732884361612241,NA,NA,0.035407948645840945
-41.5,-8.5,6958,0.052419148373708355,NA,NA,0.031895138385459564
-40.5,-8.5,6959,0.05648691925696771,NA,NA,0.07440524412223709
-31.5,-8.5,6960,0.0363183078334728,0.23343645510976224,0.0494271540274807,0.14913954160557466
-30.5,-8.5,6961,0.0772552664278942,0.22313044762829726,0.10139387545538206,0.2784982448299797
-29.5,-8.5,6962,0.1859184675924693,0.19864339035176629,0.12317966330218594,0.4211279600316397
-28.5,-8.5,6963,0.15707737071474906,0.18028892211722955,0.07832615772781984,0.39221262360201675
-27.5,-8.5,6964,0.21928214004679378,0.15142700807374596,0.06490890661898666,0.3362404239653533
-26.5,-8.5,6965,0.2661286950742443,0.2648590455090959,0.06427770133480941,0.36234353272381037
-25.5,-8.5,6966,0.1852847663500438,0.2283017597174699,0.06177697546675909,0.37491247963005053
-24.5,-8.5,6967,0.16641966707112182,0.28830107665398685,0.07868606395009677,0.4996840137744292
-23.5,-8.5,6968,0.1512760947924719,0.2777445936735463,0.07180729194217329,0.5150373476863664
-22.5,-8.5,6969,0.21071448326630704,0.2986158565965241,0.10226450979996164,0.5041633304707069
-21.5,-8.5,6970,0.2539513043919854,0.3388158370025767,0.08559031900000015,0.346650950940573
-20.5,-8.5,6971,0.18219395775197178,0.23596906420478178,0.07426906097886991,0.4175433345670608
-19.5,-8.5,6972,0.29464342835114266,0.21739988956807885,0.18352934192052167,0.6278858391235395
-18.5,-8.5,6973,0.14913304526969448,0.12260203002463291,0.06997303537870522,0.6502121779362354
-17.5,-8.5,6974,0.06233342413391065,0.058351263209883944,0.08790420204011673,0.48696773082427447
-16.5,-8.5,6975,0.11785135417528644,0.053998592151792084,0.1049785566080136,0.3895335636871552
-15.5,-8.5,6976,0.11132231113320248,0.037439675154107184,0.06375281573148682,0.3530264703881415
-14.5,-8.5,6977,0.11200226357155676,0.04451645959581324,0.08285900775339272,0.38092546800168964
-13.5,-8.5,6978,0.11824123928644965,0.04974378315373786,0.080842269598311,0.48365993890155257
-12.5,-8.5,6979,0.11420326654442216,0.06223145012546253,0.09058381956394793,0.3289119665215963
-11.5,-8.5,6980,0.0954955078773418,0.05829452874052205,0.10469913717208777,0.2589760851479893
-10.5,-8.5,6981,0.056002226458270375,0.06669448269932342,0.06381284685254249,0.2958087673801511
-9.5,-8.5,6982,0.048609143937000235,0.06419105060290414,0.08142421474975733,NA
-8.5,-8.5,6983,0.04146246353198717,0.06214816212992616,0.08207226610542948,NA
-7.5,-8.5,6984,0.03725537977050871,0.05340116305689501,0.08494435853298872,NA
-6.5,-8.5,6985,0.03722104248179813,0.05346594053785144,0.08795798754741377,NA
-5.5,-8.5,6986,0.03891063454175256,0.04503508193973361,0.07868598293229585,NA
-4.5,-8.5,6987,0.057190651664804255,0.04031996103169626,0.06373454152819479,NA
-3.5,-8.5,6988,0.04947815929565258,0.03978680852250942,0.05397669070272542,NA
-2.5,-8.5,6989,0.05616385607295388,0.0514335627786999,0.05977849339599603,NA
-1.5,-8.5,6990,0.055936127567340406,0.04467058631768274,0.058719150923888755,NA
-0.5,-8.5,6991,0.05578567794566134,0.04302977468112602,0.06220908885332625,NA
0.5,-8.5,6992,0.053343766713758095,0.03492576468992639,0.04724242690848819,0.057161916124382525
1.5,-8.5,6993,0.05442466488589237,0.0327979398665522,0.04985012306022852,0.0447867024019556
2.5,-8.5,6994,0.05835733856521114,0.03968760871108899,0.05714462555984821,0.03839767340407438
3.5,-8.5,6995,0.06870043354253723,0.05265908636089196,0.06113578378087555,0.04696705834713719
4.5,-8.5,6996,0.05631037286213605,0.046250334325147746,0.06432773112062821,0.044267915841933715
5.5,-8.5,6997,0.05134846767483979,0.033085468088876815,0.05382054223144751,0.06363041689795702
6.5,-8.5,6998,0.06007842300360418,0.03947742725879828,0.05883051928064332,0.04875843835413307
7.5,-8.5,6999,0.029915791098292576,0.018723068355417222,0.03879922311495769,0.02741530499513561
8.5,-8.5,7000,0.06747789933631769,0.044925911180856,0.06719023097382426,0.058583046857477235
9.5,-8.5,7001,0.05451202229032861,0.04635967660623995,0.060348486801149834,0.05572322317162513
20.5,-8.5,7012,0.09412022659060443,0.05360348891532329,0.08075399658612371,0.07033389614058369
21.5,-8.5,7013,0.10018345031656088,0.06482931380661314,0.08177644290441383,0.07615882264338007
22.5,-8.5,7014,0.08856762234129421,0.064911380638687,0.08397724792285764,0.08504141024616463
23.5,-8.5,7015,0.07736219916688968,0.06125017318725074,0.07714530149586574,0.07521483559454367
24.5,-8.5,7016,0.08459144677437243,0.05987529560583507,0.08326682647292022,0.07618102131724246
25.5,-8.5,7017,0.07735122475751731,0.05830885196662346,0.07566804762177623,0.06619913692823831
26.5,-8.5,7018,0.07546412934875965,0.05790090173494747,0.07865789718690802,0.06703107564693864
27.5,-8.5,7019,0.08533844775287884,0.062244476742647395,0.08442124532096126,0.07343043628765372
28.5,-8.5,7020,0.08514407586780187,0.04466804872261178,0.06645991496101243,0.06454544819366478
29.5,-8.5,7021,0.10121597783636274,0.045002308415397534,0.06501702965899211,0.06526961370310772
30.5,-8.5,7022,0.06403016106589113,0.041515353119786366,0.05570580527764885,0.056418872516774056
31.5,-8.5,7023,0.07337972251441902,0.04452896244105551,0.0506873866925175,0.04835221978470479
32.5,-8.5,7024,0.06248433880049177,0.0478042109422126,0.04929084494769179,0.04146574979009364
33.5,-8.5,7025,0.05280606004024099,0.052332108707087155,0.04775904245381615,0.04048543343530298
34.5,-8.5,7026,0.05828945683488568,0.06054853295337962,0.04937311361221586,0.044415392698661446
35.5,-8.5,7027,0.05865366192344314,0.07287119722516214,0.04725616064967957,0.04059069188052965
36.5,-8.5,7028,0.0543890410464538,0.08257497691768889,0.03828271289570638,0.03441828976099804
37.5,-8.5,7029,0.04835691523816877,0.08262016210383295,0.04466753824375494,0.028728583250679337
38.5,-8.5,7030,0.05538055619104157,0.06263341678999673,0.04625383905584527,0.03641257580394037
39.5,-8.5,7031,0.03637946489376227,0.03472015594777042,0.036136167538318255,0.02698037174285412
40.5,-8.5,7032,0.0455412621451681,0.03818200318046434,0.03259707171303631,0.03145731291843311
41.5,-8.5,7033,0.04390977216171504,0.05225012174421257,0.037148787872942166,0.033658814390597036
42.5,-8.5,7034,0.039969086818919,0.049162535625883574,0.03804131057375174,0.031480956318094395
43.5,-8.5,7035,0.04000834072150078,0.044161441873448254,0.038395208714351994,0.02984723119681184
44.5,-8.5,7036,0.039509491699501104,0.04660655506375162,0.03297067293506038,0.02831932308000635
45.5,-8.5,7037,0.03662124504758447,0.051830577118026584,0.03047350977282188,0.02431469831501233
46.5,-8.5,7038,0.028766602528442212,0.04913644497862752,0.023716179035738083,0.01882861484716816
47.5,-8.5,7039,0.025545707874260394,0.04754122595970341,0.01823235414628415,0.017152366924055872
48.5,-8.5,7040,0.023715612498520257,0.05237233073956674,0.016591376400299385,0.016107596625170792
49.5,-8.5,7041,0.018847906210901592,0.028812880963949454,0.012870899944178529,0.011060838669966438
50.5,-8.5,7042,0.019090111196846664,0.025019723545744933,NA,0.010657977136906915
51.5,-8.5,7043,0.017414919093021942,0.026116316563126216,NA,0.010340426527556514
52.5,-8.5,7044,0.017768474577687276,0.0215741848136421,NA,0.0098062473971585
53.5,-8.5,7045,0.017833508656729676,0.02018958376968207,NA,0.01027475517487358
54.5,-8.5,7046,0.020461704700835418,0.021611163562915984,NA,0.00949703669183934
55.5,-8.5,7047,0.022452756562197786,0.023160176737086476,NA,0.00911193914565864
56.5,-8.5,7048,0.01764452030703155,0.023384735778411006,NA,0.00980529095695819
57.5,-8.5,7049,0.01603368977377144,0.02958959277608293,NA,0.00904300019505633
58.5,-8.5,7050,0.016690449596396238,0.024187901995864368,NA,0.009013420735208775
59.5,-8.5,7051,0.016778864694304285,0.026055260705542496,NA,0.009836124607014348
60.5,-8.5,7052,0.015924250878807795,0.028464187070298196,NA,0.010656608719134469
61.5,-8.5,7053,0.013844158093927424,0.029148921884054685,NA,0.010817873416869605
62.5,-8.5,7054,0.012941744002525053,0.031191903390926583,NA,0.010702914482127896
63.5,-8.5,7055,0.013250996535347212,0.031321992896167876,NA,0.010836620290930113
64.5,-8.5,7056,0.013360758501767782,0.031216473034008745,NA,0.010572551602144119
65.5,-8.5,7057,0.01533634747328639,0.03529449583636983,NA,0.0125290595943855
66.5,-8.5,7058,0.011669520209188834,0.027864533698022165,NA,0.00932208065592408
67.5,-8.5,7059,0.017438036860709542,0.02732481489560042,NA,0.008566398219346313
68.5,-8.5,7060,0.01740340114495528,0.027917337055645315,NA,0.00819896360620625
69.5,-8.5,7061,0.018862998282899016,0.027427822385822788,NA,0.007998005899288278
70.5,-8.5,7062,0.017211786465071228,0.02382551109277708,NA,0.009028274754182143
71.5,-8.5,7063,0.01723805548429567,0.020277039527504336,NA,0.009084916232764214
72.5,-8.5,7064,0.016959331505089496,0.020107452828365804,NA,0.007560868817207255
73.5,-8.5,7065,0.015767386800238276,0.019036501229732217,NA,0.0075456562692726775
74.5,-8.5,7066,0.01504259585025311,0.01895089840287117,NA,0.007305861792638932
75.5,-8.5,7067,0.01830890345630716,0.0231022971884262,NA,0.013345852315734784
76.5,-8.5,7068,0.016698488093765677,0.02141230641371883,NA,0.0106948047205004
77.5,-8.5,7069,0.0159148227310784,0.021221459794757317,NA,0.009479065345882672
78.5,-8.5,7070,0.016777909533982536,0.020918828461775896,NA,0.009636779499027394
79.5,-8.5,7071,0.018430625445543438,0.019205254018291325,NA,0.008568363352716553
80.5,-8.5,7072,0.019003293714000287,NA,NA,0.009460730434036311
81.5,-8.5,7073,0.020169309949430038,NA,NA,0.008126252189247958
82.5,-8.5,7074,0.022670846170395945,NA,NA,0.00826199711837442
83.5,-8.5,7075,0.022593626156327387,NA,NA,0.007425380502836029
84.5,-8.5,7076,0.02708324913923005,NA,NA,0.008681260312291763
85.5,-8.5,7077,0.025299650106378264,NA,NA,0.012573495756290565
86.5,-8.5,7078,0.01464827166763593,NA,NA,0.01459778156343964
87.5,-8.5,7079,0.01266099021508812,NA,NA,0.008138798575969023
88.5,-8.5,7080,0.01942111362267349,NA,NA,0.011292171161832766
89.5,-8.5,7081,0.015580950703209483,NA,NA,0.010811881367477277
-139.5,-7.5,7093,0.16944813567388284,NA,0.01342400643211186,0.033875910721349635
-138.5,-7.5,7094,0.19912086054116293,NA,0.015654637077065024,0.029188500926342377
-137.5,-7.5,7095,0.22466046477193855,NA,0.014188267524392825,0.052418927885886916
-136.5,-7.5,7096,0.19798564127556983,NA,0.017342460218295434,0.04629638139306697
-135.5,-7.5,7097,0.17241944959979275,NA,0.012891574755473294,0.034915235048181566
-134.5,-7.5,7098,0.14223504885267216,NA,0.016621558243368934,0.0342059144500414
-133.5,-7.5,7099,0.1171961876052235,NA,0.017181898953432685,0.03510743934056365
-132.5,-7.5,7100,0.1778120797369804,NA,0.016889600761781417,0.03237281710505742
-131.5,-7.5,7101,0.17774690509669772,NA,0.010639213813909058,0.036369901653468505
-130.5,-7.5,7102,0.2373286653781764,NA,0.010338675738564049,0.03811787010039633
-129.5,-7.5,7103,0.27989939411924564,0.0540040755666829,0.012868520099743522,0.051744808419430084
-128.5,-7.5,7104,0.24998353260795245,0.05758389941531886,0.011408702518040818,0.0546450426431031
-127.5,-7.5,7105,0.2465134802609945,0.06883358987412937,0.017403595182317926,0.0640407107142257
-126.5,-7.5,7106,0.23890131438551562,0.06362315200594819,0.015625621243805062,0.06174033331148075
-125.5,-7.5,7107,0.19693908254076622,0.06888079731162147,0.017272626849997582,0.061251842929883206
-124.5,-7.5,7108,0.17564019834091316,0.07200031932879583,0.01072044018117368,0.0638182334823909
-123.5,-7.5,7109,0.14973689595582507,0.0797405064217122,0.01497243161483796,0.06491648940941491
-122.5,-7.5,7110,0.1335502446400036,0.07408345835394826,0.013110432764175752,0.05423135197712813
-121.5,-7.5,7111,0.10006671167148448,0.07100953468328784,0.016734402140300104,0.05048465879093551
-120.5,-7.5,7112,0.11151025749993411,0.07191165151227882,0.016085093697207828,0.057120179707704645
-119.5,-7.5,7113,0.11466346807905851,0.056217572663598926,NA,0.05704526847893941
-118.5,-7.5,7114,0.10939103969060669,0.051444296511065746,NA,0.05782137384355918
-117.5,-7.5,7115,0.0911395135939172,0.04368547120176381,NA,0.04750496217867813
-116.5,-7.5,7116,0.07003216114311665,0.051135955951076804,NA,0.03654564938977602
-115.5,-7.5,7117,0.093084581914331,0.07454149002161767,NA,0.046026866766432126
-114.5,-7.5,7118,0.11836467056279121,0.06551746417443692,NA,0.046962768121102484
-113.5,-7.5,7119,0.1678659302574637,0.0737180592286294,NA,0.06145306477042899
-112.5,-7.5,7120,0.14366657487048146,0.06360143704352307,NA,0.05948879842354879
-111.5,-7.5,7121,0.13514902952849103,0.10026283545751913,NA,0.06750290160190912
-110.5,-7.5,7122,0.16059607150889518,0.10803019041012397,NA,0.11192321033960623
-109.5,-7.5,7123,0.16935446584994482,0.1073579723210933,0.03638745426994258,0.09880529638299906
-108.5,-7.5,7124,0.20027800874579574,0.12290729437026064,0.040087090798409525,0.13302716504394366
-107.5,-7.5,7125,0.09499560834075195,0.03947867877135432,0.024323186614908513,0.06137986051604009
-106.5,-7.5,7126,0.1475530914558887,0.08289676396993975,0.04196473305813286,0.11128294918267706
-105.5,-7.5,7127,0.1313474323820926,0.10082944670911959,0.03069091462450533,0.09740999083020939
-104.5,-7.5,7128,0.12153228727054426,0.10214974278373382,0.03507994955190933,0.11642560067428587
-103.5,-7.5,7129,0.0833422283844856,0.06378952069724825,0.033964329256547195,0.10540412447794519
-102.5,-7.5,7130,0.0715347571749459,0.04439826524558671,0.04030849463151548,0.09650359111383063
-101.5,-7.5,7131,0.053894900335321086,0.031066498566237732,0.024232066466133125,0.0629380995167612
-100.5,-7.5,7132,0.04854633044157818,0.029044007967009098,0.02315435245166722,0.039625865301985204
-99.5,-7.5,7133,0.051055171679590915,0.026222582196864744,0.020770459432100256,0.028705589646513083
-98.5,-7.5,7134,0.04452577281889005,0.023831611729220617,0.019432269958255227,0.023220207318298575
-97.5,-7.5,7135,0.03693794832060892,0.0227199766023393,0.019393143517257697,0.020578645214254336
-96.5,-7.5,7136,0.05396977392658107,0.02227696381868331,0.013674043010120191,0.026755750712764592
-95.5,-7.5,7137,0.06521751693935696,0.0240149128178732,0.020167730798571773,0.038154887535913624
-94.5,-7.5,7138,0.07883751138792841,0.022294490701582577,0.014287641771279464,0.03219491379843282
-93.5,-7.5,7139,0.06957125378500988,0.023120646407893786,0.015272412093313384,0.034447341191864954
-92.5,-7.5,7140,0.08008947867626971,0.02330452605367815,0.010994988297804044,0.03485319655482674
-91.5,-7.5,7141,0.09266407214956537,0.024594255584224088,0.016961735845387797,0.027474735063858828
-90.5,-7.5,7142,0.06997690431350029,0.027815087896431043,0.019706267087221823,0.03423120785769921
-89.5,-7.5,7143,0.07882351909971777,0.03080226085168776,0.021390362488330254,0.030318815917220226
-88.5,-7.5,7144,0.06467510533165184,0.044584035690207274,0.020795527322965017,0.02555069307254553
-87.5,-7.5,7145,0.07109012829791453,0.04305694900840463,0.020495944808629405,0.031632249076196446
-86.5,-7.5,7146,0.08948673957906013,0.040192859838161524,0.01679138038878736,0.03780648285490916
-85.5,-7.5,7147,0.06619502859156318,0.04503815291668337,0.017120046214376315,0.0376054252899328
-84.5,-7.5,7148,0.06742378648162485,0.05450447546858252,0.028315457912700712,0.04436968753530712
-83.5,-7.5,7149,0.08258265539693294,0.05274308910631965,0.030911939372662064,0.05669195539742264
-82.5,-7.5,7150,0.10911886167796034,0.06841155294794882,0.03458414526377683,0.06246624941179897
-81.5,-7.5,7151,0.11718230358894768,0.07049680928395927,0.07173062897930402,0.0916540399081931
-80.5,-7.5,7152,0.15113295552023384,0.10787793109891461,0.043055982823575395,0.09136560421102176
-79.5,-7.5,7153,0.16060462574545914,0.18797601531925143,0.05550054087229673,0.07670958020660824
-78.5,-7.5,7154,0.40587999807770136,0.11746768210179656,0.06094959841938499,0.0957790794188641
-77.5,-7.5,7155,0.3229466744315967,0.10754638238793626,0.09441353112703814,0.15965664804786553
-76.5,-7.5,7156,0.2188586890933025,0.11022270535640705,0.10191002941620171,0.1364270699211627
-75.5,-7.5,7157,0.3426929100473138,0.21582358494341095,0.13724420825618466,0.11500750842663757
-74.5,-7.5,7158,0.1437565083749171,0.09164648941306104,0.19107528676650692,0.15876461733961375
-73.5,-7.5,7159,0.15910437983950118,0.06977407203647065,0.04107883553225545,0.08913445894846501
-66.5,-7.5,7160,0.04186427288116905,0.05247893349703851,0.10616419251734464,0.05456870064395537
-65.5,-7.5,7161,0.01699834747981989,0.01634110821170412,0.04150457424254649,0.023980949839104766
-58.5,-7.5,7162,0.3354319568784407,0.1769099512682435,0.06404346357003071,0.11156419481179218
-57.5,-7.5,7163,0.17858063663774867,0.21730700605713646,0.06391957221042763,0.12150854257809944
-56.5,-7.5,7164,0.12148769615571646,0.17609616627443353,0.05074457841137593,0.17404519205142369
-55.5,-7.5,7165,0.15634870319351413,0.14898821692989056,0.10203675859902418,0.15937560740961332
-54.5,-7.5,7166,0.1398429898012084,0.09346220710798687,0.08266361785392798,0.186939536875918
-53.5,-7.5,7167,0.06248450324205643,0.10979417284328573,0.07519768676655272,0.10958316431000543
-52.5,-7.5,7168,0.0621714527190318,0.05797672212268023,0.036771072307628265,0.03285827526699989
-51.5,-7.5,7169,0.07622768568691016,0.08231595567534705,0.05778479444431921,0.07824892454017504
-50.5,-7.5,7170,0.085435386028559,0.12068767470850014,0.0861474554381204,0.12264441595860887
-49.5,-7.5,7171,0.08202861839396064,NA,NA,0.14617500582447102
-47.5,-7.5,7172,0.09494766525576359,NA,NA,0.10256324629445678
-46.5,-7.5,7173,0.05038492849261891,NA,NA,0.06646776192495897
-45.5,-7.5,7174,0.02766580105400763,NA,NA,0.04472668718398638
-44.5,-7.5,7175,0.038985400034268806,NA,NA,0.04901776605941967
-43.5,-7.5,7176,0.04283253997740965,NA,NA,0.12106727356270257
-42.5,-7.5,7177,0.034933767752800556,NA,NA,0.11284594069865322
-32.5,-7.5,7178,0.0500780603626497,0.14666291879872315,0.10697440114179728,0.16462279391743576
-31.5,-7.5,7179,0.10013440279681124,0.1908240230338988,0.07091434416726364,0.17611936913728013
-30.5,-7.5,7180,0.14025523528110667,0.16595964524961132,0.0774747284281763,0.2976644032104794
-29.5,-7.5,7181,0.15916091831117338,0.16260403687712524,0.0754583679086118,0.27654692299450884
-28.5,-7.5,7182,0.2034410181571049,0.20222312734731906,0.07448817548900766,0.31550063243991333
-27.5,-7.5,7183,0.2697418426940681,0.18539201283671336,0.06903023531939523,0.2652334699089488
-26.5,-7.5,7184,0.16280214334685716,0.19077183696259561,0.08323316258096163,0.4881778414378858
-25.5,-7.5,7185,0.10900107854105381,0.21269469745916056,0.13998342388607277,0.5593041174063951
-24.5,-7.5,7186,0.10879208432350417,0.2388984977538533,0.13153101468072875,0.47699242001831527
-23.5,-7.5,7187,0.1677572401532504,0.31476041084391215,0.1112955221634665,0.49663569387394635
-22.5,-7.5,7188,0.21285242911253177,0.2531799167409699,0.14217312650223674,0.6194477232563227
-21.5,-7.5,7189,0.11253457336087923,0.15815151335568722,0.06079513460004385,0.3498881079911461
-20.5,-7.5,7190,0.17856798031234192,0.10011303318839865,0.06984163112981245,0.48524399690117404
-19.5,-7.5,7191,0.06232757651414773,0.07726570811536403,0.08011791529968594,0.41313341057394076
-18.5,-7.5,7192,0.06232308896668728,0.08102370259623935,0.08538439231759773,0.5721830725483986
-17.5,-7.5,7193,0.09284285461403032,0.08438202988620369,0.05799634473324917,0.3213618842555807
-16.5,-7.5,7194,0.07057838364587934,0.058015285392295945,0.08305722389973419,0.2425254608827671
-15.5,-7.5,7195,0.0795187891263048,0.03975746008403536,0.08584900254135017,0.2688500426527841
-14.5,-7.5,7196,0.07249748606651056,0.03746488945413915,0.08354368504078856,0.29472769542779353
-13.5,-7.5,7197,0.06969363642542245,0.03329469644637853,0.09454131977663513,0.15973147120766254
-12.5,-7.5,7198,0.08651111958094916,0.050749918338644534,0.13286685666488,0.18606402691386587
-11.5,-7.5,7199,0.0612209238176292,0.04230424816502114,0.094752205800354955,0.17929310577411334
-10.5,-7.5,7200,0.051174321573679814,0.041573734180026155,0.08445453182747428,0.12446395983446853
-9.5,-7.5,7201,0.04600856308196817,0.038510696933380176,0.0807663962511897,NA
-8.5,-7.5,7202,0.04425860744911417,0.03891692049659723,0.08467606002460093,NA
-7.5,-7.5,7203,0.08311614217617518,0.04701215681867009,0.0806114256009117,NA
-6.5,-7.5,7204,0.08920451880193218,0.0483019698395655,0.09319978799726336,NA
-5.5,-7.5,7205,0.07475499711664024,0.05002245342340977,0.08457581143771847,NA
-4.5,-7.5,7206,0.06976010102832113,0.05965712876878817,0.07674762463275787,NA
-3.5,-7.5,7207,0.056980721424189036,0.06222588754008767,0.07529245882239045,NA
-2.5,-7.5,7208,0.07659148379421572,0.08546774885522154,0.07943485063610349,NA
-1.5,-7.5,7209,0.07418958576703964,0.07602683176804255,0.07492237744370171,NA
-0.5,-7.5,7210,0.07219053399175272,0.0733887114230092,0.05313700764630389,NA
0.5,-7.5,7211,0.057631343327098655,0.04970499580748893,0.04950101458245392,0.04043873800901921
1.5,-7.5,7212,0.062302657784505264,0.0501309748130308,0.0708275174806273,0.042580219016011556
2.5,-7.5,7213,0.07005119852100962,0.06845909190556157,0.09901271234917408,0.0561445401672148
3.5,-7.5,7214,0.08119617573622546,0.05929062729771771,0.09858656115282304,0.048257512590946024
4.5,-7.5,7215,0.09948508124014994,0.05885693346799289,0.09464447902675766,0.06255046555121671
5.5,-7.5,7216,0.07461495770888876,0.039489404727105784,0.06993245991259323,0.050134349376709415
6.5,-7.5,7217,0.07955238957007141,0.045141590046260185,0.07788446464916413,0.04556136615913516
7.5,-7.5,7218,0.08173099313866511,0.03440048377805679,0.06445243563846806,0.04605647484196357
8.5,-7.5,7219,0.13475109473541788,0.04706757887774961,0.08214110993246948,0.058075905296485444
9.5,-7.5,7220,0.10610727601284288,0.05429113675175018,0.10456270593027066,0.07165103523177214
20.5,-7.5,7231,0.061058141513065524,0.059439191227718194,0.10935082870714309,0.054152375186103364
21.5,-7.5,7232,0.09279891478274399,0.08398594553912857,0.15947104676337176,0.07673972763275247
22.5,-7.5,7233,0.07793150380094394,0.06351599642819357,0.12280182111999413,0.05912158312241162
23.5,-7.5,7234,0.08122866205505871,0.05302612380601973,0.11170963834392,0.05691970513520364
24.5,-7.5,7235,0.10105154235312763,0.047406070784282904,0.10569439384714403,0.05421292441501709
25.5,-7.5,7236,0.07999672070835968,0.04587498310156719,0.10622374684875277,0.047705346339446994
26.5,-7.5,7237,0.08682868088154519,0.04470589746433712,0.10046863831342828,0.045117122244606594
27.5,-7.5,7238,0.0681994328757301,0.04726569626362378,0.10650089978032114,0.047995521868335764
28.5,-7.5,7239,0.06314016189899184,0.051321584829962574,0.08131711529337138,0.04555357284418658
29.5,-7.5,7240,0.05027368436723529,0.05751700350056183,0.074422644265114,0.03433298527642292
30.5,-7.5,7241,0.04898839670331147,0.05743645309966541,0.06760797015831772,0.03178876998371332
31.5,-7.5,7242,0.05457344182165485,0.06327237172558506,0.07935243360984384,0.030761805084385592
32.5,-7.5,7243,0.04586463651311003,0.04260187197930443,0.06301562364307807,0.027148210211829702
33.5,-7.5,7244,0.0499442158088813,0.043417922392355895,0.06545827624916015,0.029478371966499526
34.5,-7.5,7245,0.057293660584258756,0.056369573771703485,0.08135139632398612,0.03184499266549436
35.5,-7.5,7246,0.042668122483775606,0.04882153246648436,0.06411763570286458,0.02957653111260385
36.5,-7.5,7247,0.048885930121402105,0.0606696561208783,0.0617028325427141,0.028462577040688854
37.5,-7.5,7248,0.042113439619817984,0.056891233914757804,0.0557006170494946,0.030909420598894767
38.5,-7.5,7249,0.04322748368980977,0.06792147272746964,0.052078005829459303,0.040504168748179824
39.5,-7.5,7250,0.04379155049745161,0.05958828615317275,0.04831747822422501,0.03785648803314395
40.5,-7.5,7251,0.036330331403902044,0.07012307570652233,0.04468653834040351,0.032880737758023304
41.5,-7.5,7252,0.030748751418649353,0.07390597880290053,0.04204956305879263,0.029180264025409432
42.5,-7.5,7253,0.029554741086119732,0.06852118089195552,0.03947133387567317,0.026860601852497935
43.5,-7.5,7254,0.0268300948604141,0.060779300478253515,0.03835644420413191,0.025162100561957616
44.5,-7.5,7255,0.02655193781069999,0.09185182957564546,0.03889208702593492,0.024979429538864947
45.5,-7.5,7256,0.024803838074057012,0.07995529591870576,0.03530032625349366,0.02269344162185556
46.5,-7.5,7257,0.0208492837584491,0.0489320770910483,0.024445512103524702,0.01855457615212885
47.5,-7.5,7258,0.020837517261848033,0.04344271641498266,0.024525163944610545,0.016980334773023235
48.5,-7.5,7259,0.017901304364261426,0.03138349432794318,0.018808898319760396,0.01459308319686779
49.5,-7.5,7260,0.018366472901918784,0.028376818268048686,0.015205211516949719,0.012120502643496059
50.5,-7.5,7261,0.021727399755516363,0.022622259100925666,NA,0.010991325382759225
51.5,-7.5,7262,0.021588004863604734,0.021894497158167797,NA,0.010646019049356697
52.5,-7.5,7263,0.019728655087364006,0.02029435710795714,NA,0.010499336465545241
53.5,-7.5,7264,0.01820431861530272,0.01955583452003104,NA,0.010022633743262963
54.5,-7.5,7265,0.021922910573818174,0.02041766686731405,NA,0.009909060199665072
55.5,-7.5,7266,0.025030259335406972,0.023721451311245232,NA,0.009997492447142277
56.5,-7.5,7267,0.01845819023504122,0.024780323698840343,NA,0.009959816828818973
57.5,-7.5,7268,0.016987657207160632,0.023810114530033073,NA,0.010374617160776317
58.5,-7.5,7269,0.015631070225455644,0.021452753896980044,NA,0.01093098409553528
59.5,-7.5,7270,0.01548495467005499,0.022116391973934228,NA,0.011012568421252986
60.5,-7.5,7271,0.014492568757373698,0.022991790635117505,NA,0.011438585464334189
61.5,-7.5,7272,0.012435392438986623,0.023500916818444132,NA,0.012488427917472924
62.5,-7.5,7273,0.012173707703902756,0.023125308061958266,NA,0.01170460548696935
63.5,-7.5,7274,0.01442792124274302,0.02289217705085779,NA,0.011931690415635725
64.5,-7.5,7275,0.014757919787850671,0.022959139281625757,NA,0.012097765003478872
65.5,-7.5,7276,0.015044089775806664,0.024048527939790294,NA,0.012626584845415996
66.5,-7.5,7277,0.015217800482102431,0.024992913836809846,NA,0.01304492583615748
67.5,-7.5,7278,0.018759423171769398,0.030609681418847737,NA,0.0122009319539334
68.5,-7.5,7279,0.019560731647832067,0.023872111435954548,NA,0.009743814981122244
69.5,-7.5,7280,0.017180288509649096,0.024941378078899283,NA,0.00961746824233019
70.5,-7.5,7281,0.018517481281507417,0.02539597380336346,NA,0.011430726227134626
71.5,-7.5,7282,0.02490565745712271,0.026547124251034695,NA,0.015611400755420706
72.5,-7.5,7283,0.022130985946689746,0.025978520950739842,NA,0.014665751960805502
73.5,-7.5,7284,0.018806595429775835,0.02268298625933652,NA,0.01026961059476033
74.5,-7.5,7285,0.01912513298903956,0.01769954102444106,NA,0.009827655771735918
75.5,-7.5,7286,0.028023810466687945,0.021698212840503973,NA,0.011093097864482215
76.5,-7.5,7287,0.030746842738634896,0.02063450179707521,NA,0.011376014542927523
77.5,-7.5,7288,0.03051520215624212,0.020076161663298377,NA,0.00998877856599791
78.5,-7.5,7289,0.030200175564248866,0.02047136003480085,NA,0.01008883119994837
79.5,-7.5,7290,0.03379469908335742,0.021804193197768922,NA,0.011122642102981995
80.5,-7.5,7291,0.036221100697857826,NA,NA,0.011179427659589715
81.5,-7.5,7292,0.03360590670045583,NA,NA,0.013271825805850658
82.5,-7.5,7293,0.02993145320565868,NA,NA,0.017341028368369482
83.5,-7.5,7294,0.02501908348900857,NA,NA,0.024971531059543358
84.5,-7.5,7295,0.02050330543955931,NA,NA,0.014075423170276257
85.5,-7.5,7296,0.021937461104000914,NA,NA,0.012402729656219106
86.5,-7.5,7297,0.02093895554419464,NA,NA,0.011226678861266704
87.5,-7.5,7298,0.023953125543714867,NA,NA,0.013164925381407686
88.5,-7.5,7299,0.024645911825782817,NA,NA,0.013247730856182777
89.5,-7.5,7300,0.02768841417732182,NA,NA,0.01694528022508763
-139.5,-6.5,7311,0.14763586340387672,NA,0.017320235144213256,0.034460054449311876
-138.5,-6.5,7312,0.13885854926543484,NA,0.01482106815202668,0.0349404765302775
-137.5,-6.5,7313,0.09177973733647783,NA,0.014915582770708225,0.05145313273401883
-136.5,-6.5,7314,0.09772326552429436,NA,0.012136073334237486,0.04506183565700644
-135.5,-6.5,7315,0.11504474315943902,NA,0.01661819169846283,0.03593333769292225
-134.5,-6.5,7316,0.12144900242449533,NA,0.015007002715298465,0.04025633598100261
-133.5,-6.5,7317,0.11628185516268383,NA,0.016377714572956868,0.05114766190388171
-132.5,-6.5,7318,0.12276245836966442,NA,0.011319777900319168,0.047490486899982164
-131.5,-6.5,7319,0.14085878395748921,NA,0.011924062094874824,0.04546907651458398
-130.5,-6.5,7320,0.11096118783637127,NA,0.007375947859962724,0.03848412467769724
-129.5,-6.5,7321,0.12418896407156296,0.08948357868910622,0.009249319923993611,0.04010577158374807
-128.5,-6.5,7322,0.13742367840105785,0.05810969880022464,0.010126647317547258,0.05398786992814863
-127.5,-6.5,7323,0.1901973968549142,0.053432794823651916,0.015600296587790479,0.0555673374861224
-126.5,-6.5,7324,0.20655230904878474,0.06581146375938507,0.017241317637731686,0.05150058980050101
-125.5,-6.5,7325,0.23291676762694255,0.07390351408292492,0.01754477097375779,0.053614615990196096
-124.5,-6.5,7326,0.19953646623131566,0.07920859982257156,0.011208629369287038,0.05745594455118729
-123.5,-6.5,7327,0.17693776267656525,0.09471784663876093,0.026825716753132466,0.07395588139766449
-122.5,-6.5,7328,0.1309505824596028,0.08924983801289167,0.01762450663258972,0.05413017455526227
-121.5,-6.5,7329,0.12083296909678229,0.08669824594529064,0.01332976576709514,0.054492047505848525
-120.5,-6.5,7330,0.15591372191936478,0.06744215045780638,0.01705381994719355,0.07863558910627517
-119.5,-6.5,7331,0.12327891242402476,0.06081130854676506,NA,0.07217789703171397
-118.5,-6.5,7332,0.10843459351864851,0.06262626528783354,NA,0.05437815443671969
-117.5,-6.5,7333,0.09489787422195735,0.06653318364608157,NA,0.05773061749008387
-116.5,-6.5,7334,0.08887482458340387,0.04586986370151555,NA,0.0469898019726321
-115.5,-6.5,7335,0.078118013153719,0.04848734091697682,NA,0.04655466879785007
-114.5,-6.5,7336,0.09530922568578898,0.08287202545774743,NA,0.059186094137432955
-113.5,-6.5,7337,0.1326253630678673,0.15549520481008636,NA,0.08634449087039686
-112.5,-6.5,7338,0.12223191511470752,0.1472312316933054,NA,0.07160134397396212
-111.5,-6.5,7339,0.11330849604644663,0.13771908487154602,NA,0.07855891394300388
-110.5,-6.5,7340,0.12466944620025609,0.13934301794681425,NA,0.09468021390726325
-109.5,-6.5,7341,0.11812876904502674,0.09320407890268019,0.027638675783468018,0.13728784509924993
-108.5,-6.5,7342,0.14010984623916994,0.11670422866967196,0.06424424209441024,0.21702646853971724
-107.5,-6.5,7343,0.17638790723221826,0.15268841606869551,0.05875552923656678,0.18088674507721658
-106.5,-6.5,7344,0.1321751361617318,0.10954514862460936,0.03361100247103694,0.13065128025734313
-105.5,-6.5,7345,0.13917299465870533,0.10171227586685685,0.028394435540823548,0.1271143279054059
-104.5,-6.5,7346,0.14569923619199202,0.09799044969962052,0.02937364528540006,0.12900050867812285
-103.5,-6.5,7347,0.1286814521155559,0.09725048532054233,0.029616123812186982,0.11432405104553495
-102.5,-6.5,7348,0.08421574786047732,0.0614711241385342,0.029350518462209048,0.08673619573066314
-101.5,-6.5,7349,0.07194722664650045,0.04859523470544626,0.027075080953884435,0.07098985967943912
-100.5,-6.5,7350,0.062368050284127896,0.04261435752436199,0.019264299683044467,0.05194687609118215
-99.5,-6.5,7351,0.05213484006568263,0.051535602461872804,0.016441668896645757,0.04328758819433158
-98.5,-6.5,7352,0.04658517259133242,0.03490640563997496,0.020309902545104386,0.04185499650911246
-97.5,-6.5,7353,0.04407939961233264,0.03381031536574413,0.01932804753751052,0.03721488812207414
-96.5,-6.5,7354,0.047017054087725406,0.03368869825268295,0.01817796529275733,0.040888906959869756
-95.5,-6.5,7355,0.04255898565084521,0.03529832120948255,0.01993079846436559,0.03782021032859502
-94.5,-6.5,7356,0.04607330557653886,0.03396971272826162,0.018049834524955267,0.03687708056914661
-93.5,-6.5,7357,0.046777910356818775,0.03267163380371051,0.018605756041902954,0.03697017181139507
-92.5,-6.5,7358,0.04937342116693078,0.031748050419178116,0.01719323857937492,0.03582110926485839
-91.5,-6.5,7359,0.04540926708901291,0.03314987764285207,0.01739266201877013,0.026318625378303956
-90.5,-6.5,7360,0.05505096807832761,0.03568714876908734,0.016955518481298035,0.025336144969766015
-89.5,-6.5,7361,0.04564890786011747,0.03779897350193805,0.017448662775005237,0.02705575835409715
-88.5,-6.5,7362,0.04326047106030855,0.04036572679864793,0.01864811578536482,0.024758660974401187
-87.5,-6.5,7363,0.051636230643423445,0.03834650979960756,0.019407786100922253,0.025691922771670695
-86.5,-6.5,7364,0.07201586196697862,0.0442149610074497,0.014860146292464394,0.03328061898867645
-85.5,-6.5,7365,0.06672496732734343,0.0615317610540798,0.026008461735348837,0.032897088213900846
-84.5,-6.5,7366,0.07700822973905444,0.04964970605946005,0.018737925313793407,0.03709128888125349
-83.5,-6.5,7367,0.07231837595048007,0.06976167712277481,0.025859637906810253,0.04415646883656688
-82.5,-6.5,7368,0.09513230878100894,0.0812496475763703,0.03826621271577212,0.05716567172356111
-81.5,-6.5,7369,0.11226247104780272,0.08645628506811405,0.052440987151403724,0.061939539568717575
-80.5,-6.5,7370,0.16599949163520902,0.13060728584478948,0.10518059030700591,0.06549775949349049
-79.5,-6.5,7371,0.2853320892267956,0.14576537609374265,0.06360355975851556,0.0680940562644959
-78.5,-6.5,7372,0.3079666551995105,0.16418873736452422,0.08051387087041978,0.078742173851938893
-77.5,-6.5,7373,0.1660147911202813,0.07311313159695224,0.0717433103447671,0.06530588947600624
-76.5,-6.5,7374,0.18087090856788116,0.0987754434529719,0.06599877040122565,0.05952872974525689
-75.5,-6.5,7375,0.04534740063375624,0.05975345123623967,0.06970044251732736,0.0998171248445884
-74.5,-6.5,7376,0.021287111780650216,0.03671851554168122,0.02517549855452148,0.03332972848160902
-70.5,-6.5,7377,0.012400667271208672,0.00791247762033424,0.01369276475204507,0.015490610676950392
-69.5,-6.5,7378,0.017425362890283937,0.019877404433589634,0.026558190738312032,0.01680391095499226
-68.5,-6.5,7379,0.009084912221188466,0.0156476926018464,0.020907148363453396,0.01497309076038406
-67.5,-6.5,7380,0.017208386745528843,0.019591821727689515,0.020300131368445527,0.026897360578198283
-66.5,-6.5,7381,0.02565520069877788,0.021930333845672473,0.039941470747751465,0.03351676228742822
-65.5,-6.5,7382,0.01887012317162937,0.01244687376620986,0.02993419561585221,0.05934120413852939
-64.5,-6.5,7383,0.02444702635857734,0.016131815169906825,0.022628252611093785,0.04284580364714933
-63.5,-6.5,7384,0.03179836949130978,0.023892641407779563,0.03858788384879962,0.10291564556350583
-62.5,-6.5,7385,0.046871478396094395,0.0684121738303585,0.047798199733497616,0.08024466296150076
-61.5,-6.5,7386,0.049367168159333605,0.0435605099197116,0.04403937291070414,0.07533265954755619
-59.5,-6.5,7387,0.0543266187933453,0.07081735815295688,0.0659632170172126,0.0738731923813377
-58.5,-6.5,7388,0.17734945400655772,0.11400544939791368,0.11377990611361959,0.13958148990689875
-57.5,-6.5,7389,0.08326026546949139,0.053766733480254264,0.08859676825063957,0.11959245199613479
-56.5,-6.5,7390,0.12481400580617187,0.05569317277553138,0.049619401933130275,0.14184586501455965
-55.5,-6.5,7391,0.11756995596759054,0.060064961400754,0.11318339514170761,0.17946530728544013
-54.5,-6.5,7392,0.12520257197960144,0.0869996921099165,0.07377158844666369,0.23658070322385147
-53.5,-6.5,7393,0.15145794858435188,0.13851835538782775,0.09798345780439364,0.13376323512799174
-52.5,-6.5,7394,0.21695837227406858,0.2515986474911441,0.08767530167557043,0.10830127209923468
-51.5,-6.5,7395,0.17224838468644357,0.15307439227151837,0.08591520355880909,0.14117619278465912
-50.5,-6.5,7396,0.07260465775689941,0.12716638297317748,0.07350388436142806,0.13770675640829882
-49.5,-6.5,7397,0.15147986022484342,NA,NA,0.15789670076282122
-48.5,-6.5,7398,0.09653762240616158,NA,NA,0.1058889450845293
-47.5,-6.5,7399,0.12416142360290806,NA,NA,0.1176930575881623
-46.5,-6.5,7400,0.07945375669150956,NA,NA,0.23737537029666153
-44.5,-6.5,7401,0.1698150296120314,NA,NA,0.14761332614105233
-43.5,-6.5,7402,0.03202104042800836,NA,NA,0.027411236455846668
-42.5,-6.5,7403,0.014823215582247591,NA,NA,0.03153023272365138
-41.5,-6.5,7404,0.03130750673591825,NA,NA,0.027354144129285753
-31.5,-6.5,7405,0.17522734238816623,0.14750291558694467,0.07399362602209776,0.2439766417330576
-30.5,-6.5,7406,0.18860678718138518,0.1924419144353388,0.06767249650534975,0.14263730360962176
-29.5,-6.5,7407,0.17477117937460634,0.19620487735622885,0.09583623251525972,0.1537166003365643
-28.5,-6.5,7408,0.14217252328732655,0.34702089369213424,0.1234268652561036,0.3780241936402398
-27.5,-6.5,7409,0.10185742006941702,0.2144699930151662,0.11287447108907381,0.3081504813012166
-26.5,-6.5,7410,0.09856881426670504,0.19994636106880567,0.18344864420859203,0.49979172240634867
-25.5,-6.5,7411,0.0808220536029731,0.14759690957170635,0.22274863130985215,0.7715784806534757
-23.5,-6.5,7412,0.43297407903021207,0.5370652265035073,0.20606457161705308,0.22072413078165753
-22.5,-6.5,7413,0.09093590995472291,0.08991307961277398,0.07200051765508131,0.6386431856086823
-21.5,-6.5,7414,0.08572881930421047,0.11989799466602685,0.0701761606729465,0.5616936635235458
-20.5,-6.5,7415,0.10060151785272836,0.06825872972968905,0.06859928763624856,0.5472854393484711
-19.5,-6.5,7416,0.09721676686721079,0.07992290251885459,0.060090033122832905,0.46681794747256894
-18.5,-6.5,7417,0.07963863622394468,0.06720655816594584,0.060180504706919075,0.28414926872138574
-17.5,-6.5,7418,0.07315586565159378,0.06984776361587813,0.09317569683890893,0.20300801723900136
-16.5,-6.5,7419,0.06842875669046247,0.04620293860272406,0.0724928191338037,0.21725279451406973
-15.5,-6.5,7420,0.07225952787299651,0.04777259123196621,0.06372105362519413,0.1655197513445437
-14.5,-6.5,7421,0.05058144119146086,0.044791537718448356,0.09125479915554356,0.2191324144464507
-13.5,-6.5,7422,0.04884901002721191,0.05886135476305526,0.11596080531236579,0.14603402762307238
-12.5,-6.5,7423,0.05221026344898225,0.0620756905181419,0.08145654624935242,0.12833790517664823
-11.5,-6.5,7424,0.060130313818990616,0.051819437509491674,0.04795880484143829,0.1524672517409973
-10.5,-6.5,7425,0.10018986446181363,0.07185309679173507,0.058312557726031056,0.1456908469085649
-9.5,-6.5,7426,0.11909950258891415,0.05982827449337956,0.04412595798008728,NA
-8.5,-6.5,7427,0.12877463050138124,0.052449455800616544,0.053328171674364336,NA
-7.5,-6.5,7428,0.09609798777130552,0.0351909401753853,0.06277857875615606,NA
-6.5,-6.5,7429,0.06912643281688738,0.05161916365656709,0.06575808019785062,NA
-5.5,-6.5,7430,0.06567447943705629,0.04156116312485562,0.05394181571812409,NA
-4.5,-6.5,7431,0.07622030672584378,0.05139467202574659,0.056575866145870186,NA
-3.5,-6.5,7432,0.0858615071625913,0.05215119885788218,0.07920937097066327,NA
-2.5,-6.5,7433,0.09981661365009056,0.07182788943928838,0.0656156360637576,NA
-1.5,-6.5,7434,0.07848049090088668,0.05472853251188841,0.04777894211455925,NA
-0.5,-6.5,7435,0.08076870276402996,0.04994603094545394,0.06045021678732287,NA
0.5,-6.5,7436,0.07364020561241794,0.043687208822184964,0.06903314919434968,0.0402875783874697
1.5,-6.5,7437,0.07475431430188682,0.04998260604299149,0.054595787666420065,0.044638537503718836
2.5,-6.5,7438,0.11623398052895632,0.0860138612005993,0.077501765754764,0.08391048091592314
3.5,-6.5,7439,0.1799073481069108,0.05389246562316082,0.07317611824384375,0.07877728561955186
4.5,-6.5,7440,0.1539727156347945,0.06155241833069224,0.07916204203023852,0.08420015836151426
5.5,-6.5,7441,0.1677038733473444,0.0922384274894774,0.08574223986668082,0.10344401703923686
6.5,-6.5,7442,0.0868961997040915,0.04409970488063217,0.0650772281030198,0.08062553914494397
7.5,-6.5,7443,0.0834968882490559,0.04708505963321877,0.08885276856590765,0.08457347509673883
8.5,-6.5,7444,0.08492456490467531,0.04822201062340828,0.09844319715362887,0.07619662037150898
9.5,-6.5,7445,0.10153089055241776,0.0572204612022532,0.10044524516250723,0.07035219292917953
20.5,-6.5,7456,0.08083626049868828,0.05176897290484848,0.11055984242217018,0.04588331897491589
21.5,-6.5,7457,0.08801309494429861,0.04817182811118485,0.12633167562355682,0.04593551102137858
22.5,-6.5,7458,0.08527912287043156,0.04915501576616161,0.12939892170148115,0.05726319844422437
23.5,-6.5,7459,0.054228600482142564,0.04835994716612676,0.13015447698224927,0.06202940543849028
24.5,-6.5,7460,0.054867681390530915,0.06495218570198258,0.13670969784178874,0.06981881497032995
25.5,-6.5,7461,0.05002620240724912,0.06299086996724197,0.12231652347891428,0.051599516314567766
26.5,-6.5,7462,0.05599829051807208,0.06980660305643382,0.1077824637587404,0.04870120144877957
27.5,-6.5,7463,0.06596077710185724,0.07366999990965097,0.08085469912054674,0.03819239050800035
28.5,-6.5,7464,0.0661330307540983,0.049455793877917736,0.07570995516852286,0.03852507325512895
29.5,-6.5,7465,0.05211760647143999,0.04191831195508117,0.07476378580010591,0.030574054092569494
30.5,-6.5,7466,0.03753888110824076,0.03635830037034495,0.06810116656245559,0.026284171857537557
31.5,-6.5,7467,0.028723288826648114,0.03857268755119825,0.05571328924053065,0.02540512576174052
32.5,-6.5,7468,0.026798269052748624,0.037885584093168334,0.06622847453212478,0.02638627900782525
33.5,-6.5,7469,0.03191901965441682,0.0467194579596222,0.06783776146745506,0.03486676799385671
34.5,-6.5,7470,0.038983040407469374,0.050283271494451415,0.07797157692808032,0.03814976541744731
35.5,-6.5,7471,0.032035353698406974,0.04707107192099749,0.06337904483592001,0.0322489612570517
36.5,-6.5,7472,0.03592066956217589,0.06266974462309914,0.05693316445708981,0.03389969747964897
37.5,-6.5,7473,0.03881648511232956,0.06562638568719305,0.06089364434499441,0.03825483872277264
38.5,-6.5,7474,0.03823920533544917,0.06775683911042812,0.059077228234912,0.036642895098335
39.5,-6.5,7475,0.035415193337556675,0.07528306996590607,0.06555190714872185,0.034413920090066476
40.5,-6.5,7476,0.03179344637612345,0.09933014193328206,0.06445004989999918,0.028088769762424182
41.5,-6.5,7477,0.033122619042535675,0.08004955439549914,0.06329840938329025,0.028304924916556222
42.5,-6.5,7478,0.03139563060332017,0.07383618453259232,0.0525966858066432,0.026362633456938084
43.5,-6.5,7479,0.030708897400095487,0.07842834841623944,0.0466322625720995,0.024860250114899885
44.5,-6.5,7480,0.02631579833486768,0.05154727303571897,0.035380174979808665,0.018966255839824305
45.5,-6.5,7481,0.03466107971752059,0.04284200941925782,0.031422223462895714,0.016855881631214747
46.5,-6.5,7482,0.035518322824016436,0.0392793398158063,0.02967333262162277,0.016440419593528564
47.5,-6.5,7483,0.026376768911480386,0.02840949411801373,0.022885521293458947,0.017975852840865864
48.5,-6.5,7484,0.02128817979291447,0.020943565104930593,0.01634819456217071,0.01241505063210831
49.5,-6.5,7485,0.019260214980086312,0.021294564015982353,0.014153444265920752,0.012073693596879322
50.5,-6.5,7486,0.020520778690622635,0.021118928689860966,NA,0.011496444763544087
51.5,-6.5,7487,0.02085396141180234,0.022545981463217457,NA,0.010990058849081724
52.5,-6.5,7488,0.018907875062735047,0.021714826662887973,NA,0.011724391631002815
53.5,-6.5,7489,0.015608144523793327,0.017895347196531373,NA,0.01150129609420933
54.5,-6.5,7490,0.015608144523793327,0.017953338317597652,NA,0.011445302758674565
55.5,-6.5,7491,0.016946612043630925,0.023985448039433067,NA,0.014624596418877108
56.5,-6.5,7492,0.01756366546512848,0.022076777253409507,NA,0.014735287908658945
57.5,-6.5,7493,0.01745333884412938,0.021131854001364647,NA,0.013577580727726803
58.5,-6.5,7494,0.016879137958275437,0.02000262235545569,NA,0.01376923810619919
59.5,-6.5,7495,0.014345639777615054,0.02288235142930028,NA,0.01419380300582165
60.5,-6.5,7496,0.01374611321529745,0.020966259536557067,NA,0.01371519122810989
61.5,-6.5,7497,0.015846030931888227,0.0213418792889151,NA,0.01271362739871872
62.5,-6.5,7498,0.014359133022572787,0.021333139762795984,NA,0.012578093931906323
63.5,-6.5,7499,0.01513995316622851,0.021758338957263906,NA,0.013422007654693681
64.5,-6.5,7500,0.014879192482203938,0.021621081932206784,NA,0.013117341425656018
65.5,-6.5,7501,0.014834038806366797,0.02316531351967442,NA,0.013894793403390742
66.5,-6.5,7502,0.017256475543583106,0.022939006030585022,NA,0.01444414170258664
67.5,-6.5,7503,0.0158442408239381,0.024313773140592937,NA,0.016228560008079266
68.5,-6.5,7504,0.014940576716177177,0.02452353679082361,NA,0.013798825985099784
69.5,-6.5,7505,0.014208503064410032,0.021976568053952678,NA,0.012864006153109543
70.5,-6.5,7506,0.015812650739535167,0.01929937213846037,NA,0.013545704304223253
71.5,-6.5,7507,0.01715986699836532,0.01791744667361416,NA,0.014970186780932848
72.5,-6.5,7508,0.018846047050445177,0.016913681122917332,NA,0.01464314441360499
73.5,-6.5,7509,0.022957468447336746,0.015384266428819343,NA,0.014648083959209324
74.5,-6.5,7510,0.019636786437307284,0.017951849400607418,NA,0.01741952074864589
75.5,-6.5,7511,0.019318746082900833,0.01491611021184398,NA,0.01631973283744057
76.5,-6.5,7512,0.023539585294581424,0.015630559959149793,NA,0.019755940551401313
77.5,-6.5,7513,0.023302329625628542,0.01554496436364601,NA,0.012490951743323615
78.5,-6.5,7514,0.023701750287308605,0.017794883408804335,NA,0.013724635929618437
79.5,-6.5,7515,0.02041860994424573,0.01678027604886997,NA,0.011473401401202546
80.5,-6.5,7516,0.02187008687558539,NA,NA,0.010904730601890367
81.5,-6.5,7517,0.021840222825213182,NA,NA,0.010261247760158316
82.5,-6.5,7518,0.029016217881852595,NA,NA,0.015889513250255217
83.5,-6.5,7519,0.03358719713483985,NA,NA,0.015287508792708931
84.5,-6.5,7520,0.02598091569714789,NA,NA,0.01583724934833962
85.5,-6.5,7521,0.027786271798046436,NA,NA,0.0214921208638813
86.5,-6.5,7522,0.031114853428704587,NA,NA,0.02260285633636265
87.5,-6.5,7523,0.03722507400638141,NA,NA,0.020200881625331287
88.5,-6.5,7524,0.0350847773548842,NA,NA,0.021114162376245957
89.5,-6.5,7525,0.0461318276836796,NA,NA,0.02276954303560701
-139.5,-5.5,7536,0.1322329385960944,NA,0.014099669071716087,0.032081109066094474
-138.5,-5.5,7537,0.05313114247017613,NA,0.013185394984094292,0.03484877686949906
-137.5,-5.5,7538,0.03716942750594823,NA,0.013438365914717509,0.04578613135618705
-136.5,-5.5,7539,0.039063709896170536,NA,0.017847674842607426,0.03489855152258599
-135.5,-5.5,7540,0.04792450748871177,NA,0.014628335319411538,0.042482495626919844
-134.5,-5.5,7541,0.07856452841430694,NA,0.01313634618154374,0.0603773042256546
-133.5,-5.5,7542,0.11774857064700459,NA,0.01099590499720715,0.055384647493098474
-132.5,-5.5,7543,0.1570264718528843,NA,0.010837870507268008,0.038265308006142106
-131.5,-5.5,7544,0.17137697276467698,NA,0.012512122955457705,0.045304956556579914
-130.5,-5.5,7545,0.15315439726165403,NA,0.01155182405791834,0.03490875775660924
-129.5,-5.5,7546,0.17716887169815473,0.08995409399488831,0.012049155253964789,0.04012067783087559
-128.5,-5.5,7547,0.2006452649090978,0.08198974538531091,0.013369256779862304,0.04670322499586149
-127.5,-5.5,7548,0.11983571377230966,0.08009782981785894,0.019014829499849516,0.055783171050007706
-126.5,-5.5,7549,0.06607309611207966,0.07753367614019085,0.02360286568584305,0.061151757660343205
-125.5,-5.5,7550,0.08096066072843085,0.094223048877866,0.03141272303301804,0.06912575091693027
-124.5,-5.5,7551,0.07582279284073071,0.06775629634173504,0.01688507804693545,0.08150501921895238
-123.5,-5.5,7552,0.1667928793551204,0.18377331986407716,0.0404774298777,0.1306548812218599
-122.5,-5.5,7553,0.12094629477455725,0.13278000553373617,0.01873197924331478,0.06548721317352736
-121.5,-5.5,7554,0.12918941764765157,0.07061661303941803,0.015468881574983976,0.06401285881915199
-120.5,-5.5,7555,0.15939293934407087,0.09053929400436443,0.017133976322925484,0.06978032721290815
-119.5,-5.5,7556,0.1516770460219771,0.09483593040536464,NA,0.06674062723300002
-118.5,-5.5,7557,0.12218320563213289,0.07838483930441205,NA,0.06509656818508079
-117.5,-5.5,7558,0.1004572517769725,0.06572798764364701,NA,0.07861787188767318
-116.5,-5.5,7559,0.07992367137294171,0.05736739819476772,NA,0.05627379587191933
-115.5,-5.5,7560,0.07948284797677148,0.05970868451861053,NA,0.07117692096765024
-114.5,-5.5,7561,0.08663694451568282,0.0874664897990333,NA,0.07188483637432952
-113.5,-5.5,7562,0.11105036350375856,0.11352031943263696,NA,0.09558333753494339
-112.5,-5.5,7563,0.09417406130785574,0.1170587628152443,NA,0.08531682809869083
-111.5,-5.5,7564,0.1067068096338671,0.15630145332536852,NA,0.08717227461724684
-110.5,-5.5,7565,0.10902870377017745,0.15343648609371455,NA,0.09751205662925237
-109.5,-5.5,7566,0.1255066529975352,0.1617388221537285,0.03133536159987501,0.13334111155474881
-108.5,-5.5,7567,0.10016445734703046,0.11102105544747776,0.029399626463804295,0.13043150591941627
-107.5,-5.5,7568,0.10651237519856419,0.15714662830856327,0.04380246764802645,0.17676258513605472
-106.5,-5.5,7569,0.14896139937540648,0.12567072355469186,0.028875088822626235,0.12402867175495576
-105.5,-5.5,7570,0.12663329006050858,0.1385413871564346,0.026501200132766096,0.1299296833527408
-104.5,-5.5,7571,0.1282326323628751,0.12151083868467805,0.02860842079427363,0.1302258648641368
-103.5,-5.5,7572,0.1500446484032318,0.10437831205988533,0.02988541627736034,0.12150086351722224
-102.5,-5.5,7573,0.13802948539024407,0.0727773308271616,0.03378530112311037,0.09447980706393491
-101.5,-5.5,7574,0.1300735399601999,0.061592978381575236,0.026550969365720448,0.06594796131639256
-100.5,-5.5,7575,0.09305091031822504,0.056071744144117315,0.01851040597534649,0.05718543064651716
-99.5,-5.5,7576,0.06602624691140296,0.04895541259229753,0.01579380980758853,0.04273505102857636
-98.5,-5.5,7577,0.04874209720273266,0.04490224405098086,0.014859915619755134,0.042094326893759866
-97.5,-5.5,7578,0.05849747444498784,0.051084071267361635,0.020200092550083818,0.0451732401593709
-96.5,-5.5,7579,0.04641519464297228,0.044430674294609424,0.014992608533497076,0.04478905721214917
-95.5,-5.5,7580,0.045382199598152866,0.04193379360067897,0.02183065611189742,0.039462968256730596
-94.5,-5.5,7581,0.039452576698812095,0.043119163391203814,0.019784115431102024,0.03410693270953903
-93.5,-5.5,7582,0.03541446093874461,0.045307092340817826,0.018028010796432188,0.035357978449362955
-92.5,-5.5,7583,0.03769064790849212,0.04565763726386292,0.018006766555960715,0.035110126184644
-91.5,-5.5,7584,0.053438856876371434,0.04472248353103061,0.0187746012911798,0.03556262758687257
-90.5,-5.5,7585,0.05407293024143459,0.04648572441994535,0.018506722007593273,0.033528989150735156
-89.5,-5.5,7586,0.0695132748401476,0.04954034092696482,0.020052924325722563,0.029195453500512645
-88.5,-5.5,7587,0.061516122259224044,0.046648495920272155,0.01983043019792436,0.027263368646116354
-87.5,-5.5,7588,0.09068561622402804,0.07319233972013175,0.022777710902159017,0.03668943933041194
-86.5,-5.5,7589,0.09190892360048078,0.07975438452074426,0.021569253082400867,0.037141448343548294
-85.5,-5.5,7590,0.096011586090386,0.07860618934008043,0.026045009496231133,0.044000051864187574
-84.5,-5.5,7591,0.09927645878861258,0.08596182018809338,0.033728128350190255,0.05346575067634708
-83.5,-5.5,7592,0.14849139453899318,0.09908890148243549,0.03474330389319927,0.07098272519238136
-82.5,-5.5,7593,0.14728430546441104,0.08691952665165169,0.03789704165061216,0.06951800614160837
-81.5,-5.5,7594,0.20266653613082433,0.15302315827167237,0.041637818691544926,0.0641004073614495
-80.5,-5.5,7595,0.26552072082325534,0.16453489005281857,0.05659211810586144,0.06974599758119676
-79.5,-5.5,7596,0.17606893101926122,0.2019661591080585,0.07027353933564869,0.06728112710694245
-78.5,-5.5,7597,0.12244190927256822,0.13592406337329563,0.08575231795441532,0.07333324430288421
-77.5,-5.5,7598,0.14249660405361356,0.12612217231976697,0.08745527593840867,0.07238994994926033
-76.5,-5.5,7599,0.12469026512983944,0.1689627200674532,0.16381442850557823,0.10575766670323572
-73.5,-5.5,7600,0.02547698657610632,0.03046120506476074,0.01883203589758132,0.01039323350406572
-72.5,-5.5,7601,0.02898951174116387,0.032029422378432926,0.02755014894203834,0.03848950205517213
-71.5,-5.5,7602,0.013232734470873975,0.015638150946755282,0.012690809395270385,0.014362826473659225
-70.5,-5.5,7603,0.016748732275434764,0.019429300609982058,0.016116261695053175,0.01363628926948715
-69.5,-5.5,7604,0.01261478253026357,0.014574628653536125,0.03115018627494931,0.014736392094929685
-68.5,-5.5,7605,0.06753819562970687,0.027988628408336744,0.04265415144826078,0.02155031901546249
-67.5,-5.5,7606,0.026023297302302285,0.020481173345166293,0.018100783582199128,0.011379834413871644
-66.5,-5.5,7607,0.02793156569448729,0.01882589026561411,0.030568102699506,0.03141889263731558
-65.5,-5.5,7608,0.019060876816344746,0.013449985069758103,0.05876342677974589,0.040363981758650434
-64.5,-5.5,7609,0.028602724922865714,0.023340862735717678,0.03200157095563099,0.04278433182092058
-63.5,-5.5,7610,0.019439777795884124,0.026271360815008613,0.038736889221541566,0.08750272669926738
-62.5,-5.5,7611,0.02610265656416289,0.06695049033296568,0.05069460490048162,0.0977461911977208
-61.5,-5.5,7612,0.13622532299012594,0.10695380595155293,0.13677381546481543,0.16428265955114735
-59.5,-5.5,7613,0.11929521852029569,0.04863401068519103,0.11925409443454901,0.059690682323353554
-58.5,-5.5,7614,0.08128837362367226,0.07810918675462514,0.14696356746074585,0.11325497405402285
-57.5,-5.5,7615,0.0820518553471521,0.05029888747878116,0.0902011396116165,0.0538354305080744
-56.5,-5.5,7616,0.052208632963243136,0.1537342274760065,0.04240381801723128,0.1216167867581051
-55.5,-5.5,7617,0.11189900922505987,0.07495118588469654,0.07933861077831067,0.09169651560481662
-54.5,-5.5,7618,0.1262351193538936,0.1437273536799744,0.08013950977071702,0.10927734160822267
-53.5,-5.5,7619,0.15394711135098427,0.06324392671415537,0.11506656319315044,0.11796642738916105
-52.5,-5.5,7620,0.04914960946748629,0.04224605418752043,0.05093867383522247,0.05475275649825193
-51.5,-5.5,7621,0.11323863052125438,0.14873118803492122,0.12613274725463547,0.1415066414195128
-50.5,-5.5,7622,0.11084274304012438,0.12909347257830772,0.1845501163846417,0.14799515732162374
-49.5,-5.5,7623,0.10859522516483705,NA,NA,0.19231124863479984
-48.5,-5.5,7624,0.11382954269705715,NA,NA,0.14771759924830652
-47.5,-5.5,7625,0.06786396253513886,NA,NA,0.07515193117635105
-46.5,-5.5,7626,0.06559203682908854,NA,NA,0.07360076431312354
-44.5,-5.5,7627,0.10328717120273617,NA,NA,0.0610552166848258
-43.5,-5.5,7628,0.01864683873546117,NA,NA,0.033278713310760225
-42.5,-5.5,7629,0.04158973863405413,NA,NA,0.02517788341576555
-33.5,-5.5,7630,0.19727820065849327,0.2989321098001938,0.12639049494798768,0.47672780216518934
-32.5,-5.5,7631,0.18426273030529525,0.3949092329942573,0.29411364997101175,0.5875122575142895
-30.5,-5.5,7632,0.10274095511548388,0.09229959356629702,0.041722837668407474,0.24187604906126486
-27.5,-5.5,7633,0.10155655837898302,0.22161386886054538,0.1857664173643577,0.174036652758748
-26.5,-5.5,7634,0.19852980258980002,0.2761592426344106,0.1547282455542339,0.5202877136756493
-25.5,-5.5,7635,0.07643689897113129,0.12442324624415715,0.2219175788496753,0.6456186609920892
-24.5,-5.5,7636,0.04534828652216284,0.09065680627912989,0.15145858078404253,0.5501245256483882
-23.5,-5.5,7637,0.06729405288073172,0.06724514682934653,0.15203466984567243,0.731257733934647
-22.5,-5.5,7638,0.07699990360262998,0.15526891626977515,0.06879494124210851,0.46446240869388733
-21.5,-5.5,7639,0.12103815449498931,0.0795567922266011,0.08813996016474077,0.464428786380284
-20.5,-5.5,7640,0.12801299590858659,0.08186804159844828,0.13302336433944723,0.27099459604286147
-19.5,-5.5,7641,0.1089904104231905,0.07214314185184904,0.05880675618745995,0.15355958879195852
-18.5,-5.5,7642,0.09121686778274195,0.05056833471719699,0.06231996187339413,0.1338994350001476
-17.5,-5.5,7643,0.062372915717779705,0.03192140272991523,0.05839294730614892,0.12309326846827177
-16.5,-5.5,7644,0.05238486981701004,0.028008860035418852,0.04953101979698517,0.17168559948253115
-15.5,-5.5,7645,0.04859848187614247,0.04246149422447762,0.07269301075663456,0.3365782251679581
-14.5,-5.5,7646,0.06170528104648697,0.06057799953071941,0.06335722246469379,0.13976995779385273
-13.5,-5.5,7647,0.046727641078325055,0.047400315519242626,0.08577551355244283,0.11442913960043097
-12.5,-5.5,7648,0.08631937189263003,0.07007692861750497,0.03889841515402071,0.09457726110040936
-11.5,-5.5,7649,0.08863052447406121,0.05380301893893094,0.03812229608605161,0.14368814850937137
-10.5,-5.5,7650,0.09155844565879137,0.04963256117147192,0.03915296143512607,0.07501378039210253
-9.5,-5.5,7651,0.08711675218330907,0.03842346733536291,0.035088714813451154,NA
-8.5,-5.5,7652,0.0785793036278659,0.04775255126029017,0.0411644323433057,NA
-7.5,-5.5,7653,0.08058049832611162,0.045863099406653035,0.03365131605998633,NA
-6.5,-5.5,7654,0.0840823589931645,0.050648175397731386,0.03981804001811578,NA
-5.5,-5.5,7655,0.1216884472619539,0.08157671380373378,0.061626424687838265,NA
-4.5,-5.5,7656,0.08527856814223508,0.07139582748663842,0.06239317587235317,NA
-3.5,-5.5,7657,0.08847896316930354,0.048992935726303054,0.039266730293889926,NA
-2.5,-5.5,7658,0.0982739860256358,0.051059196683941224,0.04217331586186578,NA
-1.5,-5.5,7659,0.13068661772523382,0.06614908912623595,0.05501949781707328,NA
-0.5,-5.5,7660,0.08400608871890286,0.04517785246671346,0.045867126764170915,NA
0.5,-5.5,7661,0.10967989357231,0.09804451679830338,0.06252212150310961,0.06192598779586138
1.5,-5.5,7662,0.08727090074652728,0.1314965229059318,0.07698530450508376,0.07479092517111692
2.5,-5.5,7663,0.08300958396769718,0.1586791502806432,0.10801294217659435,0.11530584078922643
3.5,-5.5,7664,0.0896840508237328,0.0994667901690862,0.10295154335557782,0.14788070302978396
4.5,-5.5,7665,0.09405439184217741,0.09714331709112474,0.09921595394018576,0.14954152853941452
5.5,-5.5,7666,0.09396427572183007,0.11067436691650775,0.08311854971746598,0.1186671119040883
6.5,-5.5,7667,0.08681088985654402,0.09756853475406652,0.06502339110413256,0.0889546753591603
7.5,-5.5,7668,0.1454071296307675,0.1906616322941695,0.11022147457550513,0.15621049087558553
8.5,-5.5,7669,0.13811301975271753,0.19980052865759315,0.11406259630905922,0.15466237982359338
9.5,-5.5,7670,0.06424982047715039,0.09963024330291863,0.06340043954793566,0.08302269500520931
20.5,-5.5,7681,0.04856446404613441,0.061367204232412646,0.11127849426839513,0.06089400767588679
21.5,-5.5,7682,0.05573912727111637,0.057089028979624035,0.13790777017989128,0.06910183426671714
22.5,-5.5,7683,0.06547660144996655,0.05155658750841312,0.1322933293954432,0.05436559087845492
23.5,-5.5,7684,0.0871157931153724,0.071124437188288675,0.15619172871405815,0.06552414311266977
24.5,-5.5,7685,0.09238838290673594,0.09489824517506619,0.12515104104815886,0.0717245604686337
25.5,-5.5,7686,0.06906131988983405,0.08902217507716378,0.10025274971978727,0.05131793291656789
26.5,-5.5,7687,0.06335749006862731,0.10850279972724748,0.09721923849819111,0.0684630021457261
27.5,-5.5,7688,0.06011803434970917,0.1382369996898031,0.11605767936919052,0.06879460432682397
28.5,-5.5,7689,0.04655934139818516,0.09776974773954614,0.1006216279564566,0.05665004711089164
29.5,-5.5,7690,0.04652083571311244,0.0577643332286106,0.08222250206409665,0.0453926556215491
30.5,-5.5,7691,0.037538723648920636,0.040649573940980406,0.07950862588544677,0.035777872808657914
31.5,-5.5,7692,0.03311480928864038,0.050876994309469126,0.04541234562043605,0.032696094559607515
32.5,-5.5,7693,0.03331562522225806,0.038678584659430706,0.03523435149209265,0.031596400752085196
33.5,-5.5,7694,0.04192095633031916,0.04480481547712483,0.03707660450709615,0.032144073144095724
34.5,-5.5,7695,0.03678050149213066,0.04708318735343943,0.047798817276659814,0.03629051981802268
35.5,-5.5,7696,0.03755572002382708,0.05131884567664522,0.04365614983300626,0.03855784859575824
36.5,-5.5,7697,0.03401673008115237,0.054418673499037534,0.03845043796475082,0.03443792164352327
37.5,-5.5,7698,0.034081744559751215,0.05767579785446521,0.038730534063468436,0.026273406366255334
38.5,-5.5,7699,0.0340860797690402,0.0566633249214324,0.03885722400361128,0.027427657880537203
39.5,-5.5,7700,0.03321843185571976,0.05768947720242834,0.03815915599159306,0.028740198799262092
40.5,-5.5,7701,0.04453469214143189,0.055502630337818236,0.034541128523142776,0.027297997339302396
41.5,-5.5,7702,0.03954583047693366,0.05669572955455669,0.024941193973558807,0.02391910610936456
42.5,-5.5,7703,0.04093261870726965,0.053036517199582724,0.024215668254654238,0.024269746023213117
43.5,-5.5,7704,0.03462579415677045,0.038901107751499776,0.022471605321052256,0.018621946160574297
44.5,-5.5,7705,0.03019515650650482,0.03190134758904678,0.019164339173102462,0.015424132973963639
45.5,-5.5,7706,0.02750677272804129,0.028389739430928915,0.014662099966296825,0.015110676572855006
46.5,-5.5,7707,0.025044149428511533,0.024748956296508553,0.013692833475408743,0.013037409208122405
47.5,-5.5,7708,0.02523463764054254,0.019111310134383965,0.011139560092314272,0.010466547228758411
48.5,-5.5,7709,0.020814379693655818,0.018769545245419163,0.011200136356423742,0.013757414655636378
49.5,-5.5,7710,0.01691275641500803,0.01856497222411427,0.010436143963267011,0.01773662235978599
50.5,-5.5,7711,0.017004559272456293,0.02109298032441625,NA,0.019443561563802888
51.5,-5.5,7712,0.01729231919551231,0.01919511282786568,NA,0.02076261064171321
52.5,-5.5,7713,0.018691418635962898,0.019565280568376253,NA,0.019343684668729128
53.5,-5.5,7714,0.018414577671785143,0.021552340949683477,NA,0.01403374564533369
54.5,-5.5,7715,0.01838243518059648,0.019866393320016017,NA,0.012713846051204234
55.5,-5.5,7716,0.018984423189577278,0.020931501657984602,NA,0.010898778615195281
56.5,-5.5,7717,0.019466954638326477,0.021322359784534266,NA,0.009754141788275005
57.5,-5.5,7718,0.02048879499293067,0.021423944177127754,NA,0.00991199004185581
58.5,-5.5,7719,0.018808391638687274,0.02054623812454048,NA,0.009920531889889082
59.5,-5.5,7720,0.018212381437713292,0.021016854248413746,NA,0.010158948675121467
60.5,-5.5,7721,0.018103302255294038,0.022494990092227867,NA,0.009922549365513452
61.5,-5.5,7722,0.017673862685813304,0.022619723934263838,NA,0.010562306922984276
62.5,-5.5,7723,0.015382153757231934,0.0211074858147135,NA,0.011879222304854343
63.5,-5.5,7724,0.014764111273481062,0.021720776862204763,NA,0.012146109352956763
64.5,-5.5,7725,0.0159961580407432,0.021672143731203068,NA,0.012739266832684499
65.5,-5.5,7726,0.01455910516183942,0.023642027246232454,NA,0.013458752438041883
66.5,-5.5,7727,0.011723622442225442,0.028636800826284343,NA,0.013871081338872689
67.5,-5.5,7728,0.012126239607560412,0.025358110272303815,NA,0.013719404640566413
68.5,-5.5,7729,0.013874965756377297,0.0267714827804794,NA,0.013687400717137829
69.5,-5.5,7730,0.010945580009665236,0.021956846775117205,NA,0.011192816349894474
70.5,-5.5,7731,0.01030694929951521,0.022569075721703673,NA,0.010607693940601428
71.5,-5.5,7732,0.009682532996990349,0.02295804686017955,NA,0.011171724214038755
72.5,-5.5,7733,0.011554524076474653,0.026603344869880155,NA,0.010577744747893936
73.5,-5.5,7734,0.013666015579506762,0.030589804613508367,NA,0.009627037645138782
74.5,-5.5,7735,0.010349058900565089,0.0268556332836708,NA,0.009251217629524484
75.5,-5.5,7736,0.011608699709004588,0.0212437413765241,NA,0.010020921693397026
76.5,-5.5,7737,0.012833396923532732,0.020839810242741393,NA,0.008623037336442721
77.5,-5.5,7738,0.013488841711711023,0.020477335870952792,NA,0.009464139050279796
78.5,-5.5,7739,0.015246554699188114,0.0205718538069232,NA,0.010165922674765371
79.5,-5.5,7740,0.017691679954016642,0.021324638334040115,NA,0.010801982884139097
80.5,-5.5,7741,0.01923716972173683,NA,NA,0.01130370652786536
81.5,-5.5,7742,0.026058305531653364,NA,NA,0.01174745158542514
82.5,-5.5,7743,0.0277573975531654,NA,NA,0.011550174868454258
83.5,-5.5,7744,0.03861890861015211,NA,NA,0.015645809161012655
84.5,-5.5,7745,0.04123241755279909,NA,NA,0.020461221829223965
85.5,-5.5,7746,0.042962689536873246,NA,NA,0.020619835988322073
86.5,-5.5,7747,0.050571894178514834,NA,NA,0.029008717077980698
87.5,-5.5,7748,0.04432960958512515,NA,NA,0.030029671847470168
88.5,-5.5,7749,0.062383037303983334,NA,NA,0.030616754910059187
89.5,-5.5,7750,0.06052262600610728,NA,NA,0.03179263410717538
-139.5,-4.5,7760,0.17810769793254488,NA,0.030912070474952674,0.08386439605727657
-138.5,-4.5,7761,0.038852953122538135,NA,0.013060666206419214,0.031177216523172187
-137.5,-4.5,7762,0.029300111166695526,NA,0.013257771999920865,0.0502569265754957
-136.5,-4.5,7763,0.0299063448558078,NA,0.01612860324822439,0.0415926546679882
-135.5,-4.5,7764,0.03161359830369969,NA,0.019389329600998602,0.04426139577003027
-134.5,-4.5,7765,0.02653477874177845,NA,0.009459690023364614,0.028402690448479213
-133.5,-4.5,7766,0.0278544295352352,NA,0.009432347355792339,0.038519160638408066
-132.5,-4.5,7767,0.03915496302596534,NA,0.010429303129592669,0.04782516211222708
-131.5,-4.5,7768,0.04462043524281497,NA,0.010363659049988932,0.05441796600405764
-130.5,-4.5,7769,0.055306618532058954,NA,0.013117679937261982,0.03747340169482465
-129.5,-4.5,7770,0.07563468077635117,0.0960999350919931,0.01453223368536661,0.03854771514796984
-128.5,-4.5,7771,0.06147514045063836,0.09876105150699317,0.0109925041576251,0.03974323778327109
-127.5,-4.5,7772,0.10287771422029932,0.08005518233119706,0.018083818362157934,0.03854762241794973
-126.5,-4.5,7773,0.12198943885514438,0.08216044698714961,0.022832773578316146,0.05618856193107388
-125.5,-4.5,7774,0.0956282130475776,0.14217898745888832,0.03265896875274302,0.07925397613307085
-124.5,-4.5,7775,0.028827828026175926,0.03089931559407681,0.013464429695035706,0.02013389217167785
-123.5,-4.5,7776,0.1011116620608193,0.11222539084146846,0.026115814562233598,0.12423308143775712
-122.5,-4.5,7777,0.10790434511566499,0.04698696702116298,0.021142174737157154,0.057957866955180376
-121.5,-4.5,7778,0.1392082851906477,0.0550935885430202,0.03667346718655156,0.06760176082646115
-120.5,-4.5,7779,0.16068148768538612,0.06143156435273293,0.03385837157583128,0.07066121345308177
-119.5,-4.5,7780,0.16887325789079916,0.060549767906384666,NA,0.0741769748882362
-118.5,-4.5,7781,0.16222426294431347,0.05500070193641778,NA,0.0746294551542457
-117.5,-4.5,7782,0.1531641775208169,0.050995131590377,NA,0.06403256884321784
-116.5,-4.5,7783,0.12980247254112284,0.0566727519589685,NA,0.054265251338848304
-115.5,-4.5,7784,0.1316061566787304,0.05468568427601812,NA,0.05373613683930057
-114.5,-4.5,7785,0.1551321372457157,0.06575713399063796,NA,0.06684736366674243
-113.5,-4.5,7786,0.15873063277417318,0.08488391683360069,NA,0.07388176684392293
-112.5,-4.5,7787,0.13476510341229958,0.08536215824057854,NA,0.07252519072581463
-111.5,-4.5,7788,0.11993812770482887,0.08719581884569386,NA,0.07699326356695556
-110.5,-4.5,7789,0.11241639391896203,0.09312087265499935,NA,0.08742161628388448
-109.5,-4.5,7790,0.12162171809995452,0.11032580853231677,0.0359854381619975,0.10077961361079806
-108.5,-4.5,7791,0.13680526340095187,0.1244882765297419,0.052008247356203886,0.1601210256121114
-107.5,-4.5,7792,0.10717229424755972,0.10780716272782398,0.04940826968570296,0.09938352007048767
-106.5,-4.5,7793,0.1043551755285753,0.16862341960444302,0.04415081365726786,0.09778288876383394
-105.5,-4.5,7794,0.12433837379309648,0.1347779283308096,0.04983468943691733,0.10991770904319229
-104.5,-4.5,7795,0.14707243156601732,0.14177695087112568,0.053142724724116325,0.10850477225376717
-103.5,-4.5,7796,0.14862300939324116,0.14491077170508015,0.05021392878278802,0.12081278912453298
-102.5,-4.5,7797,0.12223516862772811,0.10883536233872905,0.04347695958223812,0.08319947187296649
-101.5,-4.5,7798,0.11131671289414229,0.08378848815370676,0.03607428360170155,0.07666526319271025
-100.5,-4.5,7799,0.08800481914334764,0.059035164286982945,0.03166610406864686,0.06443095025536953
-99.5,-4.5,7800,0.08889976864291918,0.04752803465262841,0.027127219772549466,0.045761094148650025
-98.5,-4.5,7801,0.0972474731050952,0.04539485595151474,0.026591494960506744,0.032420262608862514
-97.5,-4.5,7802,0.06442786962581222,0.0576684919643713,0.02872331784613583,0.034501598272646775
-96.5,-4.5,7803,0.06960312489559164,0.06413059161527342,0.0278950785444907,0.03486410529962281
-95.5,-4.5,7804,0.04622631607967609,0.04314427021629333,0.027001646436635062,0.035638478509498854
-94.5,-4.5,7805,0.045715779886033,0.04064201618987454,0.026254634172347736,0.03557929836006003
-93.5,-4.5,7806,0.052250003456465584,0.04634891163106386,0.0280064406271752,0.031670615643830474
-92.5,-4.5,7807,0.06009669530443638,0.05242542603948733,0.025848735798784578,0.033582587672012915
-91.5,-4.5,7808,0.05345154600189488,0.06704974850168667,0.02590477184614618,0.035422632329356295
-90.5,-4.5,7809,0.05623936001434681,0.07560802820899419,0.02696236546508793,0.038899096230656655
-89.5,-4.5,7810,0.0516069627021914,0.07224379959157926,0.026582294536200198,0.03810510409224413
-88.5,-4.5,7811,0.05644414803235083,0.09702446075421534,0.02548295281964622,0.03617203617167421
-87.5,-4.5,7812,0.06019688435483605,0.07017707942610614,0.0301675562596426,0.044042508440164975
-86.5,-4.5,7813,0.08193083589597608,0.07887562905349281,0.03398075129207479,0.0536626095777596
-85.5,-4.5,7814,0.08634921206171221,0.07908413860605462,0.03498297790427643,0.067111405246035
-84.5,-4.5,7815,0.114413250634956,0.12971748048131054,0.037828465716972674,0.09899140124741354
-83.5,-4.5,7816,0.10571092591062334,0.10845070872325172,0.041956779984688365,0.09049272512403889
-82.5,-4.5,7817,0.1259599192578929,0.24778549354885587,0.03329344169327746,0.09745989043533101
-81.5,-4.5,7818,0.23654192262496163,0.28119687232240886,0.04900620339805053,0.07495868681455035
-80.5,-4.5,7819,0.1996643019773846,0.16400778609284059,0.04385697737828928,0.1242740774593572
-79.5,-4.5,7820,0.13003343284649097,0.14464687065590157,0.06685481143436815,0.11238034467526857
-78.5,-4.5,7821,0.1957547879281942,0.12327906236524025,0.17645146644384693,0.1351135897949551
-77.5,-4.5,7822,0.11218447646394175,0.06962672848842258,0.09310637856025458,0.13323521536898345
-73.5,-4.5,7823,0.037086975425418875,0.05729983838915181,0.02026459050440765,0.025823646640350865
-72.5,-4.5,7824,0.01498802538246128,0.014498003442827145,0.019106654860640185,0.02594490356759161
-71.5,-4.5,7825,0.009957048197562277,0.013655563300147468,0.020143566169825183,0.018253828466660158
-70.5,-4.5,7826,0.014242888405234135,0.01345220228655502,0.013554329728879079,0.01661199780741183
-69.5,-4.5,7827,0.018724446482244993,0.015572375214185773,0.014777304459112304,0.017874448287244906
-68.5,-4.5,7828,0.027206739107064507,0.019647504432512817,0.016211316266741518,0.02640999006632718
-67.5,-4.5,7829,0.02488892741900872,0.021612916552926735,0.09457551527446417,0.02192517516431253
-66.5,-4.5,7830,0.01895608433007578,0.021178652562534324,0.048279872709152,0.033680229992202985
-65.5,-4.5,7831,0.014617147893844759,0.0184111395446772,0.03251693288311966,0.03940558009400823
-64.5,-4.5,7832,0.025808972161455706,0.04126887946530463,0.03882442132272373,0.05671229761921411
-63.5,-4.5,7833,0.024411230602875034,0.01524104538194771,0.025883486962233027,0.06391060076377389
-62.5,-4.5,7834,0.09004154135100637,0.19133422004584275,0.1213372433360453,0.1709842809666342
-61.5,-4.5,7835,0.11613188100658255,0.10902398404505272,0.09241340323999336,0.2966616854052105
-60.5,-4.5,7836,0.011718346685631995,0.059435862512467394,0.03323768253527265,0.07432224514532601
-59.5,-4.5,7837,0.08545117129168384,0.12387073436313492,0.06858352802264796,0.10192415276430182
-58.5,-4.5,7838,0.0874585554035849,0.16109087499950503,0.04479029761673973,0.08750767460823702
-57.5,-4.5,7839,0.021924101727704485,0.05785762415298135,0.024484289568838837,0.053588755157289225
-56.5,-4.5,7840,0.08749814571895605,0.10450759518309208,0.0727774975003168,0.25590239849223917
-55.5,-4.5,7841,0.12241539107603974,0.16062087804925193,0.10300809730012125,0.2442579988116211
-54.5,-4.5,7842,0.1765849688090038,0.14734055846277008,0.061999966438028915,0.16350650479825943
-53.5,-4.5,7843,0.09005123236696172,0.06787771192838969,0.1523991439699271,0.11704977347552874
-52.5,-4.5,7844,0.07971161449137007,0.08423165887051946,0.14862413574502562,0.1413151111407864
-51.5,-4.5,7845,0.13207415017250607,0.12276233655926629,0.18923738625045203,0.16231760109761423
-50.5,-4.5,7846,0.08773158270734628,0.05909177854182821,0.166941815070199,0.15252320538847994
-49.5,-4.5,7847,0.18797540781612992,NA,NA,0.18842991029376646
-48.5,-4.5,7848,0.15974805579238324,NA,NA,0.13717209702796987
-47.5,-4.5,7849,0.14063568749878275,NA,NA,0.22850596905174456
-46.5,-4.5,7850,0.18878263208737173,NA,NA,0.16864546767591856
-45.5,-4.5,7851,0.1517553561646,NA,NA,0.16809164614485456
-44.5,-4.5,7852,0.04235988137998478,NA,NA,0.02622649737283991
-34.5,-4.5,7853,0.1207159094367601,0.1422213956211465,0.07601136098231051,0.3615780851937746
-33.5,-4.5,7854,0.09928229075072,0.22089526505479615,0.1045630621568159,0.39640531266174595
-32.5,-4.5,7855,0.10729160274842917,0.18756019130018683,0.09318106735486369,0.4445629454144724
-31.5,-4.5,7856,0.12319777558792887,0.1598315774635697,0.24102170511125962,0.11259938343939534
-30.5,-4.5,7857,0.19056962804139485,0.25259075253823776,0.20654152386787297,0.37533728682524564
-29.5,-4.5,7858,0.1470536715765512,0.2153951560009448,0.1357247807756622,0.30416717491815976
-28.5,-4.5,7859,0.26297329848289813,0.38073643529700535,0.27535577137835854,0.5658363474106256
-27.5,-4.5,7860,0.25183251956694275,0.3641119286734746,0.4925770313587695,0.5993348706502067
-26.5,-4.5,7861,0.11492879541837457,0.10683309477213425,0.31078170156218643,0.2590650579856546
-25.5,-4.5,7862,0.11721364512001946,0.07614472770856055,0.11704673412389842,0.6835000883752211
-24.5,-4.5,7863,0.08227940281811237,0.16935432162452338,0.09274512481501533,0.5981290031359036
-23.5,-4.5,7864,0.09170829428148915,0.22635438967306698,0.07888080526883265,0.23609196269032298
-22.5,-4.5,7865,0.17751869233714346,0.16173024735862,0.09110277247654082,0.21851483695174434
-21.5,-4.5,7866,0.11750522371044884,0.05259110061463762,0.05703492749060648,0.3007918111179496
-20.5,-4.5,7867,0.10049809782651824,0.05588946304012187,0.05595852727861533,0.28467951251660556
-19.5,-4.5,7868,0.07145440114710237,0.051102011529304846,0.04475319051265127,0.24936155787612752
-18.5,-4.5,7869,0.04265513230310886,0.04155772867548766,0.03399830561494665,0.14327637952104716
-17.5,-4.5,7870,0.04942167656432941,0.04025754456401732,0.04359149501233201,0.11434518802965046
-16.5,-4.5,7871,0.04386573336842987,0.05645972906911417,0.03915296020750457,0.17760315699205118
-15.5,-4.5,7872,0.04439153982107576,0.07010892569792802,0.03735004728045444,0.17377786147490387
-14.5,-4.5,7873,0.07557675798452823,0.09981557189677327,0.04740053574408733,0.10407056506018758
-13.5,-4.5,7874,0.08589254652638834,0.05649689452889602,0.08443788039536557,0.14620873247694235
-12.5,-4.5,7875,0.07643530780130421,0.06202530714003713,0.04275711955278762,0.10767146026565882
-11.5,-4.5,7876,0.07941539913224505,0.09157770340802439,0.03752553220358561,0.0887752917628507
-10.5,-4.5,7877,0.10359093257504337,0.06897983659619693,0.03271099894659251,0.07455918228045917
-9.5,-4.5,7878,0.06803006794332268,0.06012645420448654,0.03587849870039424,NA
-8.5,-4.5,7879,0.0624986999135982,0.05607973070433913,0.04392784215144421,NA
-7.5,-4.5,7880,0.07566838482239842,0.07569549964293917,0.040624473343854176,NA
-6.5,-4.5,7881,0.06633077720976295,0.04996962400388873,0.03734562407998223,NA
-5.5,-4.5,7882,0.06988558256576405,0.05361308427864122,0.055342342296850304,NA
-4.5,-4.5,7883,0.07121657799222139,0.06451301742636027,0.035874999739741904,NA
-3.5,-4.5,7884,0.07486808251130408,0.06628832512455979,0.041229369894381536,NA
-2.5,-4.5,7885,0.0650813842041615,0.06455167497411823,0.038801667035734566,NA
-1.5,-4.5,7886,0.057480493280220556,0.0806551423512461,0.047389858411819905,NA
-0.5,-4.5,7887,0.09148635073876313,0.18463626830290789,0.07243612727234908,NA
0.5,-4.5,7888,0.10455143827760681,0.14775623211955413,0.0965856877235035,0.12947274054284796
1.5,-4.5,7889,0.10110818521344282,0.15463972279758545,0.1326819812656869,0.18223179820942406
2.5,-4.5,7890,0.12796803754382907,0.13021342096209215,0.11744694784324122,0.19172040029945978
3.5,-4.5,7891,0.12517403042774028,0.14404915959379955,0.10514787329488262,0.15975298175609431
4.5,-4.5,7892,0.13979257880492302,0.17341716628251008,0.10702571952407003,0.116841436774475
5.5,-4.5,7893,0.12355667923845741,0.15069052468932345,0.10533172115559644,0.10276973036876054
6.5,-4.5,7894,0.08576158564972691,0.1185159342404269,0.07213499187304717,0.081335052904925
7.5,-4.5,7895,0.07680797664891248,0.1054519088343856,0.06614637875700374,0.06421565302794786
8.5,-4.5,7896,0.08842202363533062,0.13323693319514301,0.057665116423540476,0.0793949075144465
9.5,-4.5,7897,0.16047553761798408,0.19822805611289798,0.1341483083910727,0.13087435208698606
20.5,-4.5,7908,0.08399933986371565,0.08290157286850676,0.11166243616681099,0.05667699934090528
21.5,-4.5,7909,0.08529094492418735,0.08591557621043024,0.10893909016777512,0.06309431109465358
22.5,-4.5,7910,0.07611451229395139,0.09516771173428763,0.06979824256628174,0.06346606275727641
23.5,-4.5,7911,0.07244133826929805,0.08304925017103333,0.06478028949769546,0.07005036516313652
24.5,-4.5,7912,0.08437111683082342,0.10290638428973206,0.0636711792180325,0.08974644303800558
25.5,-4.5,7913,0.07234433628779721,0.10152031908384807,0.0673018894554036,0.0980529512714533
26.5,-4.5,7914,0.06240923313051883,0.09519448881403633,0.050258205061808205,0.06500192774316542
27.5,-4.5,7915,0.061594727086877715,0.09509689166382114,0.04611926012934862,0.05378083220065356
28.5,-4.5,7916,0.06697315512936387,0.11691535019109693,0.050233327617914124,0.057667859829718636
29.5,-4.5,7917,0.053488559723072426,0.07899862540195451,0.039210832354217254,0.044926627128297224
30.5,-4.5,7918,0.042624976119281725,0.057013521377432534,0.03188092116610435,0.036480920930802636
31.5,-4.5,7919,0.03930899914250685,0.053111870767163206,0.029968971279560722,0.03389231159933798
32.5,-4.5,7920,0.03350831936100953,0.04636787878339884,0.02576487510656989,0.031060119343716722
33.5,-4.5,7921,0.029743675161601566,0.049757238861590294,0.02747867227203151,0.031226364737336258
34.5,-4.5,7922,0.026688899275081387,0.05129082247330483,0.029314759419867994,0.028826284128127055
35.5,-4.5,7923,0.04421415809125943,0.053707452061546264,0.030616328439086203,0.023250866438161388
36.5,-4.5,7924,0.04814655578733935,0.06430819363618348,0.029066722993802207,0.025588389494846507
37.5,-4.5,7925,0.04473577753054955,0.05949065190819214,0.03267194253083713,0.02864140584373967
38.5,-4.5,7926,0.04521636423228474,0.0546774049878827,0.02576574369945002,0.02449407047378349
39.5,-4.5,7927,0.047931650965373246,0.05319220811431506,0.025322882350293757,0.021254774104362786
40.5,-4.5,7928,0.04833452187649581,0.04626829088717912,0.02828305456627728,0.02121156029984942
41.5,-4.5,7929,0.042515254501799646,0.044131117204199016,0.026549278390647465,0.01967274891063864
42.5,-4.5,7930,0.04003461824320358,0.04249837451954957,0.02225242723290167,0.016596596893643664
43.5,-4.5,7931,0.033164610478006,0.036971912001207245,0.017972722823652615,0.014075787307903124
44.5,-4.5,7932,0.027578624356490385,0.03511296583166518,0.016686917795581107,0.02044652082223328
45.5,-4.5,7933,0.021380111531259374,0.031332900337483774,0.01684374507411671,0.01916184067092453
46.5,-4.5,7934,0.017604645937382944,0.026425524448225726,0.011205694873642572,0.019051199191871735
47.5,-4.5,7935,0.019731572076622673,0.024915483130307833,0.013227697001691383,0.016377861429016937
48.5,-4.5,7936,0.017891589129630046,0.024178458792535926,0.01280282209234082,0.01080637534849929
49.5,-4.5,7937,0.016185205405848457,0.024403395584467417,0.01081586801371396,0.009763153256880444
50.5,-4.5,7938,0.015386346861793921,0.028346336482303208,NA,0.009592580622465565
51.5,-4.5,7939,0.0165121155408372,0.02641691217158493,NA,0.009627139796606251
52.5,-4.5,7940,0.01634141046572261,0.02427794443967862,NA,0.008520085304973425
53.5,-4.5,7941,0.015519681915796299,0.024334366690480624,NA,0.008331701941120396
54.5,-4.5,7942,0.014583699602473757,0.023962062447546235,NA,0.007832264248118084
55.5,-4.5,7943,0.01613721967584715,0.02052288310637315,NA,0.007846636728808332
56.5,-4.5,7944,0.018189915311558724,0.020116854220396056,NA,0.007924087426334716
57.5,-4.5,7945,0.017748013675695576,0.020448556188441318,NA,0.008439870115886634
58.5,-4.5,7946,0.021457917319913773,0.026603193366136722,NA,0.009645285244102355
59.5,-4.5,7947,0.022978079303345764,0.02714076792305444,NA,0.010208693428355398
60.5,-4.5,7948,0.021496520463463634,0.030293872241342588,NA,0.010922848807949958
61.5,-4.5,7949,0.02257530959538619,0.031064393481493067,NA,0.011310998384139447
62.5,-4.5,7950,0.024193966815953892,0.031593030956000766,NA,0.012379378212426923
63.5,-4.5,7951,0.025936830791764134,0.032733786537180974,NA,0.012045278906352557
64.5,-4.5,7952,0.025771662008088635,0.031318057940125876,NA,0.012189197559547222
65.5,-4.5,7953,0.020679170820223393,0.03242900936311407,NA,0.012026741076593055
66.5,-4.5,7954,0.01897783849759369,0.030189957798426828,NA,0.012250063383485017
67.5,-4.5,7955,0.016693685528987295,0.03021922364805048,NA,0.012390512914984327
68.5,-4.5,7956,0.01739315959356517,0.02864719205904584,NA,0.01258123657929238
69.5,-4.5,7957,0.018448755173077303,0.03128009763794422,NA,0.013398075923259164
70.5,-4.5,7958,0.01439439262125486,0.02213656716179936,NA,0.010418835258961217
71.5,-4.5,7959,0.011619501701403115,0.016877167664632837,NA,0.009248811206541899
72.5,-4.5,7960,0.011104941954099955,0.017711113854364517,NA,0.009166750222257365
73.5,-4.5,7961,0.010978901148053971,0.01816156990728862,NA,0.00874913440054364
74.5,-4.5,7962,0.012365383424999621,0.020093746567589735,NA,0.008928102005197735
75.5,-4.5,7963,0.01370105298399572,0.02002805241458718,NA,0.009091446208070812
76.5,-4.5,7964,0.013198002990400155,0.019067286019518778,NA,0.009629464148591435
77.5,-4.5,7965,0.015090669411934448,0.022299806163679967,NA,0.009581852654494103
78.5,-4.5,7966,0.018371994547031274,0.02192363796479411,NA,0.011178402805402825
79.5,-4.5,7967,0.02010584232530892,0.024104382607354417,NA,0.013476384738259763
80.5,-4.5,7968,0.02246408981235196,NA,NA,0.013993062524802475
81.5,-4.5,7969,0.019566857445081375,NA,NA,0.017249937463504963
82.5,-4.5,7970,0.021346488132558485,NA,NA,0.021474887019583555
83.5,-4.5,7971,0.02641555537432036,NA,NA,0.025046199913861023
84.5,-4.5,7972,0.02967875518338419,NA,NA,0.02687671359269059
85.5,-4.5,7973,0.04146504644522402,NA,NA,0.03135699787333824
86.5,-4.5,7974,0.05663998477019398,NA,NA,0.03139251054803476
87.5,-4.5,7975,0.07798412886660273,NA,NA,0.03078362767236491
88.5,-4.5,7976,0.08647938458861629,NA,NA,0.03569738865886441
89.5,-4.5,7977,0.07049761770787705,NA,NA,0.03641509280273532
-139.5,-3.5,7987,0.03960301902255065,NA,0.017653576097018644,0.05973862397056832
-138.5,-3.5,7988,0.05030467978802929,NA,0.01701115702070903,0.027747384854979223
-137.5,-3.5,7989,0.0316531653870815,NA,0.011994884897454776,0.036952448069593
-136.5,-3.5,7990,0.038393921255633595,NA,0.018870701374703487,0.05200246816915276
-135.5,-3.5,7991,0.024385489325800737,NA,0.019190499446378306,0.048189768348381685
-134.5,-3.5,7992,0.028574398783460034,NA,0.018774509441874407,0.049721066934642295
-133.5,-3.5,7993,0.027369533545462482,NA,0.012322662546867933,0.04657488138800141
-132.5,-3.5,7994,0.025016539927080843,NA,0.007920296026836032,0.04123537310361322
-131.5,-3.5,7995,0.03653191748398375,NA,0.014292794894434944,0.03779218719655923
-130.5,-3.5,7996,0.039562923769197685,NA,0.014149548900466772,0.06329006235326963
-129.5,-3.5,7997,0.042077545761545466,0.06500526063561249,0.013828502859660202,0.05014702576273054
-128.5,-3.5,7998,0.05401108003295963,0.08655929919683333,0.014145066866298614,0.05297972773910578
-127.5,-3.5,7999,0.06671664794643824,0.06048214926717034,0.02345374410485237,0.03727520603672347
-126.5,-3.5,8000,0.0712990751114936,0.04827874224009942,0.02683659569110289,0.03178630012359484
-125.5,-3.5,8001,0.055628292048105904,0.04373293219910808,0.01796237342528248,0.04612056178448211
-124.5,-3.5,8002,0.0552914540972128,0.0357305062669748,0.019667483627099205,0.036954051936451196
-123.5,-3.5,8003,0.07145954008570542,0.04318677755423512,0.02246291358861195,0.054487965482968435
-122.5,-3.5,8004,0.061000934380620944,0.05623408481617168,0.019301473460604932,0.05440497683037513
-121.5,-3.5,8005,0.07010743788533362,0.06118966548094053,0.023679757138468194,0.0668440139533213
-120.5,-3.5,8006,0.06694511534519561,0.06953630669345193,0.019581904002496056,0.05681786754682496
-119.5,-3.5,8007,0.07718137451551163,0.05892818026614105,NA,0.056824219165468946
-118.5,-3.5,8008,0.06892771384207055,0.06637745394864127,NA,0.04717765973649289
-117.5,-3.5,8009,0.05216540613241116,0.0587021448974877,NA,0.04886439676528102
-116.5,-3.5,8010,0.04816093025374427,0.03939679735821521,NA,0.04146799953931452
-115.5,-3.5,8011,0.060078245074041206,0.06499764370851768,NA,0.05936801250563209
-114.5,-3.5,8012,0.06787654769665974,0.0573191274081739,NA,0.059094983150627674
-113.5,-3.5,8013,0.07595541849454718,0.0679158217939017,NA,0.059711607545347954
-112.5,-3.5,8014,0.08514271487262948,0.1273339292153878,NA,0.07517829296798283
-111.5,-3.5,8015,0.08543415960207776,0.10532111654117228,NA,0.0686645185570649
-110.5,-3.5,8016,0.07901432976449359,0.10171172239613337,NA,0.06822142592846996
-109.5,-3.5,8017,0.10742155484305643,0.11084317526188815,0.05696507992678083,0.06504939027530408
-108.5,-3.5,8018,0.10488719144024168,0.12970291878256313,0.05978535341466632,0.0632250378419293
-107.5,-3.5,8019,0.10586622681686504,0.09635020856837406,0.0615653315488695,0.06705627075978554
-106.5,-3.5,8020,0.10421007477615415,0.1297612121126609,0.06150196924539629,0.07497493245436837
-105.5,-3.5,8021,0.17528112249855435,0.1783741171546196,0.08026463410368775,0.11023021323571879
-104.5,-3.5,8022,0.14902745404832998,0.14244261571294337,0.06925556710613598,0.09818305050766488
-103.5,-3.5,8023,0.15536160242419256,0.16105219801124762,0.07056701013983456,0.08476299850404821
-102.5,-3.5,8024,0.12099980161537836,0.13454044724807498,0.05207814797410027,0.05269961303031343
-101.5,-3.5,8025,0.11355934351390076,0.12165522508081107,0.04346404688036666,0.059828132239678776
-100.5,-3.5,8026,0.09765017934423673,0.09337153726389859,0.0407914423878261,0.05382995106336664
-99.5,-3.5,8027,0.08674656759352067,0.07125547369408443,0.03626882453234782,0.03561559657544034
-98.5,-3.5,8028,0.07749002175398408,0.06791836351981019,0.03485983511164806,0.0306922449452901
-97.5,-3.5,8029,0.07484166960348673,0.06993958518527893,0.03528988469717933,0.02763495140118694
-96.5,-3.5,8030,0.06996250616236568,0.06697260629181091,0.034016532920546697,0.03082538049500765
-95.5,-3.5,8031,0.08379145871401053,0.0895449114394894,0.03930841654747005,0.031089564785699957
-94.5,-3.5,8032,0.09936282061438065,0.0899881752710398,0.042379294509913346,0.033177058999273625
-93.5,-3.5,8033,0.07220973425491947,0.0846621215079004,0.045670443599531416,0.031687788558252446
-92.5,-3.5,8034,0.063506113704227,0.0853159135906669,0.04323683116707822,0.030010065979623864
-91.5,-3.5,8035,0.04965136650563773,0.08569079569304083,0.037083047102513485,0.024337446951654244
-90.5,-3.5,8036,0.04700294920328338,0.10258982840091461,0.030156477337108727,0.021361845352914216
-89.5,-3.5,8037,0.052429297229553154,0.1189363623123198,0.038734617780623405,0.03227176077600915
-88.5,-3.5,8038,0.07848901622268695,0.1438553675035765,0.03746372333048091,0.03871719017932219
-87.5,-3.5,8039,0.08261498351343993,0.16053036616916014,0.042357245550353397,0.05365816900049963
-86.5,-3.5,8040,0.10962467911759186,0.21715253015046604,0.04590423043591241,0.07006348432618449
-85.5,-3.5,8041,0.15196843152510514,0.25769243782615714,0.06688036253973666,0.08575059191612254
-84.5,-3.5,8042,0.14098484922504598,0.2177241352628956,0.06390489197989116,0.06494766372262942
-83.5,-3.5,8043,0.11636390060809362,0.1482444946111576,0.05846444912786904,0.07148086943899659
-82.5,-3.5,8044,0.16520685647690034,0.1591691394622574,0.06354484352736094,0.11284161653952918
-81.5,-3.5,8045,0.22009006884272878,0.19074608847787086,0.0782418995862051,0.10343579493015398
-80.5,-3.5,8046,0.17291725139370837,0.30815186295361957,0.0835531354449521,0.11407526039309378
-79.5,-3.5,8047,0.1677802286206595,0.18114934736500507,0.08546159361499246,0.08164061194900273
-78.5,-3.5,8048,0.0568456882401365,0.08312207976632738,0.06064139032428864,0.056996071195576176
-73.5,-3.5,8049,0.029843306042930538,0.07518432105384458,0.055059704143116395,0.03246699813332415
-72.5,-3.5,8050,0.01768138962342627,0.011610119829953537,0.02487881683882744,0.01655619109489946
-71.5,-3.5,8051,0.028567639726134533,0.013261574708087243,0.017914560779419542,0.013466810137368817
-70.5,-3.5,8052,0.016449964423576758,0.016133751270649418,0.025797207404686287,0.012970103068564923
-69.5,-3.5,8053,0.014524829800069116,0.020235267045297874,0.015071221829261395,0.015155285111919008
-68.5,-3.5,8054,0.010901737894354446,0.013492302250224839,0.03308744191469965,0.016536961273131146
-67.5,-3.5,8055,0.013455347510554294,0.010583463195421462,0.025781760887269068,0.009005529943393226
-66.5,-3.5,8056,0.024871146920417996,0.014245111634878953,0.022400227537523167,0.023375919516224468
-65.5,-3.5,8057,0.08293918309060168,0.04956124494232416,0.011554478926721663,0.08260906491148783
-63.5,-3.5,8058,0.037205732643393774,0.04223163702402192,0.07908956356433905,0.14002690644016338
-62.5,-3.5,8059,0.03962198081516899,0.08127530643182054,0.10505480947960634,0.18263959233212418
-61.5,-3.5,8060,0.07975246250951071,0.13172193165704565,0.27634662313561426,0.3694095545649369
-59.5,-3.5,8061,0.021273282617744856,0.030254108854288548,0.035164843214104104,0.032125693628522634
-57.5,-3.5,8062,0.027919294837566187,0.07279505669806972,0.0833756567578187,0.055696197802191205
-56.5,-3.5,8063,0.12419122653040537,0.1325902955885374,0.08587214975196895,0.1682271775163602
-55.5,-3.5,8064,0.13689230098447583,0.3118072461329565,0.11598725998917585,0.19750559565898385
-54.5,-3.5,8065,0.19416038956076032,0.17618180160818228,0.14116380115921578,0.17959842193223147
-52.5,-3.5,8066,0.20011330425538404,0.24479186293503663,0.14045327470500332,0.21675796260379152
-51.5,-3.5,8067,0.10501753155083367,0.07172023711865988,0.1203386802326927,0.10122545317444158
-50.5,-3.5,8068,0.10101936792895369,0.07085306441382037,0.10485943179022554,0.14371939582334417
-48.5,-3.5,8069,0.5300421755444036,NA,NA,0.2866650797434706
-47.5,-3.5,8070,0.1485375629673074,NA,NA,0.07713712900826614
-35.5,-3.5,8071,0.06884127865032888,0.1919652900397417,0.11297848734878238,0.22325463188983666
-34.5,-3.5,8072,0.06840379065305917,0.15203882967955085,0.14704756338235028,0.2636324609566934
-33.5,-3.5,8073,0.09325147557428859,0.17283512198457565,0.1068972692092591,0.3520174446116587
-32.5,-3.5,8074,0.1456935356319492,0.18085205093566872,0.23258939816236934,0.34912204143657777
-31.5,-3.5,8075,0.1340370672544532,0.31818290087822865,0.28525261335403984,0.41128360389406565
-30.5,-3.5,8076,0.131696899775872,0.31309070986735427,0.20769482766201414,0.6313084991230561
-29.5,-3.5,8077,0.21912393346169565,0.38458000564077377,0.20081648888572629,0.6352532628643487
-28.5,-3.5,8078,0.16628850088042152,0.293054792287508,0.23033685420600405,0.598459656158719
-27.5,-3.5,8079,0.3974397795622168,0.34544776665396915,0.1944644126022307,0.7732879500666225
-26.5,-3.5,8080,0.3212106668901522,0.41845373418892484,0.21789047952628782,0.7243676542515008
-25.5,-3.5,8081,0.10856118747596437,0.23233384263816112,0.13626946036436383,0.575602174575184
-24.5,-3.5,8082,0.06933477632345134,0.18408341662103628,0.07033503944676749,0.46827086771077014
-23.5,-3.5,8083,0.08172996666350747,0.12390784269471401,0.06353138390338466,0.2487790624460489
-22.5,-3.5,8084,0.11574978189574697,0.062116653402570415,0.04952728925315596,0.23948198434558443
-21.5,-3.5,8085,0.08343356414166678,0.06069447351362965,0.05835621567797618,0.20776749871294553
-20.5,-3.5,8086,0.11287587537005189,0.03856138149171691,0.03929960343555185,0.26609086016764666
-19.5,-3.5,8087,0.07322324988293094,0.04768249834507302,0.0333132675128272,0.254081213362951
-18.5,-3.5,8088,0.04133917869584942,0.05217113873509206,0.034217943335267925,0.13887263219824203
-17.5,-3.5,8089,0.03188278440588876,0.06392633529664835,0.028600486850353664,0.11789780360139564
-16.5,-3.5,8090,0.037067666275386386,0.0743461344601297,0.03154442518007376,0.15082999255161375
-15.5,-3.5,8091,0.06483084722471574,0.05911289613176422,0.03682882585712623,0.11872763495590226
-14.5,-3.5,8092,0.0678954367189177,0.0780473912582423,0.03393167352920226,0.09325731538155978
-13.5,-3.5,8093,0.059981607831795854,0.08353837910068186,0.06969687776990781,0.06913487114887211
-12.5,-3.5,8094,0.05272434038649588,0.06346669316690891,0.058478156157021136,0.09810461238700091
-11.5,-3.5,8095,0.0589405714739635,0.06427437035108365,0.04209275445268591,0.06993067985780516
-10.5,-3.5,8096,0.06481581708638573,0.056129074964940136,0.03545925858041231,0.0511630446073033
-9.5,-3.5,8097,0.06355082767945566,0.05638849006212386,0.040845867050114844,NA
-8.5,-3.5,8098,0.05963080311296775,0.0515981905826618,0.048037199671686785,NA
-7.5,-3.5,8099,0.06268366077761327,0.049796682614891896,0.04678281890446398,NA
-6.5,-3.5,8100,0.06876155122682256,0.06781313554492213,0.046004711425605166,NA
-5.5,-3.5,8101,0.07595271039184849,0.06975934536244403,0.04528095668595639,NA
-4.5,-3.5,8102,0.06875732551409063,0.08218615600080705,0.041786794461035844,NA
-3.5,-3.5,8103,0.07962120229553699,0.09733449851369251,0.04815666810790243,NA
-2.5,-3.5,8104,0.05733472118858825,0.07975229222906738,0.037828410130949376,NA
-1.5,-3.5,8105,0.06680317023553085,0.08100455050325994,0.05856306127879408,NA
-0.5,-3.5,8106,0.07613870348733633,0.0978759307867334,0.07043061028059294,NA
0.5,-3.5,8107,0.19309943500710247,0.1615916168381396,0.08315642280499176,0.08381230413917372
1.5,-3.5,8108,0.24545135791301548,0.18760151560005964,0.12101351137281814,0.1938512039209013
2.5,-3.5,8109,0.26371673660514733,0.22255795875989343,0.14939724209379135,0.22524596933417992
3.5,-3.5,8110,0.20369332277659355,0.16658252301123694,0.14161856009990326,0.12415564361799793
4.5,-3.5,8111,0.21805971897398096,0.141171080915377,0.12239334285677243,0.10333645601746165
5.5,-3.5,8112,0.11723715672124921,0.0753478456608561,0.06386916841392956,0.05085602236363357
6.5,-3.5,8113,0.12948364914953175,0.08173192853536632,0.08186089290718426,0.06432982177155558
7.5,-3.5,8114,0.14045036282928974,0.09482696301756567,0.06048466138817283,0.07933284521879493
8.5,-3.5,8115,0.13116012504417046,0.09922235411614061,0.047359323622652875,0.09857791013901054
9.5,-3.5,8116,0.11826617897695457,0.1194657146173508,0.05029346378498511,0.08733710618640393
20.5,-3.5,8127,0.10286519886264367,0.07176669402921285,0.07392848529657707,0.07644300516444655
21.5,-3.5,8128,0.12404225902004112,0.06488763045711347,0.0623405027262589,0.07917891681945266
22.5,-3.5,8129,0.11730433165508322,0.06488133830133687,0.039149460436514905,0.07359999968062018
23.5,-3.5,8130,0.11423985046413061,0.06447425456722093,0.06035715546439475,0.06609616188022377
24.5,-3.5,8131,0.15046414283856266,0.09278226188595787,0.05317591672732271,0.0774739064299687
25.5,-3.5,8132,0.15070341773216794,0.11163925094028133,0.07029320297163101,0.07206335125234584
26.5,-3.5,8133,0.07545618090974222,0.1382152126964488,0.050660733045492394,0.056640747316957514
27.5,-3.5,8134,0.06702375623215277,0.15972713545341488,0.04604781786703198,0.05859561548798771
28.5,-3.5,8135,0.05737677789458695,0.13642927072878774,0.047207685314517495,0.05417641597931495
29.5,-3.5,8136,0.04910841563196624,0.09774287957803245,0.04664915400050381,0.052998870499222826
30.5,-3.5,8137,0.03437079066441706,0.09367734883697344,0.037373137950358244,0.04021723074252384
31.5,-3.5,8138,0.032465631552629416,0.07408235906723008,0.01818243222249721,0.0349285385485099
32.5,-3.5,8139,0.04430798860563681,0.06261024669160949,0.033531819244395446,0.03416754503003037
33.5,-3.5,8140,0.03451946643020984,0.048951543917700464,0.02313276014823763,0.020520893375408977
34.5,-3.5,8141,0.0353424551205452,0.05381129047352561,0.02483989361213187,0.022873168848141407
35.5,-3.5,8142,0.03615727476669889,0.046587312464280016,0.02438451008204786,0.020417066551888394
36.5,-3.5,8143,0.038033019306008206,0.04099375073458064,0.021414808553129504,0.017328934718969135
37.5,-3.5,8144,0.041464481056871325,0.037868082703313,0.01981511288398585,0.018801478518784713
38.5,-3.5,8145,0.04081986435773634,0.039933250705771896,0.020163821497275178,0.019371860000991645
39.5,-3.5,8146,0.04059956662148947,0.041199168366844306,0.01895476122050055,0.020143545234765605
40.5,-3.5,8147,0.03958301912524278,0.039721014612849034,0.017978476931956505,0.01643161385746737
41.5,-3.5,8148,0.03580731474481879,0.04013783818453646,0.0156286074189892,0.020652845369035135
42.5,-3.5,8149,0.031246862782511927,0.03624542888840978,0.016425992281228687,0.0266300556221051
43.5,-3.5,8150,0.03086434405771381,0.03252030666581793,0.015265082807254134,0.029615590184812357
44.5,-3.5,8151,0.02416544796853419,0.03265779079608231,0.013142961389571379,0.017962626980754872
45.5,-3.5,8152,0.02077150820475429,0.02765789942923053,0.011176637044958488,0.011942426885055169
46.5,-3.5,8153,0.01824481278523511,0.025449268064405374,0.009800561791913248,0.011439818319854973
47.5,-3.5,8154,0.018140119778668307,0.023165744963169064,0.008408579932550692,0.009576325181482822
48.5,-3.5,8155,0.018408821280498852,0.02175086247630448,0.008976208785226059,0.009941285016378039
49.5,-3.5,8156,0.016899939027543037,0.020840024212074173,0.008539035078637304,0.009535546554545997
50.5,-3.5,8157,0.021014844918535506,0.020864195000116464,NA,0.009776097121752326
51.5,-3.5,8158,0.01997224640890434,0.020007545369828895,NA,0.009118233294686815
52.5,-3.5,8159,0.017673769409552897,0.02219318873835234,NA,0.008499447430149505
53.5,-3.5,8160,0.018297363821455664,0.022441363645346428,NA,0.008797248340992263
54.5,-3.5,8161,0.018864491684250726,0.022904674772019053,NA,0.008759724233137641
55.5,-3.5,8162,0.020627124871394193,0.022806570533653363,NA,0.009433615558423408
56.5,-3.5,8163,0.022312489019546685,0.023103435922551006,NA,0.009760793707544188
57.5,-3.5,8164,0.02785219108656002,0.028161212415133887,NA,0.011301252839501563
58.5,-3.5,8165,0.03216979554429344,0.031746156000920615,NA,0.011825248229239475
59.5,-3.5,8166,0.03339413734915204,0.03067796937005092,NA,0.012816887987293309
60.5,-3.5,8167,0.0361954707822172,0.031445784980029146,NA,0.012777004278249526
61.5,-3.5,8168,0.03188827985672904,0.037793172868900694,NA,0.013278755171761032
62.5,-3.5,8169,0.030713105430988177,0.03500792418657096,NA,0.013279428001616654
63.5,-3.5,8170,0.02801142076853641,0.03391903251931637,NA,0.012600463582018228
64.5,-3.5,8171,0.02358617029441319,0.028814723636259903,NA,0.010619929717565587
65.5,-3.5,8172,0.027619785792066472,0.0279103769364781,NA,0.010549128046028745
66.5,-3.5,8173,0.031596108558251505,0.026723028724844944,NA,0.010393726697141276
67.5,-3.5,8174,0.03043198239350092,0.02691990204684313,NA,0.00979198847873509
68.5,-3.5,8175,0.04201185946053745,0.0310841193611269,NA,0.011464837351631035
69.5,-3.5,8176,0.032010658916822594,0.032340588924831305,NA,0.012123710878501127
70.5,-3.5,8177,0.024221996467439194,0.03439647305183869,NA,0.0131959093227041
71.5,-3.5,8178,0.026543236390051846,0.03269373618172737,NA,0.014098456894810487
72.5,-3.5,8179,0.03280875704374273,0.028940993161727567,NA,0.014664992154555665
73.5,-3.5,8180,0.022571577932212376,0.019644819901002725,NA,0.011264100539935866
74.5,-3.5,8181,0.022353949985001738,0.0170736233953484,NA,0.009259077557017346
75.5,-3.5,8182,0.0245541180457936,0.016903739613696955,NA,0.009042904593934914
76.5,-3.5,8183,0.02500238849168043,0.016771124198906955,NA,0.009170684793748735
77.5,-3.5,8184,0.023901051289982888,0.016699598117049318,NA,0.009674846077839852
78.5,-3.5,8185,0.023422966677398793,0.016262066006613025,NA,0.010521381386104388
79.5,-3.5,8186,0.022488827898643884,0.014726609219019943,NA,0.011310089895523309
80.5,-3.5,8187,0.022241132260348247,NA,NA,0.012621735736262244
81.5,-3.5,8188,0.02026205921657013,NA,NA,0.0158991542819211
82.5,-3.5,8189,0.022470505099058995,NA,NA,0.018552446243179598
83.5,-3.5,8190,0.02985577501045232,NA,NA,0.025438803681224587
84.5,-3.5,8191,0.04014812965760862,NA,NA,0.04238555801105073
85.5,-3.5,8192,0.04083646437315201,NA,NA,0.046626371763398754
86.5,-3.5,8193,0.03878522711812527,NA,NA,0.038750874019581466
87.5,-3.5,8194,0.040377001117639394,NA,NA,0.024298377236189928
88.5,-3.5,8195,0.05320584334559102,NA,NA,0.046262757869634595
89.5,-3.5,8196,0.04780419467605008,NA,NA,0.03832982048554948
-138.5,-2.5,8206,0.0786408869040492,NA,0.03316617013455881,0.02686084423844071
-137.5,-2.5,8207,0.03180768419422089,NA,0.01777357217367609,0.029592194863936064
-136.5,-2.5,8208,0.024562882901790373,NA,0.014797329754814218,0.04417659443644848
-135.5,-2.5,8209,0.03011332402920163,NA,0.02087152819798925,0.05252123334826913
-134.5,-2.5,8210,0.0252635379658122,NA,0.020613940978685873,0.050575592372480854
-133.5,-2.5,8211,0.024446193286764787,NA,0.015719419273148093,0.055256417192777726
-132.5,-2.5,8212,0.019298174723240327,NA,0.02552788261439358,0.035431550113838715
-131.5,-2.5,8213,0.018389561121190556,NA,0.010160117931220155,0.032350841442729934
-130.5,-2.5,8214,0.01981431606833753,NA,0.013217444408016534,0.031002898648096765
-129.5,-2.5,8215,0.027213983114909288,0.08902698228869468,0.018619596260231457,0.03585241895994106
-128.5,-2.5,8216,0.030327501718070325,0.06904606674561958,0.021317513261816808,0.06764496581116729
-127.5,-2.5,8217,0.04388300875570621,0.10941484575405443,0.030568878829339716,0.07884402843999122
-126.5,-2.5,8218,0.0587567028901467,0.07933638272085504,0.01965217946926838,0.07477564089870706
-125.5,-2.5,8219,0.09236848167228644,0.08645986452860245,0.020470841559853733,0.04258275200142561
-124.5,-2.5,8220,0.059924814928819445,0.06352055164325361,0.020304839056417185,0.04299492932693439
-123.5,-2.5,8221,0.07247365198277154,0.05817576769078068,0.017467035421960965,0.04526924424766708
-122.5,-2.5,8222,0.08765892945641983,0.04534736649599531,0.0181359027468236,0.050559810390870465
-121.5,-2.5,8223,0.07172467898507849,0.06282705845977106,0.022659375449359313,0.050677686567362795
-120.5,-2.5,8224,0.06634665205696742,0.06817771138884901,0.023200583911484694,0.04720010927339672
-119.5,-2.5,8225,0.05804105588069144,0.06406700590828007,NA,0.04709419363601353
-118.5,-2.5,8226,0.050091067405816675,0.05965186479045066,NA,0.04547335258357021
-117.5,-2.5,8227,0.052252492569528984,0.056762486416393226,NA,0.045236931827508
-116.5,-2.5,8228,0.04400205459213446,0.05479584280545074,NA,0.04385434568401835
-115.5,-2.5,8229,0.04007985821251549,0.0561024243882276,NA,0.03879666556693603
-114.5,-2.5,8230,0.05539518450615306,0.04561099196636449,NA,0.059140979530187356
-113.5,-2.5,8231,0.056315580970888394,0.04978505008410374,NA,0.05726766685963874
-112.5,-2.5,8232,0.06137247359833724,0.06626780821778337,NA,0.05554548424145491
-111.5,-2.5,8233,0.06465967759529855,0.08124466171148957,NA,0.07893097624291315
-110.5,-2.5,8234,0.07562146085403817,0.0934751914404673,NA,0.08297519288519062
-109.5,-2.5,8235,0.08801046671998317,0.13092487561359975,0.08172720470126357,0.08683058987004322
-108.5,-2.5,8236,0.0962787651674473,0.14654132620881916,0.09602509157187526,0.09320659218927102
-107.5,-2.5,8237,0.09673800942350821,0.13302428664213667,0.128734202657863,0.10258164901947096
-106.5,-2.5,8238,0.11417783640552613,0.1840146017919508,0.09943284023636657,0.0858759369380659
-105.5,-2.5,8239,0.13545792254935404,0.15814218643042088,0.10252889762109162,0.07649027474363831
-104.5,-2.5,8240,0.19146826113667847,0.24951788756889562,0.11113175099925067,0.10198799503368948
-103.5,-2.5,8241,0.1566229117244129,0.14364250446787466,0.07199044392605815,0.0822571825555088
-102.5,-2.5,8242,0.11987374598431716,0.18788890125926425,0.06520218350186859,0.06592848668611145
-101.5,-2.5,8243,0.09301455823893519,0.155992273716455,0.053109785859597455,0.05183981868990351
-100.5,-2.5,8244,0.0774147680367704,0.10721653921926258,0.04375974832667669,0.04054999658546497
-99.5,-2.5,8245,0.06859427202192475,0.09634906808820826,0.03878448356132145,0.031120874497095833
-98.5,-2.5,8246,0.07040447756068462,0.08276625456237185,0.03582672759966012,0.030006895028815747
-97.5,-2.5,8247,0.06623958310708217,0.07873568824937674,0.032133918380845394,0.025327729242041384
-96.5,-2.5,8248,0.06660697203515857,0.08142160718702493,0.02181484984647833,0.024979394125872096
-95.5,-2.5,8249,0.07269344954673944,0.08404114671236788,0.03443321781980073,0.03014488885483366
-94.5,-2.5,8250,0.07584121669445659,0.07646753655050308,0.026218654460507796,0.02721829944988454
-93.5,-2.5,8251,0.06612286316969086,0.07552922241684382,0.03197623944372519,0.029412153730818874
-92.5,-2.5,8252,0.06858117898920209,0.09496903020345858,0.03127529170459595,0.027556994080198242
-91.5,-2.5,8253,0.05387236305878511,0.09491745526070192,0.03451794310890463,0.025324275022738894
-90.5,-2.5,8254,0.05940651746359279,0.1047918106319844,0.03717227533726609,0.025199567241066735
-89.5,-2.5,8255,0.05928779675197873,0.11454316942433197,0.04012164267990705,0.038968191971789246
-88.5,-2.5,8256,0.08469990635956054,0.12907987037737925,0.06176649055520861,0.05588895255835739
-87.5,-2.5,8257,0.09452108545166997,0.10376472500393857,0.07264836789452171,0.0643008619327955
-86.5,-2.5,8258,0.08833806106708215,0.1050015715733646,0.0935635140181471,0.05313427244766975
-85.5,-2.5,8259,0.12117759893553057,0.10937278428406717,0.07284154021956019,0.06818490059781587
-84.5,-2.5,8260,0.10751425690509078,0.11136350426087925,0.09412141651697992,0.10710213515219914
-83.5,-2.5,8261,0.13524512645763012,0.11254942617573944,0.10460508561104882,0.12522358193447788
-82.5,-2.5,8262,0.15089307134794067,0.2622705900836963,0.07698655463522121,0.14487127061236926
-81.5,-2.5,8263,0.305520164164809,0.19645795944821076,0.09531054788563673,0.23837258010933457
-80.5,-2.5,8264,0.129162683663096,0.13106843404772658,0.0445784584589914,0.0618795915489425
-79.5,-2.5,8265,0.1452259412643734,0.17427447355295364,0.1031758298376241,0.10578573322935886
-72.5,-2.5,8266,0.014030986000383655,0.010383142828006332,0.02658629392965955,0.012809430234685733
-71.5,-2.5,8267,0.01825529015480572,0.014692452159731107,0.019993574137623118,0.014840298917972821
-70.5,-2.5,8268,0.02063061867928533,0.02629517185202865,0.025166564126721233,0.043286098074524944
-62.5,-2.5,8269,0.05794153420952531,0.11768342124797188,0.190989818496694,0.1619662361311025
-61.5,-2.5,8270,0.08420633096143888,0.1407208621719889,0.22741969657924177,0.2689803857573612
-57.5,-2.5,8271,0.15477086505686743,0.18162605958290945,0.427986636462346,0.20167291459099657
-56.5,-2.5,8272,0.13964585166834592,0.1428300941722019,0.09204868446149876,0.17364696057984877
-55.5,-2.5,8273,0.11231834871214576,0.1127158828009396,0.14888286148163557,0.27043059375557504
-54.5,-2.5,8274,0.12557338954947012,0.13632890276908333,0.14013945393480254,0.2926082726475813
-53.5,-2.5,8275,0.1603558763197413,0.1757437161480868,0.16294442840142243,0.2645656091956144
-52.5,-2.5,8276,0.18920009869013998,0.15558665311366257,0.13417513356593128,0.22868376978107333
-51.5,-2.5,8277,0.14145535099310286,0.09386941842410751,0.10274107996879157,0.16276768804984248
-50.5,-2.5,8278,0.08538819857227722,0.13007047929218565,0.13140927052179152,0.19524488195571046
-49.5,-2.5,8279,0.1550787083113915,NA,NA,0.1808743280866351
-48.5,-2.5,8280,0.0726490215484064,NA,NA,0.08048744380672322
-47.5,-2.5,8281,0.03530454766504763,NA,NA,0.05564971227953729
-46.5,-2.5,8282,0.031187519310620974,NA,NA,0.011694691630354123
-45.5,-2.5,8283,0.019301369435945084,NA,NA,0.03092259859911613
-44.5,-2.5,8284,0.44496505290475574,NA,NA,0.357221747042342
-38.5,-2.5,8285,0.2782547515553253,0.25929908512893873,0.090948360765611,0.18285615241347813
-37.5,-2.5,8286,0.1284089514395988,0.27612058917174453,0.17158269909592164,0.34410870700529994
-36.5,-2.5,8287,0.1519036194550524,0.21046277104869007,0.21440377579035327,0.22324450076100216
-35.5,-2.5,8288,0.11800286292107938,0.279806120028286,0.182052948294497,0.32606112548843036
-34.5,-2.5,8289,0.15263769123976342,0.32477724456165086,0.2503822346784188,0.41946399843165366
-33.5,-2.5,8290,0.2497768025136434,0.3465250852344079,0.2564873765675309,0.5005239356185596
-32.5,-2.5,8291,0.3147851658278763,0.2095756685270555,0.1726905046218788,0.5039757829724276
-31.5,-2.5,8292,0.15788859636845176,0.08902077422668395,0.17629600417506353,0.4494232080123733
-30.5,-2.5,8293,0.11601862028106111,0.11082560435639957,0.20087351458454786,0.6844278992186423
-29.5,-2.5,8294,0.202349347524564,0.04949948983290502,0.1349850820565672,0.3730164250588083
-28.5,-2.5,8295,0.33706079197614636,0.12153143566578908,0.15983010641432055,0.666571844587584
-27.5,-2.5,8296,0.28754829166327794,0.1864045252478161,0.16529871815251898,0.7213611390598075
-26.5,-2.5,8297,0.23405217116848978,0.11508013132501045,0.19858937195129334,0.501995642707933
-25.5,-2.5,8298,0.038385158180779394,0.09545137480667741,0.10830064452881867,0.42849527860519865
-24.5,-2.5,8299,0.04015138559793442,0.08509754654004911,0.06348793903736197,0.3051983492933269
-23.5,-2.5,8300,0.1680165252909744,0.06773586809889316,0.0824690531280529,0.3596560800594394
-22.5,-2.5,8301,0.19821631754205515,0.05440634636117585,0.04449156416610477,0.26017417391064246
-21.5,-2.5,8302,0.17518907981702012,0.04153059049943948,0.04473244822566757,0.2777915678328307
-20.5,-2.5,8303,0.11703582843837744,0.07047944109674678,0.046056367040338796,0.349040502506247
-19.5,-2.5,8304,0.06899150982979145,0.10901830963360805,0.04725655824301705,0.21900609046051112
-18.5,-2.5,8305,0.039096289153688416,0.05473212942157398,0.04528635077505386,0.12702869880249198
-17.5,-2.5,8306,0.035094881201107334,0.06029121269989638,0.04048384263704124,0.18157392286656993
-16.5,-2.5,8307,0.05223494895293672,0.08655513276134197,0.0378996183940506,0.1573993882460068
-15.5,-2.5,8308,0.06017239569479798,0.07433852808144926,0.04011095795495251,0.15371442743062738
-14.5,-2.5,8309,0.06797388498565801,0.0828569960644215,0.04804749012640466,0.15747548564674355
-13.5,-2.5,8310,0.06685683207705083,0.05831303523114013,0.05392551693517685,0.12236688029850779
-12.5,-2.5,8311,0.07207623329952055,0.06553280352360134,0.04479604087792187,0.12138974016205877
-11.5,-2.5,8312,0.06186093156777117,0.05723148104405061,0.04652455692551582,0.0692441227444077
-10.5,-2.5,8313,0.0717925464323188,0.07434498863665757,0.08411000597045334,0.0822985557793821
-9.5,-2.5,8314,0.06739900432783742,0.05602818957965876,0.041040246241859014,NA
-8.5,-2.5,8315,0.07474167104083015,0.052657184958325935,0.03690131602755271,NA
-7.5,-2.5,8316,0.0805731713369472,0.0574710804220985,0.04184060706322117,NA
-6.5,-2.5,8317,0.09420152312238468,0.06907576256828978,0.04529339572012518,NA
-5.5,-2.5,8318,0.10771468948221953,0.08036251005973208,0.059321999866361205,NA
-4.5,-2.5,8319,0.08580852932187387,0.07820009375865768,0.03634199334675189,NA
-3.5,-2.5,8320,0.07475992330487995,0.06920020429768618,0.0501946247766418,NA
-2.5,-2.5,8321,0.079849673735846,0.09029346260983573,0.06843623771237552,NA
-1.5,-2.5,8322,0.08440356807601894,0.10323571394535565,0.0733184283594129,NA
-0.5,-2.5,8323,0.13263774838940723,0.10586850748065396,0.061824738917898435,NA
0.5,-2.5,8324,0.17958347359903737,0.08768272250182954,0.05596362917785708,0.0924644465177924
1.5,-2.5,8325,0.13144357633434361,0.13359196271288476,0.05473504008253023,0.15896243984796737
2.5,-2.5,8326,0.1689220004123219,0.20093409436791834,0.08704466046387264,0.16769972219239965
3.5,-2.5,8327,0.1674022106533615,0.16043898867575757,0.09223450303399815,0.11393964213075107
4.5,-2.5,8328,0.07824265141470405,0.08885175497922507,0.048510144064231715,0.06062525919399248
5.5,-2.5,8329,0.09162751533003378,0.11522991481122774,0.06744229760794526,0.08006900929825392
6.5,-2.5,8330,0.06299951920573259,0.07184654832221447,0.06002338695746337,0.059272996586542455
7.5,-2.5,8331,0.060778961833806405,0.09300110078950537,0.054161944176676136,0.07936044700703615
8.5,-2.5,8332,0.058847498889015144,0.11009434832809609,0.05573132176640621,0.0751007349996458
9.5,-2.5,8333,0.06606681784491487,0.13323138010094027,0.0756343772351342,0.06399702428251933
20.5,-2.5,8344,0.09795155482248548,0.12264854215045973,0.0750680771850458,0.07843935828796325
21.5,-2.5,8345,0.08925270031874018,0.11185066897472681,0.08063065811863503,0.07336420647041438
22.5,-2.5,8346,0.08263262872124928,0.11864076842604432,0.04304601671006414,0.0673273890719506
23.5,-2.5,8347,0.0833698502163266,0.1577916303632158,0.08627868541696428,0.06347329462779884
24.5,-2.5,8348,0.08027709075461101,0.19706359194659007,0.06805402851741968,0.06913031191054705
25.5,-2.5,8349,0.08430287228880731,0.2811272268105397,0.06625331285514069,0.07058718197557166
26.5,-2.5,8350,0.09813687656110893,0.29116795291716,0.06422315074896526,0.07262701967317134
27.5,-2.5,8351,0.13424542369699147,0.17119750338549344,0.046578837667433655,0.0574352074666002
28.5,-2.5,8352,0.11597623907862864,0.12742543205916787,0.05509063481627773,0.06409870006757387
29.5,-2.5,8353,0.09136476180514833,0.08907797973003194,0.04366619239863669,0.05081216299063502
30.5,-2.5,8354,0.07006965049117206,0.06244693704394728,0.04059765241602886,0.039817446217736314
31.5,-2.5,8355,0.053907173514333113,0.04375321542248183,0.030449672459357778,0.027596464309732394
32.5,-2.5,8356,0.0530420917925064,0.037241876248998364,0.02916708165635007,0.02422488739161384
33.5,-2.5,8357,0.03918637468325409,0.028732209342848848,0.01961892020857077,0.017694179166257117
34.5,-2.5,8358,0.03754115286772971,0.029405459015091808,0.014432920721266044,0.014785520673801872
35.5,-2.5,8359,0.03975199805075041,0.02960050473785841,0.015401144002432898,0.015119250980666047
36.5,-2.5,8360,0.04087853101543064,0.031697295739328654,0.015631412930372186,0.01559816971108752
37.5,-2.5,8361,0.04478960880091444,0.035968743315419556,0.015717191739932797,0.018830402475051255
38.5,-2.5,8362,0.04283308177921166,0.038053586094610896,0.014445695514314464,0.02595990288474499
39.5,-2.5,8363,0.034266722381827354,0.04011592120274524,0.015139179091787436,0.024200606095360015
40.5,-2.5,8364,0.028970068250672467,0.032655849641432186,0.015226044439679719,0.024552823452574635
41.5,-2.5,8365,0.035120736698843455,0.031183722009854534,0.014285511030157608,0.026455295970489803
42.5,-2.5,8366,0.028820442593835087,0.026290550975535797,0.012757790886830545,0.017636691690601225
43.5,-2.5,8367,0.025270414087878612,0.022520910375751903,0.012004747806026781,0.013249369385096037
44.5,-2.5,8368,0.022658587487291524,0.021391459547268434,0.01124804106595534,0.012205392456008105
45.5,-2.5,8369,0.022781838790087845,0.01984799998399764,0.010245017251991036,0.011193114327922346
46.5,-2.5,8370,0.01995135863584382,0.021071646860624873,0.008565953435720771,0.011162609899787946
47.5,-2.5,8371,0.019392446916985974,0.019559698184137747,0.009697382664637854,0.009633546839199286
48.5,-2.5,8372,0.021099162392620413,0.02122893350007583,0.01408105051385916,0.0101404257742018
49.5,-2.5,8373,0.020805039854219345,0.023392666487099246,0.008900481234915712,0.01052419881861661
50.5,-2.5,8374,0.020629732446633114,0.02166234548599788,NA,0.010769177769027355
51.5,-2.5,8375,0.021652214614846742,0.02244081461079755,NA,0.009689384442710018
52.5,-2.5,8376,0.02730570215849076,0.023788277551507975,NA,0.009765371614585166
53.5,-2.5,8377,0.028990885718045034,0.023928594775419476,NA,0.010575133419598844
54.5,-2.5,8378,0.025588914906815485,0.02397196311036633,NA,0.011242118744587215
55.5,-2.5,8379,0.02545482388474728,0.027324151123316955,NA,0.011236913624461201
56.5,-2.5,8380,0.03194846534670691,0.03417044539186082,NA,0.01313090881031707
57.5,-2.5,8381,0.027588226251187214,0.02720649322727452,NA,0.013536363830242308
58.5,-2.5,8382,0.02249553271883791,0.02848617800455418,NA,0.013330823525737228
59.5,-2.5,8383,0.022743232690710116,0.026223268885161872,NA,0.014137284622372721
60.5,-2.5,8384,0.023348560638298,0.02625691916904306,NA,0.013675882273215673
61.5,-2.5,8385,0.019815319379546236,0.02114423502769837,NA,0.01170909061431173
62.5,-2.5,8386,0.017867743902596663,0.023564333336717518,NA,0.01305384797145866
63.5,-2.5,8387,0.017832657563087297,0.024512287613314254,NA,0.01303063686198643
64.5,-2.5,8388,0.022299871861913165,0.02518391224196794,NA,0.012627492294974963
65.5,-2.5,8389,0.019041731083229978,0.024908800721574035,NA,0.012992566605929776
66.5,-2.5,8390,0.020067659257283283,0.02239260219577717,NA,0.014019888587795452
67.5,-2.5,8391,0.024195832441602744,0.018743117652874074,NA,0.01183945346000281
68.5,-2.5,8392,0.029758103670276752,0.018250612529530082,NA,0.010713629407587294
69.5,-2.5,8393,0.02298097473911216,0.018346899287596467,NA,0.010723203619676653
70.5,-2.5,8394,0.020799629187210608,0.018985119845652692,NA,0.010806790736424605
71.5,-2.5,8395,0.019577316275423085,0.019267784670085934,NA,0.011681007801896614
72.5,-2.5,8396,0.021249881808560796,0.019139192493119978,NA,0.012242547806807417
73.5,-2.5,8397,0.018354855109540755,0.02145457326285824,NA,0.012563807466237392
74.5,-2.5,8398,0.01745187567908802,0.02003959203678472,NA,0.011806031031355645
75.5,-2.5,8399,0.01728529090711313,0.015992282900390425,NA,0.00948387204531722
76.5,-2.5,8400,0.017712268072216233,0.015598897230073364,NA,0.009509163206284225
77.5,-2.5,8401,0.018319561801011568,0.0150383199546126,NA,0.010858152647644163
78.5,-2.5,8402,0.01986944940590523,0.015990181400513875,NA,0.012352794280736724
79.5,-2.5,8403,0.017997667811289815,0.016733038552167494,NA,0.011251502137840623
80.5,-2.5,8404,0.015531559741768125,NA,NA,0.012812215801709766
81.5,-2.5,8405,0.017233365780441788,NA,NA,0.015918335968507034
82.5,-2.5,8406,0.0220230136361933,NA,NA,0.02128222940921157
83.5,-2.5,8407,0.02767131707846947,NA,NA,0.028444086955816038
84.5,-2.5,8408,0.04045855398210037,NA,NA,0.03458488593117749
85.5,-2.5,8409,0.04112332885864552,NA,NA,0.03514929162891016
86.5,-2.5,8410,0.0476622360745566,NA,NA,0.04135355508779423
87.5,-2.5,8411,0.04830563063275111,NA,NA,0.044162755229564955
88.5,-2.5,8412,0.059948757664350455,NA,NA,0.039559034934342735
89.5,-2.5,8413,0.07347728409389995,NA,NA,0.033951880293269114
-137.5,-1.5,8423,0.0343195373923418,NA,0.034173953963002,0.037076721397768415
-136.5,-1.5,8424,0.028333553895837162,NA,0.019606122800413864,0.05762243051571704
-135.5,-1.5,8425,0.03557346909778061,NA,0.019599018343182586,0.05167611154791177
-134.5,-1.5,8426,0.026806607525160033,NA,0.021104411284275683,0.07380936466499233
-133.5,-1.5,8427,0.02643566706051075,NA,0.026634552131449763,0.07387476966473219
-132.5,-1.5,8428,0.03270455569246503,NA,0.0172628864628989,0.055450239723699085
-131.5,-1.5,8429,0.018519283459305903,NA,0.014923216362498375,0.03798673797255394
-130.5,-1.5,8430,0.014921430445101969,NA,0.011158400763609074,0.03340111346479835
-129.5,-1.5,8431,0.01823332243141673,0.054614968313702814,0.0170178214221403,0.0352774314509616
-128.5,-1.5,8432,0.02060298779157965,0.05564213474642186,0.01775960124456602,0.03755249629858161
-127.5,-1.5,8433,0.030266663085251153,0.06622261932064336,0.020814364198434545,0.049984979614392806
-126.5,-1.5,8434,0.04090123769914211,0.08148841486113839,0.026235583041290377,0.08142138765489478
-125.5,-1.5,8435,0.05209882248346955,0.09330361135253526,0.023664297661603106,0.0814450353602815
-124.5,-1.5,8436,0.044837499021997296,0.10362705998819059,0.02300061314678538,0.05920583469676723
-123.5,-1.5,8437,0.06173748380715591,0.11876948688082119,0.023690118301782474,0.050263108231864737
-122.5,-1.5,8438,0.0605724030310096,0.15328201396763289,0.024298124963998573,0.04796675084553448
-121.5,-1.5,8439,0.0719750525294388,0.15712359634317938,0.03560344050450662,0.042825308363650276
-120.5,-1.5,8440,0.11226457365338097,0.1818195640658437,0.03780239082854838,0.048962770323365844
-119.5,-1.5,8441,0.08998955404841148,0.17279928275809742,NA,0.045713237695834276
-118.5,-1.5,8442,0.0836838367973051,0.14346462128211968,NA,0.048226143948055605
-117.5,-1.5,8443,0.07525013654799544,0.12219870738665271,NA,0.04116847358884595
-116.5,-1.5,8444,0.0572362901113625,0.09165951990671542,NA,0.03525202861880254
-115.5,-1.5,8445,0.061245789119245206,0.09346213147236365,NA,0.035481391521900135
-114.5,-1.5,8446,0.0785182668793698,0.10067746057462565,NA,0.05368116343511472
-113.5,-1.5,8447,0.07018297083809238,0.12622364818163753,NA,0.049553829733913556
-112.5,-1.5,8448,0.08626677669077279,0.18158530397208564,NA,0.04619869297978868
-111.5,-1.5,8449,0.10606681142569202,0.22408564756911376,NA,0.06798067820083178
-110.5,-1.5,8450,0.11182796412400331,0.24465543202339995,NA,0.0643747240612097
-109.5,-1.5,8451,0.1291893449369741,0.28803610755360887,0.09247838646175832,0.08320018299975562
-108.5,-1.5,8452,0.12310092379902575,0.276371026562347,0.12774512805457428,0.10267866578577246
-107.5,-1.5,8453,0.08929663357243467,0.22679733831552554,0.10902731695484141,0.09563044568618281
-106.5,-1.5,8454,0.10963203596199644,0.2882548787969368,0.10355532224675783,0.09825241652770295
-105.5,-1.5,8455,0.13589014109943112,0.2761150063888464,0.08294551396255286,0.1049001193392683
-104.5,-1.5,8456,0.1268961642027342,0.18204623768277714,0.08778721402870254,0.09220938420275782
-103.5,-1.5,8457,0.1332368992124586,0.19612328428359307,0.07338023504750951,0.0804669387066076
-102.5,-1.5,8458,0.13185951025761425,0.17261447861668186,0.04557514898826503,0.07098052166616461
-101.5,-1.5,8459,0.11601222482529133,0.198272504929893,0.05135769924868061,0.06313599051805574
-100.5,-1.5,8460,0.08770295895506683,0.10702562103906432,0.04433384132832331,0.043551560880929346
-99.5,-1.5,8461,0.067009269871258,0.09717220811081245,0.044358832508153444,0.0447907022285906
-98.5,-1.5,8462,0.049256242252447374,0.06687605513983408,0.02713384946467644,0.03702091014651616
-97.5,-1.5,8463,0.053157056410979835,0.06179739203424406,0.0225374415246358,0.0354552158070863
-96.5,-1.5,8464,0.0656902339226934,0.060804016002213544,0.022157919566825984,0.03519697489215465
-95.5,-1.5,8465,0.06291947850319997,0.05578371276543165,0.021155943241306176,0.03141157221580344
-94.5,-1.5,8466,0.05588507055666108,0.05845459388150077,0.023472785840421874,0.028883943449240754
-93.5,-1.5,8467,0.04823775765925756,0.06771388876901087,0.018950887731622686,0.03333337250151555
-92.5,-1.5,8468,0.046411430987761786,0.0786877859942637,0.02023231519673715,0.035466448557817165
-91.5,-1.5,8469,0.04687662425124624,0.0893730203805805,0.027177404914387335,0.027857882026707317
-90.5,-1.5,8470,0.039327214915287324,0.10012006564475778,0.026899190816977645,0.026984718496895634
-89.5,-1.5,8471,0.04241245133604791,0.11252858856636969,0.042401885995877346,0.032377787572231816
-88.5,-1.5,8472,0.05749677081126904,0.07610400973778884,0.06763909599239964,0.04199637059771695
-87.5,-1.5,8473,0.07095761523717276,0.09403470173488707,0.061863382777557124,0.038549505748466405
-86.5,-1.5,8474,0.07424588657113848,0.10890239421101017,0.09037509332104149,0.05372668302744477
-85.5,-1.5,8475,0.14198243905180197,0.08798230240375472,0.05121670811859863,0.07954113837500035
-84.5,-1.5,8476,0.14770150712761107,0.11461405404660234,0.077790163019927,0.13248935677610504
-83.5,-1.5,8477,0.17947063481587625,0.08980743826836161,0.08077586474665141,0.12376449272252811
-82.5,-1.5,8478,0.2525222890880269,0.08850089326353874,0.09906576325832477,0.1802756021804275
-81.5,-1.5,8479,0.11814499907163435,0.04903243592069369,0.04263280987392573,0.05885105000562314
-80.5,-1.5,8480,0.12682657084744578,0.06733988661367898,0.06612361046248318,0.09735056188192404
-79.5,-1.5,8481,0.04034232071660006,0.10537140630365344,0.025885568666487727,0.05916906721453113
-75.5,-1.5,8482,0.014099876783445212,0.014375817003464625,0.025756908027757038,0.01776725308832955
-74.5,-1.5,8483,0.016800518234979925,0.023708040539078497,0.026781591336700973,0.023378304321247826
-73.5,-1.5,8484,0.03359766926239117,0.02163242407285961,0.055992691703912786,0.042607563539206646
-72.5,-1.5,8485,0.018379518793759386,0.021602428190533846,0.02721181945406548,0.019069548668087338
-71.5,-1.5,8486,0.01490292763067246,0.015318821734031792,0.012807602643324987,0.010884061154352405
-70.5,-1.5,8487,0.01135653177953061,0.03682941333066411,0.014239120160607018,0.015615817269539669
-62.5,-1.5,8488,0.09902968592504655,0.322155589529501,0.17027543736855902,0.28399073166118477
-61.5,-1.5,8489,0.11187846826708332,0.19530868378461552,0.18583548180942566,0.3177281002805824
-57.5,-1.5,8490,0.028123187211375356,0.03943843817497442,0.11338344175758633,0.030318559985336887
-56.5,-1.5,8491,0.05624378628512659,0.04100822750718924,0.019460161721481063,0.08176182542661019
-55.5,-1.5,8492,0.08510819585025683,0.09679408244392705,0.07798519522262991,0.6574910097235898
-54.5,-1.5,8493,0.06638896690523381,0.10191988694733381,0.036772391433472856,0.5113374449193872
-53.5,-1.5,8494,0.06381321432736739,0.0956354608806991,0.04629601508056086,0.2714845338068137
-51.5,-1.5,8495,0.07352505641651581,0.09177152858175756,0.06535441204238596,0.13357807078083905
-50.5,-1.5,8496,0.11343090450920074,0.10330877765388874,0.07288899239046183,0.12392427952411872
-49.5,-1.5,8497,0.09495671853922237,NA,NA,0.06487029937036215
-48.5,-1.5,8498,0.022364045508868172,NA,NA,0.021154740137886804
-45.5,-1.5,8499,0.10953822447816253,NA,NA,0.22447312644202402
-44.5,-1.5,8500,0.165986121391688,NA,NA,0.25379211981095484
-43.5,-1.5,8501,0.12981086494558247,NA,NA,0.1889524668861542
-42.5,-1.5,8502,0.1607187645270027,NA,NA,0.12126845437079328
-41.5,-1.5,8503,0.3107038755375887,NA,NA,0.29274479044395474
-40.5,-1.5,8504,0.20025131845863622,NA,NA,0.22477262572415924
-39.5,-1.5,8505,0.22070451880850797,0.21369959759254467,0.2690150502753924,0.23353604556155444
-38.5,-1.5,8506,0.24181743564993333,0.21335964555991752,0.24815762097825667,0.23188099699310816
-37.5,-1.5,8507,0.1368854800129747,0.2107618809404596,0.2682998495991268,0.3473937428007159
-36.5,-1.5,8508,0.12768674654997944,0.2190988746208769,0.15507072786118903,0.3970640728772091
-35.5,-1.5,8509,0.31422004350075017,0.2981503761472026,0.23714166120285632,0.6698697207109198
-34.5,-1.5,8510,0.20121488732215784,0.1572076046272156,0.15887538806596205,0.26394777659232127
-33.5,-1.5,8511,0.30271760633623224,0.16544493918256017,0.19837125334828853,0.48509270568520857
-32.5,-1.5,8512,0.4333909851257042,0.11662274021141456,0.27566502662961295,0.5106335759935118
-31.5,-1.5,8513,0.20178831924364793,0.030397232722069786,0.19097095184250784,0.27247247719251777
-30.5,-1.5,8514,0.06301303304313648,0.029879820912309098,0.11873673878148444,0.402793725373365
-29.5,-1.5,8515,0.09690407201563085,0.1274100024977634,0.2647175596034274,0.44197211544621184
-28.5,-1.5,8516,0.07208267070861357,0.18944819726864368,0.2859155095353044,0.7533636175515724
-27.5,-1.5,8517,0.06200553694279625,0.1469680915171719,0.23263229187930037,0.6727077688933992
-26.5,-1.5,8518,0.07480003029105806,0.10261599243440078,0.12308841904480095,0.3890948460260476
-25.5,-1.5,8519,0.04193604328016402,0.05145787315107339,0.08529649333641062,0.36561944950335623
-24.5,-1.5,8520,0.048303429738481486,0.04646948202109534,0.06400615606574499,0.25955778604077717
-23.5,-1.5,8521,0.07248762240224982,0.04658072647191479,0.04793266690704311,0.2912028584773762
-22.5,-1.5,8522,0.0751242649610449,0.04679205280653158,0.053176682018968364,0.28733921005810265
-21.5,-1.5,8523,0.05576729562983355,0.06715809220571602,0.055411831507893125,0.33348893500738774
-20.5,-1.5,8524,0.05982973490781034,0.07600629516916034,0.04623218984246345,0.24183098915488863
-19.5,-1.5,8525,0.03592408825358647,0.05125528319426055,0.034166631957870675,0.09767066515985116
-18.5,-1.5,8526,0.033824725611411276,0.06375843697407196,0.035335361864332004,0.15453475397360575
-17.5,-1.5,8527,0.09488157067993468,0.10353198558655335,0.061150970739921845,0.1887687820457738
-16.5,-1.5,8528,0.08288215490737837,0.09499676066709735,0.047997863909917435,0.1638634753402321
-15.5,-1.5,8529,0.09034630990997615,0.07746255362813033,0.04888788327607964,0.14270625149170224
-14.5,-1.5,8530,0.09472046826454968,0.08395452340811468,0.05279716307483576,0.13208757883638503
-13.5,-1.5,8531,0.07979860700412506,0.06726709805770556,0.04796742984378697,0.13678742958393095
-12.5,-1.5,8532,0.08065146111687488,0.05952592007866966,0.04619626734736655,0.10961848782308199
-11.5,-1.5,8533,0.08385723137227125,0.07053890448613565,0.04672859816496324,0.11815125547386694
-10.5,-1.5,8534,0.09640604760971362,0.0741570906413853,0.04773048653288707,0.10943160494022675
-9.5,-1.5,8535,0.08076916194254129,0.06256732097694383,0.030892709207110937,NA
-8.5,-1.5,8536,0.07981152090047157,0.06362056032341376,0.037123730756279553,NA
-7.5,-1.5,8537,0.08012669325546473,0.05875606591314836,0.03676420416858936,NA
-6.5,-1.5,8538,0.0786554573507336,0.0835857063772339,0.04694039882471853,NA
-5.5,-1.5,8539,0.08375358156501773,0.0796823715171235,0.05774639539379618,NA
-4.5,-1.5,8540,0.08114676147968766,0.07956950207083437,0.09402566188584077,NA
-3.5,-1.5,8541,0.07130005510950733,0.07842879143125922,0.04280874190101832,NA
-2.5,-1.5,8542,0.11114278000468387,0.09908915331554727,0.07007131276512443,NA
-1.5,-1.5,8543,0.177576838653379,0.09400486807710211,0.06716975770810202,NA
-0.5,-1.5,8544,0.23587946353197398,0.09864682064997542,0.06505537881245263,NA
0.5,-1.5,8545,0.18544722277266182,0.09750895522915388,0.06054478477197576,0.12402434392221104
1.5,-1.5,8546,0.12998651079001433,0.07693126507781117,0.06758397240734185,0.13632273691197125
2.5,-1.5,8547,0.11392343295949331,0.07466103160903849,0.05518266603429887,0.1334827491000984
3.5,-1.5,8548,0.09817075558136865,0.06865801102275645,0.0564907409357564,0.11561754698551065
4.5,-1.5,8549,0.10728827464919802,0.07451889661136668,0.06146719072134695,0.11379983753528135
5.5,-1.5,8550,0.11384118278549445,0.07591383412503606,0.07012139592169617,0.11192497227749804
6.5,-1.5,8551,0.12244113379414608,0.07244723158313332,0.07992401220330628,0.1057345410742608
7.5,-1.5,8552,0.12159190258644392,0.07967311772560544,0.07213894268845947,0.11241530891499896
8.5,-1.5,8553,0.12438697079635713,0.10144152037804714,0.11304878315184129,0.1322658194736524
9.5,-1.5,8554,0.126448643942738,0.09987965952127967,0.13842137082388373,0.14381525266265047
20.5,-1.5,8565,0.20809734499835295,0.15591686468245752,0.08361171388344162,0.06620520888463087
21.5,-1.5,8566,0.16962131680228298,0.1467347520746422,0.07734650869227556,0.05708064622332107
22.5,-1.5,8567,0.21530225295202396,0.15730345602435106,0.0807234741894522,0.07008561065926752
23.5,-1.5,8568,0.1338490744376649,0.11083447085215908,0.050895526792636585,0.05584999872361124
24.5,-1.5,8569,0.09090249328113294,0.09268521399679397,0.04853681407894919,0.05551316710913314
25.5,-1.5,8570,0.08088056348264624,0.08869069996281098,0.05023263223753237,0.05726089623294063
26.5,-1.5,8571,0.07842601690196664,0.08578415324983411,0.04820656954635067,0.05801322670206035
27.5,-1.5,8572,0.08769511290022604,0.07676863312807945,0.04897756968643547,0.05957802049622123
28.5,-1.5,8573,0.08410570887982233,0.08005794534628749,0.052818262051305194,0.040197732387663804
29.5,-1.5,8574,0.06597256076066445,0.0628456089539103,0.04261046418163326,0.030656654083131278
30.5,-1.5,8575,0.05334209968796406,0.05888824794760649,0.0411447554846467,0.03003882410949123
31.5,-1.5,8576,0.045714570658852885,0.04971941229542538,0.031153503907838092,0.024711838720250526
32.5,-1.5,8577,0.034829247152086774,0.03778977778814072,0.02318831260759595,0.024335380030586846
33.5,-1.5,8578,0.03105197754145698,0.03393466058300316,0.02254417500136124,0.02808348484817007
34.5,-1.5,8579,0.02725186196490557,0.030515257795184384,0.021904562702506493,0.028108455169842516
35.5,-1.5,8580,0.02223870853165171,0.024149709073274617,0.013866196157887763,0.015636337941526548
36.5,-1.5,8581,0.02108514159957821,0.024202060452388836,0.012114137735674843,0.01624127704038289
37.5,-1.5,8582,0.02425859391169315,0.024999804589492053,0.01264285262173389,0.01667698908161931
38.5,-1.5,8583,0.026924510843242495,0.025716621226939816,0.012692966022719876,0.01782639363432971
39.5,-1.5,8584,0.026592650812556257,0.025443673096866525,0.011944141369882647,0.01764153191595909
40.5,-1.5,8585,0.024308825263822945,0.02502243466558342,0.011559559653602959,0.014846593400769069
41.5,-1.5,8586,0.021730111321741376,0.022625945560111937,0.010794953507990986,0.01277598365418894
42.5,-1.5,8587,0.02010183037397203,0.02314948974307191,0.010685562301967903,0.012300694042833142
43.5,-1.5,8588,0.021503565914925377,0.022257328591765425,0.01078539964181443,0.013719178015980334
44.5,-1.5,8589,0.022748178698364985,0.021305790582772054,0.010752365765048616,0.014790877674961822
45.5,-1.5,8590,0.02214439623977728,0.02147818408313672,0.011144859323404312,0.013471401824804647
46.5,-1.5,8591,0.02304627085075088,0.02122379268074339,0.0128660098202817,0.0127955765907346
47.5,-1.5,8592,0.024593131626984496,0.023442152676911045,0.012150802649741381,0.012064366114494813
48.5,-1.5,8593,0.024972602123888795,0.024004151785335364,0.012536209916949531,0.011181171722648315
49.5,-1.5,8594,0.02823787373867733,0.024578020776117652,0.013110878664897345,0.011811885916845738
50.5,-1.5,8595,0.023702329400037938,0.021525612432129745,NA,0.012806543122220728
51.5,-1.5,8596,0.022361528588823454,0.022987380378731426,NA,0.011575436628641071
52.5,-1.5,8597,0.016531362088134223,0.01937912640044911,NA,0.011693845670850618
53.5,-1.5,8598,0.01665660080272092,0.01907028759489077,NA,0.01420737790964479
54.5,-1.5,8599,0.016761684866660992,0.015478537446966225,NA,0.015398001877225486
55.5,-1.5,8600,0.018022504733749695,0.0160945082914071,NA,0.016775114375851274
56.5,-1.5,8601,0.01834535466850805,0.01687110025901123,NA,0.01756279370745015
57.5,-1.5,8602,0.01761657766872611,0.01499374386854567,NA,0.01787964261196234
58.5,-1.5,8603,0.018922374994764492,0.01494870827943611,NA,0.015904096579876667
59.5,-1.5,8604,0.017439762926884008,0.013619590957498392,NA,0.013227737758519119
60.5,-1.5,8605,0.019379148005304388,0.014307692782457958,NA,0.012375463719420008
61.5,-1.5,8606,0.0233281899281917,0.013386432824125053,NA,0.012503114184156505
62.5,-1.5,8607,0.018689590857686244,0.013739039988172452,NA,0.012821619614256532
63.5,-1.5,8608,0.016214471366178825,0.015544390140183656,NA,0.0123839446114307
64.5,-1.5,8609,0.01551008104076632,0.01492846173668763,NA,0.01351511832089245
65.5,-1.5,8610,0.015462043071064266,0.012990960658314291,NA,0.013127558370182894
66.5,-1.5,8611,0.016916476362443398,0.01311287622938663,NA,0.012363769109156961
67.5,-1.5,8612,0.01542599402503255,0.014242158840727107,NA,0.012608656785955115
68.5,-1.5,8613,0.014843590816705006,0.01526404386938414,NA,0.013897597984245122
69.5,-1.5,8614,0.01686495297400022,0.014892250781329754,NA,0.013128833728965172
70.5,-1.5,8615,0.01666154448312288,0.015491346780382796,NA,0.012121080972480753
71.5,-1.5,8616,0.016920099014500995,0.013857443300891935,NA,0.011837362671228356
72.5,-1.5,8617,0.01747236631247638,0.015127560537757276,NA,0.013259681637264773
73.5,-1.5,8618,0.01697748714403213,0.01525199762566997,NA,0.012559162488912439
74.5,-1.5,8619,0.016597974061675524,0.014143589848542736,NA,0.012276510908567535
75.5,-1.5,8620,0.015184635668605506,0.012661491240586093,NA,0.011804642379417356
76.5,-1.5,8621,0.01638847250312197,0.0119706152611262,NA,0.013274793319280852
77.5,-1.5,8622,0.01589149489153016,0.011221866835271752,NA,0.010755296755007821
78.5,-1.5,8623,0.016644364404498305,0.012373053570140742,NA,0.0094396786516958
79.5,-1.5,8624,0.017207472609597565,0.012534879505687562,NA,0.008936156183327944
80.5,-1.5,8625,0.01919324410626827,NA,NA,0.011519447695968698
81.5,-1.5,8626,0.025409270134564725,NA,NA,0.01994568067364141
82.5,-1.5,8627,0.02721483869696721,NA,NA,0.02342270703336604
83.5,-1.5,8628,0.034373011197566077,NA,NA,0.026336884608995248
84.5,-1.5,8629,0.043447317125729,NA,NA,0.03014318124007847
85.5,-1.5,8630,0.05205819714982445,NA,NA,0.03419784365928707
86.5,-1.5,8631,0.04908666991176525,NA,NA,0.03508079563427412
87.5,-1.5,8632,0.04628123183078303,NA,NA,0.036629334681281635
88.5,-1.5,8633,0.05610348665394732,NA,NA,0.043647727703817384
89.5,-1.5,8634,0.050521806820922784,NA,NA,0.0369327206715542
-137.5,-0.5,8644,0.02708010364594703,NA,0.024885270362743236,0.028515451986124415
-136.5,-0.5,8645,0.013772989588204365,NA,0.015838820609234493,0.03442339650582279
-135.5,-0.5,8646,0.03003620082659467,NA,0.018258004679394868,0.03657185488212808
-134.5,-0.5,8647,0.029379803991376432,NA,0.021573076799980037,0.046284834549088244
-133.5,-0.5,8648,0.033373905182373764,NA,0.03444954119900366,0.10824590890662654
-132.5,-0.5,8649,0.036335795110105665,NA,0.019786415324000745,0.07257343017148296
-131.5,-0.5,8650,0.05214285179185619,NA,0.02129591188588375,0.08751213694991224
-130.5,-0.5,8651,0.0365244375854776,NA,0.01472720066977028,0.04076701479657917
-129.5,-0.5,8652,0.032228433232715126,0.037185703100960345,0.013076195664205446,0.038014854595110566
-128.5,-0.5,8653,0.029351926440743685,0.040440281644285,0.026584901914367704,0.0316474326289917
-127.5,-0.5,8654,0.037400897210965546,0.05303185963779001,0.019381884384449346,0.05881330120712661
-126.5,-0.5,8655,0.0767050168679082,0.12189102944496522,0.022322221441135714,0.05989120191955122
-125.5,-0.5,8656,0.08850385222966028,0.1068721567648609,0.02177226302332693,0.05596656845661625
-124.5,-0.5,8657,0.11242562808323359,0.10141363790166154,0.0203927329015194,0.07335576271245291
-123.5,-0.5,8658,0.08583378983339209,0.09534861163774964,0.02691959688537151,0.07287185609282305
-122.5,-0.5,8659,0.08666198482805909,0.11041075897428893,0.03583210774767736,0.0843278710121031
-121.5,-0.5,8660,0.0751630093100227,0.12050064351972099,0.049914948453517044,0.06134515847968148
-120.5,-0.5,8661,0.06278660711551388,0.11551859355562652,0.03822448663544682,0.02988156133194825
-119.5,-0.5,8662,0.05258742520519357,0.09769217774115774,NA,0.02567861260677761
-118.5,-0.5,8663,0.047586030945542195,0.0908850880593909,NA,0.023467154773221654
-117.5,-0.5,8664,0.04678818157714471,0.08447311784569227,NA,0.01970097807744716
-116.5,-0.5,8665,0.04110442932954852,0.07340084440643692,NA,0.017172221494320256
-115.5,-0.5,8666,0.04792480002272806,0.07696139077087473,NA,0.019425186968026815
-114.5,-0.5,8667,0.058965949835968444,0.0954903329608114,NA,0.026961894785448887
-113.5,-0.5,8668,0.05683974437387014,0.09815668882168091,NA,0.024167810693328552
-112.5,-0.5,8669,0.06260454018428742,0.12700172118221598,NA,0.02890418591660786
-111.5,-0.5,8670,0.07984181594274614,0.16200824375383457,NA,0.052505000877125944
-110.5,-0.5,8671,0.08534397127908742,0.17490453975043124,NA,0.053418605960097704
-109.5,-0.5,8672,0.09769177627994531,0.17321177647662256,0.12101826654377368,0.0578908943743087
-108.5,-0.5,8673,0.10268936137045011,0.15234515923260775,0.12131969971246159,0.0601963196501624
-107.5,-0.5,8674,0.08607271160769564,0.11903139581442967,0.08483103439031735,0.05112577708649603
-106.5,-0.5,8675,0.0780396439995135,0.10960825306786565,0.06338919820499506,0.039868834452052644
-105.5,-0.5,8676,0.10413376388000584,0.1351779176760289,0.06584203137534184,0.058446976396984145
-104.5,-0.5,8677,0.10256733800011288,0.13590996942364386,0.048608435558154924,0.06031262585744815
-103.5,-0.5,8678,0.11108947415464851,0.12698324658815868,0.041503087093938885,0.07296096320233182
-102.5,-0.5,8679,0.12254100738252786,0.1720272371567594,0.05979908768705594,0.0856845194115369
-101.5,-0.5,8680,0.0936783084040659,0.13747300523768083,0.048967007316150266,0.06325159162834676
-100.5,-0.5,8681,0.06370175029626926,0.09272819058770686,0.03187434046571704,0.05202712419116212
-99.5,-0.5,8682,0.046560943523167184,0.08520849466213644,0.02251602377523899,0.049739742562243394
-98.5,-0.5,8683,0.03654708726323145,0.09290911897277078,0.0297776038711678,0.03694662429548524
-97.5,-0.5,8684,0.03420252592524425,0.0634327725030956,0.024875865085784314,0.03398732697403541
-96.5,-0.5,8685,0.03413515102890049,0.059291277711832444,0.021756137710178113,0.0322147478688337
-95.5,-0.5,8686,0.03225822581086886,0.058162130888128334,0.021740055589185125,0.0334243409680916
-94.5,-0.5,8687,0.02958995217259518,0.054019173185658145,0.026201982616072966,0.026440779167587334
-93.5,-0.5,8688,0.031091937582829438,0.05739237887586302,0.01895451738075865,0.023325504003092204
-92.5,-0.5,8689,0.03801611518486591,0.054911110881012984,0.024519316040815135,0.027771665176413104
-91.5,-0.5,8690,0.03723513238343575,0.06300462053131849,0.032875489182164215,0.03250133684062556
-90.5,-0.5,8691,0.04498914146160678,0.08551487585935075,0.03185691362121221,0.036117131934534065
-89.5,-0.5,8692,0.04305432775347719,0.11669768918833708,0.0369719144097397,0.05577104105812584
-88.5,-0.5,8693,0.04535830827388254,0.09469018136924076,0.02482095890443777,0.041855188077251
-87.5,-0.5,8694,0.10127905713108694,0.10014510271214974,0.03966379282525472,0.04715366661683901
-86.5,-0.5,8695,0.2567155504202226,0.15239909840492896,0.04158429167709729,0.07560587608801705
-85.5,-0.5,8696,0.12333549138628837,0.07473636801203519,0.05990892122875707,0.1058238748572113
-84.5,-0.5,8697,0.12566202293175613,0.05434665284628659,0.10049567064265125,0.1115704252887405
-83.5,-0.5,8698,0.1673398114282905,0.06022558409437141,0.09835587206177862,0.0776841313944692
-82.5,-0.5,8699,0.15374536988876894,0.074788334912977,0.054347446171901855,0.07854596302485857
-81.5,-0.5,8700,0.020806265316864185,0.015274871079905957,0.017168119086252525,0.024491125459892297
-80.5,-0.5,8701,0.05650843583453306,0.055310245809310474,0.09753575994112858,0.10181214702427774
-76.5,-0.5,8702,0.04231366934739587,0.023263425489345516,0.007214409575524037,0.010883994055532625
-74.5,-0.5,8703,0.03359604794138537,0.01081740420118412,0.035294617744973306,0.03131831024727927
-73.5,-0.5,8704,0.024863514308489702,0.016422591076727673,0.021279217983052635,0.014153701589439882
-72.5,-0.5,8705,0.013891847295227156,0.03214227399636693,0.024037231486990197,0.022891773606219665
-71.5,-0.5,8706,0.012311674371417693,0.015212021601229886,0.010479092313993292,0.007243873612586557
-61.5,-0.5,8707,0.12340872598637738,0.23848438917393638,0.25129658318949744,0.32386467384567236
-60.5,-0.5,8708,0.15203185507281503,0.11088996939895097,0.1877559344963203,0.2228204298100142
-56.5,-0.5,8709,0.10564942799532598,0.19130088519244165,0.10213368253711463,0.27607768506266334
-55.5,-0.5,8710,0.12121994496269002,0.24813324219854788,0.14210727055588818,0.2981656324659222
-54.5,-0.5,8711,0.12654937082841783,0.16778114495792826,0.0766621003136086,0.15723972175676543
-53.5,-0.5,8712,0.12764383204025676,0.2813427313688071,0.09187811687856169,0.2937444345484395
-46.5,-0.5,8713,0.16518229139688412,NA,NA,0.3417261559351451
-45.5,-0.5,8714,0.26014302432806624,NA,NA,0.3654383904028547
-44.5,-0.5,8715,0.1670817292474703,NA,NA,0.4124948146514537
-43.5,-0.5,8716,0.1918587974840419,NA,NA,0.1877006497601996
-42.5,-0.5,8717,0.20028910784001772,NA,NA,0.39020972308528057
-41.5,-0.5,8718,0.2161760629550311,NA,NA,0.2704817776348808
-40.5,-0.5,8719,0.2400205629039276,NA,NA,0.36254014818346886
-39.5,-0.5,8720,0.23778739256771902,0.28924268702173084,0.21993752724861845,0.3012148573468059
-38.5,-0.5,8721,0.22938455970469346,0.43382033898494676,0.2692121740618394,0.49172292962348396
-37.5,-0.5,8722,0.19303861121755916,0.23786082710206183,0.3225581393768271,0.46600421450482776
-36.5,-0.5,8723,0.2721434876818127,0.12190917110926394,0.4590450337044929,0.35748026520676274
-35.5,-0.5,8724,0.20876096251348003,0.14567361610175977,0.29889501777256566,0.1454655033797198
-34.5,-0.5,8725,0.07570303430815428,0.08505360178597499,0.24052298963476126,0.1700509657212859
-33.5,-0.5,8726,0.052731001982223705,0.051046676322090916,0.19497616519984268,0.0726139648671117
-32.5,-0.5,8727,0.036470157811728375,0.03500301547121807,0.15023772244959102,0.16479715626746616
-31.5,-0.5,8728,0.03660238390087639,0.03350809501149677,0.18223556762763912,0.2501603378351993
-30.5,-0.5,8729,0.023484414950764212,0.042882031932319875,0.13897397027659172,0.30387935764147594
-29.5,-0.5,8730,0.017664695858117165,0.0332115990455452,0.1415314531539293,0.24625644456260665
-28.5,-0.5,8731,0.021125469499928263,0.07674120241876317,0.1709504194879682,0.41458590503617704
-27.5,-0.5,8732,0.028390374151693886,0.17006433901460277,0.12436213857939599,0.6652585876374262
-26.5,-0.5,8733,0.13786723300042597,0.10223181504581726,0.17155433095605094,0.42396508434664487
-25.5,-0.5,8734,0.10105739378032166,0.06466590762786466,0.15431729328916358,0.3504676507121178
-24.5,-0.5,8735,0.07935418216302977,0.05673408289100044,0.11761351400155252,0.25927378626857667
-23.5,-0.5,8736,0.12786666690731902,0.06921586357286559,0.09859963394181898,0.28017226999551365
-22.5,-0.5,8737,0.08920216052136731,0.0908254074895487,0.0792723519105529,0.2179389044590712
-21.5,-0.5,8738,0.04690766078547055,0.1420022043295573,0.05851499927808663,0.18860128861338274
-20.5,-0.5,8739,0.04778016686362792,0.1042515541474415,0.05441270154494805,0.20246190709124418
-19.5,-0.5,8740,0.044326365905825824,0.1000563993863013,0.04653401945412554,0.14406306356499193
-18.5,-0.5,8741,0.09212931852301692,0.12506118633022434,0.05956487786410201,0.17364096338036245
-17.5,-0.5,8742,0.08558227758561639,0.10368930375957706,0.05552139522792143,0.14656964570273975
-16.5,-0.5,8743,0.09161355363100583,0.0939886188576708,0.06458368411056073,0.08907684569279431
-15.5,-0.5,8744,0.097849235993737,0.08619013686420661,0.06120758930749129,0.1306815354285083
-14.5,-0.5,8745,0.08114876998258881,0.07796015797691175,0.04845356047304359,0.09429380494035838
-13.5,-0.5,8746,0.08581147521489642,0.09936038393558948,0.08385925977565913,0.1435110538310196
-12.5,-0.5,8747,0.07395429820774674,0.0930515003592315,0.08296393308748135,0.13103939536565953
-11.5,-0.5,8748,0.07725888907717104,0.09347703837955708,0.08571482370633822,0.13059593110697468
-10.5,-0.5,8749,0.06195908342141143,0.07295270584556554,0.060229496688733425,0.08193787005663804
-9.5,-0.5,8750,0.07120025085316214,0.08555526326590704,0.0650669283582699,NA
-8.5,-0.5,8751,0.07675000954837491,0.06460047209660733,0.05361198836434585,NA
-7.5,-0.5,8752,0.09010420980135074,0.06615516444513743,0.0630519860676291,NA
-6.5,-0.5,8753,0.09833182013204661,0.07294722687553007,0.05885405296038304,NA
-5.5,-0.5,8754,0.10833011147928752,0.08691729414874122,0.07998634891150859,NA
-4.5,-0.5,8755,0.10904918539163437,0.12130207000141585,0.14059364720479844,NA
-3.5,-0.5,8756,0.11170691736238321,0.11456136932713192,0.08751658284990656,NA
-2.5,-0.5,8757,0.11687646213225446,0.12850252823637648,0.06972715048248782,NA
-1.5,-0.5,8758,0.10965143971477316,0.11360440781179948,0.09004067213758706,NA
-0.5,-0.5,8759,0.16627879972983756,0.12266285493922999,0.07077041572753996,NA
0.5,-0.5,8760,0.11331774378504053,0.13293834658886308,0.07024538615664296,0.11358047052094024
1.5,-0.5,8761,0.10193119784308402,0.12154136641506487,0.060441722875307295,0.0967480572069439
2.5,-0.5,8762,0.0960547027714041,0.08809031880321366,0.0634847925633816,0.08408413405364475
3.5,-0.5,8763,0.10153329463405128,0.09904735489968916,0.06929858582640307,0.0841141318594345
4.5,-0.5,8764,0.09547127575244359,0.06883832683814804,0.08393912346772439,0.08946272544144805
5.5,-0.5,8765,0.10785640197524542,0.07616234026576384,0.08939779488280626,0.0924576528584558
6.5,-0.5,8766,0.11285096347167094,0.08895513548293356,0.09110510625230889,0.10333780122999295
7.5,-0.5,8767,0.19128786441482457,0.15037825994766774,0.15012929104156636,0.18081775445263387
8.5,-0.5,8768,0.14535438152293903,0.10137244015136941,0.09953577121053346,0.1592858329171046
9.5,-0.5,8769,0.15159915825337042,0.09136139823858322,0.13767719682215337,0.12200278393842152
20.5,-0.5,8780,0.15875802224102617,0.17765223183047735,0.10039503286739161,0.1256550376114564
21.5,-0.5,8781,0.1370832949539901,0.17550828571084726,0.11705101734415976,0.10249519485014341
22.5,-0.5,8782,0.09784550739581621,0.17126404035113146,0.1285195591413153,0.08915215011564435
23.5,-0.5,8783,0.09773246162694442,0.14999716224769466,0.11520269768322883,0.08850065692575972
24.5,-0.5,8784,0.09471878095425999,0.14573181477960143,0.11267764566291281,0.07995939707847977
25.5,-0.5,8785,0.09010608301041145,0.13059176127579356,0.09616090841681307,0.07243058729642199
26.5,-0.5,8786,0.11068067748657538,0.13351406337657185,0.09479197488848502,0.06862180927877476
27.5,-0.5,8787,0.07453790248119725,0.09984931565170885,0.06425608165767346,0.05414619065290559
28.5,-0.5,8788,0.06267656890533144,0.09766848145804763,0.0493057911353035,0.056511702743988486
29.5,-0.5,8789,0.05628109711912463,0.08600384767693961,0.03860614215892343,0.03709807409398811
30.5,-0.5,8790,0.0503479867121583,0.06729298773076149,0.03931716639683988,0.036063707843153596
31.5,-0.5,8791,0.039609438651495715,0.0519391213128103,0.025702413140716283,0.026696794731329902
32.5,-0.5,8792,0.02766028513556536,0.04820842425430763,0.02253022487109992,0.02372068877535209
33.5,-0.5,8793,0.027021498013013116,0.051283393169685845,0.025499402551676115,0.020608981089257544
34.5,-0.5,8794,0.02583712301865962,0.050204243385945584,0.024246803557529294,0.01962458552515453
35.5,-0.5,8795,0.023594100571766953,0.04717074175860032,0.02332311027127793,0.019093867637474504
36.5,-0.5,8796,0.028824617120911174,0.04465284082995744,0.01958646255982254,0.019090569546647198
37.5,-0.5,8797,0.030047609788872564,0.045637432439941616,0.017788366270449423,0.019797289359263788
38.5,-0.5,8798,0.02867691139671092,0.03717011226303503,0.016152024325400274,0.021871364931143614
39.5,-0.5,8799,0.03229880168902926,0.0344125117689871,0.016035938992844327,0.022514332497827742
40.5,-0.5,8800,0.03699113827639241,0.03404591740215641,0.01638873406117116,0.022094937235225258
41.5,-0.5,8801,0.033641898208063375,0.035926725930141123,0.01648747177901985,0.021594504718020918
42.5,-0.5,8802,0.028004202455985738,0.03389992160339507,0.01820848176863887,0.024853433834065883
43.5,-0.5,8803,0.025338218773493407,0.0296179255796834,0.0218247863566312,0.025733391042098586
44.5,-0.5,8804,0.024499647337007397,0.02343151402249637,0.023522020935071018,0.028073020494046388
45.5,-0.5,8805,0.024822401784995986,0.021910593093625516,0.020482686522426744,0.03326163915738602
46.5,-0.5,8806,0.024502488007778617,0.021675436880789295,0.021496973245923156,0.032106761756765904
47.5,-0.5,8807,0.023670892039903402,0.025931993798363574,0.0263189970850378,0.0278774797068366
48.5,-0.5,8808,0.02952159157799795,0.019773933920553734,0.02021338458987727,0.025466469713961392
49.5,-0.5,8809,0.02901849843157057,0.021553797152085226,0.019420516572764047,0.025682551808688288
50.5,-0.5,8810,0.02789827763346265,0.01957846066982375,NA,0.026111746949182054
51.5,-0.5,8811,0.0347892709878868,0.016516764433791426,NA,0.018202848577591517
52.5,-0.5,8812,0.033675860282103155,0.017546035678444268,NA,0.01673173416427812
53.5,-0.5,8813,0.03450488574521072,0.019486782811342637,NA,0.01908313701320334
54.5,-0.5,8814,0.02802094689752782,0.019603882007044254,NA,0.01968266073012282
55.5,-0.5,8815,0.030930942825028986,0.020333781838074737,NA,0.021168692938499465
56.5,-0.5,8816,0.02428452866209797,0.016586101075470025,NA,0.0179792812884657
57.5,-0.5,8817,0.020143027319699313,0.014948079921974871,NA,0.018576653788374795
58.5,-0.5,8818,0.020815953718609295,0.013645739416009939,NA,0.020467146266941835
59.5,-0.5,8819,0.019589848353286213,0.014602626909500819,NA,0.01586559788747024
60.5,-0.5,8820,0.016698532312920136,0.013460393427152526,NA,0.014576264631091417
61.5,-0.5,8821,0.016566554322668233,0.014437991443879208,NA,0.014274649699652158
62.5,-0.5,8822,0.014531647854874867,0.013572885353791062,NA,0.014814233635368441
63.5,-0.5,8823,0.01227822386701672,0.01518134072684508,NA,0.01531909323161464
64.5,-0.5,8824,0.011389802143370063,0.015878910887851986,NA,0.01773529624950623
65.5,-0.5,8825,0.011891952921410563,0.01847969508635993,NA,0.016940082888289458
66.5,-0.5,8826,0.00954878200027784,0.015813339405199116,NA,0.014837385640849686
67.5,-0.5,8827,0.00948603850954995,0.015169570516297706,NA,0.014478318751254837
68.5,-0.5,8828,0.010781190781193732,0.016785169999809838,NA,0.018609895177467035
69.5,-0.5,8829,0.01117263737474567,0.018128358316734358,NA,0.016439799487058242
70.5,-0.5,8830,0.012090405433026035,0.016328803319586943,NA,0.018012840251489626
71.5,-0.5,8831,0.012740315590067084,0.016052797819926086,NA,0.017281333115752112
72.5,-0.5,8832,0.014096679169633019,0.015777262836272354,NA,0.015673286256158114
73.5,-0.5,8833,0.012249356301479736,0.011490066866436149,NA,0.01774899680952381
74.5,-0.5,8834,0.014537484557745013,0.01220208055990804,NA,0.013433648774719682
75.5,-0.5,8835,0.012329425083872976,0.00951886449998611,NA,0.01143686551164233
76.5,-0.5,8836,0.011819906866817283,0.00853576643323839,NA,0.012790132770694712
77.5,-0.5,8837,0.013937135372710168,0.009503565664795155,NA,0.011367418216840805
78.5,-0.5,8838,0.015103139042049584,0.011697688102804964,NA,0.010368742702596028
79.5,-0.5,8839,0.01567235892250928,0.011561085274892146,NA,0.010384296269879113
80.5,-0.5,8840,0.01777369574737177,NA,NA,0.011769998839493943
81.5,-0.5,8841,0.024093195546408493,NA,NA,0.015465638472561929
82.5,-0.5,8842,0.028197711269728584,NA,NA,0.021658444316508416
83.5,-0.5,8843,0.03775109814383014,NA,NA,0.02886066046564898
84.5,-0.5,8844,0.04058458696643016,NA,NA,0.03040837317921729
85.5,-0.5,8845,0.04474673816352065,NA,NA,0.033814861270192016
86.5,-0.5,8846,0.04716163903966423,NA,NA,0.03438494618720726
87.5,-0.5,8847,0.05048751015688924,NA,NA,0.03562474121562187
88.5,-0.5,8848,0.016503482132429602,NA,NA,0.01226594338384142
89.5,-0.5,8849,0.01217041749775808,NA,NA,0.020201058096346473
-119.5,0.5,8877,0.049735169487372485,0.0548937638948175,NA,0.03903138243111638
-118.5,0.5,8878,0.03699337684161582,0.051653169141157126,NA,0.02510987931938676
-117.5,0.5,8879,0.03544927499957995,0.05013420900242872,NA,0.021931191166914346
-116.5,0.5,8880,0.03199590279964183,0.051293495837252,NA,0.020218711197070673
-115.5,0.5,8881,0.036137815927260585,0.0649657851659392,NA,0.01862885891678352
-114.5,0.5,8882,0.050590280634387835,0.08141356775727765,NA,0.01947145923771684
-113.5,0.5,8883,0.04497154447087327,0.0850300115534291,NA,0.018099484850110474
-112.5,0.5,8884,0.04665825622669785,0.09152210543327176,NA,0.0209238067964278
-111.5,0.5,8885,0.0649251576541913,0.10271914402844261,NA,0.026148831761326655
-110.5,0.5,8886,0.0764960920973807,0.12055679892860421,NA,0.0337604098256719
-109.5,0.5,8887,0.07293928178338398,NA,NA,0.03304841839782171
-108.5,0.5,8888,0.07356625658521976,NA,NA,0.03474908608436404
-107.5,0.5,8889,0.05763528444695504,NA,NA,0.023084651311293614
-106.5,0.5,8890,0.0297460259102445,NA,NA,0.010938320159829288
-105.5,0.5,8891,0.08200718353693491,NA,NA,0.03545473625736896
-104.5,0.5,8892,0.08986758592202111,NA,NA,0.04522048568074996
-103.5,0.5,8893,0.07993829055832205,NA,NA,0.05179810889574097
-102.5,0.5,8894,0.07411774418509942,NA,NA,0.05077537430097473
-101.5,0.5,8895,0.07113536871799289,NA,NA,0.04407139072319994
-100.5,0.5,8896,0.05740128896296963,NA,NA,0.03939657651256418
-99.5,0.5,8897,0.04693637156357731,0.061022593984815326,0.04475532631836489,0.03051489656418524
-98.5,0.5,8898,0.04980884436224268,0.0820416794421228,0.03133216723692017,0.032362346029097905
-97.5,0.5,8899,0.04808973732745494,0.06294863900738207,0.039603497051461295,0.03797165703495516
-96.5,0.5,8900,0.050496870812093385,0.06067857343772734,0.0391161164633626,0.0366249890544432
-95.5,0.5,8901,0.03883426476875857,0.05084128445363446,0.03660349234595386,0.034409895191354345
-94.5,0.5,8902,0.03438566485670081,0.050443197395653505,0.03536660128823171,0.032135494991838126
-93.5,0.5,8903,0.02724789366897959,0.04793653689071886,0.03156855177335905,0.029916748857031113
-92.5,0.5,8904,0.027418157473521786,0.04469899843211871,0.045679311129552265,0.03623629382951387
-91.5,0.5,8905,0.03362774315045521,0.04374525310753148,0.0358746489262823,0.03348317263216522
-90.5,0.5,8906,0.05775242476301438,0.06025810966379959,0.04092545604185624,0.039555920307779914
-89.5,0.5,8907,0.08057519361541782,NA,0.04854906407862589,0.06062900863519215
-88.5,0.5,8908,0.06817309966023528,NA,0.06892747733990325,0.0638422272639776
-87.5,0.5,8909,0.10463503535306518,NA,0.08366496299962593,0.09388097092543109
-86.5,0.5,8910,0.13127485716831538,NA,0.046610389691193306,0.08762829966448103
-85.5,0.5,8911,0.07834054853708769,NA,0.046976948069522115,0.11206775858479577
-84.5,0.5,8912,0.11256557388625044,NA,0.03335881687008408,0.04750265249079993
-83.5,0.5,8913,0.08528515318653254,NA,0.0556841368209769,0.10638647971429882
-82.5,0.5,8914,0.07019084441908832,NA,0.04331218975867447,0.05709820365672869
-81.5,0.5,8915,0.034534205538600274,NA,0.01552693130640503,0.04050844554191356
-76.5,0.5,8916,0.017468686788513287,0.039584578589232686,0.005363425679661477,0.009019845377754099
-75.5,0.5,8917,0.02944681758771891,0.021189806798104782,0.009896259795450035,0.017106160607687534
-74.5,0.5,8918,0.015853940518070573,0.00985131433316224,0.017216434250186156,0.009380762389278081
-73.5,0.5,8919,0.03201787376522081,0.01969945171447568,0.021456087349076357,0.01742293209772662
-72.5,0.5,8920,0.021274765005409733,0.02709552922502535,0.019914754843422373,0.01947195008687009
-71.5,0.5,8921,0.01396028653917257,0.027794792758483507,0.011338457761077695,0.009062282954347666
-61.5,0.5,8922,0.23207517168252167,NA,0.1367123673848929,0.32739409387564894
-60.5,0.5,8923,0.16470781040599325,NA,0.19336868987683203,0.47923797506700233
-55.5,0.5,8924,0.1001582897115461,0.08487762152883348,0.06648811334125587,0.2547431916966182
-54.5,0.5,8925,0.20575568205987183,0.3290984311315095,0.13928664401095872,0.2699281890899423
-53.5,0.5,8926,0.1698962922566362,0.2775603823373102,0.10540134647173888,0.3243995082688206
-52.5,0.5,8927,0.15838225034312542,0.20955717984862804,0.032171529332568866,0.4428442522102061
-49.5,0.5,8928,0.11094380078744934,0.18576687133182954,0.43953315033055207,0.2506081975396554
-48.5,0.5,8929,0.09560155160798803,0.2802258835412347,0.38630850657720317,0.4241252396853459
-47.5,0.5,8930,0.1583202990834781,0.3269247930071059,0.45486592519232033,0.3674693513465891
-46.5,0.5,8931,0.24393828803346976,0.32459260800737566,0.3931695776462077,0.4070131848684996
-45.5,0.5,8932,0.20139182936055017,0.3546064803992152,0.33122959149539455,0.5521623249811726
-44.5,0.5,8933,0.196161769137715,0.37198560617363113,0.4119782202342687,0.665444962963864
-43.5,0.5,8934,0.18472751898213177,0.3059564150014068,0.3110314697089786,0.46986734855617635
-42.5,0.5,8935,0.19864544814955604,0.5241955918898532,0.4011643122257516,0.40253418506329214
-41.5,0.5,8936,0.2137669807827206,0.5032377425364473,0.5099793335991288,0.5029210048061816
-40.5,0.5,8937,0.2433478598334127,0.5594375012235361,0.41885276689638135,0.39944335280146565
-39.5,0.5,8938,0.10110753126573428,0.23302626399242707,0.23046291973570812,0.5382153506091518
-38.5,0.5,8939,0.09129307478379109,0.10114057132580673,0.1922026391672861,0.34428731795740153
-37.5,0.5,8940,0.15115691854522648,0.11116109196964157,0.1922561837393771,0.21681512284266874
-36.5,0.5,8941,0.08996843597755923,0.07525471865922893,0.11020678202327577,0.2891042034963451
-35.5,0.5,8942,0.05793044176130573,0.0880133697953464,0.14637250839887142,0.30927733997738627
-34.5,0.5,8943,0.03699693328537064,0.05280120401919782,0.14042929215248318,0.10433600874436326
-33.5,0.5,8944,0.043423335983725414,0.024371788755148508,0.2022954524441584,0.2504393323874048
-32.5,0.5,8945,0.044999918977021824,0.03282711351074659,0.2484477078361301,0.14861801718026507
-31.5,0.5,8946,0.020066210679650514,0.044810379837255235,0.22321584658938126,0.14359837273236156
-30.5,0.5,8947,0.020688751884033275,0.055651318961546174,0.2133615933510597,0.17398303351291763
-29.5,0.5,8948,0.024573684842783067,0.0403316437849075,0.15011372221982883,0.18989847524416945
-28.5,0.5,8949,0.08256469485808327,0.13988908366384603,0.15381292354493795,0.42028042126957726
-27.5,0.5,8950,0.09665400544434033,0.25325400559271655,0.1554938272470842,0.5324351083578844
-26.5,0.5,8951,0.09248863088334676,0.1607801119030382,0.17295743018476287,0.4248427494788223
-25.5,0.5,8952,0.09992402237927626,0.09892053466267102,0.10666716980475086,0.3648280776697523
-24.5,0.5,8953,0.11366811106657078,0.06854092593916772,0.15855189757631977,0.28244193636128356
-23.5,0.5,8954,0.0698691833469788,0.05558126121039231,0.13453691599681397,0.26539023143192103
-22.5,0.5,8955,0.06792505864454569,0.1052949729193079,0.10283110689135033,0.17311772703866393
-21.5,0.5,8956,0.05381319971624293,0.07543113068400696,0.0643614908554954,0.1803525972056341
-20.5,0.5,8957,0.05790209778178769,0.0861172600798494,0.09588827514838125,0.13472041301072413
-19.5,0.5,8958,0.06395541840385563,0.08224953311540738,0.09411604942766692,0.1498406938726921
-18.5,0.5,8959,0.07132879214232482,0.10939657309988259,0.0720026344419491,0.14653036927219928
-17.5,0.5,8960,0.08457545037015612,0.08771460546867177,0.08954855511324425,0.11621535577411192
-16.5,0.5,8961,0.08141527768045118,0.06484240970250851,0.07390173989013672,0.11088464012112982
-15.5,0.5,8962,0.08515324557401122,0.0684866384393759,0.09229040361079244,0.1087270446850243
-14.5,0.5,8963,0.0739218772911398,0.08322561856469005,0.08720440075025736,0.07915174606838415
-13.5,0.5,8964,0.05947717374629352,0.07409310305499364,0.0975610053757601,0.10178077910435526
-12.5,0.5,8965,0.05335594917240523,0.0656579189256314,0.09510339324603564,0.0900793022354407
-11.5,0.5,8966,0.060096574383477375,0.06976105512917222,0.11847478549341063,0.09567275979337829
-10.5,0.5,8967,0.05999653696147668,0.08120329679122949,0.09771444130534482,0.07639210165427696
-9.5,0.5,8968,0.061225011486065954,0.07552308800119197,0.09587151248200651,0.1008517284619849
-8.5,0.5,8969,0.07099503167723643,0.07514698397832832,0.10388175336910732,0.10361483780819836
-7.5,0.5,8970,0.08754596853925403,0.10741755867866294,0.12313695656877009,0.10748125260610641
-6.5,0.5,8971,0.10559657337107443,0.07853374463413146,0.13309269931555504,0.10106548547821505
-5.5,0.5,8972,0.11391678676773781,0.09426790392933827,0.17494984505314295,0.12889153261736727
-4.5,0.5,8973,0.1123926697821785,0.09723148946830336,0.14299195628710182,0.12304651168196554
-3.5,0.5,8974,0.1444077864310741,0.09977584513310181,0.1338224130332898,0.1134950021189288
-2.5,0.5,8975,0.11824924324022038,0.10519716024140888,0.15605374749878492,0.1704794636212631
-1.5,0.5,8976,0.10776143550830175,0.11354864703756702,0.15087181728318314,0.26334879942338263
-0.5,0.5,8977,0.17230288214198825,0.10806639349650883,0.15838054921136116,0.17709105211399642
0.5,0.5,8978,0.11616497566931054,0.0988376391863723,0.1758307196200842,0.17059731187962182
1.5,0.5,8979,0.10856965636054738,0.09467501633991941,0.17015285914194828,0.14054566575799174
2.5,0.5,8980,0.12538953426214272,0.1107522221270613,0.1796354071554433,0.14073706378481432
3.5,0.5,8981,0.09591647275431332,0.10221912866378037,0.17253806414235512,0.12971536088509322
4.5,0.5,8982,0.1111614801960388,0.12273809487340918,0.20949039899414632,0.17032030178419516
5.5,0.5,8983,0.1149802489126039,0.09747135052079253,0.17830128389053224,0.15830576210489086
6.5,0.5,8984,0.15200851549760788,0.11234546936144064,0.19816853430178144,0.14831194007768303
7.5,0.5,8985,0.21757058883375657,0.19952536686340788,0.26499265606987765,0.22943626139596585
8.5,0.5,8986,0.22569184820050112,0.22465506755935527,0.28480748710010245,0.24666738924136666
9.5,0.5,8987,0.26154185484082115,0.310097854648552,0.2816625917656045,0.24046458567673096
10.5,0.5,8988,0.2086712474214332,0.23256587901667744,0.2613335670827805,0.18150841922480573
11.5,0.5,8989,0.1667910118302075,0.3139807732993787,0.22762380692755657,0.1713787334673029
12.5,0.5,8990,0.12071296129431283,0.23223030262837907,0.17791662126123445,0.10913288289240551
13.5,0.5,8991,0.12688756110294014,0.24845552780468472,0.1596591303453627,0.09840700384171591
14.5,0.5,8992,0.1270846517027934,0.20553606272202282,0.1284932786749275,0.09901735926867501
15.5,0.5,8993,0.14709218592985468,0.17809717922878449,0.152343494395949,0.13891274160222777
16.5,0.5,8994,0.13691049585950277,0.16820696812375513,0.1471457012425284,0.12626661221905067
17.5,0.5,8995,0.14358219008251116,0.1565196574676188,0.15218552488179807,0.11901575671603459
18.5,0.5,8996,0.13187644095320283,0.14831624144755653,0.14021621282586008,0.0949516631909201
19.5,0.5,8997,0.11215722381172802,0.16996646963565035,0.14062328958696632,0.11100736362663842
20.5,0.5,8998,0.08625824927427159,0.16540519657908634,0.12741866265186644,0.10891442083319744
21.5,0.5,8999,0.08460819006953213,0.1592250213149803,0.12164833734437125,0.10820841000831237
22.5,0.5,9000,0.08180860581250539,0.1601243312906553,0.14282557266365914,0.1151077444956499
23.5,0.5,9001,0.08686162320827356,0.20165405540276762,0.12209019490912344,0.11213409887984703
24.5,0.5,9002,0.099301358353856,0.23554142669562125,0.11191296923796959,0.10421292642177846
25.5,0.5,9003,0.09765997665811557,0.27323201925082286,0.11112244937478906,0.09146636507544985
26.5,0.5,9004,0.09399785693101004,0.2656747892034385,0.10060341648870431,0.08821861453695504
27.5,0.5,9005,0.08701655710660411,0.18138677347462648,0.08061284913496075,0.08627368056166757
28.5,0.5,9006,0.05985220875292117,0.14631729483424732,0.05353141538541711,0.0595662382008694
29.5,0.5,9007,0.05667933826890394,0.11155032706263246,0.047796298872858384,0.05044957388058074
30.5,0.5,9008,0.048854917329426255,0.07690872128263333,0.038326197402553955,0.03900241023100763
31.5,0.5,9009,0.04154794197814274,0.06913923174847932,0.031938433650588675,0.033228257730898006
32.5,0.5,9010,0.038294055747980435,0.05773720211300317,0.026636059353602075,0.03264692049793231
33.5,0.5,9011,0.038934632558620154,0.05759118053582804,0.025697760865543536,0.03058401419269259
34.5,0.5,9012,0.03943504644503354,0.05312958579496495,0.022550160236192923,0.031586662793253825
35.5,0.5,9013,0.03672863404401255,0.04864724839322511,0.020603554401897494,0.029012989339440808
36.5,0.5,9014,0.0382088238397519,0.04917095245740462,0.020554476389347112,0.029149980940869482
37.5,0.5,9015,0.035510522276760555,0.04853145030196638,0.022249373738017948,0.03001553904264697
38.5,0.5,9016,0.027296286149362484,0.0485112051113604,0.024069229554544665,0.03054766171532558
39.5,0.5,9017,0.027615913247834634,0.04437113142593459,0.028587382290549367,0.03570312755287574
40.5,0.5,9018,0.027086366901998688,0.04473437568866498,0.02821470648237501,0.03642629257732309
41.5,0.5,9019,0.026673281241228215,0.04155301453911025,0.030740425161716056,0.0406116125944917
42.5,0.5,9020,0.026611217247230357,0.04028830329577974,0.03163793885072773,0.0392271797059057
43.5,0.5,9021,0.027953450106631753,0.03616889942780511,0.0344726259126366,0.034789052306198984
44.5,0.5,9022,0.02850969693135134,0.03738246446904664,0.03876763886360845,0.032745798992269655
45.5,0.5,9023,0.03204925234423687,0.03269437420673232,0.03848068690369454,0.030367764648647214
46.5,0.5,9024,0.03589200149110842,0.030470319870069162,0.033686969035164493,0.026216213826168917
47.5,0.5,9025,0.041464244791787286,0.03354725561578773,0.028082875774256905,0.02515488922898688
48.5,0.5,9026,0.039386147478288176,0.02928571787904594,0.025385227030426172,0.02268365999132054
49.5,0.5,9027,0.042822772557250394,0.029221398233898424,0.02472870463650497,0.021434228249618666
50.5,0.5,9028,0.0451876514711144,0.028298097886210693,0.026660385152453576,0.021936772323589836
51.5,0.5,9029,0.03712257335919724,0.028630319679123873,0.025304166535684694,0.020481815990347912
52.5,0.5,9030,0.03666778844713507,0.02959942624700982,0.02223985235542241,0.023766536169621297
53.5,0.5,9031,0.03284775970031753,0.02908491028010029,0.022472976602570704,0.023347424634957092
54.5,0.5,9032,0.03249007923669562,0.0309714029035811,0.02193325352955762,0.02220998835119527
55.5,0.5,9033,0.02692653307907241,0.02572749527287212,0.02251544243425058,0.022052219595363153
56.5,0.5,9034,0.025347346150926122,0.02601008726198859,0.022452335896698386,0.02147708051168246
57.5,0.5,9035,0.025909189526261527,0.019729920277807688,0.018737992302306723,0.025588445191047218
58.5,0.5,9036,0.033209503135990075,0.02137261511996997,0.01808469726391079,0.02770676943038299
59.5,0.5,9037,0.023817552358135995,0.02339393245641135,0.017004966748868536,0.02063839761263478
60.5,0.5,9038,0.021692772657543755,0.0207160505304016,0.0187781831848542,0.01751854149087503
61.5,0.5,9039,0.022263368156550733,0.017749895773333406,0.01760962011933152,0.01691883343732241
62.5,0.5,9040,0.022433738926626045,0.017924361659250876,0.016776404118660385,0.01514231394894607
63.5,0.5,9041,0.02152575356678586,0.017175457234216422,0.017310387645167652,0.015267049706982387
64.5,0.5,9042,0.018735849209711622,0.016723885295225036,0.015890063342786503,0.01482835507365678
65.5,0.5,9043,0.019625100434645073,0.016411380512122598,0.015493172198292047,0.014776111842221397
66.5,0.5,9044,0.019095628469621845,0.016137300130940332,0.014989559859730871,0.014211708703305972
67.5,0.5,9045,0.02034030044677922,0.015762827993153206,0.013045945959032596,0.016275327368108133
68.5,0.5,9046,0.019234010586190533,0.015752043380945737,0.013203034331183198,0.021043117144567976
69.5,0.5,9047,0.02008691303808364,0.018895616674163007,0.014836575293479015,0.021439242647478957
70.5,0.5,9048,0.020114988631399173,0.017267681039790084,0.01568505276523101,0.02637427868911241
71.5,0.5,9049,0.016906018570800176,0.014117344059671938,0.016106738735202703,0.022747936965295004
72.5,0.5,9050,0.017181673810563635,0.014332636291338024,0.013660482054831592,0.018704650314656394
73.5,0.5,9051,0.016895599303530864,0.014703414145138038,0.013691489532771656,0.01961401770717748
74.5,0.5,9052,0.01703149252931972,0.015544402373869642,0.013075652518573998,0.017680295624149422
75.5,0.5,9053,0.01567413153524883,0.01306317425008526,0.012487712808747487,0.018003471947143503
76.5,0.5,9054,0.01762184073359547,0.01393454287291491,0.012306148760908322,0.016467304155630358
77.5,0.5,9055,0.01780202635285939,0.01553552606436009,0.01555790050292342,0.018953534175163007
78.5,0.5,9056,0.019146114402020718,0.016419271710852373,0.019599189879280207,0.01996590502356176
79.5,0.5,9057,0.02243003665587767,0.020068607941124347,0.030771595315409548,0.02334464095619657
80.5,0.5,9058,0.026291621334077968,NA,0.05465900159392968,0.026870069540110435
81.5,0.5,9059,0.029936512963834334,NA,0.06086863152891038,0.032680610776041716
82.5,0.5,9060,0.03482677963675649,NA,0.06788009905234024,0.03744036320420792
83.5,0.5,9061,0.04398559005999995,NA,0.0903025806961027,0.05048126327383118
84.5,0.5,9062,0.04703964410545645,NA,0.10756017612808086,0.04865394730444177
85.5,0.5,9063,0.052378379624386844,NA,0.11296714817858249,0.05776389415407966
86.5,0.5,9064,0.04274232710875847,NA,0.11793169396306066,0.06165127058235927
87.5,0.5,9065,0.05993708561887317,NA,0.12379656279706874,0.0674977067154118
88.5,0.5,9066,0.037922288594482684,NA,0.08256064698997193,0.051967437794493324
89.5,0.5,9067,0.03996578933849001,NA,0.06375018063480092,0.04585815556634137
90.5,0.5,9068,0.03319685753425622,NA,NA,0.09151225280743247
91.5,0.5,9069,0.03655328448114576,NA,NA,0.08211553201496245
92.5,0.5,9070,0.04565896450338362,NA,NA,0.07226079157390763
93.5,0.5,9071,0.046463780838062206,NA,NA,0.08937826531276484
94.5,0.5,9072,0.03419643219630693,NA,NA,0.0857840530437774
95.5,0.5,9073,0.041643894556863945,NA,NA,0.12218248581065957
96.5,0.5,9074,0.05564047383132344,NA,NA,0.14504019623017192
97.5,0.5,9075,0.04868476516631611,NA,NA,0.10582901900735389
98.5,0.5,9076,0.09039264480408064,NA,NA,0.08189456637133546
99.5,0.5,9077,0.05852960487657189,NA,NA,0.06938800738220706
-119.5,1.5,9094,0.028136864562237063,0.040212587921958684,NA,0.04096187018958693
-118.5,1.5,9095,0.02557532786311299,0.046633889245991565,NA,0.033883702607856545
-117.5,1.5,9096,0.02212947956404392,0.04891947921370361,NA,0.0346114713529953
-116.5,1.5,9097,0.028618251059739263,0.06350139208182665,NA,0.03257921761350664
-115.5,1.5,9098,0.02935683038042024,0.06015570658169647,NA,0.03288164457614117
-114.5,1.5,9099,0.027833150139809193,0.0560832572166819,NA,0.028229135291400694
-113.5,1.5,9100,0.03601295812699094,0.08019948211255293,NA,0.03423179745751452
-112.5,1.5,9101,0.04145017865441959,0.10602702487172708,NA,0.034830206381731
-111.5,1.5,9102,0.07472801306229711,0.15938344652962225,NA,0.0459537059543768
-110.5,1.5,9103,0.0675311608674841,0.14432909881184866,NA,0.03665830136821945
-109.5,1.5,9104,0.06632381794425439,NA,NA,0.03633763505146113
-108.5,1.5,9105,0.07541677856284201,NA,NA,0.03282241473234969
-107.5,1.5,9106,0.0651525270571589,NA,NA,0.02681938911071485
-106.5,1.5,9107,0.05152289875855716,NA,NA,0.02057718513779611
-105.5,1.5,9108,0.07140318184480196,NA,NA,0.046600841285855996
-104.5,1.5,9109,0.05983376402436537,NA,NA,0.03708538284260792
-103.5,1.5,9110,0.06996012844393411,NA,NA,0.04745646136820291
-102.5,1.5,9111,0.07810651022771814,NA,NA,0.04644915625541128
-101.5,1.5,9112,0.0721174449386828,NA,NA,0.050696266017297834
-100.5,1.5,9113,0.06697706467038944,NA,NA,0.046116577660723815
-99.5,1.5,9114,0.08444712037524835,0.08860588545973652,0.06227433569431396,0.0484028728494942
-98.5,1.5,9115,0.07976195908245366,0.08076926321770507,0.06286076964775872,0.055763631695463285
-97.5,1.5,9116,0.07719793439800503,0.09259333394706269,0.058300311624675055,0.058812124092045504
-96.5,1.5,9117,0.08379617955695737,0.09093233072377906,0.032812590133123404,0.053326649253288914
-95.5,1.5,9118,0.10086637853158761,0.11612949013676084,0.055385047471474026,0.06478022903381704
-94.5,1.5,9119,0.048539870503426466,0.10142645535752375,0.051471330460588785,0.054636290595569306
-93.5,1.5,9120,0.034668228734946537,0.06725613533050037,0.04561991717332517,0.0478264648417715
-92.5,1.5,9121,0.033957045614627694,0.0580063262068532,0.05408215856894357,0.0530952539570943
-91.5,1.5,9122,0.05493823360154659,0.08734762606612069,0.06343537191469412,0.055005129609689896
-90.5,1.5,9123,0.061660976517544305,0.09338766398979984,0.05158814687335203,0.04687264141702263
-89.5,1.5,9124,0.06674191036379876,NA,0.05561301993472879,0.07438852575662747
-88.5,1.5,9125,0.11029018027765115,NA,0.09725700682807795,0.15467275520179294
-87.5,1.5,9126,0.22755997402674483,NA,0.08739522926442052,0.12875189273026486
-86.5,1.5,9127,0.0976365260110804,NA,0.08623443876640993,0.11223627693422462
-85.5,1.5,9128,0.10249121667232541,NA,0.06682409147066139,0.09538167860173802
-84.5,1.5,9129,0.11479883952333111,NA,0.0712595502288768,0.06165269577435112
-83.5,1.5,9130,0.0521378520419089,NA,0.02911454533075762,0.05831334477400456
-82.5,1.5,9131,0.024962003797606307,NA,0.0125080395264969,0.041540997119849765
-81.5,1.5,9132,0.04164400046447687,NA,0.02514479652518307,0.08073522376965457
-77.5,1.5,9133,0.02068055549087988,0.02535038568870417,0.004969205355404385,0.008967060263395736
-75.5,1.5,9134,0.03250516997513423,0.025746050943989532,0.01284767218757423,0.012894255748335118
-74.5,1.5,9135,0.01629391114394049,0.015856775520094797,0.01870699079667398,0.013145228417206912
-73.5,1.5,9136,0.03353698773482698,0.05243526771787023,0.02498728458039504,0.018418071132063635
-72.5,1.5,9137,0.02992386515856494,0.012402965215585017,0.023095194215069604,0.025226044214265803
-71.5,1.5,9138,0.0179014902520169,0.022138516898328915,0.02352017547895835,0.009792389697991703
-61.5,1.5,9139,0.04888245811941191,NA,0.12914780004786475,0.12700971962972143
-60.5,1.5,9140,0.22773738157284293,NA,0.1295859640576927,0.4445863435973985
-59.5,1.5,9141,0.14000022121810748,0.13688773114992153,0.09531357462487652,0.21442837827066327
-58.5,1.5,9142,0.15742886496912104,0.1814947053061836,0.10717535540405977,0.21155668609680278
-57.5,1.5,9143,0.27454914797413676,0.21354255213714668,0.14170992633039373,0.2451828189527221
-56.5,1.5,9144,0.24741723431941778,0.17312410658257446,0.3036277429259889,0.2733118581776523
-55.5,1.5,9145,0.2531745189695181,0.14787348992518776,0.24778146948612015,0.1888734489672845
-54.5,1.5,9146,0.13348449056265135,0.35551404828506833,0.24901796985550498,0.1630882584602114
-53.5,1.5,9147,0.12372708507340435,0.30149693184517157,0.1936930157750741,0.35976151555653285
-52.5,1.5,9148,0.3474242037723816,0.40943078536205846,0.09667469478762464,0.2201328103510483
-50.5,1.5,9149,0.18129000741198212,0.17245326578067502,0.10389538538352927,0.37628926554905395
-49.5,1.5,9150,0.1890459880479315,0.11337570134117066,0.2988357295556758,0.25164031215088134
-48.5,1.5,9151,0.18610884253441282,0.15597196838389063,0.24866785674733083,0.2772537223042115
-47.5,1.5,9152,0.1554753338722035,0.22003842786321445,0.24232755457593816,0.3957630829951743
-46.5,1.5,9153,0.16187581685287564,0.27336791756067796,0.2785319316267915,0.34865119910075776
-45.5,1.5,9154,0.17212194042236598,0.3517380135401679,0.3263563891843676,0.5239176865211612
-44.5,1.5,9155,0.23697744137303756,0.19784245050009297,0.2257678567360961,0.4772071505626882
-43.5,1.5,9156,0.1631959401522138,0.23320765853395856,0.26106074613045405,0.26327643769526776
-42.5,1.5,9157,0.12985948285795543,0.4298392914352219,0.4555787518609771,0.3672802793527668
-41.5,1.5,9158,0.14380683417458512,0.21029592232966193,0.36781158516939666,0.37424990459287866
-40.5,1.5,9159,0.2525080371595324,0.1434513928971408,0.3173247463549115,0.36383000411200217
-39.5,1.5,9160,0.1100140090706166,0.09515573901209501,0.2715425960293207,0.3720760313314579
-38.5,1.5,9161,0.09812806618082642,0.09221150757913645,0.17368189591614036,0.3566004998768712
-37.5,1.5,9162,0.10445395875733025,0.061115663904626374,0.30856579351938856,0.38673403282291446
-36.5,1.5,9163,0.2603170266877761,0.0579122476933596,0.2166913791383798,0.30838883572434517
-35.5,1.5,9164,0.297324933806572,0.023404295173045025,0.33367816274380624,0.18486785711671447
-34.5,1.5,9165,0.16271412976262772,0.025438182345135195,0.3080106677769879,0.2903368272928707
-33.5,1.5,9166,0.14549491092154604,0.02181089086781725,0.3170905776348461,0.22538197195555015
-32.5,1.5,9167,0.07741122137878075,0.02639744060813273,0.15507406531423676,0.22264757602600072
-31.5,1.5,9168,0.16158162336713336,0.03879799757879552,0.1275837560600394,0.22373780135969704
-30.5,1.5,9169,0.09433275125970783,0.03946195574810718,0.12924860945204922,0.32529749898141347
-29.5,1.5,9170,0.07360341040705926,0.057160028476138366,0.13765837840279446,0.38335684286862376
-28.5,1.5,9171,0.12144078961011773,0.13766268440493154,0.1252793259572077,0.5950502101197256
-27.5,1.5,9172,0.07536962670155199,0.0868128898563172,0.08723681900221782,0.3934164008961158
-26.5,1.5,9173,0.06087329666174704,0.09055302559895222,0.07533933840058213,0.22574826458957575
-25.5,1.5,9174,0.10284545521790998,0.06633199634718606,0.09305084347721344,0.3152224895456329
-24.5,1.5,9175,0.06262935893719611,0.04953531430374448,0.07572926102308619,0.3128423917584714
-23.5,1.5,9176,0.05948410591418806,0.05949460331207889,0.1371580140150224,0.2352935128267822
-22.5,1.5,9177,0.08305823162644851,0.11983333070075372,0.12711945122019008,0.23112887777672272
-21.5,1.5,9178,0.10556277032078742,0.09065931745138411,0.09609049985107862,0.16543611086156432
-20.5,1.5,9179,0.14004971570192348,0.1034798286208027,0.1370428229117413,0.20341189062684764
-19.5,1.5,9180,0.08822088974131279,0.07684305428158802,0.10138782581050863,0.11687230249192297
-18.5,1.5,9181,0.10663978776904388,0.10392009524496357,0.15258604829768585,0.17103914076597485
-17.5,1.5,9182,0.07848897681516052,0.08991522459578646,0.1481435733813276,0.12105435012820233
-16.5,1.5,9183,0.08283714807515481,0.07487702252815837,0.10735873508613315,0.09895815325663523
-15.5,1.5,9184,0.08236076712479387,0.06146720169946677,0.10178083399134491,0.11391213076012506
-14.5,1.5,9185,0.08147327665880132,0.06301648674868933,0.1307626905157392,0.0899661361869662
-13.5,1.5,9186,0.07328208838973847,0.06112382210154509,0.1617911046456798,0.08893786441880697
-12.5,1.5,9187,0.06424562242000359,0.07229062242278457,0.14308924112197713,0.10545859068387228
-11.5,1.5,9188,0.06532368409207241,0.08218573535751895,0.11074539816151621,0.1129695035100971
-10.5,1.5,9189,0.06666363635782938,0.09090343443491133,0.1343246567472654,0.10545265228771697
-9.5,1.5,9190,0.060909763818500974,0.0977657507718747,0.18517155205333702,0.11106899534979493
-8.5,1.5,9191,0.061481941002038513,0.09803526233082387,0.12495496959255314,0.10812952940105013
-7.5,1.5,9192,0.05382207259142159,0.08219589986827473,0.1291167598385187,0.10033951427691166
-6.5,1.5,9193,0.08575278233016606,0.13257056815174753,0.1392602997024561,0.11167750806394695
-5.5,1.5,9194,0.08363747046097678,0.11156051384434919,0.0946130882197337,0.11839722457700133
-4.5,1.5,9195,0.09371939904709077,0.14363963696626222,0.10113851248505494,0.15312450349138704
-3.5,1.5,9196,0.09484727273090973,0.13277862903752888,0.10495293577422464,0.16976225837887685
-2.5,1.5,9197,0.1431837964967782,0.14777007104937923,0.11271918955531424,0.17349069714725954
-1.5,1.5,9198,0.22731671185811414,0.3081143000312462,0.15390580970920603,0.2075964307252044
-0.5,1.5,9199,0.30499905791775145,0.3306383652669638,0.1577642454256813,0.28406943750344343
0.5,1.5,9200,0.2103762347939225,0.22569996311365573,0.15846069092033968,0.19282961468414103
1.5,1.5,9201,0.16815558733981395,0.19529015670352948,0.1721801962422227,0.1757568146447882
2.5,1.5,9202,0.15190946752645956,0.1848679050022875,0.15945769054963005,0.1510741929351905
3.5,1.5,9203,0.1431043270198057,0.21860023810561272,0.15786161336528362,0.20803699932133843
4.5,1.5,9204,0.16345660808294482,0.148080187340368,0.15981276147323645,0.1307578526422602
5.5,1.5,9205,0.15936951793227094,0.15014996415426787,0.16078279714813623,0.16709992594615997
6.5,1.5,9206,0.2720875327516811,0.2141518179653833,0.24937763194322493,0.27760577916857765
7.5,1.5,9207,0.1473586671871984,0.14333917817476613,0.17391634419865779,0.17550013982426926
8.5,1.5,9208,0.14768939649889923,0.13719731555037387,0.1756475883695629,0.15882791010998457
9.5,1.5,9209,0.24364301538936595,0.19015029486540055,0.273112968734169,0.17776319949209166
10.5,1.5,9210,0.24457339045849558,0.16804464820169043,0.29418098739097137,0.1683916932523453
11.5,1.5,9211,0.18717102862084053,0.21210271955664048,0.28634530530810165,0.15495629317291226
12.5,1.5,9212,0.15050687551626318,0.195532410101372,0.2727152477674993,0.13983905625563267
13.5,1.5,9213,0.1272687903265063,0.21099461569686012,0.231014874555925,0.1442385002167776
14.5,1.5,9214,0.12536009906219414,0.24385851925630758,0.21106584277673954,0.13570473585425227
15.5,1.5,9215,0.14294575331985898,0.2160470355046994,0.24214415296230457,0.18395370853953785
16.5,1.5,9216,0.15236356909318868,0.21931779674110094,0.20127063880871585,0.20382484807165005
17.5,1.5,9217,0.1584548509431559,0.2251289291613179,0.1920577328104314,0.20912706231485803
18.5,1.5,9218,0.1841369915176638,0.24928530158943343,0.27441182513635864,0.22077500294494437
19.5,1.5,9219,0.16805164382251547,0.26131303445064635,0.271842170173524,0.18675717496653524
20.5,1.5,9220,0.15912135198537647,0.30924781998226974,0.27731404931480236,0.16492005573052124
21.5,1.5,9221,0.17092713813437138,0.4643188494336013,0.4708242884953024,0.22778163369558438
22.5,1.5,9222,0.12296327833491588,0.351010518931778,0.3713672433156016,0.1610202347854742
23.5,1.5,9223,0.22060368905545114,0.3862241508604873,0.42917699547064747,0.21509481337581937
24.5,1.5,9224,0.18223514548144376,0.3725338730135716,0.2226036738577741,0.16332021878460742
25.5,1.5,9225,0.18719060717011637,0.30504058672552276,0.1505474216946522,0.13542949048145417
26.5,1.5,9226,0.227373156256891,0.3075615468967307,0.12897401723809723,0.12270266125361727
27.5,1.5,9227,0.2007752332526655,0.2699502093493218,0.1292836564568812,0.10744895378331709
28.5,1.5,9228,0.16376195709429262,0.2078988636518637,0.10106563734062675,0.07072122670755489
29.5,1.5,9229,0.1127162120149859,0.15350059249630466,0.07751345588402078,0.054488894976238815
30.5,1.5,9230,0.09453049063485472,0.1303438725271325,0.06071551637936826,0.04444143324365265
31.5,1.5,9231,0.0680297038317729,0.10876190961854869,0.04708758444632616,0.03569139852053492
32.5,1.5,9232,0.053514929748311804,0.10054944706081993,0.03673047926050004,0.03139743410187585
33.5,1.5,9233,0.04822326035343717,0.08690623081172932,0.03158634478446732,0.02931950934379639
34.5,1.5,9234,0.048571831611725354,0.08968862354473572,0.031674723851975055,0.029541337752389228
35.5,1.5,9235,0.04425622784603355,0.07563347925851757,0.028079557444836974,0.025017034558769254
36.5,1.5,9236,0.04558495939299606,0.0681812304395319,0.02477519975969637,0.024863375887310888
37.5,1.5,9237,0.04278789050817474,0.0623634761292896,0.022982408659128345,0.0315605487251537
38.5,1.5,9238,0.041541340202200266,0.05825352068691771,0.02361032677598511,0.029319940568836987
39.5,1.5,9239,0.03857808665289323,0.06125649762522822,0.023118721528768284,0.027467603208481767
40.5,1.5,9240,0.045637728340564926,0.059027898091137086,0.02304640064800032,0.026601536362295695
41.5,1.5,9241,0.05552158171613701,0.06955184567172429,0.022924973637961952,0.027085696164322534
42.5,1.5,9242,0.05720196271675039,0.06697661757744773,0.02729686748173878,0.02789058167985783
43.5,1.5,9243,0.06780134740677272,0.06039937885955911,0.02437743963838276,0.029617464983963906
44.5,1.5,9244,0.061218257935679775,0.06363374952503074,0.0259407157981142,0.031252829664544554
45.5,1.5,9245,0.062257174875818624,0.06465762192485706,0.026771234862630958,0.03245887279532522
46.5,1.5,9246,0.06739269164169374,0.065738681569402,0.02740779544924916,0.03313778875294687
47.5,1.5,9247,0.05388307440881473,0.07070786919245672,0.02688272978307679,0.03614614220185181
48.5,1.5,9248,0.05320255130321164,0.06511385257131486,0.024491592549224544,0.04231091324157236
49.5,1.5,9249,0.04877600138496491,0.07414423951082363,0.021178201659813062,0.041314377956037936
50.5,1.5,9250,0.047443156403992236,0.06788879148293227,0.021416322821332663,0.04318613799573234
51.5,1.5,9251,0.04791269317737066,0.0667844787693449,0.021635514190965675,0.04787390476361178
52.5,1.5,9252,0.048544564321080313,0.0558527000877732,0.020939855659509083,0.04880730129438511
53.5,1.5,9253,0.05520210277991591,0.05842653764196157,0.026761361632461844,0.05318835215774966
54.5,1.5,9254,0.04954402824418238,0.058081710725178134,0.023266058774092456,0.05402520159241448
55.5,1.5,9255,0.05132060420132255,0.05696164516669182,0.026168389837081717,0.05852504954799209
56.5,1.5,9256,0.05293419736307145,0.04563249151684727,0.02635537364398031,0.05705324225515685
57.5,1.5,9257,0.045692016306917285,0.040825803926547104,0.02949218376606359,0.05732508597719141
58.5,1.5,9258,0.04585059975194253,0.041959810959981164,0.0325518527207388,0.06448676467442876
59.5,1.5,9259,0.05025440165982762,0.03763086491507466,0.03133973654161659,0.04688596990963334
60.5,1.5,9260,0.043020343523659105,0.030623840157917328,0.03552929668429235,0.03994292973091328
61.5,1.5,9261,0.037748087285540945,0.031827020882187904,0.03921195729921909,0.040264683629683065
62.5,1.5,9262,0.03538301853589933,0.028828005887309997,0.04361485089346483,0.04059858041085199
63.5,1.5,9263,0.03412493869091873,0.025539987255583284,0.052723916823769854,0.0397744480704143
64.5,1.5,9264,0.03348362253739048,0.025408002873110184,0.051577827080374006,0.039490188038583375
65.5,1.5,9265,0.032572348776556764,0.025977578543986978,0.04824854968699675,0.03827907224961283
66.5,1.5,9266,0.03288875711006833,0.026564920881436214,0.04553904974765663,0.03835703372423341
67.5,1.5,9267,0.036760291814848065,0.027516701330481078,0.040721638510813486,0.03830216214007605
68.5,1.5,9268,0.035625596812564685,0.02777009911301957,0.044332381638652545,0.03964715601099058
69.5,1.5,9269,0.03534452067459297,0.029157186545243723,0.05360654990471831,0.04224783996316153
70.5,1.5,9270,0.028705919571932515,0.031994538039818846,0.061891738736499356,0.0413815964341576
71.5,1.5,9271,0.02932456675134746,0.03025350871544683,0.05927761790462252,0.04076439025979097
72.5,1.5,9272,0.030391440984642297,0.031150847883201063,0.05735794618325412,0.047115389664688805
73.5,1.5,9273,0.024717985319512463,0.026543582613091858,0.05346830067389621,0.039192997707936
74.5,1.5,9274,0.029753672795772096,0.024801626129767003,0.05052336650404303,0.033901064212270224
75.5,1.5,9275,0.025372880790002026,0.023886527377629443,0.049446449097197614,0.031281784930189654
76.5,1.5,9276,0.0266908786991382,0.02619867991902225,0.04974587336684823,0.030256074248653658
77.5,1.5,9277,0.02790115012868051,0.026878721442807493,0.061668783646454374,0.03106616547300513
78.5,1.5,9278,0.02797525131707028,0.028895371350924102,0.0701743814157604,0.030071533398399936
79.5,1.5,9279,0.031047632786791367,0.0349947757207376,0.08504345196831015,0.03368451782798859
80.5,1.5,9280,0.038024172733320614,NA,0.09773324673050571,0.051939066136693406
81.5,1.5,9281,0.04520506302822454,NA,0.07740797101591411,0.06411483377575353
82.5,1.5,9282,0.05594052403055558,NA,0.0937470006370725,0.09262370924619391
83.5,1.5,9283,0.07904895339250927,NA,0.12963378846568024,0.14403365872352217
84.5,1.5,9284,0.08463094811089826,NA,0.12211023207915343,0.1406971749743614
85.5,1.5,9285,0.10025080048524432,NA,0.15663142996987184,0.12077621874835695
86.5,1.5,9286,0.10085026563586916,NA,0.1466166085822087,0.1281629030054495
87.5,1.5,9287,0.13166869778097148,NA,0.12807507745500543,0.13141928232945346
88.5,1.5,9288,0.09895512635756096,NA,0.13890177382939295,0.12982775125264
89.5,1.5,9289,0.09545932027792939,NA,0.08348741144037992,0.1321954762206258
90.5,1.5,9290,0.09620529087713708,NA,NA,0.09303842246063199
91.5,1.5,9291,0.1498824190274979,NA,NA,0.09487577473780466
92.5,1.5,9292,0.146148008630771,NA,NA,0.12995480779890903
93.5,1.5,9293,0.16258281598652288,NA,NA,0.1817574250199815
94.5,1.5,9294,0.17548304477135646,NA,NA,0.19782018169160098
95.5,1.5,9295,0.1752384461579333,NA,NA,0.24126562793128462
96.5,1.5,9296,0.12576370654976748,NA,NA,0.24592490167765424
97.5,1.5,9297,0.15311265700178087,NA,NA,0.23808947548817977
98.5,1.5,9298,0.10727785949629212,NA,NA,0.16929041106905718
99.5,1.5,9299,0.18497899882211058,NA,NA,0.10603439841765512
100.5,1.5,9300,0.21508066763143388,NA,0.14021947000082804,0.12083859087278444
-119.5,2.5,9315,0.026005585794417307,0.05272410346248212,NA,0.03514348549191411
-118.5,2.5,9316,0.025044339219021425,0.06097057703168993,NA,0.033613122413234296
-117.5,2.5,9317,0.018197356019058933,0.06480429323635423,NA,0.03067783223388412
-116.5,2.5,9318,0.020919907325245863,0.07988639115760951,NA,0.02904169749550964
-115.5,2.5,9319,0.02113649249716894,0.0575569600812571,NA,0.023104971292625367
-114.5,2.5,9320,0.02390663733345349,0.07563638191284375,NA,0.02914245533944678
-113.5,2.5,9321,0.03534151866642436,0.10931217166621476,NA,0.03750472592783706
-112.5,2.5,9322,0.03795672049240467,0.16397858945011473,NA,0.04199282365339401
-111.5,2.5,9323,0.05892109498622327,0.1773649957917311,NA,0.05135228794257873
-110.5,2.5,9324,0.056777680281825435,0.2405237117398232,NA,0.04330196779485315
-109.5,2.5,9325,0.06313538137585904,NA,NA,0.039745195452547136
-108.5,2.5,9326,0.07293828863592154,NA,NA,0.03318197610238322
-107.5,2.5,9327,0.06899209078600978,NA,NA,0.031165986735977105
-106.5,2.5,9328,0.0785653791754837,NA,NA,0.03341626963772387
-105.5,2.5,9329,0.08445251141847042,NA,NA,0.03607475125685877
-104.5,2.5,9330,0.07205495445258245,NA,NA,0.03444580817428257
-103.5,2.5,9331,0.09686211044899837,NA,NA,0.0453380584981189
-102.5,2.5,9332,0.11615796804378663,NA,NA,0.05493620418499693
-101.5,2.5,9333,0.11224828310921055,NA,NA,0.044427341206299285
-100.5,2.5,9334,0.17272334344990478,NA,NA,0.05585058903890266
-99.5,2.5,9335,0.16420399455096996,0.1689921920690658,0.060049770130379196,0.06458915355804817
-98.5,2.5,9336,0.18114260640858731,0.16959369892572906,0.06323350414479591,0.06849569167624005
-97.5,2.5,9337,0.21242576481103198,0.14835192380008758,0.07115166349823433,0.07711244235396687
-96.5,2.5,9338,0.16873531554419868,0.1553571697779187,0.07809587876538614,0.06785622713853955
-95.5,2.5,9339,0.13348471438498366,0.10047535356723876,0.07563653689703746,0.0628939683276553
-94.5,2.5,9340,0.1234474853376006,0.10889784740374518,0.04187256829258129,0.07073750331709763
-93.5,2.5,9341,0.11189815795186439,0.09384835289019411,0.02109491232682227,0.06979975209491714
-92.5,2.5,9342,0.08881355891598021,0.0862763262510544,0.033299327153479275,0.0793330098457366
-91.5,2.5,9343,0.08627818161110057,0.11681138265745637,0.04310278055035512,0.0719470498600174
-90.5,2.5,9344,0.09390946210656424,0.16232418867448797,0.044165823721042344,0.08699450656622082
-89.5,2.5,9345,0.16879453274376696,NA,0.11818289144638618,0.15505740812762406
-88.5,2.5,9346,0.171188605962721,NA,0.07716884552814925,0.1593032754250975
-87.5,2.5,9347,0.13937505166182287,NA,0.060975768183219925,0.11028274593830967
-86.5,2.5,9348,0.10218982936595902,NA,0.07394047668679438,0.08585284684527826
-85.5,2.5,9349,0.10608974804510195,NA,0.048443577631550785,0.12146197237293968
-84.5,2.5,9350,0.07090043882237171,NA,0.07783897831292381,0.06922391985296777
-83.5,2.5,9351,0.05912807129821249,NA,0.032343435539905076,0.03205082248590768
-82.5,2.5,9352,0.09906224517666266,NA,0.04072498248672478,0.08243706572269997
-79.5,2.5,9353,0.01907416086990749,0.01682483085549499,0.02237472043726363,0.11638083520785415
-78.5,2.5,9354,0.043109563310166445,0.036662382472989835,0.04058186208788714,0.04569030844231845
-75.5,2.5,9355,0.038352325238557604,0.024413210384777666,0.015931867892445214,0.009748534674001932
-74.5,2.5,9356,0.028610879788735884,0.05079551985108912,0.0165201133313291,0.021593754307250766
-73.5,2.5,9357,0.02300306947013168,0.033716614334644956,0.0225485159651608,0.022127931018389467
-72.5,2.5,9358,0.03550685253191461,0.04967259356147633,0.027613482054918103,0.020289987538295258
-71.5,2.5,9359,0.023895147610554803,0.02392756296852663,0.02810530925627337,0.011246461750116146
-70.5,2.5,9360,0.014394066901380459,0.011125158017181391,0.027590324851721613,0.014080766864986216
-69.5,2.5,9361,0.02096364932458644,NA,0.0628295811779066,0.01939393473253532
-61.5,2.5,9362,0.12355502919523609,NA,0.11801139251868537,0.09288079652419334
-60.5,2.5,9363,0.20172354056243316,NA,0.14756850622315368,0.3653342797048611
-59.5,2.5,9364,0.2082730108982344,0.22937658879528922,0.10209327216856147,0.393435891174168
-58.5,2.5,9365,0.22424236536884926,0.250879232810844,0.11738537158068046,0.3480311354763359
-57.5,2.5,9366,0.18172745039156504,0.11689753593735928,0.21450341908476825,0.21695552107353874
-56.5,2.5,9367,0.24728718412075928,0.08638628025234224,0.28738403001490476,0.1402945646872972
-55.5,2.5,9368,0.30652547890697684,0.2164693264583799,0.3647849429282637,0.2508747283055772
-54.5,2.5,9369,0.07240074123573936,0.09598579863099373,0.05453339790290899,0.1742659789555151
-53.5,2.5,9370,0.05599364086522139,0.12228922357555064,0.1376028367325986,0.3157576744662308
-52.5,2.5,9371,0.16481163862119394,0.3092216269872612,0.24398025695129028,0.34946967008209145
-50.5,2.5,9372,0.1868523323783547,0.2915989600280015,0.22720756265178452,0.6004002588390007
-49.5,2.5,9373,0.28805785201673745,0.2676528806971903,0.15015998810164002,0.37229810267967894
-48.5,2.5,9374,0.28719849812301185,0.2695226102349725,0.2002039545738039,0.28794452329827536
-47.5,2.5,9375,0.2792190687704588,0.22009161325738136,0.25038928239066316,0.47409206488476724
-46.5,2.5,9376,0.28657362902402467,0.24584829416643955,0.3249151342805457,0.5281175618963322
-45.5,2.5,9377,0.33134323017810186,0.20061773855154444,0.36149918628888345,0.4767252462699801
-44.5,2.5,9378,0.4112464072623248,0.31994640394838186,0.41169918687939483,0.5391570424376976
-43.5,2.5,9379,0.3443150994964539,0.30352514010728054,0.23347644495461026,0.4025575130054802
-42.5,2.5,9380,0.3249246992926611,0.514126143515639,0.21295295192156924,0.5949003705000866
-41.5,2.5,9381,0.20848627460389668,0.2949591076473016,0.26086312381662535,0.5559299916276862
-40.5,2.5,9382,0.21285287616631943,0.1769400772667038,0.2282092956990881,0.32890838342170975
-39.5,2.5,9383,0.24764426141850085,0.103107689312516,0.19415213360483669,0.6109971707089161
-38.5,2.5,9384,0.14910394506418906,0.05818512413935159,0.08544051280624507,0.3559417184355947
-37.5,2.5,9385,0.1712886449491414,0.03123790574578762,0.1055171974619013,0.27683595394600596
-36.5,2.5,9386,0.22167769353858058,0.03729276862134446,0.18635338659865552,0.18200223118266157
-35.5,2.5,9387,0.17716597862212938,0.030856442081698705,0.029454523937480222,0.11000049593826702
-34.5,2.5,9388,0.10869985995070139,0.028733788029686867,0.02852657821106952,0.07663771652882174
-33.5,2.5,9389,0.06651032243124186,0.07142591050103683,0.04677721310563315,0.24313506946176724
-32.5,2.5,9390,0.058408749693134324,0.09361966783032823,0.06474644348321562,0.20671925036495314
-31.5,2.5,9391,0.06921388603194074,0.15103678333415457,0.05113519812006957,0.22471383293971636
-30.5,2.5,9392,0.057046489160276166,0.12395174407715556,0.041794278714897,0.368345838122746
-29.5,2.5,9393,0.06403031083158175,0.14506396574558064,0.06968148206013305,0.5942236835338137
-28.5,2.5,9394,0.05526061277380238,0.09177660912724717,0.07570558619412379,0.44907810247141083
-27.5,2.5,9395,0.06444427071633467,0.07277434431440181,0.0516256161441168,0.2801005524246618
-26.5,2.5,9396,0.05500654467109519,0.06907164081806155,0.07743500600509837,0.2818913220552481
-25.5,2.5,9397,0.047140991422256195,0.04626264107330397,0.061443668553189,0.20697779236433272
-24.5,2.5,9398,0.04229868108549451,0.05834854699368323,0.08911491960178876,0.21288484842736263
-23.5,2.5,9399,0.04212642118269742,0.05707442724351648,0.08496817738873437,0.26770960539070143
-22.5,2.5,9400,0.043477285732617485,0.09258662684590137,0.0872294715806574,0.18425845288498482
-21.5,2.5,9401,0.0593030495453286,0.10959414034684636,0.11368027590844192,0.1578869888829384
-20.5,2.5,9402,0.07853049594873951,0.14731435977293175,0.08975047230439749,0.16828663566997523
-19.5,2.5,9403,0.06587079220182056,0.08477762299147244,0.05497174767130976,0.18859135620174722
-18.5,2.5,9404,0.1799449571467379,0.11590854430382662,0.06946932440588952,0.14264835379121046
-17.5,2.5,9405,0.17452111876765933,0.10579383143401394,0.055148204911601766,0.1376982174904433
-16.5,2.5,9406,0.086140264938538,0.09481817135201936,0.07252013849373443,0.14110424216957426
-15.5,2.5,9407,0.088691260034969,0.10558543793090205,0.08607221967235155,0.11902248450142605
-14.5,2.5,9408,0.0976396264641621,0.08222227313583026,0.07030700939346185,0.11393228168395009
-13.5,2.5,9409,0.10713518908525771,0.0745185129716633,0.09338964788276112,0.11484643043924961
-12.5,2.5,9410,0.08493193792165508,0.05788303504860768,0.12439626898227124,0.11977982023837079
-11.5,2.5,9411,0.09043133805660923,0.05262969460748939,0.09132963326093552,0.08479014288870161
-10.5,2.5,9412,0.06907030763215882,0.05481265036823894,0.09268753197454836,0.09735868412391298
-9.5,2.5,9413,0.06946431560250946,0.059411202566753966,0.1251615006940391,0.148670680879351
-8.5,2.5,9414,0.06062528982373036,0.0785222423354825,0.1221770323266996,0.11467218353482128
-7.5,2.5,9415,0.07649228445528439,0.09133598035970408,0.1496141439294493,0.10000342309251269
-6.5,2.5,9416,0.0658538058731988,0.10378128992319759,0.14160499832288925,0.10545411663932605
-5.5,2.5,9417,0.0727690363700328,0.08887186068633263,0.19363495386232255,0.10031128656247057
-4.5,2.5,9418,0.0847664614332911,0.09685980554343084,0.13851971998366103,0.12146017673405392
-3.5,2.5,9419,0.09958286627570481,0.10692663232100393,0.12543080934226924,0.14898356886892059
-2.5,2.5,9420,0.15369665598173937,0.13761310932337673,0.10833129714440454,0.24747400915903586
-1.5,2.5,9421,0.2258627621626647,0.17349699705091354,0.11961803090228768,0.34873940641329704
-0.5,2.5,9422,0.19209613548612617,0.20647947654529172,0.09914178256877622,0.222097660361254
0.5,2.5,9423,0.17411964390124607,0.22256744722619434,0.10556015885425775,0.25707457373791526
1.5,2.5,9424,0.1590576169571858,0.2311388294456151,0.13318193958693855,0.19617496356932396
2.5,2.5,9425,0.13767127436059012,0.23507777865149232,0.15871316349485265,0.16680665753440763
3.5,2.5,9426,0.1443489106416985,0.2492542610907912,0.167050466605556,0.1599608197287527
4.5,2.5,9427,0.14505601175314098,0.252951236871263,0.15522165489416545,0.13437376190789072
5.5,2.5,9428,0.16342347408622418,0.19107961514808777,0.17726144746516495,0.1345685427778869
6.5,2.5,9429,0.16228309887658146,0.19494559357357252,0.156533970254917,0.1545633105075033
7.5,2.5,9430,0.2613209850807383,0.1895354386846012,0.14229078170060402,0.13786992434515105
8.5,2.5,9431,0.1652994843455671,0.1631792007729518,0.1380541141956468,0.11932603994704827
9.5,2.5,9432,0.1625167186443928,0.16471431549103552,0.12678330116357275,0.11880804363194172
10.5,2.5,9433,0.19937557836398823,0.1810704316100301,0.12326196071910125,0.11108092781613586
11.5,2.5,9434,0.17015226228031105,0.2269297221785634,0.127182553055835,0.11201819521248793
12.5,2.5,9435,0.1592713918491957,0.36960554336344253,0.15282534528728464,0.14443649072144818
13.5,2.5,9436,0.16204218348399282,0.363022527150887,0.16646582347520866,0.1792890085884936
14.5,2.5,9437,0.16776906602934452,0.3135953532988706,0.23332149563993218,0.184540436437787
15.5,2.5,9438,0.17413985302058743,0.32496932853342586,0.1977698716931804,0.18308104208244436
16.5,2.5,9439,0.18164142822165913,0.24421455028264236,0.15556090498155475,0.172369961069837
17.5,2.5,9440,0.16623215063368804,0.25848967165636755,0.1448144196780519,0.15516369955382595
18.5,2.5,9441,0.18723345141192968,0.2619430025778941,0.14902416832026094,0.1649630073369867
19.5,2.5,9442,0.17595231708286485,0.24646070431779044,0.14787531057309228,0.16992427063241614
20.5,2.5,9443,0.20985776381014967,0.2868306237741189,0.13773747682271786,0.18136282537893844
21.5,2.5,9444,0.24434116995094077,0.39399581813197015,0.1504819152414044,0.16330287155311152
22.5,2.5,9445,0.2074391355097891,0.4898920982050559,0.18311139640470908,0.1474813662054933
23.5,2.5,9446,0.17537760773545205,0.546835757188448,0.2379378786514252,0.17068446089337927
24.5,2.5,9447,0.16536643359966358,0.4561713116885953,0.22993334629472248,0.14584976689553472
25.5,2.5,9448,0.1689071653411409,0.40910989496498895,0.23340007655043932,0.13621032813515943
26.5,2.5,9449,0.16878698212167012,0.33437274253869353,0.18726767829003024,0.12813745687884817
27.5,2.5,9450,0.15866697974265617,0.30462958170971344,0.14889085579975816,0.13858277521187407
28.5,2.5,9451,0.11870917224419296,0.18573059998013686,0.09587985617448713,0.11866105696240808
29.5,2.5,9452,0.09153346378605841,0.13112203438102812,0.0696965121576431,0.08846861705182602
30.5,2.5,9453,0.08341100338311716,0.1116463423537668,0.06283056683060448,0.08765620570929328
31.5,2.5,9454,0.07805535999922511,0.1018110515163154,0.05620022456383837,0.07357468443004449
32.5,2.5,9455,0.06104949380174967,0.08012967534158821,0.04824807039202903,0.06508957863165267
33.5,2.5,9456,0.056884831468436294,0.06801081544098726,0.04470483467553516,0.03981569416133439
34.5,2.5,9457,0.0629210471943699,0.06123374553734619,0.04264586189886567,0.03418121887834918
35.5,2.5,9458,0.056026092498773536,0.0552224191388816,0.03736881530416264,0.02910430590659177
36.5,2.5,9459,0.0582888649543716,0.05786005097561224,0.03398278048544933,0.025015415609179734
37.5,2.5,9460,0.04925886608364169,0.061229014047484404,0.02837282014633416,0.027996572775439665
38.5,2.5,9461,0.04768420393164515,0.06545603690210346,0.02609957302903014,0.028354544600603254
39.5,2.5,9462,0.04600165893964649,0.06486416114437313,0.02520080397555543,0.031022137576021968
40.5,2.5,9463,0.047342311568471164,0.061178284005712166,0.03039638799177011,0.03317925109377586
41.5,2.5,9464,0.050836433215841706,0.06077475729830452,0.036538235513674244,0.03334722589529228
42.5,2.5,9465,0.04978602063287029,0.054739477620874354,0.03978428017700671,0.0318707587902273
43.5,2.5,9466,0.04512520410902367,0.04748285428269607,0.04052664976818081,0.0315988678975722
44.5,2.5,9467,0.046235298941180225,0.050559618682153154,0.027389663359899005,0.030250010559176074
45.5,2.5,9468,0.044711428202331385,0.04522404061537861,0.025811778215045444,0.02954452254345935
46.5,2.5,9469,0.04304065410655212,0.048300630132910326,0.022344023932778678,0.026419056559594027
47.5,2.5,9470,0.055071825308494395,0.050137028763358814,0.020997373235515124,0.026893983489799624
48.5,2.5,9471,0.056522128839090365,0.051986778279096396,0.020903109033141853,0.025825587245311105
49.5,2.5,9472,0.05815609198300358,0.056064095137408065,0.019961423676179424,0.025866811904994323
50.5,2.5,9473,0.05981286886775269,0.05510974962574023,0.020486784255033336,0.026762915161559347
51.5,2.5,9474,0.06289527583750346,0.05805540707583247,0.0211907502645026,0.033358505374912605
52.5,2.5,9475,0.06382546181810819,0.06170726864667093,0.02263522986834608,0.03146595303229831
53.5,2.5,9476,0.06798125782173015,0.0638043744655215,0.022514071754295033,0.032485143617924706
54.5,2.5,9477,0.06437681417513516,0.06103515523345211,0.022250596430108467,0.03523286672829432
55.5,2.5,9478,0.05384882379228703,0.054128683589128826,0.023113151939435875,0.03455111647754505
56.5,2.5,9479,0.0578634568235466,0.05573078214535296,0.02427385921186023,0.03568937141169225
57.5,2.5,9480,0.05569225427210019,0.0604506776236036,0.0303368643643111,0.036912488846828
58.5,2.5,9481,0.05546463234826828,0.057658729583295744,0.026716369954765673,0.037031943486954086
59.5,2.5,9482,0.060837939580014835,0.0644224090732071,0.029437873591188057,0.03862323917378187
60.5,2.5,9483,0.07588382299204421,0.08505302574168164,0.031534736749584985,0.03933551933664362
61.5,2.5,9484,0.06578831331252304,0.07576316241506137,0.03130436736654481,0.0363222779862052
62.5,2.5,9485,0.07028172730768129,0.06586192243319815,0.030859057636416276,0.03745375631762831
63.5,2.5,9486,0.07633135898420033,0.06816555956415635,0.03130780957718136,0.03788060140294077
64.5,2.5,9487,0.06670226433477489,0.06293256544477462,0.028046345970980626,0.03560024410299701
65.5,2.5,9488,0.062194194746762445,0.06458836008486972,0.03270329982716326,0.03640221123979836
66.5,2.5,9489,0.06128824346927833,0.06827195972108932,0.035422396471818905,0.039896308515585184
67.5,2.5,9490,0.0528600620228799,0.06438565119211843,0.031205777162743135,0.037884202210946516
68.5,2.5,9491,0.059093207561089836,0.07026899307074709,0.03704629337091004,0.04088058424012401
69.5,2.5,9492,0.05532148414872296,0.0781236353691197,0.03837700121867535,0.03940385361977459
70.5,2.5,9493,0.07026015848581561,0.08179208306545635,0.037466397198115786,0.03746424690726088
71.5,2.5,9494,0.05568398508711704,0.08489419864532229,0.047933155552954,0.03649675327994608
72.5,2.5,9495,0.05066517103566681,0.08296378780770967,0.03804222816996728,0.03244658388873049
73.5,2.5,9496,0.04171341917412226,0.0705732500653283,0.03133722189834791,0.03103443788444311
74.5,2.5,9497,0.04392047092302691,0.07277288928479995,0.036745709314675634,0.04301564333479375
75.5,2.5,9498,0.041293990091142097,0.06783996718529654,0.03310854832422113,0.043174815166235746
76.5,2.5,9499,0.042549144943501045,0.05210799688422327,0.03154836573742823,0.04831123648084177
77.5,2.5,9500,0.04679174884609523,0.059854130560712586,0.028893855028004883,0.047414529104667
78.5,2.5,9501,0.06563155406330269,0.06269792906751562,0.03236488160075035,0.054126423058035
79.5,2.5,9502,0.08173160374938265,0.056256816586387204,0.039080262929618366,0.05149895024509113
80.5,2.5,9503,0.08426824470752751,NA,0.03443895336219948,0.0586180246545575
81.5,2.5,9504,0.10346521074467083,NA,0.04452751349972236,0.07042479282011181
82.5,2.5,9505,0.12466494261301428,NA,0.0733615664748878,0.07613885020908075
83.5,2.5,9506,0.1532224205292249,NA,0.10207156092555615,0.1095830460595862
84.5,2.5,9507,0.18871457041792772,NA,0.09609099228736039,0.18342483917589317
85.5,2.5,9508,0.20449090770990258,NA,0.11010528062200046,0.1670741479745018
86.5,2.5,9509,0.22071215808437247,NA,0.16882396865065621,0.1741486525175632
87.5,2.5,9510,0.21264987317348594,NA,0.21069209558620236,0.18254814548321496
88.5,2.5,9511,0.17302284862683182,NA,0.1549956780043552,0.18429211304604787
89.5,2.5,9512,0.14182909892062176,NA,0.135162546566383,0.12951534635670375
90.5,2.5,9513,0.17503410818448759,NA,NA,0.16532330892678432
91.5,2.5,9514,0.16183838152695507,NA,NA,0.19719617458055974
92.5,2.5,9515,0.19559899905380854,NA,NA,0.2185730297613164
93.5,2.5,9516,0.21856084550834778,NA,NA,0.24522815703725365
94.5,2.5,9517,0.16605081602287922,NA,NA,0.36542447339947726
95.5,2.5,9518,0.1357757303032388,NA,NA,0.3287683722217025
96.5,2.5,9519,0.2608660978613457,NA,NA,0.34538495603594727
97.5,2.5,9520,0.20790097127158874,NA,NA,0.40172605378059306
98.5,2.5,9521,0.23753130451708268,NA,NA,0.2545683365027562
99.5,2.5,9522,0.19176306859403477,NA,NA,0.19413715000931264
100.5,2.5,9523,0.08833417672210565,NA,0.09432063942655979,0.18480478770394548
101.5,2.5,9524,0.021991464680601164,NA,0.053315234549842175,0.01766685188754257
-119.5,3.5,9538,0.024407745294407864,0.09040325519950539,NA,0.0430885640317693
-118.5,3.5,9539,0.030673594340690353,0.10152840547731053,NA,0.0376217231033484
-117.5,3.5,9540,0.025123112692456737,0.10472878293518667,NA,0.03075945920514817
-116.5,3.5,9541,0.027862105536449244,0.12119959635447777,NA,0.03334120235158934
-115.5,3.5,9542,0.030072752743238954,0.11016374735548101,NA,0.028760221481425475
-114.5,3.5,9543,0.031717098395955434,0.12563052258686772,NA,0.034348906217381354
-113.5,3.5,9544,0.03314679818637811,0.13596960764852217,NA,0.032913179198236324
-112.5,3.5,9545,0.037758140470966095,0.1511288005340645,NA,0.03190502774708596
-111.5,3.5,9546,0.06695322477729684,0.2364984455926861,NA,0.03519600469534947
-110.5,3.5,9547,0.09006109312631103,0.17901012885738507,NA,0.030960087935482335
-109.5,3.5,9548,0.09026873440498108,NA,NA,0.02870078781232881
-108.5,3.5,9549,0.10936300334440409,NA,NA,0.028346103535865055
-107.5,3.5,9550,0.08363116062157169,NA,NA,0.020060686045699463
-106.5,3.5,9551,0.0588091880058256,NA,NA,0.015267874299937707
-105.5,3.5,9552,0.11082748269787084,NA,NA,0.03240228496973344
-104.5,3.5,9553,0.0900543139608369,NA,NA,0.037373244903792444
-103.5,3.5,9554,0.10769018939136812,NA,NA,0.040563333161025256
-102.5,3.5,9555,0.09653751087731792,NA,NA,0.0367034992833623
-101.5,3.5,9556,0.0946771043204396,NA,NA,0.05503700751240726
-100.5,3.5,9557,0.10420763073318051,NA,NA,0.0810400691772532
-99.5,3.5,9558,0.10014301867081377,0.1599743294528196,0.12639331253091446,0.10207840232964266
-98.5,3.5,9559,0.12805773464359857,0.1258761497435217,0.06765389874038027,0.11321446305193093
-97.5,3.5,9560,0.19106076664284954,0.12000728936426841,0.05253436144953413,0.12059300072149261
-96.5,3.5,9561,0.20598758617087254,0.11449709131784629,0.050250750357045196,0.11470755382441376
-95.5,3.5,9562,0.2511708265618274,0.13774296492047977,0.1608089645869143,0.08852601351478542
-94.5,3.5,9563,0.20818841790392856,0.13261214502972207,0.08204814281254079,0.09573686304073806
-93.5,3.5,9564,0.16174748224744073,0.14517766609009733,0.11493808994747698,0.0986540120558885
-92.5,3.5,9565,0.12275207812948115,0.13223757415686205,0.0787280708615732,0.11267338245719814
-91.5,3.5,9566,0.11775148057440847,0.10157023275407526,0.044587232175907286,0.09262741308307898
-90.5,3.5,9567,0.11097282173447888,0.11061226742758434,0.022129043063521966,0.08679305033976754
-89.5,3.5,9568,0.17666741479524606,NA,0.0792251404429896,0.16564791259189712
-88.5,3.5,9569,0.25218803661297456,NA,0.05484578483140351,0.20922450546827248
-87.5,3.5,9570,0.20496963605389312,NA,0.06265974982856243,0.13017409108661987
-86.5,3.5,9571,0.23089132616178012,NA,0.06682315251259233,0.16291459909416056
-85.5,3.5,9572,0.18406033460644625,NA,0.03931248146256845,0.08270368596611602
-84.5,3.5,9573,0.34409098070511734,NA,0.09847329221108664,0.0684347003082495
-83.5,3.5,9574,0.21092672261675677,NA,0.07436796857234337,0.13753327821713904
-80.5,3.5,9575,0.028651957832113675,NA,0.037441876445911446,0.03729731735399984
-79.5,3.5,9576,0.05503765016266121,0.11686059960413737,0.057724413830572065,0.0353047063205458
-76.5,3.5,9577,0.012481068492121643,0.01350875843195984,0.013572758974813241,0.009772001229999158
-75.5,3.5,9578,0.02250723186869779,0.03333036635846371,0.015835587853403207,0.01581565399915635
-74.5,3.5,9579,0.04041456456602135,0.03177407974395425,0.02103162953148882,0.03190270811299621
-73.5,3.5,9580,0.03952569107587618,0.03060518759009533,0.02495404264895229,0.025327700395293865
-72.5,3.5,9581,0.06443049936448604,0.054100834684292144,0.05979271354688587,0.023214287930441436
-71.5,3.5,9582,0.032756933482516126,0.039828290661043604,0.04893826559309783,0.01859763985680606
-70.5,3.5,9583,0.023144605361267175,0.029983427714430095,0.04919472577545655,0.015589231447172794
-69.5,3.5,9584,0.03723185881615711,NA,0.04696397395290539,0.023683104425337918
-68.5,3.5,9585,0.05164883887873574,NA,0.022199044209450753,0.037575046991046385
-67.5,3.5,9586,0.08892824233035122,NA,0.06818761161500646,0.028981542336482993
-62.5,3.5,9587,0.03748506877991289,NA,0.03883809543856256,0.04839642497887337
-61.5,3.5,9588,0.19063719585793756,NA,0.19556871619955465,0.2018038004147566
-60.5,3.5,9589,0.31132081391487904,NA,0.2964474593349822,0.3005985738272828
-59.5,3.5,9590,0.28859948460057006,0.16811115963274517,0.19770313772254236,0.3609517033698273
-58.5,3.5,9591,0.13330296239605932,0.1262078663432945,0.09909838200928968,0.2816452520451013
-57.5,3.5,9592,0.3056146751415091,0.17902044300904768,0.12987308652644067,0.30392660231351193
-56.5,3.5,9593,0.22111303916156494,0.25561550680684997,0.2365226918557083,0.31134130394861664
-55.5,3.5,9594,0.23640973666296114,0.3024110096735776,0.4290446711549494,0.40300231157865546
-54.5,3.5,9595,0.032932205321513454,0.044366599807552524,0.10992839631187462,0.1341243344053635
-53.5,3.5,9596,0.05809190991264614,0.19626017717194721,0.10430329738027269,0.17157947172889734
-52.5,3.5,9597,0.12818963530506283,0.32620728704816615,0.20165779570872325,0.3839569624037858
-51.5,3.5,9598,0.17712798073017125,0.4077716554254835,0.25230966816340566,0.4433401666523031
-50.5,3.5,9599,0.20963209207526096,0.42645829840899835,0.47148907490118996,0.4876639083157086
-49.5,3.5,9600,0.2364066568629809,0.545627127429818,0.39550019340433956,0.5105464178016668
-48.5,3.5,9601,0.2139839634187807,0.44515313979934,0.3834621855173914,0.4420634638524252
-47.5,3.5,9602,0.27988385564222257,0.49846435984429005,0.527008286939334,0.5574126485035242
-46.5,3.5,9603,0.21993381089524197,0.4536293868893452,0.4844284219037381,0.6654236894340532
-45.5,3.5,9604,0.2942884909317646,0.508672991156053,0.4333327110194018,0.7290149603907217
-44.5,3.5,9605,0.26269973041358147,0.4173760376581647,0.1840813910112415,0.6630612296515239
-43.5,3.5,9606,0.31281460526835164,0.48932017337682143,0.14837066714794306,0.6568224278934913
-42.5,3.5,9607,0.2533539662513142,0.4570938972902955,0.16672528734539208,0.7155264994143996
-41.5,3.5,9608,0.2611313426307747,0.49052935873237014,0.13712733793162424,0.5759550844657692
-40.5,3.5,9609,0.279069200893609,0.5333150208009108,0.1192722930579581,0.5186093717804401
-39.5,3.5,9610,0.16773271516639532,0.18078007995430953,0.1772851387234744,0.3679225223954304
-38.5,3.5,9611,0.23008384208298763,0.08446690387070412,0.0500249393834873,0.48593028396051896
-37.5,3.5,9612,0.2045914764685746,0.06009866538747852,0.05361891134297405,0.4953992259932565
-36.5,3.5,9613,0.1100904312563587,0.07323909326158806,0.11122949917904285,0.5166091448111427
-35.5,3.5,9614,0.06471966610604363,0.0934198525502829,0.1351216475731477,0.47582660318903963
-34.5,3.5,9615,0.07853447887282168,0.2349949796977718,0.42791377311514256,0.1723477647231695
-33.5,3.5,9616,0.059207834014225164,0.2506270924341626,0.3855566495820676,0.3557315467470029
-32.5,3.5,9617,0.11461775970720951,0.29193611011373194,0.3534009575370683,0.5711037886788246
-31.5,3.5,9618,0.08696963315231447,0.22214139462536284,0.2847335231677518,0.39439274158429666
-30.5,3.5,9619,0.09960462568382654,0.34763352667054004,0.25351142455249953,0.5569638121335322
-29.5,3.5,9620,0.0843329780659805,0.34883310528712774,0.19301925211143892,0.5996117674895197
-28.5,3.5,9621,0.05345054446590992,0.16835016041747455,0.20505715910203456,0.5895519460727454
-27.5,3.5,9622,0.05600081883779759,0.22351616587452225,0.055973499122450435,0.5106330274070872
-26.5,3.5,9623,0.08166236308349398,0.12147050121782783,0.0470236811890236,0.3668259527386494
-25.5,3.5,9624,0.05574493384545671,0.1197014731770197,0.05463789961333775,0.29044857230915705
-24.5,3.5,9625,0.03401276068920077,0.17610152943549598,0.06474805598715616,0.26082969754976076
-23.5,3.5,9626,0.06465358723865265,0.1677061142879998,0.0919237315248045,0.24175758195205033
-22.5,3.5,9627,0.07545457964774474,0.15455114701527567,0.09328028690087437,0.25069627536463074
-21.5,3.5,9628,0.08074533135450192,0.14981655875072847,0.15173853928849323,0.20279792508464273
-20.5,3.5,9629,0.07410219785095525,0.1493983302506139,0.1113032534136471,0.16504644529421525
-19.5,3.5,9630,0.08254046245780743,0.17312938508028097,0.12108253026730048,0.19023521159473677
-18.5,3.5,9631,0.08598825028316263,0.17734746828615117,0.08476020251801643,0.16274562154681144
-17.5,3.5,9632,0.10218315256777195,0.163864763294733,0.1083957251166663,0.2126067312421175
-16.5,3.5,9633,0.10797622170220572,0.16007077286252935,0.10118392361463893,0.20070624654410588
-15.5,3.5,9634,0.10698650271547208,0.17096278130826367,0.10418976300637216,0.20651150288366013
-14.5,3.5,9635,0.11733688477166433,0.1984875755620747,0.09500459957348005,0.1568485199914274
-13.5,3.5,9636,0.12016481190277384,0.164401097254404,0.11786410044139504,0.14911159839808935
-12.5,3.5,9637,0.14507743285220429,0.1476894973521952,0.09865376954688511,0.15579041023445633
-11.5,3.5,9638,0.14362737419327998,0.14029416327331576,0.057330314159185,0.144366764415451
-10.5,3.5,9639,0.14116688076168166,0.13442953596349644,0.09351394458516937,0.14904017552652857
-9.5,3.5,9640,0.1495892678047865,0.14411471716738408,0.07632229363015351,0.14502374615285127
-8.5,3.5,9641,0.12765916292320972,0.11245894070677746,0.10670797603398584,0.1314598023746625
-7.5,3.5,9642,0.10226450755250188,0.12912358066105928,0.08375318265803727,0.1169550195958107
-6.5,3.5,9643,0.12739719687019413,0.13403996135032806,0.10391891384614306,0.13685689514745356
-5.5,3.5,9644,0.11607017374305463,0.10563525811881493,0.2286699290365406,0.14642078391856816
-4.5,3.5,9645,0.11215054271870811,0.11209843680889706,0.1256174368105782,0.22985236980165644
-3.5,3.5,9646,0.16781468350311332,0.11690178919703785,0.13503062248364867,0.19493937585626045
-2.5,3.5,9647,0.27861344502716756,0.16462286966539513,0.15602354732649976,0.22932465939280505
-1.5,3.5,9648,0.22261376904619068,0.12172525402415577,0.10760446089789116,0.19372596510690043
-0.5,3.5,9649,0.27215606966624994,0.1429952219041331,0.11804935502287521,0.26844968769831956
0.5,3.5,9650,0.3580251042362158,0.3759046263449907,0.1585676225303993,0.4010595426861029
1.5,3.5,9651,0.21362050090693527,0.29753410828360527,0.11871273732080923,0.29866089069930246
2.5,3.5,9652,0.19370886960554154,0.31126402563383315,0.12119436761969654,0.2749604322329039
3.5,3.5,9653,0.18369597635539334,0.2564475263966263,0.13782419704319177,0.3184256069166233
4.5,3.5,9654,0.21803276476643313,0.3549419514233259,0.21182794759715642,0.32194425240928304
5.5,3.5,9655,0.18851442414828648,0.3272980555538507,0.22076418987464674,0.24648738478670457
6.5,3.5,9656,0.21218320623186657,0.3853885464739913,0.26860628072149106,0.23433673070190633
7.5,3.5,9657,0.18602913273931482,0.4137587446887555,0.1958130371562887,0.212083857256219
8.5,3.5,9658,0.1725844425700067,0.28999870226641117,0.22246594310978224,0.18489496423681126
9.5,3.5,9659,0.22389232719174837,0.3165341752789643,0.21201277962712883,0.17333671715948243
10.5,3.5,9660,0.2617667277492135,0.40039530961046704,0.22509993066254885,0.20279836697845172
11.5,3.5,9661,0.21099063742012186,0.32616049822789117,0.183038336721312,0.1826239997240737
12.5,3.5,9662,0.22794679403596504,0.3054394993305033,0.18534331373988702,0.1750691448262193
13.5,3.5,9663,0.2497005718158189,0.43486131722652915,0.2203850788877343,0.23016647300629192
14.5,3.5,9664,0.2479373466766829,0.4866299073249095,0.24313292688581473,0.24842958165335532
15.5,3.5,9665,0.22894238289648253,0.519540131475356,0.2880860191896779,0.2599988535162166
16.5,3.5,9666,0.20698681905560265,0.5084175903906991,0.28586931930156473,0.26023048741007
17.5,3.5,9667,0.21578183863348033,0.5135233838970829,0.4155287650304197,0.2139298737866298
18.5,3.5,9668,0.23079728248644218,0.4946566545273601,0.3658065597474051,0.19349428369727126
19.5,3.5,9669,0.2112870815056364,0.2876913663125403,0.3054246487020522,0.20904695997035522
20.5,3.5,9670,0.17752300514070637,0.23142712420796435,0.2959000894387356,0.199698902441603
21.5,3.5,9671,0.16091709943751367,0.2568564697519343,0.33745150578894695,0.21930541084131672
22.5,3.5,9672,0.16869570175657655,0.2643671333573649,0.3113334811840762,0.18329463617469668
23.5,3.5,9673,0.19830384374633822,0.2691431887088,0.2739562369264983,0.18687757784383865
24.5,3.5,9674,0.16335628463452737,0.2703199537435176,0.2617620050158938,0.16637570995560308
25.5,3.5,9675,0.18880275099908359,0.30116315986911985,0.22801269475493582,0.1735004629306039
26.5,3.5,9676,0.2124131098806599,0.3437019402131901,0.20720773209798526,0.163942207420328
27.5,3.5,9677,0.15668933458126558,0.35214766412875653,0.18309169094608901,0.12444772584226747
28.5,3.5,9678,0.09621368395385235,0.32116846093345913,0.11994749953408947,0.09341198924479932
29.5,3.5,9679,0.08099188979150024,0.2726623745012372,0.12407015861307977,0.08043970280430712
30.5,3.5,9680,0.0664197515059188,0.21886248719136683,0.09336216128808014,0.07609956906870435
31.5,3.5,9681,0.06423478626837327,0.1412998374095821,0.07221730706233823,0.06412433139303898
32.5,3.5,9682,0.06679894117095109,0.12427717335394065,0.06543644073688537,0.06479391970985142
33.5,3.5,9683,0.07262012347413113,0.10776584384911884,0.06656689440919772,0.06478664209443621
34.5,3.5,9684,0.07486595485701938,0.10645662114514452,0.0692990342256623,0.0795188799062296
35.5,3.5,9685,0.06623287725934278,0.09889695595682602,0.05615284312955659,0.07434427263482246
36.5,3.5,9686,0.07169272385809365,0.09299228377144664,0.05694248180073995,0.08707673526299164
37.5,3.5,9687,0.07762467331060761,0.10115850037055091,0.056753077790076795,0.10459503530027636
38.5,3.5,9688,0.07321787678549252,0.10706320572115657,0.05035281025941652,0.08517901167543755
39.5,3.5,9689,0.07733905977559166,0.11043533576558469,0.0510777250192494,0.09345307741918106
40.5,3.5,9690,0.08594777177620852,0.1068286491592494,0.04905137177444848,0.06511037089992854
41.5,3.5,9691,0.08428241752654304,0.10278803702616333,0.05180471429058286,0.057992253207246595
42.5,3.5,9692,0.08278408782434601,0.11393523259930716,0.04616348714416079,0.05519180620692254
43.5,3.5,9693,0.0889457873872072,0.08614093605690243,0.039658792455803886,0.0527349104732073
44.5,3.5,9694,0.08590578065871342,0.08186465074321363,0.0403494598011545,0.0503164483530952
45.5,3.5,9695,0.07817592344590897,0.082017637418711,0.04225155070502334,0.04785567449848597
46.5,3.5,9696,0.07558482573144495,0.09867017404387836,0.0448659077340916,0.0455545146792374
47.5,3.5,9697,0.07857128028415092,0.089734370613672,0.05536552446230719,0.04384300355251049
48.5,3.5,9698,0.06309906137746947,0.08334994137218983,0.08457725532324503,0.04419864049994324
49.5,3.5,9699,0.062472991597863875,0.08589427652110367,0.07136380420235092,0.04450953896750012
50.5,3.5,9700,0.06947186555300787,0.08639720289849939,0.06892305790835912,0.0498570569808321
51.5,3.5,9701,0.07334580960696464,0.0844491202905113,0.08387836170923245,0.04965801498763037
52.5,3.5,9702,0.07402701134157687,0.086233690267456,0.08054510750148933,0.04970593250147195
53.5,3.5,9703,0.08131988317774623,0.09011646190043451,0.0782922727214746,0.05027755492312631
54.5,3.5,9704,0.07440001658929805,0.0860390010355177,0.06437547426462896,0.044205777159778914
55.5,3.5,9705,0.07427439162178034,0.09466212606837143,0.061818443740135315,0.044425731151856926
56.5,3.5,9706,0.07794785848756676,0.09432122747218137,0.07471039357672142,0.04406097171707162
57.5,3.5,9707,0.07670268714840048,0.08941845083308125,0.0704808821142523,0.04473468483872438
58.5,3.5,9708,0.0754899795390032,0.0882149168107653,0.06944461862794812,0.04235993578103027
59.5,3.5,9709,0.0727735373797178,0.08665050447674959,0.06386844434833876,0.04176662994667453
60.5,3.5,9710,0.0743312285450517,0.08705192399638394,0.06326091999247067,0.041228409933767904
61.5,3.5,9711,0.06320084677418848,0.0814192064956018,0.06583611290742662,0.04125657938174386
62.5,3.5,9712,0.07134546490119226,0.08278722651521786,0.06437139348613516,0.03962663515610648
63.5,3.5,9713,0.07312353471565863,0.08284454306738331,0.06791628344790548,0.038890348255255655
64.5,3.5,9714,0.06046824450378217,0.08517389099699453,0.06309035068686866,0.03506939522967901
65.5,3.5,9715,0.06334149550528129,0.08751936584571846,0.05759450664602993,0.03806483116512128
66.5,3.5,9716,0.06796929332142086,0.0915720644915876,0.06474388387097073,0.040884789465586824
67.5,3.5,9717,0.07900907483672862,0.09443887211490154,0.06574694715646147,0.035754889339795023
68.5,3.5,9718,0.07707921604853449,0.09663977690077896,0.0700757766492246,0.03652752655066691
69.5,3.5,9719,0.08958190934748408,0.10088487761472138,0.08266076058960029,0.04018979088996762
70.5,3.5,9720,0.09594321885315187,0.1175187871912268,0.08981034270761398,0.0475418581548162
71.5,3.5,9721,0.09768435746928233,0.11139457653664277,0.06533818431573829,0.04341660166408586
72.5,3.5,9722,0.08402690878658844,0.1201828862104611,0.06786716810639032,0.05297005594153084
73.5,3.5,9723,0.07351262736479684,0.11287177533653728,0.05538180151851578,0.04740124280870977
74.5,3.5,9724,0.07673928881983826,0.10005218883678788,0.05422112882531154,0.036208966659576354
75.5,3.5,9725,0.07017731571093687,0.08891435565290033,0.05520061583236828,0.03087576706279211
76.5,3.5,9726,0.08406135636642523,0.08648620778346558,0.042692024510141535,0.0373561854185262
77.5,3.5,9727,0.06642659639530038,0.08467627686064545,0.0483041017087971,0.03474998972707284
78.5,3.5,9728,0.07256678063398893,0.09861161798701562,0.05722281901264646,0.041228093321083105
79.5,3.5,9729,0.06842265832550114,0.095177012989788215,0.05228278273201862,0.04563943378495644
80.5,3.5,9730,0.08011708741461497,NA,0.05250563454814792,0.06796193227758004
81.5,3.5,9731,0.1007937635791821,NA,0.07040357350424739,0.07112161482347859
82.5,3.5,9732,0.11661387266951136,NA,0.1173558906742935,0.07923457591294429
83.5,3.5,9733,0.1314983864241661,NA,0.13980899061451788,0.10191308408733292
84.5,3.5,9734,0.13514700284129327,NA,0.14529260951768258,0.24147409985917448
85.5,3.5,9735,0.1768403246728099,NA,0.20439595935438057,0.18613497235769494
86.5,3.5,9736,0.18379893197044084,NA,0.19131100214336433,0.23168515099541442
87.5,3.5,9737,0.22034667197835486,NA,0.20146449790348617,0.2979911029770371
88.5,3.5,9738,0.30158414842066983,NA,0.20759033860207415,0.257493337435653
89.5,3.5,9739,0.25435722783528014,NA,0.3406428338858586,0.30015200674762504
90.5,3.5,9740,0.17461888627156583,NA,NA,0.27734424076382724
91.5,3.5,9741,0.22470157847005118,NA,NA,0.314650210977228
92.5,3.5,9742,0.34343069352225825,NA,NA,0.3263971817612401
93.5,3.5,9743,0.28747643068792533,NA,NA,0.3645767319967287
94.5,3.5,9744,0.49906614396172916,NA,NA,0.3753561453521344
95.5,3.5,9745,0.5043735351458166,NA,NA,0.39491562248870327
96.5,3.5,9746,0.3396565720531535,NA,NA,0.3927403390848869
97.5,3.5,9747,0.2150022575343404,NA,NA,0.49370461915436126
98.5,3.5,9748,0.2157570627702466,NA,NA,0.2627991443450498
99.5,3.5,9749,0.1824231117523838,NA,NA,0.17718676401561395
100.5,3.5,9750,0.22660078386317356,NA,0.1370499454007161,0.28706996104477095
101.5,3.5,9751,0.2224680586937422,NA,0.313065075791998,0.18273404541173294
102.5,3.5,9752,0.042794013348031644,NA,0.0947160985081544,0.09490660877046378
-119.5,4.5,9765,0.017953273825863553,0.1051773454578391,NA,0.036240116586230435
-118.5,4.5,9766,0.018386137514203302,0.08554039710233743,NA,0.03305082583281225
-117.5,4.5,9767,0.028239820683321447,0.09446222189818752,NA,0.03982666973001461
-116.5,4.5,9768,0.026013794994461447,0.12205194529213163,NA,0.04003493493112995
-115.5,4.5,9769,0.03323942958859183,0.16517933241397165,NA,0.03891923368879954
-114.5,4.5,9770,0.057573665677265004,0.18393659727835396,NA,0.05656452683354969
-113.5,4.5,9771,0.04781513704224921,0.16409770409077556,NA,0.04492380784904723
-112.5,4.5,9772,0.06697709074391404,0.1552529995561453,NA,0.042009040963538045
-111.5,4.5,9773,0.09850507543284429,0.20713106517128085,NA,0.048674096467823766
-110.5,4.5,9774,0.136497657977083,0.20974338409494006,NA,0.04105119503454731
-109.5,4.5,9775,0.139816751923057,NA,NA,0.038244427543956905
-108.5,4.5,9776,0.17880841234638672,NA,NA,0.04062830160410287
-107.5,4.5,9777,0.12824782588270978,NA,NA,0.03019822820607807
-106.5,4.5,9778,0.16042301802278905,NA,NA,0.05488835422863163
-105.5,4.5,9779,0.12306797191278535,NA,NA,0.04036407305773185
-104.5,4.5,9780,0.10215556658588662,NA,NA,0.036776386598451095
-103.5,4.5,9781,0.19643929676493432,NA,NA,0.03865625745060755
-102.5,4.5,9782,0.18211481391885895,NA,NA,0.0602532364476595
-101.5,4.5,9783,0.16857866836413868,NA,NA,0.15932659401249502
-100.5,4.5,9784,0.1640219092192134,NA,NA,0.1415160069953662
-99.5,4.5,9785,0.12245295365163747,0.11703480183721851,0.04791437647212576,0.11482168777966817
-98.5,4.5,9786,0.12717458163149017,0.1366452683282698,0.07674383315340881,0.12438995391147623
-97.5,4.5,9787,0.1882461095894289,0.14931519818816755,0.056239216884247566,0.1971253312684385
-96.5,4.5,9788,0.1433020977974946,0.08714181319784688,0.05732084708423854,0.16736558862236126
-95.5,4.5,9789,0.17216364643194296,0.10980943560068453,0.06332203159768944,0.1544734229269118
-94.5,4.5,9790,0.20355621236198979,0.119177350460674,0.07074253336265982,0.18169154380413022
-93.5,4.5,9791,0.22316721230697123,0.11829180453475281,0.11783276806270303,0.1881134599668835
-92.5,4.5,9792,0.2615267726214732,0.17756511704484743,0.08369663463937228,0.14033421061044757
-91.5,4.5,9793,0.10574781324567847,0.09238875659539712,0.10371425334013853,0.11095335276659739
-90.5,4.5,9794,0.14222789960280874,0.12224219473215982,0.07069545478503061,0.11267802066123175
-89.5,4.5,9795,0.12605073368457798,NA,0.05091761332703988,0.19147581510611666
-88.5,4.5,9796,0.12024135242546741,NA,0.047855351978012634,0.2442610707374258
-87.5,4.5,9797,0.18438661998455277,NA,0.03879991558652283,0.16356314318128967
-86.5,4.5,9798,0.18566310376865305,NA,0.024778708734409443,0.12633326896467784
-85.5,4.5,9799,0.09416763060396934,NA,0.09015734678160771,0.07802934493162031
-84.5,4.5,9800,0.11278273670484977,NA,0.027561033565891825,0.1534404806226348
-81.5,4.5,9801,0.07290453577297376,NA,0.02700537728159663,0.029271876815116744
-80.5,4.5,9802,0.0863845814589426,NA,0.0619203264166688,0.037784944959257216
-79.5,4.5,9803,0.04021944539516739,0.0628290195446374,0.0552920213261961,0.037191580049221795
-76.5,4.5,9804,0.012271412739661099,0.025912572403396502,0.006350184907222807,0.009319264649821286
-75.5,4.5,9805,0.04769073976078911,0.09107433119617414,0.0679723227241786,0.07334468291487627
-74.5,4.5,9806,0.039313824089104374,0.053040105095326036,0.016557325092751613,0.032303801428792585
-73.5,4.5,9807,0.040766643053817025,0.061902032821738555,0.01612993170589976,0.019296366365838136
-72.5,4.5,9808,0.061726320007957254,0.07617856275271073,0.051744992837219936,0.027414414045336337
-71.5,4.5,9809,0.035528475050612345,0.04025494935297788,0.04060563865355014,0.018260494861545767
-70.5,4.5,9810,0.0295328110847691,0.06539032401626943,0.04768077087616171,0.022816140575512074
-69.5,4.5,9811,0.037915471278907494,NA,0.03354073032632512,0.04948251443469219
-68.5,4.5,9812,0.03240284254665615,NA,0.03650422104512039,0.03994530820821556
-67.5,4.5,9813,0.050210506172511084,NA,0.04811248071603973,0.03020401465608535
-66.5,4.5,9814,0.1306578929136736,NA,0.07544337674119748,0.024318259159686148
-60.5,4.5,9815,0.18892530479551575,NA,0.6033135253707445,0.24918843470699156
-59.5,4.5,9816,0.25004383232037425,0.3449087515675949,0.40550228937815397,0.377526863051834
-58.5,4.5,9817,0.21022117324999637,0.14424319225038454,0.408623695995962,0.37014684550097154
-57.5,4.5,9818,0.31680789841385676,0.22393520705040487,0.3854381485366174,0.3787176158281647
-56.5,4.5,9819,0.35617134335495154,0.21923175110020876,0.3436605190847354,0.31941905655209735
-55.5,4.5,9820,0.23574087734632307,0.23914267870833467,0.23176892277346678,0.3460676878942801
-54.5,4.5,9821,0.11971046068125527,0.2697014939081504,0.3072851948880491,0.2456997512285995
-53.5,4.5,9822,0.10476444393789663,0.28429028428129377,0.26627553423531086,0.22629883279092813
-52.5,4.5,9823,0.12982272963216898,0.5244486345596121,0.18032260529067926,0.2590762466871556
-51.5,4.5,9824,0.14961727565496852,0.42421010681683446,0.41096457661716174,0.4556711057937218
-50.5,4.5,9825,0.15709160954735965,0.48630357901955634,0.2341910481734277,0.3998729271753376
-49.5,4.5,9826,0.18583211494085072,0.5465774449025061,0.4289473893926969,0.4586139742196227
-48.5,4.5,9827,0.20686902736069232,0.6042144951502527,0.4079942202214729,0.48101813111894054
-47.5,4.5,9828,0.18815575861189932,0.6622306622566856,0.40996489435704164,0.517175076865951
-46.5,4.5,9829,0.19981846430414582,0.5855181075691553,0.39063730056022533,0.6419811896391449
-45.5,4.5,9830,0.23220109433610667,0.6452981909276431,0.3536221110458651,0.6669025428084681
-44.5,4.5,9831,0.2324622487391019,0.6422597704920532,0.42256258877780656,0.6816891610176982
-43.5,4.5,9832,0.2217207605309734,0.5629606386185388,0.2042009332561025,0.64133075230585
-42.5,4.5,9833,0.18638191500821708,0.6139207877921916,0.31628015919474434,0.569071170645096
-41.5,4.5,9834,0.19809695143840889,0.4884110894670344,0.16298399155106558,0.5854366045366018
-40.5,4.5,9835,0.16544115565772238,0.4211549565165565,0.15760389147502046,0.48183819376238907
-39.5,4.5,9836,0.11107944508003204,0.14730477720751625,0.0795412033222528,0.4314633144102932
-38.5,4.5,9837,0.12146521508651277,0.12405297895245437,0.07929522401170529,0.5212229227630603
-37.5,4.5,9838,0.10127446432165552,0.11792997722810714,0.0904003558408939,0.6081494702346167
-36.5,4.5,9839,0.10616534017204207,0.11838316550530571,0.08762962766781858,0.5884345643229328
-35.5,4.5,9840,0.06350014581387305,0.14753549033865546,0.10858395744217392,0.4853280109601037
-34.5,4.5,9841,0.06092235170441355,0.21734289516227828,0.15289233233230332,0.4354440044954869
-33.5,4.5,9842,0.0469058812986419,0.14615764303662243,0.14877612338229643,0.45102300623594027
-32.5,4.5,9843,0.04981842841140085,0.20852525699706095,0.2730046240323079,0.43605929241409735
-31.5,4.5,9844,0.06438179732267396,0.19375555978046097,0.1703716292380278,0.6089404492582848
-30.5,4.5,9845,0.039639699897181385,0.19353596025142208,0.16903804184867682,0.50813679029027
-29.5,4.5,9846,0.03327669222303612,0.1946878970607237,0.17511870851918462,0.5186855706966541
-28.5,4.5,9847,0.037490520102982594,0.07810147603467102,0.11360391004116561,0.4383324056520972
-27.5,4.5,9848,0.05705290268313946,0.08431587124221858,0.10477051573752831,0.41992548546811237
-26.5,4.5,9849,0.07935968914521503,0.2121074885572987,0.19625896262093284,0.4254095432984261
-25.5,4.5,9850,0.06909985585533053,0.17678057752856213,0.18007939914256438,0.3655245430466357
-24.5,4.5,9851,0.06639547130561609,0.16664814523128144,0.1285539565294588,0.3259072382223353
-23.5,4.5,9852,0.06990318407313113,0.11907184343411303,0.13225170601118913,0.2177220198098749
-22.5,4.5,9853,0.07291544591324924,0.1289491864958694,0.12454215546090212,0.16819457153833198
-21.5,4.5,9854,0.07361589778543236,0.13660868009844856,0.12934487891267754,0.18343934994817426
-20.5,4.5,9855,0.10076292619306655,0.19906370466516027,0.1495729206947338,0.17196825235290242
-19.5,4.5,9856,0.10214639467727574,0.1655071377786278,0.1455216953239071,0.17005806071957652
-18.5,4.5,9857,0.10820569784126485,0.13378587248298812,0.11466946981680719,0.14337096022585755
-17.5,4.5,9858,0.1044397539128823,0.1751870815398113,0.10197289433633053,0.1466817035399464
-16.5,4.5,9859,0.0981095108911886,0.15336752697075323,0.10370872867813538,0.1605465517017173
-15.5,4.5,9860,0.09052113139950128,0.11667446751909696,0.09425249804119062,0.14148929368302757
-14.5,4.5,9861,0.09930686365970172,0.12159720331661915,0.10636750138733438,0.14400721079447992
-13.5,4.5,9862,0.11727895705001097,0.12360158187083287,0.11220636663417319,0.15578209412683267
-12.5,4.5,9863,0.12358939259383053,0.1321152414640331,0.10002774495188761,0.1579823677968238
-11.5,4.5,9864,0.12624457432476546,0.1659779203398006,0.09141560064190296,0.17046763276305285
-10.5,4.5,9865,0.14139870817232658,0.1566280173610824,0.11565354627959472,0.16305541285766068
-9.5,4.5,9866,0.12920694987110892,0.15701594617727063,0.0788305130472256,0.07843637573050344
-8.5,4.5,9867,0.12916203753338573,0.146656633419479,0.0804524682875309,0.12821849266389282
-7.5,4.5,9868,0.14634196277782624,0.13549727046548968,0.11167046463704328,0.16352525893759365
-6.5,4.5,9869,0.15270387151599082,0.15853020159562228,0.15624834765563586,0.1860110886033002
-5.5,4.5,9870,0.1351099590440327,0.172998635842187,0.10463474332343115,0.1739632216885905
-4.5,4.5,9871,0.17584923467145852,0.1687165131189513,0.15344667646398213,0.13173373023214124
-3.5,4.5,9872,0.22764060754771495,0.17560184302725043,0.18084412971498254,0.14156954214017253
-2.5,4.5,9873,0.46341637801005003,0.28504533708959884,0.3812803766889389,0.31315659729112666
-1.5,4.5,9874,0.38995064105320276,0.18005149330955025,0.27379826303128135,0.2219151168390992
-0.5,4.5,9875,0.35177791931514385,0.17710445617289333,0.19009041654561815,0.17923860856172036
0.5,4.5,9876,0.3438132802306431,0.2061486499322589,0.17248143526450585,0.1953564360026418
1.5,4.5,9877,0.31604658030221466,0.22461325455041717,0.13187346901432315,0.19001913087493685
2.5,4.5,9878,0.26426219506818016,0.2542526449285411,0.139141230721248,0.20817913059498314
3.5,4.5,9879,0.21495488879542463,0.2513221650105599,0.1189143459598704,0.19000029430800866
4.5,4.5,9880,0.1979568139414212,0.2570264448321281,0.12472850427361402,0.21788767194363182
5.5,4.5,9881,0.21181692704597768,0.31968879948616474,0.14393877081903259,0.23567945043826688
6.5,4.5,9882,0.2463337494047455,0.491829565534454,0.16243584453106405,0.26206315330806673
7.5,4.5,9883,0.17439446186865626,0.33300225174839465,0.17366523330892886,0.19523937451596646
8.5,4.5,9884,0.17748859340992584,0.29128857535639774,0.20134264882513145,0.24165983722290796
9.5,4.5,9885,0.2547545882006068,0.4012701024990339,0.22677781845580822,0.2933328438495468
10.5,4.5,9886,0.26757291628768975,0.41326600423940596,0.24429956179261647,0.29624423028118546
11.5,4.5,9887,0.27091863775033104,0.430096782053364,0.29147459690815275,0.28320576020774507
12.5,4.5,9888,0.2165987728524463,0.3464189750059762,0.2422978663199513,0.21050935840028692
13.5,4.5,9889,0.24002219359576696,0.38693693145053304,0.26558789706361463,0.24910477675436782
14.5,4.5,9890,0.2230333667263077,0.4221736065425757,0.2689226563098071,0.2523292175557331
15.5,4.5,9891,0.19705888891063605,0.4808476294104592,0.2369788540319264,0.20379295383960047
16.5,4.5,9892,0.22299141712120393,0.5342046229021157,0.2389029202115554,0.19331846666642458
17.5,4.5,9893,0.1947173826471369,0.5835208927411419,0.23503803552556654,0.2006848085882717
18.5,4.5,9894,0.21738657381497858,0.6730737402461567,0.24357887775401657,0.22903224828715085
19.5,4.5,9895,0.1805543304817192,0.502088750726053,0.2009793313584063,0.2133611923053129
20.5,4.5,9896,0.19002980252674384,0.5073297534821911,0.25854093030945163,0.24457243749029792
21.5,4.5,9897,0.25604075411850935,0.4832681210064625,0.3000841494995009,0.23453741899410316
22.5,4.5,9898,0.21865697290923908,0.26524490598452194,0.29179633969891655,0.17857164871660813
23.5,4.5,9899,0.21563590086899556,0.23922466724339098,0.27472112692319783,0.18892626494514148
24.5,4.5,9900,0.1985445149054651,0.24940661735534628,0.28304191440580706,0.17378776220461448
25.5,4.5,9901,0.19964793479579535,0.2075476279579519,0.272750415536606,0.19000713034361405
26.5,4.5,9902,0.20602392879459247,0.21125178366265782,0.2847256531756748,0.18917828387766852
27.5,4.5,9903,0.1752374192318046,0.17197799757189078,0.23310856042944067,0.16879287718784655
28.5,4.5,9904,0.1191713612805402,0.15118757041179073,0.16942848397697718,0.12109094830221849
29.5,4.5,9905,0.0958089758617959,0.1261833843090084,0.13749692853621118,0.09134537370311724
30.5,4.5,9906,0.08257996712274984,0.12069391117743158,0.11496918127945038,0.07232852997809255
31.5,4.5,9907,0.10600199364712894,0.1527804789654456,0.13684273332474314,0.06985472253272727
32.5,4.5,9908,0.11158386327327269,0.13262004287925178,0.12546786214642594,0.061236681379130214
33.5,4.5,9909,0.11969616983479694,0.11193555338170348,0.10737409425997087,0.05642465417040689
34.5,4.5,9910,0.08367799734666029,0.10802502561806147,0.08760732967116718,0.0650683429122804
35.5,4.5,9911,0.0793823173439007,0.11683831601921772,0.09708508990173287,0.0639518751011893
36.5,4.5,9912,0.0687892376040444,0.11018116649477736,0.08752626715964669,0.05559659009312826
37.5,4.5,9913,0.06884152304598751,0.11226128648001285,0.07072822019826797,0.054321991035910386
38.5,4.5,9914,0.06625104363953228,0.10375046992249116,0.06853901044917303,0.051009006287523743
39.5,4.5,9915,0.06754033547780311,0.10286482419873212,0.0848359091126911,0.05125953691288108
40.5,4.5,9916,0.07116128291836132,0.10348392235830393,0.06108890716178459,0.04879047033219865
41.5,4.5,9917,0.06662673050440997,0.0878244926645263,0.06608713721580207,0.043519227173969825
42.5,4.5,9918,0.0660451656696477,0.09781001394120972,0.06494781346690295,0.04231872652612071
43.5,4.5,9919,0.0847130314701522,0.10993315809200795,0.0651848931806219,0.04229700318028023
44.5,4.5,9920,0.07828248908228629,0.0967286278418675,0.06774760606026611,0.04317185473895237
45.5,4.5,9921,0.07777217498446953,0.09793631700396313,0.069647935849952,0.04533208400685351
46.5,4.5,9922,0.07642330762818506,0.09194439369188724,0.0668024588717334,0.04843892548406744
47.5,4.5,9923,0.07306825333820371,0.0886454404050706,0.06371209735214978,0.04887019174281042
48.5,4.5,9924,0.06873102856890025,0.08407536619242921,0.06548818175092057,0.048813915545256645
49.5,4.5,9925,0.0818031737510642,0.10216894197696594,0.07139612069329755,0.05951719364136667
50.5,4.5,9926,0.08343322928743238,0.10436070828397298,0.0695412460107101,0.057777493879116626
51.5,4.5,9927,0.08600931762891079,0.10328745712188887,0.06407412433056466,0.057106942961439595
52.5,4.5,9928,0.09535979046094001,0.10139744546599334,0.05587496786814827,0.05186213269368436
53.5,4.5,9929,0.0905993521946898,0.0958574361178303,0.054335580265962004,0.04637859015940218
54.5,4.5,9930,0.07966254145186111,0.08913230408124356,0.05132494387655311,0.042793373499797255
55.5,4.5,9931,0.0801168044830128,0.09237183295059902,0.05101497343894561,0.041997177021126174
56.5,4.5,9932,0.08680946159563796,0.10105771326631598,0.048872626085980496,0.04298188311586953
57.5,4.5,9933,0.08990995330837462,0.10690754071665765,0.051851474254886176,0.035649740855248385
58.5,4.5,9934,0.09180146047666415,0.11070393389190537,0.05892142874279135,0.03801294517136348
59.5,4.5,9935,0.09834210779275995,0.09883405102128327,0.05794772269675963,0.04027265362344813
60.5,4.5,9936,0.10210686873693903,0.10441534900162198,0.054569453534248545,0.03506647810816846
61.5,4.5,9937,0.09568295076955921,0.10060931435132131,0.052263901189491216,0.03648116095408639
62.5,4.5,9938,0.09904300259114564,0.10169717722678309,0.05400267567088754,0.03668015692291649
63.5,4.5,9939,0.0938568198087247,0.10507180614198361,0.05795973518360229,0.03659854396688674
64.5,4.5,9940,0.10565168901300134,0.11435388684494399,0.0642562865362813,0.039553274579520854
65.5,4.5,9941,0.12118108520404734,0.11024166409074257,0.07444360362880711,0.051340251244393786
66.5,4.5,9942,0.10635411698639408,0.11251811412721884,0.08145809929011336,0.06415543078005667
67.5,4.5,9943,0.09740974289285263,0.11456289307403587,0.08663451082655038,0.0529781139382385
68.5,4.5,9944,0.10013207821412581,0.12606149559133184,0.09850451583072994,0.04667273444261194
69.5,4.5,9945,0.10643694057133854,0.1430525239285992,0.1077289392890728,0.04942436094559333
70.5,4.5,9946,0.10821367005676177,0.15267596848223153,0.09843803219400053,0.04672320241764467
71.5,4.5,9947,0.11663145128798402,0.12897152304749834,0.10049007272416326,0.06483879252389937
72.5,4.5,9948,0.10938863377127633,0.1249098361791919,0.10034424571239257,0.05109937542653654
73.5,4.5,9949,0.109295039991263,0.12401432156050488,0.09237741984251636,0.05721297597700332
74.5,4.5,9950,0.09170309789786417,0.10632324436153111,0.07035493478209252,0.05381251771529759
75.5,4.5,9951,0.09055609968755059,0.09262377220516241,0.04940588747870711,0.060960043310865825
76.5,4.5,9952,0.07704005043771096,0.09860646392888608,0.04173030880303888,0.057354622330388884
77.5,4.5,9953,0.06976649355173178,0.09328915593079018,0.040967555787961386,0.056980275918112055
78.5,4.5,9954,0.07438451492817828,0.0837030507428899,0.04617172943046634,0.062100541573442546
79.5,4.5,9955,0.06833583878346405,0.06731470587660815,0.04390554065481432,0.0519167172888443
80.5,4.5,9956,0.05195540373932453,NA,0.04430782709245572,0.05399175175698223
81.5,4.5,9957,0.05461474638898733,NA,0.07119550722982833,0.13824919277800898
82.5,4.5,9958,0.05754095500601688,NA,0.09665299588974643,0.10702527365347206
83.5,4.5,9959,0.06056428184185966,NA,0.12772117160118102,0.13667990557218293
84.5,4.5,9960,0.09491637625550985,NA,0.13561716938088883,0.15255117755654543
85.5,4.5,9961,0.11003538859933457,NA,0.30131362744755447,0.17838213641435546
86.5,4.5,9962,0.13522864557825603,NA,0.22681753746129038,0.15038321771923197
87.5,4.5,9963,0.17918444053223345,NA,0.2569596586357295,0.1603954013818383
88.5,4.5,9964,0.19457696074767405,NA,0.3015893230289214,0.16762389258522103
89.5,4.5,9965,0.24212069438814954,NA,0.2685203662622216,0.18989287377096842
90.5,4.5,9966,0.35288695729958913,NA,NA,0.22526764446211783
91.5,4.5,9967,0.22737870391516576,NA,NA,0.23356567884319282
92.5,4.5,9968,0.15976480173967111,NA,NA,0.2731526539984572
93.5,4.5,9969,0.24412379815542828,NA,NA,0.3250658057015827
94.5,4.5,9970,0.3126892791541193,NA,NA,0.35870539442060684
95.5,4.5,9971,0.29127789436117063,NA,NA,0.3625751896456702
96.5,4.5,9972,0.2768627375713132,NA,NA,0.40268235524598317
97.5,4.5,9973,0.24115992778886122,NA,NA,0.23249202583192638
98.5,4.5,9974,0.18425009371585863,NA,NA,0.3128759043915236
99.5,4.5,9975,0.25890156619249455,NA,NA,0.2247075751794415
100.5,4.5,9976,0.15927608679304955,NA,0.18408889848137464,0.27142196078021524
101.5,4.5,9977,0.3510985173852814,NA,0.3015510978407451,0.3603940225342983
102.5,4.5,9978,0.1947883321160846,NA,0.40333156696193495,0.32457872146407796
-119.5,5.5,9990,0.013527562916334298,0.10598624357192903,NA,0.02725084135049429
-118.5,5.5,9991,0.013907322171449665,0.13908936124286284,NA,0.028756020430864105
-117.5,5.5,9992,0.022160547348391124,0.11994806771852891,NA,0.027128088891621053
-116.5,5.5,9993,0.033932565327318066,0.15597652499398282,NA,0.041636659784347115
-115.5,5.5,9994,0.04507695666835989,0.12892178958640885,NA,0.04308093533725346
-114.5,5.5,9995,0.04326038639730078,0.16818625172263943,NA,0.0541036683722805
-113.5,5.5,9996,0.05460357057936367,0.18095515731441028,NA,0.0488184209237393
-112.5,5.5,9997,0.05347426167764275,0.20950625669001127,NA,0.05178584131804845
-111.5,5.5,9998,0.0844029045909032,0.23110090583121726,NA,0.05157620875511187
-110.5,5.5,9999,0.11041638270912246,0.23430802409358173,NA,0.04095023154045864
-109.5,5.5,10000,0.16350639363848526,NA,NA,0.04246790559060778
-108.5,5.5,10001,0.2634266528511815,NA,NA,0.03703990389925118
-107.5,5.5,10002,0.24824295532104737,NA,NA,0.03544006514435042
-106.5,5.5,10003,0.14503846051590782,NA,NA,0.026495099585520897
-105.5,5.5,10004,0.3195812737972354,NA,NA,0.06146486510386274
-104.5,5.5,10005,0.2763492679944893,NA,NA,0.06295775080709402
-103.5,5.5,10006,0.28123993090227944,NA,NA,0.057030026212047794
-102.5,5.5,10007,0.1925537560088143,NA,NA,0.07607906961467396
-101.5,5.5,10008,0.20756688736912973,NA,NA,0.12531455872607702
-100.5,5.5,10009,0.3194618176493199,NA,NA,0.18194023740850518
-99.5,5.5,10010,0.3266850408364375,0.1672924085079793,0.09827051941081211,0.1943327812200873
-98.5,5.5,10011,0.15228093623235237,0.12937896561521803,0.09973313001753221,0.17423078779234352
-97.5,5.5,10012,0.13342508268508857,0.28717689953237946,0.1329195374507847,0.18918062445282674
-96.5,5.5,10013,0.09235084451423892,0.18393232781937632,0.06638224708640951,0.138449414571177
-95.5,5.5,10014,0.15749008351845353,0.17702021236392607,0.1128939079888554,0.14725187569878523
-94.5,5.5,10015,0.23996591800744538,0.23287203051068164,0.11208894192354811,0.1322074336002997
-93.5,5.5,10016,0.27232172231391333,0.1930753724554819,0.08194916947598124,0.18790465563673356
-92.5,5.5,10017,0.2559859510892522,0.18783466570937954,0.04614537515138307,0.1260683210219505
-91.5,5.5,10018,0.13743407591933707,0.11893818929075893,0.03864090935671075,0.12988592919748113
-90.5,5.5,10019,0.13739082908602468,0.16063470774393887,0.06055299272527502,0.18889589965554096
-89.5,5.5,10020,0.10866615399466105,NA,0.09057090843439998,0.1913088640338956
-88.5,5.5,10021,0.15198388883937675,NA,0.08867221634181055,0.24996893163064662
-87.5,5.5,10022,0.10636011370102712,NA,0.06412778432894808,0.20254263865128974
-86.5,5.5,10023,0.11114248574650587,NA,0.04748783964273133,0.11592062415504827
-85.5,5.5,10024,0.1439929416524129,NA,0.08711382273717032,0.05667986075078846
-83.5,5.5,10025,0.19874860251865978,NA,0.20929675767317807,0.07665903626801492
-82.5,5.5,10026,0.06329387833072578,NA,0.05252034952214669,0.027076600552333335
-81.5,5.5,10027,0.09150973711046316,NA,0.05948283716296891,0.03905554951553927
-80.5,5.5,10028,0.05506796892529209,NA,0.08603569214000961,0.04816907697296441
-76.5,5.5,10029,0.014900071838110044,0.029741345376308733,0.02595353076543032,0.013765672421153582
-75.5,5.5,10030,0.026150176644469433,0.020210592020367624,0.022167351794292252,0.026642640135415906
-74.5,5.5,10031,0.040488078626362285,0.026228009346257714,0.01557221741541866,0.022102021467349506
-73.5,5.5,10032,0.02913391998692076,0.043504174975911504,0.024424950679638992,0.02242527166561362
-72.5,5.5,10033,0.04263153816067611,0.12440674246911301,0.023013770413889592,0.016451151785553744
-71.5,5.5,10034,0.042869779006104995,0.08828191996835427,0.03855654062701,0.01915486418853534
-70.5,5.5,10035,0.03838340846650171,0.09084647810363429,0.07381398366600023,0.03654159785055542
-69.5,5.5,10036,0.06319172215932098,NA,0.10795662259580976,0.04693760310810742
-68.5,5.5,10037,0.12629855298960088,NA,0.21688712892442955,0.13564480223807368
-67.5,5.5,10038,0.23746426766393694,NA,0.2263786260647792,0.13869854842118656
-66.5,5.5,10039,0.18238078320754236,NA,0.2334794345846505,0.1408730473990712
-65.5,5.5,10040,0.1793583943271524,NA,0.12891363158987212,0.09869040524513151
-60.5,5.5,10041,0.06957797559705661,NA,0.20588121941646517,0.08141083592744643
-59.5,5.5,10042,0.0922894198760663,0.20854004580650376,0.25349065983514524,0.15988593754785974
-58.5,5.5,10043,0.095170417506566,0.1742812067248882,0.1865913041113204,0.2684988443778387
-57.5,5.5,10044,0.21008060865279787,0.2990798001923771,0.40401088492831927,0.6472615487171843
-56.5,5.5,10045,0.37846396546955646,0.32381704393425487,0.44749742826613526,0.5154599967163029
-55.5,5.5,10046,0.3338430365954445,0.23226870980991202,0.2970981243602155,0.32450727871876356
-54.5,5.5,10047,0.13994297555936325,0.2762463052943403,0.15116973952058407,0.22596405808013428
-53.5,5.5,10048,0.08509420212311306,0.27226537308074716,0.13741418741563488,0.23121347271327441
-52.5,5.5,10049,0.19613501637605177,0.43279550039964865,0.30702197243085033,0.4487964108856201
-51.5,5.5,10050,0.10684916956971223,0.4920527365991833,0.1674701781491226,0.31433682009056446
-50.5,5.5,10051,0.1307384317921421,0.3653562542525739,0.2831349935426651,0.32057246943557494
-49.5,5.5,10052,0.14465229706135113,0.4269773918604149,0.23312942489366764,0.429073613074894
-48.5,5.5,10053,0.13301995233992697,0.6017515056722694,0.23504833740842337,0.46800894632243384
-47.5,5.5,10054,0.11083207322689619,0.4455698537496758,0.26680596498738157,0.3477289972643057
-46.5,5.5,10055,0.15829560866535586,0.6228153026784595,0.3800941955427007,0.5641258397030977
-45.5,5.5,10056,0.17879657115188616,0.572169118195624,0.4889274748941298,0.5787472379008429
-44.5,5.5,10057,0.15491607894614728,0.6383100326340331,0.5458130417975254,0.6231664410207833
-43.5,5.5,10058,0.14038780568137033,0.4905090967905927,0.4812879110034195,0.7053749644346989
-42.5,5.5,10059,0.14760164074131796,0.41524590535957945,0.42983861379122823,0.6583300754468875
-41.5,5.5,10060,0.1331468146793823,0.4934696171617565,0.2405816362494777,0.7137883902506568
-40.5,5.5,10061,0.14850221641648134,0.4821910674792518,0.2240056635805912,0.5440852393485454
-39.5,5.5,10062,0.13986887443844834,0.2724409260506709,0.2016587509214819,0.41811606008361774
-38.5,5.5,10063,0.13067859666962683,0.2514779371357844,0.26854518923885673,0.542676230105384
-37.5,5.5,10064,0.14116302606386769,0.22462551304507072,0.21249124674874595,0.50375545599678
-36.5,5.5,10065,0.1139103670228129,0.18452742371844919,0.3145367363172874,0.5099052244174868
-35.5,5.5,10066,0.12396092880403867,0.22122777021959877,0.3807680194234832,0.6356955348450466
-34.5,5.5,10067,0.14572552194524896,0.19640506986994308,0.29323375545322933,0.46341140685113313
-33.5,5.5,10068,0.10955043200516568,0.20846814362971475,0.33844941711763155,0.6230209751165939
-32.5,5.5,10069,0.08529260353119467,0.1979485401380239,0.26466099569407014,0.5415438287525377
-31.5,5.5,10070,0.05559662768228789,0.16638375084466425,0.24098166169645915,0.5450524195742585
-30.5,5.5,10071,0.05516750997056499,0.19031804233802777,0.28824992129614246,0.4920117578376278
-29.5,5.5,10072,0.06647302696163924,0.2111623967969471,0.32990255751016817,0.5561703265529632
-28.5,5.5,10073,0.0644705336403427,0.21107663199504406,0.3188569652982314,0.563896209141173
-27.5,5.5,10074,0.06607040309349162,0.14986447405383507,0.27172461200912945,0.4687086318770027
-26.5,5.5,10075,0.05121412567853521,0.14502421586085457,0.2559249964188803,0.2003678372905519
-25.5,5.5,10076,0.0722817419493343,0.17381988406049015,0.19972534378572565,0.42157494102158033
-24.5,5.5,10077,0.06056817900722119,0.10067591639264711,0.16282081595880535,0.3294182595918386
-23.5,5.5,10078,0.06335864836583995,0.11508616067014454,0.16284939477664406,0.318666840796208
-22.5,5.5,10079,0.06916706134601436,0.09629830229509623,0.12431461919567942,0.1411220783920479
-21.5,5.5,10080,0.06746787337439396,0.09571451437213867,0.13634728216390596,0.18765732386969608
-20.5,5.5,10081,0.07993939360809432,0.11002201112012157,0.15796367676883716,0.1934159846979587
-19.5,5.5,10082,0.08559891643678626,0.11312840381441358,0.16076331769938998,0.20074668423581007
-18.5,5.5,10083,0.08651162420503883,0.1034325231453648,0.18975538960171215,0.18989007938656818
-17.5,5.5,10084,0.0951710501863362,0.13168151369888717,0.13814030440483077,0.17292914929575232
-16.5,5.5,10085,0.11905144551706086,0.19241542769191175,0.1368989645356221,0.16089867171774844
-15.5,5.5,10086,0.10949703428974034,0.11178144100826441,0.10453949750867501,0.1292200198372851
-14.5,5.5,10087,0.11155621968343821,0.11453060136877709,0.18102217080021737,0.1150218397807591
-13.5,5.5,10088,0.10082149348991758,0.10893569454878782,0.1014512771424929,0.11170718576109281
-12.5,5.5,10089,0.10850734404122396,0.15362137746928656,0.1079837436752977,0.09376836647556339
-11.5,5.5,10090,0.11105117646039987,0.12300668636983664,0.13602194748182936,0.07696688278390831
-10.5,5.5,10091,0.09858796621039059,0.11852500860858675,0.10629953261971985,0.08021593259295917
-9.5,5.5,10092,0.11492722072009263,0.150210001279886,0.18041394489067114,0.08760641609547928
-8.5,5.5,10093,0.12259982641279658,0.14915240631113483,0.15516934941113425,0.09165795936886217
-7.5,5.5,10094,0.14699223011269055,0.1640875321544745,0.1311127411593178,0.08806642893555078
-6.5,5.5,10095,0.1855822887620034,0.1380265576000422,0.11005422136800222,0.08299483681023803
-5.5,5.5,10096,0.16130854729436794,0.13610168031455921,0.09457191835305355,0.08764839466915171
-4.5,5.5,10097,0.19218149123749212,0.15596911169086614,0.08344679062462373,0.0779448354937975
-3.5,5.5,10098,0.2498893812155859,0.22420037930143868,0.10181172157599956,0.10008474013086414
-2.5,5.5,10099,0.43953852139084876,0.167458827171288,0.0994624253186902,0.09398449838580615
-1.5,5.5,10100,0.33332599563050697,0.1538188401118571,0.10222054218931148,0.10460677758292843
-0.5,5.5,10101,0.3477358166665478,0.1608286411911118,0.09877422150456346,0.09896121297835382
0.5,5.5,10102,0.3631131438301165,0.16846068058115424,0.11289889911251581,0.1175111308861014
1.5,5.5,10103,0.24216991374753824,0.14681524598428103,0.07246756379061586,0.09367243313045204
2.5,5.5,10104,0.2351388950537003,0.15869490932951308,0.0884955329525233,0.0888471605069397
3.5,5.5,10105,0.29327404511220007,0.21209519472241603,0.1890787348412886,0.11551049736107843
4.5,5.5,10106,0.2660056902517916,0.2583184231023991,0.13348702388157171,0.11581336066501156
5.5,5.5,10107,0.33713969664846244,0.3023750439194512,0.16823051564648375,0.1635065677052463
6.5,5.5,10108,0.22177256266574832,0.23102025734797968,0.09567261239623545,0.14801607712250187
7.5,5.5,10109,0.32356275197487455,0.29684760899114815,0.12838878959618752,0.21743817115758624
8.5,5.5,10110,0.3057737875387427,0.24388551694556523,0.11212804528504802,0.16774789227868736
9.5,5.5,10111,0.2960817375993147,0.23139787405069578,0.1028172365976336,0.16130621336033296
10.5,5.5,10112,0.31662698764320985,0.28793608809684035,0.1563785324013925,0.19788228390183346
11.5,5.5,10113,0.23059301361041193,0.20278504187573151,0.1455628606000265,0.18573696977344986
12.5,5.5,10114,0.24535187772947725,0.22439817121202857,0.15884440101824734,0.1909255284974467
13.5,5.5,10115,0.23998826410464438,0.22826724834041104,0.15672858594248149,0.1952457106152053
14.5,5.5,10116,0.25882709888008376,0.2452144745004283,0.1598574153574703,0.20974611615470853
15.5,5.5,10117,0.2813409497349247,0.27118976768084274,0.17568971428588517,0.21909981321532443
16.5,5.5,10118,0.2653688741358201,0.3077555730246375,0.18548866548600662,0.21325514862864892
17.5,5.5,10119,0.23144691969716963,0.4735106471208297,0.20180895199589483,0.3166919913942868
18.5,5.5,10120,0.18354717774530196,0.5502777025045523,0.2040373656026117,0.2846018014974338
19.5,5.5,10121,0.1898011447176171,0.6139523848582848,0.19667995878830202,0.2670944793737136
20.5,5.5,10122,0.2124766640710083,0.5946244971979291,0.24212099630968995,0.2954250257555667
21.5,5.5,10123,0.208413295502189,0.5157773827169632,0.2723395413009379,0.26713281608520234
22.5,5.5,10124,0.23024403784243996,0.38528768011909226,0.26227580735786143,0.2697457910253612
23.5,5.5,10125,0.24102889534538258,0.36753168939844416,0.26121988023780196,0.24626884097996496
24.5,5.5,10126,0.2291406163646701,0.36675089603817623,0.27168435935938234,0.27011288814491957
25.5,5.5,10127,0.27194925573962625,0.40837082728158497,0.32171689305496826,0.2866488332294658
26.5,5.5,10128,0.2269616511118812,0.38333686831579256,0.28166871612022576,0.26464367163136254
27.5,5.5,10129,0.15810204176606604,0.2909569014173169,0.2036682012564291,0.155602940650343
28.5,5.5,10130,0.1365191994336645,0.2492307076475341,0.19311272184710673,0.14238655180765622
29.5,5.5,10131,0.0934865298110931,0.18882097145924673,0.16374398956033184,0.12042831649792897
30.5,5.5,10132,0.08418988960748017,0.16534657487026583,0.13915928914203068,0.10315685638706516
31.5,5.5,10133,0.07489479650442285,0.15628753273231785,0.16399696613331982,0.09629355000026335
32.5,5.5,10134,0.08102737747750713,0.17069487440157588,0.13489313357385585,0.10026488679910481
33.5,5.5,10135,0.06718924906138074,0.14733167171911096,0.10731595250936864,0.08163115261030743
34.5,5.5,10136,0.0690929717799036,0.13893216910898626,0.10015318740838661,0.07738369481450383
35.5,5.5,10137,0.05981494070289798,0.1020774407105034,0.10154218429199727,0.06993097920842979
36.5,5.5,10138,0.0641202598235862,0.10273849568695445,0.09755083153344334,0.06541226158212007
37.5,5.5,10139,0.07020667253339605,0.12551399764092125,0.10729228926946174,0.07533624832924851
38.5,5.5,10140,0.06858963267993085,0.11378853942172379,0.10108333112065818,0.07341061286060852
39.5,5.5,10141,0.060952517514976386,0.11059341908195254,0.10659187622175734,0.06641623197110696
40.5,5.5,10142,0.058609791473732166,0.0943686864250758,0.09358980058295491,0.0686717523487128
41.5,5.5,10143,0.07747656654820834,0.0775302310644938,0.09770102298528514,0.066526280678745775
42.5,5.5,10144,0.07213945133550621,0.07905052269134293,0.0944147749838576,0.05960229551908856
43.5,5.5,10145,0.06130595891976915,0.09180943573989461,0.08718152065526474,0.059372287025386404
44.5,5.5,10146,0.05663165429175212,0.08956472260809736,0.08807223619237275,0.05861827571994997
45.5,5.5,10147,0.057863601355605136,0.08895813933586505,0.08191296961652228,0.05607348128717046
46.5,5.5,10148,0.07018975346647686,0.09379942326887511,0.07764656488642761,0.05693321638225707
47.5,5.5,10149,0.07475675713004627,0.14108948234401752,0.07472571619370681,0.060413049220868056
48.5,5.5,10150,0.0752299222759125,0.12950563876796595,0.09233986871678769,0.05831797359335772
49.5,5.5,10151,0.07946761471220572,0.14348498245096553,0.0832110066905219,0.06963347596749513
50.5,5.5,10152,0.08126006107358447,0.14932966314067558,0.08629776030251138,0.06471463307362432
51.5,5.5,10153,0.07979857031595369,0.15186051253834645,0.07900944571513223,0.0625781383760031
52.5,5.5,10154,0.09303354019399787,0.15782396342510172,0.0791990042776057,0.056813476232806345
53.5,5.5,10155,0.08486043792251823,0.1353780809537745,0.07565338528277768,0.05017979905468885
54.5,5.5,10156,0.09157599374110952,0.1385701464946633,0.07437275870177039,0.05101329048986952
55.5,5.5,10157,0.09537646789757359,0.14642773890588445,0.07786382526231587,0.04680516513186594
56.5,5.5,10158,0.08652504662598715,0.17589392515216717,0.08034330756529445,0.04519942053320572
57.5,5.5,10159,0.08238578726984393,0.15105070155814934,0.08561686405051266,0.04213600854840452
58.5,5.5,10160,0.07991934343488746,0.14245979947818269,0.09042537450283882,0.0446550585573058
59.5,5.5,10161,0.07822643000930934,0.14152823577025728,0.09394928583544575,0.045821397503850766
60.5,5.5,10162,0.07459434427850953,0.15036606945204467,0.09619271876755182,0.041311875361689857
61.5,5.5,10163,0.07569089216645812,0.16830042606336632,0.09789045800884502,0.04199775899565423
62.5,5.5,10164,0.0804098494977046,0.18464726612673055,0.0841166238186259,0.0408910948510584
63.5,5.5,10165,0.07765845772628935,0.16037051116307252,0.0830398114249049,0.05183310838521783
64.5,5.5,10166,0.07581379424229835,0.14052309459326626,0.06391988700979412,0.07057081410240142
65.5,5.5,10167,0.09888722010303777,0.15486400421882757,0.08176737823725302,0.07728069299128588
66.5,5.5,10168,0.11911901702091428,0.1780350554525781,0.1049055501299444,0.07858494181407283
67.5,5.5,10169,0.1161553469340184,0.2063503204979978,0.1228441690357783,0.06270130532784784
68.5,5.5,10170,0.11954053283256455,0.1768521561262318,0.11106355662281626,0.05732037284656914
69.5,5.5,10171,0.11867987368638508,0.17304298778503327,0.12160480651366694,0.06030067673568525
70.5,5.5,10172,0.11013944477988592,0.18304969034742904,0.15656963287493908,0.07199825559902792
71.5,5.5,10173,0.09085192410555415,0.20289520572008343,0.0870446487666584,0.12012560043124847
72.5,5.5,10174,0.07136463765211376,0.22376818471769647,0.09299775098519494,0.12589972245081352
73.5,5.5,10175,0.08155611147216899,0.1775851661915563,0.09699845381669364,0.14173525379434646
74.5,5.5,10176,0.054317452696200225,0.10977064391460073,0.09335049884190945,0.1048411158985943
75.5,5.5,10177,0.05744834514981715,0.0747050817136525,0.08347019725901646,0.07462614165701982
76.5,5.5,10178,0.05897638958858531,0.06994263075144172,0.0709107228205375,0.12275539382583957
77.5,5.5,10179,0.06145519587736519,0.08081993118031534,0.09834365467384762,0.05261521460292413
78.5,5.5,10180,0.06426582006723784,0.06655137699226561,0.09001725448373238,0.051299259649796064
79.5,5.5,10181,0.07196972278872905,0.06940922840779278,0.1056014978084126,0.0530242830995703
80.5,5.5,10182,0.11360574906550935,NA,0.24962754485988983,0.06448345828526127
81.5,5.5,10183,0.08334982506201034,NA,0.11687304577105645,0.07997160565033508
82.5,5.5,10184,0.10021384660482177,NA,0.10774115426025424,0.08675034442902559
83.5,5.5,10185,0.11174678979487891,NA,0.1465952461343209,0.09795153386132201
84.5,5.5,10186,0.09963755018485873,NA,0.16289425867762533,0.11851922355431545
85.5,5.5,10187,0.11611298048235372,NA,0.206396998124691,0.1277439588871035
86.5,5.5,10188,0.16177769878692436,NA,0.1958613771649954,0.1570998568657074
87.5,5.5,10189,0.2193180886898439,NA,0.19638810963741354,0.15988218668802762
88.5,5.5,10190,0.301365643657883,NA,0.18042075341454192,0.16296065665816614
89.5,5.5,10191,0.26899611508735943,NA,0.15974804494058867,0.14646217150017002
90.5,5.5,10192,0.32894896154817543,NA,NA,0.168862545817508
91.5,5.5,10193,0.3126433941155772,NA,NA,0.23292215961363522
92.5,5.5,10194,0.12162217021487322,NA,NA,0.23423063613911108
93.5,5.5,10195,0.15921484737780942,NA,NA,0.26829411876289155
94.5,5.5,10196,0.13895004660396149,NA,NA,0.3139568906334017
95.5,5.5,10197,0.2077742865588659,NA,NA,0.27908502200651364
96.5,5.5,10198,0.21838287064865555,NA,NA,0.2274258470018744
97.5,5.5,10199,0.2384999907791796,NA,NA,0.2506953469622519
98.5,5.5,10200,0.20714894954296686,NA,NA,0.20249129847206834
99.5,5.5,10201,0.24064612876766517,NA,NA,0.2411907027316344
100.5,5.5,10202,0.21450992270391286,NA,0.206791328016993,0.3758460600189332
101.5,5.5,10203,0.21758598705702584,NA,0.15352818102629887,0.23980880197800242
102.5,5.5,10204,0.12814860181646712,NA,0.26966279478329047,0.1703039474136221
-119.5,6.5,10216,0.015536656485940251,0.06392152353798392,NA,0.02333609759903357
-118.5,6.5,10217,0.01363462921396828,0.05696184947105069,NA,0.024486162474921906
-117.5,6.5,10218,0.01906951367271495,0.07637141336829699,NA,0.025668059181501182
-116.5,6.5,10219,0.024744675181346373,0.07277414073736939,NA,0.03244778260219087
-115.5,6.5,10220,0.03454491667266092,0.08861484994180936,NA,0.04430593319984017
-114.5,6.5,10221,0.051707935122193543,0.16590148649719483,NA,0.04823506849050538
-113.5,6.5,10222,0.04991503369837969,0.16139932696337664,NA,0.04946462072466477
-112.5,6.5,10223,0.05200981673584822,0.162338000797083,NA,0.06449504442247467
-111.5,6.5,10224,0.056525134390823295,0.20047792556832658,NA,0.05567642141191934
-110.5,6.5,10225,0.08293680293350864,0.2054947461612139,NA,0.056714595127720445
-109.5,6.5,10226,0.1149702431255311,NA,NA,0.0555704401397838
-108.5,6.5,10227,0.15862211447345176,NA,NA,0.059008257146306975
-107.5,6.5,10228,0.17529173994777283,NA,NA,0.06133319461793827
-106.5,6.5,10229,0.2328965930560613,NA,NA,0.05137955620024151
-105.5,6.5,10230,0.1931209321228598,NA,NA,0.10293125620502593
-104.5,6.5,10231,0.22664997424036681,NA,NA,0.09438430502971794
-103.5,6.5,10232,0.2323099073032894,NA,NA,0.1335322975437002
-102.5,6.5,10233,0.2548779830986608,NA,NA,0.12061380242894226
-101.5,6.5,10234,0.2584714394802142,NA,NA,0.1558512488033572
-100.5,6.5,10235,0.22554189888690504,NA,NA,0.15557280633648066
-97.5,6.5,10236,0.2509156176368861,0.20985492610102083,0.23173364046644507,0.23175501754786923
-96.5,6.5,10237,0.10221224110156794,0.19765058529696808,0.13744184286706973,0.1797707098083854
-95.5,6.5,10238,0.1517587364467402,0.24537995173062405,0.20264807008129243,0.16535790007150764
-94.5,6.5,10239,0.1741971409070085,0.16813223489209295,0.1586981218035911,0.10217718194342179
-93.5,6.5,10240,0.16502747773076154,0.15535472886047977,0.07409173855786687,0.1331666884211319
-92.5,6.5,10241,0.38655953455718844,0.13558469635461434,0.05343502103165049,0.1356572284398812
-91.5,6.5,10242,0.28771583486491065,0.11034482371876576,0.0643858777551129,0.1232875357321194
-90.5,6.5,10243,0.17799837625705708,0.05536243785170101,0.027656388066361386,0.1725441305350606
-89.5,6.5,10244,0.15207797484768776,NA,0.04691946256059951,0.19289881154086183
-88.5,6.5,10245,0.13439547971559082,NA,0.04473216621792684,0.19935529657466702
-87.5,6.5,10246,0.10273232510213215,NA,0.049789161935497164,0.1586568076784712
-86.5,6.5,10247,0.10276291869860497,NA,0.06088572724306512,0.14685787505368106
-85.5,6.5,10248,0.13089925285816614,NA,0.04167459401530345,0.05958252606441657
-84.5,6.5,10249,0.07747222063254815,NA,0.047452749862697936,0.04326641609131109
-83.5,6.5,10250,0.14592653031010877,NA,0.057532324784569135,0.11104166910720743
-82.5,6.5,10251,0.13772226659330394,NA,0.13554441695435243,0.11230478552660472
-81.5,6.5,10252,0.05595220541879476,NA,0.057965686949222515,0.04104340563071152
-80.5,6.5,10253,0.054304953533047866,NA,0.13217938558400397,0.0602077244018831
-77.5,6.5,10254,0.007937477468037494,0.0510003345656646,0.03285479605703977,0.010359601431264819
-76.5,6.5,10255,0.03333572722076165,0.07096049449586873,0.018146510700068733,0.03285964238640208
-75.5,6.5,10256,0.029833447038973962,0.02157775553197823,0.01602542877698012,0.0363587284460796
-74.5,6.5,10257,0.02956421698028796,0.05353248735908338,0.019887609772760963,0.020703220177985687
-73.5,6.5,10258,0.0219443047448004,0.04920340873204194,0.01771788084427076,0.01607709498226732
-72.5,6.5,10259,0.027755452971559697,0.08931517623748415,0.023107335258777197,0.02126844808884446
-71.5,6.5,10260,0.045100630463432725,0.08026967262690703,0.028394864901435425,0.018147099771072244
-70.5,6.5,10261,0.11140807230058913,0.2062965947964439,0.10416439245652014,0.04426082350286844
-69.5,6.5,10262,0.12721533556261214,NA,0.13536830901592767,0.13675855519204672
-68.5,6.5,10263,0.08197968350494395,NA,0.15034725494407522,0.08419453827418488
-67.5,6.5,10264,0.1497484304753264,NA,0.2422355078487494,0.14397191385558208
-66.5,6.5,10265,0.15376151561946882,NA,0.22170565353303612,0.14481753034100445
-65.5,6.5,10266,0.17077454381548057,NA,0.3173639779512658,0.12341800585987886
-64.5,6.5,10267,0.16129849093893422,NA,0.11137082807047284,0.10522625482459344
-61.5,6.5,10268,0.03966673713885978,NA,0.11538982056140107,0.2014435318699353
-60.5,6.5,10269,0.1300949767948991,NA,0.21724666741901394,0.4565718017547877
-59.5,6.5,10270,0.118353696242235,0.2846211342795202,0.30110884419807343,0.3470518633144101
-58.5,6.5,10271,0.03880044944626918,0.06391544896964366,0.1143911928449531,0.11640579718766333
-57.5,6.5,10272,0.10104566821500602,0.1880955999365918,0.32925936348668355,0.36545115048125576
-56.5,6.5,10273,0.5147299450932582,0.6211825074270751,0.6806262326078281,0.5569642913469288
-53.5,6.5,10274,0.22201155152323157,0.22075558770040193,0.16680121025595682,0.3550428329942086
-52.5,6.5,10275,0.10561532239187121,0.3022370446472729,0.16790305213504625,0.3101224162149908
-51.5,6.5,10276,0.08303380611189412,0.23174962871051583,0.12186908234302307,0.31927620393615824
-50.5,6.5,10277,0.08848954728248729,0.46932824281875635,0.13033461781435138,0.2579137564325244
-49.5,6.5,10278,0.1314341841865271,0.5746078623621553,0.1688649390971537,0.29708794774167296
-48.5,6.5,10279,0.1107270161474846,0.4131769966420181,0.2992729346564415,0.2943023251508517
-47.5,6.5,10280,0.11397952245888036,0.5184673038912625,0.408871602804299,0.45145788022670863
-46.5,6.5,10281,0.12162326398399538,0.4837140807914144,0.4034843051792566,0.5724107000814711
-45.5,6.5,10282,0.13112301541520127,0.6631574356326011,0.4393251312703658,0.5984981704032009
-44.5,6.5,10283,0.15435113760447594,0.5247736041220986,0.3777392680289573,0.539866607101806
-43.5,6.5,10284,0.13488637031342873,0.4538806777294109,0.39941720882241266,0.5652487085768623
-42.5,6.5,10285,0.10743502095934068,0.44619067776816285,0.23703164546938327,0.6651965971178044
-41.5,6.5,10286,0.10356379586064524,0.47062825973540146,0.36675734011464817,0.6407293667928186
-40.5,6.5,10287,0.09401035456199006,0.4593025863657611,0.39240499391106776,0.6572807343447791
-39.5,6.5,10288,0.07534874785677136,0.30604041573442775,0.21918372301851857,0.46826038488737903
-38.5,6.5,10289,0.06876829938692859,0.27941143251095374,0.22190912446936006,0.5964139653309174
-37.5,6.5,10290,0.05934915641272406,0.20986483893187297,0.390024345860229,0.5798710283650743
-36.5,6.5,10291,0.052140744397756685,0.16996494047370347,0.30515232090039596,0.5308372435412329
-35.5,6.5,10292,0.05466169276584157,0.17803266435010398,0.41148815426329793,0.5434952746433077
-34.5,6.5,10293,0.051905221132935886,0.1951445701254569,0.2633016665453656,0.5516459814161749
-33.5,6.5,10294,0.05833015261977107,0.1957988330003013,0.3587854648638539,0.6013639143844826
-32.5,6.5,10295,0.05837087953039917,0.19549551199996867,0.41358908183537635,0.579469841926448
-31.5,6.5,10296,0.04962199826506951,0.20691089504324456,0.5149336967611857,0.5680178743486617
-30.5,6.5,10297,0.07362587585059376,0.20795356098563117,0.4895166401460029,0.6100830424117752
-29.5,6.5,10298,0.06654532176739239,0.1887064537448416,0.3544073497326953,0.5714003237596914
-28.5,6.5,10299,0.0713677504301786,0.18697307202420807,0.30881207483144596,0.4614744394565185
-27.5,6.5,10300,0.054507598900394694,0.09628365929001259,0.1949926414559828,0.30829734706496287
-26.5,6.5,10301,0.06199820053893538,0.07901051057848438,0.16397320219917721,0.17414166374514684
-25.5,6.5,10302,0.067811959504638,0.07625869937166742,0.18584229201922825,0.26026135549150087
-24.5,6.5,10303,0.061369744183895555,0.08355959719518813,0.17802410913941055,0.18637986527015332
-23.5,6.5,10304,0.062447075427185604,0.1204116765897561,0.20214978445018864,0.3317836396834665
-22.5,6.5,10305,0.06219715745181483,0.10258613478735537,0.12362315936235231,0.2773057632106808
-21.5,6.5,10306,0.07114089963206446,0.09058676991750386,0.10860741407537067,0.15632192918579055
-20.5,6.5,10307,0.10797809286392752,0.10609037991347163,0.1324486722869614,0.15874850952348193
-19.5,6.5,10308,0.10031686325057952,0.09365732334296603,0.13413103259131615,0.14114798789460106
-18.5,6.5,10309,0.11151724438982054,0.09145001810218567,0.060729015707005084,0.12820935775332523
-17.5,6.5,10310,0.09926048107495686,0.10130797849498378,0.059057611246762516,0.14667646876037677
-16.5,6.5,10311,0.10169415374607209,0.10091807752712956,0.06800246730952696,0.10913155455646739
-15.5,6.5,10312,0.10042795824319856,0.0875919374885543,0.049088072055700004,0.1381713774605853
-14.5,6.5,10313,0.08528134347467445,0.08501091651849806,0.04998719361105083,0.07430683733713357
-13.5,6.5,10314,0.07097481221356786,0.08821627929531138,0.0671284468227879,0.06285228063741237
-12.5,6.5,10315,0.07526775689290664,0.09759849133616585,0.06980052209165008,0.07327520385276164
-11.5,6.5,10316,0.09824750352377958,0.12667452809906482,0.12591874761493083,0.09040938141821483
-10.5,6.5,10317,0.10285625883443648,0.13605957530629614,0.133809144534662,0.10348272902048798
-9.5,6.5,10318,0.0961743861473451,0.11752396717332896,0.12850378689145275,0.08520254096066612
-8.5,6.5,10319,0.10658379464263698,0.12123205544039614,0.1113890345477027,0.075477498403218
-7.5,6.5,10320,0.1249949869542549,0.13208678172919674,0.15572677127083873,0.07964783202615056
-6.5,6.5,10321,0.15265863139009095,0.10976128629637363,0.13585383000870746,0.07058879888487063
-5.5,6.5,10322,0.22106764034757348,0.09312801544940688,0.09112856139579754,0.08579614218243002
-4.5,6.5,10323,0.23535290249392324,0.08879510008244952,0.0941652700681742,0.0914833714950664
-3.5,6.5,10324,0.26151229481718974,0.10451070764055552,0.11662143358996759,0.09095443929246827
-2.5,6.5,10325,0.22832239430799375,0.09824309815573067,0.08932905968188695,0.07434982319347168
-1.5,6.5,10326,0.24852805887590093,0.14535580006691118,0.08990577514469886,0.07614731515751515
-0.5,6.5,10327,0.22808508225916654,0.12982080642780472,0.08814403128030435,0.06454697861897944
0.5,6.5,10328,0.2362915139755654,0.11462199480811501,0.0771926749596179,0.05557381746042697
1.5,6.5,10329,0.22243628906878354,0.08522131524133754,0.09484713207779957,0.058784966069671554
2.5,6.5,10330,0.2731752338006392,0.11962498155090616,0.0769073713900711,0.0713815105666093
3.5,6.5,10331,0.3658816653209293,0.11287502938602259,0.07939448279723899,0.06482180479109932
4.5,6.5,10332,0.44394085542204836,0.17147496191732897,0.08367741066120739,0.06945889491355142
5.5,6.5,10333,0.47901757349246193,0.18683978472718324,0.09051174259817929,0.07111933551996064
6.5,6.5,10334,0.440462474798394,0.20097460422879435,0.10908666458944943,0.07271570469363065
7.5,6.5,10335,0.43231855291893423,0.1949379186140903,0.10300653954622396,0.05627808319599714
8.5,6.5,10336,0.5350921237848374,0.22775342569852688,0.10338795633756459,0.05324493399207606
9.5,6.5,10337,0.5264692373238734,0.21980506224018942,0.12967568111389252,0.06148272965416739
10.5,6.5,10338,0.5885822191026202,0.26760650186126883,0.20351018345568775,0.0828561267834307
11.5,6.5,10339,0.5061989025161008,0.1846172505895503,0.15642171777656289,0.07940258354703933
12.5,6.5,10340,0.43802042930335777,0.19502222364695698,0.16529967192164563,0.08719911571023077
13.5,6.5,10341,0.48980208646018686,0.23411009770175598,0.1750807033576942,0.09749618404749576
14.5,6.5,10342,0.47440887221421335,0.2597786336613205,0.1796918622354945,0.10281433145701062
15.5,6.5,10343,0.37187235877808733,0.23655297926731939,0.20691676862277777,0.09464173980564947
16.5,6.5,10344,0.36498657839748183,0.28593442952495407,0.21129121798822278,0.10645694891529665
17.5,6.5,10345,0.2426487756004139,0.20687272910096152,0.14007204767512169,0.06510289295275014
18.5,6.5,10346,0.22463866717723077,0.32124281994017745,0.25522429822775083,0.09762036122150397
19.5,6.5,10347,0.25144932321020774,0.3016948193798826,0.231261551328385,0.11609318540767727
20.5,6.5,10348,0.2593648978875035,0.3926994229089208,0.228599808355209,0.15151693813196948
21.5,6.5,10349,0.2606764770595102,0.3105505975824717,0.23771065891343096,0.15547134525280237
22.5,6.5,10350,0.2687782365052196,0.3176406519383054,0.22222740161207416,0.16727067240177812
23.5,6.5,10351,0.25230050171220036,0.33734790722353375,0.26770552585193175,0.20736411986292252
24.5,6.5,10352,0.19724599005396182,0.2774147432660049,0.3326961459583907,0.16635039355760406
25.5,6.5,10353,0.19907999376679303,0.2916174896729759,0.3900672448127543,0.1864779892924217
26.5,6.5,10354,0.18047790705045033,0.2517348269998947,0.3030008369947302,0.18594457957945576
27.5,6.5,10355,0.13920674879768608,0.1871419139474485,0.20029073024118765,0.14843633063465336
28.5,6.5,10356,0.13638528772387598,0.1852164575081908,0.2072918581292601,0.1765003924404536
29.5,6.5,10357,0.10061422300871983,0.1415009788112856,0.16845138101037185,0.13384316089313555
30.5,6.5,10358,0.1029850174636252,0.14387342681491583,0.14899079045635918,0.1305899846682813
31.5,6.5,10359,0.09388470643177878,0.13897111436208934,0.15234516449272237,0.11539237225462254
32.5,6.5,10360,0.07496170113569303,0.1293377438023816,0.174399193280069,0.09984135874734011
33.5,6.5,10361,0.06168725555327435,0.11125249742944641,0.14830604317434834,0.09028074090300763
34.5,6.5,10362,0.06552610180136953,0.108445383715575,0.1690157875027583,0.08942411288790826
35.5,6.5,10363,0.055947241238672646,0.09333485875571182,0.14290745881919106,0.08229975712978853
36.5,6.5,10364,0.05333967611398414,0.09678762402008137,0.14299164680118726,0.08016483114837449
37.5,6.5,10365,0.052415921801437566,0.11095509922510793,0.1331258696854493,0.07953466332202729
38.5,6.5,10366,0.05321702854840208,0.1098276683142823,0.12528837518218228,0.07794923187706441
39.5,6.5,10367,0.0547229149058983,0.11498436655369298,0.12124324508732344,0.07829271806211946
40.5,6.5,10368,0.05849132717154194,0.11917218867468242,0.10548641687612688,0.08256513272682665
41.5,6.5,10369,0.066813058107407855,0.14284070160123316,0.12251097483170968,0.09652006954688756
42.5,6.5,10370,0.06897936534123,0.14393127968688132,0.12446857216613146,0.09521530251681128
43.5,6.5,10371,0.06709929188766629,0.14399550355515786,0.11448383215416484,0.07977992039602051
44.5,6.5,10372,0.06485894489059126,0.1750088728488278,0.1084333720028827,0.07967248543791783
45.5,6.5,10373,0.06492417173062212,0.18396332591053197,0.10320711580510182,0.06657046446806186
46.5,6.5,10374,0.07471245452139068,0.19643041929559008,0.09039035825867332,0.060244387154251663
47.5,6.5,10375,0.074406597474708,0.17122029984957232,0.0822563448873915,0.0584248342276906
48.5,6.5,10376,0.10506144511989536,0.1744901956168333,0.07907873913114624,0.055732208517978415
49.5,6.5,10377,0.07387590006925762,0.1801458493513125,0.07736731896205205,0.05347325455662209
50.5,6.5,10378,0.059769747250962416,0.16938309630023857,0.07165175471120137,0.052836485525933806
51.5,6.5,10379,0.05204770551054258,0.15476002212228532,0.07329987937514754,0.05309954131756879
52.5,6.5,10380,0.03998647296113847,0.12691100920043716,0.07517896955126689,0.05320079319561691
53.5,6.5,10381,0.03499497063909287,0.12779152990188616,0.06787614349112589,0.05030162068539089
54.5,6.5,10382,0.037328212579336606,0.12208050180750264,0.07064428616989893,0.04731699474648118
55.5,6.5,10383,0.03550677071581491,0.1068348496920365,0.07768427029854641,0.04735396187228621
56.5,6.5,10384,0.03852558523649902,0.12294183900486134,0.07751014544082466,0.04665527000555253
57.5,6.5,10385,0.038390261991253845,0.11005132378341227,0.10694079518857104,0.05384408305134123
58.5,6.5,10386,0.03756192072641332,0.08227362228962333,0.14324725402324978,0.06839133228273134
59.5,6.5,10387,0.04133984007016935,0.07988269998409159,0.201161366990295,0.057774607165895026
60.5,6.5,10388,0.04159558664693059,0.08988818439749331,0.16027229629147643,0.04099093146151824
61.5,6.5,10389,0.044139729257946736,0.09614210154717519,0.18639095020964508,0.038356531135778235
62.5,6.5,10390,0.04940023423433708,0.10136520792772626,0.17286635531338965,0.03926685512418621
63.5,6.5,10391,0.05117675767329427,0.10896838194303474,0.10745117414970226,0.05919167031555526
64.5,6.5,10392,0.06027843051810787,0.1167423497080961,0.09752359649455405,0.08912430703335034
65.5,6.5,10393,0.06673166480213855,0.14125687383558894,0.10394543147747257,0.08686294671588106
66.5,6.5,10394,0.0676262159558666,0.15832658781160744,0.12137562831735288,0.08332487404315106
67.5,6.5,10395,0.09072348935865837,0.1742447718321796,0.12717102096218505,0.09439921753187439
68.5,6.5,10396,0.10934182216291995,0.2119423058692735,0.12980774174302925,0.11554175254201299
69.5,6.5,10397,0.17975861556187273,0.24399968491964144,0.14044427493969652,0.14942886228022237
70.5,6.5,10398,0.16093143556737147,0.2077689080876253,0.16864304940610475,0.13596344296174656
71.5,6.5,10399,0.1748532657446012,0.22274935219102143,0.21523766492170116,0.3010519541531873
72.5,6.5,10400,0.13690510204634912,0.1680583656705183,0.1701432166318025,0.14270232322850032
73.5,6.5,10401,0.1506850110704302,0.15107576366152062,0.36194936631239333,0.1268113229041409
74.5,6.5,10402,0.15207140914448386,0.12253627397869019,0.18603809419287745,0.10330706171082694
75.5,6.5,10403,0.11762314959696536,0.10546985367270073,0.14659219383653005,0.05665208117687543
76.5,6.5,10404,0.114514679468556,0.10145644777227183,0.1823493559017288,0.05245296365936298
77.5,6.5,10405,0.11715506606040804,0.0971176553046292,0.10671685723271994,0.0474370226224671
78.5,6.5,10406,0.08049729717492887,0.09477769710634137,0.07593963815141126,0.04478898808410595
79.5,6.5,10407,0.07857171214720918,0.07744284964014057,0.07925395026686521,0.04928287566142751
80.5,6.5,10408,0.10444774282036667,NA,0.10705748426546138,0.04644981514720999
81.5,6.5,10409,0.07692585696575525,NA,0.08967292970138567,0.045493933506166276
82.5,6.5,10410,0.08282028771568574,NA,0.09291627171546629,0.06111391872591079
83.5,6.5,10411,0.0713489433188798,NA,0.09278370322696045,0.05291602802175835
84.5,6.5,10412,0.08686268477038644,NA,0.08954877364075166,0.0736307120203535
85.5,6.5,10413,0.07805563381574633,NA,0.0918538911121781,0.07960917432142182
86.5,6.5,10414,0.09779594232808193,NA,0.10829499996622506,0.18369423116811448
87.5,6.5,10415,0.14090742382205912,NA,0.11610289703088754,0.2301203770156403
88.5,6.5,10416,0.40551028099142367,NA,0.21224748321073456,0.20964033839972857
89.5,6.5,10417,0.20235345356357584,NA,0.24706618926354856,0.17412605861588587
90.5,6.5,10418,0.2339686037006755,NA,NA,0.2142446975318194
91.5,6.5,10419,0.18605332059128257,NA,NA,0.32017096153423863
92.5,6.5,10420,0.2330791986737472,NA,NA,0.2585895543320897
93.5,6.5,10421,0.277093918413168,NA,NA,0.21221055823106794
94.5,6.5,10422,0.2677381571418441,NA,NA,0.14568561407721414
95.5,6.5,10423,0.20532800723299896,NA,NA,0.22473550671484757
96.5,6.5,10424,0.2336421125683501,NA,NA,0.25860841246409944
97.5,6.5,10425,0.25824971789075907,NA,NA,0.2713639726042105
98.5,6.5,10426,0.1924000041815576,NA,NA,0.2298048708866488
99.5,6.5,10427,0.30444345633950987,NA,NA,0.2553378596281941
100.5,6.5,10428,0.24764903236653213,NA,0.3787148172858108,0.21582237325108572
101.5,6.5,10429,0.21316816157322638,NA,0.40749861088803585,0.32918147263630076
102.5,6.5,10430,0.24794099076236895,NA,0.20113557841819413,0.15219304666047992
-119.5,7.5,10441,0.01783181737010646,0.06029201439936444,NA,0.02258973130301315
-118.5,7.5,10442,0.017289649882403158,0.06634325567513531,NA,0.022785534398088465
-117.5,7.5,10443,0.018170812564222743,0.06960043122695342,NA,0.022509287357849145
-116.5,7.5,10444,0.017564428696792995,0.05020518687433709,NA,0.025345910259664206
-115.5,7.5,10445,0.027715318907654336,0.06354717814695289,NA,0.02146665492422666
-114.5,7.5,10446,0.0367636378179885,0.0714438174779077,NA,0.04225082947416112
-113.5,7.5,10447,0.042240113346750305,0.10817248575235924,NA,0.0431482650013228
-112.5,7.5,10448,0.09359779993962472,0.2750649176624378,NA,0.05905297527732974
-111.5,7.5,10449,0.07378912533204184,0.2447558808594946,NA,0.06933971567112719
-110.5,7.5,10450,0.0823167052053778,0.25523643176658395,NA,0.06721156698674109
-109.5,7.5,10451,0.08556060324009163,NA,NA,0.054445480574584676
-108.5,7.5,10452,0.07752403078601995,NA,NA,0.05999845881655488
-107.5,7.5,10453,0.11636963308402375,NA,NA,0.059042218262438696
-106.5,7.5,10454,0.13645849853532302,NA,NA,0.08574425987153576
-105.5,7.5,10455,0.2453109947141638,NA,NA,0.09958166423935244
-104.5,7.5,10456,0.1713965302613554,NA,NA,0.14079242185662802
-103.5,7.5,10457,0.3188970982680099,NA,NA,0.17462243729944077
-102.5,7.5,10458,0.14667437315140028,NA,NA,0.13793967127646053
-101.5,7.5,10459,0.307779307336044,NA,NA,0.15208622138823355
-100.5,7.5,10460,0.4417180696805279,NA,NA,0.3367190798965964
-97.5,7.5,10461,0.22035739748959818,0.26222580200950507,0.14438949992286737,0.24828314116050632
-96.5,7.5,10462,0.15514684791491443,0.29095348611067745,0.1277845553938707,0.1411218615114007
-95.5,7.5,10463,0.16444307747485482,0.31228109803556464,0.13063048006597724,0.1417714862910142
-94.5,7.5,10464,0.17434084563104774,0.29177408013137907,0.19172237966801775,0.12045534819246233
-93.5,7.5,10465,0.18468947335489058,0.1770607405906298,0.173796643362094,0.13836641153342988
-92.5,7.5,10466,0.23130063503520237,0.1182312676400158,0.054608478257723886,0.10375521447329407
-91.5,7.5,10467,0.23184846358737363,0.14522875285756154,0.0637469315846721,0.0970698534660097
-90.5,7.5,10468,0.10793451648888987,0.07018524521886571,0.055479615638373815,0.08223566010567768
-89.5,7.5,10469,0.07207472525399393,NA,0.036918320133079364,0.12244017718983483
-88.5,7.5,10470,0.07898387056788533,NA,0.03767345480979011,0.1965621220692147
-87.5,7.5,10471,0.055949547254048895,NA,0.01985699686613109,0.17321361723520662
-86.5,7.5,10472,0.05614122581996232,NA,0.03202933235199642,0.10307163081013376
-85.5,7.5,10473,0.04818568189590437,NA,0.021865461149079727,0.048622069400591016
-84.5,7.5,10474,0.06525348213674667,NA,0.03373047472076041,0.06220510001713665
-83.5,7.5,10475,0.08327118194847298,NA,0.059877085436089446,0.1324730088906137
-82.5,7.5,10476,0.11132134467503467,NA,0.15742964293938863,0.1830070187482419
-81.5,7.5,10477,0.019626340726253733,NA,0.04200175046996102,0.0539876415746188
-79.5,7.5,10478,0.010585467110394922,0.05527230949975096,0.0328771983306651,0.021770339071696815
-78.5,7.5,10479,0.0279953149411836,0.048602729494940544,0.0454369432672195,0.019753408474235148
-77.5,7.5,10480,0.031466871395476395,0.0192326043665307,0.02590570517766919,0.01620954550178876
-76.5,7.5,10481,0.034004853907976966,0.047364568425814636,0.02286825267700602,0.02913733886440178
-75.5,7.5,10482,0.047669153564211024,0.024722569632258558,0.02074098429470223,0.028463420052723183
-74.5,7.5,10483,0.03900448431760327,0.023878348488819756,0.01780533647448643,0.03567198039566728
-73.5,7.5,10484,0.029420285044443238,0.05747589023007093,0.011312571729981355,0.028327101128574998
-72.5,7.5,10485,0.01969206715441018,0.09499821699541905,0.020632783273116774,0.030712126099470854
-71.5,7.5,10486,0.02509877317647473,0.04631365605119043,0.024377293138063152,0.0272811329024487
-70.5,7.5,10487,0.12755189669449532,0.2955661914124868,0.053708264389804014,0.05032686259921902
-69.5,7.5,10488,0.09075287989240191,NA,0.07906631559963208,0.052129136799262635
-68.5,7.5,10489,0.10013859656127673,NA,0.1131416687460454,0.04485867914216551
-67.5,7.5,10490,0.12120340637099314,NA,0.22846135484661378,0.06843334516242991
-66.5,7.5,10491,0.14171967893284013,NA,0.31904593679393634,0.11475137767965038
-65.5,7.5,10492,0.2374567401310209,NA,0.20493305689692523,0.11027609719534927
-64.5,7.5,10493,0.22656184506621843,NA,0.18014864545748235,0.0504252415981512
-63.5,7.5,10494,0.23809973870895473,NA,0.1656503011765153,0.13427830554701692
-62.5,7.5,10495,0.04303700734310218,NA,0.021328849778193545,0.03390844000928894
-61.5,7.5,10496,0.09729659878168395,NA,0.1639574558187012,0.2275333397012244
-60.5,7.5,10497,0.10122905940031135,NA,0.1892487462967453,0.24566734898350542
-59.5,7.5,10498,0.11323585702295821,0.3078857986724359,0.1967447830365071,0.26494100627239736
-58.5,7.5,10499,0.17358461796236455,0.50703397296493,0.26084763426738733,0.35438440391570236
-57.5,7.5,10500,0.0847211207478132,0.07047349877684678,0.09558978171978026,0.1002767629639987
-56.5,7.5,10501,0.3776831904282232,0.2541008609025504,0.30117965770223515,0.32414778665659955
-52.5,7.5,10502,0.3324220055974863,0.4049984599358677,0.17405457813157257,0.5399603001119739
-51.5,7.5,10503,0.09001666629801235,0.41552681071616926,0.24073559874366254,0.3246701123165138
-50.5,7.5,10504,0.08444305464859053,0.3365224433885392,0.13691292767123214,0.27378140399311307
-49.5,7.5,10505,0.11425336249391826,0.3593756785467569,0.24669200359957077,0.2954603556501462
-48.5,7.5,10506,0.08898172796058808,0.43362854684440916,0.19375089633923548,0.3354297603166083
-47.5,7.5,10507,0.09319176030608475,0.39363260142866247,0.20914047075000652,0.4315275777039157
-46.5,7.5,10508,0.09857989908259834,0.5583869891109694,0.1797327652956089,0.563052117642976
-45.5,7.5,10509,0.031969792465718454,0.44998891342892905,0.17236218111836937,0.27100075173212307
-44.5,7.5,10510,0.13953968993126614,0.5854943970350527,0.31475133904354846,0.5537345359887033
-43.5,7.5,10511,0.08666495136895067,0.39628444310230776,0.3315619919274711,0.5223123489454534
-42.5,7.5,10512,0.08085101725149911,0.38056088530716814,0.3244712033413216,0.508617853397454
-41.5,7.5,10513,0.07165849995735663,0.33341052415063,0.3956386192574275,0.4943094332289605
-40.5,7.5,10514,0.07416422245767443,0.41133860756261764,0.25518471920581487,0.451076449746343
-39.5,7.5,10515,0.05955952339307354,0.25950093664665846,0.23633898302683307,0.3770770745812662
-38.5,7.5,10516,0.052903923952181756,0.22001712990867045,0.17255148130932393,0.5074101370963213
-37.5,7.5,10517,0.05451783140341087,0.1860546059861696,0.18688370673791815,0.39389142379952685
-36.5,7.5,10518,0.054706024124282604,0.17812521844712492,0.20768252560016798,0.2971927560370401
-35.5,7.5,10519,0.0486006742638382,0.17044451432835064,0.2111274770969638,0.4072291012261645
-34.5,7.5,10520,0.05090757582899044,0.1404240145738544,0.32579276405740865,0.48225554713053276
-33.5,7.5,10521,0.04340585782478633,0.13715008096443215,0.2836375046277775,0.47146512379938643
-32.5,7.5,10522,0.04507608662880344,0.15911646187185877,0.2375497707766204,0.5192228989245681
-31.5,7.5,10523,0.04450490457409888,0.1667550701630826,0.26827461804848884,0.6112105215288115
-30.5,7.5,10524,0.05265740492276887,0.1773816334069638,0.18463935053902672,0.5113062365197143
-29.5,7.5,10525,0.06044700680297486,0.20981681268152322,0.28449941074912904,0.5016823713704373
-28.5,7.5,10526,0.07704297044600344,0.24455512844319824,0.34363777426402475,0.3993037352505126
-27.5,7.5,10527,0.04983134740627201,0.11713838163778774,0.14803689344234533,0.16849421176470197
-26.5,7.5,10528,0.06909094559373193,0.11343467452628149,0.10348820467590969,0.14117209268843608
-25.5,7.5,10529,0.0552673962188738,0.12057122516500311,0.10012707004398026,0.15030705153401033
-24.5,7.5,10530,0.04813337201477347,0.062347713207615015,0.10258513036554168,0.11308387308471218
-23.5,7.5,10531,0.05635085095268025,0.07419571370784805,0.12896794211411805,0.1399471312763042
-22.5,7.5,10532,0.06744888376715337,0.09523952043969662,0.07625777018870022,0.18254199013183672
-21.5,7.5,10533,0.07864285909625125,0.09452345418067122,0.06561918273497917,0.18088670000479212
-20.5,7.5,10534,0.05619760395035537,0.08161091813335739,0.0875769018154878,0.1311934292828773
-19.5,7.5,10535,0.06744150266829813,0.08366799388672165,0.08401658720900573,0.20560542984068544
-18.5,7.5,10536,0.07498739432323169,0.07465283100486572,0.08620916587114003,0.15195106568012687
-17.5,7.5,10537,0.0791004124634485,0.07875520557832597,0.06953594185415472,0.15516496451914147
-16.5,7.5,10538,0.0650282891124775,0.0643796644442982,0.0655929909263951,0.11621437679534141
-15.5,7.5,10539,0.06565049591618541,0.0630547690712047,0.044313745669742687,0.10632704425725208
-14.5,7.5,10540,0.06335703076905859,0.07177246307699098,0.06440534251249105,0.10387609519211634
-13.5,7.5,10541,0.0657261502606233,0.06442390727584195,0.05093681968732757,0.1028077661054042
-12.5,7.5,10542,0.07236542690847797,0.09972782447017998,0.1532483252061897,0.12596601998810975
-11.5,7.5,10543,0.05915968960558514,0.0531808631624662,0.08460238023997024,0.08502570731920339
-10.5,7.5,10544,0.09156059897334264,0.09324295368093258,0.19628790575100172,0.09580030573406503
-9.5,7.5,10545,0.08590750851325404,0.08805870663165463,0.15453995315749208,0.09655045928198168
-8.5,7.5,10546,0.08806929263278578,0.09393146856618732,0.1327829560758634,0.1002835854922693
-7.5,7.5,10547,0.143669763206954,0.09564529685197627,0.14161410624786389,0.10289791971493514
-6.5,7.5,10548,0.15538613983027522,0.062975950509273515,0.12535646110514162,0.10548665174904628
-5.5,7.5,10549,0.19078624516154138,0.07789341241287241,0.08731931969082445,0.10083567618913457
-4.5,7.5,10550,0.2359673456313132,0.10539188333302255,0.11363950668748549,0.12261135933159684
-3.5,7.5,10551,0.2673711103562318,0.12864998616531056,0.08610629874669856,0.07683740790759644
-2.5,7.5,10552,0.2203499570121773,0.07738766291304391,0.0661826879252415,0.0626745123140988
-1.5,7.5,10553,0.19322686625642577,0.06437711028190511,0.05515020238820429,0.055006264791114534
-0.5,7.5,10554,0.1668311992195048,0.05051261790795079,0.04975619860765831,0.05509994331406469
0.5,7.5,10555,0.13235753045358936,0.04295566975641098,0.051165983721117865,0.04751076441783457
1.5,7.5,10556,0.13752149240599,0.04908193783948745,0.05448233923171785,0.0531854735515408
2.5,7.5,10557,0.11786955995794156,0.04181739676938391,0.05356545527957117,0.049974417370981794
3.5,7.5,10558,0.1426329013243143,0.06108745527152111,0.05047702874504706,0.056358086560805036
4.5,7.5,10559,0.13459802381057534,0.06482723132944314,0.042409597566138144,0.043833005288573944
5.5,7.5,10560,0.15284710610801674,0.08989977913495753,0.044076837228344164,0.046294026364606645
6.5,7.5,10561,0.18202737731664673,0.10904915948155257,0.04843203912509987,0.06670268579581563
7.5,7.5,10562,0.18648356869048444,0.10612889733832576,0.04663030452296887,0.05576713365912188
8.5,7.5,10563,0.2015492184617097,0.09642981425465508,0.0463093824409288,0.037049677045365985
9.5,7.5,10564,0.2805246442297287,0.11687120806218389,0.05757377379749737,0.04332720147768796
10.5,7.5,10565,0.28367146284919986,0.12815822253630865,0.06793356456708947,0.04723662341808875
11.5,7.5,10566,0.2540877239895683,0.11709699252877878,0.07229332330316285,0.05106233804951159
12.5,7.5,10567,0.28704299170413783,0.15807183829594051,0.08414523103996782,0.05557182922666447
13.5,7.5,10568,0.2927203560006372,0.16976996624978535,0.09782564216463038,0.08503057314009264
14.5,7.5,10569,0.28540748653336834,0.15676073763012024,0.10772786170886449,0.06222286399977561
15.5,7.5,10570,0.25818714760596345,0.16937343729138538,0.13835274929069516,0.06542526434051012
16.5,7.5,10571,0.2577350787748462,0.17005995694026121,0.15859680678444232,0.06368174065339281
17.5,7.5,10572,0.26069897961895094,0.18308926947651896,0.17634946675921986,0.06468998813215923
18.5,7.5,10573,0.22485982266251411,0.15247976930620155,0.14194905262304194,0.05547052832925523
19.5,7.5,10574,0.26471652388448313,0.16794060890838686,0.1837911666849445,0.07138651964722031
20.5,7.5,10575,0.2574939045346709,0.19396357374310222,0.21317777453556527,0.06897650656841277
21.5,7.5,10576,0.1933276226716774,0.17862091729716298,0.17046709714911867,0.06271171409966068
22.5,7.5,10577,0.2054188695724295,0.19064884497926918,0.1906896893998328,0.07174269251532425
23.5,7.5,10578,0.1732610810002108,0.1683646426153356,0.14788638090578057,0.06144891555665003
24.5,7.5,10579,0.15550281681483857,0.1800931551069278,0.153784046200242,0.06811188652403144
25.5,7.5,10580,0.12289419174936136,0.18165883098541027,0.12296159277899153,0.07734491763930375
26.5,7.5,10581,0.10434026742970133,0.16680482279664688,0.09973726423025564,0.06893945867059037
27.5,7.5,10582,0.08275832459611508,0.16349667752867544,0.09103992981790786,0.0633302800982215
28.5,7.5,10583,0.07287209568849835,0.1731532667337429,0.07168982157370496,0.06408883571278608
29.5,7.5,10584,0.06748818315992482,0.12905873658626973,0.054234578199026634,0.0645928963212529
30.5,7.5,10585,0.07638701040043332,0.1230031829186776,0.06694556817062339,0.06870017904999455
31.5,7.5,10586,0.06284728068103371,0.10717957915377815,0.0668486620311851,0.06906228428317435
32.5,7.5,10587,0.05412071628097857,0.0852877416568742,0.06331889762695586,0.06599627217659769
33.5,7.5,10588,0.051418437564644204,0.08327074044066524,0.07018807657759174,0.06079524192801396
34.5,7.5,10589,0.050726481876968814,0.08023560409221808,0.08187063952863852,0.055935345020118224
35.5,7.5,10590,0.047856829504350204,0.07654127227722494,0.0829384297810041,0.05029807889093246
36.5,7.5,10591,0.045404579123790735,0.07656172922682786,0.09054480564380227,0.04423501631727257
37.5,7.5,10592,0.04469603658312559,0.07522583730132766,0.0810812967903846,0.041114483670417756
38.5,7.5,10593,0.042659518232604915,0.07791181221846612,0.08797900873830541,0.04130042458886938
39.5,7.5,10594,0.043831280471957806,0.07945040470294938,0.09960605596235177,0.04436526271461255
40.5,7.5,10595,0.045380237650875614,0.08442020251797146,0.10963979059476045,0.0563448295275282
41.5,7.5,10596,0.048021385104988386,0.10199270402089376,0.11481448814868879,0.05883695604751083
42.5,7.5,10597,0.059600843723331215,0.11649774674389658,0.1298091182207052,0.0890580477256142
43.5,7.5,10598,0.051702294892192344,0.10637863058046385,0.1601459049406944,0.09415738014475687
44.5,7.5,10599,0.05264917964307127,0.10773721827338742,0.14941716586829878,0.08446940249885292
45.5,7.5,10600,0.048840106224367075,0.10469629591891362,0.14800231454855162,0.06482532350460032
46.5,7.5,10601,0.04558615588333272,0.10127037278807982,0.18856990377943048,0.06764497490382683
47.5,7.5,10602,0.047538977183847635,0.10629260261324344,0.14303861544489038,0.06421695450447408
48.5,7.5,10603,0.04641279617244266,0.10767950225421846,0.12189503906430485,0.07102080651748137
49.5,7.5,10604,0.05270679290813123,0.12068949923833643,0.1280529655140268,0.08148653256465614
50.5,7.5,10605,0.05064508938030579,0.1330963928511514,0.11952747346082084,0.07469607903115812
51.5,7.5,10606,0.05308488527461562,0.1305876783330234,0.10740568720531864,0.0684054415579588
52.5,7.5,10607,0.07395164484187004,0.13895492506541907,0.1125145515434505,0.06645861822422093
53.5,7.5,10608,0.05665823385277206,0.15511313724911216,0.1186595443281239,0.07371572846794763
54.5,7.5,10609,0.05231534042296811,0.1545077222414686,0.09843794565607865,0.0695278338590476
55.5,7.5,10610,0.05148563701998753,0.11604558566009654,0.09103978190781556,0.0788036129267173
56.5,7.5,10611,0.055823102313293176,0.13216475871904876,0.08306805707023454,0.07759639975994614
57.5,7.5,10612,0.055251302533588356,0.1122360797514492,0.07687376856959907,0.07205529458318392
58.5,7.5,10613,0.05744572583340529,0.11731958899179412,0.0893712408021389,0.07194793095943118
59.5,7.5,10614,0.0635338356722976,0.11488626420770827,0.0908783894314913,0.057524608539120406
60.5,7.5,10615,0.06136512164267716,0.10945779041385428,0.1027899509106881,0.06234212601916613
61.5,7.5,10616,0.06218519850343412,0.11480529705494898,0.09951797787761851,0.07807642255512096
62.5,7.5,10617,0.06900609048831463,0.11170805814497152,0.07917052835002582,0.07707509340829967
63.5,7.5,10618,0.08740538736923482,0.11169373101393645,0.08645114546580418,0.08213459958688037
64.5,7.5,10619,0.08458697902597322,0.12707447310818762,0.10819675497628278,0.08358492331912276
65.5,7.5,10620,0.09118309505050395,0.1405975629596359,0.12256269209986402,0.08662873959628585
66.5,7.5,10621,0.13659785972329005,0.15512781743686688,0.16316383501261822,0.10344100409303852
67.5,7.5,10622,0.16897168432950355,0.1926990123216693,0.2887881530929957,0.20413758673458893
68.5,7.5,10623,0.21685744488794104,0.20025760419633132,0.28284047171002796,0.17718075447468346
69.5,7.5,10624,0.24432515303408706,0.18089374413540765,0.23046192822965722,0.12343527916853864
70.5,7.5,10625,0.2718080776716752,0.18592926473970153,0.226641917516354,0.17888740292145275
71.5,7.5,10626,0.24749711108032701,0.21818600816639114,0.25426588422430296,0.09573567719261938
72.5,7.5,10627,0.21505711898801133,0.24432282766951488,0.18430705524092755,0.0907894333904074
73.5,7.5,10628,0.20701657043374264,0.2231305987247347,0.21615788640070693,0.12663919290603307
74.5,7.5,10629,0.14114414815554466,0.14660558388325723,0.19282733951756403,0.0793078587083877
75.5,7.5,10630,0.124783697334553,0.12436426259817071,0.13999734674159445,0.06567478147886416
76.5,7.5,10631,0.11070217192413268,0.10695284684839697,0.10475896972386811,0.056412586399072234
77.5,7.5,10632,0.11634470649756787,0.10772277306819306,0.08401052339151013,0.044140528910530004
78.5,7.5,10633,0.06650796073477885,0.09169093566291049,0.07744600152382182,0.03351377163327544
79.5,7.5,10634,0.06677380404363574,0.06070243451945335,0.06000521449412672,0.031316037285661055
80.5,7.5,10635,0.06365963216405415,NA,0.06427273066304996,0.03158261635173631
81.5,7.5,10636,0.1002083426781845,NA,0.06545243853700276,0.04881898070148443
82.5,7.5,10637,0.11453097947522832,NA,0.09169360949070667,0.07191321336322865
83.5,7.5,10638,0.05153498010894368,NA,0.11595574825510947,0.13165553029667817
84.5,7.5,10639,0.0381572366923726,NA,0.38821053951949147,0.11135787083351888
85.5,7.5,10640,0.0493394768176192,NA,0.459179987579875,0.10094859028200066
86.5,7.5,10641,0.05749514384516179,NA,0.4130294510430351,0.10578641643184157
87.5,7.5,10642,0.11499398008924354,NA,0.4498325152155907,0.16931264346525057
88.5,7.5,10643,0.20593869158981218,NA,0.41899707086882143,0.1922862967452945
89.5,7.5,10644,0.2076496473211586,NA,0.33613541820930953,0.19585309372747503
90.5,7.5,10645,0.24513921504446673,NA,NA,0.2097299698219094
91.5,7.5,10646,0.3860914915449831,NA,NA,0.2308745172985838
92.5,7.5,10647,0.3785560596765968,NA,NA,0.23338234429276772
93.5,7.5,10648,0.3857292034230214,NA,NA,0.3120975878849748
94.5,7.5,10649,0.2885634385109591,NA,NA,0.2049147439680883
95.5,7.5,10650,0.3485402206513618,NA,NA,0.17309672370419552
96.5,7.5,10651,0.19208171837815544,NA,NA,0.23227530277094
97.5,7.5,10652,0.15749825544812426,NA,NA,0.19778320287547044
98.5,7.5,10653,0.08471791115297866,NA,NA,0.13135860998418342
100.5,7.5,10654,0.3712747336542264,NA,0.2743546809950192,0.2119151018006327
101.5,7.5,10655,0.34858857732741305,NA,0.21489412608263558,0.2493965816608511
-119.5,8.5,10666,0.013849334443114756,0.043236325237029874,NA,0.025672641186357738
-118.5,8.5,10667,0.014545672220325328,0.04483875107981516,NA,0.02468035580244695
-117.5,8.5,10668,0.01470291036047326,0.040315825213873654,NA,0.02051276856942101
-116.5,8.5,10669,0.014922661473297828,0.04533101930150287,NA,0.019992592896520393
-115.5,8.5,10670,0.02109859910684598,0.04697633762217011,NA,0.02173028306523256
-114.5,8.5,10671,0.028713444362627315,0.06071989565327032,NA,0.026221858790977975
-113.5,8.5,10672,0.03628111511009666,0.0747980895457186,NA,0.029089139083315757
-112.5,8.5,10673,0.04346628176960053,0.13686163117416209,NA,0.04620396184321813
-111.5,8.5,10674,0.11084383180289072,0.36520119927854744,NA,0.05859261092396643
-110.5,8.5,10675,0.08024646177137504,0.26020257972309,NA,0.058506150260899996
-109.5,8.5,10676,0.07709745375724866,NA,NA,0.06861544610216085
-108.5,8.5,10677,0.0406767655814882,NA,NA,0.07228431876333075
-107.5,8.5,10678,0.03541065127649516,NA,NA,0.07147366280860135
-106.5,8.5,10679,0.1258348915622091,NA,NA,0.06890782835582905
-105.5,8.5,10680,0.320410788739958,NA,NA,0.08134555628712863
-104.5,8.5,10681,0.15765716166265492,NA,NA,0.1324033113695209
-103.5,8.5,10682,0.15480415616238918,NA,NA,0.12168722278830706
-101.5,8.5,10683,0.28710435310785826,NA,NA,0.1218228574143458
-100.5,8.5,10684,0.2601381142057393,NA,NA,0.16366744840369055
-98.5,8.5,10685,0.2918545061652251,0.14114204164222416,0.15817208930831947,0.17829483158818413
-97.5,8.5,10686,0.42483102364218844,0.34910146418368043,0.1853514426285888,0.272852907351971
-96.5,8.5,10687,0.22211401675061984,0.4004253303516262,0.14072665768902018,0.20508961072250806
-95.5,8.5,10688,0.1453693873544876,0.33826261652560496,0.1505298243798072,0.1180786603520124
-94.5,8.5,10689,0.15799314232457387,0.27049266278841155,0.17262553544485423,0.06557760246969997
-93.5,8.5,10690,0.15816485016883683,0.1833277424541928,0.13606583026078078,0.07462113580730569
-92.5,8.5,10691,0.34227396706208396,0.16155912416441467,0.10523283141363193,0.06918258683817005
-91.5,8.5,10692,0.18401536946798067,0.1457203029410473,0.05959851877291699,0.06867140897500743
-90.5,8.5,10693,0.11873842735440861,0.08127930277160299,0.035312619453396546,0.07919494071026884
-89.5,8.5,10694,0.06590306908480041,NA,0.026653713424383583,0.07329168422835389
-88.5,8.5,10695,0.06875112382228839,NA,0.03637954668016442,0.15452602716476613
-87.5,8.5,10696,0.0573828845012136,NA,0.04135453292285409,0.11311075909912915
-86.5,8.5,10697,0.028665477550058164,NA,0.02744037170635975,0.04363092617418763
-85.5,8.5,10698,0.06948797989595773,NA,0.024735797786662222,0.04768760415017792
-84.5,8.5,10699,0.11554713169938803,NA,0.03882417985611568,0.050332918218281106
-83.5,8.5,10700,0.12542820854154918,NA,0.09191571077768812,0.08797008440766696
-82.5,8.5,10701,0.08770339030632984,NA,0.05237555251212265,0.03648890027657863
-79.5,8.5,10702,0.015834102590144887,0.04283800268231599,0.020056065585536163,0.026513965633544846
-78.5,8.5,10703,0.0261849747683475,0.08312241000532901,0.02919146505450743,0.011538044738032414
-77.5,8.5,10704,0.02743539574456783,0.025387839469250436,0.025166926991141987,0.014363569557322493
-76.5,8.5,10705,0.024907667654193243,0.018393508666639878,0.014555371261432927,0.02242420018072855
-75.5,8.5,10706,0.03442197777779504,0.019323350019210685,0.014904972142845519,0.022149571529565655
-74.5,8.5,10707,0.020308310660971433,0.03052092060851489,0.015018802248667583,0.031896976972368124
-73.5,8.5,10708,0.03590873062091669,0.029871324548037915,0.014978758998388284,0.028832670689799188
-72.5,8.5,10709,0.014633619482129991,0.027948117655539464,0.03614974995078497,0.039988996780173786
-71.5,8.5,10710,0.01748791731655538,0.056285628217291016,0.05700042836529878,0.030258530495271555
-70.5,8.5,10711,0.10752924698773725,0.2576510878867733,0.06165825554146277,0.06867100195223928
-69.5,8.5,10712,0.07563264055537286,NA,0.03875400793126335,0.0441448204014386
-68.5,8.5,10713,0.08841540970455466,NA,0.07710688320243951,0.039720088873307344
-67.5,8.5,10714,0.08460430271111878,NA,0.12450759142148339,0.055943631832022264
-66.5,8.5,10715,0.1112505851300496,NA,0.22740789026148167,0.09063879556014234
-65.5,8.5,10716,0.1090280458989208,NA,0.3617631589530114,0.14222290770136356
-64.5,8.5,10717,0.15037142292785907,NA,0.2594170573125699,0.15554859026110213
-63.5,8.5,10718,0.15609982235249328,NA,0.2900432954232743,0.35915748243089646
-62.5,8.5,10719,0.006023864133043573,NA,0.02206775448358786,0.06700427310508406
-61.5,8.5,10720,0.04767855240813845,NA,0.24931272267038215,0.3155086485162853
-60.5,8.5,10721,0.07412110126386526,NA,0.26196998248193615,0.22235190328109578
-59.5,8.5,10722,0.08946948028650477,0.24845239613378486,0.20156281934972012,0.22597085441144937
-58.5,8.5,10723,0.13927596703295414,0.25706340514363213,0.1973935763342681,0.30635892791296393
-57.5,8.5,10724,0.04884815973447621,0.11754306063205419,0.15027432140879754,0.1209028715630991
-53.5,8.5,10725,0.146616476874259,0.09224922115539108,0.08840620272720218,0.16433151301317966
-52.5,8.5,10726,0.07438493258499917,0.32333258845803203,0.10604250816892695,0.2600455924315508
-51.5,8.5,10727,0.0893756097575049,0.3252723177628775,0.1207403824713121,0.45031394002279607
-50.5,8.5,10728,0.1352706754734962,0.30252842910717037,0.14506513688966946,0.3335046260073961
-49.5,8.5,10729,0.09298057719767837,0.27123908472073827,0.12508249933319357,0.3967054971869696
-48.5,8.5,10730,0.08438147221509877,0.4158345799101088,0.20809478005916782,0.39633006664934567
-47.5,8.5,10731,0.0865878377668334,0.34274134512121474,0.11482156622306908,0.3948153475988172
-46.5,8.5,10732,0.07931513021649586,0.35081308651507465,0.23809255220129835,0.3915039213070361
-45.5,8.5,10733,0.06448392291588556,0.5563919601162212,0.29835530195515464,0.430726791189423
-44.5,8.5,10734,0.07619212981310934,0.42041683951771963,0.42680624397200734,0.5225583981323193
-43.5,8.5,10735,0.06076818852291389,0.31201536631961363,0.282275138226261,0.3649459759905368
-42.5,8.5,10736,0.054095319023066,0.3124846474269512,0.2719718152627374,0.3437442364581663
-41.5,8.5,10737,0.06667444050039942,0.3506064934684138,0.3406851377698548,0.5164289173321107
-40.5,8.5,10738,0.06338245329670024,0.3674158708911633,0.42941740677325363,0.3593642130444712
-39.5,8.5,10739,0.039637221281940194,0.19339305372130486,0.2111283220072841,0.3039658061320635
-38.5,8.5,10740,0.04069675364597201,0.2139403025195042,0.13400056495748128,0.22310851004674748
-37.5,8.5,10741,0.037499137352941775,0.17971195464757922,0.10663973364321455,0.1841361548107899
-36.5,8.5,10742,0.043665439232378915,0.2160896502393758,0.11490962990692952,0.2597371835236076
-35.5,8.5,10743,0.0374180236090628,0.18792421116701094,0.21425825944068239,0.27955665306232097
-34.5,8.5,10744,0.03570643829600427,0.18546172597823132,0.1479273932192151,0.296137456427425
-33.5,8.5,10745,0.039728663390640684,0.1937896692796137,0.1396356275687587,0.2790743972205438
-32.5,8.5,10746,0.03525404909254721,0.16909958271283312,0.2115666653056681,0.22055607167328925
-31.5,8.5,10747,0.04880670129570004,0.21920235021661402,0.16897907748722357,0.3586313766051745
-30.5,8.5,10748,0.07213176764008217,0.2622985115958566,0.18629068371070495,0.4055223954429622
-29.5,8.5,10749,0.038276225096998816,0.22745413930424668,0.09075866663380905,0.25317855807938977
-28.5,8.5,10750,0.03996232292323812,0.12563942796368924,0.09418311871971494,0.21819008162617012
-27.5,8.5,10751,0.03832023317494706,0.08671147342916095,0.061946753842103755,0.157107636513531
-26.5,8.5,10752,0.04036693970063416,0.1090107395568766,0.07597298107644172,0.12028838655291732
-25.5,8.5,10753,0.03881424209216783,0.08169122468009689,0.07887499744895758,0.12108369041257966
-24.5,8.5,10754,0.04500272981524511,0.10580875563355172,0.07867338299181507,0.127314289447009
-23.5,8.5,10755,0.03661805404779831,0.09951876257884329,0.0644005412573636,0.1294419097849221
-22.5,8.5,10756,0.03668790047502269,0.08465187319242863,0.0868310233428582,0.09342739021794218
-21.5,8.5,10757,0.03845009146066005,0.07596503785761767,0.05223323920181162,0.0942980268699483
-20.5,8.5,10758,0.0442616868696884,0.10541290273321655,0.06959729022733743,0.1094536975438407
-19.5,8.5,10759,0.042152992813861825,0.08861084077733027,0.04931643841449682,0.111824710516046
-18.5,8.5,10760,0.03904076745941152,0.06117762946176313,0.04843754984971136,0.10788925726226214
-17.5,8.5,10761,0.05091368505284496,0.06315650588323928,0.04676357959408681,0.1065287931323635
-16.5,8.5,10762,0.054380951248278915,0.06156169843271452,0.06325387844779863,0.09494811604771435
-15.5,8.5,10763,0.047709390367038584,0.05575641841651213,0.0771232497006795,0.08309289145862034
-14.5,8.5,10764,0.05908498805072896,0.06831231284411328,0.11941303901961761,0.09454783750896312
-13.5,8.5,10765,0.04941728123611188,0.06603544364264628,0.15168753150955275,0.09740812806294556
-12.5,8.5,10766,0.05049376925116125,0.06375425586298622,0.16057517596220916,0.07874976622684654
-11.5,8.5,10767,0.0641442901240603,0.06550061376738645,0.16054398605772008,0.08940080244719516
-10.5,8.5,10768,0.05975619677179321,0.06255745878516378,0.16193678785108803,0.08851973619203803
-9.5,8.5,10769,0.06834580353204645,0.05955432666688734,0.16295567137328834,0.07626860957322898
-8.5,8.5,10770,0.07000800879712667,0.06964289477558316,0.11551977337478486,0.07075827827047984
-7.5,8.5,10771,0.0821174759209034,0.05782028689593239,0.11023276151404392,0.07373239866109865
-6.5,8.5,10772,0.11833722201885087,0.08764210893280781,0.07849754721281417,0.06551713956387004
-5.5,8.5,10773,0.1314565339980672,0.06220618002183235,0.07628610001512764,0.07013295978022772
-4.5,8.5,10774,0.13021304145425514,0.04604980405392156,0.07659876598830558,0.06188922307375302
-3.5,8.5,10775,0.13256639219156358,0.04635662274837752,0.09864492286712048,0.06269021748510588
-2.5,8.5,10776,0.11649591266016814,0.041015703256196696,0.07121351990086908,0.05161864055396983
-1.5,8.5,10777,0.11134490714668932,0.04186096500449095,0.05718185985233011,0.048661427237441046
-0.5,8.5,10778,0.13983902971502743,0.05859595352466627,0.07740135169895639,0.08029163521138323
0.5,8.5,10779,0.08159923221178803,0.037156552751941054,0.041304766410086055,0.05367025997570331
1.5,8.5,10780,0.07420610161667811,0.038361578439551805,0.04522833213826993,0.04810173965975964
2.5,8.5,10781,0.07605338387758606,0.0419315260451808,0.06303780806750744,0.043880207325563025
3.5,8.5,10782,0.07287502178346131,0.03949124214544427,0.04023125481884398,0.033961013857257645
4.5,8.5,10783,0.06935820328926848,0.04495290877576596,0.04666040389858979,0.029669186835680966
5.5,8.5,10784,0.11046607911697678,0.07315700528369609,0.07135583853596611,0.04336289217062894
6.5,8.5,10785,0.08652575227905074,0.060517220819500894,0.053590128691487084,0.03646018167604969
7.5,8.5,10786,0.09262300749678623,0.05621002014435157,0.04634693349231497,0.029992871296716208
8.5,8.5,10787,0.08377122891800425,0.04984194740989007,0.04322738250450203,0.021749908687316924
9.5,8.5,10788,0.08809107027184206,0.0547988244172427,0.045094929784133986,0.02425447769133601
10.5,8.5,10789,0.09793759910664773,0.060228049722024155,0.055414674659007325,0.03005763299787136
11.5,8.5,10790,0.10436339040815633,0.06797558672085552,0.062001473421271255,0.03422098016920655
12.5,8.5,10791,0.12036440876772818,0.07930486841419501,0.07797174620170076,0.04094937764743463
13.5,8.5,10792,0.11738887153868341,0.0847978187826128,0.0865585820695056,0.04514508500753124
14.5,8.5,10793,0.11786520875451666,0.08539305189477178,0.08584405513351454,0.04367472115848017
15.5,8.5,10794,0.11067686473704351,0.0893235811506947,0.10434105948077203,0.04655463981270028
16.5,8.5,10795,0.10505843103748272,0.09754990130524131,0.10203769031975517,0.049273539943285684
17.5,8.5,10796,0.09836345215385728,0.0962501287027247,0.12194781266246073,0.04826713690131959
18.5,8.5,10797,0.09204051892184725,0.0972829150592481,0.13273521562291107,0.054724474792128414
19.5,8.5,10798,0.07807104723760326,0.10003090987832935,0.1298371837743121,0.05954303986641221
20.5,8.5,10799,0.06956106247074836,0.10832561606418777,0.12658372817652008,0.05387947726618841
21.5,8.5,10800,0.06953074515005252,0.1127854817536596,0.15410945121052488,0.05141613679276312
22.5,8.5,10801,0.05869880514317949,0.08971744477800954,0.10827823848578724,0.04018650037387127
23.5,8.5,10802,0.055882748177685224,0.08288901267336447,0.10655164550404639,0.04160517713996897
24.5,8.5,10803,0.04916402381825739,0.08223975343980719,0.11210783308549359,0.04362323176224358
25.5,8.5,10804,0.043556793440380825,0.07123747813748305,0.10644819286151756,0.04392500443753179
26.5,8.5,10805,0.043266989384206415,0.06275780405745807,0.08942051539567199,0.04149668787395671
27.5,8.5,10806,0.03960418796474005,0.05422774343185636,0.07345457375024049,0.03529407594103826
28.5,8.5,10807,0.04349872752503884,0.05181261828019827,0.0708866221771446,0.034396406950031794
29.5,8.5,10808,0.039422842784159286,0.05065693327245703,0.08831240174262905,0.03487682718263438
30.5,8.5,10809,0.043183533911030116,0.05755275353244422,0.07158364605202293,0.039924111857010953
31.5,8.5,10810,0.03611146823252014,0.05222717081395369,0.07310166025582669,0.039390995198259074
32.5,8.5,10811,0.037763191542241184,0.06210342868065334,0.06774418925510349,0.04990197329443212
33.5,8.5,10812,0.03534726602018931,0.07501980709000178,0.07063812456843017,0.051916743876749674
34.5,8.5,10813,0.03497947369700736,0.09111843561797951,0.06467445292850194,0.05399816741713
35.5,8.5,10814,0.029262953215559887,0.05717256104893603,0.04069183756799752,0.0471061106177728
36.5,8.5,10815,0.029425667554205243,0.046895842640065154,0.04294403927453144,0.02946250755308256
37.5,8.5,10816,0.03067080838462537,0.04898958155699582,0.042238867634357635,0.023054290998451323
38.5,8.5,10817,0.029392559205168128,0.04676397101162805,0.04325186754463525,0.019376296311579368
39.5,8.5,10818,0.030873104531739894,0.04684977238217843,0.04715294309951752,0.022497137325948522
40.5,8.5,10819,0.030627498911098467,0.05064825170083927,0.05119798426582338,0.02419537833654073
41.5,8.5,10820,0.029232865969670785,0.04937430214679401,0.05684467120187132,0.02574126143737496
42.5,8.5,10821,0.035563235355395975,0.06289261504269346,0.06964740903507184,0.03074635308368711
43.5,8.5,10822,0.030194982927481892,0.05930992273169642,0.0838462684904932,0.02731647260910879
44.5,8.5,10823,0.026888243010836824,0.06552815873225241,0.09858883579513698,0.029248438878667144
45.5,8.5,10824,0.029354721859419106,0.08119182812613239,0.13102926634161238,0.04388385972718912
46.5,8.5,10825,0.031709331985321394,0.07418760833798081,0.1564291486536904,0.06186422334720611
47.5,8.5,10826,0.030256297253650474,0.06773233772577437,0.12030913642899527,0.05805042614027679
48.5,8.5,10827,0.03162341649673359,0.06831314886050532,0.10562636129323846,0.07371435143295312
49.5,8.5,10828,0.03447429949131847,0.07350897734684361,0.12193407732313201,0.07409913523554561
50.5,8.5,10829,0.03398647498136597,0.07392887446472499,0.13211254261382369,0.05839472045716643
51.5,8.5,10830,0.03516066286458749,0.0748573330063319,0.12873422997307682,0.05475440311339862
52.5,8.5,10831,0.04299745673361848,0.0831962339887259,0.10891034583282962,0.0584201163210053
53.5,8.5,10832,0.06976290037211517,0.11541931662646375,0.1286088231495876,0.059413522010913315
54.5,8.5,10833,0.04460039951495354,0.12767832287216221,0.11700737919258959,0.05750091019388573
55.5,8.5,10834,0.047210483128790025,0.10779318964567931,0.11725338249677547,0.06647659294557184
56.5,8.5,10835,0.04488779421707037,0.11138947065893717,0.09861670183765539,0.06730359919878652
57.5,8.5,10836,0.048163839327143826,0.12769971313747855,0.1133107614392536,0.05765728563998548
58.5,8.5,10837,0.05237174612642111,0.13419581028364908,0.1082321309254819,0.0572401371758318
59.5,8.5,10838,0.06349422155747808,0.12208104533161977,0.08703472576730706,0.054469556499766536
60.5,8.5,10839,0.06346127269720785,0.13026497021430428,0.10854667621077178,0.06546211440267376
61.5,8.5,10840,0.06741304522962997,0.12704110178748373,0.13251746077038326,0.06035702977446859
62.5,8.5,10841,0.06599133354853723,0.10260531011154815,0.12147940663667312,0.13808703811524956
63.5,8.5,10842,0.08852316644326644,0.13077952026728007,0.1874617253967287,0.09014623669167943
64.5,8.5,10843,0.11194719340917317,0.14399797035911632,0.1847335488923358,0.09480489850053787
65.5,8.5,10844,0.1393385276955646,0.16280334033867525,0.12629479290662518,0.08196158719651761
66.5,8.5,10845,0.2038760453199497,0.19265800246049103,0.14432993604085614,0.07629075696441785
67.5,8.5,10846,0.20275624889332278,0.15243942645032937,0.1840280266055852,0.07248032133066817
68.5,8.5,10847,0.25991533353386653,0.16554829146003272,0.19716952213361327,0.08651571638686353
69.5,8.5,10848,0.26535892679616874,0.21210820974302058,0.17507628907318898,0.08608382899097908
70.5,8.5,10849,0.24757170658707162,0.21606107735068358,0.1456887140787479,0.08634345688094743
71.5,8.5,10850,0.19008120430113135,0.22983478780306668,0.11309726711549561,0.07920624505993729
72.5,8.5,10851,0.1373135549838219,0.1881140021963928,0.10729704327720116,0.07423821739611458
73.5,8.5,10852,0.13193193289401312,0.13919452960190906,0.13318189890062251,0.09791549543662253
74.5,8.5,10853,0.13623696863450183,0.11897341741506286,0.23727654637746276,0.09060381979632075
75.5,8.5,10854,0.09454280437886123,0.0960105418916354,0.22920902638318957,0.06159522076473672
76.5,8.5,10855,0.07823336814515477,0.08325834255445427,0.19587371679616078,0.0696431793910094
77.5,8.5,10856,0.0641776333619307,0.07653880056042688,0.12979666097666842,0.0855555487895129
78.5,8.5,10857,0.038816197670125785,0.05597059391589377,0.07266489970973097,0.08874743644477401
79.5,8.5,10858,0.03446661477215259,0.052532821257328506,0.07442597139302352,0.1041236459680791
80.5,8.5,10859,0.046436117818863365,NA,0.06955127237873318,0.08949676570158879
81.5,8.5,10860,0.12480580794357653,NA,0.14467096619822736,0.13399417378315565
82.5,8.5,10861,0.2687579127717964,NA,0.10518069278422822,0.15902489313872387
83.5,8.5,10862,0.14332959421348987,NA,0.1639679204413104,0.14122494563816107
84.5,8.5,10863,0.09395698211720956,NA,0.2363167920248859,0.15030430909529846
85.5,8.5,10864,0.07804592601884457,NA,0.33631478580375374,0.14266221879521518
86.5,8.5,10865,0.06979410099250044,NA,0.4422220574446949,0.11244619315501009
87.5,8.5,10866,0.07014930748290706,NA,0.4374676407989933,0.11823815288601819
88.5,8.5,10867,0.12733284198655898,NA,0.5004033965340539,0.14637493051045433
89.5,8.5,10868,0.30368910968257684,NA,0.6016785328714239,0.3067196019650095
90.5,8.5,10869,0.30179270795195445,NA,NA,0.1360325624827859
91.5,8.5,10870,0.23917941980619833,NA,NA,0.15296660602030587
92.5,8.5,10871,0.3777497463490836,NA,NA,0.17495743425212687
93.5,8.5,10872,0.2992244757702412,NA,NA,0.1472554153503588
94.5,8.5,10873,0.4493300837060609,NA,NA,0.16706027925747172
95.5,8.5,10874,0.20706349098334398,NA,NA,0.16015843006176336
100.5,8.5,10875,0.024578576261417674,NA,0.030661317264099628,0.025333770225067904
101.5,8.5,10876,0.027031377675825974,NA,0.021516581784134903,0.023770816250076647
-119.5,9.5,10886,0.01584437476544178,0.08043136944188273,NA,0.03159622543808966
-118.5,9.5,10887,0.01539624233600871,0.06658860482939115,NA,0.033212794451991025
-117.5,9.5,10888,0.013925083314080614,0.05548091762945626,NA,0.02358693333024356
-116.5,9.5,10889,0.012421965094963404,0.046983942620455084,NA,0.01760689518397248
-115.5,9.5,10890,0.014572720054271501,0.04978379985848218,NA,0.018033056485489144
-114.5,9.5,10891,0.021464542068804684,0.062261593211688074,NA,0.023122221157079032
-113.5,9.5,10892,0.02938376330279146,0.08417242604467667,NA,0.023044323100631117
-112.5,9.5,10893,0.04817111917653097,0.13404707993924703,NA,0.04276018396706232
-111.5,9.5,10894,0.05267116784294198,0.19356216366703913,NA,0.04554476000124683
-110.5,9.5,10895,0.05146959246667963,0.2152537001360703,NA,0.05711426450114632
-109.5,9.5,10896,0.1026628670411051,NA,NA,0.05711717919882853
-108.5,9.5,10897,0.11759808472166321,NA,NA,0.05496747786832233
-107.5,9.5,10898,0.03898228179733003,NA,NA,0.06190929851225239
-106.5,9.5,10899,0.029912649371755588,NA,NA,0.06087944072140348
-105.5,9.5,10900,0.1306093798919007,NA,NA,0.10223192876943725
-104.5,9.5,10901,0.23561215271736788,NA,NA,0.4085992491099834
-98.5,9.5,10902,0.19479176669030682,0.22118091448803243,0.05957861872248841,0.1607239417695902
-97.5,9.5,10903,0.2276410152302744,0.2218247294138331,0.11586069957258845,0.15591909114870744
-96.5,9.5,10904,0.19913321016131022,0.2016834166576933,0.07276045303884247,0.12595668339967925
-95.5,9.5,10905,0.09317792279024154,0.23518640392725615,0.0758521325927339,0.07633288247325934
-94.5,9.5,10906,0.13344541225726725,0.296446413346012,0.061367828280638866,0.07928913569184162
-93.5,9.5,10907,0.13785596446343798,0.1522192092341677,0.052562828267460074,0.061580324449110255
-92.5,9.5,10908,0.17681382514021682,0.16966033233443606,0.10425379106763942,0.0740702432413804
-91.5,9.5,10909,0.41892092043432566,0.15867659821603822,0.09415914510451596,0.08633212416650837
-90.5,9.5,10910,0.14951556947863573,0.08455721803010469,0.08215304161990854,0.0732238325264403
-89.5,9.5,10911,0.1549542267557013,NA,0.050333815229493296,0.09867478510612746
-88.5,9.5,10912,0.11919023795159378,NA,0.05581023673239178,0.09879315068753095
-87.5,9.5,10913,0.05309419241555897,NA,0.03303401573572825,0.06952152718003017
-86.5,9.5,10914,0.06490263580373049,NA,0.02359564715983958,0.03831048367994679
-85.5,9.5,10915,0.05361761172265857,NA,0.02328670517268855,0.03386906756354475
-84.5,9.5,10916,0.12669992457799792,NA,0.031632397107665605,0.02968078218821648
-83.5,9.5,10917,0.16203055671870842,NA,0.060858359017413176,0.07395843360628183
-82.5,9.5,10918,0.041265804977673064,NA,0.03140745819756436,0.022095119127544798
-80.5,9.5,10919,0.045968594443532323,NA,0.09017711818862718,0.03932806180325584
-79.5,9.5,10920,0.008678619444804381,0.03666686382790576,0.036732404075923784,0.013357027942952342
-78.5,9.5,10921,0.016109652871530492,0.03483565977055604,0.025646183812464567,0.010576977028468921
-77.5,9.5,10922,0.018049328097063586,0.047867384212961495,0.026103695610891844,0.017448846071224103
-76.5,9.5,10923,0.03177606946201831,0.01857050083482216,0.012951318746006517,0.02214103800247814
-75.5,9.5,10924,0.036541835561967474,0.020700000852701017,0.017580001967155465,0.023650253487816898
-73.5,9.5,10925,0.01345860219558834,0.07016252703021589,0.08597779460563056,0.018074210736734663
-72.5,9.5,10926,0.041091978269992696,0.039730674734035465,0.09275242957102757,0.046943912053298655
-71.5,9.5,10927,0.011164292330528056,0.033826887419926385,0.06693541901536895,0.02927008490726061
-70.5,9.5,10928,0.09971061938051193,0.1979814871021235,0.243989498976585,0.08200067068833448
-69.5,9.5,10929,0.07976613348005118,NA,0.12050702234265924,0.03946653419476306
-68.5,9.5,10930,0.06414788298633224,NA,0.03459200903507589,0.038241617865133914
-67.5,9.5,10931,0.05941112404272919,NA,0.06708282147090815,0.05706477273535688
-66.5,9.5,10932,0.07807996470794608,NA,0.11146067246966786,0.08918422551684181
-65.5,9.5,10933,0.08030343148686991,NA,0.15349459910471733,0.10246405066691548
-64.5,9.5,10934,0.12918493974055237,NA,0.2540249755857564,0.1694779737494885
-63.5,9.5,10935,0.2054084819369558,NA,0.2720290211702665,0.14875335503814435
-62.5,9.5,10936,0.2118246937200765,NA,0.14649643049410144,0.1887751757812975
-60.5,9.5,10937,0.03672249138648537,NA,0.41821867784649125,0.23406713522790434
-59.5,9.5,10938,0.08103488812470368,0.29962380513616965,0.2585235883575705,0.1966151512072522
-58.5,9.5,10939,0.1407476258861215,0.2639117155435486,0.2798406804909454,0.2279036041394797
-57.5,9.5,10940,0.3050144716768786,0.4051622393246245,0.6462412517874467,0.3008193690891351
-53.5,9.5,10941,0.0676706266501766,0.11176340545859707,0.16927897583834842,0.1616878854955731
-52.5,9.5,10942,0.08430517871295329,0.34341667097081735,0.0941743330027089,0.27613530842579465
-51.5,9.5,10943,0.1176438823908878,0.29387438047990766,0.15402143462915474,0.38535824054588563
-50.5,9.5,10944,0.08833246863495435,0.2863021267437603,0.13099550598769524,0.44022491203899333
-49.5,9.5,10945,0.07238164490914345,0.467400711409807,0.14133702930209607,0.4095834188957253
-48.5,9.5,10946,0.11585620530219315,0.45909145731080075,0.17630435566884922,0.4944708513437802
-47.5,9.5,10947,0.08708217046637956,0.377150743829336,0.14943721574294308,0.40177048634338997
-46.5,9.5,10948,0.08246252254723759,0.358010599294281,0.21604862350938384,0.38936637509047967
-45.5,9.5,10949,0.09322474188336692,0.4296794903150478,0.16227255291609394,0.3950570458784946
-44.5,9.5,10950,0.10549717127566703,0.4404621040963652,0.1690347942837481,0.43082955238630827
-43.5,9.5,10951,0.07953713611114517,0.3197731547033057,0.149349098494724,0.3982686833554595
-42.5,9.5,10952,0.07883522083904061,0.3397621926980079,0.23595036141192927,0.43709027801098743
-41.5,9.5,10953,0.0657661739387933,0.3089675259177896,0.23901715515819683,0.3731734802686964
-40.5,9.5,10954,0.07755542066857722,0.5769183106824941,0.27835419729280586,0.4479594239808724
-39.5,9.5,10955,0.043178706133625996,0.2407337008307059,0.1596736384551553,0.3618375616165367
-38.5,9.5,10956,0.03671680797923284,0.2257723121063393,0.11242805331834932,0.3476338795703625
-37.5,9.5,10957,0.042221748465026465,0.2664016379423458,0.10079693649219941,0.3013465300042557
-36.5,9.5,10958,0.04006292753458522,0.2100601560645153,0.11337894361968645,0.3454221092217347
-35.5,9.5,10959,0.038307909847608734,0.1826291559323293,0.17243210349281707,0.3164515472732881
-34.5,9.5,10960,0.03375131026084891,0.14620117427047055,0.16704361902729392,0.23143200508801404
-33.5,9.5,10961,0.04064275065186922,0.1541234114857097,0.11446297978406043,0.24237867282290584
-32.5,9.5,10962,0.034168078868666484,0.15184602312250767,0.12251464375137364,0.2698072013380552
-31.5,9.5,10963,0.03245222212207075,0.12000519319169167,0.09447947699920844,0.21803094238353163
-30.5,9.5,10964,0.033714213992997226,0.1445912741067344,0.10120583688013614,0.261980597313856
-29.5,9.5,10965,0.0343436041523383,0.12596947767419694,0.10150900521118257,0.26665584895790845
-28.5,9.5,10966,0.034962052568823766,0.08305753668721742,0.08889625272523903,0.18382287285169938
-27.5,9.5,10967,0.03482851560947609,0.07744215198252316,0.07779568252634424,0.13243415200766234
-26.5,9.5,10968,0.03622212487356777,0.08043702570282156,0.06059020525934485,0.09764018085684195
-25.5,9.5,10969,0.04293519783031813,0.08980083958341398,0.06459718756014139,0.09526574661648594
-24.5,9.5,10970,0.04513507848407106,0.08785602926440697,0.05890039888916367,0.09201290468485326
-23.5,9.5,10971,0.039615160735879215,0.06882181576169764,0.06164346782219578,0.09751966387715365
-22.5,9.5,10972,0.04248345739235649,0.11077153418940819,0.06173496564396635,0.08938060205067164
-21.5,9.5,10973,0.03892889429891312,0.09004576544044011,0.04963741533651456,0.0834564182008833
-20.5,9.5,10974,0.035599113749052815,0.07982412219896876,0.04830299908008375,0.08083276584015736
-19.5,9.5,10975,0.046394327847833254,0.10746981691389589,0.05865627785050625,0.08612027781889746
-18.5,9.5,10976,0.05470548026101757,0.13921581164801802,0.06377627236756492,0.09361342713149971
-17.5,9.5,10977,0.044000100247455515,0.08435031812721741,0.047068545173924003,0.10577959152447554
-16.5,9.5,10978,0.03406157983879337,0.06039491630055271,0.052985369262743186,0.10119584155502447
-15.5,9.5,10979,0.040738274871671046,0.058293160475204865,0.1272901225074122,0.0993297402612007
-14.5,9.5,10980,0.04528922614906542,0.06839009945902662,0.10921589828377402,0.10312734600066557
-13.5,9.5,10981,0.04233272797872967,0.06414901954325994,0.1644044732961435,0.10422244184480373
-12.5,9.5,10982,0.04449186258208071,0.06587409417837609,0.15396119436729305,0.0954131754157269
-11.5,9.5,10983,0.04944703510432934,0.061577535348649806,0.14813987219089503,0.0936164967785197
-10.5,9.5,10984,0.05598752854403204,0.05755557112816791,0.14806044729631263,0.0889483324392074
-9.5,9.5,10985,0.04404620794328281,0.054995758964643204,0.10101039106932876,0.07185571197340682
-8.5,9.5,10986,0.06802514266525254,0.08232266599863514,0.12071277984067946,0.08503751586477346
-7.5,9.5,10987,0.05987131432422412,0.09096529067030094,0.08949841403541901,0.068087144773666
-6.5,9.5,10988,0.05775039934274857,0.0731440633347254,0.08296165812981755,0.062472449616883204
-5.5,9.5,10989,0.054103348421037416,0.046765502664897804,0.08439566420026637,0.05321858627582186
-4.5,9.5,10990,0.0582282218534634,0.04593032630119416,0.07155606756432137,0.05113568228679688
-3.5,9.5,10991,0.06488126416365973,0.040061483921904006,0.060029792627911215,0.04098487105239983
-2.5,9.5,10992,0.054658638790378966,0.036465428065180716,0.053678871758897045,0.033820566392486755
-1.5,9.5,10993,0.0577232493119101,0.03946830353876387,0.05225400372202038,0.033866080575573616
-0.5,9.5,10994,0.060444490989624004,0.039345798594960936,0.0576726393906686,0.029984234194210813
0.5,9.5,10995,0.11013307191201069,0.08187907500776992,0.09533378867997548,0.04839137208711354
1.5,9.5,10996,0.06421217072535602,0.06099701036567056,0.07619539386172221,0.03443307028970803
2.5,9.5,10997,0.03719724525589926,0.03952188665544005,0.043044783272526296,0.0227022564168697
3.5,9.5,10998,0.039275801068498935,0.04145753332426765,0.03761680798107149,0.021254707731299855
4.5,9.5,10999,0.03749228259941793,0.03303447168942792,0.047954836155756374,0.020847303237252472
5.5,9.5,11000,0.03337153289007597,0.030515677372621407,0.0445291671883748,0.020813062031317997
6.5,9.5,11001,0.03321904379969404,0.030265241492752074,0.04269737397185765,0.023155756730597696
7.5,9.5,11002,0.03430750269325432,0.032031893387757394,0.04222946281482451,0.023797386488552143
8.5,9.5,11003,0.03561985183386498,0.031982840138939164,0.04827072392936169,0.02475382345478303
9.5,9.5,11004,0.03259336421763165,0.02965198138858003,0.04865977153968337,0.022368062840753804
10.5,9.5,11005,0.03587650954006346,0.033527430303014076,0.04668074283768983,0.02531202489846398
11.5,9.5,11006,0.03796591544808029,0.03792427354258562,0.05353838049641509,0.030236251205277925
12.5,9.5,11007,0.04122457965540712,0.041616588006806794,0.07028927948705314,0.03673502367792279
13.5,9.5,11008,0.054976934473146916,0.05494134626347637,0.09939063985970964,0.0496619203493898
14.5,9.5,11009,0.05849675109485587,0.053135895320810186,0.08388526057643209,0.04994132875776215
15.5,9.5,11010,0.06451901828664215,0.05829052377730423,0.1081977721103316,0.05094382478821283
16.5,9.5,11011,0.048121072624882806,0.058601437638990596,0.10458781356398687,0.0520882926665504
17.5,9.5,11012,0.04525902593665691,0.05636995942528084,0.09894261430794991,0.05301132320899076
18.5,9.5,11013,0.05183403022476805,0.06309670297210228,0.12226995829837972,0.06277990746847681
19.5,9.5,11014,0.04718650339238215,0.05639647789554752,0.11647771718079303,0.055577970017957626
20.5,9.5,11015,0.04234102405893301,0.05764787934397039,0.10312051310288665,0.0533931243997107
21.5,9.5,11016,0.035225126081793824,0.04766891207179792,0.09046147570580826,0.045938456764587195
22.5,9.5,11017,0.03169444473273157,0.04556112424371278,0.0888692525381618,0.039819226144688115
23.5,9.5,11018,0.0318319898479856,0.04483867139073295,0.08637879045681182,0.040049976025579394
24.5,9.5,11019,0.02970221648861672,0.04730805585928363,0.07551981903090331,0.03637718074662307
25.5,9.5,11020,0.02655780597625061,0.04445370203694829,0.06885272270741812,0.031900026872214965
26.5,9.5,11021,0.024728873198613326,0.04253394335660335,0.06761171611495276,0.0323291105175363
27.5,9.5,11022,0.0252514425161807,0.04090123657256408,0.08032459033923725,0.028809465985918964
28.5,9.5,11023,0.023836608168918867,0.038863348809600406,0.06935058005220332,0.028355913509905392
29.5,9.5,11024,0.026312700921907507,0.03698754771968934,0.07774214584468704,0.032063857113498996
30.5,9.5,11025,0.02530207293486032,0.03603975217346374,0.07523626414605819,0.03582563821374501
31.5,9.5,11026,0.029029620878592625,0.03803662299883771,0.08510526687531401,0.032892223844186656
32.5,9.5,11027,0.02312747156084221,0.036437672438643647,0.09452306299455573,0.04372928220755738
33.5,9.5,11028,0.02136733170995551,0.03445472857596467,0.08126448369984032,0.03099191881899896
34.5,9.5,11029,0.021125464504190002,0.03599231519371827,0.0657361831828465,0.02908471603430206
35.5,9.5,11030,0.02103209134954406,0.034045612573576016,0.060972075346170614,0.02840756998243826
36.5,9.5,11031,0.019611836350935018,0.03744360550661268,0.05773770165787696,0.02944782335842266
37.5,9.5,11032,0.01921291334034642,0.04943493660773566,0.06358809882801969,0.030105840606854305
38.5,9.5,11033,0.022116530393638045,0.0634448115054571,0.05519286305242992,0.045873411000679175
39.5,9.5,11034,0.02275265918416254,0.042851736828078066,0.05451217089567469,0.048099264052225955
40.5,9.5,11035,0.02167237308048703,0.04135099443300952,0.05094153989285101,0.05359480778382145
41.5,9.5,11036,0.024219948783303455,0.04863894889924896,0.06178419288445403,0.0597859773191967
42.5,9.5,11037,0.023550616152428108,0.046465533135543864,0.05940820371922951,0.06085014342322742
43.5,9.5,11038,0.02328721579992476,0.04539194443479083,0.06432274731846807,0.060551166344728305
44.5,9.5,11039,0.02267699491795829,0.04449950056919844,0.0650633000225009,0.06280187664751208
45.5,9.5,11040,0.02296693240922039,0.0460160376004089,0.0665221155281862,0.06791858946534157
46.5,9.5,11041,0.022694959150846676,0.05528978775262679,0.04750292577452812,0.05313838718009804
47.5,9.5,11042,0.022676645868192936,0.055832218168679226,0.04343163777477972,0.041969724562009536
48.5,9.5,11043,0.01926630967974517,0.04988248044910208,0.04109277485173632,0.042192704851578874
49.5,9.5,11044,0.02119234127266903,0.05501925808917622,0.037732482644568334,0.03873024178007339
50.5,9.5,11045,0.02061042628241689,0.052841351075693294,0.03403565737906657,0.03834209822385046
51.5,9.5,11046,0.0246349850891864,0.06295785882205236,0.037749226827376844,0.04081953454577361
52.5,9.5,11047,0.035658496584893166,0.06717858057867485,0.10409720852648738,0.05460160057279952
53.5,9.5,11048,0.02621661668530706,0.07247416033861938,0.059676727074870685,0.05376132600067414
54.5,9.5,11049,0.03382284384705437,0.08232025458012154,0.06272044246695523,0.04603444175204196
55.5,9.5,11050,0.03134186162001329,0.09138083331360698,0.059377224243409375,0.0462870087103358
56.5,9.5,11051,0.03275704092430908,0.09342596192494898,0.05354759254877009,0.055631928988115815
57.5,9.5,11052,0.040938278974316865,0.11066700915804342,0.04926928293675649,0.10380162718957187
58.5,9.5,11053,0.042313015237814125,0.08364788439440911,0.04294018283188541,0.0768782423198892
59.5,9.5,11054,0.045276321418935866,0.06671998759593856,0.04663937572404134,0.062074238010733876
60.5,9.5,11055,0.04241227885452158,0.07798457918640722,0.06254398886418706,0.038038138861750254
61.5,9.5,11056,0.04286611405406081,0.08387909675673082,0.09328983798050952,0.025205569753753626
62.5,9.5,11057,0.04791359734113857,0.09122518093183497,0.08180115565611738,0.02700006423739433
63.5,9.5,11058,0.06920909620982882,0.12021750611271755,0.11486906199096354,0.04497782833716687
64.5,9.5,11059,0.09953122875150394,0.1413797454523129,0.09992979302154711,0.050900582323364474
65.5,9.5,11060,0.1716955947781201,0.18339171947436225,0.11255586085006318,0.06061988773736969
66.5,9.5,11061,0.21364007671246235,0.20099095702720282,0.19467246531220292,0.07829078917651931
67.5,9.5,11062,0.17603654712441894,0.1546767237305644,0.2955888761553326,0.07610522657857918
68.5,9.5,11063,0.17403092741010207,0.171690086235687,0.1357912674383814,0.12611092890086842
69.5,9.5,11064,0.14186719126352218,0.13765931045291283,0.12933930648567799,0.1003404751914577
70.5,9.5,11065,0.11492683238213514,0.1571449343200794,0.11481523089922449,0.11291658724590305
71.5,9.5,11066,0.13831289403486002,0.14891453234624477,0.09164099368405745,0.12476541956821134
72.5,9.5,11067,0.12160325376976451,0.1338787912268461,0.09227597931723229,0.1232672946383562
73.5,9.5,11068,0.15034268375179538,0.12589638209953896,0.09481776412372496,0.1425927127590096
74.5,9.5,11069,0.1402139497849386,0.12752972404662188,0.07470488118873318,0.14251219448628163
75.5,9.5,11070,0.16340410236421785,0.11565391718437579,0.08720497447865441,0.14658468639866612
76.5,9.5,11071,0.12137744046532395,0.10141636233353525,0.06270017564687254,0.08147339339064118
77.5,9.5,11072,0.07949996975511779,0.08193655018005454,0.05366641483036002,0.08421828074845619
78.5,9.5,11073,0.06673589225536834,0.09078943600471112,0.03581515618573335,0.06663129497261625
79.5,9.5,11074,0.07607922174810701,0.09262052317378054,0.0377625115002137,0.08343753451426796
80.5,9.5,11075,0.08409811958493442,NA,0.06368616794176225,0.09406461535093921
81.5,9.5,11076,0.08833623553527345,NA,0.09411832547588923,0.11961645027461716
82.5,9.5,11077,0.08781680592614066,NA,0.08406232614800746,0.09290364271043242
83.5,9.5,11078,0.08539331853124889,NA,0.12840990025367496,0.11815482379107956
84.5,9.5,11079,0.10139244927340094,NA,0.30086618237973917,0.2976089144885752
85.5,9.5,11080,0.10557047468140547,NA,0.26250200518835753,0.20465410339118084
86.5,9.5,11081,0.11278491085614527,NA,0.19889502962590908,0.16765983101172682
87.5,9.5,11082,0.10390783127947281,NA,0.25218224967182223,0.16078869150909247
88.5,9.5,11083,0.11084394980308249,NA,0.2726885306433729,0.15648576021094115
89.5,9.5,11084,0.10102891547923253,NA,0.32587771117267555,0.17361125295050528
90.5,9.5,11085,0.1623097626700661,NA,NA,0.182381961059076
91.5,9.5,11086,0.19350721311271424,NA,NA,0.12397657430150852
92.5,9.5,11087,0.26403308990066915,NA,NA,0.18960070412955887
93.5,9.5,11088,0.20703252054590013,NA,NA,0.188315966275784
94.5,9.5,11089,0.17540329223364987,NA,NA,0.2559549137491706
95.5,9.5,11090,0.020075499418512652,NA,NA,0.027709783045002333
-128.5,10.5,11091,0.00996011630051069,NA,NA,0.033122188556505734
-127.5,10.5,11092,0.015724016040552565,NA,NA,0.034280670196620774
-126.5,10.5,11093,0.014579021580566526,NA,NA,0.03706573245220655
-125.5,10.5,11094,0.014812793345717546,NA,NA,0.03713501597912742
-124.5,10.5,11095,0.014073181079590649,NA,NA,0.038347416633439727
-123.5,10.5,11096,0.01319854155876412,NA,NA,0.04129788284656766
-122.5,10.5,11097,0.015059840966031404,NA,NA,0.051621013634551904
-121.5,10.5,11098,0.01520858447803813,NA,NA,0.037550741384257846
-120.5,10.5,11099,0.020148753855293557,NA,NA,0.03588611253715724
-99.5,10.5,11116,0.08391306981525795,NA,NA,NA
-98.5,10.5,11117,0.2105603168411611,NA,NA,NA
-97.5,10.5,11118,0.17230867664514032,NA,NA,NA
-96.5,10.5,11119,0.10848742475183326,NA,NA,NA
-95.5,10.5,11120,0.09440019979958571,NA,NA,NA
-94.5,10.5,11121,0.07243552554301404,NA,NA,NA
-93.5,10.5,11122,0.08735385271431444,NA,NA,NA
-92.5,10.5,11123,0.23086552940332355,NA,NA,NA
-91.5,10.5,11124,0.13255669937843104,NA,NA,NA
-90.5,10.5,11125,0.15637534667752592,NA,NA,NA
-89.5,10.5,11126,0.11910996540000345,NA,NA,NA
-88.5,10.5,11127,0.09162447450286253,NA,NA,NA
-87.5,10.5,11128,0.051410723542833804,NA,NA,NA
-86.5,10.5,11129,0.055240080331389343,NA,NA,NA
-85.5,10.5,11130,0.09327472913823341,NA,NA,NA
-84.5,10.5,11131,0.0782194462596659,NA,NA,NA
-83.5,10.5,11132,0.12239819581622552,NA,NA,NA
-82.5,10.5,11133,0.03121086263821735,NA,NA,NA
-80.5,10.5,11134,0.03773673679764974,NA,NA,NA
-69.5,10.5,11142,0.06634581270062298,0.17158647105667862,0.19169950081825612,0.04712483431073174
-68.5,10.5,11143,0.04786902089870616,0.3914374655682583,0.03456411153171952,0.04186817047962752
-67.5,10.5,11144,0.06849616821065642,0.26533172064372385,0.05000567670589087,0.04542740130489976
-66.5,10.5,11145,0.08695843042395285,0.20852206019599634,0.11356193845211787,0.08532001675376312
-65.5,10.5,11146,0.0835192646448262,0.14358099458454743,0.09129854225456473,0.11190409294285489
-64.5,10.5,11147,0.10119120475976667,0.11564826425951408,0.1345870490880425,0.08910195902743322
-63.5,10.5,11148,0.15534242169073018,0.1963837862667904,0.3114730220630043,0.12120335531725468
-62.5,10.5,11149,0.16988867726437112,0.29400634396070496,0.15195460486832824,0.09855861951516907
-61.5,10.5,11150,0.09580415642189069,0.11138656843900042,0.08588380540257985,0.05263008861391708
-59.5,10.5,11151,0.06582375907274164,0.27322485907193883,0.4002707763700486,0.10703848222633595
-58.5,10.5,11152,0.1289836630531245,0.17911120077836612,0.2235136209998971,0.21713464673412916
-57.5,10.5,11153,0.025201688306163355,0.0886932382074275,0.059140974163387046,0.06548317533947033
-53.5,10.5,11154,0.17452218983073756,0.7380590763301884,0.6872573941579984,0.2741833033849914
-52.5,10.5,11155,0.09484742235720862,0.28486480433034306,0.11560931545067328,0.2846704058142681
-51.5,10.5,11156,0.07491454858374097,0.2769389058728729,0.15208908651569647,0.25111691119087853
-50.5,10.5,11157,0.0882710487702532,0.49413969093359594,0.12218099814930507,0.2553908323573952
-49.5,10.5,11158,0.10317476242109411,0.5136086398230062,0.20859615413143168,0.3014305676256619
-48.5,10.5,11159,0.08864134029818334,0.3682867819065921,0.13089087910223302,0.25973645720781857
-47.5,10.5,11160,0.09201489833354977,0.3851364067727708,0.13257067023831412,0.24223926460685621
-46.5,10.5,11161,0.088202752329947,0.4353300918478795,0.22471529814639424,0.2883491289888618
-45.5,10.5,11162,0.08905300327230578,0.5161784598213571,0.2568674278825367,0.26110630221121817
-44.5,10.5,11163,0.07687602324452762,0.5118130774955881,0.15031306599908825,0.2693063554045094
-43.5,10.5,11164,0.07479288764766702,0.40023824520546514,0.1601459083441663,0.27179395044397087
-42.5,10.5,11165,0.07770448258997315,0.3801173703312774,0.22550081310623268,0.2783627340540666
-41.5,10.5,11166,0.07876353713036384,0.34903403717517706,0.13358791855499422,0.32221153815741443
-40.5,10.5,11167,0.08595636655507603,0.399448817468083,0.16561572293162005,0.3199324144099284
-39.5,10.5,11168,0.04465313100714112,0.17234102318603728,0.060794814642987596,0.2632169405234402
-38.5,10.5,11169,0.054906068269577675,0.1884715651343581,0.07765831921422445,0.26273803022475256
-37.5,10.5,11170,0.04764591065537912,0.15262385856892982,0.06559277670740098,0.21617028142114597
-36.5,10.5,11171,0.04570715123814274,0.1492501243265615,0.06722013877818182,0.23969751223513872
-35.5,10.5,11172,0.039799314406122985,0.13183850291672938,0.05527773666741794,0.22044083337420192
-34.5,10.5,11173,0.047425601143411246,0.1249215794135599,0.05546430628313654,0.1885676470770176
-33.5,10.5,11174,0.04334493430067933,0.10841793343041634,0.08698429387512559,0.16976971187138218
-32.5,10.5,11175,0.04381909452962839,0.11291005467082024,0.08119420191246457,0.16209179114850109
-31.5,10.5,11176,0.041606412305665384,0.10480002841758056,0.06678740542751212,0.13629006744349043
-30.5,10.5,11177,0.04843581384527185,0.0907582042864719,0.08087549742273643,0.10758498251634843
-29.5,10.5,11178,0.04264716424529405,0.07804444268056147,0.07013947088470159,0.0951937059351687
-28.5,10.5,11179,0.050028866610858896,0.08803623043643435,0.0745113473083219,0.09845917512999755
-27.5,10.5,11180,0.047277969680386826,0.07448596089544053,0.06413344535263286,0.07769622164595351
-26.5,10.5,11181,0.04741845363750541,0.07071472444033601,0.051316268717313394,0.06885172048780024
-25.5,10.5,11182,0.04866861193563231,0.06790762755608708,0.07077011397771896,0.07702709040676767
-24.5,10.5,11183,0.04968058363330118,0.06954411971944474,0.0602541376741457,0.07731675428712077
-23.5,10.5,11184,0.04088748914855723,0.060880851246433595,0.05480224425825017,0.072560388065531
-22.5,10.5,11185,0.03881541191147583,0.05940404091024087,0.0617714684744516,0.07558109768072374
-21.5,10.5,11186,0.03681092632049617,0.061656468010924406,0.0448348826901387,0.0668889825498719
-20.5,10.5,11187,0.03774637838176079,0.05973835025801716,0.04433064453960503,0.06733196063680491
-19.5,10.5,11188,0.03213623363545689,0.048337038817119135,0.044188042930413195,0.058494060511617665
-18.5,10.5,11189,0.03416971535865219,0.05198225120491016,0.056090674813551906,0.07106188154778899
-17.5,10.5,11190,0.032513551756328564,0.05919844535401805,0.04208612160468453,0.06345710701957984
-16.5,10.5,11191,0.036337560667420235,0.070903482366643,0.07557347917033451,0.06817669866165761
-15.5,10.5,11192,0.038539248994469096,0.06502888871908571,0.12834244784371107,0.07214051343022958
-14.5,10.5,11193,0.0371209277448298,0.05760400875315967,0.1209742962436419,0.06970964400127912
-13.5,10.5,11194,0.04153465779433456,0.09393608778283802,0.13237389265982905,0.06601871105309892
-12.5,10.5,11195,0.03982268188351382,0.07066263630926237,0.13216645654149758,0.07195129169751965
-11.5,10.5,11196,0.03795797249556937,0.0567182615605107,0.1202965653107532,0.06030669242073399
-10.5,10.5,11197,0.03461963785245341,0.04979340670467195,0.10544625593043361,0.05023748143149882
-9.5,10.5,11198,0.04223453502126786,0.057009144967287484,0.10217139774168103,0.04852194963820563
-8.5,10.5,11199,0.0472189500690109,0.08040280075884502,0.09803251369627074,0.06165888900961276
-7.5,10.5,11200,0.04093652129163918,0.08045362803890914,0.056070895719821316,0.03823870317826159
-6.5,10.5,11201,0.04042723329910513,0.05585107675722548,0.05368178042109213,0.03972416254170641
-5.5,10.5,11202,0.049851098595322545,0.04583428898822742,0.053700461075277324,0.03938413623310266
-4.5,10.5,11203,0.03558881144009511,0.03730494322319505,0.05534445203621328,0.036953497509037085
-3.5,10.5,11204,0.032041716085556345,0.035225754391230234,0.04021484167384413,0.029596573773861514
-2.5,10.5,11205,0.027576492407801485,0.029704317358533364,0.035514813952000575,0.026278592611687728
-1.5,10.5,11206,0.03274158147910894,0.03558856790941897,0.03422404397966752,0.02400043786891939
-0.5,10.5,11207,0.038331326233502654,0.04474530117867235,0.042914619778693035,0.030197302033020384
0.5,10.5,11208,0.045980592820304776,0.059716248748398246,0.05614705722037059,0.038415907536293384
1.5,10.5,11209,0.02335792463763452,0.027618273330151776,0.03181250635829141,0.01968457602521635
2.5,10.5,11210,0.01974887116355392,0.02547926161566054,0.02805839281404277,0.01751799369105858
3.5,10.5,11211,0.020283655032553412,0.02544675431279733,0.03367695796050276,0.020642759518601075
4.5,10.5,11212,0.020496743751723088,0.025846785806723532,0.02651824621894466,0.019087572596809543
5.5,10.5,11213,0.020394241762700493,0.025128210138627035,0.029691077539836186,0.02046656929955827
6.5,10.5,11214,0.02645528734848375,0.027665844545732735,0.028711116516764567,0.022703191551848235
7.5,10.5,11215,0.024704448360806295,0.02831607658835031,0.03082743191971121,0.02253631717474739
8.5,10.5,11216,0.025194766578954593,0.03313654382050578,0.03459216388937121,0.027614778365791823
9.5,10.5,11217,0.027226887058548394,0.035200776041761625,0.04535482754295273,0.0228248128619168
10.5,10.5,11218,0.027747960116454754,0.030567664221667838,0.03646360893594718,0.022796371971498006
11.5,10.5,11219,0.03311666123938247,0.0321937390848414,0.05154763256622182,0.02744558298711612
12.5,10.5,11220,0.02673336758578712,0.030781763077334854,0.04499304072762933,0.026526167178645203
13.5,10.5,11221,0.027203345760088007,0.03118949804385566,0.04484549931512055,0.029215348743557634
14.5,10.5,11222,0.02849393613188471,0.03035994935035526,0.04972132984781411,0.03546521084283381
15.5,10.5,11223,0.029773517225117303,0.030310272964568567,0.058484978836050826,0.03668177611688283
16.5,10.5,11224,0.0324945210776635,0.032822604400083825,0.06381635647064261,0.046956389243528664
17.5,10.5,11225,0.03506183872652786,0.03555366860759011,0.06306920699048815,0.04690363105251378
18.5,10.5,11226,0.029504186086886392,0.0330860790713968,0.055647106499360714,0.0403390770096572
19.5,10.5,11227,0.02831548620036951,0.033803633004320065,0.0643443436595398,0.03858672643160567
20.5,10.5,11228,0.027984451232882093,0.034606205615850344,0.052441622465164435,0.038395938284079154
21.5,10.5,11229,0.024438955298115232,0.029182003278359684,0.04450602043751427,0.03381922609536406
22.5,10.5,11230,0.02377336465757491,0.030460527864608428,0.047066698349575734,0.033493776599190506
23.5,10.5,11231,0.0213004641733849,0.029267751077441343,0.056925697263844256,0.030643718363367132
24.5,10.5,11232,0.01730694167742252,0.023519069675316966,0.05574425227041646,0.025198766630983076
25.5,10.5,11233,0.01503300034962344,0.026364841783309792,0.05532573941455701,0.025049895110621518
26.5,10.5,11234,0.014562397763365237,0.02498967265915503,0.055987475307126985,0.023850855629778827
27.5,10.5,11235,0.01530842980688741,0.026235270881095406,0.06104071577718267,0.022622082360428737
28.5,10.5,11236,0.014556639549055422,0.02833245019377114,0.0615116902102245,0.02280305241076809
29.5,10.5,11237,0.014086252071047165,0.030910203434485122,0.06504971971934473,0.022796603875377557
30.5,10.5,11238,0.014866778335762386,NA,NA,0.024582303028087255
31.5,10.5,11239,0.014088696259100158,NA,NA,0.024001837387409457
32.5,10.5,11240,0.0139264129540452,NA,NA,0.03643191843996893
33.5,10.5,11241,0.013230842040169579,NA,NA,0.027090918734756577
34.5,10.5,11242,0.013646989055587894,NA,NA,0.029243145069021113
35.5,10.5,11243,0.01524965035522537,NA,NA,0.030125478507505313
36.5,10.5,11244,0.017320561811640146,NA,NA,0.03457219053377056
37.5,10.5,11245,0.014728065781177156,NA,NA,0.0401577986539099
38.5,10.5,11246,0.015198458559915794,NA,NA,0.04247029759900074
39.5,10.5,11247,0.0154883337555846,NA,NA,0.040629344313834734
40.5,10.5,11248,0.01813870267268053,NA,NA,NA
41.5,10.5,11249,0.017409355735524597,NA,NA,NA
42.5,10.5,11250,0.019957395179991823,NA,NA,NA
43.5,10.5,11251,0.016583700365341895,NA,NA,NA
44.5,10.5,11252,0.016779053486638367,NA,NA,NA
45.5,10.5,11253,0.016307986756039648,NA,NA,NA
46.5,10.5,11254,0.018374231171428997,NA,NA,NA
47.5,10.5,11255,0.0165667202841885,NA,NA,NA
48.5,10.5,11256,0.015931086980448192,NA,NA,NA
49.5,10.5,11257,0.021344731892984505,NA,NA,NA
50.5,10.5,11258,0.028734801386441303,NA,NA,0.0666324211876157
51.5,10.5,11259,0.02989653699056978,NA,NA,0.12084839226062814
52.5,10.5,11260,0.019795413798426885,NA,NA,0.06972330781234226
53.5,10.5,11261,0.024057323994995675,NA,NA,0.06785533396959792
54.5,10.5,11262,0.029352733364655294,NA,NA,0.05648439419708445
55.5,10.5,11263,0.030084024374979024,NA,NA,0.03779435703211796
56.5,10.5,11264,0.030374979354038305,NA,NA,0.03658028875371528
57.5,10.5,11265,0.03217775935395659,NA,NA,0.03302473653135096
58.5,10.5,11266,0.03805583110288536,NA,NA,0.032724085753812714
59.5,10.5,11267,0.04149074429104069,NA,NA,0.029466064902280847
60.5,10.5,11268,0.04273439738388165,NA,NA,NA
61.5,10.5,11269,0.04766172262942669,NA,NA,NA
62.5,10.5,11270,0.06791571287426454,NA,NA,NA
63.5,10.5,11271,0.08756351584334073,NA,NA,NA
64.5,10.5,11272,0.09381238356236585,NA,NA,NA
65.5,10.5,11273,0.1167698833075555,NA,NA,NA
66.5,10.5,11274,0.12043450173269821,NA,NA,NA
67.5,10.5,11275,0.11407515366718049,NA,NA,NA
68.5,10.5,11276,0.09291143196146529,NA,NA,NA
69.5,10.5,11277,0.10847259217894617,NA,NA,NA
70.5,10.5,11278,0.10287566447365266,0.08789047167349745,NA,NA
71.5,10.5,11279,0.13697589635937912,0.08769649926374558,NA,NA
72.5,10.5,11280,0.18287541957280407,0.09031503629222454,NA,NA
73.5,10.5,11281,0.1659891617123136,0.09523051294327078,NA,NA
74.5,10.5,11282,0.15365303693294396,0.1010696641720903,NA,NA
75.5,10.5,11283,0.15187956563021793,0.1066145118727093,NA,NA
76.5,10.5,11284,0.11811006458337156,0.07046833263554501,NA,NA
77.5,10.5,11285,0.07619891623460204,0.05262884468538195,NA,NA
78.5,10.5,11286,0.055969894062968754,0.05663267070049974,NA,NA
79.5,10.5,11287,0.06022575964086239,0.05489067408467247,NA,NA
80.5,10.5,11288,0.07917558272097568,0.07926516379257903,NA,NA
81.5,10.5,11289,0.10114578296327742,0.11787244126168907,NA,NA
82.5,10.5,11290,0.10603448870853048,0.14921312461419675,NA,NA
83.5,10.5,11291,0.06793557644820669,0.05840613962240691,NA,NA
84.5,10.5,11292,0.09467888672363106,0.11089749288451947,NA,NA
85.5,10.5,11293,0.11133630713838737,0.13482095326144727,NA,NA
86.5,10.5,11294,0.11089026109177774,0.16115767996484995,NA,NA
87.5,10.5,11295,0.2227894479420381,0.15265556819411397,NA,NA
88.5,10.5,11296,0.12391074102694995,0.13494768058394913,NA,NA
89.5,10.5,11297,0.13526693978086513,0.23577548540903,NA,NA
90.5,10.5,11298,0.10400994897894122,NA,NA,NA
91.5,10.5,11299,0.13079670374169075,NA,NA,NA
92.5,10.5,11300,0.0734600026325843,NA,NA,NA
93.5,10.5,11301,0.11602847822212313,NA,NA,NA
-128.5,11.5,11302,0.008437240851610432,NA,NA,0.03472708411066524
-127.5,11.5,11303,0.030412572485643826,NA,NA,0.03717676249103481
-126.5,11.5,11304,0.014557306757168873,NA,NA,0.03230917542663533
-125.5,11.5,11305,0.013232223052225673,NA,NA,0.034105721229529956
-124.5,11.5,11306,0.014871848149768852,NA,NA,0.028090920321330638
-123.5,11.5,11307,0.0157174179532181,NA,NA,0.039145996460321394
-122.5,11.5,11308,0.014978598974387594,NA,NA,0.04129511956044573
-121.5,11.5,11309,0.014494760657820835,NA,NA,0.04307918184494037
-120.5,11.5,11310,0.015779569939451073,NA,NA,0.035803056684663645
-99.5,11.5,11327,0.0700289211169338,NA,NA,NA
-98.5,11.5,11328,0.358850466597521,NA,NA,NA
-97.5,11.5,11329,0.173171333235343,NA,NA,NA
-96.5,11.5,11330,0.11646884717703151,NA,NA,NA
-95.5,11.5,11331,0.09299445521831778,NA,NA,NA
-94.5,11.5,11332,0.06591054566570423,NA,NA,NA
-93.5,11.5,11333,0.06176798151865104,NA,NA,NA
-92.5,11.5,11334,0.1360047938925889,NA,NA,NA
-91.5,11.5,11335,0.09378810831766049,NA,NA,NA
-90.5,11.5,11336,0.142354273770236,NA,NA,NA
-89.5,11.5,11337,0.1709694523515007,NA,NA,NA
-88.5,11.5,11338,0.09683427271189006,NA,NA,NA
-87.5,11.5,11339,0.027275886798138922,NA,NA,NA
-86.5,11.5,11340,0.08332573804065266,NA,NA,NA
-85.5,11.5,11341,0.13033326978681165,NA,NA,NA
-84.5,11.5,11342,0.1259613118454051,NA,NA,NA
-83.5,11.5,11343,0.21202265515620006,NA,NA,NA
-82.5,11.5,11344,0.06859242475631332,NA,NA,NA
-81.5,11.5,11345,0.05260673766458068,NA,NA,NA
-69.5,11.5,11350,0.07969766091290033,0.13810970755822038,0.06092542681927859,0.07096071395196141
-68.5,11.5,11351,0.06402367329538082,0.285037974401015,0.07621035880678964,0.047576393525627224
-67.5,11.5,11352,0.056838219700559287,0.27162331491990144,0.05123335307991529,0.055246630741241184
-66.5,11.5,11353,0.08833315605423793,0.19026959376537195,0.1023984683976484,0.06498261143827214
-65.5,11.5,11354,0.0883192022222343,0.10707314735933096,0.08667271119470668,0.07628276096221842
-64.5,11.5,11355,0.15304210777315666,0.14978448568961938,0.14280279622635694,0.11501140554934285
-63.5,11.5,11356,0.1472382227325483,0.18157377358582152,0.22412564666105605,0.11950757117861605
-62.5,11.5,11357,0.09693470493651574,0.20040488536110934,0.1931659773806618,0.08334303543066619
-61.5,11.5,11358,0.11672414814053007,0.30913151147384677,0.16448699812128492,0.1094445378476143
-60.5,11.5,11359,0.032830731744687355,0.0439979817757069,0.02885265284156775,0.03463890783632875
-59.5,11.5,11360,0.018326113230635526,0.05008713559652173,0.03686908257509496,0.01671145782567382
-58.5,11.5,11361,0.032569920268876944,0.1116388963150662,0.08658279686219869,0.08691619917678292
-53.5,11.5,11362,0.2762952401582283,0.20329119562323564,0.18679384526619774,0.22961473744325203
-52.5,11.5,11363,0.0562265206557441,0.19556625912206205,0.09913013898047733,0.16322446373640156
-51.5,11.5,11364,0.0678753614816269,0.276403341074163,0.08654520318699181,0.17120625536823247
-50.5,11.5,11365,0.07671406587517643,0.31425368804592374,0.0819172449741533,0.15804337546152225
-49.5,11.5,11366,0.07651906294169024,0.32982418499868116,0.10378019467081898,0.16163959023833785
-48.5,11.5,11367,0.060524365216270505,0.2203253013176742,0.06293975757212482,0.14074538454252014
-47.5,11.5,11368,0.0746479170285814,0.23596008159999352,0.08035922846594022,0.19126059980813892
-46.5,11.5,11369,0.08077506696556293,0.20763516278086575,0.1367466903730532,0.20008241756410627
-45.5,11.5,11370,0.08160282560343207,0.25201450516951285,0.08529583576254011,0.22019684246194043
-44.5,11.5,11371,0.07466658972350636,0.25978683357554444,0.14001552929700883,0.2566292424702013
-43.5,11.5,11372,0.06926647362306504,0.1820642121621978,0.12062977799319649,0.21830160372782215
-42.5,11.5,11373,0.070198585613523,0.16809465880766755,0.0771787601880307,0.24052914627343402
-41.5,11.5,11374,0.07368342759311777,0.1616888539520564,0.10297964393733244,0.24221039297294109
-40.5,11.5,11375,0.08111315795394576,0.2557099744093046,0.10460915239211287,0.2378985500140028
-39.5,11.5,11376,0.053990941018923905,0.13466136757904687,0.03918392512929631,0.17019257497125342
-38.5,11.5,11377,0.05041975088013106,0.10802465109403034,0.03566972429872119,0.1651264622655387
-37.5,11.5,11378,0.02862906060171469,0.06347985174451465,0.017472570907991848,0.10331379241559284
-36.5,11.5,11379,0.02770500046249816,0.058170649289419604,0.016575203828623992,0.083646920260816
-35.5,11.5,11380,0.04358005451271725,0.09714248864795315,0.03758512269266826,0.12137133465811996
-34.5,11.5,11381,0.041445664992379234,0.10967940241932617,0.04393134116193644,0.13118209414271922
-33.5,11.5,11382,0.04248158920916931,0.09188353684712233,0.04181403428878126,0.12561582039389538
-32.5,11.5,11383,0.04205835812853932,0.09373838106746235,0.03386640834047875,0.12582394525845866
-31.5,11.5,11384,0.04441773018806254,0.09190860816770781,0.05009170098279649,0.10882821750567157
-30.5,11.5,11385,0.04206295321226565,0.08614247957538343,0.05359456055588086,0.09151819505970875
-29.5,11.5,11386,0.04157766576596706,0.10153805590403603,0.05738060142375156,0.07832843092140718
-28.5,11.5,11387,0.038660295288775515,0.07493191395451118,0.05481947185449967,0.05952161339456482
-27.5,11.5,11388,0.04011913375789711,0.06298788944604662,0.0630036772544772,0.0667814395133292
-26.5,11.5,11389,0.048748177229801695,0.05842984121254324,0.04456246629597264,0.06873135000532589
-25.5,11.5,11390,0.04317054282296301,0.060916675846723764,0.04658545878180871,0.07917923521272793
-24.5,11.5,11391,0.04468187299756804,0.07538809437860629,0.0757601047706241,0.06960274037553212
-23.5,11.5,11392,0.0434879428472543,0.06916329732308274,0.06745933724599912,0.06702428434328625
-22.5,11.5,11393,0.04218485913310367,0.057209017614120394,0.03530691770462587,0.05697701181951091
-21.5,11.5,11394,0.04216396345495463,0.0536332582362528,0.04554468150433717,0.05346769741010573
-20.5,11.5,11395,0.039030072214036066,0.052920542260934005,0.034029188983336796,0.045686087877041794
-19.5,11.5,11396,0.04600793026735575,0.056254500900134445,0.03862696278323465,0.05265092488741716
-18.5,11.5,11397,0.04073036809220226,0.05353520859100343,0.04415745984370727,0.04609386535896933
-17.5,11.5,11398,0.043124284439457046,0.052661277384594335,0.048303000597239194,0.05055131279420086
-16.5,11.5,11399,0.053700512327127616,0.05709862568211016,0.05590523764018624,0.0630210172707303
-15.5,11.5,11400,0.05311301602512645,0.06521512198702963,0.07266054155480976,0.06652779110295697
-14.5,11.5,11401,0.05312711719487614,0.06015577520735744,0.07713360911302022,0.05120224992175667
-13.5,11.5,11402,0.05052246107943142,0.06511967850074359,0.10104059303974075,0.05896753454075632
-12.5,11.5,11403,0.042757138213089387,0.0691862090682346,0.07832957511420263,0.05279741207765777
-11.5,11.5,11404,0.04589150628054637,0.06851727491400894,0.07968592724425444,0.05255601764232704
-10.5,11.5,11405,0.05087514919073065,0.07167463401582964,0.06629591534628053,0.04937505438456377
-9.5,11.5,11406,0.04043022904948307,0.06452018640332216,0.05861627089436426,0.04292766633251809
-8.5,11.5,11407,0.04108212868124026,0.05777352783703827,0.06678737531497342,0.048319458293772016
-7.5,11.5,11408,0.03428649261554313,0.046213465558977325,0.0790071363090105,0.039358031656254754
-6.5,11.5,11409,0.03435535908061804,0.057939209737120766,0.05371663493097808,0.04188627973662709
-5.5,11.5,11410,0.03276603168919992,0.05476061571689302,0.06110566312922106,0.0400551624246319
-4.5,11.5,11411,0.03868729816478182,0.047712689121359335,0.051068154317697526,0.0452362724862324
-3.5,11.5,11412,0.028210245501160122,0.033940456429398976,0.0348698436114778,0.034825865175031875
-2.5,11.5,11413,0.024481515883145327,0.030397187414220952,0.04020261350157373,0.030681928217839632
-1.5,11.5,11414,0.025191373643953296,0.028990722058967355,0.033522779657218976,0.02971677217329651
-0.5,11.5,11415,0.01868147036386735,0.023108657245575714,0.019878974488709285,0.02250891410175343
0.5,11.5,11416,0.016241437308267624,0.020305192222841148,0.01773666294004546,0.02033625559627618
1.5,11.5,11417,0.016946390194230547,0.01929418224143967,0.01951542706186764,0.019776475708784064
2.5,11.5,11418,0.01609267282788651,0.017590158160571596,0.02001948594726551,0.0182709860132872
3.5,11.5,11419,0.01639173700718711,0.018480241390850225,0.021195125315952603,0.019278940925424565
4.5,11.5,11420,0.014178460332862158,0.018664898670193296,0.022414770662684873,0.01984751096316529
5.5,11.5,11421,0.017388469030611274,0.02407967396847354,0.025937937320481132,0.021654206985393918
6.5,11.5,11422,0.018416990533138413,0.025145606391588797,0.03263019628170231,0.022782347156465113
7.5,11.5,11423,0.01982026209898453,0.032046240730351574,0.03350610431422101,0.024852476419099667
8.5,11.5,11424,0.01980150513217544,0.027453206328589157,0.03352561364933353,0.026007128020846548
9.5,11.5,11425,0.01972991070171281,0.034956674846373825,0.03778895322064558,0.02480309984404792
10.5,11.5,11426,0.020024871027656734,0.02596640796460788,0.0327084470498017,0.026626817183819693
11.5,11.5,11427,0.021159356948518324,0.02349086336826723,0.03222721812392846,0.02492954437867808
12.5,11.5,11428,0.021415903820621102,0.021750806630399813,0.030619776823931234,0.024569055159813863
13.5,11.5,11429,0.02115345777172143,0.021542603268587198,0.03007220879895844,0.023779948585313744
14.5,11.5,11430,0.0241163693552169,0.024204411175902458,0.033127736184304465,0.025576279651705305
15.5,11.5,11431,0.028259405599062776,0.029225410120115484,0.04497865554996943,0.03129987226797685
16.5,11.5,11432,0.024206562080076224,0.02474287349121473,0.0352471125893955,0.027791986981213226
17.5,11.5,11433,0.023262496181713475,0.023897532415003316,0.038673338594895273,0.027751034591123713
18.5,11.5,11434,0.023293205006099802,0.027270267031387165,0.038377211864193496,0.027776404858975527
19.5,11.5,11435,0.02212492107427283,0.024393152477665585,0.03678023017922924,0.02815624853732873
20.5,11.5,11436,0.018417065184770542,0.02461743200331825,0.03632421909040828,0.03276367648856487
21.5,11.5,11437,0.01611919515059305,0.02276654095138495,0.032940611918854126,0.029316810829144706
22.5,11.5,11438,0.014980598555519566,0.022870341652436597,0.03125120806680656,0.029568297590202797
23.5,11.5,11439,0.013271997899674894,0.0195197312333576,0.03218804839485022,0.02691745186827642
24.5,11.5,11440,0.012790401361031862,0.016427628775205233,0.027829953657016075,0.02816474993416311
25.5,11.5,11441,0.011702501595958982,0.01627749443521475,0.03476135292573132,0.022197492162052287
26.5,11.5,11442,0.011151007584389748,0.016278220928039322,0.036198870971308604,0.024208270671538742
27.5,11.5,11443,0.0113680160908128,0.016966886699093003,0.0365714162075814,0.024103790070426998
28.5,11.5,11444,0.011336787274615038,0.01759860972529102,0.04233316232723445,0.02398240255001597
29.5,11.5,11445,0.011600209746144691,0.017354803579779112,0.04154055965867364,0.0225780805747814
30.5,11.5,11446,0.011863620812061673,NA,NA,0.021938248925402998
31.5,11.5,11447,0.011321092685813623,NA,NA,0.020634607402907935
32.5,11.5,11448,0.012058370315205251,NA,NA,0.025941148778698547
33.5,11.5,11449,0.011781655804971425,NA,NA,0.026090853909769188
34.5,11.5,11450,0.011700723249313203,NA,NA,0.028253477246208383
35.5,11.5,11451,0.011121488792682021,NA,NA,0.03146230534553861
36.5,11.5,11452,0.01330814460628294,NA,NA,0.03227046196736221
37.5,11.5,11453,0.012915000782958064,NA,NA,0.029325220303392983
38.5,11.5,11454,0.012662093547291866,NA,NA,0.028840318460939235
39.5,11.5,11455,0.013391576447493472,NA,NA,0.03110209971839648
40.5,11.5,11456,0.01509460315400387,NA,NA,NA
41.5,11.5,11457,0.015080707434702124,NA,NA,NA
42.5,11.5,11458,0.014931543700440196,NA,NA,NA
43.5,11.5,11459,0.018623369010930025,NA,NA,NA
44.5,11.5,11460,0.01597123419412981,NA,NA,NA
45.5,11.5,11461,0.018210521987956516,NA,NA,NA
46.5,11.5,11462,0.01891379520617741,NA,NA,NA
47.5,11.5,11463,0.022522319922873523,NA,NA,NA
48.5,11.5,11464,0.023227415150086948,NA,NA,NA
49.5,11.5,11465,0.02601924824624715,NA,NA,NA
50.5,11.5,11466,0.019851925554625113,NA,NA,0.04791130226886115
51.5,11.5,11467,0.02255471728322185,NA,NA,0.05108675463255816
52.5,11.5,11468,0.023060120251666982,NA,NA,0.0383480450390825
53.5,11.5,11469,0.027369160687809344,NA,NA,0.0424061327808411
54.5,11.5,11470,0.02691025827048488,NA,NA,0.036758131760404884
55.5,11.5,11471,0.024559010312731486,NA,NA,0.042134213306123304
56.5,11.5,11472,0.02555166673849305,NA,NA,0.03813418094232622
57.5,11.5,11473,0.027486719893034844,NA,NA,0.03401312234565537
58.5,11.5,11474,0.031141117537159053,NA,NA,0.04065301658071358
59.5,11.5,11475,0.03457392536024744,NA,NA,0.06067024967628172
60.5,11.5,11476,0.09263471032078252,NA,NA,NA
61.5,11.5,11477,0.0811118089432686,NA,NA,NA
62.5,11.5,11478,0.06352335680429688,NA,NA,NA
63.5,11.5,11479,0.07708574581359513,NA,NA,NA
64.5,11.5,11480,0.09251751108967561,NA,NA,NA
65.5,11.5,11481,0.12394191089155383,NA,NA,NA
66.5,11.5,11482,0.1536753733882414,NA,NA,NA
67.5,11.5,11483,0.15747746421895925,NA,NA,NA
68.5,11.5,11484,0.1862428752583764,NA,NA,NA
69.5,11.5,11485,0.2672706424514427,NA,NA,NA
70.5,11.5,11486,0.12428041692589524,0.11830856858831065,NA,NA
71.5,11.5,11487,0.10639718660760117,0.09385186120287115,NA,NA
72.5,11.5,11488,0.10113324580245216,0.09235963044823518,NA,NA
73.5,11.5,11489,0.09276947244960891,0.10772110301672504,NA,NA
74.5,11.5,11490,0.0992131651362306,0.09822237098878629,NA,NA
75.5,11.5,11491,0.14608034776709533,0.11543171038938285,NA,NA
76.5,11.5,11492,0.0927883579644036,0.08077093514512934,NA,NA
77.5,11.5,11493,0.09691360054513802,0.06048158144486885,NA,NA
78.5,11.5,11494,0.09120261276895507,0.08170584347361667,NA,NA
79.5,11.5,11495,0.0781387015871268,0.11783661983501317,NA,NA
80.5,11.5,11496,0.07690836361763614,0.10100242557761133,NA,NA
81.5,11.5,11497,0.07664746683601573,0.11753101055998877,NA,NA
82.5,11.5,11498,0.09349215700525908,0.09242925261463596,NA,NA
83.5,11.5,11499,0.09439633579835552,0.07894872675198765,NA,NA
84.5,11.5,11500,0.12087793330568537,0.10946801974833738,NA,NA
85.5,11.5,11501,0.1415540473641367,0.07604091036548546,NA,NA
86.5,11.5,11502,0.32442248174083865,0.11224378739342944,NA,NA
87.5,11.5,11503,0.19248909052059485,0.15911736389844436,NA,NA
88.5,11.5,11504,0.20642395760770457,0.2033230671696433,NA,NA
89.5,11.5,11505,0.17930559235017712,0.22676602166720905,NA,NA
90.5,11.5,11506,0.18379513804232464,NA,NA,NA
91.5,11.5,11507,0.16680112603080635,NA,NA,NA
92.5,11.5,11508,0.10221886500743764,NA,NA,NA
93.5,11.5,11509,0.013771797992609821,NA,NA,NA
-128.5,12.5,11510,0.015818016976907486,NA,NA,0.055373808492825305
-127.5,12.5,11511,0.012865316032937626,NA,NA,0.01823135204759752
-125.5,12.5,11512,0.008679862628885293,NA,NA,0.017649676995690936
-124.5,12.5,11513,0.015465627235086979,NA,NA,0.0336129165445848
-123.5,12.5,11514,0.014842152795175785,NA,NA,0.024356170137802096
-122.5,12.5,11515,0.012468044324406733,NA,NA,0.023907862356158112
-121.5,12.5,11516,0.013881651421410667,NA,NA,0.03014500000505508
-120.5,12.5,11517,0.013753556483984459,NA,NA,0.027942903023887945
-99.5,12.5,11533,0.20623474609427458,NA,NA,NA
-98.5,12.5,11534,0.44415604305354395,NA,NA,NA
-97.5,12.5,11535,0.1264763991458755,NA,NA,NA
-96.5,12.5,11536,0.12332940215560799,NA,NA,NA
-95.5,12.5,11537,0.12226595777646465,NA,NA,NA
-94.5,12.5,11538,0.07693989517628456,NA,NA,NA
-93.5,12.5,11539,0.055405744504161324,NA,NA,NA
-92.5,12.5,11540,0.1367341413167323,NA,NA,NA
-91.5,12.5,11541,0.10716036326718764,NA,NA,NA
-90.5,12.5,11542,0.08932186758682059,NA,NA,NA
-89.5,12.5,11543,0.16891243649297819,NA,NA,NA
-88.5,12.5,11544,0.09852050501713903,NA,NA,NA
-87.5,12.5,11545,0.07204936087104938,NA,NA,NA
-86.5,12.5,11546,0.09475767794880105,NA,NA,NA
-85.5,12.5,11547,0.10918031944896858,NA,NA,NA
-84.5,12.5,11548,0.1555959993212658,NA,NA,NA
-83.5,12.5,11549,0.2722697587733814,NA,NA,NA
-82.5,12.5,11550,0.07065210511156289,NA,NA,NA
-81.5,12.5,11551,0.034954074923397506,NA,NA,NA
-69.5,12.5,11555,0.09574698234675001,0.13141465690277762,0.05322581742494409,0.07178548864651366
-68.5,12.5,11556,0.05745928727151169,0.21050452936907785,0.0764968256453134,0.05551299876296175
-67.5,12.5,11557,0.06008580644805283,0.3754869076384957,0.1328616246496413,0.06702238217030754
-66.5,12.5,11558,0.07589546643318598,0.1687286561757639,0.1288370770370773,0.058255419013856446
-65.5,12.5,11559,0.09699946034888131,0.1472530405706211,0.08728163404169961,0.07099729915827707
-64.5,12.5,11560,0.09162792472644954,0.11422494961482783,0.15599700009241,0.10386790954179005
-63.5,12.5,11561,0.07539950581088443,0.18483449177977293,0.1916263017399013,0.09992924364460526
-62.5,12.5,11562,0.06006154238730582,0.20911447439977715,0.26323393823363184,0.08460666997024319
-61.5,12.5,11563,0.11584315353685923,0.1899292567758719,0.15674563684055964,0.08192959881455997
-60.5,12.5,11564,0.134768201407073,0.2145490763379962,0.1545130956829362,0.11832035751165092
-59.5,12.5,11565,0.14654836084232684,0.22192124742423144,0.11188975746865641,0.12732936063488212
-54.5,12.5,11566,0.46992222774753534,0.3880434663943132,0.4944346098303883,0.5476101665220613
-53.5,12.5,11567,0.09659645263405298,0.2256984133647363,0.2722065596012997,0.1346666211937578
-52.5,12.5,11568,0.050638231154414015,0.12294504498369031,0.1374077455218759,0.09598200320495798
-51.5,12.5,11569,0.07939109265551848,0.2050076439384674,0.07768647440203444,0.09963327343814497
-50.5,12.5,11570,0.07606647545984109,0.25053401080718146,0.08041583779118533,0.10824624695867566
-49.5,12.5,11571,0.06659326315316486,0.23035205430577407,0.08071000598131534,0.10284827187415684
-48.5,12.5,11572,0.05596565480126502,0.18702968140045806,0.08521814657024898,0.09759791777359968
-47.5,12.5,11573,0.06084210152105492,0.1371183055679422,0.08886119003673743,0.120851327712646
-46.5,12.5,11574,0.06728195812507781,0.13147187749535913,0.0657466913724995,0.13697923497744838
-45.5,12.5,11575,0.07602181408185081,0.2060079320320644,0.08431321085854976,0.24034317776344816
-44.5,12.5,11576,0.0848582932891753,0.16469436891892605,0.15491508580553004,0.3195869750953328
-43.5,12.5,11577,0.07011196488975958,0.12414066961229345,0.1295421299485482,0.21361104929920202
-42.5,12.5,11578,0.07844196902965218,0.14486099970158534,0.14909379299964212,0.2803445421072528
-41.5,12.5,11579,0.0810158168917142,0.14069977255841912,0.12342074666421159,0.2969356958676362
-40.5,12.5,11580,0.07201873028950505,0.16016970259293192,0.07055537392996297,0.23131620854951573
-39.5,12.5,11581,0.05530264200769433,0.09206242998791687,0.044848699062545835,0.14959593403317803
-38.5,12.5,11582,0.05118392983108082,0.07750132337118082,0.03474759788686942,0.10531954952363039
-37.5,12.5,11583,0.044779415331359346,0.0722842153961219,0.0269522963460721,0.10138116228365655
-36.5,12.5,11584,0.0464703393909965,0.08360887304072243,0.04368570858655066,0.097974202062052
-35.5,12.5,11585,0.053491918770875564,0.1034981898653089,0.03549913160380205,0.12164489459204093
-34.5,12.5,11586,0.03411007048354212,0.05664220840533986,0.0191140510640055,0.06694548805839062
-33.5,12.5,11587,0.06614934250613863,0.10581594169554195,0.05138614031715466,0.12030069234241135
-32.5,12.5,11588,0.054213497332435516,0.10164899621193291,0.04180115673716815,0.0965482980358435
-31.5,12.5,11589,0.05098027289915538,0.09496332772575003,0.03912844113408103,0.08587091578670683
-30.5,12.5,11590,0.05869880754757903,0.095544099846077,0.057060365575481595,0.07829682221690841
-29.5,12.5,11591,0.061251810936902205,0.09879800102422227,0.060007196778670426,0.078294297605576
-28.5,12.5,11592,0.05992150414399214,0.09046999240064088,0.08683496777133706,0.06733457781255371
-27.5,12.5,11593,0.05730524281999608,0.07582357178385644,0.04124871955984938,0.055325332737328925
-26.5,12.5,11594,0.05864169514488328,0.06305329784074876,0.03645400262934776,0.053925614459766444
-25.5,12.5,11595,0.08633257969340319,0.06110377830369144,0.053816346844671674,0.05130273019527872
-24.5,12.5,11596,0.055854417210281976,0.05690752781163109,0.04755666268377907,0.05208400310064701
-23.5,12.5,11597,0.0513044737445194,0.04611544631636463,0.043805718078567084,0.05222921616039494
-22.5,12.5,11598,0.05410138533445373,0.043593531507186034,0.04915011195481816,0.06628945334594659
-21.5,12.5,11599,0.05014370301549313,0.03880627499676156,0.022937632466463003,0.056278513316351184
-20.5,12.5,11600,0.056337152608340456,0.052335168857473094,0.03456177050851895,0.05787959430375883
-19.5,12.5,11601,0.06570788210346694,0.0592392833844046,0.03324697482737221,0.057150208412231326
-18.5,12.5,11602,0.06147496107626897,0.05421090399806068,0.031325325042910274,0.04443835366851929
-17.5,12.5,11603,0.05675365761001492,0.049572424890674364,0.02999826986584842,0.04353830746174299
-16.5,12.5,11604,0.06397659522354782,0.0566226555251547,0.034576170142004724,0.04324631721594051
-15.5,12.5,11605,0.06588894883983433,0.0617003095527572,0.051173548151597074,0.0531270637935436
-14.5,12.5,11606,0.07256227605822436,0.06992337898251773,0.06083706765289477,0.07475232407065553
-13.5,12.5,11607,0.05202252593406449,0.05538439107302663,0.046897096013148905,0.049931219854603394
-12.5,12.5,11608,0.05898874856327887,0.056181049920027586,0.051909697241732417,0.05507611197406635
-11.5,12.5,11609,0.048260338804714,0.0705043662278406,0.0411355606394402,0.04253541242610304
-10.5,12.5,11610,0.047854474310208804,0.061584028052574076,0.0529326669180643,0.04241787474960263
-9.5,12.5,11611,0.049259449798986325,0.06525952567194432,0.08537049924263537,0.04599950740416149
-8.5,12.5,11612,0.042699946841188906,0.0609416046528052,0.0667971353317715,0.038089160756556106
-7.5,12.5,11613,0.04097997554339426,0.05654837256010871,0.053639168990054706,0.03709565731520471
-6.5,12.5,11614,0.03736038412951746,0.05633489422739467,0.039872820518144766,0.04061655527854951
-5.5,12.5,11615,0.03796757073416125,0.05106362456577065,0.03887434002786078,0.04261807321982995
-4.5,12.5,11616,0.029746218906691886,0.040892336065961585,0.02911638604552622,0.03528223284926454
-3.5,12.5,11617,0.02710546251127398,0.05146901593276699,0.02505020988341458,0.03328336536603423
-2.5,12.5,11618,0.025306875662368084,0.0441330922342415,0.021867395319778576,0.03473831269124499
-1.5,12.5,11619,0.01998891890588671,0.028043079174364466,0.017512191861481535,0.033357778153333725
-0.5,12.5,11620,0.0179890139738586,0.02151552904776567,0.017749689541452875,0.033761332715497014
0.5,12.5,11621,0.015306168983235901,0.017089045104600617,0.016696337529778116,0.03337184471790564
1.5,12.5,11622,0.015001492438577279,0.017999083795262483,0.01805436143982383,0.041091497121593816
2.5,12.5,11623,0.015981680125526133,0.0200035790372477,0.020390804603576798,0.031987105708313604
3.5,12.5,11624,0.016934210341761676,0.019787880174235575,0.022203619018216877,0.03158614546979941
4.5,12.5,11625,0.018524701447714304,0.029015403683056714,0.0240068537218957,0.03448749652480305
5.5,12.5,11626,0.01895415747896931,0.030381991339589725,0.030487948435950495,0.03516842763998804
6.5,12.5,11627,0.015584494865966525,0.02930049988959625,0.0330579845780079,0.0363692533785782
7.5,12.5,11628,0.0161509097888738,0.03235095956380325,0.031096256786192975,0.03579862218474198
8.5,12.5,11629,0.016911553398192575,0.03593633248006375,0.03241832430073535,0.037429384559407246
9.5,12.5,11630,0.016071038770908114,0.02494186622793778,0.03405857003184969,0.03623209374168931
10.5,12.5,11631,0.017000272986066687,0.027157143118207723,0.0374430723861198,0.03748476637321194
11.5,12.5,11632,0.016257602219278827,0.024008013790004473,0.03319621186124282,0.03495559620495843
12.5,12.5,11633,0.015800603070715118,0.02225957152462106,0.030776716475414335,0.03255044168375703
13.5,12.5,11634,0.017395490053509294,0.025900673950806745,0.02766949922694449,0.02813572974467032
14.5,12.5,11635,0.014719761724673602,0.021014520276592435,0.02683263631759232,0.02467073990774028
15.5,12.5,11636,0.014538146033119547,0.021765416721429648,0.02515962585230268,0.02278242561567539
16.5,12.5,11637,0.013589386369491526,0.03642292193004595,0.024667997312445632,0.02194767166021427
17.5,12.5,11638,0.013566888389910221,0.023307031785110895,0.024195672211102155,0.0222070189062957
18.5,12.5,11639,0.014121190172425713,0.021690463152520958,0.0243146928393327,0.02265926246681996
19.5,12.5,11640,0.014530802691693556,0.020672695231656615,0.026656679777816734,0.02254611347060192
20.5,12.5,11641,0.015128079410999654,0.019018066047059076,0.0277752694940936,0.020690826524973057
21.5,12.5,11642,0.01284047830420008,0.017843127934437913,0.026086548516086213,0.01999846236442036
22.5,12.5,11643,0.012640693932272209,0.018420932715531937,0.02792778738683512,0.021243292686548364
23.5,12.5,11644,0.012886906796624622,0.01995604938393384,0.028295917210937573,0.023602122810249256
24.5,12.5,11645,0.012419236428235378,0.016237121749473782,0.03535097722078113,0.023191331010212014
25.5,12.5,11646,0.012368990520578662,0.01680267949253774,0.031759914451415606,0.021732000057915056
26.5,12.5,11647,0.010689714189548711,0.014863875239217143,0.028203147443450743,0.019927565898188875
27.5,12.5,11648,0.010856089030750707,0.013156777628501785,0.027236577617616848,0.019650974504887966
28.5,12.5,11649,0.011011373229935199,0.013779132633889192,0.023478436960051273,0.020736447784971232
29.5,12.5,11650,0.010220481515626257,0.013676345708791922,0.028758159379182472,0.01884748461571406
30.5,12.5,11651,0.010617838694094217,NA,NA,0.017881591639509083
31.5,12.5,11652,0.010170985284796524,NA,NA,0.026326597619444145
32.5,12.5,11653,0.010149831399110246,NA,NA,0.021647381643616015
33.5,12.5,11654,0.011383386301726996,NA,NA,0.02258825954907302
34.5,12.5,11655,0.01117575091239601,NA,NA,0.02393307629312742
35.5,12.5,11656,0.015890961597876604,NA,NA,0.024342214475947643
36.5,12.5,11657,0.011754716494711263,NA,NA,0.023225382141225527
37.5,12.5,11658,0.013252166239198572,NA,NA,0.023385663365222645
38.5,12.5,11659,0.011388140221770223,NA,NA,0.02587191296505368
39.5,12.5,11660,0.01184364420492125,NA,NA,0.026698176218870478
40.5,12.5,11661,0.01261116052941195,NA,NA,NA
41.5,12.5,11662,0.013428055415238215,NA,NA,NA
42.5,12.5,11663,0.014201957688733788,NA,NA,NA
43.5,12.5,11664,0.014327297558262253,NA,NA,NA
44.5,12.5,11665,0.014892283629206986,NA,NA,NA
45.5,12.5,11666,0.019433874653276343,NA,NA,NA
46.5,12.5,11667,0.02423723793022606,NA,NA,NA
47.5,12.5,11668,0.029044474648531098,NA,NA,NA
48.5,12.5,11669,0.026090966332972126,NA,NA,NA
49.5,12.5,11670,0.018387708752881985,NA,NA,NA
50.5,12.5,11671,0.02134101503628801,NA,NA,0.041371642054904234
51.5,12.5,11672,0.021903524045045714,NA,NA,0.039122653849129455
52.5,12.5,11673,0.02521838794198209,NA,NA,0.036091892571704205
53.5,12.5,11674,0.024081796943212625,NA,NA,0.03735279854029167
54.5,12.5,11675,0.020739563006070962,NA,NA,0.0351076113277886
55.5,12.5,11676,0.02001615363910543,NA,NA,0.034438594558972274
56.5,12.5,11677,0.023579266141818538,NA,NA,0.03590335609554053
57.5,12.5,11678,0.02377199371115463,NA,NA,0.04041939109564969
58.5,12.5,11679,0.04784503362171891,NA,NA,0.043128602938144474
59.5,12.5,11680,0.039021156840506034,NA,NA,0.04399766154667867
60.5,12.5,11681,0.04539061956666126,NA,NA,NA
61.5,12.5,11682,0.047553724409407756,NA,NA,NA
62.5,12.5,11683,0.04579378374661766,NA,NA,NA
63.5,12.5,11684,0.06440104431945111,NA,NA,NA
64.5,12.5,11685,0.06341130438404184,NA,NA,NA
65.5,12.5,11686,0.10108953992518106,NA,NA,NA
66.5,12.5,11687,0.12986707431909134,NA,NA,NA
67.5,12.5,11688,0.1766543460774858,NA,NA,NA
68.5,12.5,11689,0.19147354515093123,NA,NA,NA
69.5,12.5,11690,0.24180944780033306,NA,NA,NA
70.5,12.5,11691,0.11192907966798467,0.15201579930330042,NA,NA
71.5,12.5,11692,0.12656284714298144,0.1631881859614096,NA,NA
72.5,12.5,11693,0.1279106815177995,0.10872823730796351,NA,NA
73.5,12.5,11694,0.1309762840338868,0.09549177845516464,NA,NA
74.5,12.5,11695,0.12144438934603786,0.11198062173246905,NA,NA
75.5,12.5,11696,0.10895049305028469,0.07144523958608384,NA,NA
76.5,12.5,11697,0.08990903935436016,0.05510012786887917,NA,NA
77.5,12.5,11698,0.09909921587848315,0.05820576459890515,NA,NA
78.5,12.5,11699,0.11188924674048178,0.05647210330866091,NA,NA
79.5,12.5,11700,0.12573616108781502,0.059609993751747005,NA,NA
80.5,12.5,11701,0.09464882042848143,0.04590024202802537,NA,NA
81.5,12.5,11702,0.12292746812532003,0.07198883116454004,NA,NA
82.5,12.5,11703,0.09249123705693264,0.06917166088152493,NA,NA
83.5,12.5,11704,0.11000896322163752,0.11654940610674626,NA,NA
84.5,12.5,11705,0.14011711376803848,0.1085270118561825,NA,NA
85.5,12.5,11706,0.10877121747756965,0.07684148380095956,NA,NA
86.5,12.5,11707,0.13388872323871004,0.07652467896057416,NA,NA
87.5,12.5,11708,0.290737804022323,0.0827953166698434,NA,NA
88.5,12.5,11709,0.20892969730784655,0.17861451512627222,NA,NA
89.5,12.5,11710,0.2025021413002331,0.15714393291466655,NA,NA
90.5,12.5,11711,0.27268030620478895,NA,NA,NA
91.5,12.5,11712,0.30380090067168997,NA,NA,NA
92.5,12.5,11713,0.06237822945325465,NA,NA,NA
-128.5,13.5,11714,0.013206503815834342,NA,NA,0.03237843701013737
-127.5,13.5,11715,0.011114969844813109,NA,NA,0.02798198551153167
-126.5,13.5,11716,0.01566275833411346,NA,NA,0.043281404014701715
-125.5,13.5,11717,0.01494212600113867,NA,NA,0.04738140232730052
-124.5,13.5,11718,0.01205375142888688,NA,NA,0.017529437892885948
-123.5,13.5,11719,0.011542572713724613,NA,NA,0.01656504386503536
-122.5,13.5,11720,0.011317382524757183,NA,NA,0.01835960942906578
-121.5,13.5,11721,0.013634103982303799,NA,NA,0.025910134201000985
-120.5,13.5,11722,0.012427507533548045,NA,NA,0.02227764787450258
-99.5,13.5,11738,0.11781869898300468,NA,NA,NA
-98.5,13.5,11739,0.28050018018017275,NA,NA,NA
-97.5,13.5,11740,0.11757423733830989,NA,NA,NA
-96.5,13.5,11741,0.1184475010612531,NA,NA,NA
-95.5,13.5,11742,0.1357012011423532,NA,NA,NA
-94.5,13.5,11743,0.08342953206037984,NA,NA,NA
-93.5,13.5,11744,0.11475915077157457,NA,NA,NA
-92.5,13.5,11745,0.15933049652495565,NA,NA,NA
-91.5,13.5,11746,0.18829498753024196,NA,NA,NA
-90.5,13.5,11747,0.12938723831597795,NA,NA,NA
-89.5,13.5,11748,0.07507772855016523,NA,NA,NA
-88.5,13.5,11749,0.1153322460143345,NA,NA,NA
-87.5,13.5,11750,0.07995218451594106,NA,NA,NA
-86.5,13.5,11751,0.10672235020265314,NA,NA,NA
-85.5,13.5,11752,0.13002820492155673,NA,NA,NA
-84.5,13.5,11753,0.11059362710802668,NA,NA,NA
-83.5,13.5,11754,0.13549738687676124,NA,NA,NA
-82.5,13.5,11755,0.0914760252886652,NA,NA,NA
-69.5,13.5,11758,0.06498881640259829,0.1318788048454203,0.07530700592402267,0.08134890392074336
-68.5,13.5,11759,0.06207233396238428,0.15339371464558083,0.10236361425893727,0.05965835424307972
-67.5,13.5,11760,0.042652712383208786,0.2771049574133694,0.08973056476105562,0.06037345029152696
-66.5,13.5,11761,0.08093680311299005,0.3075176646967716,0.12433602557960856,0.06691238073820412
-65.5,13.5,11762,0.09792423102098423,0.11973889266614858,0.12321164784524574,0.06863426790274145
-64.5,13.5,11763,0.10955170639370501,0.21161678166226597,0.1268476842224613,0.08555377854123429
-63.5,13.5,11764,0.0681589262543853,0.15354137411463978,0.15459769768277618,0.08105054953994088
-62.5,13.5,11765,0.06469825331875621,0.19808212190242294,0.2376175713644943,0.09204785054393613
-61.5,13.5,11766,0.06506822435534015,0.16884822087643178,0.22172309865044965,0.07372766139261996
-60.5,13.5,11767,0.08574562054656712,0.27153199303410314,0.17011659336258295,0.09382360534976382
-55.5,13.5,11768,0.30127194711778016,0.417963881731823,0.5310599665844109,0.4458451139099706
-54.5,13.5,11769,0.06988298545141407,0.25559534656530125,0.20066756177486453,0.11037900129118454
-53.5,13.5,11770,0.04790201116017445,0.1764496552491184,0.20853401958454792,0.08560020534268124
-52.5,13.5,11771,0.062562295866806,0.18128417626523569,0.10401150378040509,0.08911325151888042
-51.5,13.5,11772,0.08724970845216452,0.18433053531979884,0.105604554142851,0.08389028029951877
-50.5,13.5,11773,0.08718976148755796,0.188948079771665,0.13680431964213516,0.0800624400594906
-49.5,13.5,11774,0.07451255175306205,0.16442483589439408,0.06168444769280334,0.07323880450876961
-48.5,13.5,11775,0.05935820143549216,0.1401388160703525,0.04748170543419491,0.07036391762372209
-47.5,13.5,11776,0.05964911231945758,0.09350229316563034,0.07305451571456442,0.081303104162777
-46.5,13.5,11777,0.0682471507579848,0.08908907056543938,0.05218378444280104,0.08972026669780969
-45.5,13.5,11778,0.07655704025599862,0.15693698041215917,0.06472971936648654,0.12840796873327598
-44.5,13.5,11779,0.10931678045892607,0.15396021777581106,0.08315671113090198,0.1575426405022725
-43.5,13.5,11780,0.06908574037011801,0.11937633546375728,0.07401706923982719,0.14030286366560824
-42.5,13.5,11781,0.09036868578165637,0.1452545924181873,0.1492327139049982,0.19984380105122307
-41.5,13.5,11782,0.10820532192286615,0.17475441550728876,0.1892737443567396,0.2492605991214803
-40.5,13.5,11783,0.09341482270477611,0.20495715018800187,0.09602051120712451,0.20385547337366863
-39.5,13.5,11784,0.06660712771044885,0.08377075968066788,0.05468607699824312,0.13856070677180884
-38.5,13.5,11785,0.06609579544930524,0.08199602550421946,0.04985907682181832,0.12655045026057582
-37.5,13.5,11786,0.05244204358566375,0.06345031229838902,0.033537759768890965,0.09398191453164624
-36.5,13.5,11787,0.05583373631567806,0.06478676675564099,0.034143999065258286,0.09502993244295176
-35.5,13.5,11788,0.05227672006964841,0.05300261957431957,0.03979832377677614,0.0748798873353333
-34.5,13.5,11789,0.057929137888720277,0.06988919326888249,0.03120567645492988,0.06049086412361135
-33.5,13.5,11790,0.03232945112289457,0.03457474534573044,0.01971472645002366,0.033735554317530766
-32.5,13.5,11791,0.0642539776650123,0.07691727981372223,0.0431742891495965,0.07818659641735312
-31.5,13.5,11792,0.05681022473151015,0.06837694495434828,0.04228981273705784,0.07146366250740589
-30.5,13.5,11793,0.055269843523884636,0.06929252613490838,0.040929638943226196,0.0694029494403503
-29.5,13.5,11794,0.05369273348976064,0.0647811542204496,0.0651957464585864,0.07316289000770332
-28.5,13.5,11795,0.05086586846814909,0.0579152577246948,0.07986881347450676,0.06732620237385924
-27.5,13.5,11796,0.042160029988175245,0.048671198356906475,0.04350384369753006,0.0584250820029575
-26.5,13.5,11797,0.04049417775863844,0.04472687028622515,0.051256814042867534,0.07540424779535075
-25.5,13.5,11798,0.04034484342484609,0.0462038756207731,0.05761637820174651,0.0651302964406425
-24.5,13.5,11799,0.039445831764069204,0.041049908012091,0.05890920461416327,0.052725072262558015
-23.5,13.5,11800,0.039363462351408855,0.044788818782939395,0.05465408499089795,0.04151617841492903
-22.5,13.5,11801,0.03178242986746584,0.04298618346060158,0.034254071768431094,0.032688399620330905
-21.5,13.5,11802,0.03513836383730779,0.04588271697751774,0.04480101687314358,0.030888872055120163
-20.5,13.5,11803,0.03979154650314632,0.046947343886433755,0.0346625839695825,0.03529083230897039
-19.5,13.5,11804,0.043011377000994486,0.052973439965229345,0.02826391725109559,0.03540735044870971
-18.5,13.5,11805,0.04850211156001731,0.054574151453413225,0.042699754014249906,0.03518658746805694
-17.5,13.5,11806,0.0451411439898448,0.051859953276942226,0.04863092875496798,0.03500039277029375
-16.5,13.5,11807,0.04920497076959863,0.05496367672868309,0.053629910579375994,0.037636211271361485
-15.5,13.5,11808,0.044863008822422105,0.05401366614270356,0.05669146196423479,0.039114329307578195
-14.5,13.5,11809,0.04144000015203723,0.0501140728902405,0.05461901486957529,0.03569642960716676
-13.5,13.5,11810,0.041031208547624896,0.04984799174014124,0.038431636369204505,0.037870139481202075
-12.5,13.5,11811,0.04057710652523139,0.052172755531624176,0.0345623364905535,0.03680633279805598
-11.5,13.5,11812,0.04022757458902537,0.05257309517150932,0.03631775717366675,0.031471905122020735
-10.5,13.5,11813,0.04079838197095253,0.04490547216948131,0.04746900954420241,0.03263859693986207
-9.5,13.5,11814,0.0400804498682602,0.04853508653512406,0.03582250044612653,0.033250894422629115
-8.5,13.5,11815,0.0371112934376852,0.06081360295842448,0.041819441476740236,0.03504745534046506
-7.5,13.5,11816,0.03967255695395653,0.058881208310563336,0.029692470509832578,0.03500907921551184
-6.5,13.5,11817,0.03622243312640161,0.05991467230783622,0.030984067530655263,0.03269311243323972
-5.5,13.5,11818,0.029462310582152748,0.04827022833474887,0.0291547670409549,0.02932273549664582
-4.5,13.5,11819,0.02641136927458599,0.04088179627127496,0.02618678610693998,0.025913837893407312
-3.5,13.5,11820,0.021531724160177804,0.036322477789636445,0.03245611601864106,0.02427775771182187
-2.5,13.5,11821,0.016751327450638957,0.029850016342187313,0.022869280267188333,0.022839257875617237
-1.5,13.5,11822,0.014096729905808455,0.02271687054486392,0.020051286473977015,0.01951559699225569
-0.5,13.5,11823,0.014883312819909914,0.019376758017238992,0.017950880835204436,0.01873185817621519
0.5,13.5,11824,0.01375049870265006,0.018468082470203862,0.017811451950422743,0.018511804076786553
1.5,13.5,11825,0.013704994507122993,0.02566721292886335,0.019766886563680783,0.020791117542300966
2.5,13.5,11826,0.01881082791113738,0.02818057878536271,0.023966389762290874,0.02762438089610233
3.5,13.5,11827,0.017686523547445005,0.021783338522855886,0.02178210430621397,0.03094367827549308
4.5,13.5,11828,0.02128911015419206,0.020949780203926106,0.024301260104694418,0.046188253724039084
5.5,13.5,11829,0.02167299924420203,0.019363712102170486,0.024796820887879337,0.0530479222771046
6.5,13.5,11830,0.021933175866162703,0.021739257151222696,0.030015448617048388,0.06529874078200235
7.5,13.5,11831,0.02916374149576554,0.03017543120087286,0.04585993425128484,0.08867397935345091
8.5,13.5,11832,0.021486095360607235,0.025177563337988495,0.03673059270520796,0.053096120924845405
9.5,13.5,11833,0.019889568964879617,0.025307084014571636,0.035606883697287255,0.04802897590923701
10.5,13.5,11834,0.01948281172125313,0.02589255610005896,0.03718770180832521,0.04899136970085426
11.5,13.5,11835,0.01764612077340342,0.02482787465298768,0.03532312177673092,0.04454913565825468
12.5,13.5,11836,0.01848999602291338,0.025593682893572955,0.03294881469545937,0.04461193475714183
13.5,13.5,11837,0.017147476926033425,0.025244602623441647,0.031956537294380256,0.040934047248806844
14.5,13.5,11838,0.015556177402902903,0.02211780016284353,0.02939616605555836,0.03437624286633057
15.5,13.5,11839,0.01295588311478058,0.018144499538550265,0.02415634953498639,0.025617481910250473
16.5,13.5,11840,0.012003919876590856,0.014755526578037135,0.02220462948537462,0.02189988855135655
17.5,13.5,11841,0.010860985246209189,0.021264832125691607,0.018867509018398877,0.0196587055893473
18.5,13.5,11842,0.010498733213125415,0.01545663253453122,0.018056362194766647,0.017166356227729784
19.5,13.5,11843,0.011574695212062334,0.021231766982308074,0.019580866274685763,0.020152693343080362
20.5,13.5,11844,0.012893641453456837,0.020404827465712372,0.02011194301772165,0.02113362183281376
21.5,13.5,11845,0.014965915306505295,0.022173620504200502,0.024459191362222056,0.02444496294118225
22.5,13.5,11846,0.013128001597433102,0.01745152223899389,0.02371175769931459,0.024248979547921188
23.5,13.5,11847,0.01400257369538651,0.016636076764560127,0.022892906271816615,0.023272282926474284
24.5,13.5,11848,0.016365984629349666,0.018265996321802477,0.03520852484098202,0.025885353727512724
25.5,13.5,11849,0.014594364593605117,0.01951078191966298,0.03178046572521993,0.02732975670294867
26.5,13.5,11850,0.013767977550378174,0.018358653843004134,0.036179233860457696,0.024664845386682198
27.5,13.5,11851,0.01334465667222294,0.01495385742877504,0.02897379392331454,0.02128351492673964
28.5,13.5,11852,0.011785162840969712,0.01457693309965456,0.026828420933436736,0.02039948165854346
29.5,13.5,11853,0.008985908024387734,0.011322681125009748,0.027081120914479374,0.01787579456957141
30.5,13.5,11854,0.008987376517523595,NA,NA,0.0197935486765553
31.5,13.5,11855,0.00893532645872248,NA,NA,0.017529955190067472
32.5,13.5,11856,0.009111236212831868,NA,NA,0.017496458361170922
33.5,13.5,11857,0.00994152799435621,NA,NA,0.018268188354633452
34.5,13.5,11858,0.010788877392409793,NA,NA,0.01967293583367445
35.5,13.5,11859,0.009778354936394264,NA,NA,0.021939573420921878
36.5,13.5,11860,0.010186978426203424,NA,NA,0.020137897569688045
37.5,13.5,11861,0.0111607508311413,NA,NA,0.022292129267935588
38.5,13.5,11862,0.013101956390126044,NA,NA,0.023351692084365164
39.5,13.5,11863,0.014797298943206142,NA,NA,0.024552313638755083
40.5,13.5,11864,0.015331091373007862,NA,NA,NA
41.5,13.5,11865,0.01645321336941206,NA,NA,NA
42.5,13.5,11866,0.014405532516507905,NA,NA,NA
43.5,13.5,11867,0.015954162905333514,NA,NA,NA
44.5,13.5,11868,0.014673437337123578,NA,NA,NA
45.5,13.5,11869,0.01624512342165519,NA,NA,NA
46.5,13.5,11870,0.02045156353796944,NA,NA,NA
47.5,13.5,11871,0.020120467862446013,NA,NA,NA
48.5,13.5,11872,0.023772287137922715,NA,NA,NA
49.5,13.5,11873,0.025032073616722994,NA,NA,NA
50.5,13.5,11874,0.026651172590356424,NA,NA,0.03452910443756125
51.5,13.5,11875,0.028013060185973045,NA,NA,0.03724265752299787
52.5,13.5,11876,0.017567901259627674,NA,NA,0.037875045525295865
53.5,13.5,11877,0.018045413987530984,NA,NA,0.03522310540708972
54.5,13.5,11878,0.018066509251802268,NA,NA,0.030241213486484304
55.5,13.5,11879,0.01814112602709352,NA,NA,0.031136940713653916
56.5,13.5,11880,0.018154312146645125,NA,NA,0.03427328649168395
57.5,13.5,11881,0.04266968848127411,NA,NA,0.03909296084644881
58.5,13.5,11882,0.027886048283344705,NA,NA,0.042589476699556594
59.5,13.5,11883,0.03963423892002919,NA,NA,0.05312848158177179
60.5,13.5,11884,0.04329233509563313,NA,NA,NA
61.5,13.5,11885,0.046444308212897384,NA,NA,NA
62.5,13.5,11886,0.04430883267511925,NA,NA,NA
63.5,13.5,11887,0.05288417395131272,NA,NA,NA
64.5,13.5,11888,0.05409050874121924,NA,NA,NA
65.5,13.5,11889,0.05885808910126069,NA,NA,NA
66.5,13.5,11890,0.06957118017689945,NA,NA,NA
67.5,13.5,11891,0.08790589026060448,NA,NA,NA
68.5,13.5,11892,0.20055915560075852,NA,NA,NA
69.5,13.5,11893,0.11197554559073082,NA,NA,NA
70.5,13.5,11894,0.11677668334212445,0.15847394047005464,NA,NA
71.5,13.5,11895,0.13883325047119727,0.2076207620108848,NA,NA
72.5,13.5,11896,0.14501927293995442,0.17568882286408213,NA,NA
73.5,13.5,11897,0.12361961173226162,0.12574511969624286,NA,NA
74.5,13.5,11898,0.11722654168131359,0.1192034182307727,NA,NA
75.5,13.5,11899,0.11445421063586386,0.08833667070047614,NA,NA
76.5,13.5,11900,0.21226182771370508,0.09698751863481442,NA,NA
77.5,13.5,11901,0.12002816356114651,0.05081136165305039,NA,NA
78.5,13.5,11902,0.07954389957545598,0.04287516374148542,NA,NA
79.5,13.5,11903,0.0929510183256607,0.04305293201477341,NA,NA
80.5,13.5,11904,0.0720894879957591,0.044046420484010695,NA,NA
81.5,13.5,11905,0.08472988505410735,0.05456860064705147,NA,NA
82.5,13.5,11906,0.12837704515563608,0.061547846119504646,NA,NA
83.5,13.5,11907,0.10458254028673644,0.0933194569695328,NA,NA
84.5,13.5,11908,0.10165322417666071,0.08719036071112021,NA,NA
85.5,13.5,11909,0.11360233241043631,0.07938856293995993,NA,NA
86.5,13.5,11910,0.16372377422908307,0.13672536283816267,NA,NA
87.5,13.5,11911,0.15217404605336834,0.1846802552482362,NA,NA
88.5,13.5,11912,0.16860060924570663,0.19754487710225282,NA,NA
89.5,13.5,11913,0.03143589865395399,0.07629648545965656,NA,NA
90.5,13.5,11914,0.017614180816792058,NA,NA,NA
-128.5,14.5,11915,0.015534250660644342,NA,NA,0.061073276556511895
-127.5,14.5,11916,0.02313526456384441,NA,NA,0.01975007834230631
-126.5,14.5,11917,0.016042868314510343,NA,NA,0.035328132482057364
-125.5,14.5,11918,0.016855579271722904,NA,NA,0.029028849453887992
-124.5,14.5,11919,0.012329807714873884,NA,NA,0.02738355311471991
-123.5,14.5,11920,0.013832104000105165,NA,NA,0.02135121152757244
-122.5,14.5,11921,0.011699302952897539,NA,NA,0.017114171709645454
-121.5,14.5,11922,0.014699934461507552,NA,NA,0.02507708432058615
-120.5,14.5,11923,0.013838761981175292,NA,NA,0.021314313129105412
-99.5,14.5,11938,0.10125596650972983,NA,NA,NA
-98.5,14.5,11939,0.5809166583323454,NA,NA,NA
-97.5,14.5,11940,0.4234088107742179,NA,NA,NA
-96.5,14.5,11941,0.22245848325890769,NA,NA,NA
-95.5,14.5,11942,0.11861877996526209,NA,NA,NA
-94.5,14.5,11943,0.19219437291679137,NA,NA,NA
-93.5,14.5,11944,0.16514219296709667,NA,NA,NA
-92.5,14.5,11945,0.15224222841621304,NA,NA,NA
-91.5,14.5,11946,0.18793634908492818,NA,NA,NA
-90.5,14.5,11947,0.14730355875962403,NA,NA,NA
-89.5,14.5,11948,0.10577679182011727,NA,NA,NA
-88.5,14.5,11949,0.10563124255452945,NA,NA,NA
-87.5,14.5,11950,0.20689262205481285,NA,NA,NA
-86.5,14.5,11951,0.17435264653441387,NA,NA,NA
-85.5,14.5,11952,0.05602854813837532,NA,NA,NA
-84.5,14.5,11953,0.04664143219936128,NA,NA,NA
-83.5,14.5,11954,0.06631969920897789,NA,NA,NA
-82.5,14.5,11955,0.05351281373940191,NA,NA,NA
-69.5,14.5,11957,0.06696310289109406,0.14687065556092851,0.08197398914465606,0.06898282603292076
-68.5,14.5,11958,0.06143377468693802,0.12069484603811428,0.05276582643295972,0.05836643637138935
-67.5,14.5,11959,0.04546370805633598,0.2584049192315714,0.1341312489557977,0.06817825601702052
-66.5,14.5,11960,0.061055294256897784,0.2878515202760093,0.1587671287438819,0.07171436660854696
-65.5,14.5,11961,0.11360578182968306,0.39374907568992473,0.31325609324192427,0.10403129115520593
-64.5,14.5,11962,0.09913744023231502,0.12837001829682732,0.22519377999670645,0.07761699388501356
-63.5,14.5,11963,0.17236770329345127,0.1749539802713016,0.08671659240377988,0.07479792833348015
-62.5,14.5,11964,0.07319518036790836,0.2175329511860765,0.16033172266370954,0.10167890453243202
-61.5,14.5,11965,0.0924493015232649,0.20520946809870408,0.20962557201427875,0.08308995881867623
-60.5,14.5,11966,0.08825204798307346,0.2543571978732605,0.0724703408546437,0.07553160601353585
-57.5,14.5,11967,0.08416100418723856,0.08667239145768561,0.059703733808948854,0.07429533251088193
-56.5,14.5,11968,0.04990769139418684,0.1376952897426573,0.15312964747855604,0.05641266541147482
-55.5,14.5,11969,0.045487017372573324,0.15467169051816632,0.21155762933666786,0.05059847564956937
-54.5,14.5,11970,0.05594629568401273,0.11557166129112635,0.12057121264133228,0.05934028274261605
-53.5,14.5,11971,0.06062232295270575,0.17553533033179217,0.15772752230172285,0.08635742005938764
-52.5,14.5,11972,0.07660745934332333,0.21653936548922717,0.10087855060380907,0.07618571436770527
-51.5,14.5,11973,0.07501672423534853,0.23272440861850147,0.06675233237040945,0.07802275536342777
-50.5,14.5,11974,0.07130219745829594,0.23760661336305033,0.057450968669523324,0.07796287178851274
-49.5,14.5,11975,0.06408101856090541,0.1756443642639841,0.04912379676420448,0.06579689564628899
-48.5,14.5,11976,0.05754355338693065,0.11300753614079934,0.045433575230707936,0.06960959574818992
-47.5,14.5,11977,0.054187249948410024,0.09038463237409704,0.07005018528132277,0.06620998780914049
-46.5,14.5,11978,0.058747320271002136,0.08825009040431721,0.049766527518496695,0.06318248806240878
-45.5,14.5,11979,0.07103824147523,0.15645715319692147,0.057183545251399216,0.09356833931730299
-44.5,14.5,11980,0.07082155616578036,0.14536816430705762,0.05598584905839332,0.0966338821506394
-43.5,14.5,11981,0.059771624390086264,0.10192567534918531,0.09318074805266906,0.07937586557844341
-42.5,14.5,11982,0.06236577597484116,0.09694598978210626,0.0678240708855342,0.07737011111076039
-41.5,14.5,11983,0.06264499121483873,0.09388797254744487,0.10228059592505255,0.08155897819658647
-40.5,14.5,11984,0.07996942570748736,0.15743843874757474,0.10747084662774016,0.11466963755918982
-39.5,14.5,11985,0.06446146562996317,0.08714806953131712,0.07335937188179854,0.05792691424886175
-38.5,14.5,11986,0.07027952495072368,0.0810283988366652,0.08781855304383765,0.06171319755734856
-37.5,14.5,11987,0.05029877809804065,0.07019032374592167,0.04471359329339033,0.044044527922441706
-36.5,14.5,11988,0.04736736135035925,0.06705965468921746,0.043800025754733574,0.042778620657219324
-35.5,14.5,11989,0.05303840083497103,0.07362222717824764,0.0567275794604109,0.045145912088384206
-34.5,14.5,11990,0.038633172621578504,0.04613111217878278,0.043517237963085424,0.034363197533188845
-33.5,14.5,11991,0.04855388247484313,0.06200841892631196,0.06614570418988386,0.05346178896931582
-32.5,14.5,11992,0.045042281332885604,0.06461073451809328,0.051446256149431144,0.05088276003921774
-31.5,14.5,11993,0.042709381410134944,0.07470606048958468,0.05026211181948795,0.04858403318947959
-30.5,14.5,11994,0.0427842384154107,0.07916504439947356,0.05175522818776632,0.059477718353598934
-29.5,14.5,11995,0.04035961362100758,0.074165274219207,0.05131973678756932,0.08306635614203786
-28.5,14.5,11996,0.037630255021265,0.06374835619873072,0.07903692526389135,0.08897361649551612
-27.5,14.5,11997,0.02993949799414454,0.05019087481165893,0.0653735147961282,0.09430258263252882
-26.5,14.5,11998,0.024322640255881687,0.03997801407863907,0.045139692582411385,0.06251734415893868
-25.5,14.5,11999,0.023643585753842476,0.036695884504225985,0.05185845655109785,0.044400730274422484
-24.5,14.5,12000,0.021295856328304788,0.03900709389736651,0.05924632054570736,0.035439082858694695
-23.5,14.5,12001,0.020899511352216904,0.036554898656694625,0.058736349992561124,0.028547321748874532
-22.5,14.5,12002,0.02097424771327559,0.033698774119601205,0.055081079907724165,0.024994107373498935
-21.5,14.5,12003,0.02480131397739233,0.035782174138830884,0.05917052871061129,0.029385871030753657
-20.5,14.5,12004,0.028112552557899927,0.03852910256873171,0.05162782203917809,0.030713570377565454
-19.5,14.5,12005,0.030928096715992462,0.047418605371402744,0.05972505729515383,0.03483529076524805
-18.5,14.5,12006,0.03297375837434091,0.060522220550525786,0.04217104293351995,0.03326705204682353
-17.5,14.5,12007,0.03412492188892958,0.07100073822911253,0.03204831476805901,0.0353234188281886
-16.5,14.5,12008,0.0370262674341818,0.0916531556510998,0.05738083458636557,0.04228548814037767
-15.5,14.5,12009,0.03252727700137111,0.07991724270677594,0.0555976315076956,0.04049191846627025
-14.5,14.5,12010,0.03086951983759215,0.07229499666831707,0.04458803555315987,0.03649725469067303
-13.5,14.5,12011,0.031030346532970876,0.05634799440626733,0.052610023171177044,0.03684002883161703
-12.5,14.5,12012,0.03316238399863418,0.057074486019567355,0.055692495027718475,0.03939200337450694
-11.5,14.5,12013,0.0358983962765362,0.07594351835035765,0.0801141432189969,0.05329176808113924
-10.5,14.5,12014,0.03518317372958226,0.07525260949219678,0.0754460532084513,0.042798947564769214
-9.5,14.5,12015,0.032653075158500605,0.05122033533907796,0.04950408303751145,0.034530488690498753
-8.5,14.5,12016,0.03302925926630454,0.051785866145032215,0.03178220852454448,0.03417968090683819
-7.5,14.5,12017,0.027959841839080894,0.044251858797131546,0.031622875149850946,0.03294100032512273
-6.5,14.5,12018,0.021314359592533718,0.042306133631961625,0.024323578803179716,0.03464409727982984
-5.5,14.5,12019,0.01848177088762373,0.04038266315043522,0.02072815435940036,0.028494911183177145
-4.5,14.5,12020,0.017523088574420947,0.039417558187741744,0.018653553406042796,0.02661497555846131
-3.5,14.5,12021,0.015366931310099806,0.034363816094789265,0.015692114150033732,0.023430399640530213
-2.5,14.5,12022,0.014946284818576875,0.03099825159509765,0.015077390841165394,0.02060391596855362
-1.5,14.5,12023,0.012768502793284408,0.026802599465086712,0.012946537894798063,0.017973340523024843
-0.5,14.5,12024,0.012255916557919872,0.02499524245866761,0.021608916798511454,0.017113832277584323
0.5,14.5,12025,0.01149693730540869,0.025015232899563006,0.016850456756407554,0.017316718772130146
1.5,14.5,12026,0.011274319796232078,0.02514427696253921,0.023348176308417096,0.01688068666389453
2.5,14.5,12027,0.011587681024817297,0.02403286115676622,0.018625474754343306,0.018054782605591985
3.5,14.5,12028,0.014716824576048046,0.02533550921288739,0.0322915076510039,0.020420390743751838
4.5,14.5,12029,0.01512757540408342,0.02793837501791256,0.027670415520475854,0.024084852164191248
5.5,14.5,12030,0.015929178143592893,0.029864008812878352,0.04287270434086523,0.025857008812587762
6.5,14.5,12031,0.019450635744881786,0.03327820968673922,0.03763658936748897,0.034349105141773306
7.5,14.5,12032,0.019389324818739943,0.03263757208133519,0.039067957605940264,0.042123491354413116
8.5,14.5,12033,0.018750173024018244,0.034195375855844805,0.033770674668261474,0.031992531626723546
9.5,14.5,12034,0.02031635070945767,0.04720591298519236,0.0360439420505657,0.034865831240821786
10.5,14.5,12035,0.020127686083145337,0.05142623004382658,0.04435902260568086,0.04058716464732207
11.5,14.5,12036,0.018526497254668133,0.03098081055898889,0.03658074295231351,0.04591228482127274
12.5,14.5,12037,0.01996175430144962,0.02638577937217083,0.043208214728175855,0.05912699009888883
13.5,14.5,12038,0.018363080617075547,0.02309065310320929,0.057760978685704005,0.05982631224539291
14.5,14.5,12039,0.015505500342813507,0.020323114715418117,0.032930133832712837,0.05268523922542181
15.5,14.5,12040,0.013762328848277827,0.01772354603241113,0.02734884705064688,0.03272272020145274
16.5,14.5,12041,0.012198487246134265,0.022713049598345827,0.021482213912567237,0.02798757468239267
17.5,14.5,12042,0.011361486402566828,0.014912064003180693,0.02020010922017575,0.022688612805400774
18.5,14.5,12043,0.01058999803114328,0.014125301323251044,0.02076522287856322,0.0248169942697263
19.5,14.5,12044,0.01202011018247322,0.015405435619462154,0.022869095528385418,0.02742674526556795
20.5,14.5,12045,0.012347664391168845,0.01644858265235973,0.023768158000129422,0.026061075161588423
21.5,14.5,12046,0.012590355310725438,0.017680850322121577,0.02542151102230278,0.027912316632733768
22.5,14.5,12047,0.012824298498194723,0.017728740730309275,0.02739690558839991,0.031058596703037077
23.5,14.5,12048,0.013540790703825212,0.019089975629900783,0.028108256473536423,0.026910826092707046
24.5,14.5,12049,0.013669282327801593,0.017942359687945445,0.027329052461239216,0.027093468403131846
25.5,14.5,12050,0.016019295720613426,0.016616045001229828,0.026186211228769095,0.027405770529416767
26.5,14.5,12051,0.013788271102677196,0.015684994809551427,0.02729346798737317,0.023599561671586135
27.5,14.5,12052,0.012542784667211895,0.016937009083665057,0.02218940081078405,0.02244836972923761
28.5,14.5,12053,0.012260661485166068,0.01412008377212857,0.022446732623374786,0.021030669952991354
29.5,14.5,12054,0.010279821822138815,0.012851323113629609,0.019870236875668065,0.016633810529297244
30.5,14.5,12055,0.008890893194469937,NA,NA,0.014359495125490883
31.5,14.5,12056,0.009322056491660008,NA,NA,0.014418410925205197
32.5,14.5,12057,0.011019223904697343,NA,NA,0.013479918818334378
33.5,14.5,12058,0.009437953286384302,NA,NA,0.012194209690210813
34.5,14.5,12059,0.008781775109976856,NA,NA,0.012093231940753603
35.5,14.5,12060,0.008911008057981892,NA,NA,0.012493146352972061
36.5,14.5,12061,0.009930729205087743,NA,NA,0.013486415129011836
37.5,14.5,12062,0.011143723107606937,NA,NA,0.014163637604593809
38.5,14.5,12063,0.011331965192751415,NA,NA,0.015464202784160523
39.5,14.5,12064,0.013239453388685549,NA,NA,0.01819618742954002
40.5,14.5,12065,0.01438853191984197,NA,NA,NA
41.5,14.5,12066,0.014430779752989498,NA,NA,NA
42.5,14.5,12067,0.019674997280939233,NA,NA,NA
43.5,14.5,12068,0.02065282210266693,NA,NA,NA
44.5,14.5,12069,0.02030027901630651,NA,NA,NA
45.5,14.5,12070,0.017154273131766647,NA,NA,NA
46.5,14.5,12071,0.018936231689580654,NA,NA,NA
47.5,14.5,12072,0.019412507530339133,NA,NA,NA
48.5,14.5,12073,0.022985225067605725,NA,NA,NA
49.5,14.5,12074,0.024812932357565442,NA,NA,NA
50.5,14.5,12075,0.0314751196245457,NA,NA,0.021054515971618254
51.5,14.5,12076,0.020396734179146312,NA,NA,0.021188033595113655
52.5,14.5,12077,0.016487646340938505,NA,NA,0.01999876806243679
53.5,14.5,12078,0.014857330019614893,NA,NA,0.04918475612768734
54.5,14.5,12079,0.015089268679874743,NA,NA,0.04354916120618729
55.5,14.5,12080,0.013594961159750606,NA,NA,0.03362902627021649
56.5,14.5,12081,0.01569632005401796,NA,NA,0.03658248607344133
57.5,14.5,12082,0.03404607441629492,NA,NA,0.03451914946221424
58.5,14.5,12083,0.02863016090081002,NA,NA,0.03748479315066179
59.5,14.5,12084,0.027634779565612343,NA,NA,0.04074540141119019
60.5,14.5,12085,0.025876126415546128,NA,NA,NA
61.5,14.5,12086,0.027355409534051158,NA,NA,NA
62.5,14.5,12087,0.03010244136380401,NA,NA,NA
63.5,14.5,12088,0.03486514113780333,NA,NA,NA
64.5,14.5,12089,0.04558890400485594,NA,NA,NA
65.5,14.5,12090,0.07168710625788885,NA,NA,NA
66.5,14.5,12091,0.07947953564995631,NA,NA,NA
67.5,14.5,12092,0.044946952502978775,NA,NA,NA
68.5,14.5,12093,0.047740217786053175,NA,NA,NA
69.5,14.5,12094,0.04358019473354809,NA,NA,NA
70.5,14.5,12095,0.08278808384433044,0.11837068286796223,NA,NA
71.5,14.5,12096,0.08985196551277025,0.1414411911193469,NA,NA
72.5,14.5,12097,0.06905914231124112,0.12971015535480812,NA,NA
73.5,14.5,12098,0.06711927241233714,0.15134559172732268,NA,NA
74.5,14.5,12099,0.08798486043848185,0.1226806267327857,NA,NA
75.5,14.5,12100,0.11761887053488909,0.09272243857352234,NA,NA
76.5,14.5,12101,0.16232120621688162,0.06342894594947573,NA,NA
77.5,14.5,12102,0.11566317572670926,0.06688590805921195,NA,NA
78.5,14.5,12103,0.09451003099365783,0.05360052117548075,NA,NA
79.5,14.5,12104,0.084725500504764,0.04387496285956134,NA,NA
80.5,14.5,12105,0.08883105112209716,0.04695780723524012,NA,NA
81.5,14.5,12106,0.1695013353499048,0.040458768083518226,NA,NA
82.5,14.5,12107,0.0947537302582513,0.05468509927062986,NA,NA
83.5,14.5,12108,0.08954801820884929,0.0702961820399246,NA,NA
84.5,14.5,12109,0.09273342521233265,0.0986235734941378,NA,NA
85.5,14.5,12110,0.0779897561632879,0.17281281799607087,NA,NA
86.5,14.5,12111,0.13793427244958475,0.18288728363192042,NA,NA
87.5,14.5,12112,0.04549926392327008,0.14626758173378968,NA,NA
-127.5,15.5,12113,0.011737920988328003,NA,NA,0.023719311322055934
-126.5,15.5,12114,0.014179793574295397,NA,NA,0.042686058849403866
-125.5,15.5,12115,0.01335786864912204,NA,NA,0.04310697568215187
-124.5,15.5,12116,0.014070377118167417,NA,NA,0.029202759361554514
-123.5,15.5,12117,0.011097021386815158,NA,NA,0.017053488932256708
-122.5,15.5,12118,0.013051195385381804,NA,NA,0.02137260365613568
-121.5,15.5,12119,0.011562553653819795,NA,NA,0.016799116508171372
-120.5,15.5,12120,0.012571248385052783,NA,NA,0.024303717935318797
-99.5,15.5,12135,0.05736590094463729,NA,NA,NA
-98.5,15.5,12136,0.3545014783638756,NA,NA,NA
-97.5,15.5,12137,0.27993058055066933,NA,NA,NA
-96.5,15.5,12138,0.23249405538040732,NA,NA,NA
-95.5,15.5,12139,0.27634527115155244,NA,NA,NA
-94.5,15.5,12140,0.12225492624413714,NA,NA,NA
-93.5,15.5,12141,0.24805789262308817,NA,NA,NA
-92.5,15.5,12142,0.22219066768757534,NA,NA,NA
-91.5,15.5,12143,0.12411195755608767,NA,NA,NA
-90.5,15.5,12144,0.15115635934711671,NA,NA,NA
-89.5,15.5,12145,0.11167148521803817,NA,NA,NA
-88.5,15.5,12146,0.11151525517815543,NA,NA,NA
-87.5,15.5,12147,0.14497068718332612,NA,NA,NA
-86.5,15.5,12148,0.1949685289577278,NA,NA,NA
-85.5,15.5,12149,0.08117837338360229,NA,NA,NA
-84.5,15.5,12150,0.03805161837181768,NA,NA,NA
-69.5,15.5,12152,0.06732423487202065,0.21279126876768817,0.1763168279857168,0.07209094471223855
-68.5,15.5,12153,0.07408743676333553,0.22506132778522217,0.1649949409690664,0.07167362854769957
-67.5,15.5,12154,0.057250401189066276,0.1253085029765793,0.22185076942723023,0.06760482677494051
-66.5,15.5,12155,0.14170519104633197,0.17388012729676897,0.37727896672289063,0.07959877667455008
-65.5,15.5,12156,0.1275207748516204,0.2744587443960557,0.34474308131972065,0.0734116058418235
-64.5,15.5,12157,0.0727878706591355,0.24247695523578525,0.111780854603734,0.09262565046475983
-63.5,15.5,12158,0.09457018988656762,0.2313109086334858,0.0854274839265652,0.08023182503012392
-62.5,15.5,12159,0.09461149770020061,0.29744516440224344,0.06845583744029421,0.05856585470832051
-61.5,15.5,12160,0.09523170386612612,0.28895559342227456,0.1633138153659457,0.0720891109720997
-60.5,15.5,12161,0.11283244410211282,0.4562690164788428,0.11513682043226932,0.09150750240334048
-58.5,15.5,12162,0.01631857530264389,0.04994353342019851,0.04568998240067387,0.02049875589494285
-57.5,15.5,12163,0.020645792516549258,0.08035925439178547,0.1113986874551509,0.026859215819643706
-56.5,15.5,12164,0.047289011185369885,0.20278064018944691,0.24675246791232758,0.06616144831670438
-55.5,15.5,12165,0.06991408832394691,0.1634713296239681,0.14509800964032585,0.07844341260539453
-54.5,15.5,12166,0.06918105906625861,0.19217724492054922,0.14432985223934602,0.0699964232632106
-53.5,15.5,12167,0.06452084577828539,0.205301094998342,0.14362030783130128,0.06963271888103366
-52.5,15.5,12168,0.06359399451012424,0.30536007569652707,0.11563469852653165,0.05952131679895873
-51.5,15.5,12169,0.07428897920611324,0.3519625904781061,0.08439661699398854,0.06158701625086982
-50.5,15.5,12170,0.06687298955446162,0.2909633963054706,0.06317513365533509,0.05600037472279232
-49.5,15.5,12171,0.05790240401319309,0.2298743186366148,0.060714077983005627,0.05555754130114512
-48.5,15.5,12172,0.0505456958196986,0.18738445093656167,0.05395704603789924,0.04647884079182149
-47.5,15.5,12173,0.043642792771275925,0.14172196238330245,0.04606069599264175,0.043644719662484344
-46.5,15.5,12174,0.047100898013300634,0.09316941619227007,0.03724902500932539,0.04975909558059926
-45.5,15.5,12175,0.054512190509465,0.11000041762111182,0.0923893829352118,0.06775713570634967
-44.5,15.5,12176,0.05514661575739148,0.12610637706472855,0.10133258854380615,0.079892531442313
-43.5,15.5,12177,0.049565319312840084,0.0851843079348114,0.0996785776426418,0.0868036375721024
-42.5,15.5,12178,0.04903700608868643,0.0860162785226964,0.1067738426755238,0.08752696342684893
-41.5,15.5,12179,0.057520158057836224,0.10177050572105475,0.1310953066338317,0.08550769363912857
-40.5,15.5,12180,0.06768431519411744,0.11534031753878674,0.09801751800722704,0.09860976744152784
-39.5,15.5,12181,0.05836564332506278,0.10979115961394494,0.07022186001634086,0.08869292447800302
-38.5,15.5,12182,0.05161480334107387,0.08767151520342738,0.06613625925767092,0.06786688922508798
-37.5,15.5,12183,0.05876597951044588,0.08783349571226184,0.06122564753248113,0.0597769023263083
-36.5,15.5,12184,0.044401391080128486,0.06300571632567488,0.04901101654867473,0.045664733683506875
-35.5,15.5,12185,0.060368729674272606,0.07895249662678376,0.06343545376841013,0.06622729803596832
-34.5,15.5,12186,0.036625795632879536,0.03985264721642846,0.03434260273283255,0.05339579769883369
-33.5,15.5,12187,0.05865069804778408,0.07653989956156283,0.054447178829950295,0.0701682318574622
-32.5,15.5,12188,0.04434881186069624,0.06518584145641411,0.06364677480754397,0.05693609240688549
-31.5,15.5,12189,0.04459061956947563,0.08529473665022742,0.07753965258063562,0.05736660513028665
-30.5,15.5,12190,0.04246680491626612,0.06433198747690785,0.06079560899907989,0.046977986848389566
-29.5,15.5,12191,0.03708593961650011,0.061051956056746355,0.08133836890484251,0.04441838777121845
-28.5,15.5,12192,0.03336019791378258,0.05315147603217565,0.053850267462193666,0.04555708242109103
-27.5,15.5,12193,0.026113613208123818,0.04121276702029417,0.06793676253696002,0.04049348703332275
-26.5,15.5,12194,0.02404647634469978,0.04048686590558797,0.07982317180561742,0.04311557023676044
-25.5,15.5,12195,0.019022677705319947,0.03398745387649728,0.04953723489690573,0.030549284406717458
-24.5,15.5,12196,0.01850134386539778,0.028726646011929417,0.06286725441227929,0.03162380320426859
-23.5,15.5,12197,0.01889836115749317,0.02882314587855341,0.043516599372554046,0.0289901269905624
-22.5,15.5,12198,0.017987961160707645,0.02553708596739122,0.04489278596866858,0.026936589636872385
-21.5,15.5,12199,0.020433566518808594,0.03124839398244307,0.08424082141048378,0.02606235023922408
-20.5,15.5,12200,0.02206921353072086,0.0446237105261507,0.056709100968093014,0.027851746503329416
-19.5,15.5,12201,0.02876965427906511,0.04517938049633017,0.07679436629214988,0.029681647640511066
-18.5,15.5,12202,0.0281828119834029,0.04885147814685718,0.06942220222071274,0.03435095403577546
-17.5,15.5,12203,0.03512254145944081,0.06264486505340457,0.07521149205541883,0.03817871471277888
-16.5,15.5,12204,0.03875420128868966,0.07906157540383107,0.08617285311236507,0.042294457549749746
-15.5,15.5,12205,0.04114406449242949,0.06138523168205249,0.05094372406579996,0.037946533664459825
-14.5,15.5,12206,0.043925490973382456,0.061982632481539554,0.06098675405511665,0.04146612440037169
-13.5,15.5,12207,0.040941108011761075,0.05968253159213286,0.058302911917827924,0.039064945146760156
-12.5,15.5,12208,0.03861019872384552,0.061214770108749414,0.04677545919289743,0.04645980775913206
-11.5,15.5,12209,0.03508058450187041,0.06939852167455426,0.043730910959232976,0.04266968610812288
-10.5,15.5,12210,0.02841440698476534,0.06225795633540193,0.06006795113230076,0.04265846476254143
-9.5,15.5,12211,0.025876286252234676,0.058969151345993696,0.041601654915138564,0.03746222620327151
-8.5,15.5,12212,0.026273989401279934,0.04327169985194228,0.0390466213850424,0.03972521979597357
-7.5,15.5,12213,0.025670434185652527,0.04265914090077077,0.04875376014628107,0.035670151779412816
-6.5,15.5,12214,0.024245057648761455,0.04420844559365117,0.033431316907032986,0.0377077649756968
-5.5,15.5,12215,0.01975997570321939,0.0364647640581494,0.027187694999806784,0.03203737339374196
-4.5,15.5,12216,0.01838938705353742,0.03333569328603294,0.021682717639184876,0.028348372914925528
-3.5,15.5,12217,0.016126638567633526,0.029737075861460963,0.024450208083683422,0.024127613633946575
-2.5,15.5,12218,0.012769944044234925,0.025374070368169927,0.01720533310350225,0.01917373179666051
-1.5,15.5,12219,0.011600742443521342,0.022061189296612355,0.014525575928025123,0.017841072280325602
-0.5,15.5,12220,0.011140570949020009,0.021619477948198126,0.013278742305753497,0.01736944303089374
0.5,15.5,12221,0.011904182587555044,0.02828164972865397,0.017651388045458342,0.018115159782621657
1.5,15.5,12222,0.012340732917738347,0.033354094340292025,0.01862517498687245,0.0193886869699339
2.5,15.5,12223,0.014171845061366293,0.03450438858346872,0.01864953087348036,0.024586011011316255
3.5,15.5,12224,0.01427542702914127,0.038691522012558564,0.02260989647308789,0.026226386379442877
4.5,15.5,12225,0.015543656518929166,0.04035084741177856,0.030122081175914812,0.02888082746486718
5.5,15.5,12226,0.0180259487249316,0.04818503232352388,0.04044968943607547,0.0328994071800505
6.5,15.5,12227,0.017454135091590404,0.047529886483298575,0.03731682998005045,0.030836946931161315
7.5,15.5,12228,0.017796244560008067,0.04417210781935991,0.0499112202311368,0.028085977337142812
8.5,15.5,12229,0.021009312334598167,0.037287582184157265,0.04652773560564686,0.030822995012095764
9.5,15.5,12230,0.022358999727890426,0.03851465598550367,0.050480399673843795,0.03179098695012325
10.5,15.5,12231,0.017899746284378876,0.03336054739977335,0.04089859460108731,0.02772228232314406
11.5,15.5,12232,0.01726444845837583,0.031801506829030775,0.047378609103466904,0.029237654438880382
12.5,15.5,12233,0.017180404206207537,0.0289918510408407,0.03804499514512166,0.032143240953394124
13.5,15.5,12234,0.01528661112949516,0.02291060075806609,0.04918493229202682,0.039358812099398184
14.5,15.5,12235,0.017542635498588692,0.027203088376829106,0.05387909448275769,0.03273430416648984
15.5,15.5,12236,0.016696724670031974,0.02270072090551039,0.02903854254554106,0.03175325028438949
16.5,15.5,12237,0.01312996694127071,0.01827046529137937,0.023043732762679705,0.02725265820826707
17.5,15.5,12238,0.013066750074604649,0.016916028727591677,0.021533324997295385,0.033684417136737026
18.5,15.5,12239,0.013094739747204856,0.018460728291552347,0.024447302643992103,0.0443374310077339
19.5,15.5,12240,0.013797948480004532,0.017256688201972032,0.02417514286784051,0.030919096616785165
20.5,15.5,12241,0.016333366155568588,0.020126632951800245,0.02690866420647064,0.03383040364831566
21.5,15.5,12242,0.0224785471038217,0.030642296761982612,0.03989029045542494,0.049857428431674324
22.5,15.5,12243,0.016140348915169446,0.033273209228891563,0.023915655788623584,0.027074968655179055
23.5,15.5,12244,0.01402809162296803,0.02985416081668123,0.024482824438673247,0.025760012092589688
24.5,15.5,12245,0.014186637654165977,0.023394868615280676,0.024239794163950393,0.02381402190374343
25.5,15.5,12246,0.014175822251483684,0.020433392265664936,0.024922201592168056,0.024022773912992918
26.5,15.5,12247,0.01556600997285725,0.02021187496512636,0.03122569039140981,0.02527574087310994
27.5,15.5,12248,0.012924952554797652,0.016545613925196493,0.023267154400915084,0.020774134653637744
28.5,15.5,12249,0.011786602916231166,0.014921224963010767,0.022504632106986017,0.017784450837520116
29.5,15.5,12250,0.011067593090791859,0.013283188479989546,0.01899789662116429,0.01752231238582234
30.5,15.5,12251,0.009576826650080835,NA,NA,0.015318972073394353
31.5,15.5,12252,0.008411493463434037,NA,NA,0.013250985215592674
32.5,15.5,12253,0.009134365555586532,NA,NA,0.01244158016734272
33.5,15.5,12254,0.00854329101031499,NA,NA,0.011588023187903237
34.5,15.5,12255,0.010280257220018053,NA,NA,0.011372846883350217
35.5,15.5,12256,0.008338174409270975,NA,NA,0.011294625319456292
36.5,15.5,12257,0.0084994171470553,NA,NA,0.011570347382571844
37.5,15.5,12258,0.009244191464625353,NA,NA,0.011088994031099067
38.5,15.5,12259,0.009145687503032136,NA,NA,0.011042048001402424
39.5,15.5,12260,0.009062630561828457,NA,NA,0.011963509528298766
40.5,15.5,12261,0.009947551748197073,NA,NA,NA
41.5,15.5,12262,0.010723878576947383,NA,NA,NA
42.5,15.5,12263,0.011471930583674052,NA,NA,NA
43.5,15.5,12264,0.013481581054424704,NA,NA,NA
44.5,15.5,12265,0.01354982513268325,NA,NA,NA
45.5,15.5,12266,0.01729597576182987,NA,NA,NA
46.5,15.5,12267,0.018816456557651132,NA,NA,NA
47.5,15.5,12268,0.0178016179518116,NA,NA,NA
48.5,15.5,12269,0.013261397018000281,NA,NA,NA
49.5,15.5,12270,0.010975115664466718,NA,NA,NA
50.5,15.5,12271,0.011684505473126024,NA,NA,0.0119760520326885
51.5,15.5,12272,0.011675105799006012,NA,NA,0.01377818237169547
52.5,15.5,12273,0.012432068205989884,NA,NA,0.014900323513068444
53.5,15.5,12274,0.01093569787874758,NA,NA,0.01249801857158625
54.5,15.5,12275,0.011776747379344428,NA,NA,0.012395463679954739
55.5,15.5,12276,0.012867927839029574,NA,NA,0.01284135969792548
56.5,15.5,12277,0.012022454740405421,NA,NA,0.013091631796940402
57.5,15.5,12278,0.01342996948495114,NA,NA,0.01510456682802335
58.5,15.5,12279,0.013339694174330233,NA,NA,0.018925957804578196
59.5,15.5,12280,0.014186464680996174,NA,NA,0.02340106854464315
60.5,15.5,12281,0.016693985567309114,NA,NA,NA
61.5,15.5,12282,0.021396564943564626,NA,NA,NA
62.5,15.5,12283,0.020209402885393104,NA,NA,NA
63.5,15.5,12284,0.02169666362506388,NA,NA,NA
64.5,15.5,12285,0.025499520860787606,NA,NA,NA
65.5,15.5,12286,0.022974087040144912,NA,NA,NA
66.5,15.5,12287,0.023700130337238924,NA,NA,NA
67.5,15.5,12288,0.01903458783778446,NA,NA,NA
68.5,15.5,12289,0.018407598523129304,NA,NA,NA
69.5,15.5,12290,0.019543315664209235,NA,NA,NA
70.5,15.5,12291,0.024144799851145517,0.07858176832882609,NA,NA
71.5,15.5,12292,0.02975127082699851,0.07620723652802795,NA,NA
72.5,15.5,12293,0.04492761543244534,0.08359756392947046,NA,NA
73.5,15.5,12294,0.0592463815625842,0.07923883824020712,NA,NA
74.5,15.5,12295,0.08891638286770796,0.06848106950765556,NA,NA
75.5,15.5,12296,0.08310536721007228,0.07765770127052737,NA,NA
76.5,15.5,12297,0.08543411454917063,0.06786384587275657,NA,NA
77.5,15.5,12298,0.09305681598278186,0.04937766979404528,NA,NA
78.5,15.5,12299,0.08739193475313002,0.05537875601156473,NA,NA
79.5,15.5,12300,0.11674303006947484,0.046800176193369465,NA,NA
80.5,15.5,12301,0.1250760377718285,0.04618592716409011,NA,NA
81.5,15.5,12302,0.11211056413640451,0.037656114475840975,NA,NA
82.5,15.5,12303,0.11732952731238536,0.10859177670433869,NA,NA
83.5,15.5,12304,0.1561299517778484,0.14254233334759533,NA,NA
84.5,15.5,12305,0.08856371065474217,0.14372890779921885,NA,NA
-126.5,16.5,12306,0.011072914844299349,NA,NA,0.0628036859094766
-125.5,16.5,12307,0.011522516646395675,NA,NA,0.050451802494136395
-124.5,16.5,12308,0.02140388150769508,NA,NA,0.03370051212547534
-123.5,16.5,12309,0.012817328843534153,NA,NA,0.04139422298126095
-122.5,16.5,12310,0.014265452991885415,NA,NA,0.030932743073432953
-121.5,16.5,12311,0.011269144508359608,NA,NA,0.021790687866649186
-120.5,16.5,12312,0.011681448358128873,NA,NA,0.020277146785951723
-97.5,16.5,12326,0.12744074388974108,NA,NA,NA
-96.5,16.5,12327,0.3702524311805808,NA,NA,NA
-95.5,16.5,12328,0.48418172793713005,NA,NA,NA
-94.5,16.5,12329,0.40351702875169493,NA,NA,NA
-93.5,16.5,12330,0.2901685052508773,NA,NA,NA
-92.5,16.5,12331,0.15382830997468253,NA,NA,NA
-91.5,16.5,12332,0.10616497831166619,NA,NA,NA
-90.5,16.5,12333,0.12228955200280621,NA,NA,NA
-89.5,16.5,12334,0.10024574528196088,NA,NA,NA
-88.5,16.5,12335,0.06141154360623363,NA,NA,NA
-87.5,16.5,12336,0.0893866697144074,NA,NA,NA
-86.5,16.5,12337,0.16037075449193283,NA,NA,NA
-69.5,16.5,12340,0.07064900179756611,0.23511661135555462,0.20289133420503871,0.1084808541048594
-68.5,16.5,12341,0.06227674812571848,0.19181121166175594,0.07424811198455053,0.06285593499988917
-67.5,16.5,12342,0.06094093057899294,0.16966727219891972,0.10710280426696397,0.0758772896186361
-66.5,16.5,12343,0.05460244151960071,0.1441838127101275,0.16214303706980407,0.0895566672611901
-65.5,16.5,12344,0.050084950451769125,0.15763123381719463,0.275396791372215,0.06638030018836243
-64.5,16.5,12345,0.06936333180420336,0.16321323344059105,0.16302584694159358,0.08320334386684085
-63.5,16.5,12346,0.11625580035859086,0.2736403179307986,0.12088561050951921,0.11905088305473256
-62.5,16.5,12347,0.10640757896474679,0.348849549285798,0.15431490813084534,0.10019235933438553
-61.5,16.5,12348,0.13073983102741907,0.3024843171829241,0.13181031830158707,0.08403718280924559
-60.5,16.5,12349,0.07518846647236606,0.1776882934490797,0.2191142334850958,0.0731625763516253
-57.5,16.5,12350,0.05925421551106118,0.10214877616077156,0.16400912286525485,0.057584245393274114
-56.5,16.5,12351,0.08441041531655906,0.25418760646013816,0.3295724537096973,0.06400487378951994
-55.5,16.5,12352,0.05675834680171898,0.22643244521968586,0.1255702613278846,0.06411413529106896
-54.5,16.5,12353,0.053473298552838035,0.1878633234161338,0.14396094798791614,0.05584999446336147
-53.5,16.5,12354,0.05058591782053385,0.2049528199936036,0.18116739361033748,0.0494018576925109
-52.5,16.5,12355,0.06235040094085474,0.27169129869928116,0.16798399195419325,0.053204919128489375
-51.5,16.5,12356,0.058136815184206554,0.2002363121923654,0.0747155387123312,0.038472512857156194
-50.5,16.5,12357,0.0525636136989628,0.17460769079074187,0.06263353120081866,0.03508823541945451
-49.5,16.5,12358,0.05065648598210306,0.1568958378127015,0.05762759169798149,0.033324300439039854
-48.5,16.5,12359,0.03898650428742536,0.15836037545486378,0.059209217288431495,0.03410826843656743
-47.5,16.5,12360,0.03258791106161158,0.14359781309021208,0.054790803372076084,0.030819671233962394
-46.5,16.5,12361,0.032511418461578075,0.10617709050249527,0.06325022863763517,0.04135368034397169
-45.5,16.5,12362,0.036665866510160225,0.18619818539479577,0.0935266959273783,0.045023621222388704
-44.5,16.5,12363,0.03988920306883983,0.18298785450936478,0.07625213144094284,0.044421702608276895
-43.5,16.5,12364,0.02892428252698118,0.11029683564342521,0.04991119624211787,0.035741777007634486
-42.5,16.5,12365,0.03260418522914352,0.1351230932334021,0.05748909189907511,0.04789215095486511
-41.5,16.5,12366,0.0371998254627822,0.13797374532870701,0.06913368287818422,0.049596164573323644
-40.5,16.5,12367,0.03723817996833597,0.2040662698449436,0.08878279121771766,0.04518482236758168
-39.5,16.5,12368,0.034247096113774744,0.10703031027889229,0.09510578066339967,0.03725569757938298
-38.5,16.5,12369,0.03396356733442333,0.09240954259104905,0.07212581834353664,0.04027520793675746
-37.5,16.5,12370,0.029842301818674682,0.06890275046095773,0.05166916255026176,0.031979919981070096
-36.5,16.5,12371,0.03243715787361232,0.0707934577765956,0.06463112110502844,0.032858000623052344
-35.5,16.5,12372,0.049393425959671555,0.08747919688875187,0.05343786208536641,0.05026607292537215
-34.5,16.5,12373,0.041234847463896974,0.09150550001593034,0.04923170134684945,0.04793316499895469
-33.5,16.5,12374,0.03907241495805604,0.05476777646699482,0.04495864086720963,0.041529848176666016
-32.5,16.5,12375,0.043902407695198944,0.0702186621152506,0.05731574238468448,0.03890499408125949
-31.5,16.5,12376,0.04432477140550141,0.08845732235995729,0.061615719716115215,0.038638872663395565
-30.5,16.5,12377,0.04197338113299859,0.06899978560236458,0.06177104876555069,0.040513439554271655
-29.5,16.5,12378,0.045112996501461895,0.06667575012879197,0.06329848482835593,0.03501381618542228
-28.5,16.5,12379,0.03875170404109635,0.05719501661935628,0.05192302989094479,0.032822164497902595
-27.5,16.5,12380,0.03458392582889734,0.04371108799810578,0.040188935846225286,0.03283221317730258
-26.5,16.5,12381,0.027172270954459427,0.03566158994348762,0.04271017253231921,0.024664376839266488
-25.5,16.5,12382,0.02260160483974206,0.03901465356513322,0.05466254651325598,0.021994494195686144
-24.5,16.5,12383,0.02247258139161934,0.035497822044290604,0.04493290705315868,0.02577620332846631
-23.5,16.5,12384,0.01856800430104787,0.028423449286649798,0.0331127748928532,0.03331950575572795
-22.5,16.5,12385,0.01922504120199126,0.022265571579392164,0.06278615294774426,0.03138102283056351
-21.5,16.5,12386,0.017925890543575212,0.033205078095201804,0.04576506058417359,0.030681308057703558
-20.5,16.5,12387,0.01942574487613432,0.04071379496917613,0.05323778927297389,0.02985119029744262
-19.5,16.5,12388,0.024681092129982617,0.03711601991993423,0.07997164207794513,0.03626366961169304
-18.5,16.5,12389,0.025084334007770236,0.03930900617096465,0.08048469390139995,0.036906439051186415
-17.5,16.5,12390,0.02725617131136392,0.03863429079723495,0.08336265799068707,0.03831661129143021
-16.5,16.5,12391,0.0345564920338208,0.05246615524400078,0.10500178692029863,0.04778727260391517
-15.5,16.5,12392,0.03530413074417904,0.04558813410833305,0.08642012240247238,0.03767614888629584
-14.5,16.5,12393,0.033108638386717064,0.04596811121750613,0.07925993939912168,0.03693491967221817
-13.5,16.5,12394,0.03148712194262509,0.0467526546880878,0.059158759188269405,0.03981492462024867
-12.5,16.5,12395,0.026479612349142045,0.04561180239905452,0.06266001631587587,0.04442778301078452
-11.5,16.5,12396,0.025858206101014584,0.04111651000890195,0.04477831287626957,0.042976044138905385
-10.5,16.5,12397,0.024808547302810145,0.0373095610294688,0.042287535955643524,0.04194247033358395
-9.5,16.5,12398,0.02529390066973321,0.0356714378628453,0.042099954529067625,0.04441277424522249
-8.5,16.5,12399,0.02528349005402814,0.03981102364769003,0.05016426707660744,0.03741339813304209
-7.5,16.5,12400,0.02214359475931719,0.040541532367485304,0.04015681770099387,0.036988794654463
-6.5,16.5,12401,0.020063340007189043,0.03805530396984298,0.043273040330177294,0.034456338828792336
-5.5,16.5,12402,0.016794086687822726,0.031676247228886345,0.026504813620286418,0.030952191416967118
-4.5,16.5,12403,0.01747065248494428,0.03651966763515532,0.025540780287789916,0.029635263611685548
-3.5,16.5,12404,0.016618500615167047,0.040237463596266516,0.022299996102373442,0.03398420707977629
-2.5,16.5,12405,0.013277049093149737,0.025219183817660307,0.01936226272909789,0.023967911025346268
-1.5,16.5,12406,0.011443218312338093,0.025464516467663078,0.02866382898204041,0.022459994204223618
-0.5,16.5,12407,0.010412781941574188,0.022677774144497405,0.020623164252356885,0.0202450406255883
0.5,16.5,12408,0.011127057417339012,0.021649573060264906,0.015518587828823548,0.01948508535122947
1.5,16.5,12409,0.011319459186026207,0.02462685889584481,0.021201413452585607,0.023279260258708415
2.5,16.5,12410,0.01278287667654312,0.02963089460782893,0.025422063134043223,0.029016274746735574
3.5,16.5,12411,0.014172671536255435,0.03590230823705845,0.034189183567510086,0.031192180749893748
4.5,16.5,12412,0.016840797749131314,0.04158312553930948,0.030747976168712048,0.04275947899407344
5.5,16.5,12413,0.02343712910867721,0.0504016805836573,0.041563606424267346,0.05917921801320857
6.5,16.5,12414,0.016847697975548373,0.03874084433808145,0.04023166620096163,0.035103364279850245
7.5,16.5,12415,0.017888187416336215,0.04205764468580984,0.03199597192611904,0.035503009957319816
8.5,16.5,12416,0.017149524861045887,0.05006841377556272,0.05073577462446744,0.0304092911071055
9.5,16.5,12417,0.019757688121510478,0.06814215102593085,0.04438455632486408,0.0425589774014117
10.5,16.5,12418,0.02011749906940322,0.06972161055014989,0.040119315425801744,0.04097553830899156
11.5,16.5,12419,0.022861856543076233,0.0750304022053269,0.0413095779240716,0.043662107719133585
12.5,16.5,12420,0.01883301957186687,0.041440573166680976,0.03488078407753489,0.03137061883485218
13.5,16.5,12421,0.019709666777615507,0.038226364569419635,0.03686254092634447,0.03352791649394829
14.5,16.5,12422,0.019126223818905677,0.03536369862501742,0.04258474200607857,0.03057217612285574
15.5,16.5,12423,0.01738295775439211,0.03251269986059069,0.03059922339387539,0.03090070500225153
16.5,16.5,12424,0.015419107057078909,0.024662404716296295,0.01989376532427543,0.02752703957005266
17.5,16.5,12425,0.014660846110728338,0.02156481951896187,0.030212866128405357,0.026844257871904368
18.5,16.5,12426,0.015745609189373344,0.02168182451414172,0.026256669172066885,0.025643860973526878
19.5,16.5,12427,0.03373556372439129,0.023403100011244637,0.03251785062742346,0.029005388112167612
20.5,16.5,12428,0.02463351561491105,0.025078434875557196,0.037104055905418654,0.0358512573128808
21.5,16.5,12429,0.02230637766456799,0.0230575290432245,0.03387982316722854,0.04373755283416861
22.5,16.5,12430,0.021808515572002984,0.02189879227108029,0.029429148043411256,0.028951679750853658
23.5,16.5,12431,0.024651245444743577,0.025137058231175177,0.026377892635358637,0.02783213844449304
24.5,16.5,12432,0.019552341948728617,0.025319308124974408,0.02619193101908933,0.02463260661166257
25.5,16.5,12433,0.02770612223248905,0.022878845884070735,0.02260294475738619,0.02335879148215635
26.5,16.5,12434,0.01930608144268509,0.022515949050302717,0.024316147268174392,0.022989228942779223
27.5,16.5,12435,0.015289409088324858,0.031799951507988464,0.020866503780108937,0.0214909568145008
28.5,16.5,12436,0.012965403605804556,0.0254611808885312,0.02251137078258389,0.028521402180588625
29.5,16.5,12437,0.013780690321043397,0.017377932202727032,0.019948834243177224,0.019556639014725184
30.5,16.5,12438,0.012927874505332592,NA,NA,0.016893133099675463
31.5,16.5,12439,0.012057782122185553,NA,NA,0.013667042388968266
32.5,16.5,12440,0.010436562562106571,NA,NA,0.011692151035358034
33.5,16.5,12441,0.008468640556777544,NA,NA,0.01120221185051464
34.5,16.5,12442,0.008875456224595743,NA,NA,0.010776805270378028
35.5,16.5,12443,0.01091723637041246,NA,NA,0.009541158389930015
36.5,16.5,12444,0.013132156403581258,NA,NA,0.009749128931604326
37.5,16.5,12445,0.01501122673449131,NA,NA,0.008226657616908002
38.5,16.5,12446,0.015605438758617902,NA,NA,0.00827192064441402
39.5,16.5,12447,0.014500703415799671,NA,NA,0.008033802268818098
40.5,16.5,12448,0.013190270964165788,NA,NA,NA
41.5,16.5,12449,0.014772639406705578,NA,NA,NA
42.5,16.5,12450,0.019224363267082822,NA,NA,NA
43.5,16.5,12451,0.01315786941615851,NA,NA,NA
44.5,16.5,12452,0.01155155938428641,NA,NA,NA
45.5,16.5,12453,0.012006990340737218,NA,NA,NA
46.5,16.5,12454,0.013520834782454916,NA,NA,NA
47.5,16.5,12455,0.013169904573853551,NA,NA,NA
48.5,16.5,12456,0.012746473133665063,NA,NA,NA
49.5,16.5,12457,0.011191471026716191,NA,NA,NA
50.5,16.5,12458,0.011213615451769852,NA,NA,0.009726915284063206
51.5,16.5,12459,0.013368355098105878,NA,NA,0.011258812687113512
52.5,16.5,12460,0.01134260549401021,NA,NA,0.011007883904928633
53.5,16.5,12461,0.011115710782958857,NA,NA,0.009638050707084816
54.5,16.5,12462,0.010724364112973882,NA,NA,0.01000569410779995
55.5,16.5,12463,0.010878163099848405,NA,NA,0.009740291122121368
56.5,16.5,12464,0.010871035480078143,NA,NA,0.0099198442994972
57.5,16.5,12465,0.011861111193571633,NA,NA,0.011931809721962446
58.5,16.5,12466,0.013613882338088062,NA,NA,0.014321063351683604
59.5,16.5,12467,0.01698703756287294,NA,NA,0.016838833277823727
60.5,16.5,12468,0.019691573181077053,NA,NA,NA
61.5,16.5,12469,0.01904878523617819,NA,NA,NA
62.5,16.5,12470,0.01774328630687414,NA,NA,NA
63.5,16.5,12471,0.022583395287098507,NA,NA,NA
64.5,16.5,12472,0.02462718951970945,NA,NA,NA
65.5,16.5,12473,0.022733418901964737,NA,NA,NA
66.5,16.5,12474,0.020085525269792046,NA,NA,NA
67.5,16.5,12475,0.019097036993243773,NA,NA,NA
68.5,16.5,12476,0.024014146801819725,NA,NA,NA
69.5,16.5,12477,0.03264981642076287,NA,NA,NA
70.5,16.5,12478,0.03341683938080207,0.02388291123100131,NA,NA
71.5,16.5,12479,0.04200011428655873,0.035811335224786786,NA,NA
72.5,16.5,12480,0.05344026302536578,0.05295165363471881,NA,NA
73.5,16.5,12481,0.05330548058144821,0.049195440201165334,NA,NA
74.5,16.5,12482,0.07250921932683094,0.10359325808368518,NA,NA
75.5,16.5,12483,0.053037810836164496,0.08282194527493913,NA,NA
76.5,16.5,12484,0.049254334206422196,0.07410485530700577,NA,NA
77.5,16.5,12485,0.10466989789930083,0.14261428098003498,NA,NA
78.5,16.5,12486,0.11593646664978562,0.10589144094766578,NA,NA
79.5,16.5,12487,0.08990050511827155,0.0862557263427876,NA,NA
80.5,16.5,12488,0.10978109226164937,0.08249501140318428,NA,NA
-124.5,17.5,12489,0.017098441681838297,NA,NA,0.04105076277468551
-123.5,17.5,12490,0.02042201281839136,NA,NA,0.04900438420537684
-122.5,17.5,12491,0.021859322810096133,NA,NA,0.0420058574074319
-121.5,17.5,12492,0.01432217480283559,NA,NA,0.02687853565963808
-120.5,17.5,12493,0.010860649436043103,NA,NA,0.02390758876402639
-96.5,17.5,12507,0.07231479057216508,NA,NA,NA
-95.5,17.5,12508,0.23033541626251236,NA,NA,NA
-94.5,17.5,12509,0.35872318304698647,NA,NA,NA
-93.5,17.5,12510,0.2833499736634367,NA,NA,NA
-92.5,17.5,12511,0.39814337263308897,NA,NA,NA
-91.5,17.5,12512,0.20263361636080016,NA,NA,NA
-90.5,17.5,12513,0.1576137755899315,NA,NA,NA
-89.5,17.5,12514,0.11386005031559364,NA,NA,NA
-88.5,17.5,12515,0.06651867443706125,NA,NA,NA
-87.5,17.5,12516,0.06834773325265539,NA,NA,NA
-86.5,17.5,12517,0.12931894795030607,NA,NA,NA
-85.5,17.5,12518,0.01064715135607575,NA,NA,NA
-69.5,17.5,12522,0.04511460294584061,0.4563637214818295,0.30692284194751207,0.07168441141116891
-68.5,17.5,12523,0.05950801539982247,0.192942494986225,0.33690638390376343,0.08056624947733532
-67.5,17.5,12524,0.08053899284706195,0.2683984136459364,0.15074777600589997,0.11195899706561122
-66.5,17.5,12525,0.06181660192188847,0.2028501429620015,0.10396074540086314,0.10262243367728136
-65.5,17.5,12526,0.061954052383199065,0.23636594224616117,0.16439070590801408,0.09297274860358436
-64.5,17.5,12527,0.05950027621976126,0.2585305447731995,0.2034318287721305,0.1424542938909171
-63.5,17.5,12528,0.06587260759348149,0.26186039994051663,0.15946990055090182,0.17210097821181672
-62.5,17.5,12529,0.09341069669425175,0.2893519402049283,0.09683300893924401,0.14530795999357546
-61.5,17.5,12530,0.12511162876050366,0.31266908002253624,0.15209548760646543,0.08193079959706114
-60.5,17.5,12531,0.0928872221058175,0.180615950072901,0.19913091967426902,0.09939737024693121
-57.5,17.5,12532,0.06380171402595634,0.12189018423324131,0.14786729837557785,0.06127157546962648
-56.5,17.5,12533,0.06537591204012834,0.21561647590062952,0.29335758772099924,0.08621020505883506
-55.5,17.5,12534,0.051707608885034194,0.2729473523355087,0.1558544700886036,0.07665169352309362
-54.5,17.5,12535,0.04872996843027334,0.22829621983615261,0.2296310144377289,0.06158363290855762
-53.5,17.5,12536,0.03056337792132157,0.3065205987322321,0.25064175972861286,0.054192186795444755
-52.5,17.5,12537,0.031112349694306325,0.29171243377520595,0.16084406779477015,0.04098585202242786
-51.5,17.5,12538,0.026521021882000492,0.18447013375826882,0.07862006886000532,0.03574693550154374
-50.5,17.5,12539,0.0239154381110766,0.15910063842522226,0.07105325606922498,0.03940093547379624
-49.5,17.5,12540,0.02554764587933197,0.15876553490828413,0.06168633040249209,0.029509162763280028
-48.5,17.5,12541,0.023692099727245078,0.1215996792987061,0.046782128197278755,0.026259303388828356
-47.5,17.5,12542,0.02630779340104628,0.0644458531772663,0.045681258124391486,0.027124074886507067
-46.5,17.5,12543,0.02967380495026647,0.09744830609859106,0.05841355398281355,0.032685998371709005
-45.5,17.5,12544,0.025221327794556356,0.1028051363405607,0.10188356293068511,0.032829152449084055
-44.5,17.5,12545,0.030665256777728103,0.1107233246867386,0.05613596980656983,0.040847596002274146
-43.5,17.5,12546,0.029846086571145253,0.06713844248983969,0.07322278664267837,0.03653085419601357
-42.5,17.5,12547,0.03511838969398904,0.0675587052980876,0.04585462877859676,0.0542613480702718
-41.5,17.5,12548,0.03931463130679396,0.10538885891103741,0.10471075753649614,0.04639341342233637
-40.5,17.5,12549,0.04203347712619,0.19843367366523967,0.08106616464456165,0.04599871591243746
-39.5,17.5,12550,0.0450627906036269,0.1347440980507608,0.10482751367226485,0.044856986084271834
-38.5,17.5,12551,0.0445806895745785,0.12832016354860482,0.09126613431146945,0.04604475233405403
-37.5,17.5,12552,0.0550619481800249,0.11893531669421278,0.0841713305673064,0.04481170081033744
-36.5,17.5,12553,0.048931320216859954,0.08274457343020701,0.08833187320920206,0.03446360360964519
-35.5,17.5,12554,0.045794308489612516,0.09541198565864051,0.055145372915124884,0.041773505048922355
-34.5,17.5,12555,0.03141969995943026,0.06856917939117947,0.032475060555286483,0.037653303561369776
-33.5,17.5,12556,0.03802518478328141,0.08657764543478784,0.03911435835032163,0.03993125220081565
-32.5,17.5,12557,0.034798296865307346,0.07659302416990096,0.04937729855745593,0.04039512111426613
-31.5,17.5,12558,0.036740699751922304,0.07407749910134603,0.052834637238016006,0.037500799960185294
-30.5,17.5,12559,0.031543952010524005,0.08713474828770672,0.04698027151786512,0.03608444487620911
-29.5,17.5,12560,0.03218283267889883,0.07785963916548251,0.049342258750890856,0.034433509111305424
-28.5,17.5,12561,0.030801023746310302,0.06150093207304544,0.0483540575981147,0.03504431817443768
-27.5,17.5,12562,0.027097227608426762,0.05393494322932267,0.04814283590131194,0.03009903430045355
-26.5,17.5,12563,0.021661857149685663,0.03853707034396728,0.03516468149394408,0.0242353985886583
-25.5,17.5,12564,0.02253231503717051,0.038450167341956686,0.029582589031229456,0.01976317314644828
-24.5,17.5,12565,0.01942137480576577,0.037814211811243115,0.021513031434005903,0.01715653207280423
-23.5,17.5,12566,0.0184549598223137,0.02553121375511194,0.02777771341490171,0.018649647847122242
-22.5,17.5,12567,0.018239343034554864,0.027985798420734526,0.0260833257352044,0.018180359302930032
-21.5,17.5,12568,0.018840957497005352,0.028245469587629458,0.03593792474662755,0.018110930615741736
-20.5,17.5,12569,0.021357618702033024,0.03213154849366149,0.030138594194901495,0.030938540302148706
-19.5,17.5,12570,0.02151994370547187,0.04613669754804435,0.039003384601712376,0.03522734389948132
-18.5,17.5,12571,0.023433136180352938,0.0428437202411507,0.08681070849785526,0.052221070209963284
-17.5,17.5,12572,0.025311105692629957,0.0553026467233178,0.07377715807050352,0.0536467021714226
-16.5,17.5,12573,0.022737095137329504,0.050061474785461094,0.07730839570807481,0.05123274318962353
-15.5,17.5,12574,0.02023138955699594,0.05187242065589909,0.07540396730206786,0.04857111985272398
-14.5,17.5,12575,0.020647285392632858,0.04941733080179227,0.053523289932797945,0.04517303388636131
-13.5,17.5,12576,0.021811357281979082,0.048111873566903524,0.0493379958750071,0.04581250436290455
-12.5,17.5,12577,0.023423911185365274,0.05348577135006513,0.052061185668061234,0.049824012374085326
-11.5,17.5,12578,0.020657908897489606,0.044034313508692406,0.057122312832985224,0.04328020599919881
-10.5,17.5,12579,0.019708765459486265,0.044684745106734064,0.06349918016215246,0.04103899743931759
-9.5,17.5,12580,0.019500724507723957,0.04470826765193694,0.05693717587717864,0.0432726139628145
-8.5,17.5,12581,0.0187951404884073,0.04526351233005029,0.03836380171644545,0.044394311669687804
-7.5,17.5,12582,0.018861471015607142,0.05113658295956423,0.03881429059004992,0.03316790456418986
-6.5,17.5,12583,0.015509944084181767,0.04245649117408645,0.03671459571297445,0.034649233911487096
-5.5,17.5,12584,0.013682376072498009,0.03744498749692715,0.033097747929955554,0.03376547665939515
-4.5,17.5,12585,0.01237295092851244,0.03438114602796951,0.02392195866688098,0.028053944563524193
-3.5,17.5,12586,0.010615027966946059,0.030323947174986675,0.028494765675287585,0.02391452619625895
-2.5,17.5,12587,0.01017386709603928,0.029481677544408464,0.024066363643926784,0.024168833241187154
-1.5,17.5,12588,0.009374545750605224,0.02670647552504408,0.023950192005963048,0.02587334849188326
-0.5,17.5,12589,0.009075398913708342,0.024557236721993683,0.025201210635706243,0.021589341834776298
0.5,17.5,12590,0.00865345805847719,0.02359562741559582,0.025129454652597895,0.019624748942248978
1.5,17.5,12591,0.011285559224341128,0.0259195854819764,0.022021736944058613,0.026237982473050904
2.5,17.5,12592,0.0096459371085757,0.0193653896227046,0.02702362594745601,0.02034956989629004
3.5,17.5,12593,0.01116573772799913,0.02249649403601179,0.02596213029517053,0.024556007064718915
4.5,17.5,12594,0.011473434176119282,0.02523427329724272,0.03422565532834116,0.025482759288869613
5.5,17.5,12595,0.015248697043592089,0.03706455995271109,0.050601998562104095,0.03673812974262552
6.5,17.5,12596,0.0167381180966855,0.04708373248276465,0.04026264974865293,0.03440795893393146
7.5,17.5,12597,0.016564421938988983,0.05363102508241716,0.0389541605415722,0.031166634706535183
8.5,17.5,12598,0.01724565214400593,0.048218143119617196,0.04180859350116095,0.03416876513083108
9.5,17.5,12599,0.016857682376117258,0.04381964326362069,0.04543071284637353,0.028815139702991543
10.5,17.5,12600,0.01859023683805047,0.042280192658529406,0.05784557635225324,0.03280067584777673
11.5,17.5,12601,0.01807897378069184,0.04210443674098682,0.05787292084658417,0.034944348792227325
12.5,17.5,12602,0.018560236028578696,0.054680783364779904,0.03559139337190906,0.032649661583968106
13.5,17.5,12603,0.02049203536588244,0.03753748543215314,0.03178094606406928,0.032300803165753456
14.5,17.5,12604,0.022600423859333862,0.03136026338771037,0.030688757011912954,0.025572294139805204
15.5,17.5,12605,0.02094699454187428,0.026744672174904185,0.031076681529908865,0.034057419861645635
16.5,17.5,12606,0.02240426900178829,0.02350809501917616,0.03013775892953111,0.025890510173356373
17.5,17.5,12607,0.022117205976929167,0.036796975750949236,0.03701524862915224,0.030577288108766008
18.5,17.5,12608,0.023612073563514146,0.03682973240262701,0.03850773115508302,0.03799408810067605
19.5,17.5,12609,0.022405812246346943,0.052899273755604596,0.05293353200368389,0.038307142844738684
20.5,17.5,12610,0.025719058856725183,0.054157330031670614,0.03725762937899604,0.041913338327581956
21.5,17.5,12611,0.03211201391470862,0.05189196756278622,0.03215367155262171,0.04025890791447844
22.5,17.5,12612,0.0316435655733965,0.05652152693908421,0.041715746001554005,0.0431920012633967
23.5,17.5,12613,0.03082394415603892,0.0431682258297732,0.06375992918838895,0.060067744345857446
24.5,17.5,12614,0.03130388653529659,0.04108289261990344,0.06127330682398268,0.044838291181275206
25.5,17.5,12615,0.02437716282356719,0.0343251859048967,0.04033341420370203,0.026458566960037733
26.5,17.5,12616,0.021345198847224377,0.024072790864810806,0.031829331304868806,0.02301727568626007
27.5,17.5,12617,0.02828963487349894,0.0213837745104164,0.02494463430616483,0.022272815202005032
28.5,17.5,12618,0.02307511263567673,0.020376581186647136,0.022986778860196642,0.020612146611720075
29.5,17.5,12619,0.019771051620291306,0.018369298431207215,0.019622279208556116,0.019270696790612746
30.5,17.5,12620,0.01982597034512345,NA,NA,0.016703425699609423
31.5,17.5,12621,0.020159650601868005,NA,NA,0.014704513506120984
32.5,17.5,12622,0.018400501313367436,NA,NA,0.013076590182783282
33.5,17.5,12623,0.011269887475803179,NA,NA,0.011110405611287242
34.5,17.5,12624,0.010187499783640688,NA,NA,0.010512760328442013
35.5,17.5,12625,0.009120989862506356,NA,NA,0.010143668773247535
36.5,17.5,12626,0.008457551100855042,NA,NA,0.008503537407874557
37.5,17.5,12627,0.008730647588777705,NA,NA,0.007676986843804571
38.5,17.5,12628,0.008673491201797261,NA,NA,0.007919441590409113
39.5,17.5,12629,0.008090596112166495,NA,NA,0.007891629780905712
40.5,17.5,12630,0.008577604729048864,NA,NA,NA
41.5,17.5,12631,0.00834224461375324,NA,NA,NA
42.5,17.5,12632,0.008199704975549671,NA,NA,NA
43.5,17.5,12633,0.009117076968626207,NA,NA,NA
44.5,17.5,12634,0.009323241309643135,NA,NA,NA
45.5,17.5,12635,0.008952708556654164,NA,NA,NA
46.5,17.5,12636,0.008981444494876362,NA,NA,NA
47.5,17.5,12637,0.008516876464737944,NA,NA,NA
48.5,17.5,12638,0.008576163583444195,NA,NA,NA
49.5,17.5,12639,0.009976034149836503,NA,NA,NA
50.5,17.5,12640,0.00941207694536005,NA,NA,0.008613824430769147
51.5,17.5,12641,0.008385395431892633,NA,NA,0.00820505404233171
52.5,17.5,12642,0.007199588888370794,NA,NA,0.008034720387631618
53.5,17.5,12643,0.007003628664562666,NA,NA,0.007696936953462487
54.5,17.5,12644,0.00690452400096424,NA,NA,0.00837471010007709
55.5,17.5,12645,0.006251834632159856,NA,NA,0.008614528575196786
56.5,17.5,12646,0.006214310866541086,NA,NA,0.009237296077633078
57.5,17.5,12647,0.007337546986267976,NA,NA,0.010850819500715788
58.5,17.5,12648,0.009325419908425081,NA,NA,0.012174986611297253
59.5,17.5,12649,0.011581363604876398,NA,NA,0.015408058332192746
60.5,17.5,12650,0.01746186185593918,NA,NA,NA
61.5,17.5,12651,0.01812779749004196,NA,NA,NA
62.5,17.5,12652,0.024185256082937416,NA,NA,NA
63.5,17.5,12653,0.0230055809600316,NA,NA,NA
64.5,17.5,12654,0.017169233059294537,NA,NA,NA
65.5,17.5,12655,0.012488267053204782,NA,NA,NA
66.5,17.5,12656,0.008720943979039296,NA,NA,NA
67.5,17.5,12657,0.008571599293102503,NA,NA,NA
68.5,17.5,12658,0.010119928473604288,NA,NA,NA
69.5,17.5,12659,0.014261982111717718,NA,NA,NA
70.5,17.5,12660,0.014301750195218116,0.026089469424321023,NA,NA
71.5,17.5,12661,0.015349586660406563,0.025913990978779024,NA,NA
72.5,17.5,12662,0.016818261279196937,0.0316738860772513,NA,NA
73.5,17.5,12663,0.03692199601684097,0.0296312740443212,NA,NA
74.5,17.5,12664,0.03743224509976267,0.03568492084523353,NA,NA
75.5,17.5,12665,0.054713025181975766,0.08382523736666674,NA,NA
76.5,17.5,12666,0.06835970517249398,0.12363490206614268,NA,NA
77.5,17.5,12667,0.07042646864176347,0.12179021359895206,NA,NA
78.5,17.5,12668,0.050458453757859685,0.11759872957054755,NA,NA
-122.5,18.5,12669,0.013880902218504286,NA,NA,0.02959917897266896
-121.5,18.5,12670,0.021170164319011923,NA,NA,0.05673149437672511
-120.5,18.5,12671,0.01552844210726906,NA,NA,0.03913572638894397
-95.5,18.5,12685,0.059330603250340584,NA,NA,NA
-94.5,18.5,12686,0.16351581649589794,NA,NA,NA
-93.5,18.5,12687,0.22669662098705054,NA,NA,NA
-92.5,18.5,12688,0.43734389447251854,NA,NA,NA
-91.5,18.5,12689,0.2545764612308501,NA,NA,NA
-90.5,18.5,12690,0.13520741990661042,NA,NA,NA
-89.5,18.5,12691,0.08544686763203449,NA,NA,NA
-88.5,18.5,12692,0.13547166137500924,NA,NA,NA
-87.5,18.5,12693,0.11706865654965885,NA,NA,NA
-86.5,18.5,12694,0.13437818074605848,NA,NA,NA
-69.5,18.5,12698,0.005741878555114455,0.057835886152631945,0.05007603194360756,0.003823819842096691
-68.5,18.5,12699,0.04253047553856103,0.30050536321446575,0.27610434894704666,0.0359455160047731
-67.5,18.5,12700,0.04575811440539932,0.34208209352195357,0.31345365292854427,0.06911735421598098
-66.5,18.5,12701,0.03559057850856999,0.2442724727808601,0.20871761207334077,0.051039204215652674
-65.5,18.5,12702,0.04641649815951536,0.2707093595245401,0.14203655369030319,0.0563728457563095
-64.5,18.5,12703,0.042654530224987865,0.20076890615394616,0.24857129122771254,0.051100065254440975
-63.5,18.5,12704,0.058716020775691685,0.19845658200770658,0.17568721352623093,0.05716023458590493
-62.5,18.5,12705,0.06433381674681625,0.17015187355707917,0.22079393084125176,0.05352336309924866
-61.5,18.5,12706,0.09572974990744962,0.22957585455060378,0.15947009766928882,0.07343017135102137
-60.5,18.5,12707,0.08142607276928703,0.19894080414094792,0.17016884882503494,0.08383570323614736
-59.5,18.5,12708,0.036740641958683914,0.06285687359446128,0.1585801469479143,0.09012557047834148
-58.5,18.5,12709,0.020219970341803405,0.0379275730434805,0.036927060445857064,0.08905261212039559
-57.5,18.5,12710,0.06602833627043414,0.12400347442427315,0.0877189250472534,0.08034753684407536
-56.5,18.5,12711,0.07751590170403402,0.2649729037501189,0.24671729062085937,0.08062956355130554
-55.5,18.5,12712,0.05862979864950441,0.23684313905695145,0.16162001417659955,0.07391155440465101
-54.5,18.5,12713,0.04677793754799737,0.20690934865168917,0.1718456020705675,0.06423068626241675
-53.5,18.5,12714,0.030275843512166174,0.2747898580347805,0.1378076453556655,0.05282398397679257
-52.5,18.5,12715,0.024324197447973157,0.22577332931022465,0.1048828227751617,0.044800839495155516
-51.5,18.5,12716,0.02235871927697341,0.19739812273106888,0.07088420618484594,0.04064116144388258
-50.5,18.5,12717,0.021876645462146824,0.17191808329509636,0.07145566061005883,0.037298993208918295
-49.5,18.5,12718,0.01879591489587581,0.14815511651462449,0.05528777976074622,0.03279727038939313
-48.5,18.5,12719,0.01843472851926919,0.11743673335020444,0.04981345045941024,0.030766386453237694
-47.5,18.5,12720,0.017155878090653366,0.09721158389462674,0.04907574653448767,0.02880793616721075
-46.5,18.5,12721,0.017057596905480275,0.06718712485869284,0.0652608624729758,0.02746168613482124
-45.5,18.5,12722,0.020739648399372205,0.08559433317121452,0.0475040959081282,0.033062462628280644
-44.5,18.5,12723,0.021711329775653664,0.1056674820784736,0.10719531728923694,0.03259794306871482
-43.5,18.5,12724,0.018726160400988536,0.058400947035632984,0.08990290027547668,0.032669087411245586
-42.5,18.5,12725,0.026832662565445774,0.06789867759440821,0.06408238023881341,0.029613165735285468
-41.5,18.5,12726,0.03378658560474597,0.08497808156329462,0.07555676369349179,0.03156750740938067
-40.5,18.5,12727,0.03376290383667078,0.11320547066557188,0.07557260857328893,0.043344621683222846
-39.5,18.5,12728,0.031149829248389146,0.08339846717472034,0.1232242116313278,0.04145789521980849
-38.5,18.5,12729,0.029190894759627908,0.08091141826651448,0.07958257933733014,0.04106811633757932
-37.5,18.5,12730,0.026909250020607938,0.06674222054091536,0.07279927359560481,0.03555638553278998
-36.5,18.5,12731,0.030598050289645677,0.06931398978087736,0.060672218354098535,0.03423083075154493
-35.5,18.5,12732,0.039813395234437055,0.08643399528663534,0.06725460859843888,0.04031981656367579
-34.5,18.5,12733,0.03888515216960232,0.08433135487981411,0.05685047815063201,0.031129351218283693
-33.5,18.5,12734,0.03230072227496749,0.06853319306924811,0.046397006287985536,0.04224037601076631
-32.5,18.5,12735,0.03237959208795188,0.07811583463106837,0.09627295445922814,0.03826916633436084
-31.5,18.5,12736,0.028167022693360258,0.06842990531120532,0.09959380080510147,0.0341815483839749
-30.5,18.5,12737,0.02782814230234926,0.056187164655179644,0.05196801850121415,0.03407043736456773
-29.5,18.5,12738,0.02705859147643963,0.05524777173636793,0.07119730118825834,0.029728316975408675
-28.5,18.5,12739,0.023977660526469435,0.05999810723484565,0.03867738313420677,0.021137424822936957
-27.5,18.5,12740,0.021339073795065857,0.0461689822701813,0.04427713980382823,0.01909501257125666
-26.5,18.5,12741,0.02078245180121692,0.04998225452132605,0.036257888959864246,0.018609913448005545
-25.5,18.5,12742,0.02146663822835935,0.04913017674511886,0.04429419080412761,0.01696814052249958
-24.5,18.5,12743,0.02090011297513141,0.05120979494962727,0.04245744842260117,0.01833128212659275
-23.5,18.5,12744,0.022103683432934496,0.06416401351500284,0.037144184633845216,0.02190665819260575
-22.5,18.5,12745,0.016553237911203875,0.046406448794093315,0.028800785162961817,0.024061370461119797
-21.5,18.5,12746,0.016311764914818574,0.038458359559712094,0.04944950909548633,0.02028752633208252
-20.5,18.5,12747,0.014765040060312314,0.04160467145608393,0.04474990631025618,0.023270515585950266
-19.5,18.5,12748,0.01560428317845351,0.04771852610819602,0.050871204402299156,0.028287630192663216
-18.5,18.5,12749,0.01876207859527614,0.055899148780339615,0.07331166180728947,0.02982162845529635
-17.5,18.5,12750,0.017763610586417653,0.07291937330037915,0.07742890683173866,0.029557501340143465
-16.5,18.5,12751,0.01806180192323333,0.05830121830931555,0.056966517557369895,0.04572818362013056
-15.5,18.5,12752,0.018873325340925978,0.05906130783063414,0.08327450254092313,0.048179790965597366
-14.5,18.5,12753,0.018617808046440146,0.06040668943993377,0.05946536530068126,0.05997436266950965
-13.5,18.5,12754,0.021875969352348947,0.09472064418053137,0.061745958306061305,0.06616161557846326
-12.5,18.5,12755,0.019104959192825954,0.06879398937742881,0.06828654388210054,0.05407145551471692
-11.5,18.5,12756,0.01565277770879063,0.05601878679189543,0.061999676771919414,0.04674625671671853
-10.5,18.5,12757,0.015520207061043116,0.05761463421359367,0.0520075362166868,0.04471791594973099
-9.5,18.5,12758,0.0132447232799389,0.04902120173062429,0.04184178629772103,0.03913350734405518
-8.5,18.5,12759,0.013055066709070261,0.04591530299667923,0.03433067876345183,0.037380983386931556
-7.5,18.5,12760,0.01107108495189364,0.03428372772019488,0.026993181258918416,0.03227416973447625
-6.5,18.5,12761,0.010856959543314441,0.03250561079351345,0.026762286833014747,0.032573293708697756
-5.5,18.5,12762,0.009390754392392741,0.028120740776548133,0.02215183401111525,0.027053332970566314
-4.5,18.5,12763,0.010890742552469471,0.03225516905383165,0.0305747073614788,0.03788407801449776
-3.5,18.5,12764,0.008639189581222855,0.025899390687614477,0.02513487010485879,0.026862320691366584
-2.5,18.5,12765,0.008256220642716458,0.022323239095398118,0.02642037906275808,0.023807486083951904
-1.5,18.5,12766,0.007977848109251173,0.02147946817711048,0.019117680078074736,0.02256059868062376
-0.5,18.5,12767,0.007682934421967551,0.01751238248236565,0.027098996099896914,0.025637913236555794
0.5,18.5,12768,0.007177203216757192,0.01484139553398856,0.02217975447007367,0.020291714968284892
1.5,18.5,12769,0.008065516612277767,0.016962046940069135,0.021292814232318175,0.021669847268120934
2.5,18.5,12770,0.009244080984623848,0.020457120573899073,0.033725385731766894,0.02780696404384089
3.5,18.5,12771,0.0110115358223761,0.024043533054340777,0.03391039700660807,0.036457929640317764
4.5,18.5,12772,0.009974607555430634,0.022352745529425077,0.03456909593599604,0.029749401656644983
5.5,18.5,12773,0.013277334327438573,0.02940535669362232,0.047051460972572456,0.037489345258548606
6.5,18.5,12774,0.013084578986254867,0.02908833990328808,0.04780712853028104,0.031156556716363488
7.5,18.5,12775,0.014673124504773332,0.03308579999937301,0.05230806433148469,0.032826461399686716
8.5,18.5,12776,0.015324397726365879,0.03140773002858382,0.05316483889634468,0.030952526230267823
9.5,18.5,12777,0.015712575371246113,0.03196795756678979,0.05520331652610957,0.03340802256055762
10.5,18.5,12778,0.015402142899350166,0.03098408517763973,0.04894282939042113,0.03752675411499114
11.5,18.5,12779,0.015121505310195169,0.03220678206937225,0.04410452163536297,0.036904048101728856
12.5,18.5,12780,0.014397732399745478,0.03186287091890664,0.0494496063663937,0.027740400338556452
13.5,18.5,12781,0.014239972283647807,0.02737477911893609,0.04795202503116988,0.025258033797602764
14.5,18.5,12782,0.015350887915945155,0.02818951243172554,0.039623758580959484,0.03202322581834218
15.5,18.5,12783,0.015662796788043432,0.029187081307446464,0.033144466711031564,0.02346920317052017
16.5,18.5,12784,0.017738418340006182,0.02722809885790024,0.03252252831889466,0.026637145509409096
17.5,18.5,12785,0.020422989780511394,0.032350899259726465,0.05381294931152369,0.02619294172120916
18.5,18.5,12786,0.019554754957790535,0.028105561988555707,0.07152567998333538,0.026030454352805172
19.5,18.5,12787,0.017771528665692884,0.028964680088775428,0.07264336928643346,0.031179789720197634
20.5,18.5,12788,0.04036335421862116,0.04347141113972231,0.05351448096860987,0.03855018269202559
21.5,18.5,12789,0.031041683264385684,0.037486539420160135,0.05398443535178055,0.03337330433059765
22.5,18.5,12790,0.029795311073365728,0.036167700264398146,0.027954229656104366,0.04434831412990384
23.5,18.5,12791,0.03353313256816592,0.044957252961662315,0.05230479663880775,0.04578635314385948
24.5,18.5,12792,0.03250976792396857,0.033180709538643424,0.05985614227708906,0.04062018727047437
25.5,18.5,12793,0.029908885179654954,0.0391727320982901,0.07525476296273499,0.053794242805242726
26.5,18.5,12794,0.017932337068435042,0.027933456288634972,0.03770560035733835,0.035614503788487996
27.5,18.5,12795,0.01952788973117918,0.028963928597845728,0.033108117550039895,0.034949029895234705
28.5,18.5,12796,0.017307668525177327,0.02171865340475488,0.029688225404807464,0.030439235789675903
29.5,18.5,12797,0.016868671611696265,0.02090047869746465,0.028798921252442707,0.03248098466862929
30.5,18.5,12798,0.014589890201800843,NA,NA,0.022585122113341346
31.5,18.5,12799,0.012754973358995792,NA,NA,0.015202191158611189
32.5,18.5,12800,0.008589681230154753,NA,NA,0.013227705715211313
33.5,18.5,12801,0.006721220598690829,NA,NA,0.010544986493739295
34.5,18.5,12802,0.006265840531378147,NA,NA,0.009837907823874082
35.5,18.5,12803,0.005528563454713478,NA,NA,0.009296678008314877
36.5,18.5,12804,0.005169948468841529,NA,NA,0.007961380551111074
37.5,18.5,12805,0.00512198694695454,NA,NA,0.007777800328352286
38.5,18.5,12806,0.005752914034465154,NA,NA,0.008063803469614316
39.5,18.5,12807,0.005809350382903657,NA,NA,0.00812271216581099
40.5,18.5,12808,0.005546477654690319,NA,NA,NA
41.5,18.5,12809,0.005637032318668832,NA,NA,NA
42.5,18.5,12810,0.005504137718215511,NA,NA,NA
43.5,18.5,12811,0.005556761791265206,NA,NA,NA
44.5,18.5,12812,0.005614879579894481,NA,NA,NA
45.5,18.5,12813,0.005341846198501338,NA,NA,NA
46.5,18.5,12814,0.005498848317842639,NA,NA,NA
47.5,18.5,12815,0.005628672613689523,NA,NA,NA
48.5,18.5,12816,0.005578377469060544,NA,NA,NA
49.5,18.5,12817,0.0054314183008569135,NA,NA,NA
50.5,18.5,12818,0.005196761420365639,NA,NA,0.008112571570731263
51.5,18.5,12819,0.005023565431067456,NA,NA,0.010520698626853233
52.5,18.5,12820,0.004746627148467608,NA,NA,0.010323730738470052
53.5,18.5,12821,0.004541842185004203,NA,NA,0.011129385330662954
54.5,18.5,12822,0.0047104864052603815,NA,NA,0.012305765104458358
55.5,18.5,12823,0.004827424817939652,NA,NA,0.012870882672893273
56.5,18.5,12824,0.005590722824667917,NA,NA,0.014985533401002199
57.5,18.5,12825,0.006904003749210819,NA,NA,0.01663998046346965
58.5,18.5,12826,0.009790714817734579,NA,NA,0.01655470948328303
59.5,18.5,12827,0.011902908634370333,NA,NA,0.020273752646144186
60.5,18.5,12828,0.015619328578837353,NA,NA,NA
61.5,18.5,12829,0.015099530554833282,NA,NA,NA
62.5,18.5,12830,0.01072425609785344,NA,NA,NA
63.5,18.5,12831,0.009519356584889964,NA,NA,NA
64.5,18.5,12832,0.010093920915684123,NA,NA,NA
65.5,18.5,12833,0.008001401115022386,NA,NA,NA
66.5,18.5,12834,0.015699149427570974,NA,NA,NA
67.5,18.5,12835,0.0075095370236271585,NA,NA,NA
68.5,18.5,12836,0.013417733933482985,NA,NA,NA
69.5,18.5,12837,0.015346616234345021,NA,NA,NA
70.5,18.5,12838,0.012712445568844577,0.02077540056200298,NA,NA
71.5,18.5,12839,0.01797495934602648,0.021361276665710895,NA,NA
72.5,18.5,12840,0.02383762126078012,0.04346834718395254,NA,NA
73.5,18.5,12841,0.031596349743769916,0.038056173470935616,NA,NA
74.5,18.5,12842,0.0641535250819248,0.0572641446046862,NA,NA
75.5,18.5,12843,0.04344908065118556,0.044641913988458314,NA,NA
-121.5,19.5,12844,0.014451410595890527,NA,NA,0.041950802321415
-120.5,19.5,12845,0.018394049723177548,NA,NA,0.048052225274816784
-94.5,19.5,12859,0.03456229661096608,NA,NA,NA
-93.5,19.5,12860,0.2632982560856864,NA,NA,NA
-92.5,19.5,12861,0.2965342429394037,NA,NA,NA
-91.5,19.5,12862,0.1860972246611892,NA,NA,NA
-90.5,19.5,12863,0.12884500769897972,NA,NA,NA
-89.5,19.5,12864,0.07950611299133707,NA,NA,NA
-88.5,19.5,12865,0.10293695431794797,NA,NA,NA
-87.5,19.5,12866,0.08826577342490961,NA,NA,NA
-86.5,19.5,12867,0.022995530390666246,NA,NA,NA
-68.5,19.5,12871,0.004709344404918395,0.11673113391469427,0.035768120462597676,0.006749650266955248
-67.5,19.5,12872,0.018770669012760026,0.11129201039128316,0.059481030239113185,0.014846207969275209
-66.5,19.5,12873,0.03313809203574174,0.1857757542605,0.2067086822710829,0.04837188534153076
-65.5,19.5,12874,0.052116677020532666,0.3297174939251626,0.22801859684842668,0.06071712633792434
-64.5,19.5,12875,0.047669270986241345,0.20187865410094308,0.11817054299559786,0.05382689474394944
-63.5,19.5,12876,0.03184451534636252,0.153928626375116,0.10945493030731884,0.06426677481968944
-62.5,19.5,12877,0.04476841033812598,0.11230740040469954,0.14067873208966022,0.08194842116181231
-61.5,19.5,12878,0.07720794403507389,0.18951612000244786,0.20551941487966788,0.05513820008419199
-60.5,19.5,12879,0.07205080369701099,0.14287455178834776,0.06689844400074732,0.09118509926491723
-59.5,19.5,12880,0.08068125699892315,0.2098814801830923,0.14242372857773214,0.11598999439588452
-58.5,19.5,12881,0.03884597488986739,0.09709541202308164,0.09052524324862105,0.05638365329816554
-57.5,19.5,12882,0.02544266247270423,0.1101284148177775,0.11326803971529142,0.02746239417419317
-56.5,19.5,12883,0.11034910613319691,0.26200557029626237,0.15680205762978403,0.13065763302216674
-55.5,19.5,12884,0.06827156937025396,0.226086167427009,0.2224260234152723,0.11048899034597558
-54.5,19.5,12885,0.04660471672075324,0.1990341168234663,0.20060427049752083,0.08352011459915852
-53.5,19.5,12886,0.027689691571274613,0.20573746313381766,0.20122823821725003,0.07761518100501726
-52.5,19.5,12887,0.02294595467185736,0.28621662959908517,0.1901433013157877,0.04375704452151932
-51.5,19.5,12888,0.022203221566844577,0.25697615969435517,0.10099062854356207,0.0329438430465232
-50.5,19.5,12889,0.019731003822177556,0.25199345962500375,0.07739307860759242,0.0329405673340382
-49.5,19.5,12890,0.0164594159811927,0.25139067431199524,0.04413109740720075,0.033503252342771336
-48.5,19.5,12891,0.01708747988262683,0.234967973614201,0.03961863015589027,0.03435531022641709
-47.5,19.5,12892,0.017102305169222266,0.16916916545873417,0.040012434271452416,0.03455790393044751
-46.5,19.5,12893,0.018396133378221834,0.14056607915963212,0.04752884396942513,0.03312874769584853
-45.5,19.5,12894,0.016473989822223405,0.12130682577227772,0.04748537919008277,0.03238439561266272
-44.5,19.5,12895,0.017684749783459332,0.12392045551403837,0.07762802828443575,0.02875881368433504
-43.5,19.5,12896,0.01749763062611309,0.09325862907206667,0.07173434671741641,0.022473227219671644
-42.5,19.5,12897,0.020904601403662033,0.0960871342084111,0.05768253276122445,0.02315668584788041
-41.5,19.5,12898,0.02139094760923543,0.10266611583600264,0.07217654718673844,0.028332798631623187
-40.5,19.5,12899,0.027923919079421523,0.11409876073558632,0.08872263520425373,0.03699320326114922
-39.5,19.5,12900,0.01959212287358676,0.09514187291203233,0.0778110851190209,0.02945869126698478
-38.5,19.5,12901,0.020570712428612515,0.08723609894852745,0.10991351791981077,0.03132376533995982
-37.5,19.5,12902,0.01801910459677292,0.07139545237934602,0.05965671310179339,0.025773376662769954
-36.5,19.5,12903,0.020767775809493277,0.08564800759039143,0.07169827063777659,0.02932742230101577
-35.5,19.5,12904,0.02261092518416084,0.09967085491345183,0.08636798725727443,0.03656102560539567
-34.5,19.5,12905,0.03493895186961872,0.13542615435168995,0.04771524845246942,0.042470689659731664
-33.5,19.5,12906,0.020301691702490215,0.12450939706236919,0.04276880203782297,0.03703554386395084
-32.5,19.5,12907,0.014145501988351227,0.0908923716202634,0.04823969450140581,0.02900071809287507
-31.5,19.5,12908,0.012737245880299192,0.09478635909709095,0.04988168676741382,0.0313173226808903
-30.5,19.5,12909,0.011921987556834024,0.07938459188247071,0.06301872301708397,0.032444637309513476
-29.5,19.5,12910,0.012285626617605303,0.07239803407297798,0.045504178903665926,0.029420993142885623
-28.5,19.5,12911,0.01316120977700783,0.04795812439876413,0.048967671593614225,0.028911147767924545
-27.5,19.5,12912,0.014872872826737004,0.03256795204194685,0.04278940557580327,0.0218905210950678
-26.5,19.5,12913,0.017541984462613756,0.03260210156155613,0.048371086547287945,0.02160309572044688
-25.5,19.5,12914,0.017368488638297135,0.033487042276888944,0.03791266542589456,0.023737405701774236
-24.5,19.5,12915,0.016547879479181692,0.030670226043900184,0.04620762016039676,0.019261657989541183
-23.5,19.5,12916,0.01549448240736719,0.027678006074844514,0.04439737150908195,0.019583850330283797
-22.5,19.5,12917,0.01701825746675777,0.02799540832083236,0.042246240549534936,0.02109736203192574
-21.5,19.5,12918,0.014016064093522082,0.026365184918910448,0.04175054018744009,0.020619352881284445
-20.5,19.5,12919,0.012650207074956545,0.036122283962858034,0.04292659020014288,0.01920482118704183
-19.5,19.5,12920,0.012719614398191994,0.03209998881157422,0.0500138549317186,0.023095905837549075
-18.5,19.5,12921,0.015343578280842998,0.044142523417081136,0.0614057341979623,0.03236497655457157
-17.5,19.5,12922,0.013634624482499589,0.04314954316383877,0.06994857583888836,0.035452230523698815
-16.5,19.5,12923,0.012969870427894688,0.04305253535019547,0.05184284606084928,0.03351934996636874
-15.5,19.5,12924,0.01326841385550397,0.0455239801627508,0.04852568938825605,0.03361208068450386
-14.5,19.5,12925,0.013908864806657897,0.06206358639591583,0.06902718606831051,0.04143749214126557
-13.5,19.5,12926,0.014494069813781471,0.08472670886249595,0.04311330783671489,0.03662105573252881
-12.5,19.5,12927,0.014033314729746532,0.0722941148904942,0.032548269166675706,0.047723000597241834
-11.5,19.5,12928,0.012058259929896158,0.04114973922586991,0.03724200852282805,0.04756732313691332
-10.5,19.5,12929,0.012381295165282129,0.04549353766779498,0.05200766363943837,0.04831260502591586
-9.5,19.5,12930,0.010719804039739236,0.03803564610944003,0.047891970367408346,0.04344814300292403
-8.5,19.5,12931,0.01115116128816135,0.03955233170411225,0.04971983732048831,0.04467712896267781
-7.5,19.5,12932,0.009322021099551128,0.02999912639744309,0.04103643263051091,0.03857359245710953
-6.5,19.5,12933,0.007293209451241927,0.02193493071346376,0.02808543813731869,0.029161994751382796
-5.5,19.5,12934,0.007457050740057479,0.022523765683847684,0.035542881332197955,0.026304890222946933
-4.5,19.5,12935,0.006448701301344144,0.01616613110970175,0.029525258264428603,0.02450441576549872
-3.5,19.5,12936,0.005494059341073489,0.01255685072320583,0.022337410734003835,0.017676737448422963
-2.5,19.5,12937,0.006460910979263695,0.014102892243284652,0.02078759456464574,0.020998555565853363
-1.5,19.5,12938,0.006490549160852906,0.015355294353368904,0.026758768791699177,0.02040428092363876
-0.5,19.5,12939,0.0064629847760043,0.015865835664574383,0.02298790564068703,0.019759432201225693
0.5,19.5,12940,0.006949977677816783,0.016348068621124392,0.03066386562458445,0.01823398401945258
1.5,19.5,12941,0.007113429033356876,0.015234744282524451,0.03078645604462729,0.019061193954446033
2.5,19.5,12942,0.008527665107244425,0.019236629009002127,0.0286003091430498,0.022221455227865308
3.5,19.5,12943,0.00934964142570494,0.018803905489738374,0.02794761659573765,0.02024966139571621
4.5,19.5,12944,0.012398377869467975,0.023631160951570942,0.05178739914416395,0.028284461834107152
5.5,19.5,12945,0.012991620378924575,0.025675597615352864,0.055341694194864746,0.033932117628551806
6.5,19.5,12946,0.011013570819980237,0.02154864038008563,0.03396979924386675,0.028457555757691034
7.5,19.5,12947,0.01324974437929228,0.026069705302217354,0.039393450391036956,0.02975062314904931
8.5,19.5,12948,0.01243856675421574,0.026482137482853763,0.036227385354256736,0.03319307643260716
9.5,19.5,12949,0.01318551935680758,0.029178579648379853,0.034618329084292604,0.032532251118939634
10.5,19.5,12950,0.013597143858796316,0.030324420114341076,0.03724226011473057,0.038096274762584544
11.5,19.5,12951,0.01353345884006727,0.030249993415806958,0.037541651910775346,0.04127713419921771
12.5,19.5,12952,0.012723503923645636,0.029644321392121753,0.04007684064613781,0.03614114626588684
13.5,19.5,12953,0.012811251036877044,0.030195571985354965,0.03945101704550826,0.03420410534904329
14.5,19.5,12954,0.01302051361172417,0.026695275992472126,0.03460244213141693,0.033211408154978424
15.5,19.5,12955,0.014460069353283103,0.0326129737915482,0.03501744464476216,0.037537111564309424
16.5,19.5,12956,0.014653601115602412,0.03563014588873896,0.035068229853723286,0.02929883485215379
17.5,19.5,12957,0.015566722231684465,0.028150845281452213,0.03453529406431052,0.031242357088399314
18.5,19.5,12958,0.01963755416562457,0.03646424566708964,0.03539742590946982,0.029150380595047893
19.5,19.5,12959,0.024828273857989754,0.043629019610504534,0.044212747446984016,0.037681728162446256
20.5,19.5,12960,0.023850136315082145,0.0543738423545337,0.050768641155597816,0.02810963683418106
21.5,19.5,12961,0.02669531886466263,0.06617673750789438,0.07219415997436911,0.029189808970448712
22.5,19.5,12962,0.031244584968944573,0.0675957063923427,0.15338509405674297,0.03262665058719537
23.5,19.5,12963,0.06563948943291315,0.1049862151520843,0.22530604200952387,0.04134347477654571
25.5,19.5,12964,0.028851541232919324,0.049470065926220524,0.07492830995755313,0.03322920257908281
26.5,19.5,12965,0.024180780672531394,0.02813254675139617,0.04727511101742363,0.023973779596091534
27.5,19.5,12966,0.016832707150473025,0.03132332775935649,0.038656729830320966,0.021042372202425406
28.5,19.5,12967,0.019824956449828506,0.028445789155324305,0.03146479954768791,0.018465357828444474
29.5,19.5,12968,0.012398655485734844,0.026522938216913573,0.02483145014284498,0.026042732741557523
30.5,19.5,12969,0.009595804613283299,NA,NA,0.025338064896740176
31.5,19.5,12970,0.007404272763736028,NA,NA,0.020933757293409357
32.5,19.5,12971,0.006906847037784732,NA,NA,0.02012855583510433
33.5,19.5,12972,0.005680923239694014,NA,NA,0.0173812333468232
34.5,19.5,12973,0.0050705177415127966,NA,NA,0.018405594522304447
35.5,19.5,12974,0.004522378529797633,NA,NA,0.016537207617907883
36.5,19.5,12975,0.004437445753276594,NA,NA,0.015584037600409113
37.5,19.5,12976,0.00454448714446118,NA,NA,0.013977042688238767
38.5,19.5,12977,0.004569695299237292,NA,NA,0.010455916823313597
39.5,19.5,12978,0.004598862129522645,NA,NA,0.009036927311354515
40.5,19.5,12979,0.004699846076699317,NA,NA,NA
41.5,19.5,12980,0.004854257668742342,NA,NA,NA
42.5,19.5,12981,0.004845740889142745,NA,NA,NA
43.5,19.5,12982,0.004993151610097584,NA,NA,NA
44.5,19.5,12983,0.005790091607534509,NA,NA,NA
45.5,19.5,12984,0.007488309199299359,NA,NA,NA
46.5,19.5,12985,0.006922124468954843,NA,NA,NA
47.5,19.5,12986,0.006604688607855784,NA,NA,NA
48.5,19.5,12987,0.006205345556437599,NA,NA,NA
49.5,19.5,12988,0.008029190812851764,NA,NA,NA
50.5,19.5,12989,0.00834327564262825,NA,NA,0.011718443995900307
51.5,19.5,12990,0.007836941794894338,NA,NA,0.01441407384271724
52.5,19.5,12991,0.0077653428243097886,NA,NA,0.009877969853489519
53.5,19.5,12992,0.005718420997270113,NA,NA,0.0076399575193549655
54.5,19.5,12993,0.005732122898024862,NA,NA,0.0074511857735322954
55.5,19.5,12994,0.006556658183490198,NA,NA,0.008556786428925104
56.5,19.5,12995,0.0073411134329846445,NA,NA,0.007795262785344222
57.5,19.5,12996,0.009068219731924081,NA,NA,0.008792346436426702
58.5,19.5,12997,0.012299551451008903,NA,NA,0.00938240204644489
59.5,19.5,12998,0.008828494005507939,NA,NA,0.009925960693031938
60.5,19.5,12999,0.012746905876801218,NA,NA,NA
61.5,19.5,13000,0.008133773059512734,NA,NA,NA
62.5,19.5,13001,0.007129290042265738,NA,NA,NA
63.5,19.5,13002,0.00804597298263267,NA,NA,NA
64.5,19.5,13003,0.012525054417790905,NA,NA,NA
65.5,19.5,13004,0.012261407040976474,NA,NA,NA
66.5,19.5,13005,0.007285976528835418,NA,NA,NA
67.5,19.5,13006,0.007106788098149935,NA,NA,NA
68.5,19.5,13007,0.010957220833584809,NA,NA,NA
69.5,19.5,13008,0.010684615275612121,NA,NA,NA
70.5,19.5,13009,0.011608212925399226,0.03247441975882616,NA,NA
71.5,19.5,13010,0.011350208382125328,0.02114589968887782,NA,NA
72.5,19.5,13011,0.0225971321516459,0.037685803193666566,NA,NA
73.5,19.5,13012,0.05121285553634806,0.05333987762460871,NA,NA
74.5,19.5,13013,0.08747361071783612,0.09629165679879728,NA,NA
-59.5,20.5,13044,0.04540403283693417,0.30614400861296037,0.08251356301266129,0.05659617400470346
-58.5,20.5,13045,0.053067284663550075,0.29667970142537803,0.09456089090924993,0.06480471115937539
-57.5,20.5,13046,0.06747851806760723,0.18736704779914373,0.11283287193429031,0.08994806842804251
-56.5,20.5,13047,0.10160606163084018,0.3239999009902939,0.13092223953486107,0.12568782900916403
-55.5,20.5,13048,0.08593988226685581,0.3503838157130745,0.15358799899388736,0.0901738260452987
-54.5,20.5,13049,0.03780173545735387,0.25865117045206776,0.18298626863771517,0.04669975949010012
-53.5,20.5,13050,0.04234217173487898,0.2767633833763795,0.21909813854902702,0.04907764668755265
-52.5,20.5,13051,0.03318345327381123,0.45299479694831335,0.15772287941851493,0.03703245713688608
-51.5,20.5,13052,0.026187345947531037,0.42486838690298845,0.16772318591978289,0.03107928846366303
-50.5,20.5,13053,0.028457498898634668,0.48086586288770755,0.1594788555243531,0.0361777961126164
-49.5,20.5,13054,0.023919215122740516,0.38449701930059077,0.11765327791595456,0.04397816173841252
-48.5,20.5,13055,0.024869598833809816,0.4689631443709555,0.06807499758814757,0.037652680611995344
-47.5,20.5,13056,0.024703751825647238,0.36914390040660033,0.06492155680027628,0.03725902457455909
-46.5,20.5,13057,0.021900150476560975,0.28298268856359854,0.10560002988247708,0.0322798078402932
-45.5,20.5,13058,0.01962275787941811,0.22831097153140087,0.05694018202401014,0.022715189340428855
-44.5,20.5,13059,0.021488009919367602,0.23700828446475708,0.09165350930360502,0.022160009934362134
-43.5,20.5,13060,0.020829126926056218,0.18055709497002162,0.08821207157947748,0.024179835615047617
-42.5,20.5,13061,0.024528512040936076,0.15222154433102644,0.06679820683557201,0.02964854615620309
-41.5,20.5,13062,0.022089028289552462,0.1554146530330133,0.11100618649103924,0.03626850385105024
-40.5,20.5,13063,0.02343809783877231,0.2559945243629069,0.08193871037433968,0.03816332150733998
-39.5,20.5,13064,0.01758368217134846,0.15990429840593534,0.09456753935337575,0.03753810464510733
-38.5,20.5,13065,0.013643144956993581,0.12442672272654441,0.094155211319167,0.04234899469260414
-37.5,20.5,13066,0.011999031417905662,0.13338786286452972,0.05992610936598512,0.035742236342702995
-36.5,20.5,13067,0.019457724551584194,0.1279007014991493,0.06063840256906786,0.03884492549621661
-35.5,20.5,13068,0.009600375235265999,0.07718538930411349,0.02285843659151804,0.02369014943949134
-34.5,20.5,13069,0.011868629131286225,0.07161501380572172,0.025476173858610406,0.02680073774918472
-33.5,20.5,13070,0.00953903499276779,0.06452624563375167,0.026811815280354565,0.022370497167595187
-32.5,20.5,13071,0.01060636977433147,0.06845491816247772,0.04711841196465308,0.02489856329723576
-31.5,20.5,13072,0.009225976654981743,0.06761689385196776,0.03830402025457322,0.025750730107935806
-30.5,20.5,13073,0.008466773760016826,0.05883071815187278,0.05690510091134674,0.02495309438800696
-29.5,20.5,13074,0.0082612183881136,0.058770446758741136,0.05284537834513615,0.022565590335381046
-28.5,20.5,13075,0.007630124152455992,0.05735910221412289,0.045403272429591426,0.021193643167547897
-27.5,20.5,13076,0.0071527121612799255,0.061216255334380514,0.05045557976437751,0.022275266251095736
-26.5,20.5,13077,0.008185976759025512,0.05792575364475564,0.055134885830762495,0.022396568368960052
-25.5,20.5,13078,0.008318758138778363,0.06261161704865416,0.04487562662281555,0.025939671139004625
-24.5,20.5,13079,0.010074619223667248,0.05560979706243817,0.04154843913047143,0.022640370166922705
-23.5,20.5,13080,0.011983613922412517,0.03633787531753574,0.05812200427714169,0.021951636686487835
-22.5,20.5,13081,0.010349761814056389,0.0226846734925781,0.035994355317920224,0.02099697377120333
-21.5,20.5,13082,0.008462113099060597,0.018487189152002613,0.04016107328406992,0.01807324334863487
-20.5,20.5,13083,0.007715808290797378,0.017538676845871452,0.03552060206149677,0.017850090891699283
-19.5,20.5,13084,0.008493100315529458,0.017470680326311293,0.03540124878578427,0.01991196397846661
-18.5,20.5,13085,0.008935730128798293,0.02060339335829704,0.038433837455189156,0.020983740724854018
-17.5,20.5,13086,0.011061926415059648,0.025980317906700252,0.0508847572004271,0.02555500109432191
-16.5,20.5,13087,0.009412224092525028,0.02185099583053411,0.03989397668610701,0.020193941978170073
-15.5,20.5,13088,0.009531538860938818,0.020982419214408674,0.041541474373036034,0.020562088573383902
-14.5,20.5,13089,0.011615950727835687,0.023324937112606883,0.040327224905586,0.018737792663816744
-13.5,20.5,13090,0.010704421708465174,0.03546399369653318,0.03615266409641146,0.021239432123558128
-12.5,20.5,13091,0.009652517630262926,0.034011373694444194,0.037914278226737194,0.024086519159680717
-11.5,20.5,13092,0.009198254787219504,0.03450796096346885,0.04098629102378489,0.024502315842821462
-10.5,20.5,13093,0.009428593995442694,0.035297818310246455,0.04429440686676007,0.023036064264904534
-9.5,20.5,13094,0.008868361190850552,0.027718965846814946,0.028915674695163818,0.022873439693883287
-8.5,20.5,13095,0.008172088886750665,0.028173130197694365,0.022746423443517225,0.02114951763676822
-7.5,20.5,13096,0.008477697161951559,0.02283077422364995,0.021160550014021746,0.01932092054614367
-6.5,20.5,13097,0.007781225807574149,0.018116835768557864,0.018426209697503082,0.016821685723688404
-5.5,20.5,13098,0.005820147802820357,0.013198728093120367,0.013366869631896944,0.014725684360600729
-4.5,20.5,13099,0.005175877035055555,0.012066149875721926,0.012729216568669125,0.016351708142874028
-3.5,20.5,13100,0.005196272504118048,0.01130719375388618,0.017798556612149106,0.015046359172634253
-2.5,20.5,13101,0.0062379368881295165,0.013311987811097275,0.017641475145242627,0.018029846626191826
-1.5,20.5,13102,0.005807821991450705,0.012206062825126865,0.020006976832084408,0.017677865392525197
-0.5,20.5,13103,0.005895926687766237,0.011224728718356714,0.019313795725239224,0.019420231135948093
0.5,20.5,13104,0.006574695329167795,0.012539613082900318,0.021668574686953667,0.01842953096327935
1.5,20.5,13105,0.007806342307533292,0.015150842394720516,0.026254529013216434,0.021062484056043204
2.5,20.5,13106,0.007594189725941815,0.014192599707903856,0.027106858609278844,0.019195292511762743
3.5,20.5,13107,0.007805837480618116,0.01580838017808535,0.028684634515452376,0.019583067240807748
4.5,20.5,13108,0.007737521949416581,0.015901475461854272,0.031579701367004664,0.02208956200793715
5.5,20.5,13109,0.007736426583327422,0.016844769302147684,0.02895600701763344,0.02176635599878514
6.5,20.5,13110,0.00802636815707543,0.017955606075643577,0.030001439723952885,0.020596760265805713
7.5,20.5,13111,0.009065694069301631,0.021307575199142656,0.03976016919383241,0.025310223788416814
8.5,20.5,13112,0.009631202317046473,0.023603651068081113,0.042840387191750026,0.02682728240774334
9.5,20.5,13113,0.010675664224858208,0.025785478414042533,0.04732811754076987,0.027877227310940025
10.5,20.5,13114,0.010834233782777196,0.029591307024025182,0.0646063733638724,0.03076455507953549
11.5,20.5,13115,0.010715990777483853,0.02801833455776721,0.04431117267725543,0.03169147287885147
12.5,20.5,13116,0.011485451597684583,0.031013093091167253,0.06876514065834477,0.0356021589552416
13.5,20.5,13117,0.011493766087906152,0.034325091412533565,0.07999662439658484,0.03562009793367769
14.5,20.5,13118,0.009878485791674847,0.03681004311199184,0.060675370680284925,0.029881208990458416
15.5,20.5,13119,0.010051560278460764,0.04146686894262765,0.061131367015248454,0.02191673871371515
16.5,20.5,13120,0.010939332655439869,0.040240702707300666,0.061858934168359796,0.01727464787515458
17.5,20.5,13121,0.01369044128391785,0.04962453716213763,0.0577136165627866,0.01580843787325986
18.5,20.5,13122,0.01439072000941561,0.05108305730545375,0.05729556352131857,0.014972804925129098
19.5,20.5,13123,0.014517241686607717,0.047601923247800486,0.10984409643116178,0.0194681950277966
20.5,20.5,13124,0.015790795736910293,0.03885505610661774,NA,0.03997091238034426
21.5,20.5,13125,0.02335090685769202,0.05815527764539092,NA,0.035769706160648604
22.5,20.5,13126,0.031229972536404645,0.055332566268072425,NA,0.04515217804286552
23.5,20.5,13127,0.022251443559401295,0.040654717265993824,NA,0.021780297476896884
24.5,20.5,13128,0.011281671752699262,0.026103105000898675,NA,0.012378044444091999
25.5,20.5,13129,0.01092626110050498,0.018686359044961125,NA,0.016240669436834342
26.5,20.5,13130,0.015646243879654714,0.038769692964511396,NA,0.02171646389480449
27.5,20.5,13131,0.016079906247425325,0.038594818964900926,NA,0.01623489783127653
28.5,20.5,13132,0.010519426250549947,0.018319388910803626,NA,0.017074671698279528
29.5,20.5,13133,0.009429921604808003,0.01765683834987379,NA,0.01643094570054187
30.5,20.5,13134,0.008357413573431647,NA,NA,0.016472597896766066
31.5,20.5,13135,0.007912046562535493,NA,NA,0.013228925500381582
32.5,20.5,13136,0.007703863972010114,NA,NA,0.012110582998873631
33.5,20.5,13137,0.005841914882923445,NA,NA,0.010208720633553473
34.5,20.5,13138,0.0057563786779120255,NA,NA,0.008859106205358158
35.5,20.5,13139,0.006239933173973253,NA,NA,0.009387641904152763
36.5,20.5,13140,0.006065506881365475,NA,NA,0.009375308706108284
37.5,20.5,13141,0.0066083068606207895,NA,NA,0.0090368738192144
38.5,20.5,13142,0.006455564072790806,NA,NA,0.008224130337476192
39.5,20.5,13143,0.006713993898746207,NA,NA,0.010555921588119228
40.5,20.5,13144,0.006812246222230921,NA,NA,NA
41.5,20.5,13145,0.005963432116035627,NA,NA,NA
42.5,20.5,13146,0.005071048286908975,NA,NA,NA
43.5,20.5,13147,0.004382498341630381,NA,NA,NA
44.5,20.5,13148,0.00447832317242844,NA,NA,NA
45.5,20.5,13149,0.004573049522533892,NA,NA,NA
46.5,20.5,13150,0.005657319527341383,NA,NA,NA
47.5,20.5,13151,0.005621883896328121,NA,NA,NA
48.5,20.5,13152,0.005754528764442665,NA,NA,NA
49.5,20.5,13153,0.005992906589293426,NA,NA,NA
-59.5,21.5,13205,0.022454321539975564,0.22954316555319904,0.12695038114049229,0.05071761997862335
-58.5,21.5,13206,0.07365621079708431,0.31710734774425875,0.08237594690440679,0.08827375363661966
-57.5,21.5,13207,0.08328120756591119,0.44755450629408683,0.10823285426433643,0.10564410050712796
-56.5,21.5,13208,0.08468455516809649,0.4810131179728928,0.1105664986258309,0.1095234772069029
-55.5,21.5,13209,0.08013072526898864,0.6310554961898004,0.1529099119486643,0.0942438504583921
-54.5,21.5,13210,0.05839002980371897,0.6197903176116804,0.1805809057251485,0.04334509304588896
-53.5,21.5,13211,0.05918831109321989,0.6469094092841217,0.2452144636912815,0.03959089191645896
-52.5,21.5,13212,0.04774171146660478,0.636529978464507,0.15698938727434847,0.0344440627491119
-51.5,21.5,13213,0.03649884391680701,0.5599307125967179,0.21836663640793993,0.03946388443985201
-50.5,21.5,13214,0.032921236391395374,0.5133069716182465,0.13369855440682607,0.03097416766238798
-49.5,21.5,13215,0.025733936145112712,0.43451716189652573,0.10612596663752838,0.042002990024339874
-48.5,21.5,13216,0.02911716999438109,0.5360249036446073,0.08925334380528852,0.028735231327206866
-47.5,21.5,13217,0.025840177851288913,0.40738685142936043,0.09759607638758487,0.02276652203879736
-46.5,21.5,13218,0.024453734624069214,0.2648093638803929,0.10488142665212986,0.02300156847383153
-45.5,21.5,13219,0.023458550247167934,0.2564289501354741,0.128420452391734,0.02445266725725545
-44.5,21.5,13220,0.022043477832063545,0.22679701771147526,0.07482820737772293,0.021861923502789073
-43.5,21.5,13221,0.0220601954700987,0.16836909369137984,0.09862230548186178,0.02602374381889678
-42.5,21.5,13222,0.018063861696012467,0.17254613192054805,0.12764043210736176,0.035873246662934025
-41.5,21.5,13223,0.0163080434553243,0.24563954190376994,0.16103300431978074,0.050457851831178735
-40.5,21.5,13224,0.01633976967718714,0.3162108785700056,0.09740533006932618,0.05350134030271558
-39.5,21.5,13225,0.011127393835592818,0.1931946782383084,0.07870808994785589,0.030281138796952704
-38.5,21.5,13226,0.010056707028924373,0.1459182375122009,0.0725503975989866,0.03044492277035206
-37.5,21.5,13227,0.0073866393040704715,0.12396587435360176,0.054716432573548156,0.026833277763512183
-36.5,21.5,13228,0.0084227975528671,0.1618798634681962,0.04912695903611755,0.028239779992892566
-35.5,21.5,13229,0.010148974001509862,0.1228800135870889,0.04601672783481272,0.05156221591678418
-34.5,21.5,13230,0.010219461874428721,0.10075929321414977,0.057350481622347,0.04565991775644788
-33.5,21.5,13231,0.009501884970930255,0.08460907007766842,0.0486226619693753,0.030598536950190717
-32.5,21.5,13232,0.008276350245679546,0.07685228418157757,0.07095585635627778,0.027424593219673256
-31.5,21.5,13233,0.007115247510956022,0.06982979966597794,0.08489671391458439,0.02514308131983844
-30.5,21.5,13234,0.007050194338874042,0.05435178519667302,0.053653372835892915,0.025636533129018653
-29.5,21.5,13235,0.007049981354619099,0.050688359663348934,0.0702906367939722,0.021607710172969946
-28.5,21.5,13236,0.007377499143092141,0.05043176897423277,0.07287547410775332,0.02045226896937039
-27.5,21.5,13237,0.00600075651290887,0.04135417281374346,0.05508996053442858,0.0217587643679133
-26.5,21.5,13238,0.006373064467663546,0.03736886257221264,0.0682160864182741,0.019115166122776323
-25.5,21.5,13239,0.006791607920618852,0.04598307634787934,0.06186790356542337,0.020055973094703087
-24.5,21.5,13240,0.007407324037736124,0.06466565569229361,0.044266644242750834,0.02205115152799279
-23.5,21.5,13241,0.006924525759720814,0.053220324769930785,0.060480847162010104,0.021105642757118345
-22.5,21.5,13242,0.007251378924341143,0.04527651479328137,0.05878297389033163,0.02313782702306788
-21.5,21.5,13243,0.006119129236435392,0.03717163813715467,0.04236485123086434,0.018819688867562943
-20.5,21.5,13244,0.005367787708564549,0.023623941420332514,0.0326625992314305,0.01670360857684334
-19.5,21.5,13245,0.0057384547621609884,0.021140902741776522,0.028090082030850106,0.015220342491749963
-18.5,21.5,13246,0.006942460613637263,0.02510517019774469,0.039385726443282164,0.01931018017806578
-17.5,21.5,13247,0.006821801557914985,0.02306233970223145,0.042357193152122836,0.01823520462307452
-16.5,21.5,13248,0.0070225879493049405,0.020089745121169574,0.03794690624624423,0.016002354432964157
-15.5,21.5,13249,0.007208958141200972,0.01853251703878085,0.03394844581008165,0.016432740619199464
-14.5,21.5,13250,0.009561776971825081,0.019740313651528542,0.04226502505998472,0.017393380726129608
-13.5,21.5,13251,0.009454983826209039,0.017183344435521632,0.033765258146393834,0.01853319306643031
-12.5,21.5,13252,0.00952173857007262,0.01669929435710909,0.034959207665931094,0.017062767467693564
-11.5,21.5,13253,0.009806668766990885,0.016763453993271088,0.04468025770606657,0.018004249125196287
-10.5,21.5,13254,0.010046881435706654,0.01692445405413573,0.04450353140744766,0.016637994682659214
-9.5,21.5,13255,0.009654068519375851,0.011977675969219339,0.03160750293154519,0.015257786764392997
-8.5,21.5,13256,0.009860657077935438,0.009285738706821528,0.023656963224376524,0.012770794347891237
-7.5,21.5,13257,0.006357117610227764,0.008234642274752551,0.030310607718922376,0.012429103481261661
-6.5,21.5,13258,0.006110486315199449,0.007847703550470753,0.0234419188683065,0.012276945204823544
-5.5,21.5,13259,0.005282885139728775,0.007086478660911719,0.024054755824955098,0.012103667723943197
-4.5,21.5,13260,0.004425709703840078,0.007508308200664971,0.016333695537736198,0.01273556888794567
-3.5,21.5,13261,0.004780590275953142,0.010870133773197442,0.015772177135192553,0.009882165692448975
-2.5,21.5,13262,0.004317622896731871,0.009027835752533322,0.014240867887966765,0.00895070525835931
-1.5,21.5,13263,0.004229756876492149,0.009371676130631841,0.013805600587395283,0.008463552946635004
-0.5,21.5,13264,0.004889271397763872,0.01111473542449334,0.01981512868724017,0.009644466392312102
0.5,21.5,13265,0.005687511647541101,0.012399511542149575,0.02584814211705428,0.011233435484965745
1.5,21.5,13266,0.006034284729955196,0.01229663189585846,0.029122637031565486,0.011951815074415983
2.5,21.5,13267,0.006300797427231108,0.011862999386753798,0.030022528220439677,0.012319341331804344
3.5,21.5,13268,0.006049103370167283,0.009553473947187524,0.0275391930671958,0.01153998566264537
4.5,21.5,13269,0.006356675898552884,0.008745519882489531,0.02778874667655426,0.012601671937551883
5.5,21.5,13270,0.006329979503241009,0.008822359459902732,0.025915063788406967,0.01430562795750348
6.5,21.5,13271,0.006469655687338892,0.009139120302308745,0.024536047391551,0.015982375532704374
7.5,21.5,13272,0.006546519777364257,0.01305380874197428,0.03068820054967964,0.02573140780586326
8.5,21.5,13273,0.00681764729925852,0.012945467159578776,0.029749667028393986,0.022168381892234208
9.5,21.5,13274,0.008174508555644059,0.01739178994522805,0.04042297335322496,0.02201991266645648
10.5,21.5,13275,0.007636232311312312,0.017966052313534757,0.029757885512977995,0.021814721552921287
11.5,21.5,13276,0.008828786462913945,0.017608643924931264,0.030583467637367683,0.016586986463993873
12.5,21.5,13277,0.011229374773718244,0.018646955619701346,0.054498809664940334,0.017551869092739772
13.5,21.5,13278,0.011388966265018298,0.019075303083016113,0.051887950011187435,0.01413924469971244
14.5,21.5,13279,0.010503360216449893,0.019395597680126223,0.049630015151047153,0.012604911270297723
15.5,21.5,13280,0.009401865295916674,0.019883987309326362,0.058846017774503025,0.012695649523628715
16.5,21.5,13281,0.008965518919500525,0.021457106204094738,0.06393861325685202,0.010707871436845933
17.5,21.5,13282,0.008668244308281501,0.02377671174350395,0.06003477204442855,0.011973751093848196
18.5,21.5,13283,0.00955948493425093,0.02973371226573102,0.06054538379047532,0.010774368411394538
19.5,21.5,13284,0.0105030957797637,0.0354265889590493,0.07183043096826687,0.012044847417244783
20.5,21.5,13285,0.011115650451883072,0.053591524295181006,NA,0.022000047443443336
21.5,21.5,13286,0.01754753368963856,0.04621647849333321,NA,0.02355905761497505
22.5,21.5,13287,0.02229461840183037,0.04421849306992749,NA,0.0344445841474594
23.5,21.5,13288,0.014527598481769143,0.04233479236599192,NA,0.031121644039661077
24.5,21.5,13289,0.017082174467115692,0.03250558495185608,NA,0.028855149084485384
25.5,21.5,13290,0.013085438026392641,0.02605488856992243,NA,0.02349549585144528
26.5,21.5,13291,0.013066639302721995,0.024043618664703816,NA,0.02002059901795337
27.5,21.5,13292,0.012591517600400332,0.023455663753519953,NA,0.02027935233661011
28.5,21.5,13293,0.01213956347062848,0.022619410798471816,NA,0.016498504539214885
29.5,21.5,13294,0.012149974483594193,0.021888457793471497,NA,0.016686634121364757
30.5,21.5,13295,0.010183396744835694,NA,NA,0.014545191540849446
31.5,21.5,13296,0.009090871104250062,NA,NA,0.013558591137767622
32.5,21.5,13297,0.007325232426653648,NA,NA,0.01517870410787421
33.5,21.5,13298,0.005903774015887428,NA,NA,0.009445787581391356
34.5,21.5,13299,0.005521414987566621,NA,NA,0.008453318397882296
35.5,21.5,13300,0.004878707395541447,NA,NA,0.007625290506994271
36.5,21.5,13301,0.004785046142306569,NA,NA,0.007598557319382436
37.5,21.5,13302,0.004638178258135199,NA,NA,0.007869415915608942
38.5,21.5,13303,0.0046581992320817965,NA,NA,0.008003746730187066
39.5,21.5,13304,0.004835525313609516,NA,NA,0.008215712543796348
40.5,21.5,13305,0.004924610352741392,NA,NA,NA
41.5,21.5,13306,0.00582377763800789,NA,NA,NA
42.5,21.5,13307,0.005953681321516045,NA,NA,NA
43.5,21.5,13308,0.0061059812085618,NA,NA,NA
44.5,21.5,13309,0.0063572216776493886,NA,NA,NA
45.5,21.5,13310,0.0066686141518033,NA,NA,NA
46.5,21.5,13311,0.008377789237360324,NA,NA,NA
47.5,21.5,13312,0.00841201320535404,NA,NA,NA
48.5,21.5,13313,0.004836007498960109,NA,NA,NA
49.5,21.5,13314,0.004341053130504825,NA,NA,NA
-58.5,22.5,13356,0.0277759999154486,0.5208523403344631,0.15559496755189797,0.026806194830434095
-57.5,22.5,13357,0.11448184480923748,0.6975282281067047,0.3787763556893623,0.1421552984544714
-56.5,22.5,13358,0.09865023836635498,0.6365944657717951,0.18589066169388405,0.10374297094375985
-55.5,22.5,13359,0.09271575652760582,0.6677589045975646,0.1623732919866698,0.08720575181578154
-54.5,22.5,13360,0.049199351424481466,0.8125606888448426,0.2765897159418625,0.05915795743634219
-53.5,22.5,13361,0.05707049324498654,0.871973351164877,0.284563570321206,0.04136650922049761
-52.5,22.5,13362,0.06787644642531364,0.6953522184277637,0.2851200551511971,0.030780566718665164
-51.5,22.5,13363,0.04284097022994746,0.6493195731462913,0.17075715141648196,0.03177255555245124
-50.5,22.5,13364,0.03582806661039321,0.6649557215642662,0.16573618627772027,0.030013339484434184
-49.5,22.5,13365,0.03220475826757875,0.8299333842065996,0.18643403817283605,0.046015759551971146
-48.5,22.5,13366,0.02250820471700268,0.6892981284189902,0.10648235615756774,0.0287855485037482
-47.5,22.5,13367,0.020062993315022707,0.5363781551692046,0.1043394278207578,0.025151797709527912
-46.5,22.5,13368,0.01796276511210705,0.26379005584793913,0.10424302380323242,0.02616640937928908
-45.5,22.5,13369,0.023656232996837934,0.22536206595891584,0.07488479061288118,0.023436818480755635
-44.5,22.5,13370,0.02419014337494835,0.19868585392480453,0.07741424456884911,0.026047466446617498
-43.5,22.5,13371,0.01800148715642408,0.11309625000064322,0.11110892762874765,0.030588168249322985
-42.5,22.5,13372,0.016007170346873715,0.14269259326455852,0.09862492067331544,0.044796786347285976
-41.5,22.5,13373,0.01406474691536391,0.12867091528656488,0.1496475199179207,0.03182720906070391
-40.5,22.5,13374,0.0136848098560594,0.2031702467869956,0.11828348651650439,0.03447555268077824
-39.5,22.5,13375,0.010651133987665146,0.14750959884440457,0.1410856826544659,0.0290931120638401
-38.5,22.5,13376,0.007662880335304309,0.1175876899445871,0.10661144175196288,0.02579172357984555
-37.5,22.5,13377,0.007897553080301378,0.1296257347941635,0.09754838349209348,0.024174891403588743
-36.5,22.5,13378,0.008446784341854516,0.144292094112744,0.10006709427227693,0.020373234899173677
-35.5,22.5,13379,0.011331152233365635,0.08052769782758229,0.10633172422672053,0.030754354324439043
-34.5,22.5,13380,0.0033243915750404743,0.0402694376375887,0.054532226491802026,0.014542810868365372
-33.5,22.5,13381,0.005813973382310939,0.07368743509933032,0.10424941463440678,0.025187832372147636
-32.5,22.5,13382,0.005566170992643883,0.062655295172805,0.15985657849828733,0.024066748108932987
-31.5,22.5,13383,0.00585349037788096,0.07182911141428223,0.09336464282253858,0.022529823809583144
-30.5,22.5,13384,0.005890365619248168,0.05721020668512717,0.09439058944251691,0.023635485487842233
-29.5,22.5,13385,0.0071002853894677875,0.04851992476744804,0.09738503082369693,0.02545450857343864
-28.5,22.5,13386,0.007200861467892127,0.04866042204364587,0.0956310079587823,0.03566787889932942
-27.5,22.5,13387,0.006572933456569817,0.04797927894795887,0.06391134625790543,0.035102808806880825
-26.5,22.5,13388,0.0075060719043843925,0.04021642460157938,0.05312361070339316,0.026051369989853055
-25.5,22.5,13389,0.007322600422807896,0.03223322544274839,0.07014725426631305,0.02013460143368375
-24.5,22.5,13390,0.007057005566942499,0.03288129610342944,0.05426538410297536,0.01781655323050112
-23.5,22.5,13391,0.007025974669280784,0.030960224254771088,0.057846447733508735,0.01740051567994048
-22.5,22.5,13392,0.006785727277662194,0.029557428638586868,0.05159710362799973,0.01743553724146542
-21.5,22.5,13393,0.00680357178110814,0.02727534247356774,0.036684478696130576,0.01716445369304637
-20.5,22.5,13394,0.005420783054108168,0.018847996162961976,0.027882363128303687,0.014081525087412549
-19.5,22.5,13395,0.0048333599196593025,0.015931502573881394,0.024020530393396303,0.012463269542965495
-18.5,22.5,13396,0.005050407359980247,0.019313767408530188,0.0396741194636211,0.012698885794383209
-17.5,22.5,13397,0.005875736695303457,0.021342079012077922,0.05098332908191889,0.014254100623736976
-16.5,22.5,13398,0.005525484694594103,0.02365519479710724,0.044603272110524665,0.014061825687023294
-15.5,22.5,13399,0.005567256290308564,0.023476992457128067,0.032859559487335516,0.012561902332567414
-14.5,22.5,13400,0.006020490340853035,0.021430948237721546,0.03628418182894227,0.011878087077790969
-13.5,22.5,13401,0.005535007021087031,0.02133518817113461,0.030842907712785493,0.012025132525494952
-12.5,22.5,13402,0.005855464253180568,0.015716429472436202,0.03386556476258312,0.012015577181517193
-11.5,22.5,13403,0.005835173040176572,0.013212534308384557,0.045303181248357714,0.011622479976314137
-10.5,22.5,13404,0.006480326636210576,0.013823775208085544,0.06973710393824058,0.01275892804171713
-9.5,22.5,13405,0.005622899333406306,0.00885701882524567,0.04171364076252729,0.010475188803487646
-8.5,22.5,13406,0.004049950397137271,0.007931523402749954,0.021246719465558634,0.00803298119967175
-7.5,22.5,13407,0.003976016068083871,0.007582139605539198,0.023049839463368103,0.007800314207518061
-6.5,22.5,13408,0.004164891313434315,0.006983973710624314,0.015668293101593185,0.00735104924548371
-5.5,22.5,13409,0.00414194595052011,0.005938837606224862,0.018433848719204348,0.007057702171359466
-4.5,22.5,13410,0.004309187448914514,0.005535860178380609,0.02292520972698448,0.006124728966670927
-3.5,22.5,13411,0.004838641532224194,0.005696018711315375,0.01853091419781424,0.006751386788976365
-2.5,22.5,13412,0.004884017800190039,0.005326346084273438,0.023480073676587707,0.00673821841891549
-1.5,22.5,13413,0.005325529329634464,0.006446066985066932,0.03046171992842234,0.008027582861823711
-0.5,22.5,13414,0.0059157685203946354,0.00729224865018231,0.025297326355398768,0.007796084684489634
0.5,22.5,13415,0.0062032264260148485,0.007430631705975229,0.034675118018232684,0.005784483590527947
1.5,22.5,13416,0.0065506546048935835,0.008171312471426728,0.02791901517399063,0.006451372060313117
2.5,22.5,13417,0.0068942887560199465,0.007969172824463454,0.03882202820220405,0.0077209897734857105
3.5,22.5,13418,0.009302157188916844,0.01511068040906147,0.0531694866463467,0.008712497523816067
4.5,22.5,13419,0.006717874157885821,0.012326537842953188,0.04874375295285308,0.00683762558340878
5.5,22.5,13420,0.006526673240848866,0.010136928683837228,0.04920709914741067,0.008180292899590222
6.5,22.5,13421,0.005650979960094341,0.010749583947199366,0.042738019938478186,0.0087650492500121
7.5,22.5,13422,0.00589548194217838,0.012819414165711711,0.0432298895570858,0.007969959626634635
8.5,22.5,13423,0.007630970746734977,0.01581337455835242,0.05992204160755242,0.009863165993154586
9.5,22.5,13424,0.0071555859583506895,0.015068616207679353,0.05060204980376,0.008692913074182235
10.5,22.5,13425,0.006693891575522912,0.014365025293510695,0.043862124144454916,0.009348153021345677
11.5,22.5,13426,0.007487198578179369,0.014570852814994144,0.04337643919946054,0.009269378938294501
12.5,22.5,13427,0.007220485731011022,0.014555273012824433,0.07934818699752516,0.008283247309486434
13.5,22.5,13428,0.007581049865588525,0.014570141799237721,0.07028686151552281,0.007914119563287386
14.5,22.5,13429,0.0059776448680264995,0.015173402177427214,0.07112194650418568,0.008285931952899844
15.5,22.5,13430,0.005260158625340747,0.015565708528861973,0.05867668811803665,0.007815153558101817
16.5,22.5,13431,0.004989488293485452,0.014784972049460039,0.06737288461016355,0.007399318208075896
17.5,22.5,13432,0.00856403564289993,0.02246115176643256,0.09305961825043178,0.014722769390982207
18.5,22.5,13433,0.008151999636534915,0.02818334281868904,0.08424806359732151,0.014320638898519908
19.5,22.5,13434,0.012681578809987007,0.019190300980185995,0.029694829868764917,0.011041285458316084
20.5,22.5,13435,0.010458323165886229,0.020962552282343838,NA,0.010947229468917742
21.5,22.5,13436,0.010794514689663508,0.05999840337240909,NA,0.012344059607888059
22.5,22.5,13437,0.010093519850434373,0.04270010890066003,NA,0.015754145424228844
23.5,22.5,13438,0.00919178038375458,0.03288422037539673,NA,0.012676901168950589
24.5,22.5,13439,0.008919537786389998,0.029118393034833823,NA,0.012250877789552098
25.5,22.5,13440,0.00920339759317847,0.0266026541078619,NA,0.010872605597941397
26.5,22.5,13441,0.009742532549757545,0.031120023974442988,NA,0.013516477342714299
27.5,22.5,13442,0.007780553283459518,0.0233110208153371,NA,0.013098376939632155
28.5,22.5,13443,0.008594063112548645,0.023063374339957372,NA,0.011931374560332629
29.5,22.5,13444,0.009716058653452493,0.020849446669361973,NA,0.009410754615132385
30.5,22.5,13445,0.008417504629992455,NA,NA,0.008549507434683072
31.5,22.5,13446,0.0076331412722223145,NA,NA,0.007308890909692026
32.5,22.5,13447,0.006236923411855583,NA,NA,0.007563843436300729
33.5,22.5,13448,0.006111593614864298,NA,NA,0.005870163373765458
34.5,22.5,13449,0.005863439481331707,NA,NA,0.005865281373070143
35.5,22.5,13450,0.004261663234049279,NA,NA,0.004694886730945683
36.5,22.5,13451,0.004240153304431979,NA,NA,0.004706288199877121
37.5,22.5,13452,0.00442164473533793,NA,NA,0.00491065981002129
38.5,22.5,13453,0.00411637594398845,NA,NA,0.005047917153525815
39.5,22.5,13454,0.004391221654389137,NA,NA,0.004076974483674615
40.5,22.5,13455,0.004332355691222933,NA,NA,NA
41.5,22.5,13456,0.004427894006665684,NA,NA,NA
42.5,22.5,13457,0.004340809471382739,NA,NA,NA
43.5,22.5,13458,0.004419079274158111,NA,NA,NA
44.5,22.5,13459,0.0038689372001686454,NA,NA,NA
45.5,22.5,13460,0.004003383857503736,NA,NA,NA
46.5,22.5,13461,0.004126996041902701,NA,NA,NA
47.5,22.5,13462,0.00477180929241979,NA,NA,NA
48.5,22.5,13463,0.004918854422291302,NA,NA,NA
49.5,22.5,13464,0.005179503506179909,NA,NA,NA
-58.5,23.5,13499,0.08259887504946073,0.6134888380765732,0.18099116539463278,0.19364552443053878
-57.5,23.5,13500,0.10173840068374389,0.7320316323521171,0.36747937304565315,0.10648997386351457
-56.5,23.5,13501,0.09582742100589148,0.6325758352489665,0.32945044212873636,0.12827438798055318
-55.5,23.5,13502,0.0960625308716419,0.6903842619955821,0.16125537681013288,0.12530160442539684
-54.5,23.5,13503,0.0865697840659227,0.7983205592337733,0.10736139296546836,0.06700768898068081
-53.5,23.5,13504,0.08344363895537538,0.8864120417335731,0.22650831020337245,0.047533298865509124
-52.5,23.5,13505,0.0739855808912664,0.8155158295981673,0.28397739693199125,0.06418493416945849
-51.5,23.5,13506,0.0778511315931348,0.7952257496564512,0.23475447151012185,0.03247582944505179
-50.5,23.5,13507,0.06912545734672551,0.7091426184335269,0.2276654541466608,0.03661560096903147
-49.5,23.5,13508,0.04453280296050313,0.631437143297471,0.21051523455577797,0.03262198039913997
-48.5,23.5,13509,0.036956581379372924,0.6548121332075643,0.20708170721998137,0.03927196149821036
-47.5,23.5,13510,0.03472611740371455,0.6029290941523022,0.1262543477061429,0.020394720518127664
-46.5,23.5,13511,0.028924353077194025,0.6164521011559461,0.12478413871544014,0.024295797123718453
-45.5,23.5,13512,0.020245952230219657,0.5654980291856874,0.1186822591333766,0.026989698471827205
-44.5,23.5,13513,0.019427776850430796,0.345285869023734,0.18771741514636373,0.03723918560861185
-43.5,23.5,13514,0.017109469607565066,0.09548369900350885,0.20497996115798883,0.03697480376252617
-42.5,23.5,13515,0.019576755651423455,0.09481197370452558,0.13992202993588315,0.027243408381795356
-41.5,23.5,13516,0.020754601611100584,0.12351177709109724,0.14254144438497462,0.027630204183970254
-40.5,23.5,13517,0.018075573915128935,0.09634125379170855,0.13834101366443272,0.02495744148838448
-39.5,23.5,13518,0.013898559609778453,0.07620872538146942,0.12741292218067943,0.020460683726926884
-38.5,23.5,13519,0.010698773445536438,0.07869407382566956,0.08340642161046387,0.027254894736590516
-37.5,23.5,13520,0.006491544718014422,0.06443013693039489,0.07797968769213039,0.023013469768574393
-36.5,23.5,13521,0.007207585643994687,0.0613329973586483,0.08405937229110777,0.017625185920732485
-35.5,23.5,13522,0.006085265571391388,0.057705152588401115,0.10733527973504006,0.022964389075041173
-34.5,23.5,13523,0.005521711046784269,0.04984526684561549,0.08011010506197652,0.022252884436159012
-33.5,23.5,13524,0.0054278562482551985,0.042140791141774554,0.07492269300048728,0.018799376154928826
-32.5,23.5,13525,0.0053941966390261935,0.04213883525046125,0.09180771447053014,0.017219386854654392
-31.5,23.5,13526,0.004941023165482038,0.0316797801503066,0.05185462265031553,0.014078971064293759
-30.5,23.5,13527,0.0057755460486765735,0.042688797364736915,0.09066560049232834,0.018585446798823766
-29.5,23.5,13528,0.005484612992520135,0.03831643952474596,0.08242366303889599,0.018037956713286712
-28.5,23.5,13529,0.006948108207124947,0.038270342564677,0.07029771013708215,0.018558906841536695
-27.5,23.5,13530,0.008394583120688323,0.0523734941638116,0.0857713732636892,0.022271025277332483
-26.5,23.5,13531,0.009622575269876229,0.04656970791651172,0.0572936815287492,0.026409685076833212
-25.5,23.5,13532,0.00888824039423978,0.03510260391549119,0.05705689669536013,0.03566921342233805
-24.5,23.5,13533,0.007141184532046098,0.028778765303317414,0.06714473228427636,0.021940582601678554
-23.5,23.5,13534,0.006965257743922322,0.028292535633073553,0.06046023245655932,0.017663339852652647
-22.5,23.5,13535,0.007001107236864477,0.024292972603516524,0.071036481566874,0.017385597524801375
-21.5,23.5,13536,0.006469013704245477,0.01726770847683611,0.049730667837499694,0.014060637667963758
-20.5,23.5,13537,0.006082813568910185,0.014519838918910002,0.043632182482628894,0.012409987117481522
-19.5,23.5,13538,0.004919526422104318,0.012283895868309256,0.03657430472848828,0.00984148231090246
-18.5,23.5,13539,0.00448464935760108,0.010916790010767547,0.02992109372586748,0.008177899516613855
-17.5,23.5,13540,0.004724848003075994,0.012304342699883725,0.03301509056647827,0.008997278592656194
-16.5,23.5,13541,0.004925426063183742,0.01270521173745712,0.029249020735252214,0.00915043935569416
-15.5,23.5,13542,0.004747964660697741,0.012610563999115547,0.031565319022131104,0.0089852171341937
-14.5,23.5,13543,0.004528573362899026,0.014206117938339832,0.0431357327187326,0.0087307859975758
-13.5,23.5,13544,0.005230393641084265,0.019635562566072375,0.04577149815846056,0.010975034353037344
-12.5,23.5,13545,0.004574142469858965,0.01206931364473712,0.04061298836275935,0.009620046663849401
-11.5,23.5,13546,0.004497506857065868,0.011095311771359008,0.06258156439587777,0.008456831282612319
-10.5,23.5,13547,0.004602420714431526,0.01147802045287263,0.07729626017557437,0.008614721384613711
-9.5,23.5,13548,0.004227098853245248,0.009529613581984077,0.02863373744957909,0.007154765319026588
-8.5,23.5,13549,0.0033334588142343645,0.00804293706845987,0.027399025171835904,0.0067747436303591466
-7.5,23.5,13550,0.003058108269860686,0.0074414000249857564,0.023798292833332804,0.006118642098739286
-6.5,23.5,13551,0.002723061140578794,0.006586579885791967,0.02566506414148465,0.005075331661337887
-5.5,23.5,13552,0.0025717383896722125,0.006233892404376883,0.02611511566182551,0.004348745640755965
-4.5,23.5,13553,0.0026893660921629677,0.006279082778426415,0.02089783858714105,0.004411037297338004
-3.5,23.5,13554,0.0032232973260357097,0.007541950520014247,0.02824112542482663,0.00483629574543221
-2.5,23.5,13555,0.0034949318938962,0.008445157208400413,0.023346002425338536,0.005162175815587979
-1.5,23.5,13556,0.003439622908154535,0.009530608327229823,0.025364097204484157,0.005490504867837763
-0.5,23.5,13557,0.0033566398764951363,0.009450341636989252,0.03428335873228329,0.005720229466709049
0.5,23.5,13558,0.002884510605325705,0.010019045118511307,0.025679265298824146,0.005151747086142305
1.5,23.5,13559,0.003520452876455348,0.015332658887812675,0.031874845739805924,0.00521290302315834
2.5,23.5,13560,0.004563571238687556,0.020466080142219432,0.04944020389108473,0.006121917541401693
3.5,23.5,13561,0.004238978654070755,0.01939475538621273,0.04518701439812534,0.00587186430524036
4.5,23.5,13562,0.0025223159646130034,0.01075795108412677,0.04664328009831788,0.005916615570885843
5.5,23.5,13563,0.004442358276943943,0.020339098566141627,0.047052482606402775,0.006065986281842214
6.5,23.5,13564,0.004950586001111856,0.020193233090316915,0.052791920491063224,0.006866372642816101
7.5,23.5,13565,0.0046660867950357,0.021573294542127926,0.049119020828632474,0.006550510563273521
8.5,23.5,13566,0.0047973038961604845,0.024463193680147478,0.05754378139803269,0.007035033847570468
9.5,23.5,13567,0.004006046440101364,0.017635436079647872,0.07484559249318798,0.006885397984329693
10.5,23.5,13568,0.004327156829819543,0.017308174476110248,0.0776547520240455,0.00656307482994142
11.5,23.5,13569,0.0047320916671602575,0.017063163403164293,0.06160604276431117,0.007246686213996758
12.5,23.5,13570,0.004643429096537445,0.014641297268817252,0.11328201250735363,0.006965364922613866
13.5,23.5,13571,0.004088043318248495,0.013607008445698966,0.11082156606859142,0.005668369791757833
14.5,23.5,13572,0.005539021739528054,0.021514320304662073,0.09002379232348462,0.007573069397516237
15.5,23.5,13573,0.007434098683832462,0.016338695981338674,0.11184708897131271,0.009786119475458694
16.5,23.5,13574,0.005402536798033797,0.01720431754850807,0.0859419022368893,0.007063150252814215
17.5,23.5,13575,0.005547671769237945,0.014797447776376716,0.046813286104958475,0.006966252658899394
18.5,23.5,13576,0.0074790241131375956,0.0216858496143023,0.06250260886431519,0.01287978180347489
19.5,23.5,13577,0.007752828322321087,0.014658172430458407,0.04661824516540726,0.009227561360271874
20.5,23.5,13578,0.009342643831245842,0.013559530127583288,NA,0.01039061168555562
21.5,23.5,13579,0.009633180774545412,0.013257869967747558,NA,0.00976277453666899
22.5,23.5,13580,0.008798138707648723,0.015585037425395213,NA,0.009466514793482912
23.5,23.5,13581,0.009181959270134982,0.015431843158062977,NA,0.01007403323533929
24.5,23.5,13582,0.00953740495545351,0.013666959500140886,NA,0.010126787343468866
25.5,23.5,13583,0.005477663177722969,0.015477248036288149,NA,0.009374934234849521
26.5,23.5,13584,0.0053481361428518405,0.011572282814044777,NA,0.009867064104311561
27.5,23.5,13585,0.005145559896135845,0.010051879250338243,NA,0.00852743235770461
28.5,23.5,13586,0.004603916156230176,0.008516068765359128,NA,0.007471916293315691
29.5,23.5,13587,0.004331093367379693,0.007125512983834465,NA,0.006859398011192447
30.5,23.5,13588,0.0038059948535956903,NA,NA,0.006536814480939925
31.5,23.5,13589,0.0038790858598743015,NA,NA,0.005366895871257137
32.5,23.5,13590,0.003258022016024469,NA,NA,0.004900783980883814
33.5,23.5,13591,0.002158731097715935,NA,NA,0.003515896055089143
34.5,23.5,13592,0.0020526212524903586,NA,NA,0.0033174564513698285
35.5,23.5,13593,0.0018855811711319219,NA,NA,0.004323971980274039
36.5,23.5,13594,0.002482712126484355,NA,NA,0.003944543984541585
37.5,23.5,13595,0.0022639765740240622,NA,NA,0.00338024751097151
38.5,23.5,13596,0.002353877344384303,NA,NA,0.00303673127939176
39.5,23.5,13597,0.0024826315251766165,NA,NA,0.0032831119149516735
40.5,23.5,13598,0.00261482367408085,NA,NA,NA
41.5,23.5,13599,0.00268850606493978,NA,NA,NA
42.5,23.5,13600,0.003076436294037123,NA,NA,NA
43.5,23.5,13601,0.003609343703621064,NA,NA,NA
44.5,23.5,13602,0.004459819370868787,NA,NA,NA
45.5,23.5,13603,0.0034554189277311237,NA,NA,NA
46.5,23.5,13604,0.0038718264148592217,NA,NA,NA
47.5,23.5,13605,0.0038712975589162806,NA,NA,NA
48.5,23.5,13606,0.003893680405056024,NA,NA,NA
49.5,23.5,13607,0.00377608487452889,NA,NA,NA
-59.5,24.5,13637,0.041832988605454306,0.11496485735868177,0.03452429271384878,0.11958612838302168
-57.5,24.5,13638,0.27483604083825003,0.738554678201538,0.5287544380523407,0.18985857571890236
-56.5,24.5,13639,0.11984411214135637,0.7395758627280035,0.43214592547984937,0.1537992279582186
-55.5,24.5,13640,0.16913635178910047,0.7474103117210141,0.4015503011040432,0.20021698759440654
-54.5,24.5,13641,0.11349308470424721,0.8697492777658654,0.34433739325949897,0.14524124272242434
-53.5,24.5,13642,0.05806760521658706,0.8037204213119501,0.17528814018189903,0.06393522405344071
-52.5,24.5,13643,0.07876150525820055,0.808909498918763,0.16711155172007233,0.05741197872068453
-51.5,24.5,13644,0.06118264458016577,0.7256784216316353,0.18646046635821237,0.033986964305444824
-50.5,24.5,13645,0.05396990377035586,0.6316054624778695,0.19218010661663693,0.02922378975906357
-49.5,24.5,13646,0.04574620281601619,0.4689356172881945,0.27548425735215876,0.030010478722941256
-48.5,24.5,13647,0.046387420538386785,0.4367674733038353,0.25581609367795327,0.02669400974100634
-47.5,24.5,13648,0.04973403100642381,0.49301311732762343,0.10778611630201936,0.034449299012575235
-46.5,24.5,13649,0.04681591563069306,0.4912073485019423,0.10415477030557468,0.027713639761001684
-45.5,24.5,13650,0.04112126977195425,0.4464214775963417,0.1160867518839046,0.022634962595706177
-44.5,24.5,13651,0.02982672523548891,0.339415889672255,0.10508069854006882,0.030139280174687734
-43.5,24.5,13652,0.027056341582128697,0.23596607843176867,0.14363768761351128,0.02029422252285883
-42.5,24.5,13653,0.02282052294341019,0.18606641064030727,0.1424121506471353,0.016613436596286734
-41.5,24.5,13654,0.015545231835013702,0.24031258442761919,0.1061841683465792,0.020214875118347603
-40.5,24.5,13655,0.017651929670669333,0.14541862278180312,0.10379257581074748,0.024695881581792346
-39.5,24.5,13656,0.01226970502465804,0.08182774418096977,0.07129013885450458,0.02607285272373963
-38.5,24.5,13657,0.012026693442648298,0.06431436456510974,0.09102429636638389,0.02666981658804746
-37.5,24.5,13658,0.009822606985193253,0.06567378052855984,0.08642265628733915,0.01917318802740858
-36.5,24.5,13659,0.009422585101878376,0.04788092447673726,0.0755520184333823,0.015458195685512335
-35.5,24.5,13660,0.005695261858725405,0.06615971287430922,0.07448491186367777,0.018227429673366463
-34.5,24.5,13661,0.004816754259039159,0.037140571644717374,0.06909694005300805,0.015526644373911871
-33.5,24.5,13662,0.0046406812294370265,0.0404784882763352,0.0760883652692942,0.012579470493734571
-32.5,24.5,13663,0.00408599605591366,0.03022769488810561,0.058468038795593036,0.011315349900558392
-31.5,24.5,13664,0.004094640421594273,0.02514225646619166,0.0713958218570592,0.01073736095709582
-30.5,24.5,13665,0.004545028451404639,0.026599762126272544,0.07574383703812866,0.021190983030163982
-29.5,24.5,13666,0.004820314350052821,0.027536130239036394,0.06319374163829569,0.013440333592305002
-28.5,24.5,13667,0.005360275029208479,0.028051184730549822,0.06762742136068028,0.015482807347791621
-27.5,24.5,13668,0.006962850522499783,0.028603936961843313,0.08016360822284628,0.018057622746969013
-26.5,24.5,13669,0.007281485679943868,0.02745101511883057,0.07791156784969878,0.01889279126874063
-25.5,24.5,13670,0.0070948282755797405,0.031058388025411846,0.05418922981124472,0.02070260844051397
-24.5,24.5,13671,0.006015254215543819,0.02861420694471324,0.0756502217841033,0.015559951914971188
-23.5,24.5,13672,0.005938207894835485,0.031350881583439266,0.061664123873675765,0.015633872538747404
-22.5,24.5,13673,0.0057173134255804475,0.026982114297781818,0.056067278526615055,0.01588784320740792
-21.5,24.5,13674,0.0056170403747664395,0.020915543282699536,0.05209344538753248,0.02153049501274425
-20.5,24.5,13675,0.004883341959699981,0.016753535182487837,0.05108650428727685,0.018883076570951653
-19.5,24.5,13676,0.004230650529533426,0.013093091560802643,0.04176769837208237,0.012661157753219753
-18.5,24.5,13677,0.004049159523542311,0.011550621368727117,0.02720312093594528,0.00936385965814513
-17.5,24.5,13678,0.003554341407457052,0.00897045907199722,0.027099423590102326,0.0069183012519490545
-16.5,24.5,13679,0.003782379697218498,0.010694283912526298,0.03984745930091879,0.0069250593574279274
-15.5,24.5,13680,0.00355252867535776,0.010219474746856038,0.03967980551661615,0.006967711200480394
-14.5,24.5,13681,0.0034807919902495083,0.00948037171428641,0.05123258262553299,0.006453952488664051
-13.5,24.5,13682,0.003633996806550558,0.01060876539708872,0.052709455050284945,0.006060070947878563
-12.5,24.5,13683,0.0032648939312610904,0.010819259429136233,0.054881517984078226,0.005487603017175027
-11.5,24.5,13684,0.004877878104935539,0.01665284342882538,0.07908144637170307,0.006888147299441277
-10.5,24.5,13685,0.004940947307233009,0.018043679094592632,0.07287007635216869,0.007304787683042537
-9.5,24.5,13686,0.0028571953569667043,0.007482115147610179,0.026247973580661835,0.004532274936191002
-8.5,24.5,13687,0.0027736153276927984,0.007962198734922602,0.016406811276190272,0.0033637592234728657
-7.5,24.5,13688,0.002573204603720543,0.007988289771633147,0.01918062109173847,0.002894761125883522
-6.5,24.5,13689,0.002987642361053235,0.009035317640686191,0.015743321511160722,0.0026957791265236823
-5.5,24.5,13690,0.0024471338308900575,0.009630645181236644,0.02227391724602007,0.0030258855351434897
-4.5,24.5,13691,0.002841796583475296,0.00966885962331202,0.03010499746149811,0.0034698612988643272
-3.5,24.5,13692,0.002985243414969602,0.009905511814900448,0.03575318337960538,0.0034739213455648875
-2.5,24.5,13693,0.003006024917557453,0.010303814504873525,0.035114648008992874,0.0037968036705400376
-1.5,24.5,13694,0.003227858535923301,0.010172156422638986,0.02909206742325509,0.0040160577405296115
-0.5,24.5,13695,0.0035881029758635446,0.01249620109741795,0.048298397833961004,0.0044638750344567135
0.5,24.5,13696,0.0037527965470294704,0.012154888187629874,0.06481211232587215,0.004786574730205854
1.5,24.5,13697,0.0035382815026871605,0.012174177084162675,0.06915926597487411,0.004482011644705154
2.5,24.5,13698,0.003368636090787662,0.01264519395387874,0.0534318734006521,0.005249939647013142
3.5,24.5,13699,0.0031862343609653735,0.012438591912011559,0.07038987248650223,0.005261208511060885
4.5,24.5,13700,0.002806769634302034,0.01300925009588216,0.06267040088208224,0.005447518184898147
5.5,24.5,13701,0.0028550063103533157,0.01386318189450197,0.04908601809195231,0.005457881771685658
6.5,24.5,13702,0.0031584025947530565,0.013009304351889402,0.03567835786170018,0.004509107345270391
7.5,24.5,13703,0.0032089175104855782,0.014441523058591437,0.05870053400577103,0.005715437774816109
8.5,24.5,13704,0.0032917958998248667,0.01482846547825269,0.06132668625162008,0.005376688351376313
9.5,24.5,13705,0.003165699895565344,0.01436984244576619,0.047460756776794094,0.004319916818949645
10.5,24.5,13706,0.00336429627353583,0.015135827351943158,0.07461007201420436,0.005349863262361088
11.5,24.5,13707,0.0038020624851246,0.021267871192941767,0.08484536866268687,0.007432209837726632
12.5,24.5,13708,0.004493604657151028,0.028519935387401454,0.10495656059011405,0.007021512636906209
13.5,24.5,13709,0.003504410028787993,0.020066843081644695,0.1144663336230807,0.004857521566965115
14.5,24.5,13710,0.004779530985078903,0.027427321883230524,0.13612695784984105,0.005565904461281304
15.5,24.5,13711,0.005512183260028331,0.025009172045077875,0.12049976122967239,0.0070972611884469955
16.5,24.5,13712,0.0037022218296294115,0.017051809553241398,0.12234171570220627,0.005311511529440669
17.5,24.5,13713,0.0037585931171895885,0.01732419164367304,0.058135253193111976,0.005385454002348785
18.5,24.5,13714,0.0035965559323162043,0.012781494484502498,0.059553875040660745,0.006231744516560142
19.5,24.5,13715,0.0039312835489082034,0.010861632306767562,0.054857578746372586,0.006186119597973854
20.5,24.5,13716,0.004538585399599264,0.013623903598054108,NA,0.0064115350498175246
21.5,24.5,13717,0.00475145221301585,0.0128460793926464,NA,0.007008583335581872
22.5,24.5,13718,0.006181894140622395,0.011706829375745601,NA,0.0064783441707066056
23.5,24.5,13719,0.005842626664662107,0.010558605585636698,NA,0.0074193691671920305
24.5,24.5,13720,0.005626816236810254,0.010786329872893392,NA,0.006317805820103361
25.5,24.5,13721,0.006155162051989268,0.011307471853822129,NA,0.0076292601371247964
26.5,24.5,13722,0.005418841634164762,0.009323036044781257,NA,0.007046919146321159
27.5,24.5,13723,0.004728654291799107,0.007097949041220166,NA,0.006463123641589346
28.5,24.5,13724,0.003906881921540989,0.006275107223777738,NA,0.005494883400171485
29.5,24.5,13725,0.003343331297188133,0.006585143462481172,NA,0.0053429122502980835
30.5,24.5,13726,0.0030112953695532736,NA,NA,0.004839888642148778
31.5,24.5,13727,0.002800467615003091,NA,NA,0.004565786509963659
32.5,24.5,13728,0.0025266138552422733,NA,NA,0.003512252859776545
33.5,24.5,13729,0.002429679764947224,NA,NA,0.003102364552999746
34.5,24.5,13730,0.002554806734360074,NA,NA,0.002844410782230013
35.5,24.5,13731,0.0021324639000828653,NA,NA,0.002606790071410566
36.5,24.5,13732,0.0019743574228322214,NA,NA,0.0024904921581504562
37.5,24.5,13733,0.00178904349531324,NA,NA,0.0023832828012808247
38.5,24.5,13734,0.0025947039243545693,NA,NA,0.0025559280553676305
39.5,24.5,13735,0.002511054521376437,NA,NA,0.0025463223224132794
40.5,24.5,13736,0.0024249943878440453,NA,NA,NA
41.5,24.5,13737,0.0024026325646305346,NA,NA,NA
42.5,24.5,13738,0.0024243033601241528,NA,NA,NA
43.5,24.5,13739,0.0026583436776162943,NA,NA,NA
44.5,24.5,13740,0.002795763067878307,NA,NA,NA
45.5,24.5,13741,0.0028483651923780725,NA,NA,NA
46.5,24.5,13742,0.0034187889811075007,NA,NA,NA
47.5,24.5,13743,0.003979337076588586,NA,NA,NA
48.5,24.5,13744,0.0038123420775758765,NA,NA,NA
49.5,24.5,13745,0.004104180767949171,NA,NA,NA
-59.5,25.5,13768,0.07904656463943618,0.09005572978168082,0.2942921785622604,0.047173592944568216
-58.5,25.5,13769,0.09979948326422565,0.21184329560803886,0.18296723467350623,0.06315164304565385
-57.5,25.5,13770,0.15164444599009985,0.5946986551477254,0.47163269026154653,0.15394019319198543
-56.5,25.5,13771,0.19520179866159387,0.6713248876828,0.30853429494374196,0.13342707905692608
-55.5,25.5,13772,0.06569526254250088,0.4038903543327427,0.17469485593936365,0.07772287237360233
-54.5,25.5,13773,0.07436167545044213,0.6083817034438189,0.2859672138258633,0.09686528825359975
-53.5,25.5,13774,0.12465834484075741,0.7762659732628207,0.3753255105528289,0.1404500040881557
-52.5,25.5,13775,0.0838113812194879,0.707063318239445,0.11962579140989078,0.09614340921883487
-51.5,25.5,13776,0.07102187713777554,0.7394518836937224,0.14108241297830623,0.06925426574429983
-50.5,25.5,13777,0.05124786115732317,0.6669003173685937,0.20118875119927315,0.028425139034829145
-49.5,25.5,13778,0.060879501159624975,0.6665098356338435,0.2748729271272909,0.037045022995372476
-48.5,25.5,13779,0.05032525694127016,0.5862006706933239,0.155493518623464,0.029734829417030442
-47.5,25.5,13780,0.031739835928423256,0.5486337382772644,0.15799306192754128,0.032208597581978665
-46.5,25.5,13781,0.03106961255026003,0.4528374309895699,0.14292972839949242,0.020747464309368784
-45.5,25.5,13782,0.03642266639959915,0.3871329180599202,0.13401624087652111,0.0314060239197393
-44.5,25.5,13783,0.033928800488942194,0.2735422506535975,0.10074930266817864,0.04394662946367233
-43.5,25.5,13784,0.03496715395883492,0.17625474088037632,0.08463451067765138,0.01822459755808911
-42.5,25.5,13785,0.03617336336356536,0.2255690557351872,0.13437825747755397,0.01898608171319205
-41.5,25.5,13786,0.037376916518707164,0.1457241643407522,0.1312546663783619,0.02100948093946538
-40.5,25.5,13787,0.03668425102005614,0.19215808215983876,0.10484369320114575,0.019322050831363704
-39.5,25.5,13788,0.02908039460967153,0.1222174037393379,0.09323386983786527,0.01916215629987352
-38.5,25.5,13789,0.02762162609303311,0.11073059304975219,0.09635448971909796,0.023397867245609324
-37.5,25.5,13790,0.01935075761577803,0.08955775693439486,0.08897771784868184,0.017994728796714737
-36.5,25.5,13791,0.010725594792286403,0.08227857151980691,0.07577076166318174,0.013151293600719476
-35.5,25.5,13792,0.013006750160277962,0.09504301047140509,0.0691637633998505,0.014650396201608493
-34.5,25.5,13793,0.011829017321477437,0.0912514885469523,0.08662481410115565,0.013916456711857024
-33.5,25.5,13794,0.009997631756669269,0.06330642838298728,0.07048095458605362,0.01123527841617539
-32.5,25.5,13795,0.009057060358519643,0.05359988433583696,0.05191956250969611,0.009647650250887846
-31.5,25.5,13796,0.008756984324202997,0.029709650048257145,0.0553249525788285,0.016579399866454875
-30.5,25.5,13797,0.009632288718307243,0.037414704114698896,0.0910625618371414,0.011261165666193533
-29.5,25.5,13798,0.005915366391093656,0.039870684798906875,0.07842159252032688,0.012490883169222209
-28.5,25.5,13799,0.0061056575008497,0.036451649466936735,0.08869490051283709,0.0117585327168867
-27.5,25.5,13800,0.0060929069565747096,0.03175193594197699,0.07934225702093607,0.014762232607135632
-26.5,25.5,13801,0.0056538475774639725,0.031088682228828893,0.05376195539936665,0.013800895766419076
-25.5,25.5,13802,0.005707768323437033,0.02892896494525667,0.08911389007797088,0.012999185013058115
-24.5,25.5,13803,0.005452369659937524,0.026722530415976345,0.08638660314197308,0.012289425045904976
-23.5,25.5,13804,0.005794729015787655,0.027656595968327036,0.11905027948582055,0.012209494777096486
-22.5,25.5,13805,0.005439347784320308,0.028446061423001198,0.11753059916795593,0.011556752664295743
-21.5,25.5,13806,0.005111047762274586,0.02530260089696014,0.10949888218531684,0.009472258881191275
-20.5,25.5,13807,0.004733249245113014,0.023014632342282862,0.0736145027814531,0.008004820702463472
-19.5,25.5,13808,0.004227095550390423,0.025203981023020478,0.05600512334711766,0.006946828422421062
-18.5,25.5,13809,0.004026069236321511,0.019624073386847688,0.05935678730834149,0.006878892093170431
-17.5,25.5,13810,0.0033147265901031964,0.01367016223536141,0.0313708742877749,0.006382619866287266
-16.5,25.5,13811,0.0036100831975367544,0.013618838258627008,0.05999695778701749,0.008101198338045653
-15.5,25.5,13812,0.0034391135487566588,0.012902138083438939,0.04541935793135302,0.006122289760434131
-14.5,25.5,13813,0.0035764632997393147,0.013913808663399323,0.051523089318748154,0.00538501820927849
-13.5,25.5,13814,0.0034100956606895358,0.013081923943823045,0.05177345190747445,0.004003072752930277
-12.5,25.5,13815,0.0031160650934532646,0.010568542939078295,0.04907936182497147,0.003942518592074188
-11.5,25.5,13816,0.003099055503129612,0.010382849892249068,0.03883087877621283,0.0036413288934657563
-10.5,25.5,13817,0.0030069775617300697,0.010277651556061102,0.04551572650617714,0.00322193488253629
-9.5,25.5,13818,0.004222080934013603,0.0145777964180881,0.06505841511546363,0.004350101790212302
-8.5,25.5,13819,0.004410355743048811,0.014473223425451572,0.06500515509887776,0.0045766066759644454
-7.5,25.5,13820,0.004229027482998691,0.013229792057019275,0.06350730768238808,0.0034093708773993286
-6.5,25.5,13821,0.0026856152558258828,0.01020487697552972,0.031026570126451818,0.002317612527443012
-5.5,25.5,13822,0.0033497742178685247,0.01402708706499982,0.02607286587860642,0.0025168085301638912
-4.5,25.5,13823,0.004254740145596834,0.01274035420624449,0.04100210270510103,0.002733744124376526
-3.5,25.5,13824,0.004424650976646906,0.01408146410622052,0.046100158830743566,0.002729631160647281
-2.5,25.5,13825,0.004395001442075566,0.013968860234067326,0.05123058890953109,0.0032797010025332773
-1.5,25.5,13826,0.005137294839727062,0.019285508146795558,0.06072272921724075,0.003539364129372101
-0.5,25.5,13827,0.005227402882034805,0.0182125915073406,0.06468660500762054,0.0035871794396958477
0.5,25.5,13828,0.00516884653887082,0.019041138790662923,0.06344885608733225,0.0034982390822131653
1.5,25.5,13829,0.005461966180237878,0.018384234959582472,0.05951572924878174,0.0034899888954746426
2.5,25.5,13830,0.004043609579133358,0.01832996970230743,0.06142655703358343,0.0034799608680821793
3.5,25.5,13831,0.003989969526989825,0.017533034446395156,0.05414132998501576,0.0034314482638528377
4.5,25.5,13832,0.004103609419750382,0.01916028117637687,0.050082127527077934,0.003615339620540686
5.5,25.5,13833,0.005410962492130459,0.023705432057626846,0.07065958222879068,0.005850105774572775
6.5,25.5,13834,0.005411290721713916,0.026434942693817392,0.08124153990807623,0.007739369184111396
7.5,25.5,13835,0.004969988692007721,0.02216056725521542,0.07377495366880471,0.006544610680220466
8.5,25.5,13836,0.004631724396981434,0.02445594455403012,0.12133140256581827,0.0066469601567742415
9.5,25.5,13837,0.004043550992557556,0.017921854319258322,0.09342324021689356,0.004393289151080796
10.5,25.5,13838,0.0036910085514071525,0.018816851473272517,0.09249574911675719,0.004617301072487213
11.5,25.5,13839,0.005190133599312774,0.027348667001219462,0.1437728381760795,0.006960028035717336
12.5,25.5,13840,0.005265621069900054,0.03409253868450865,0.31538598563582015,0.00884083134409095
13.5,25.5,13841,0.004259943885423615,0.023242140784889415,0.2943862417489628,0.006719829579067842
14.5,25.5,13842,0.00471496123144168,0.02399779736619315,0.2842178439177448,0.007692234645440282
15.5,25.5,13843,0.004777859150719075,0.02566324152484512,0.26839697686140906,0.006135960565732394
16.5,25.5,13844,0.0049094203753133996,0.02430435000783398,0.25854913952073166,0.006437937311267692
17.5,25.5,13845,0.004562769973658145,0.015162080331574068,0.11595046075511978,0.0057316743769792395
18.5,25.5,13846,0.004752616517313714,0.01446716479284944,0.10020913337849587,0.00581508208693353
19.5,25.5,13847,0.004431591441000098,0.013149106509085108,0.0960623499883754,0.005497364645973946
20.5,25.5,13848,0.0041867760088561985,0.010623691201029283,NA,0.005177282261067988
21.5,25.5,13849,0.006420415886848272,0.016665581017548725,NA,0.0056317899329671765
22.5,25.5,13850,0.005317139121264266,0.012172311006922646,NA,0.005475104130316717
23.5,25.5,13851,0.005613508201964627,0.01671814500763442,NA,0.005225598235025531
24.5,25.5,13852,0.005094702394654478,0.01487138330872662,NA,0.004947062389462167
25.5,25.5,13853,0.004776696520211348,0.013486307789895902,NA,0.0046816291218207285
26.5,25.5,13854,0.0047681662696584404,0.01121941726344842,NA,0.004617631415273521
27.5,25.5,13855,0.004264159944178641,0.00808551174931147,NA,0.004248580379137473
28.5,25.5,13856,0.00408072897478682,0.00675623478966713,NA,0.004046875486580053
29.5,25.5,13857,0.003131352879762044,0.004731589375508238,NA,0.004000472764713621
30.5,25.5,13858,0.0034910845115617172,NA,NA,0.0038208959966359642
31.5,25.5,13859,0.002486007777790934,NA,NA,0.003395837296393251
32.5,25.5,13860,0.0023912267414996366,NA,NA,0.0033736049267045916
33.5,25.5,13861,0.00229622634538034,NA,NA,0.0030936431535762976
34.5,25.5,13862,0.0022451915430903857,NA,NA,0.002562837782890204
35.5,25.5,13863,0.002067086678052491,NA,NA,0.002297758335358111
36.5,25.5,13864,0.00214279814979175,NA,NA,0.002228819807733525
37.5,25.5,13865,0.0024679211266166894,NA,NA,0.004866579504110472
38.5,25.5,13866,0.002335561230836222,NA,NA,0.004358175592326848
39.5,25.5,13867,0.0021731710598626866,NA,NA,0.0045105367982352824
40.5,25.5,13868,0.002394438284084253,NA,NA,NA
41.5,25.5,13869,0.00223681722130229,NA,NA,NA
42.5,25.5,13870,0.002786457591880326,NA,NA,NA
43.5,25.5,13871,0.005456486407402827,NA,NA,NA
44.5,25.5,13872,0.005781029969155612,NA,NA,NA
45.5,25.5,13873,0.005471623632651216,NA,NA,NA
46.5,25.5,13874,0.005522752477486459,NA,NA,NA
47.5,25.5,13875,0.0038444840939015194,NA,NA,NA
48.5,25.5,13876,0.004180222585253619,NA,NA,NA
49.5,25.5,13877,0.0043545843074694335,NA,NA,NA
-59.5,26.5,13898,0.17633539414277674,0.0697853089778725,0.2562256770521047,0.10424972788236228
-58.5,26.5,13899,0.06848137459915053,0.08691793775643551,0.1780441234886423,0.0700434719417425
-57.5,26.5,13900,0.04942964314338225,0.1440854414878991,0.15734309550821085,0.04878262826784392
-56.5,26.5,13901,0.06200300561958008,0.3199702223625936,0.13576836865783684,0.06980271194293493
-55.5,26.5,13902,0.07340970735635058,0.5100024782990398,0.17628541263618427,0.05623769441893324
-54.5,26.5,13903,0.15835899603321518,0.616958590661206,0.2996419810686584,0.12815282478555437
-53.5,26.5,13904,0.08689796124417483,0.49417982281751216,0.35441556594710777,0.09826492737476258
-52.5,26.5,13905,0.1608487091205857,0.818195177294994,0.31642847279192804,0.17880104285205503
-51.5,26.5,13906,0.0952489985300102,0.7782017115409917,0.1500051536054554,0.10589831187144332
-50.5,26.5,13907,0.06451951984920441,0.7376208205348787,0.18951499711070957,0.06850673760924375
-49.5,26.5,13908,0.05640257100801343,0.7079375319454587,0.1644713195216054,0.05060811514309118
-48.5,26.5,13909,0.057832941278932286,0.7083964254893839,0.1644089756380294,0.046383774881381436
-47.5,26.5,13910,0.05037027197092148,0.5625863749730382,0.13283558517752356,0.034359082391508776
-46.5,26.5,13911,0.040517427312199934,0.5889698303249342,0.1643047985598633,0.02432699366530561
-45.5,26.5,13912,0.05005870683270693,0.49946306292975057,0.18499606875345756,0.03003312208274649
-44.5,26.5,13913,0.046439018813860714,0.36531285584550666,0.27453300813179354,0.028891790255613968
-43.5,26.5,13914,0.032350101982438484,0.1280156538861069,0.22714116851160146,0.03095117932430277
-42.5,26.5,13915,0.03188487639162991,0.11731021474849253,0.16035594826080476,0.03259948527073792
-41.5,26.5,13916,0.03668976710609079,0.09224730815762665,0.143960514499275,0.033244107733486995
-40.5,26.5,13917,0.0340921624921219,0.11251131502508718,0.09289639990438306,0.03344123179857398
-39.5,26.5,13918,0.030138191717297414,0.06825371835109374,0.09224676032064144,0.03194311211505637
-38.5,26.5,13919,0.025265216903711748,0.06421530680222501,0.08594290012840497,0.029689727921338102
-37.5,26.5,13920,0.02892842775672726,0.07315840818858552,0.0935632165711085,0.028507460375251942
-36.5,26.5,13921,0.025142803197352095,0.051915652285386096,0.07252670681110908,0.01216603585776554
-35.5,26.5,13922,0.020761868335562945,0.04659769401803308,0.07705701315370156,0.013004227864698239
-34.5,26.5,13923,0.019381777068677254,0.0409700785028118,0.08787412594695251,0.011960540704985496
-33.5,26.5,13924,0.018135723953750158,0.035820199712242165,0.08969069560934732,0.011353829639151942
-32.5,26.5,13925,0.01794356686164849,0.037786246494056354,0.06666735169164888,0.011174312318783517
-31.5,26.5,13926,0.015479822754192508,0.029034597782208443,0.07042805404963783,0.007156963445134499
-30.5,26.5,13927,0.01574223253934256,0.04154342836532843,0.10741398715667322,0.009270812205568423
-29.5,26.5,13928,0.012698138802581282,0.040235046312887685,0.0800865907787665,0.014409646268569842
-28.5,26.5,13929,0.01218455992849542,0.04590011348506308,0.09866510717315097,0.013253716305864624
-27.5,26.5,13930,0.011974897102416808,0.049883812563717954,0.10358527963422239,0.009504829569279298
-26.5,26.5,13931,0.009663645998027067,0.052324775502373036,0.09583102224882083,0.008791442529247346
-25.5,26.5,13932,0.009405483162734672,0.04727387871087452,0.10876620767792584,0.011018905451122536
-24.5,26.5,13933,0.009366785711519228,0.04405511087473214,0.11090121734075707,0.010102045683565838
-23.5,26.5,13934,0.009374427514327013,0.02856445348513554,0.09583005835519624,0.00903377288040966
-22.5,26.5,13935,0.009660917611825722,0.025811335868008455,0.09058102885942086,0.008446807199198322
-21.5,26.5,13936,0.008750971283193775,0.021808639462304866,0.06937541564058877,0.007257840497585154
-20.5,26.5,13937,0.007481651427715369,0.01825094841064886,0.04457672514648106,0.006217541913223565
-19.5,26.5,13938,0.006208111217797006,0.013609503572079728,0.062492816055398234,0.005800548463521045
-18.5,26.5,13939,0.004132596674137877,0.011999341776572062,0.06538159783976993,0.005183344405144598
-17.5,26.5,13940,0.0037683508035124464,0.011218858651571793,0.04160943785551679,0.004810118738128413
-16.5,26.5,13941,0.0043251688770595854,0.013853384000356695,0.057452698640155196,0.004593921952069292
-15.5,26.5,13942,0.0039882316808704165,0.01400667417858932,0.06492121157280596,0.004514642301735107
-14.5,26.5,13943,0.0038542891388973722,0.01241949536885065,0.05665921751481202,0.006346929560734122
-13.5,26.5,13944,0.003978087024172466,0.011656093702018892,0.0537309119819263,0.005943937715188243
-12.5,26.5,13945,0.0035144982417626694,0.010724197070411473,0.03970914480284849,0.004617941079775163
-11.5,26.5,13946,0.003907735744795286,0.011894567578649536,0.04671055191415691,0.00425104893526949
-10.5,26.5,13947,0.0034925292969273853,0.011096172061637238,0.03023350984808034,0.0031327339929458444
-9.5,26.5,13948,0.003367964909380012,0.010030132046125094,0.04414548328355791,0.0029912846340017286
-8.5,26.5,13949,0.005035428301803919,0.012226412367656129,0.06030793165271209,0.004476372111141601
-7.5,26.5,13950,0.005616190271352945,0.012760606998261731,0.06405762417014678,0.004692300504051357
-6.5,26.5,13951,0.005952750565389478,0.013295721759936388,0.06620300177540585,0.005249870875530658
-5.5,26.5,13952,0.004269325934082046,0.009332953717611767,0.04856201145527819,0.0038551076310290185
-4.5,26.5,13953,0.004584004563137464,0.009573178147804314,0.047203448494435106,0.004003856733273556
-3.5,26.5,13954,0.0054738054072050665,0.011255964042874683,0.04984078273631537,0.0038517336197140205
-2.5,26.5,13955,0.0061139899512922,0.013306281726151897,0.059765123810813885,0.004220659557119783
-1.5,26.5,13956,0.006233840155651695,0.013167253370710248,0.060280778546889076,0.004293294704766636
-0.5,26.5,13957,0.006103246268738967,0.014550409675617442,0.06491956075563875,0.004459859849710767
0.5,26.5,13958,0.006063468205789083,0.01472962614979331,0.05749263687820438,0.004426282978704117
1.5,26.5,13959,0.005807930699473944,0.01461249967641323,0.05544965030483301,0.004244036654520489
2.5,26.5,13960,0.006634883688244655,0.01860053480936202,0.10125595257156692,0.004889862172734688
3.5,26.5,13961,0.00546410255686977,0.011984661495497019,0.09586882231520451,0.004311949578203029
4.5,26.5,13962,0.005486735362841124,0.012007550414793105,0.06153395010101026,0.004281159590617038
5.5,26.5,13963,0.007120767150567706,0.01685217695677515,0.0704961560496446,0.006603191317500685
6.5,26.5,13964,0.007543896062902546,0.01731386452786623,0.06767181159563693,0.005975434711633837
7.5,26.5,13965,0.006284883066378802,0.015701981000298088,0.0709069835896833,0.0057232651684988945
8.5,26.5,13966,0.006519911146421604,0.016606058178752704,0.1336360716056192,0.0065234604257966445
9.5,26.5,13967,0.005622827660851866,0.0161335173966449,0.1123311530564571,0.004863026522456434
10.5,26.5,13968,0.005517594629247849,0.016667442663969394,0.10360312838791846,0.004787759088659846
11.5,26.5,13969,0.005799623352705303,0.015177625630309173,0.09131848819782247,0.005131819583710213
12.5,26.5,13970,0.0057215188619732975,0.014961086089099174,0.1847022371438297,0.0047375207228856605
13.5,26.5,13971,0.005061060791748074,0.013147144820006583,0.1933314065244342,0.004645623895985058
14.5,26.5,13972,0.005562658278637643,0.015200194903241093,0.23260138741009403,0.004731226145142455
15.5,26.5,13973,0.006117588289724338,0.01654865535215423,0.26268053175377704,0.005012847876279055
16.5,26.5,13974,0.005878728726512716,0.014428721182992045,0.29970303929252917,0.0045007802789872675
17.5,26.5,13975,0.005299542894114787,0.015140403838139565,0.35984088596200137,0.004497943134554427
18.5,26.5,13976,0.005017883591347174,0.014258692641313865,0.341692463246293,0.005368378870590961
19.5,26.5,13977,0.004836350949132919,0.013369399837618503,0.1787750483468828,0.006075588240879056
20.5,26.5,13978,0.005888483669333307,0.014990890811044426,NA,0.006984620674523883
21.5,26.5,13979,0.00561832812479464,0.010503110024717079,NA,0.007114348116699014
22.5,26.5,13980,0.004807042300109206,0.008111909817438962,NA,0.006720096493665842
23.5,26.5,13981,0.004837279638935156,0.007912654103675795,NA,0.005124321716726432
24.5,26.5,13982,0.004541046694170119,0.00657489668297212,NA,0.004558574436567162
25.5,26.5,13983,0.0041444944812294585,0.006835836858717449,NA,0.00410288678305444
26.5,26.5,13984,0.003913763618238018,0.006156308446240354,NA,0.004034861694735963
27.5,26.5,13985,0.0035156892555459943,0.0056703549636990406,NA,0.0037629072428375355
28.5,26.5,13986,0.003567779019966159,0.005353127518561303,NA,0.0036023251839754538
29.5,26.5,13987,0.0034657389583147356,0.004010856114840891,NA,0.0032452528746309793
30.5,26.5,13988,0.003371963006067486,NA,NA,0.0034181062158670458
31.5,26.5,13989,0.0032093174910442675,NA,NA,0.003276721638830065
32.5,26.5,13990,0.0029958959063791047,NA,NA,0.003550778447384179
33.5,26.5,13991,0.0028674902488130425,NA,NA,0.0036734929312400347
34.5,26.5,13992,0.0028145497452454777,NA,NA,0.00264494884352079
35.5,26.5,13993,0.002842390147974741,NA,NA,0.0023023367866571833
36.5,26.5,13994,0.0027860920160601333,NA,NA,0.0021552318568681165
37.5,26.5,13995,0.002750581902009837,NA,NA,0.0021861051834527064
38.5,26.5,13996,0.0028089456673556943,NA,NA,0.0022971394483097913
39.5,26.5,13997,0.0026708458212972054,NA,NA,0.0025391008936446148
40.5,26.5,13998,0.0025620107277291517,NA,NA,NA
41.5,26.5,13999,0.0027692155619304455,NA,NA,NA
42.5,26.5,14000,0.003057821944944962,NA,NA,NA
43.5,26.5,14001,0.0030187117124388803,NA,NA,NA
44.5,26.5,14002,0.005563430425823056,NA,NA,NA
45.5,26.5,14003,0.005685092424493137,NA,NA,NA
46.5,26.5,14004,0.003880517548440201,NA,NA,NA
47.5,26.5,14005,0.003980254184032988,NA,NA,NA
48.5,26.5,14006,0.0044334863620556515,NA,NA,NA
49.5,26.5,14007,0.004277225750376716,NA,NA,NA
-58.5,27.5,14027,0.15837372940426042,0.17342896832733742,0.14697562214581208,0.1144139823133718
-57.5,27.5,14028,0.07575408921645777,0.09630235744474967,0.17194938499608345,0.0792792997796238
-56.5,27.5,14029,0.0712396359689344,0.1480843342594546,0.18240005356611613,0.039793132317609656
-55.5,27.5,14030,0.044777399314105286,0.152233002987437,0.11263978264171004,0.043226208102351116
-54.5,27.5,14031,0.05372280221404788,0.32789709200077816,0.1111678372378522,0.0376759469614414
-53.5,27.5,14032,0.17636948814537573,0.4779403165039095,0.42082302966722446,0.15548459576255622
-52.5,27.5,14033,0.15060881484035638,0.5835792771982702,0.3892429941761787,0.2467962993305702
-51.5,27.5,14034,0.13909378066577097,0.7795716496107892,0.30682437784492805,0.2124964915607226
-50.5,27.5,14035,0.0834017685910417,0.6960061032954625,0.3307354774700936,0.1748463557097997
-49.5,27.5,14036,0.04920613713377347,0.43019519415567564,0.43536255497527004,0.07587675765780244
-48.5,27.5,14037,0.04148758331102451,0.4151006350616805,0.17077247852372837,0.05448677862681253
-47.5,27.5,14038,0.034112438064447116,0.4270588397166872,0.23351333166697308,0.04784764546479072
-46.5,27.5,14039,0.03935121126564566,0.5030042238510682,0.25438593357815475,0.046027874190001275
-45.5,27.5,14040,0.039699411998146916,0.5024155778866367,0.15742714787245057,0.035740834589287694
-44.5,27.5,14041,0.0440135241989436,0.5120457912630194,0.21376061522409984,0.039604492014422135
-43.5,27.5,14042,0.03727986787041367,0.5005897417284599,0.2088906390291805,0.02788490168186027
-42.5,27.5,14043,0.03778085395474112,0.46657990241471375,0.3663638330714367,0.02921713584391265
-41.5,27.5,14044,0.0439001738111073,0.45477663104411503,0.29945642462791433,0.03142002957120533
-40.5,27.5,14045,0.03627963832529452,0.1945169753334777,0.26588824947826123,0.031948315393940406
-39.5,27.5,14046,0.023462790129533378,0.08440949179975205,0.1434501919044681,0.025584977436539855
-38.5,27.5,14047,0.02354514946771642,0.08787350021724002,0.1577053069015032,0.027350816109872285
-37.5,27.5,14048,0.025572437414557836,0.07071408680280562,0.2247090353075837,0.024998835101666374
-36.5,27.5,14049,0.012804867952965976,0.03519846919712305,0.21937755146176272,0.010406832761215267
-35.5,27.5,14050,0.019871509352498127,0.056544340141678695,0.1784679944733504,0.01846852463140624
-34.5,27.5,14051,0.019400236747331726,0.060362329383787425,0.14703481045214517,0.012566354923980158
-33.5,27.5,14052,0.018873601954552108,0.05463343301991671,0.11581915678295018,0.010828007065518206
-32.5,27.5,14053,0.018044256868576834,0.05462246616825741,0.1596818055860985,0.010221036525827128
-31.5,27.5,14054,0.017406144780399542,0.04130122264339163,0.08806237463650952,0.008770497360066474
-30.5,27.5,14055,0.020725149110054214,0.03847055836217374,0.10403119913402234,0.008941559818923429
-29.5,27.5,14056,0.022219284498251037,0.04313922975665453,0.1267363670768673,0.00916815443954033
-28.5,27.5,14057,0.01886719107137538,0.03908847570725051,0.09817939613816934,0.008393386173790771
-27.5,27.5,14058,0.019388204355591188,0.03383171277339497,0.11078136394722599,0.010184660292197894
-26.5,27.5,14059,0.019437602875280523,0.03377784906620295,0.11022302143077806,0.011291281371822143
-25.5,27.5,14060,0.017818293073627266,0.03133268554111898,0.10557333426154354,0.010592878478688667
-24.5,27.5,14061,0.019051671087136873,0.03269548774108857,0.10841701388468329,0.010986178639026206
-23.5,27.5,14062,0.02021676684351344,0.036880531986154104,0.13532303545910052,0.011763258077295866
-22.5,27.5,14063,0.015123700400942613,0.027063339038969833,0.1263466284550238,0.010317512716228588
-21.5,27.5,14064,0.012186577653081935,0.022495634980185808,0.11119454376609175,0.007722649161957403
-20.5,27.5,14065,0.009466777084054048,0.018287658797474366,0.08411265857198542,0.006448094024118462
-19.5,27.5,14066,0.00893539884905154,0.0175671697370493,0.07439131007127868,0.0057844252368852685
-18.5,27.5,14067,0.0055877278238031305,0.012644827066858306,0.058813413068163053,0.005000348174367319
-17.5,27.5,14068,0.00527436802745121,0.013412904492367149,0.09393756039359208,0.005686675068387646
-16.5,27.5,14069,0.00497273352354101,0.013396717646462289,0.09878392809992115,0.0048450850020239624
-15.5,27.5,14070,0.005154352447279474,0.014384915709234156,0.12039326041015531,0.004931187074197945
-14.5,27.5,14071,0.005951938267376117,0.017641547798793532,0.1281090300785661,0.005210775026113362
-13.5,27.5,14072,0.0054308647244543365,0.014270735591104741,0.12911843703389966,0.004901299966709863
-12.5,27.5,14073,0.005679125933918128,0.016864475305189315,0.11897035212727465,0.005044376067108765
-11.5,27.5,14074,0.005443198437626733,0.010835048630300709,0.11349664596516301,0.007616878591102919
-10.5,27.5,14075,0.005364466365273921,0.008205031680506856,0.08215575349079195,0.006496163487092859
-9.5,27.5,14076,0.00579120336715045,0.008656215617902866,0.10585747540995954,0.006433100762965431
-8.5,27.5,14077,0.008772650101735426,0.011719527218038778,0.1584202130926298,0.007783379421530804
-7.5,27.5,14078,0.009610389123996614,0.01221280416981356,0.14169841557724722,0.006297709520367895
-6.5,27.5,14079,0.011393509064685748,0.015339858393238594,0.14513895792325607,0.006922678650869663
-5.5,27.5,14080,0.00917900276067045,0.011942171925835536,0.11052235915845815,0.004956079457084284
-4.5,27.5,14081,0.009447143904912143,0.012885848138649063,0.10103637344015995,0.005063717814586581
-3.5,27.5,14082,0.010277164281470557,0.013746588417506846,0.13501197847593568,0.005559777263636812
-2.5,27.5,14083,0.012227432363726866,0.014753959600842843,0.15529597412835425,0.005719958702347216
-1.5,27.5,14084,0.013163291688253203,0.015086743292209444,0.15500644960370594,0.006060392253803238
-0.5,27.5,14085,0.013285281660018248,0.01516008451177179,0.11448977779594677,0.005852998445538911
0.5,27.5,14086,0.013997841165932392,0.014281680845555375,0.11882782502662614,0.005816200750680974
1.5,27.5,14087,0.018554606215793034,0.018051043532538655,0.16146841805842765,0.008434086557353636
2.5,27.5,14088,0.016640397395608894,0.015840550200026636,0.14342447373756956,0.007854896228096476
3.5,27.5,14089,0.01603142726007602,0.016006280183201268,0.14703812297311813,0.005962628557139842
4.5,27.5,14090,0.013659097592262205,0.013351598315017654,0.10929884737803888,0.005080086973567264
5.5,27.5,14091,0.012290835873268832,0.012517768520958355,0.10941850432361032,0.004816994259893168
6.5,27.5,14092,0.011978684277402344,0.013187578573030486,0.13445971438866375,0.004814431547690466
7.5,27.5,14093,0.012317487939042243,0.011611011447785358,0.13072193114826441,0.005089386847972365
8.5,27.5,14094,0.014316034540794465,0.015264338148906004,0.1565031042386636,0.005995186181158415
9.5,27.5,14095,0.01191102802752676,0.013711015045603358,0.1288314739213706,0.005610809609722931
10.5,27.5,14096,0.011184908002758912,0.014292192485384832,0.10625492202172547,0.0053178763077182814
11.5,27.5,14097,0.0068323792957062585,0.014313969889449921,0.11492121091716803,0.005140937174009125
12.5,27.5,14098,0.006851461392162829,0.013727422267464406,0.16291572716898703,0.005442347753176859
13.5,27.5,14099,0.006766676418408184,0.01374184948320847,0.18906457111682332,0.005253733801346657
14.5,27.5,14100,0.007372423340868356,0.014193050042167333,0.20638350599974137,0.005165360658496524
15.5,27.5,14101,0.006181708336456545,0.01209777001885056,0.20211086821846522,0.004357143113335339
16.5,27.5,14102,0.006275252825197937,0.013495659553530971,0.1823743903481619,0.004343263090674593
17.5,27.5,14103,0.00559639433684653,0.01366759152387553,0.16149576927627746,0.0040435174579399255
18.5,27.5,14104,0.004880182374653583,0.016107333416601893,0.18319815652090107,0.004319468574705725
19.5,27.5,14105,0.004758585231758042,0.014667549820625679,0.18455807690777196,0.004147037046137485
20.5,27.5,14106,0.004528026877073443,0.013537757340452513,NA,0.003916330798437106
21.5,27.5,14107,0.0041907538283827055,0.009850032155696185,NA,0.003766102984382643
22.5,27.5,14108,0.004017326072540403,0.008748322954223044,NA,0.0037530064700997323
23.5,27.5,14109,0.004038441907530353,0.0070969313669311815,NA,0.0037984831472876964
24.5,27.5,14110,0.003996394865334118,0.007276108579776008,NA,0.0037187972037345724
25.5,27.5,14111,0.0037342252519719722,0.006500785573288685,NA,0.003549275989507474
26.5,27.5,14112,0.0035999633805191564,0.006031765506541148,NA,0.003303093599221638
27.5,27.5,14113,0.002968574171269343,0.005216049590117382,NA,0.0028792484067198575
28.5,27.5,14114,0.002961484478445757,0.00500704553987396,NA,0.0028649005568146474
29.5,27.5,14115,0.0029580199221205506,0.004479542983031609,NA,0.00274525148863764
30.5,27.5,14116,0.002827565674980556,NA,NA,0.0025671421006758627
31.5,27.5,14117,0.0027366275198786325,NA,NA,0.0024235854948962904
32.5,27.5,14118,0.0026764328945962203,NA,NA,0.0023197627015681542
33.5,27.5,14119,0.0026866487955729467,NA,NA,0.0022879984166227457
34.5,27.5,14120,0.002628512254949777,NA,NA,0.0021629099027652057
35.5,27.5,14121,0.0028075258950712384,NA,NA,0.002286062673347357
36.5,27.5,14122,0.002894283934813786,NA,NA,0.002382411750152841
37.5,27.5,14123,0.0030301599852888997,NA,NA,0.0021739668047114605
38.5,27.5,14124,0.003077753658634096,NA,NA,0.0021373651790273706
39.5,27.5,14125,0.003366585260992339,NA,NA,0.0020078226751660687
40.5,27.5,14126,0.0035849491610581447,NA,NA,NA
41.5,27.5,14127,0.004195765461634243,NA,NA,NA
42.5,27.5,14128,0.003229705836077346,NA,NA,NA
43.5,27.5,14129,0.0033911631161477637,NA,NA,NA
44.5,27.5,14130,0.003296924252965886,NA,NA,NA
45.5,27.5,14131,0.003836105096791509,NA,NA,NA
46.5,27.5,14132,0.0038829370868562092,NA,NA,NA
47.5,27.5,14133,0.0036814636806185436,NA,NA,NA
48.5,27.5,14134,0.003440937998629115,NA,NA,NA
49.5,27.5,14135,0.003371488333910483,NA,NA,NA
-57.5,28.5,14152,0.1684663814246711,0.10768791156310721,0.15048095093093156,0.11645938926531492
-56.5,28.5,14153,0.07376993818942394,0.09826073293525477,0.16883162019627226,0.06785727629401951
-55.5,28.5,14154,0.05140157315118011,0.07338197154991898,0.11591855606230933,0.02993973288139098
-54.5,28.5,14155,0.09366651622505352,0.13072420981501157,0.08647875437952238,0.03774040200761729
-53.5,28.5,14156,0.07229070561387878,0.22002453999098964,0.1281114134667585,0.05315841434620485
-52.5,28.5,14157,0.2032819496671456,0.5151730274690551,0.43334413962488927,0.22167110550833877
-51.5,28.5,14158,0.15710722894008755,0.5399959252832087,0.4353006338448494,0.22731137870596058
-50.5,28.5,14159,0.14235706886729468,0.6286804864182777,0.26877525469946595,0.20878439864078435
-49.5,28.5,14160,0.09539136195276654,0.4965684032282633,0.22269036262060946,0.12273756670877611
-48.5,28.5,14161,0.05670182443704746,0.43525652822830974,0.33818350549343934,0.09027563127800352
-47.5,28.5,14162,0.036489085625601846,0.20748238042105369,0.2337465956330854,0.06744850053110668
-46.5,28.5,14163,0.04664961069491894,0.30382917712260293,0.2570118948845953,0.06664093939780945
-45.5,28.5,14164,0.050455169346267405,0.23597848512458758,0.16593099724608,0.06549362460403778
-44.5,28.5,14165,0.053044872227119934,0.24944265472915267,0.16601128433659204,0.05102344740914486
-43.5,28.5,14166,0.03972203026631834,0.21072880837244945,0.21055213408747084,0.04342396121322598
-42.5,28.5,14167,0.04209492730162628,0.29672726738982597,0.29143437555268026,0.04654308703220375
-41.5,28.5,14168,0.0365762938411916,0.3487196071865568,0.38087808349156455,0.046143673947352665
-40.5,28.5,14169,0.0355467049770307,0.3983374778636284,0.30353187356575867,0.0353853112992649
-39.5,28.5,14170,0.026786264663247367,0.29858234148809254,0.22954093401903736,0.025848879686433197
-38.5,28.5,14171,0.02903563253607121,0.33949560596528605,0.2142265460973045,0.03653412401368297
-37.5,28.5,14172,0.02586757960872907,0.2511543680874323,0.332070000151474,0.03574957370585988
-36.5,28.5,14173,0.013626983537514379,0.061815292774172956,0.19701183375871784,0.010096378931051433
-35.5,28.5,14174,0.021697950915447222,0.08884739650305558,0.2980936796528028,0.016259064417811806
-34.5,28.5,14175,0.019512403965910634,0.08602041633001198,0.23685022653355312,0.019387952340278493
-33.5,28.5,14176,0.019039242642360725,0.0776587388920326,0.2050652923337837,0.025937516010540836
-32.5,28.5,14177,0.018241249445674144,0.062212865459675595,0.20156624997881895,0.0157377741385236
-31.5,28.5,14178,0.014759796508730579,0.04307249919587114,0.09164730096180719,0.008220711314601389
-30.5,28.5,14179,0.020730704334617794,0.04700929373262684,0.08748893854619076,0.009319152957836764
-29.5,28.5,14180,0.01657861988640416,0.046909642897350105,0.11208031012869062,0.008940211464046145
-28.5,28.5,14181,0.016052534288005824,0.05062512237897741,0.09634736422693327,0.00922488344190961
-27.5,28.5,14182,0.01700493125117191,0.044538781151204035,0.09768689689594647,0.009948506372502055
-26.5,28.5,14183,0.0187105740990366,0.043882197452581595,0.08764683084499804,0.010884975344196317
-25.5,28.5,14184,0.019095143584643655,0.04147542070073371,0.09330507322370687,0.010477655745819277
-24.5,28.5,14185,0.0231172591272396,0.04039840873591008,0.10104600823581744,0.011612696294646022
-23.5,28.5,14186,0.022943103156241717,0.04312026943373575,0.10835498555295993,0.011374471568585951
-22.5,28.5,14187,0.016775247701808122,0.03263976802165553,0.08728595749707012,0.008793472995838958
-21.5,28.5,14188,0.015175990060668559,0.028099027442702693,0.08182196906897606,0.008184121273336337
-20.5,28.5,14189,0.013027010755714231,0.021561883422613493,0.0847750005966147,0.007262726101050607
-19.5,28.5,14190,0.010851760635723783,0.017444120221694066,0.06324014767310206,0.0061476150747955954
-18.5,28.5,14191,0.012944927238643865,0.02167253052335558,0.06020868340812,0.006376954262407894
-17.5,28.5,14192,0.009905569122772781,0.015174115180935106,0.07596927385159068,0.005372801185973866
-16.5,28.5,14193,0.010159000507842323,0.01553817693432697,0.08481872569290845,0.005173651789131341
-15.5,28.5,14194,0.010081529712085027,0.012865442923972055,0.07488554012814029,0.005080226082461289
-14.5,28.5,14195,0.009845761125410683,0.013593862861058886,0.05336281609306996,0.005104957537193654
-13.5,28.5,14196,0.010280734440406942,0.01342544876079297,0.09813785073145317,0.005216679448995941
-12.5,28.5,14197,0.010094578650555885,0.013359962425289517,0.13862116180937167,0.005477497303240226
-11.5,28.5,14198,0.009941246912895232,0.014534687837524232,0.1308307337293357,0.005351112303436337
-10.5,28.5,14199,0.01000031064393526,0.012283434777309962,0.10566596353357263,0.00499051844678477
-9.5,28.5,14200,0.0090346938921353,0.015289951120030459,0.10453917710333772,0.00486257377020258
-8.5,28.5,14201,0.00890883592276403,0.013290486296873998,0.09745119058123247,0.0055072802036701856
-7.5,28.5,14202,0.007862275072991483,0.013880664674801734,0.11152001230396574,0.0080675522279362
-6.5,28.5,14203,0.008668317895370746,0.01833893028837421,0.11263347526502739,0.008331907524871007
-5.5,28.5,14204,0.009032909236889803,0.020430444780149354,0.13544224674847197,0.008366893103619051
-4.5,28.5,14205,0.009633071031605515,0.023670535959820403,0.18428052311117812,0.007742713725023636
-3.5,28.5,14206,0.010802762632562636,0.03081363209914218,0.20460600890493422,0.008033877380188603
-2.5,28.5,14207,0.010377891738098817,0.022032607784207184,0.16131319353554535,0.0073558606245056135
-1.5,28.5,14208,0.010840971191194737,0.021230479351731352,0.1612795054475558,0.0075343226143316745
-0.5,28.5,14209,0.011847167100321906,0.02169930598889396,0.13150604244697287,0.0074484601213855375
0.5,28.5,14210,0.01460419926862495,0.028256991690225764,0.16087021191943923,0.008969843322007148
1.5,28.5,14211,0.014669870509676856,0.02955445487263434,0.1875095849302105,0.008519919162298871
2.5,28.5,14212,0.016514497127297845,0.03266920161617812,0.17942058472392303,0.009492948825035171
3.5,28.5,14213,0.01463079133457673,0.02584713765581512,0.1680635189012559,0.009030435573582104
4.5,28.5,14214,0.011112397740367165,0.01737905686012802,0.15168514423370966,0.00705985085239658
5.5,28.5,14215,0.011246359600622539,0.016949366824325005,0.1483937225776946,0.00572287524266198
6.5,28.5,14216,0.01261628600358331,0.018966593310514156,0.1542880990051726,0.005965180076295062
7.5,28.5,14217,0.012001585097659707,0.017627630720963804,0.15699297137205073,0.005903880862780335
8.5,28.5,14218,0.012469479815989814,0.017782448100493693,0.17768583553842002,0.005937580090398818
9.5,28.5,14219,0.01237580601178149,0.017525423892257804,0.13262993031625753,0.00590772154127843
10.5,28.5,14220,0.013970519803801184,0.019812919376526263,0.16323066199390393,0.006627408360583539
11.5,28.5,14221,0.013740344368105794,0.018262943123332837,0.15240500438911236,0.006206359563779174
12.5,28.5,14222,0.012749064408286728,0.016066897015919412,0.17204648255131957,0.00541874662152247
13.5,28.5,14223,0.01284413546532545,0.01583390819131666,0.16364136800434625,0.005526279128536896
14.5,28.5,14224,0.013379406803495145,0.01467242981742457,0.1730158206491759,0.005621459870762983
15.5,28.5,14225,0.01234253185279345,0.012452307974487029,0.14589766577717428,0.0056793456611331635
16.5,28.5,14226,0.011654353939054595,0.010728153756146322,0.13226003128620553,0.0039994960702553735
17.5,28.5,14227,0.010518825916396784,0.009224481618572453,0.12482330781394559,0.0036406480581615648
18.5,28.5,14228,0.006498075298567248,0.009494518138086548,0.1266236198208473,0.0037377031795671214
19.5,28.5,14229,0.0061005288519475065,0.009294202126571212,0.12556615976346477,0.004214920686344722
20.5,28.5,14230,0.006505313974974745,0.010175095927533646,NA,0.003709981102690441
21.5,28.5,14231,0.005723498612334428,0.009396945788885818,NA,0.003532875944850854
22.5,28.5,14232,0.004859665703370684,0.008721780950592496,NA,0.003382618336977818
23.5,28.5,14233,0.0048123999656700545,0.007672849084777346,NA,0.003375965080539866
24.5,28.5,14234,0.004596102203858719,0.006046864622256562,NA,0.0032400590126008206
25.5,28.5,14235,0.004158121486806794,0.005562703830572715,NA,0.0029605876365661316
26.5,28.5,14236,0.003986761631603909,0.00528791825128631,NA,0.002863406305528399
27.5,28.5,14237,0.0036876647616228934,0.0047237879490324,NA,0.0024976981369412414
28.5,28.5,14238,0.003430645951082165,0.004541889708377859,NA,0.00227789448149249
29.5,28.5,14239,0.0032706759045020364,0.00421326046152729,NA,0.0021861117692616055
30.5,28.5,14240,0.0032760391748565473,NA,NA,0.0021580497995269347
31.5,28.5,14241,0.003175083692962516,NA,NA,0.0020834107849395872
32.5,28.5,14242,0.003152555320399861,NA,NA,0.0019953205599685265
33.5,28.5,14243,0.0031743765457392936,NA,NA,0.0021089572942081494
34.5,28.5,14244,0.0036940136777692738,NA,NA,0.002338636194237822
35.5,28.5,14245,0.00354369123131362,NA,NA,0.002176462496894969
36.5,28.5,14246,0.0035844896380708984,NA,NA,0.002311111442073134
37.5,28.5,14247,0.004042755918861723,NA,NA,0.002887642601161167
38.5,28.5,14248,0.00419610244521088,NA,NA,0.0033826518428183234
39.5,28.5,14249,0.00422504099801365,NA,NA,0.0028808913603451955
40.5,28.5,14250,0.004455814484060686,NA,NA,NA
41.5,28.5,14251,0.004048992140843929,NA,NA,NA
42.5,28.5,14252,0.004249190266490271,NA,NA,NA
43.5,28.5,14253,0.0044682734756005555,NA,NA,NA
44.5,28.5,14254,0.0033606907697677785,NA,NA,NA
45.5,28.5,14255,0.0034126935856228086,NA,NA,NA
46.5,28.5,14256,0.0033003508157171133,NA,NA,NA
47.5,28.5,14257,0.003348892314753,NA,NA,NA
48.5,28.5,14258,0.003153597363346184,NA,NA,NA
49.5,28.5,14259,0.0037832564128673155,NA,NA,NA
-57.5,29.5,14277,0.14338924374850642,0.07613462301638493,0.0927088297358584,0.09849302402764729
-56.5,29.5,14278,0.11744712297423934,0.1273347001063879,0.12196964189141307,0.1559161703770639
-55.5,29.5,14279,0.09931972746096507,0.12203338435693614,0.22056885254072794,0.05424757203287302
-54.5,29.5,14280,0.0877083169813576,0.12315793800945449,0.10228132938131018,0.02871037619421366
-53.5,29.5,14281,0.06587727491165873,0.08755614824410261,0.1204639615539676,0.03757423142669113
-52.5,29.5,14282,0.18436180750115932,0.45923598905271057,0.4441293074870665,0.13175976660234673
-51.5,29.5,14283,0.28358754732658104,0.6464858036906508,0.36127819969192626,0.20505042472742976
-50.5,29.5,14284,0.1421916394826883,0.3706472994535827,0.2167426432283184,0.16574921813766308
-49.5,29.5,14285,0.1058057190623284,0.2867453026009826,0.329402663729373,0.15652474736557564
-48.5,29.5,14286,0.08676487064658722,0.40940288796653557,0.21107502670360576,0.10985770452128953
-47.5,29.5,14287,0.06901200698683897,0.2612763128696984,0.2572506644200682,0.08734694944186579
-46.5,29.5,14288,0.0631090141994979,0.20215652660823805,0.2529225703077776,0.08549948629338901
-45.5,29.5,14289,0.09174884868202592,0.2557345154942519,0.356082588543418,0.10071767445622369
-44.5,29.5,14290,0.08429123457587884,0.2943410819755419,0.2289179464415362,0.11149011745939211
-43.5,29.5,14291,0.08885965217029061,0.2368063872635759,0.20201109132136577,0.08217293750462218
-42.5,29.5,14292,0.05194154966449337,0.21496961218399627,0.22161507052955542,0.061111815884321366
-41.5,29.5,14293,0.038809604965124554,0.15509261068889382,0.18475173963026364,0.05564933011859263
-40.5,29.5,14294,0.037588529945493464,0.239812129118359,0.2875522305169949,0.06048848452207033
-39.5,29.5,14295,0.041059160820121086,0.15188581897281522,0.21869099679278634,0.046799583739336584
-38.5,29.5,14296,0.03131485208226799,0.1513464630530594,0.21680332587894907,0.03617691063142131
-37.5,29.5,14297,0.01694279518785109,0.0682952953430073,0.1106950767074629,0.0128101316967841
-36.5,29.5,14298,0.04126562623048928,0.15717137284788585,0.29124594503579704,0.02750854030892664
-35.5,29.5,14299,0.02798346835224978,0.19408515495769482,0.23008857721048365,0.02189211362337296
-34.5,29.5,14300,0.029189240495922315,0.14562099159560454,0.24698282143254985,0.0319320127584773
-33.5,29.5,14301,0.034161475187787824,0.09407523805729591,0.40521468263313315,0.016445244767460364
-32.5,29.5,14302,0.02973779659216325,0.08156350676035047,0.36894016831449983,0.014137382152321777
-31.5,29.5,14303,0.02585873060694047,0.05192575837886968,0.14671564045500227,0.013037373639287583
-30.5,29.5,14304,0.02522917802635147,0.047394289300444224,0.12239916949866961,0.012983713523184894
-29.5,29.5,14305,0.020738530340558486,0.046659640759628376,0.1037724223425478,0.01343906856309687
-28.5,29.5,14306,0.020443343388551218,0.050103037378090874,0.11305400213694647,0.013505319297453213
-27.5,29.5,14307,0.02042326968813252,0.05467172561686579,0.10536447149598346,0.008515933470191585
-26.5,29.5,14308,0.018097388356879792,0.05595600092173112,0.08128865039837431,0.00944322714164106
-25.5,29.5,14309,0.018921646179120875,0.04748757965972364,0.09152895104829392,0.008362829234920542
-24.5,29.5,14310,0.017905606674750305,0.0457602741966914,0.09388152856399457,0.008183003808208765
-23.5,29.5,14311,0.019178120054978244,0.0415209365341439,0.08736375953783881,0.008661724587652166
-22.5,29.5,14312,0.017979889159529163,0.040626571820053574,0.09452030874995397,0.007718259421582583
-21.5,29.5,14313,0.016871551019030245,0.03797003400662582,0.09140289144510268,0.007018027450837541
-20.5,29.5,14314,0.01461274578877569,0.03265389511097076,0.08074615010761782,0.0067275968937166395
-19.5,29.5,14315,0.015205247209466342,0.02818428104818868,0.07718479716766206,0.006741981568546059
-18.5,29.5,14316,0.015418239610257432,0.025639903914549476,0.06796421452723488,0.006532829593912099
-17.5,29.5,14317,0.014703573807327232,0.025360347900056736,0.0634452224071255,0.0064341837414883625
-16.5,29.5,14318,0.014108192837059018,0.022132364635619666,0.06340126654485735,0.006235101588076605
-15.5,29.5,14319,0.013419342688335683,0.020768492741959733,0.06636127835427187,0.006074084931767099
-14.5,29.5,14320,0.013658047769936253,0.019253643486731056,0.06401554897965382,0.005819182468516842
-13.5,29.5,14321,0.014359061911446584,0.020758948061706032,0.08644732413717866,0.005703328680821899
-12.5,29.5,14322,0.017223507876148833,0.02414745501450631,0.11750819161486284,0.006612379044429821
-11.5,29.5,14323,0.013651724643314383,0.021518486559482006,0.09600091685064295,0.005787884538719015
-10.5,29.5,14324,0.01461198105159145,0.0264433444668921,0.080498300983211,0.006384521165752826
-9.5,29.5,14325,0.014514433747351405,0.02072407494258348,0.07329748497076183,0.005878031365136275
-8.5,29.5,14326,0.011617573249971579,0.019726795482752267,0.06591977352081352,0.005853805416556339
-7.5,29.5,14327,0.013278778818321676,0.019855507065568285,0.07167763071476355,0.006298273910870105
-6.5,29.5,14328,0.01500950740913148,0.02518263917528391,0.07171467021191474,0.006805140237052954
-5.5,29.5,14329,0.014515828456885068,0.02423944961135728,0.060192137994889115,0.007328374496516874
-4.5,29.5,14330,0.015594405183932509,0.02586546412581752,0.12105068302966558,0.011332808818374927
-3.5,29.5,14331,0.01795322133539295,0.031073115856943265,0.145508648646972,0.012206027953239012
-2.5,29.5,14332,0.02009981126115233,0.039851575629030855,0.1954314391809313,0.010575003210888431
-1.5,29.5,14333,0.020267795251270287,0.0347702999923032,0.16662143736554957,0.009703669575750562
-0.5,29.5,14334,0.025149724181293562,0.04567858726737149,0.174921791020012,0.010697152239612881
0.5,29.5,14335,0.02227568563252301,0.03448695539223129,0.15468475845150875,0.008076116905358002
1.5,29.5,14336,0.023151775537005266,0.032807017083123946,0.13717540798786,0.0059165995999298565
2.5,29.5,14337,0.02080318032408798,0.03135191068127575,0.1532624747460641,0.005348676917572339
3.5,29.5,14338,0.019669844652418802,0.03394126403758355,0.16404840403663143,0.005242959837724471
4.5,29.5,14339,0.019257908530267213,0.03471375564540939,0.16714638777514965,0.005207197243344002
5.5,29.5,14340,0.018887257512839525,0.03382843262906601,0.18947371199026153,0.005081158482913336
6.5,29.5,14341,0.020054194149300326,0.03987779053606229,0.17931967487034145,0.006216847198278544
7.5,29.5,14342,0.017276343047547472,0.03440534162813241,0.1466118238031501,0.005201009512016274
8.5,29.5,14343,0.016761181508302653,0.03444654660959146,0.14834733504296502,0.005451648683308541
9.5,29.5,14344,0.014005093448814534,0.025901251453794866,0.1385067270800187,0.005314905044568724
10.5,29.5,14345,0.013707635524991279,0.02184298150052513,0.12483799739310344,0.005728301111712858
11.5,29.5,14346,0.01240801417062231,0.019321800205833205,0.09829737836156084,0.005278228440128198
12.5,29.5,14347,0.010600477377435838,0.016392028842981035,0.12615617960547246,0.005219919624184456
13.5,29.5,14348,0.009267609707302732,0.014826862581240509,0.14171635288284515,0.0053238127058658526
14.5,29.5,14349,0.009581877680181103,0.012950091836995518,0.16443753488023014,0.0047866279714324465
15.5,29.5,14350,0.008000131221710243,0.009555064626487452,0.15333446583400062,0.004320061745843457
16.5,29.5,14351,0.008124678542369508,0.010267977724061876,0.14282360084962917,0.0038990194226023174
17.5,29.5,14352,0.009780744085910663,0.010440003378156619,0.12342485797384718,0.003787943808614289
18.5,29.5,14353,0.009205573182070808,0.009321681756099645,0.11935143201869765,0.003665960300211804
19.5,29.5,14354,0.01013530904177621,0.009139751522602687,0.1287189053513044,0.003655690325586616
20.5,29.5,14355,0.009439724151280592,0.008974180042093457,NA,0.0035067044589808774
21.5,29.5,14356,0.008708318560653199,0.009066559202989377,NA,0.0032876388388994207
22.5,29.5,14357,0.005232230403081834,0.00942431609831083,NA,0.0031086628959171524
23.5,29.5,14358,0.005164821939964238,0.008709739066134916,NA,0.0030042047600596393
24.5,29.5,14359,0.0047301866601973325,0.007733119194853893,NA,0.0029122473518338357
25.5,29.5,14360,0.004544190854474207,0.00621615820840282,NA,0.002954392473428355
26.5,29.5,14361,0.0045794450550829405,0.00603929178721646,NA,0.002886340344400255
27.5,29.5,14362,0.00442297455534834,0.005662558590876578,NA,0.002991513634022339
28.5,29.5,14363,0.0043530618978042425,0.005648881443292864,NA,0.003040880466197649
29.5,29.5,14364,0.004105154117729602,0.005350937112800716,NA,0.002527799208746689
30.5,29.5,14365,0.00409151573153169,NA,NA,0.0028420994652070676
31.5,29.5,14366,0.004014743542716735,NA,NA,0.002493501107845412
32.5,29.5,14367,0.004089746982589119,NA,NA,0.0026634223462392668
33.5,29.5,14368,0.004359534222605243,NA,NA,0.0031822169408325255
34.5,29.5,14369,0.003933544015059853,NA,NA,0.002841673832333065
35.5,29.5,14370,0.0038168311359280064,NA,NA,0.0024075323839080013
36.5,29.5,14371,0.0038168311359280064,NA,NA,0.002441403741241265
37.5,29.5,14372,0.00398643078478781,NA,NA,0.002446243707907822
38.5,29.5,14373,0.004025430029634805,NA,NA,0.002609285281303921
39.5,29.5,14374,0.004495152517186452,NA,NA,0.0034708021053611125
40.5,29.5,14375,0.004400392070780353,NA,NA,NA
41.5,29.5,14376,0.004926455204708236,NA,NA,NA
42.5,29.5,14377,0.00403535726020838,NA,NA,NA
43.5,29.5,14378,0.0037990636554389406,NA,NA,NA
44.5,29.5,14379,0.0038606333298730772,NA,NA,NA
45.5,29.5,14380,0.003989625667088765,NA,NA,NA
46.5,29.5,14381,0.003502939891789894,NA,NA,NA
47.5,29.5,14382,0.003209850249635547,NA,NA,NA
48.5,29.5,14383,0.00405723894050623,NA,NA,NA
49.5,29.5,14384,0.005352911895035728,NA,NA,NA
-29.5,30.5,14429,0.01890398144293932,NA,NA,NA
-28.5,30.5,14430,0.019996525319168568,NA,NA,NA
-27.5,30.5,14431,0.019870510780923428,NA,NA,NA
-26.5,30.5,14432,0.020957238948292305,NA,NA,NA
-25.5,30.5,14433,0.022034547877981425,NA,NA,NA
-24.5,30.5,14434,0.021325883557295422,NA,NA,NA
-23.5,30.5,14435,0.016071485310715346,NA,NA,NA
-22.5,30.5,14436,0.013544255636708167,NA,NA,NA
-21.5,30.5,14437,0.013287581822967309,NA,NA,NA
-20.5,30.5,14438,0.012781191871734198,NA,NA,NA
-29.5,31.5,14553,0.016282705609496174,NA,NA,NA
-28.5,31.5,14554,0.017285781465700333,NA,NA,NA
-27.5,31.5,14555,0.016745578023458437,NA,NA,NA
-26.5,31.5,14556,0.020550463005971402,NA,NA,NA
-25.5,31.5,14557,0.019359417857603974,NA,NA,NA
-24.5,31.5,14558,0.020308271413174518,NA,NA,NA
-23.5,31.5,14559,0.015161143501386124,NA,NA,NA
-22.5,31.5,14560,0.014733185232124248,NA,NA,NA
-21.5,31.5,14561,0.01588475253613873,NA,NA,NA
-20.5,31.5,14562,0.014928750385264946,NA,NA,NA
-29.5,32.5,14675,0.0170068828953478,NA,NA,NA
-28.5,32.5,14676,0.01649312875317707,NA,NA,NA
-27.5,32.5,14677,0.016730621152652416,NA,NA,NA
-26.5,32.5,14678,0.01486493944883386,NA,NA,NA
-25.5,32.5,14679,0.016252636500699275,NA,NA,NA
-24.5,32.5,14680,0.015101650496347986,NA,NA,NA
-23.5,32.5,14681,0.01683648487012199,NA,NA,NA
-22.5,32.5,14682,0.01570818422051892,NA,NA,NA
-21.5,32.5,14683,0.01823226826020627,NA,NA,NA
-20.5,32.5,14684,0.017948083280385746,NA,NA,NA
-29.5,33.5,14792,0.024149608478934097,NA,NA,NA
-28.5,33.5,14793,0.01681779324778092,NA,NA,NA
-27.5,33.5,14794,0.016147427412934047,NA,NA,NA
-26.5,33.5,14795,0.015653119899607874,NA,NA,NA
-25.5,33.5,14796,0.015570513869153164,NA,NA,NA
-24.5,33.5,14797,0.015885596860286844,NA,NA,NA
-23.5,33.5,14798,0.015169530285973743,NA,NA,NA
-22.5,33.5,14799,0.014763067753833549,NA,NA,NA
-21.5,33.5,14800,0.013697415090979187,NA,NA,NA
-20.5,33.5,14801,0.014018984751992182,NA,NA,NA
-29.5,34.5,14906,0.018712340139823615,NA,NA,NA
-28.5,34.5,14907,0.02375377777734624,NA,NA,NA
-27.5,34.5,14908,0.021291445163329394,NA,NA,NA
-26.5,34.5,14909,0.015105564569642967,NA,NA,NA
-25.5,34.5,14910,0.01479715923802302,NA,NA,NA
-24.5,34.5,14911,0.016135443667387693,NA,NA,NA
-23.5,34.5,14912,0.016322682152868737,NA,NA,NA
-22.5,34.5,14913,0.015955845292603344,NA,NA,NA
-21.5,34.5,14914,0.01654064181542957,NA,NA,NA
-20.5,34.5,14915,0.017573798891044573,NA,NA,NA
-29.5,35.5,15016,0.02394912775981826,NA,NA,NA
-28.5,35.5,15017,0.02087075620361197,NA,NA,NA
-27.5,35.5,15018,0.014643833241970893,NA,NA,NA
-26.5,35.5,15019,0.01443497089903295,NA,NA,NA
-25.5,35.5,15020,0.01634084181021174,NA,NA,NA
-24.5,35.5,15021,0.013824152191253259,NA,NA,NA
-23.5,35.5,15022,0.013749457900625253,NA,NA,NA
-22.5,35.5,15023,0.01387688785440652,NA,NA,NA
-21.5,35.5,15024,0.014106881940620541,NA,NA,NA
-20.5,35.5,15025,0.013790640489431787,NA,NA,NA
-29.5,36.5,15127,0.017436462181058623,NA,NA,NA
-28.5,36.5,15128,0.015300727092759574,NA,NA,NA
-27.5,36.5,15129,0.015556971390867157,NA,NA,NA
-26.5,36.5,15130,0.016282443503692654,NA,NA,NA
-25.5,36.5,15131,0.015918390039970698,NA,NA,NA
-24.5,36.5,15132,0.015605138988874695,NA,NA,NA
-23.5,36.5,15133,0.014648336199396298,NA,NA,NA
-22.5,36.5,15134,0.013358541773416423,NA,NA,NA
-21.5,36.5,15135,0.011665089132909073,NA,NA,NA
-20.5,36.5,15136,0.013278135036047663,NA,NA,NA
-29.5,37.5,15240,0.02099431863769496,NA,NA,NA
-28.5,37.5,15241,0.01897985148213047,NA,NA,NA
-27.5,37.5,15242,0.01889984774734426,NA,NA,NA
-26.5,37.5,15243,0.016934120815609185,NA,NA,NA
-25.5,37.5,15244,0.015889935495453936,NA,NA,NA
-24.5,37.5,15245,0.01628212810530245,NA,NA,NA
-23.5,37.5,15246,0.01573425827312266,NA,NA,NA
-22.5,37.5,15247,0.013877541349639345,NA,NA,NA
-21.5,37.5,15248,0.01330630286761079,NA,NA,NA
-20.5,37.5,15249,0.014609334861017096,NA,NA,NA
-29.5,38.5,15355,0.03886288886653858,NA,NA,NA
-28.5,38.5,15356,0.03998099332472069,NA,NA,NA
-27.5,38.5,15357,0.03252281512217466,NA,NA,NA
-26.5,38.5,15358,0.023808642067929618,NA,NA,NA
-25.5,38.5,15359,0.021039629702447677,NA,NA,NA
-24.5,38.5,15360,0.018239764121495857,NA,NA,NA
-23.5,38.5,15361,0.017300140054593464,NA,NA,NA
-22.5,38.5,15362,0.016599873074609382,NA,NA,NA
-21.5,38.5,15363,0.01619100890073971,NA,NA,NA
-20.5,38.5,15364,0.01448851797808328,NA,NA,NA
-29.5,39.5,15466,0.044903751529195325,NA,NA,NA
-28.5,39.5,15467,0.04473282436297,NA,NA,NA
-27.5,39.5,15468,0.04358410528792781,NA,NA,NA
-26.5,39.5,15469,0.04251005572945887,NA,NA,NA
-25.5,39.5,15470,0.04031987501420347,NA,NA,NA
-24.5,39.5,15471,0.036288689030151484,NA,NA,NA
-23.5,39.5,15472,0.03477704355922784,NA,NA,NA
-22.5,39.5,15473,0.031244856521934327,NA,NA,NA
-21.5,39.5,15474,0.03207477773629661,NA,NA,NA
-20.5,39.5,15475,0.029378251116292886,NA,NA,NA
-39.5,-39.5,101,NA,0.013796868500732369,NA,NA
-38.5,-39.5,102,NA,0.0115050456669255,NA,NA
-37.5,-39.5,103,NA,0.011601407367246559,NA,NA
-36.5,-39.5,104,NA,0.004993494785836992,NA,NA
-31.5,-39.5,105,NA,0.0080276317397282,NA,NA
-30.5,-39.5,106,NA,0.011150445155512464,NA,NA
-39.5,-38.5,341,NA,0.01286525110309981,NA,NA
-38.5,-38.5,342,NA,0.005497195422854861,NA,NA
-37.5,-38.5,343,NA,0.002380202378103961,NA,NA
-30.5,-38.5,344,NA,0.014649357551961261,NA,NA
-119.5,-19.5,4383,NA,0.011510687986603098,NA,0.035489588297809224
-118.5,-19.5,4384,NA,0.012891359792181794,NA,0.034066394322660766
-117.5,-19.5,4385,NA,0.019518704514414245,NA,0.04492783337671716
-116.5,-19.5,4386,NA,0.02226438220012428,NA,0.035555484279798315
-115.5,-19.5,4387,NA,0.026906975814007923,NA,0.03698319619367339
-114.5,-19.5,4388,NA,0.0201691246715731,NA,0.022937170684466178
-113.5,-19.5,4389,NA,0.02066274727833257,NA,0.01943051724812638
-112.5,-19.5,4390,NA,0.020516656231889238,NA,0.017174710473165107
-111.5,-19.5,4391,NA,0.01779749155066579,NA,0.01753584596647368
-110.5,-19.5,4392,NA,0.009985593980219674,NA,0.011722328635641403
-9.5,-19.5,4466,NA,0.02339022839905884,0.01609319841977654,0.0838124142490006
-8.5,-19.5,4467,NA,0.02020615676229638,0.013228228556417192,0.07163550520298459
-7.5,-19.5,4468,NA,0.018091607056893395,0.01320653562761279,0.05605016045649317
-6.5,-19.5,4469,NA,0.021330000159976676,0.012553842643934412,0.060002024581683557
-5.5,-19.5,4470,NA,0.020872199489076093,0.013028716130637906,0.05815124312437544
-4.5,-19.5,4471,NA,0.02144956444284534,0.014729290365364271,0.058959099206058484
-3.5,-19.5,4472,NA,0.022113109235981327,0.014050384964060518,0.056831624834315794
-2.5,-19.5,4473,NA,0.023365587002731808,0.01701425378939221,0.05359055433999086
-1.5,-19.5,4474,NA,0.03843767838081527,0.02038869540892628,0.07358485255186016
-0.5,-19.5,4475,NA,0.04284317789481696,0.014714977099204645,0.03974432931772595
30.5,-19.5,4506,NA,0.033464419877547634,0.007115941369839296,0.023035958253329405
31.5,-19.5,4507,NA,0.03722750250241153,0.007988507214514485,0.029168210274766092
32.5,-19.5,4508,NA,0.03442483170028409,0.007145384572536016,0.02780859426114254
33.5,-19.5,4509,NA,0.029354630784566443,0.007094614744996807,0.03154917342287956
34.5,-19.5,4510,NA,0.023038910702222117,0.006924869392306816,0.03170304453314621
35.5,-19.5,4511,NA,0.017472350356318923,0.0067755897129318675,0.029126493498209734
36.5,-19.5,4512,NA,0.016702487509775873,0.006658676116353625,0.027697831658192906
37.5,-19.5,4513,NA,0.01504063739275064,0.006874750667692366,0.029084488271381607
38.5,-19.5,4514,NA,0.018175186560381248,0.007894462046448093,0.03017846370206333
39.5,-19.5,4515,NA,0.015927896945198965,0.007457097476013741,0.024177046632085936
-119.5,-18.5,4601,NA,0.019471342138926734,NA,0.04618206752911512
-118.5,-18.5,4602,NA,0.02530518909210945,NA,0.02820139562614172
-117.5,-18.5,4603,NA,0.020829056342276824,NA,0.016869369455469206
-116.5,-18.5,4604,NA,0.01595137830472542,NA,0.01918044108773068
-115.5,-18.5,4605,NA,0.015424349773606245,NA,0.01791571027716106
-114.5,-18.5,4606,NA,0.016640399403881408,NA,0.017563207451620513
-113.5,-18.5,4607,NA,0.01785046526547231,NA,0.01716002469114294
-112.5,-18.5,4608,NA,0.016877293349241047,NA,0.015860684677957718
-111.5,-18.5,4609,NA,0.023841836254173472,NA,0.015785488912774207
-110.5,-18.5,4610,NA,0.01956064284848929,NA,0.013808244156297342
-9.5,-18.5,4687,NA,0.02964312164650339,0.01397226867546039,0.06753624967432927
-8.5,-18.5,4688,NA,0.025597091118181696,0.01172147166620682,0.049246358365672274
-7.5,-18.5,4689,NA,0.03256636386739868,0.01212009249580114,0.05439592610530545
-6.5,-18.5,4690,NA,0.034802896459187306,0.011677051474514862,0.05581648877748741
-5.5,-18.5,4691,NA,0.035142015878334903,0.012847386945824777,0.06360545513416531
-4.5,-18.5,4692,NA,0.03918837980694899,0.01478353447193657,0.06258386616320998
-3.5,-18.5,4693,NA,0.07179739713627133,0.021020541192348478,0.09506751621944944
-2.5,-18.5,4694,NA,0.02423897307512137,0.0054260622416916465,0.03186676151380398
-1.5,-18.5,4695,NA,0.04083883522420794,0.007649409859131623,0.04700330895209466
-0.5,-18.5,4696,NA,0.02801922619696953,0.005811019691317204,0.04016714046664201
30.5,-18.5,4727,NA,0.038913724352702884,0.006287147978791245,0.03638432333345884
31.5,-18.5,4728,NA,0.044676814041739094,0.007111920367592162,0.055746107918860865
32.5,-18.5,4729,NA,0.03915820582240306,0.00679448686640355,0.04084050551125899
33.5,-18.5,4730,NA,0.030594622156986145,0.0066147224558160125,0.04528983132507967
34.5,-18.5,4731,NA,0.025341905371646694,0.0068582677205454275,0.04865692036288261
35.5,-18.5,4732,NA,0.019937498323721083,0.0066161942141803555,0.04091158891837522
36.5,-18.5,4733,NA,0.021361346227236375,0.008698858847783937,0.04376285914345319
37.5,-18.5,4734,NA,0.01996831453531153,0.008162235967448528,0.03380781069061625
38.5,-18.5,4735,NA,0.0175731962661342,0.007886897196698444,0.028150045972061048
39.5,-18.5,4736,NA,0.023724988277007083,0.010478643457541466,0.04036693523150992
-119.5,-17.5,4822,NA,0.0229440318819686,NA,0.02130730187273049
-118.5,-17.5,4823,NA,0.01889291613303622,NA,0.02110474760945374
-117.5,-17.5,4824,NA,0.01939140222954052,NA,0.01863415321825373
-116.5,-17.5,4825,NA,0.02262050717429101,NA,0.01806975977091968
-115.5,-17.5,4826,NA,0.02066653589625877,NA,0.016994429469789338
-114.5,-17.5,4827,NA,0.02091869810298741,NA,0.014956211920749233
-113.5,-17.5,4828,NA,0.021854481954009627,NA,0.014568179808813506
-112.5,-17.5,4829,NA,0.02236245509672405,NA,0.014455896596611012
-111.5,-17.5,4830,NA,0.03032792602203466,NA,0.01471960659975331
-110.5,-17.5,4831,NA,0.023813380312528293,NA,0.013322778433053814
-9.5,-17.5,4909,NA,0.04597778036884566,0.013364034626282629,0.0658992976125703
-8.5,-17.5,4910,NA,0.046296074369592745,0.01337036379158379,0.05641890827318933
-7.5,-17.5,4911,NA,0.04130719021630721,0.013782639059498381,0.05879373797304582
-6.5,-17.5,4912,NA,0.045060001996579335,0.014686689497907177,0.07003650459879991
-5.5,-17.5,4913,NA,0.04612668838769951,0.01429615075623131,0.06981888044412164
-4.5,-17.5,4914,NA,0.04538800000056239,0.01745609039732629,0.08929834120816131
-3.5,-17.5,4915,NA,0.07618742405965988,0.021480121066332087,0.13667376727722316
-2.5,-17.5,4916,NA,0.033806440498515306,0.005744769259546156,0.04323019416860153
-1.5,-17.5,4917,NA,0.029679515250181848,0.00809021304513972,0.044018159617067856
-0.5,-17.5,4918,NA,0.17347912879081434,0.008370376338885573,0.13642186622413194
31.5,-17.5,4949,NA,0.03959892074459103,0.008044354454779926,0.050536634049772315
32.5,-17.5,4950,NA,0.03883830720059985,0.006280480708897492,0.04315443007073731
33.5,-17.5,4951,NA,0.039185724185378155,0.008364497360931386,0.05395883011506906
34.5,-17.5,4952,NA,0.02200321484939066,0.007110192125116157,0.03840800441055636
35.5,-17.5,4953,NA,0.017181588898804893,0.00682334258564275,0.0317418030338899
36.5,-17.5,4954,NA,0.013074647693680446,0.006713645937643431,0.024969048832406023
37.5,-17.5,4955,NA,0.011332965615125989,0.006597518101271692,0.02242873724143426
38.5,-17.5,4956,NA,0.016588766023189358,0.00921083497392242,0.028608340410357654
39.5,-17.5,4957,NA,0.01753994566427629,0.008069849684248573,0.02103983585773175
-119.5,-16.5,5041,NA,0.025441313489817458,NA,0.03645382043227366
-118.5,-16.5,5042,NA,0.01856534020570323,NA,0.02414507653751978
-117.5,-16.5,5043,NA,0.018283059138009393,NA,0.0204288910772905
-116.5,-16.5,5044,NA,0.022295632680115786,NA,0.026444980963266116
-115.5,-16.5,5045,NA,0.01898000610431429,NA,0.021191836848519986
-114.5,-16.5,5046,NA,0.02332924761867498,NA,0.01632721596183844
-113.5,-16.5,5047,NA,0.030268308464478217,NA,0.014336201508794225
-112.5,-16.5,5048,NA,0.03207078600783038,NA,0.014934052262356565
-111.5,-16.5,5049,NA,0.021754674126038976,NA,0.012592731719740308
-110.5,-16.5,5050,NA,0.020511115220250068,NA,0.012574778875080387
-9.5,-16.5,5130,NA,0.058562747720382315,0.015176774791738495,0.08173654878893274
-8.5,-16.5,5131,NA,0.0520464635596684,0.0152378290888098,0.0825226946532406
-7.5,-16.5,5132,NA,0.052221659592878736,0.015275346711270657,0.08146535736231844
-6.5,-16.5,5133,NA,0.05379836289466964,0.016781769942263915,0.09191845525278831
-5.5,-16.5,5134,NA,0.04590896535570214,0.015943077229814494,0.07648739673840149
-4.5,-16.5,5135,NA,0.03955194036208217,0.020503729585060113,0.07798597774204696
-3.5,-16.5,5136,NA,0.0527958040735597,0.023303994352149734,0.1334368124590453
-2.5,-16.5,5137,NA,0.06857470546276923,0.02591104186417932,0.14586551803397663
-1.5,-16.5,5138,NA,0.2241662747024863,0.05394404601428373,0.22649253870971106
30.5,-16.5,5169,NA,0.03812823425049745,0.011752942585973484,0.10199837978257448
31.5,-16.5,5170,NA,0.033371020197497533,0.010313309232947617,0.0751189124235531
32.5,-16.5,5171,NA,0.04455154446799771,0.013598287011999622,0.08547918080502402
33.5,-16.5,5172,NA,0.027308038194797535,0.009546028200248231,0.04905886446113516
34.5,-16.5,5173,NA,0.03670889603604331,0.01661130010103924,0.0728029030970421
35.5,-16.5,5174,NA,0.04200538531641286,0.01873134567023809,0.05542317657096655
36.5,-16.5,5175,NA,0.0188237136268836,0.013603453517333079,0.02288812203309003
37.5,-16.5,5176,NA,0.01846767387590584,0.008434036353381668,0.023780841455691065
38.5,-16.5,5177,NA,0.02603562150352242,0.008692118403777777,0.022272288808754207
39.5,-16.5,5178,NA,0.022884774296231463,0.00943421690274562,0.021211043697492073
-119.5,-15.5,5261,NA,0.008143883834901687,NA,0.008610340779059181
-118.5,-15.5,5262,NA,0.017791420410095807,NA,0.018819936280559262
-117.5,-15.5,5263,NA,0.01765576916571546,NA,0.016955429220097348
-116.5,-15.5,5264,NA,0.022340323446646448,NA,0.017230100702017193
-115.5,-15.5,5265,NA,0.019721173285265542,NA,0.013380043772818465
-114.5,-15.5,5266,NA,0.020548247034783192,NA,0.016760213629059065
-113.5,-15.5,5267,NA,0.02783434418657857,NA,0.021566061872766846
-112.5,-15.5,5268,NA,0.02285485015372324,NA,0.016216696103442646
-111.5,-15.5,5269,NA,0.0164869375952084,NA,0.015518082119480688
-110.5,-15.5,5270,NA,0.015682448722388793,NA,0.016400763787456373
-9.5,-15.5,5355,NA,0.05757155474311327,0.020711963696922558,0.08108764747669774
-8.5,-15.5,5356,NA,0.050515000726019416,0.021025482817445106,0.09024234900031132
-7.5,-15.5,5357,NA,0.044985911681145206,0.020054858784558736,0.09126717353166891
-6.5,-15.5,5358,NA,0.05082502636918001,0.020625925946903247,0.09596290709189387
-5.5,-15.5,5359,NA,0.034296752941403455,0.01882110752920937,0.09430819389146441
-4.5,-15.5,5360,NA,0.02947505257650772,0.022355378520800693,0.07641797821821576
-3.5,-15.5,5361,NA,0.035923981042294474,0.029132232163941736,0.07681347569287815
-2.5,-15.5,5362,NA,0.038379346291488196,0.02395061743710637,0.08606144695708982
-1.5,-15.5,5363,NA,0.03887240502710448,0.025391060227106996,0.10030151266366182
-0.5,-15.5,5364,NA,0.04451505376063915,0.029914982187636524,0.0834173679392897
30.5,-15.5,5395,NA,0.02568865007054358,0.013512584612316957,0.060566327655907706
31.5,-15.5,5396,NA,0.02185548821619285,0.012206049648945932,0.053329395794539936
32.5,-15.5,5397,NA,0.025995954688553483,0.01199570054836335,0.05321991462776289
33.5,-15.5,5398,NA,0.03995114399563319,0.016809858345803994,0.0532694683519506
34.5,-15.5,5399,NA,0.01395582742176878,0.006617422954215217,0.021879578037488134
35.5,-15.5,5400,NA,0.035271876612485466,0.01178778876028336,0.04847881700783724
36.5,-15.5,5401,NA,0.02313620736929101,0.010795612263237834,0.04189309178719048
37.5,-15.5,5402,NA,0.023141641573290066,0.011363155823637566,0.031311567619264305
38.5,-15.5,5403,NA,0.02718118888209945,0.009761215302342295,0.028623656456476652
39.5,-15.5,5404,NA,0.025632425911102683,0.008712119131517407,0.032465396745327994
-119.5,-14.5,5487,NA,0.01165785972455071,NA,0.007477949359379566
-118.5,-14.5,5488,NA,0.01931987228704246,NA,0.019334767718589344
-117.5,-14.5,5489,NA,0.02209290264770606,NA,0.014591934437517775
-116.5,-14.5,5490,NA,0.02971515423506392,NA,0.016823576824341924
-115.5,-14.5,5491,NA,0.020450652646403604,NA,0.014136261938664628
-114.5,-14.5,5492,NA,0.025343632667003017,NA,0.015202496383328443
-113.5,-14.5,5493,NA,0.03020075277351313,NA,0.014573723104801676
-112.5,-14.5,5494,NA,0.02160133879163655,NA,0.01744502516578931
-111.5,-14.5,5495,NA,0.016787678244337096,NA,0.013884181434714343
-110.5,-14.5,5496,NA,0.016902920849590088,NA,0.017277248207335814
-9.5,-14.5,5584,NA,0.06659284810122675,0.02226049580219713,0.10618126753740972
-8.5,-14.5,5585,NA,0.06336001043696295,0.03175534457058777,0.12896085643589703
-7.5,-14.5,5586,NA,0.056063031054124975,0.023811551864438858,0.1307846907538762
-6.5,-14.5,5587,NA,0.048446773647569545,0.02342284486329237,0.10704193324957852
-5.5,-14.5,5588,NA,0.042259922627268666,0.024423131412465427,0.09982612287717388
-4.5,-14.5,5589,NA,0.038619395939668594,0.023543304015979444,0.10922915539491165
-3.5,-14.5,5590,NA,0.04307142853698472,0.022836537009013433,0.07915269882393108
-2.5,-14.5,5591,NA,0.04405846932165604,0.019817181518586323,0.07065863162800734
-1.5,-14.5,5592,NA,0.047050739292510635,0.018460236653952754,0.06714461864677257
-0.5,-14.5,5593,NA,0.04142922185067572,0.016967295089269665,0.05141758536942344
30.5,-14.5,5624,NA,0.02345442294710068,0.014522820193468941,0.034146238523629954
31.5,-14.5,5625,NA,0.023296749243514495,0.013175585977578837,0.046058717872076944
32.5,-14.5,5626,NA,0.026527678706648163,0.013384842276240922,0.051392433531675795
33.5,-14.5,5627,NA,0.019846750565686126,0.01203689426327365,0.05002618570887396
34.5,-14.5,5628,NA,0.016888747125784313,0.011682146797618219,0.049638411784665853
35.5,-14.5,5629,NA,0.017142616072084404,0.011559024523587856,0.03759531162087466
36.5,-14.5,5630,NA,0.02406034177283265,0.014840264313076076,0.03845064187369573
37.5,-14.5,5631,NA,0.02336035121467618,0.013488278917782285,0.03554906662116743
38.5,-14.5,5632,NA,0.027997260894847963,0.016053468237769077,0.039604127055176824
39.5,-14.5,5633,NA,0.02594864201717688,0.014869610683055782,0.03526566129638788
-119.5,-13.5,5715,NA,0.04305915187371878,NA,0.0299217205192157
-118.5,-13.5,5716,NA,0.03246748120308959,NA,0.02051006494597877
-117.5,-13.5,5717,NA,0.018265740191625638,NA,0.013769256520560436
-116.5,-13.5,5718,NA,0.017729459753356828,NA,0.014477544074234306
-115.5,-13.5,5719,NA,0.015131674696456153,NA,0.013614665600242291
-114.5,-13.5,5720,NA,0.015355198015586376,NA,0.014624961590857308
-113.5,-13.5,5721,NA,0.015508966253693433,NA,0.01552201973556114
-112.5,-13.5,5722,NA,0.021708048383234483,NA,0.017335629115225897
-111.5,-13.5,5723,NA,0.022650466570993556,NA,0.015674366371917454
-110.5,-13.5,5724,NA,0.0222043758265647,NA,0.01901392128945743
-9.5,-13.5,5817,NA,0.07003645589120093,0.022350843472469014,0.1665262595236293
-8.5,-13.5,5818,NA,0.07496416903840077,0.022399768444843052,0.14922288377826717
-7.5,-13.5,5819,NA,0.07473192524098662,0.02734240455883201,0.12855402239413974
-6.5,-13.5,5820,NA,0.08450838299026676,0.02612603712493042,0.126682102149802
-5.5,-13.5,5821,NA,0.06439010284348308,0.027595174448120274,0.11856663892159215
-4.5,-13.5,5822,NA,0.061077657681982075,0.025663176210257654,0.09436379595279044
-3.5,-13.5,5823,NA,0.05106738573496159,0.030081498629762525,0.06691762286885179
-2.5,-13.5,5824,NA,0.04703513864755396,0.024519842495969908,0.0530286921212705
-1.5,-13.5,5825,NA,0.04225704552408937,0.021743042699697377,0.046453831553107436
-0.5,-13.5,5826,NA,0.046145285944032555,0.0195799906890629,0.04226671938102711
30.5,-13.5,5856,NA,0.019768623228228793,0.0189574916294864,0.037542745229399335
31.5,-13.5,5857,NA,0.019566684698893725,0.017139323144337817,0.035497783213272564
32.5,-13.5,5858,NA,0.018446585128553468,0.016905604162531902,0.042064917380521046
33.5,-13.5,5859,NA,0.02330922873362946,0.018306834516252896,0.04467038200880463
34.5,-13.5,5860,NA,0.024175884293752198,0.01869701353792301,0.04198844278609384
35.5,-13.5,5861,NA,0.02119555662503305,0.015366936850543486,0.03373274245562784
36.5,-13.5,5862,NA,0.021903852135206524,0.015871275526659102,0.03825630251574105
37.5,-13.5,5863,NA,0.022085425441962764,0.01529273844786629,0.03442426458021699
38.5,-13.5,5864,NA,0.03200352465390306,0.024003475671855436,0.04294715164093221
39.5,-13.5,5865,NA,0.030744377153323368,0.024127882898305437,0.04451054179385293
-119.5,-12.5,5948,NA,0.04390928713593277,NA,0.020834651757448013
-118.5,-12.5,5949,NA,0.03958872082124755,NA,0.017887452703058353
-117.5,-12.5,5950,NA,0.02770608308592122,NA,0.018235020862371012
-116.5,-12.5,5951,NA,0.03733923193926995,NA,0.019911973634022348
-115.5,-12.5,5952,NA,0.020718910377141107,NA,0.016293292705895832
-114.5,-12.5,5953,NA,0.01636639566355789,NA,0.016933314393966836
-113.5,-12.5,5954,NA,0.017122966706994175,NA,0.02380171708877362
-112.5,-12.5,5955,NA,0.017290277637664296,NA,0.023359525737291064
-111.5,-12.5,5956,NA,0.02065687402093516,NA,0.02973138445832588
-110.5,-12.5,5957,NA,0.020710905300538218,NA,0.036721887068223956
-9.5,-12.5,6051,NA,0.0884216507248386,0.029633277971075993,0.1451702818855614
-8.5,-12.5,6052,NA,0.09543118272741574,0.03198615600518706,0.14847346957558266
-7.5,-12.5,6053,NA,0.08060886159913976,0.02490595663321717,0.14104976190517013
-6.5,-12.5,6054,NA,0.07585796631820664,0.0291595483293565,0.12907035744632162
-5.5,-12.5,6055,NA,0.0643866057535182,0.025091502952969667,0.11358848011223249
-4.5,-12.5,6056,NA,0.05903887089394188,0.03789767193751881,0.10119168023667198
-3.5,-12.5,6057,NA,0.08148058344165601,0.03292744334080146,0.10626561897010592
-2.5,-12.5,6058,NA,0.06297624292855025,0.03174193265865658,0.05816042320823591
-1.5,-12.5,6059,NA,0.049364688743339796,0.02367086129046477,0.04319094115021889
-0.5,-12.5,6060,NA,0.05592434160878936,0.018903675621921405,0.036196758757182035
30.5,-12.5,6091,NA,0.028250824831053952,0.0302939679153265,0.04490946290901637
31.5,-12.5,6092,NA,0.023118843668819163,0.025944346776512445,0.03382082060377103
32.5,-12.5,6093,NA,0.02278369428178582,0.025199559863727197,0.03241981947200737
33.5,-12.5,6094,NA,0.022706351969644295,0.028242645113055836,0.04399598036895462
34.5,-12.5,6095,NA,0.023153967592975003,0.02980022507812639,0.04025400583511773
35.5,-12.5,6096,NA,0.026825553494704047,0.0271540362626369,0.04311443706532975
36.5,-12.5,6097,NA,0.027160375782089786,0.030662596970396784,0.04457213695852572
37.5,-12.5,6098,NA,0.02956240304909775,0.029433477676028302,0.041502021058870714
38.5,-12.5,6099,NA,0.03140631541881425,0.028908493980730927,0.03968887249767957
39.5,-12.5,6100,NA,0.03421089887373414,0.02914909530945558,0.04179994094571401
-119.5,-11.5,6184,NA,0.07531719051909148,NA,0.028451392610811588
-118.5,-11.5,6185,NA,0.027665198018745226,NA,0.012888829413244167
-117.5,-11.5,6186,NA,0.037856473852030614,NA,0.026962954357637577
-116.5,-11.5,6187,NA,0.03207073653211466,NA,0.02103747610095714
-115.5,-11.5,6188,NA,0.04410676158519988,NA,0.02254590930502372
-114.5,-11.5,6189,NA,0.03224974762643056,NA,0.022831545780586323
-113.5,-11.5,6190,NA,0.028986912133037144,NA,0.022586334001008287
-112.5,-11.5,6191,NA,0.024224569582646422,NA,0.02413816677643312
-111.5,-11.5,6192,NA,0.022604623775639817,NA,0.02750549797818392
-110.5,-11.5,6193,NA,0.0297478148748873,NA,0.03857671570496843
-9.5,-11.5,6290,NA,0.09182984835736265,0.027587756039896622,0.17480097611282766
-8.5,-11.5,6291,NA,0.08931653676677802,0.021140354546191526,0.1705956819323624
-7.5,-11.5,6292,NA,0.08526903358559132,0.026742094205219332,0.15371107738229559
-6.5,-11.5,6293,NA,0.10324268282869196,0.02773455585426168,0.1608097661810488
-5.5,-11.5,6294,NA,0.0753050706749802,0.02477598015897672,0.1370510625236406
-4.5,-11.5,6295,NA,0.06479091790846155,0.024552212758995138,0.1257201790681212
-3.5,-11.5,6296,NA,0.06757079203349806,0.025433632403912415,0.086753225600141
-2.5,-11.5,6297,NA,0.07153385158059564,0.024141462855506432,0.068330403115255
-1.5,-11.5,6298,NA,0.06861094090125332,0.01990447441984014,0.04788813848977398
-0.5,-11.5,6299,NA,0.06612853664227096,0.022725956076980247,0.04837871889624325
30.5,-11.5,6330,NA,0.027917682368327673,0.03626276496940937,0.045885794453361516
31.5,-11.5,6331,NA,0.03201858570195105,0.03406970879592047,0.05197212314197603
32.5,-11.5,6332,NA,0.034705811675827376,0.038052559768998365,0.05318717662361068
33.5,-11.5,6333,NA,0.037540889258179624,0.037096418523518644,0.05132253184026499
34.5,-11.5,6334,NA,0.032142973687464604,0.03497228524458247,0.05151152421157918
35.5,-11.5,6335,NA,0.032758262391788924,0.0316827039958736,0.06164100889041798
36.5,-11.5,6336,NA,0.03248995190283736,0.026958732632380716,0.05501531588344624
37.5,-11.5,6337,NA,0.03256081776187206,0.030769907823132745,0.048219585177478194
38.5,-11.5,6338,NA,0.042790863601038544,0.03337538839389758,0.05025255644309559
39.5,-11.5,6339,NA,0.050864564909499074,0.03339638977732961,0.04498810180539561
-119.5,-10.5,6423,NA,0.025950574135830486,NA,0.014092209588172961
-118.5,-10.5,6424,NA,0.021683597597693213,NA,0.011356927194011261
-117.5,-10.5,6425,NA,0.038792858639309195,NA,0.020218816375312025
-116.5,-10.5,6426,NA,0.036199507644994224,NA,0.020078666820867216
-115.5,-10.5,6427,NA,0.04902673447624445,NA,0.01996450877033865
-114.5,-10.5,6428,NA,0.05293955677607255,NA,0.021431365706730838
-113.5,-10.5,6429,NA,0.038517108658564524,NA,0.027031658463319598
-112.5,-10.5,6430,NA,0.0405139553958897,NA,0.02626121348355598
-111.5,-10.5,6431,NA,0.08688605110915093,NA,0.042149383875796705
-110.5,-10.5,6432,NA,0.05955080247419083,NA,0.0486035468643857
-9.5,-10.5,6529,NA,0.1159999348733433,0.029225532729884752,0.2034577889086851
-8.5,-10.5,6530,NA,0.10342625640997946,0.028677928090479043,0.2113342397493992
-7.5,-10.5,6531,NA,0.09842864012998728,0.030558687104393394,0.1862419724057195
-6.5,-10.5,6532,NA,0.09753571787751009,0.028675420444919227,0.15564867150370879
-5.5,-10.5,6533,NA,0.0824328184315782,0.030043622632476688,0.13232347613930018
-4.5,-10.5,6534,NA,0.08652708031229236,0.03342063984936755,0.12909711073274058
-3.5,-10.5,6535,NA,0.07512080188147437,0.030595461040844568,0.08261448392823316
-2.5,-10.5,6536,NA,0.07513439962709607,0.031924322642025126,0.08484555031302099
-1.5,-10.5,6537,NA,0.059749710579849256,0.028963758637223187,0.07087552153266026
-0.5,-10.5,6538,NA,0.04230383349660817,0.023877177199496568,0.05399736834747048
30.5,-10.5,6569,NA,0.03894714915946185,0.044558452936003565,0.05572884472605433
31.5,-10.5,6570,NA,0.04246097237101988,0.05275746204132432,0.06106286239310689
32.5,-10.5,6571,NA,0.04812011386505852,0.058199636807602255,0.070474341646459715
33.5,-10.5,6572,NA,0.04258696601847454,0.056991471758887406,0.06720446042653921
34.5,-10.5,6573,NA,0.04637481114170892,0.05525153256892802,0.06293403242436557
35.5,-10.5,6574,NA,0.04173588296470034,0.03999710783234494,0.053121526302810466
36.5,-10.5,6575,NA,0.05214526453825026,0.03956249506373373,0.06403612719102325
37.5,-10.5,6576,NA,0.05123396381965547,0.03257986579799894,0.05329456875666191
38.5,-10.5,6577,NA,0.05369108646365965,0.0317492223094879,0.04890619080427266
39.5,-10.5,6578,NA,0.05355539715913765,0.027112850146839815,0.0486885465478169
10.5,-9.5,6780,NA,0.041424000354992885,0.0554115836157718,0.05233373647822533
11.5,-9.5,6781,NA,0.04729744873662704,0.058207592709175957,0.056376303962561714
12.5,-9.5,6782,NA,0.03801110124863445,0.0635614381635271,0.061857692260380175
13.5,-9.5,6783,NA,0.028287547217890403,0.057286975582313125,0.051008895692275215
14.5,-9.5,6784,NA,0.02223900536216168,0.05012712683211717,0.04302956241901624
15.5,-9.5,6785,NA,0.025767148258151892,0.05790642872099017,0.04979857388768132
16.5,-9.5,6786,NA,0.027605482623887245,0.04886546322601015,0.043833682759779946
17.5,-9.5,6787,NA,0.036183523432241016,0.04850709662352314,0.046120714512325786
18.5,-9.5,6788,NA,0.05446638009001149,0.048773760457588244,0.05636187858423546
19.5,-9.5,6789,NA,0.0599826260886228,0.06942564985212336,0.0652863264083163
10.5,-8.5,7002,NA,0.03883392311941802,0.06167100364927959,0.05353100175805934
11.5,-8.5,7003,NA,0.04591290794685307,0.05413456998467559,0.05994124552219495
12.5,-8.5,7004,NA,0.049233296047478003,0.05597939130548148,0.057828004638226196
13.5,-8.5,7005,NA,0.0571798100346072,0.06486878213553371,0.0716056483112883
14.5,-8.5,7006,NA,0.04305840193937381,0.05698098912119328,0.07375261573252864
15.5,-8.5,7007,NA,0.050823924953238266,0.07308484707809548,0.1020801772795843
16.5,-8.5,7008,NA,0.03723264022209796,0.07209804157433676,0.13021075055402923
17.5,-8.5,7009,NA,0.03827338827232763,0.07219051781549397,0.07743134711480393
18.5,-8.5,7010,NA,0.04038853346113598,0.08980921059472265,0.06546965968713603
19.5,-8.5,7011,NA,0.048350327770057,0.09318639728098231,0.06159365728944055
10.5,-7.5,7221,NA,0.06656181990186595,0.1020469267890958,0.067008499530986
11.5,-7.5,7222,NA,0.050349338647957764,0.10409562589165909,0.10102235227719722
12.5,-7.5,7223,NA,0.045813405935162824,0.11745807305287811,0.10057609500858064
13.5,-7.5,7224,NA,0.038494605644348576,0.12291158655222673,0.124288184791906
14.5,-7.5,7225,NA,0.03790292985280669,0.14779737577078653,0.07680566532066006
15.5,-7.5,7226,NA,0.04709038531599028,0.14075568829207494,0.06986796878529301
16.5,-7.5,7227,NA,0.060349716014697026,0.1349364154132186,0.06255031963292837
17.5,-7.5,7228,NA,0.06980336560747158,0.12248735622783535,0.05798164334359158
18.5,-7.5,7229,NA,0.06925965947158302,0.11104429597093765,0.05877129483674145
19.5,-7.5,7230,NA,0.059720898256664226,0.10660962768945612,0.05689779244521285
10.5,-6.5,7446,NA,0.09197744372640822,0.08282016016014623,0.0724425815493311
11.5,-6.5,7447,NA,0.11480578731851863,0.10481714587585449,0.11512641764934224
12.5,-6.5,7448,NA,0.0921446439492729,0.08555551060043502,0.076304308743729
13.5,-6.5,7449,NA,0.07808548070695132,0.11199398401295134,0.0419936724497533
14.5,-6.5,7450,NA,0.06315997316072514,0.09619164037362656,0.03592205143896141
15.5,-6.5,7451,NA,0.07180117578901865,0.09861702164446165,0.03865847100643753
16.5,-6.5,7452,NA,0.06972196820520914,0.09925720669023033,0.04328494712140684
17.5,-6.5,7453,NA,0.058055890516531615,0.09793597550989837,0.039826210702224224
18.5,-6.5,7454,NA,0.0505534906670142,0.10552426158522035,0.04219905341856765
19.5,-6.5,7455,NA,0.04664336499119777,0.10316935302312646,0.04162387036564765
10.5,-5.5,7671,NA,0.09570231649203363,0.06223509406479346,0.09049444838016255
11.5,-5.5,7672,NA,0.13135436983430673,0.09313972552177342,0.1274864806263764
12.5,-5.5,7673,NA,0.10702561186761018,0.05868280470936776,0.05704752688448759
13.5,-5.5,7674,NA,0.08888935804430155,0.06120664633904581,0.04350527750613533
14.5,-5.5,7675,NA,0.06469543378152472,0.08559094078777592,0.03533609971795692
15.5,-5.5,7676,NA,0.07242578871464501,0.07913179794818437,0.02903570467078825
16.5,-5.5,7677,NA,0.08952227578790828,0.09532627958089922,0.03472235458086254
17.5,-5.5,7678,NA,0.09069248555231217,0.09093710535864233,0.03888059559197031
18.5,-5.5,7679,NA,0.0820510278493041,0.11400974020518365,0.04839593697240846
19.5,-5.5,7680,NA,0.07924698054072347,0.10956340954122558,0.055674242358131315
10.5,-4.5,7898,NA,0.0806042008303711,0.07309945794739814,0.07746883195404032
11.5,-4.5,7899,NA,0.1117039877094087,0.10446614848006114,0.09956373230876961
12.5,-4.5,7900,NA,0.11360174304789333,0.11742411242988282,0.08557001489353218
13.5,-4.5,7901,NA,0.07625097651365366,0.07252167477441811,0.04958841250404832
14.5,-4.5,7902,NA,0.0700250809699201,0.07879121828647964,0.047962738235063015
15.5,-4.5,7903,NA,0.04669409913919375,0.06472281840149986,0.043982218194523005
16.5,-4.5,7904,NA,0.05351751016550096,0.0768156989002121,0.05691290932196164
17.5,-4.5,7905,NA,0.09036539155085715,0.09631238508066188,0.07294847027644934
18.5,-4.5,7906,NA,0.08098415048857761,0.11183824998989504,0.060494480841071084
19.5,-4.5,7907,NA,0.08737210518831623,0.12391525002036238,0.06322557096990787
10.5,-3.5,8117,NA,0.1070823211088217,0.052781169769155686,0.062220493786101345
11.5,-3.5,8118,NA,0.07228095901545512,0.05687939082312793,0.06730475260371928
12.5,-3.5,8119,NA,0.08613050220944166,0.08513820224799672,0.06166962192415841
13.5,-3.5,8120,NA,0.0778731631734093,0.09730398965737307,0.06019535363608106
14.5,-3.5,8121,NA,0.06037541663962191,0.07574473194022453,0.05481652685778925
15.5,-3.5,8122,NA,0.055156584866744726,0.08022546619466746,0.05752953601467285
16.5,-3.5,8123,NA,0.0735240470431951,0.10218673064914911,0.07153303570959907
17.5,-3.5,8124,NA,0.09741399808987472,0.08543945476730493,0.0697045506256337
18.5,-3.5,8125,NA,0.08706988726048077,0.0777896413521362,0.06359992244522021
19.5,-3.5,8126,NA,0.07442665423542502,0.0832392178014454,0.06430652323703738
10.5,-2.5,8334,NA,0.11326228215617822,0.0725630356295286,0.05117844241880078
11.5,-2.5,8335,NA,0.09794297347572968,0.12278155080723059,0.06036817028780556
12.5,-2.5,8336,NA,0.09921666883002776,0.2212159925899177,0.11229196368908123
13.5,-2.5,8337,NA,0.11459002248449253,0.25353549484140686,0.1348999758356178
14.5,-2.5,8338,NA,0.06190061918940665,0.08422882421995159,0.07553949474478573
15.5,-2.5,8339,NA,0.07241202556509527,0.07396586330307257,0.08830661180416025
16.5,-2.5,8340,NA,0.08039263025762125,0.07312056480710567,0.06803160668117358
17.5,-2.5,8341,NA,0.08047944313881135,0.06294055287936111,0.06782694273577809
18.5,-2.5,8342,NA,0.120685571720558,0.06913648353173392,0.09519635339215239
19.5,-2.5,8343,NA,0.12282417158597982,0.06681566159907591,0.09536908413815347
10.5,-1.5,8555,NA,0.09133642102665135,0.19520471526914726,0.16807012890286582
11.5,-1.5,8556,NA,0.10397133043358074,0.272156482292755,0.18196387894156674
12.5,-1.5,8557,NA,0.08301051624297562,0.1373913911284185,0.1390094056465054
13.5,-1.5,8558,NA,0.0733966367861298,0.11305658503505202,0.10641534369975557
14.5,-1.5,8559,NA,0.08326734501868337,0.10248234117215131,0.099719328532274
15.5,-1.5,8560,NA,0.08812636021887046,0.09861891711045082,0.08804395270713387
16.5,-1.5,8561,NA,0.09280852518203107,0.09164755425975578,0.08072806607892014
17.5,-1.5,8562,NA,0.10449677385480062,0.09689127497112539,0.09493390581083055
18.5,-1.5,8563,NA,0.10744009270925574,0.09180502601287144,0.09318381495651527
19.5,-1.5,8564,NA,0.16820093724541227,0.08419137643213394,0.08275550171185678
10.5,-0.5,8770,NA,0.10267004264786833,0.14245870261259172,0.14605573967297092
11.5,-0.5,8771,NA,0.11383931656319002,0.1722850247725501,0.14600598458223277
12.5,-0.5,8772,NA,0.11942061943152286,0.18446105582521485,0.16402519831440288
13.5,-0.5,8773,NA,0.08121245568574124,0.12591787137338695,0.08853519778305698
14.5,-0.5,8774,NA,0.08117183174940516,0.08831082398769956,0.08876046396768125
15.5,-0.5,8775,NA,0.1282973613382418,0.11125427699641138,0.11943752108794033
16.5,-0.5,8776,NA,0.12765527364230458,0.1463477028224139,0.1264381988917134
17.5,-0.5,8777,NA,0.13175674791139197,0.1301355917827877,0.12535163018879292
18.5,-0.5,8778,NA,0.12917314780729325,0.12463560260221021,0.09541031812297189
19.5,-0.5,8779,NA,0.23932134534949773,0.15245629251823897,0.14723131654824764
-129.5,0.5,8867,NA,0.07559153786111632,NA,NA
-128.5,0.5,8868,NA,0.05134598970364702,NA,NA
-127.5,0.5,8869,NA,0.05309610411926586,NA,NA
-126.5,0.5,8870,NA,0.06487990453193333,NA,NA
-125.5,0.5,8871,NA,0.06726392452180807,NA,NA
-124.5,0.5,8872,NA,0.0745958493861544,NA,NA
-123.5,0.5,8873,NA,0.06476863774912991,NA,NA
-122.5,0.5,8874,NA,0.05768875855217999,NA,NA
-121.5,0.5,8875,NA,0.04735927133923514,NA,NA
-120.5,0.5,8876,NA,0.05107410297185022,NA,NA
-129.5,1.5,9084,NA,0.04746022766604711,NA,NA
-128.5,1.5,9085,NA,0.0755254142840635,NA,NA
-127.5,1.5,9086,NA,0.04812669367758483,NA,NA
-126.5,1.5,9087,NA,0.05908518259291755,NA,NA
-125.5,1.5,9088,NA,0.054552092019103604,NA,NA
-124.5,1.5,9089,NA,0.054981701920964694,NA,NA
-123.5,1.5,9090,NA,0.05191829988412628,NA,NA
-122.5,1.5,9091,NA,0.04318078354403311,NA,NA
-121.5,1.5,9092,NA,0.049031967693711126,NA,NA
-120.5,1.5,9093,NA,0.04672793715633375,NA,NA
-129.5,2.5,9305,NA,0.04112490964070348,NA,NA
-128.5,2.5,9306,NA,0.03816398588844685,NA,NA
-127.5,2.5,9307,NA,0.05904196563848982,NA,NA
-126.5,2.5,9308,NA,0.05677109570331243,NA,NA
-125.5,2.5,9309,NA,0.0631192059722402,NA,NA
-124.5,2.5,9310,NA,0.06197208578730947,NA,NA
-123.5,2.5,9311,NA,0.049347094437552474,NA,NA
-122.5,2.5,9312,NA,0.04235905911243604,NA,NA
-121.5,2.5,9313,NA,0.05440491162163885,NA,NA
-120.5,2.5,9314,NA,0.05059358620894514,NA,NA
-129.5,3.5,9528,NA,0.08928786197180966,NA,NA
-128.5,3.5,9529,NA,0.05229404909012879,NA,NA
-127.5,3.5,9530,NA,0.06734257168213098,NA,NA
-126.5,3.5,9531,NA,0.06101764534608404,NA,NA
-125.5,3.5,9532,NA,0.0660290489151786,NA,NA
-124.5,3.5,9533,NA,0.07994495549163708,NA,NA
-123.5,3.5,9534,NA,0.07414590874477064,NA,NA
-122.5,3.5,9535,NA,0.09810342403298918,NA,NA
-121.5,3.5,9536,NA,0.07783841111364011,NA,NA
-120.5,3.5,9537,NA,0.10099637668567703,NA,NA
-129.5,4.5,9755,NA,0.05937433809636809,NA,NA
-128.5,4.5,9756,NA,0.056728855301930524,NA,NA
-127.5,4.5,9757,NA,0.0580278480627365,NA,NA
-126.5,4.5,9758,NA,0.04935721515248745,NA,NA
-125.5,4.5,9759,NA,0.050086786248783884,NA,NA
-124.5,4.5,9760,NA,0.06752961859250356,NA,NA
-123.5,4.5,9761,NA,0.10387938245527338,NA,NA
-122.5,4.5,9762,NA,0.1323367624643159,NA,NA
-121.5,4.5,9763,NA,0.19493867960232053,NA,NA
-120.5,4.5,9764,NA,0.13385962481597738,NA,NA
-129.5,5.5,9980,NA,0.06930293446496938,NA,NA
-128.5,5.5,9981,NA,0.054842548206848744,NA,NA
-127.5,5.5,9982,NA,0.04442210073227616,NA,NA
-126.5,5.5,9983,NA,0.0461867939630108,NA,NA
-125.5,5.5,9984,NA,0.04409972501068367,NA,NA
-124.5,5.5,9985,NA,0.05826377959617955,NA,NA
-123.5,5.5,9986,NA,0.07649060331303383,NA,NA
-122.5,5.5,9987,NA,0.0813969306979528,NA,NA
-121.5,5.5,9988,NA,0.0823422844731785,NA,NA
-120.5,5.5,9989,NA,0.1225523584256449,NA,NA
-129.5,6.5,10206,NA,0.06364135287331303,NA,NA
-128.5,6.5,10207,NA,0.053857403227604544,NA,NA
-127.5,6.5,10208,NA,0.08198175659087201,NA,NA
-126.5,6.5,10209,NA,0.05319676951571873,NA,NA
-125.5,6.5,10210,NA,0.05716334567786247,NA,NA
-124.5,6.5,10211,NA,0.059356182231185564,NA,NA
-123.5,6.5,10212,NA,0.07224043353202193,NA,NA
-122.5,6.5,10213,NA,0.08124797968438355,NA,NA
-121.5,6.5,10214,NA,0.08485277417684271,NA,NA
-120.5,6.5,10215,NA,0.07334854175415069,NA,NA
-129.5,7.5,10431,NA,0.06039913152269527,NA,NA
-128.5,7.5,10432,NA,0.06687948911766144,NA,NA
-127.5,7.5,10433,NA,0.07338658935986603,NA,NA
-126.5,7.5,10434,NA,0.07381315223063065,NA,NA
-125.5,7.5,10435,NA,0.05496489589613135,NA,NA
-124.5,7.5,10436,NA,0.04920173805400356,NA,NA
-123.5,7.5,10437,NA,0.056766441435520405,NA,NA
-122.5,7.5,10438,NA,0.07026286553834932,NA,NA
-121.5,7.5,10439,NA,0.05981998969922259,NA,NA
-120.5,7.5,10440,NA,0.0639941922526467,NA,NA
-129.5,8.5,10656,NA,0.19027715738000703,NA,NA
-128.5,8.5,10657,NA,0.09099499557273728,NA,NA
-127.5,8.5,10658,NA,0.05056203160613458,NA,NA
-126.5,8.5,10659,NA,0.04690469907058104,NA,NA
-125.5,8.5,10660,NA,0.05549284672918876,NA,NA
-124.5,8.5,10661,NA,0.04804388035037459,NA,NA
-123.5,8.5,10662,NA,0.05963509052882815,NA,NA
-122.5,8.5,10663,NA,0.0697090842751904,NA,NA
-121.5,8.5,10664,NA,0.05372182415964321,NA,NA
-120.5,8.5,10665,NA,0.044900855467924994,NA,NA
-128.5,9.5,10877,NA,0.06220717067828554,NA,NA
-127.5,9.5,10878,NA,0.04658807164841292,NA,NA
-126.5,9.5,10879,NA,0.04599371277115516,NA,NA
-125.5,9.5,10880,NA,0.04887413751325845,NA,NA
-124.5,9.5,10881,NA,0.04596056568756577,NA,NA
-123.5,9.5,10882,NA,0.054384924593979755,NA,NA
-122.5,9.5,10883,NA,0.057547879182367444,NA,NA
-121.5,9.5,10884,NA,0.06398628149387058,NA,NA
-120.5,9.5,10885,NA,0.09388201600948543,NA,NA
70.5,20.5,13174,NA,0.019214779186155075,NA,NA
71.5,20.5,13175,NA,0.0327107933369208,NA,NA
72.5,20.5,13176,NA,0.032639314358901814,NA,NA
73.5,20.5,13177,NA,0.1226052282845035,NA,NA
70.5,21.5,13335,NA,0.034127617037806035,NA,NA
71.5,21.5,13336,NA,0.03533642708171668,NA,NA
72.5,21.5,13337,NA,0.05480653412548144,NA,NA
73.5,21.5,13338,NA,0.042900156070034286,NA,NA
74.5,21.5,13339,NA,0.04896683790491872,NA,NA
70.5,22.5,13485,NA,0.04423948225274871,NA,NA
71.5,22.5,13486,NA,0.04906513709639283,NA,NA
72.5,22.5,13487,NA,0.059891559112066416,NA,NA
73.5,22.5,13488,NA,0.061794176857351946,NA,NA
71.5,23.5,13628,NA,0.0556175237452741,NA,NA
72.5,23.5,13629,NA,0.13779327746121975,NA,NA
70.5,24.5,13765,NA,0.033514616278595,NA,NA
71.5,24.5,13766,NA,0.2022519304635084,NA,NA
70.5,25.5,13897,NA,0.20765397993427673,NA,NA
70.5,26.5,14026,NA,0.02743995585127006,NA,NA
-57.5,30.5,14401,NA,0.06768956667984598,NA,NA
-56.5,30.5,14402,NA,0.06970902692185947,NA,NA
-55.5,30.5,14403,NA,0.07493588902656023,NA,NA
-54.5,30.5,14404,NA,0.12461030237092532,NA,NA
-53.5,30.5,14405,NA,0.06717928353101014,NA,NA
-52.5,30.5,14406,NA,0.13467704479882645,NA,NA
-51.5,30.5,14407,NA,0.4480727652915469,NA,NA
-50.5,30.5,14408,NA,0.6042285976135429,NA,NA
-49.5,30.5,14409,NA,0.25380731070568885,0.11129063484274157,NA
-48.5,30.5,14410,NA,0.15289246054195785,0.2997700665807015,NA
-47.5,30.5,14411,NA,0.14220506052169918,0.21669992457511456,NA
-46.5,30.5,14412,NA,0.2226624027911587,0.2847175481423798,NA
-45.5,30.5,14413,NA,0.1548902514562079,0.3046313642688934,NA
-44.5,30.5,14414,NA,0.21449900955349985,0.33176633279713313,NA
-43.5,30.5,14415,NA,0.19352010259104355,0.24569781784813702,NA
-42.5,30.5,14416,NA,0.1345723282875523,0.25683315558305136,NA
-41.5,30.5,14417,NA,0.1176818225193382,0.16531916153508933,NA
-40.5,30.5,14418,NA,0.1010881323605321,0.21862999796907542,NA
-39.5,30.5,14419,NA,0.08330072883798262,0.11738082145928957,0.07143903330888769
-38.5,30.5,14420,NA,0.06445583816555345,0.20134225918694443,0.04187954054117284
-37.5,30.5,14421,NA,0.026914191808501402,0.12608481103085792,0.015648512170190004
-36.5,30.5,14422,NA,0.07668329502971043,0.22921997088130835,0.033057101657979496
-35.5,30.5,14423,NA,0.08611112186476755,0.16474527680758402,0.029909293253447294
-34.5,30.5,14424,NA,0.12219639264917141,0.20317796472219002,0.019248738143593444
-33.5,30.5,14425,NA,0.07915581608117132,0.14469358983455308,0.017290482602435545
-32.5,30.5,14426,NA,0.0832364233169336,0.2104388001063073,0.015235270048179683
-31.5,30.5,14427,NA,0.06632634101344086,0.15086920308018895,0.01631564255779639
-30.5,30.5,14428,NA,0.06301050216523664,0.18218503032461592,0.014663548487658164
-58.5,31.5,14525,NA,0.0712184745267642,NA,NA
-57.5,31.5,14526,NA,0.06694321025918222,NA,NA
-56.5,31.5,14527,NA,0.13645348122251383,NA,NA
-55.5,31.5,14528,NA,0.12713243955886835,NA,NA
-54.5,31.5,14529,NA,0.09386695340393741,NA,NA
-53.5,31.5,14530,NA,0.06346784265970778,NA,NA
-52.5,31.5,14531,NA,0.06912277240015037,NA,NA
-51.5,31.5,14532,NA,0.2372162060386618,NA,NA
-50.5,31.5,14533,NA,0.27053878858150887,NA,NA
-48.5,31.5,14534,NA,0.20143178061933203,0.4135946607911059,NA
-47.5,31.5,14535,NA,0.19267371373949782,0.5170797640440208,NA
-46.5,31.5,14536,NA,0.16575329356834315,0.37991409059812636,NA
-45.5,31.5,14537,NA,0.14449223945236964,0.28312099901418336,NA
-44.5,31.5,14538,NA,0.1387700678758652,0.3133791965654883,NA
-43.5,31.5,14539,NA,0.06649426586429581,0.1916440686722105,NA
-42.5,31.5,14540,NA,0.06677811349485041,0.2170781899785029,NA
-41.5,31.5,14541,NA,0.061576480638850274,0.18493328118977617,NA
-40.5,31.5,14542,NA,0.1539719130922172,0.22778265089144437,NA
-39.5,31.5,14543,NA,0.030275736455496288,0.08048417776459178,0.04837982744450461
-38.5,31.5,14544,NA,0.035441107437926896,0.12907477854072183,0.046047196039659295
-37.5,31.5,14545,NA,0.020430727492005165,0.07519105069012941,0.01683602087599819
-36.5,31.5,14546,NA,0.04470775017594029,0.16798619349328286,0.026021756209911834
-35.5,31.5,14547,NA,0.0452527966436484,0.4590656292363989,0.026112043855458022
-34.5,31.5,14548,NA,0.037793632234848884,0.410337328879634,0.026904711113235797
-33.5,31.5,14549,NA,0.03879931053376851,0.21923597765260475,0.02353503200662293
-32.5,31.5,14550,NA,0.03178757714032288,0.11627403751365253,0.01628313359192535
-31.5,31.5,14551,NA,0.021422134060620393,0.09334137639504866,0.010810046981788808
-30.5,31.5,14552,NA,0.020728191547898046,0.09930580590065134,0.008768233751283522
-58.5,32.5,14647,NA,0.16657674152295598,NA,NA
-57.5,32.5,14648,NA,0.08768173196968375,NA,NA
-56.5,32.5,14649,NA,0.07447034546351167,NA,NA
-55.5,32.5,14650,NA,0.09845354538582363,NA,NA
-54.5,32.5,14651,NA,0.0746655108052605,NA,NA
-53.5,32.5,14652,NA,0.1185211246313578,NA,NA
-52.5,32.5,14653,NA,0.06300698068426062,NA,NA
-51.5,32.5,14654,NA,0.13045508485916898,NA,NA
-50.5,32.5,14655,NA,0.06596913583254817,NA,NA
-49.5,32.5,14656,NA,0.14697818508334531,0.1480697929402719,NA
-47.5,32.5,14657,NA,0.25797445246723916,0.5191438654728514,NA
-46.5,32.5,14658,NA,0.1703662190983699,0.6681400379460378,NA
-45.5,32.5,14659,NA,0.16812701791198953,0.35638152090931097,NA
-44.5,32.5,14660,NA,0.09370130046251904,0.4492990602055572,NA
-43.5,32.5,14661,NA,0.17352497916425383,0.3324191777174684,NA
-42.5,32.5,14662,NA,0.053895689431797976,0.2909119269718715,NA
-41.5,32.5,14663,NA,0.05299342613965417,0.17343098412441574,NA
-40.5,32.5,14664,NA,0.19815787984924016,0.3304367512506593,NA
-39.5,32.5,14665,NA,0.06496744152091147,0.1597233629173109,0.06458209044656703
-38.5,32.5,14666,NA,0.040722665950420706,0.15419008039696783,0.06480185696077784
-37.5,32.5,14667,NA,0.03394046200985758,0.07394739040475362,0.03758926224048451
-36.5,32.5,14668,NA,0.037834857317835695,0.1210174806267534,0.03441278493445439
-35.5,32.5,14669,NA,0.03767831301302576,0.208869411301286,0.0333793500398665
-34.5,32.5,14670,NA,0.03875158639542115,0.16726252150341614,0.023370895446795954
-33.5,32.5,14671,NA,0.03978661230804368,0.25923846081165236,0.020954258124640135
-32.5,32.5,14672,NA,0.03705644297332371,0.15753564084300756,0.019016593338893596
-31.5,32.5,14673,NA,0.04586059944005166,0.10838865038307843,0.016644158770207168
-30.5,32.5,14674,NA,0.031170881359898654,0.05809410304578914,0.015144100034124983
-58.5,33.5,14768,NA,0.07793495403996936,NA,NA
-57.5,33.5,14769,NA,0.07251281511176046,NA,NA
-56.5,33.5,14770,NA,0.07491601243802884,NA,NA
-55.5,33.5,14771,NA,0.07870764907620897,NA,NA
-54.5,33.5,14772,NA,0.07368372231568322,NA,NA
-52.5,33.5,14773,NA,0.1046191050810886,NA,NA
-51.5,33.5,14774,NA,0.11130448458113827,NA,NA
-50.5,33.5,14775,NA,0.029360017592605862,NA,NA
-45.5,33.5,14776,NA,0.1369125192774561,0.18922164639028544,NA
-44.5,33.5,14777,NA,0.32339925686867177,0.15071827869282556,NA
-43.5,33.5,14778,NA,0.08403164782158751,0.5507593124638807,NA
-42.5,33.5,14779,NA,0.06669792058232363,0.31625536397830173,NA
-41.5,33.5,14780,NA,0.06206170208324676,0.23759157326699568,NA
-40.5,33.5,14781,NA,0.17428883509251436,0.3910836249624483,NA
-39.5,33.5,14782,NA,0.060485010413704604,0.22176468626928852,0.075492072963755
-38.5,33.5,14783,NA,0.06070137827953639,0.19301702395297846,0.054306090835443965
-37.5,33.5,14784,NA,0.04201885005036774,0.1227047678901237,0.03934623325073365
-36.5,33.5,14785,NA,0.04236788705893312,0.1715134529310887,0.05009159158118539
-35.5,33.5,14786,NA,0.04080726383105264,0.11530163212157436,0.03305256761908991
-34.5,33.5,14787,NA,0.04638451318306649,0.12174091623772704,0.026767287708467518
-33.5,33.5,14788,NA,0.03590645113062159,0.06564970936551592,0.028366575820995714
-32.5,33.5,14789,NA,0.031641791532992423,0.09204066035292444,0.02198015913348193
-31.5,33.5,14790,NA,0.039489173045940774,0.11176799059534893,0.022985805397189474
-30.5,33.5,14791,NA,0.033240796504748635,0.11230022326437224,0.01885725260544601
-59.5,34.5,14884,NA,0.08723690497825495,NA,NA
-58.5,34.5,14885,NA,0.06615408144340595,NA,NA
-57.5,34.5,14886,NA,0.09600937068790054,NA,NA
-56.5,34.5,14887,NA,0.04049192174261889,NA,NA
-55.5,34.5,14888,NA,0.0612518273913904,NA,NA
-54.5,34.5,14889,NA,0.05739371880692193,NA,NA
-52.5,34.5,14890,NA,0.048537335508931384,NA,NA
-51.5,34.5,14891,NA,0.06065648901223332,NA,NA
-50.5,34.5,14892,NA,0.052261076761406136,NA,NA
-42.5,34.5,14893,NA,0.2308697394911845,0.4497135181749536,NA
-41.5,34.5,14894,NA,0.1716865520631201,0.29491096349757967,NA
-40.5,34.5,14895,NA,0.17627764183336833,0.3528756562413338,NA
-39.5,34.5,14896,NA,0.0729057840024532,0.1820875711637616,0.06753419142209914
-38.5,34.5,14897,NA,0.084653418297261,0.36884911152215394,0.07413152851173078
-37.5,34.5,14898,NA,0.04035690105987214,0.15284579929191083,0.03105708076429297
-36.5,34.5,14899,NA,0.04614822712477,0.16537094995122475,0.039925302118392327
-35.5,34.5,14900,NA,0.025593077482852857,0.10330811822163681,0.02785362982739102
-34.5,34.5,14901,NA,0.03568855852900211,0.08580108882166398,0.02228314503595287
-33.5,34.5,14902,NA,0.05969235466356339,0.06461621013774835,0.021444943889065097
-32.5,34.5,14903,NA,0.036888566288109055,0.05934392394570023,0.018797678267708312
-31.5,34.5,14904,NA,0.032825825191695295,0.06342736918087274,0.017454930355057352
-30.5,34.5,14905,NA,0.041908208758255426,0.06362797366329948,0.021139666220793763
-59.5,35.5,14995,NA,0.0578776404829663,NA,NA
-58.5,35.5,14996,NA,0.08406648228346326,NA,NA
-57.5,35.5,14997,NA,0.07793407965076977,NA,NA
-56.5,35.5,14998,NA,0.06115390561582882,NA,NA
-55.5,35.5,14999,NA,0.03876820361059712,NA,NA
-54.5,35.5,15000,NA,0.038529236574001,NA,NA
-50.5,35.5,15001,NA,0.031042982323289694,NA,NA
-49.5,35.5,15002,NA,0.20823319377721158,0.24613840612027402,NA
-48.5,35.5,15003,NA,0.06934473881998186,0.13872618020499056,NA
-47.5,35.5,15004,NA,0.019669783499811796,0.02301676820210556,NA
-46.5,35.5,15005,NA,0.03850700115721898,0.014526138625045591,NA
-39.5,35.5,15006,NA,0.015351369911500231,0.038904664045783605,0.006155076412660047
-38.5,35.5,15007,NA,0.05549152955011282,0.1989288341110499,0.04747170367362893
-37.5,35.5,15008,NA,0.07611838473370532,0.21101295910958007,0.04944107246372115
-36.5,35.5,15009,NA,0.04342857681565292,0.11682394607755675,0.030433814669042835
-35.5,35.5,15010,NA,0.03614378995786423,0.09762284468757383,0.027893879769146732
-34.5,35.5,15011,NA,0.03653213683160003,0.07861875515339885,0.022469068920579385
-33.5,35.5,15012,NA,0.03959965465526437,0.06388795245879668,0.02198913565436181
-32.5,35.5,15013,NA,0.05710164406813926,0.0792464007424639,0.018978538925174458
-31.5,35.5,15014,NA,0.0627960753969911,0.07697960988525689,0.017641622159557332
-30.5,35.5,15015,NA,0.06832015440498589,0.09989548242977386,0.020217858444568637
-58.5,36.5,15105,NA,0.13953348748583302,NA,NA
-57.5,36.5,15106,NA,0.1165404476972809,NA,NA
-56.5,36.5,15107,NA,0.06322420122884334,NA,NA
-55.5,36.5,15108,NA,0.02990996813537495,NA,NA
-54.5,36.5,15109,NA,0.05689603659164641,NA,NA
-53.5,36.5,15110,NA,0.06478690902394191,NA,NA
-50.5,36.5,15111,NA,0.0836474310734027,NA,NA
-49.5,36.5,15112,NA,0.12688995103237602,0.1674969534165798,NA
-48.5,36.5,15113,NA,0.11780655038171618,0.275201328274879,NA
-47.5,36.5,15114,NA,0.18766232403364677,0.26418966160154866,NA
-46.5,36.5,15115,NA,0.12380212490629969,0.23569967269184694,NA
-45.5,36.5,15116,NA,0.20080978394078677,0.32161512640823015,NA
-44.5,36.5,15117,NA,0.07968115976577093,0.20415493893232015,NA
-38.5,36.5,15118,NA,0.11504260847820175,0.38931415373588146,0.07130847295418515
-37.5,36.5,15119,NA,0.042641717840255375,0.1478733829091706,0.039047345364920924
-36.5,36.5,15120,NA,0.030668907019694828,0.07715535434617664,0.025831695097623286
-35.5,36.5,15121,NA,0.02577303175656501,0.10589250654846073,0.024834520434268065
-34.5,36.5,15122,NA,0.041135884923086584,0.10205253277727595,0.029390316649784063
-33.5,36.5,15123,NA,0.03683786594328051,0.08339585076130934,0.030443957102179536
-32.5,36.5,15124,NA,0.03739663868282356,0.22312019754440185,0.03249114659259626
-31.5,36.5,15125,NA,0.03061669868840133,0.19617489838873697,0.02321431542664052
-30.5,36.5,15126,NA,0.030104125914898867,0.1715928911979592,0.02140977311654756
-57.5,37.5,15216,NA,0.048221356893263,NA,NA
-56.5,37.5,15217,NA,0.046121599150001094,NA,NA
-55.5,37.5,15218,NA,0.042739903005379186,NA,NA
-54.5,37.5,15219,NA,0.04806212431513518,NA,NA
-53.5,37.5,15220,NA,0.028912858887595493,NA,NA
-50.5,37.5,15221,NA,0.31162353986126123,NA,NA
-49.5,37.5,15222,NA,0.15810324654840038,0.15681602704142952,NA
-48.5,37.5,15223,NA,0.15403562815362168,0.23462825232798895,NA
-47.5,37.5,15224,NA,0.14014994539318726,0.17914251968476314,NA
-46.5,37.5,15225,NA,0.18745085609865017,0.22949788590999973,NA
-45.5,37.5,15226,NA,0.0874610099140623,0.1435513326832519,NA
-44.5,37.5,15227,NA,0.07602185616414149,0.10552463647670621,NA
-43.5,37.5,15228,NA,0.057066005481689726,0.10621575363085242,NA
-42.5,37.5,15229,NA,0.0690392734332569,0.31295206118797636,NA
-41.5,37.5,15230,NA,0.01888502204578619,0.013070598617506967,NA
-38.5,37.5,15231,NA,0.0637451367813582,0.132321838835304,0.018698595640634343
-37.5,37.5,15232,NA,0.06879062062636178,0.14909586208731315,0.03914053253834122
-36.5,37.5,15233,NA,0.03144354420666212,0.11340084620591268,0.03189338841070412
-35.5,37.5,15234,NA,0.035670759474888944,0.07865756817753132,0.03082335350157283
-34.5,37.5,15235,NA,0.03220409517985724,0.11134928389332793,0.03136314816587286
-33.5,37.5,15236,NA,0.03654574305391899,0.09754167798518032,0.03668810642894673
-32.5,37.5,15237,NA,0.03909063046546357,0.2553666708644838,0.03625751704074647
-31.5,37.5,15238,NA,0.03336275784066357,0.19146726715405837,0.02923048100160566
-30.5,37.5,15239,NA,0.029155927333862436,0.09569023726027907,0.026158443771291572
-59.5,38.5,15330,NA,0.04330973407689551,NA,NA
-58.5,38.5,15331,NA,0.05448738172310025,NA,NA
-57.5,38.5,15332,NA,0.061379935096524035,NA,NA
-56.5,38.5,15333,NA,0.0899754230420395,NA,NA
-55.5,38.5,15334,NA,0.017277859827966823,NA,NA
-51.5,38.5,15335,NA,0.11858765674618262,NA,NA
-50.5,38.5,15336,NA,0.2169357943235393,NA,NA
-49.5,38.5,15337,NA,0.14577694150106157,0.14894415721921286,NA
-48.5,38.5,15338,NA,0.14168264063532957,0.14636864846352668,NA
-47.5,38.5,15339,NA,0.14929394626664272,0.155632211468971,NA
-46.5,38.5,15340,NA,0.13354864348086484,0.15142940584486814,NA
-45.5,38.5,15341,NA,0.1104810727796717,0.13553859738695748,NA
-44.5,38.5,15342,NA,0.1149020630011091,0.13558393472004204,NA
-43.5,38.5,15343,NA,0.0871422505194051,0.16373732224991397,NA
-42.5,38.5,15344,NA,0.07537550312171579,0.16263763913101412,NA
-41.5,38.5,15345,NA,0.12690639046116692,0.3930442054484275,NA
-40.5,38.5,15346,NA,0.02189502545773955,0.011495859569553587,NA
-37.5,38.5,15347,NA,0.1592545661768435,0.2844548963782564,0.0965945614665625
-36.5,38.5,15348,NA,0.030788889762736166,0.08989214207316397,0.02830054841508057
-35.5,38.5,15349,NA,0.05046683048934706,0.06729279115210023,0.05498563078417709
-34.5,38.5,15350,NA,0.029665179274458484,0.05761237231804285,0.05938168850635802
-33.5,38.5,15351,NA,0.030676573056975496,0.04570997831599252,0.049216333069170816
-32.5,38.5,15352,NA,0.03820681248412456,0.04519119019227268,0.051192850719530864
-31.5,38.5,15353,NA,0.035347573894391346,0.03357808629258074,0.0387930891041942
-30.5,38.5,15354,NA,0.034212882195679396,0.03098919987960296,0.03736487804521986
-59.5,39.5,15443,NA,0.047437249051795326,NA,NA
-56.5,39.5,15444,NA,0.04417758523017716,NA,NA
-55.5,39.5,15445,NA,0.04072910187054547,NA,NA
-51.5,39.5,15446,NA,0.2809763553643649,NA,NA
-50.5,39.5,15447,NA,0.1479064533145309,NA,NA
-49.5,39.5,15448,NA,0.11508942132318976,0.19793255354158495,NA
-48.5,39.5,15449,NA,0.17722067001135816,0.15125415731980213,NA
-47.5,39.5,15450,NA,0.15806105351451105,0.18531003648936384,NA
-46.5,39.5,15451,NA,0.24639695258225777,0.2585149803701288,NA
-45.5,39.5,15452,NA,0.210333002399775,0.31514769327187525,NA
-44.5,39.5,15453,NA,0.212161800604222,0.30663100966143914,NA
-43.5,39.5,15454,NA,0.08474158382912296,0.12763440333090353,NA
-42.5,39.5,15455,NA,0.08045706107177873,0.10576937314552902,NA
-41.5,39.5,15456,NA,0.06793459743891997,0.09558501570370985,NA
-40.5,39.5,15457,NA,0.1260738768539262,0.09388151148928782,NA
-37.5,39.5,15458,NA,0.22938426859802138,0.32149568391151534,0.1356129059185438
-36.5,39.5,15459,NA,0.09573067412838346,0.09688865311102515,0.0539777696116413
-35.5,39.5,15460,NA,0.08495612485644902,0.10582509282772214,0.07772513296438224
-34.5,39.5,15461,NA,0.05016467506107187,0.09390369804874883,0.05480279987470587
-33.5,39.5,15462,NA,0.05035030325468463,0.07828709853536317,0.06565699348169296
-32.5,39.5,15463,NA,0.05132865109182109,0.07493610984583898,0.061336254110858156
-31.5,39.5,15464,NA,0.06833065972518204,0.0728627060431178,0.08068992994103294
-30.5,39.5,15465,NA,0.07272135035477212,0.07465205430169942,0.08443543027654304
-9.5,-39.5,127,NA,NA,0.011568763082023887,NA
-8.5,-39.5,128,NA,NA,0.01241800503136894,NA
-7.5,-39.5,129,NA,NA,0.010512808321629173,NA
-6.5,-39.5,130,NA,NA,0.00892207405425622,NA
-2.5,-39.5,131,NA,NA,0.0029078198869371095,NA
-1.5,-39.5,132,NA,NA,0.007678320174080737,NA
-0.5,-39.5,133,NA,NA,0.006262875999509258,NA
-9.5,-38.5,365,NA,NA,0.009523279779912935,NA
-8.5,-38.5,366,NA,NA,0.009561547352384637,NA
-7.5,-38.5,367,NA,NA,0.012247852214806513,NA
-6.5,-38.5,368,NA,NA,0.01342052918963154,NA
-5.5,-38.5,369,NA,NA,0.006807509345312372,NA
-1.5,-38.5,370,NA,NA,0.011819834293952605,NA
-0.5,-38.5,371,NA,NA,0.007486492452663219,NA
-9.5,-37.5,598,NA,NA,0.005968470898114589,NA
-8.5,-37.5,599,NA,NA,0.005814580045513665,NA
-7.5,-37.5,600,NA,NA,0.007035732580603747,NA
-6.5,-37.5,601,NA,NA,0.012410400823610826,NA
-5.5,-37.5,602,NA,NA,0.006353068700805646,NA
-3.5,-37.5,603,NA,NA,0.002493091843734116,NA
-2.5,-37.5,604,NA,NA,0.008165049615736594,NA
-1.5,-37.5,605,NA,NA,0.009499043091325583,NA
-0.5,-37.5,606,NA,NA,0.005685962405431345,NA
-9.5,-36.5,833,NA,NA,0.006949957333483179,NA
-8.5,-36.5,834,NA,NA,0.006987764741258452,NA
-7.5,-36.5,835,NA,NA,0.007759692334115512,NA
-6.5,-36.5,836,NA,NA,0.022798309599120808,NA
-4.5,-36.5,837,NA,NA,0.003628464094966931,NA
-3.5,-36.5,838,NA,NA,0.010662325073786208,NA
-2.5,-36.5,839,NA,NA,0.005642780170444314,NA
-1.5,-36.5,840,NA,NA,0.007940726596017104,NA
-0.5,-36.5,841,NA,NA,0.004946360958332994,NA
-9.5,-35.5,1065,NA,NA,0.006286588984835903,NA
-8.5,-35.5,1066,NA,NA,0.009022307575992866,NA
-7.5,-35.5,1067,NA,NA,0.015208549075418932,NA
-5.5,-35.5,1068,NA,NA,0.004311857066666373,NA
-4.5,-35.5,1069,NA,NA,0.010063405667393065,NA
-3.5,-35.5,1070,NA,NA,0.006616249760054599,NA
-2.5,-35.5,1071,NA,NA,0.005420600499431646,NA
-1.5,-35.5,1072,NA,NA,0.005652876579337848,NA
-0.5,-35.5,1073,NA,NA,0.0052839090262868605,NA
-9.5,-34.5,1292,NA,NA,0.006574828397288225,NA
-8.5,-34.5,1293,NA,NA,0.013562657398363955,NA
-7.5,-34.5,1294,NA,NA,0.00568724659657058,NA
-6.5,-34.5,1295,NA,NA,0.011900938311262021,NA
-5.5,-34.5,1296,NA,NA,0.009686173636537985,NA
-4.5,-34.5,1297,NA,NA,0.0074130075209320025,NA
-3.5,-34.5,1298,NA,NA,0.006188681045013182,NA
-2.5,-34.5,1299,NA,NA,0.0058332901401730395,NA
-1.5,-34.5,1300,NA,NA,0.006469964033885726,NA
-0.5,-34.5,1301,NA,NA,0.005681880778971017,NA
-9.5,-33.5,1515,NA,NA,0.00769861362132738,NA
-8.5,-33.5,1516,NA,NA,0.007173991690213857,NA
-7.5,-33.5,1517,NA,NA,0.00826517544872771,NA
-6.5,-33.5,1518,NA,NA,0.008119944897667429,NA
-5.5,-33.5,1519,NA,NA,0.0071528531744299816,NA
-4.5,-33.5,1520,NA,NA,0.006575019909742571,NA
-3.5,-33.5,1521,NA,NA,0.006581379280237416,NA
-2.5,-33.5,1522,NA,NA,0.0065003734417976656,NA
-1.5,-33.5,1523,NA,NA,0.006139403907187333,NA
-0.5,-33.5,1524,NA,NA,0.006084145717077462,NA
-9.5,-32.5,1734,NA,NA,0.00692017314562493,NA
-8.5,-32.5,1735,NA,NA,0.00656748831827952,NA
-7.5,-32.5,1736,NA,NA,0.006045183374969317,NA
-6.5,-32.5,1737,NA,NA,0.006649368711497616,NA
-5.5,-32.5,1738,NA,NA,0.006626582877374156,NA
-4.5,-32.5,1739,NA,NA,0.008514235370782504,NA
-3.5,-32.5,1740,NA,NA,0.008389210473050458,NA
-2.5,-32.5,1741,NA,NA,0.006407083140313185,NA
-1.5,-32.5,1742,NA,NA,0.006539017675622773,NA
-0.5,-32.5,1743,NA,NA,0.0064253192451354,NA
-9.5,-31.5,1945,NA,NA,0.008262076324700012,NA
-8.5,-31.5,1946,NA,NA,0.006963340774098215,NA
-7.5,-31.5,1947,NA,NA,0.006728759589476654,NA
-6.5,-31.5,1948,NA,NA,0.006911767876593239,NA
-5.5,-31.5,1949,NA,NA,0.007030617582799243,NA
-4.5,-31.5,1950,NA,NA,0.008369494317101036,NA
-3.5,-31.5,1951,NA,NA,0.007481210331443572,NA
-2.5,-31.5,1952,NA,NA,0.00701887462029579,NA
-1.5,-31.5,1953,NA,NA,0.006248987079497196,NA
-0.5,-31.5,1954,NA,NA,0.006486807191379446,NA
-9.5,-30.5,2155,NA,NA,0.00641482798979635,NA
-8.5,-30.5,2156,NA,NA,0.006446917384249729,NA
-7.5,-30.5,2157,NA,NA,0.0062067055453652945,NA
-6.5,-30.5,2158,NA,NA,0.006092393225353497,NA
-5.5,-30.5,2159,NA,NA,0.00623917088830974,NA
-4.5,-30.5,2160,NA,NA,0.007018001940028427,NA
-3.5,-30.5,2161,NA,NA,0.0067370473793692985,NA
-2.5,-30.5,2162,NA,NA,0.0071950817237017815,NA
-1.5,-30.5,2163,NA,NA,0.006515524301070342,NA
-0.5,-30.5,2164,NA,NA,0.0059730277621837065,NA
-19.5,-29.5,2355,NA,NA,0.005851409709261934,0.007887922132827003
-18.5,-29.5,2356,NA,NA,0.00705111708893872,0.009114928891790542
-17.5,-29.5,2357,NA,NA,0.009586071843620005,0.009467881008832363
-16.5,-29.5,2358,NA,NA,0.005924746488621517,0.006954906434832978
-15.5,-29.5,2359,NA,NA,0.007384783268256001,0.007504905160956686
-14.5,-29.5,2360,NA,NA,0.006826805407374789,0.008001438381946467
-13.5,-29.5,2361,NA,NA,0.007077827424229072,0.00977809266341879
-12.5,-29.5,2362,NA,NA,0.008217893399351238,0.011757294554439775
-11.5,-29.5,2363,NA,NA,0.006770042637765614,0.011652368473960664
-10.5,-29.5,2364,NA,NA,0.00656741694827628,0.009980307770124578
-9.5,-29.5,2365,NA,NA,0.006771492518840035,0.01080129841159249
-8.5,-29.5,2366,NA,NA,0.006009610313525656,0.010526777061004255
-7.5,-29.5,2367,NA,NA,0.006186492936852758,0.01139239525339635
-6.5,-29.5,2368,NA,NA,0.005615153395784294,0.01085095294363823
-5.5,-29.5,2369,NA,NA,0.0069591457186188865,0.015241779224284917
-4.5,-29.5,2370,NA,NA,0.006471464340608695,0.018836378824369542
-3.5,-29.5,2371,NA,NA,0.0075316801169532785,0.02505860658654568
-2.5,-29.5,2372,NA,NA,0.006784752816854691,0.02671851645072345
-1.5,-29.5,2373,NA,NA,0.006326853001167321,0.01920231509281003
-0.5,-29.5,2374,NA,NA,0.006663063788492611,0.018730509792056975
0.5,-29.5,2375,NA,NA,0.006221253053855063,NA
1.5,-29.5,2376,NA,NA,0.008446690721409347,NA
2.5,-29.5,2377,NA,NA,0.007468893168914808,NA
3.5,-29.5,2378,NA,NA,0.01688773718078687,NA
4.5,-29.5,2379,NA,NA,0.014538022230481883,NA
5.5,-29.5,2380,NA,NA,0.008308637791265847,NA
6.5,-29.5,2381,NA,NA,0.005853754903288501,NA
7.5,-29.5,2382,NA,NA,0.006978631591722754,NA
8.5,-29.5,2383,NA,NA,0.005117103889346362,NA
9.5,-29.5,2384,NA,NA,0.004538743837974585,NA
-19.5,-28.5,2565,NA,NA,0.005442426082026123,0.008175675999932373
-18.5,-28.5,2566,NA,NA,0.006266748965184797,0.008814499902860524
-17.5,-28.5,2567,NA,NA,0.007812140936960679,0.009586328718755376
-16.5,-28.5,2568,NA,NA,0.006209776389840226,0.00850813746142781
-15.5,-28.5,2569,NA,NA,0.005935701893055104,0.009146806546339366
-14.5,-28.5,2570,NA,NA,0.006331533781682541,0.009281367530143317
-13.5,-28.5,2571,NA,NA,0.005941170346781909,0.009344830207614258
-12.5,-28.5,2572,NA,NA,0.008824681737861806,0.012673813286504326
-11.5,-28.5,2573,NA,NA,0.0065061937557641305,0.013797104872552705
-10.5,-28.5,2574,NA,NA,0.006356387694870548,0.012406134967062664
-9.5,-28.5,2575,NA,NA,0.006809829131751056,0.016361194047300555
-8.5,-28.5,2576,NA,NA,0.00600534214971676,0.0159671339075844
-7.5,-28.5,2577,NA,NA,0.0060358718272221145,0.018228541187876958
-6.5,-28.5,2578,NA,NA,0.006112278382219796,0.018830412541148946
-5.5,-28.5,2579,NA,NA,0.005219753221659424,0.013429999707251885
-4.5,-28.5,2580,NA,NA,0.005437088996026474,0.017034361427967656
-3.5,-28.5,2581,NA,NA,0.006754938721747367,0.021552345983691584
-2.5,-28.5,2582,NA,NA,0.006356427095128292,0.02538570071002141
-1.5,-28.5,2583,NA,NA,0.005459089911001122,0.019212565100483102
-0.5,-28.5,2584,NA,NA,0.00583767681348025,0.01499027785519068
0.5,-28.5,2585,NA,NA,0.004930447491770667,NA
1.5,-28.5,2586,NA,NA,0.005873987409622354,NA
2.5,-28.5,2587,NA,NA,0.005829650899647178,NA
3.5,-28.5,2588,NA,NA,0.006391728826856061,NA
4.5,-28.5,2589,NA,NA,0.006782961960369418,NA
5.5,-28.5,2590,NA,NA,0.0053806581288182555,NA
6.5,-28.5,2591,NA,NA,0.005652748682827907,NA
7.5,-28.5,2592,NA,NA,0.005290770843797371,NA
8.5,-28.5,2593,NA,NA,0.004562712684232933,NA
9.5,-28.5,2594,NA,NA,0.0035969902563175804,NA
-19.5,-27.5,2775,NA,NA,0.005000589632947145,0.007692782283542652
-18.5,-27.5,2776,NA,NA,0.005398940495466931,0.0073844528969549015
-17.5,-27.5,2777,NA,NA,0.005398502727733721,0.006563044088453956
-16.5,-27.5,2778,NA,NA,0.005909378584180325,0.007759065695569086
-15.5,-27.5,2779,NA,NA,0.0059991729378418715,0.0075621709677516444
-14.5,-27.5,2780,NA,NA,0.005249997249553732,0.008678803943098513
-13.5,-27.5,2781,NA,NA,0.005186871260383559,0.010283270644402319
-12.5,-27.5,2782,NA,NA,0.004975381617316729,0.010710738467264022
-11.5,-27.5,2783,NA,NA,0.00444798122291379,0.013595121669332317
-10.5,-27.5,2784,NA,NA,0.005075541352720897,0.01608944895042727
-9.5,-27.5,2785,NA,NA,0.0062246379681816085,0.022104555721301804
-8.5,-27.5,2786,NA,NA,0.0066423683539928394,0.019427894177093463
-7.5,-27.5,2787,NA,NA,0.006723918794107505,0.016476862264497315
-6.5,-27.5,2788,NA,NA,0.0048618663321352545,0.010763989710083986
-5.5,-27.5,2789,NA,NA,0.005426187931723217,0.009800482130368668
-4.5,-27.5,2790,NA,NA,0.004925078214244019,0.009062290718622077
-3.5,-27.5,2791,NA,NA,0.004557025206749067,0.010957525527634017
-2.5,-27.5,2792,NA,NA,0.00583736786494093,0.013109650499896808
-1.5,-27.5,2793,NA,NA,0.0063054210669283225,0.013397943131148324
-0.5,-27.5,2794,NA,NA,0.0054468540492090675,0.011062424016925126
0.5,-27.5,2795,NA,NA,0.00493914277717593,NA
1.5,-27.5,2796,NA,NA,0.003945585546080571,NA
2.5,-27.5,2797,NA,NA,0.00411617791291022,NA
3.5,-27.5,2798,NA,NA,0.003784113286224244,NA
4.5,-27.5,2799,NA,NA,0.004941236975996898,NA
5.5,-27.5,2800,NA,NA,0.004261820853015661,NA
6.5,-27.5,2801,NA,NA,0.00461319752047256,NA
7.5,-27.5,2802,NA,NA,0.004163971321090606,NA
8.5,-27.5,2803,NA,NA,0.003772156550502081,NA
9.5,-27.5,2804,NA,NA,0.0041893152479380545,NA
-19.5,-26.5,2984,NA,NA,0.0043089819321679,0.01145407741959797
-18.5,-26.5,2985,NA,NA,0.004531655883083542,0.013638377519034833
-17.5,-26.5,2986,NA,NA,0.006039483137658738,0.025582307850069493
-16.5,-26.5,2987,NA,NA,0.005784425836156187,0.021593510614445498
-15.5,-26.5,2988,NA,NA,0.0069626654155770145,0.028313409605411118
-14.5,-26.5,2989,NA,NA,0.00509442091285486,0.023474522279534192
-13.5,-26.5,2990,NA,NA,0.004665910362205708,0.015360353247350404
-12.5,-26.5,2991,NA,NA,0.005762509225678589,0.016251963708892366
-11.5,-26.5,2992,NA,NA,0.005321153642425197,0.013244700970093993
-10.5,-26.5,2993,NA,NA,0.004687929229949825,0.012379284178390293
-9.5,-26.5,2994,NA,NA,0.005030458933848072,0.011965319845083564
-8.5,-26.5,2995,NA,NA,0.005209017649314376,0.012229867906284216
-7.5,-26.5,2996,NA,NA,0.005359294716013474,0.012174433869014262
-6.5,-26.5,2997,NA,NA,0.0051551947083726376,0.011182319853019346
-5.5,-26.5,2998,NA,NA,0.005071250124867942,0.010501335011474973
-4.5,-26.5,2999,NA,NA,0.004259241950692171,0.011535879162149845
-3.5,-26.5,3000,NA,NA,0.0034688863272090034,0.010085281867007833
-2.5,-26.5,3001,NA,NA,0.0046023164292300495,0.01225061034270662
-1.5,-26.5,3002,NA,NA,0.005180653446565775,0.015123899234912627
-0.5,-26.5,3003,NA,NA,0.0048298810009785986,0.014638254498313366
0.5,-26.5,3004,NA,NA,0.0036233598307541044,NA
1.5,-26.5,3005,NA,NA,0.003675839128739756,NA
2.5,-26.5,3006,NA,NA,0.004167136025125228,NA
3.5,-26.5,3007,NA,NA,0.004248009483624158,NA
4.5,-26.5,3008,NA,NA,0.009793885560695183,NA
5.5,-26.5,3009,NA,NA,0.004301001866228474,NA
6.5,-26.5,3010,NA,NA,0.004018199720848924,NA
7.5,-26.5,3011,NA,NA,0.004079138074423255,NA
8.5,-26.5,3012,NA,NA,0.004185682801482657,NA
9.5,-26.5,3013,NA,NA,0.003817566704693143,NA
-19.5,-25.5,3192,NA,NA,0.0037049142890201885,0.012920879614281004
-18.5,-25.5,3193,NA,NA,0.003830731855081515,0.01759565372629705
-17.5,-25.5,3194,NA,NA,0.004930535561694618,0.023157383046094354
-16.5,-25.5,3195,NA,NA,0.00432796925641602,0.01758152368557158
-15.5,-25.5,3196,NA,NA,0.004387554579663839,0.013816578779706719
-14.5,-25.5,3197,NA,NA,0.005040846045719549,0.014209156615610237
-13.5,-25.5,3198,NA,NA,0.0052364613579859885,0.015049418785692261
-12.5,-25.5,3199,NA,NA,0.004022790965445843,0.013992499350612283
-11.5,-25.5,3200,NA,NA,0.003834912323880802,0.014077070007056519
-10.5,-25.5,3201,NA,NA,0.003881706195559516,0.016414945778933775
-9.5,-25.5,3202,NA,NA,0.004570895401056103,0.01624008456799484
-8.5,-25.5,3203,NA,NA,0.004776580474284802,0.016437756308379934
-7.5,-25.5,3204,NA,NA,0.004656646521252435,0.019202130630095616
-6.5,-25.5,3205,NA,NA,0.0047512326866404634,0.019934790897049973
-5.5,-25.5,3206,NA,NA,0.004233503399494541,0.020785979609660898
-4.5,-25.5,3207,NA,NA,0.004634162569017745,0.020852978933989044
-3.5,-25.5,3208,NA,NA,0.00435124104840374,0.017794082752746875
-2.5,-25.5,3209,NA,NA,0.004508222906839691,0.015552805515736427
-1.5,-25.5,3210,NA,NA,0.004408864348802667,0.015318730768435979
-0.5,-25.5,3211,NA,NA,0.004174308987309834,0.014165069720325269
0.5,-25.5,3212,NA,NA,0.004158552936964144,NA
1.5,-25.5,3213,NA,NA,0.0040838906980407924,NA
2.5,-25.5,3214,NA,NA,0.004046274718587722,NA
3.5,-25.5,3215,NA,NA,0.004673489339510394,NA
4.5,-25.5,3216,NA,NA,0.004942481164426673,NA
5.5,-25.5,3217,NA,NA,0.004845707179473553,NA
6.5,-25.5,3218,NA,NA,0.005131110336325647,NA
7.5,-25.5,3219,NA,NA,0.004772777393431887,NA
8.5,-25.5,3220,NA,NA,0.005327974906306615,NA
9.5,-25.5,3221,NA,NA,0.004779404182243747,NA
-19.5,-24.5,3399,NA,NA,0.0035716094368817464,0.011961009555163844
-18.5,-24.5,3400,NA,NA,0.0039785320091088976,0.02384283243686864
-17.5,-24.5,3401,NA,NA,0.0040078203674774006,0.01722118277138485
-16.5,-24.5,3402,NA,NA,0.0036869445099654476,0.021334191957975843
-15.5,-24.5,3403,NA,NA,0.0038100046389990217,0.02186645222483336
-14.5,-24.5,3404,NA,NA,0.003767636362776964,0.022129174866896993
-13.5,-24.5,3405,NA,NA,0.004237450356649888,0.021549902540983434
-12.5,-24.5,3406,NA,NA,0.005675624711716536,0.021801459281193872
-11.5,-24.5,3407,NA,NA,0.004150386156099102,0.01641594293823049
-10.5,-24.5,3408,NA,NA,0.0038623199599622285,0.018236692824304727
-9.5,-24.5,3409,NA,NA,0.0038533743239608123,0.019163290857439928
-8.5,-24.5,3410,NA,NA,0.005224087677264004,0.025185537516694577
-7.5,-24.5,3411,NA,NA,0.005129262553996791,0.019624008179195712
-6.5,-24.5,3412,NA,NA,0.005218658626475869,0.016740395110072744
-5.5,-24.5,3413,NA,NA,0.004479816454882319,0.014130150684606956
-4.5,-24.5,3414,NA,NA,0.0044729504888067284,0.01620981757498297
-3.5,-24.5,3415,NA,NA,0.005178933394397173,0.01459121094971674
-2.5,-24.5,3416,NA,NA,0.00542237425026561,0.014988467286187667
-1.5,-24.5,3417,NA,NA,0.005291042092879023,0.013191492512508594
-0.5,-24.5,3418,NA,NA,0.006484319749279049,0.022955686788432746
0.5,-24.5,3419,NA,NA,0.00427721774254796,NA
1.5,-24.5,3420,NA,NA,0.004697786739416432,NA
2.5,-24.5,3421,NA,NA,0.003835433621510004,NA
3.5,-24.5,3422,NA,NA,0.006244321949994751,NA
4.5,-24.5,3423,NA,NA,0.005959749913784148,NA
5.5,-24.5,3424,NA,NA,0.015383106344740428,NA
6.5,-24.5,3425,NA,NA,0.007179525932356527,NA
7.5,-24.5,3426,NA,NA,0.008767954055909122,NA
8.5,-24.5,3427,NA,NA,0.009268795587406786,NA
9.5,-24.5,3428,NA,NA,0.007981953089962508,NA
-19.5,-23.5,3607,NA,NA,0.005575184154128381,0.01708475998181253
-18.5,-23.5,3608,NA,NA,0.003942094824491301,0.01892505010880765
-17.5,-23.5,3609,NA,NA,0.003657629430900245,0.016090703545920543
-16.5,-23.5,3610,NA,NA,0.003954845359025194,0.02038219110483046
-15.5,-23.5,3611,NA,NA,0.006806533501561504,0.018075311216364753
-14.5,-23.5,3612,NA,NA,0.005003003044120637,0.03722319791115134
-13.5,-23.5,3613,NA,NA,0.006147204890655308,0.025907907746312027
-12.5,-23.5,3614,NA,NA,0.007292356637736411,0.04105906275483913
-11.5,-23.5,3615,NA,NA,0.004748499606521547,0.027756393051401713
-10.5,-23.5,3616,NA,NA,0.00398750161588135,0.014515179989962983
-9.5,-23.5,3617,NA,NA,0.004374782808266281,0.017669419172441157
-8.5,-23.5,3618,NA,NA,0.005374695180563351,0.015862236820050772
-7.5,-23.5,3619,NA,NA,0.005687784084794097,0.016890193468225182
-6.5,-23.5,3620,NA,NA,0.0057804172536725,0.01600623792810858
-5.5,-23.5,3621,NA,NA,0.005764566350838847,0.019609088131586003
-4.5,-23.5,3622,NA,NA,0.005551025421446319,0.024732758810725165
-3.5,-23.5,3623,NA,NA,0.005580084327953939,0.026181797450695824
-2.5,-23.5,3624,NA,NA,0.005662093342375789,0.02392698005478512
-1.5,-23.5,3625,NA,NA,0.007017878030328263,0.02324606867341652
-0.5,-23.5,3626,NA,NA,0.006545004635118833,0.021094710090951384
0.5,-23.5,3627,NA,NA,0.006301613213329812,NA
1.5,-23.5,3628,NA,NA,0.005922660411081408,NA
2.5,-23.5,3629,NA,NA,0.005194673287519729,NA
3.5,-23.5,3630,NA,NA,0.0065008525304397725,NA
4.5,-23.5,3631,NA,NA,0.006895497853892269,NA
5.5,-23.5,3632,NA,NA,0.007774366466541492,NA
6.5,-23.5,3633,NA,NA,0.008127746854521781,NA
7.5,-23.5,3634,NA,NA,0.008764480460415069,NA
8.5,-23.5,3635,NA,NA,0.007637902677509269,NA
9.5,-23.5,3636,NA,NA,0.007705516831038923,NA
-19.5,-22.5,3816,NA,NA,0.0037930574426322298,0.016383719178013362
-18.5,-22.5,3817,NA,NA,0.005079985447816715,0.016565595243162794
-17.5,-22.5,3818,NA,NA,0.005585500498445474,0.015058776367731636
-16.5,-22.5,3819,NA,NA,0.005734700659725449,0.021070867359915767
-15.5,-22.5,3820,NA,NA,0.006097208116362999,0.02277537405247127
-14.5,-22.5,3821,NA,NA,0.007539273449498338,0.029998412666940633
-13.5,-22.5,3822,NA,NA,0.008618069990299642,0.16563667003913374
-12.5,-22.5,3823,NA,NA,0.0065682239384898386,0.16587273656911988
-11.5,-22.5,3824,NA,NA,0.006338589807775689,0.029302075895757788
-10.5,-22.5,3825,NA,NA,0.0049772447129528994,0.023660667014668083
-9.5,-22.5,3826,NA,NA,0.0049153240132951284,0.02350291019659401
-8.5,-22.5,3827,NA,NA,0.0054469564065721034,0.021729749790779736
-7.5,-22.5,3828,NA,NA,0.005571412412965302,0.021108997789755852
-6.5,-22.5,3829,NA,NA,0.006466484261334817,0.026431377917257696
-5.5,-22.5,3830,NA,NA,0.009607848715038546,0.033726094394292756
-4.5,-22.5,3831,NA,NA,0.007586323339720197,0.027734937663237237
-3.5,-22.5,3832,NA,NA,0.0071592819485850195,0.026704561427887994
-2.5,-22.5,3833,NA,NA,0.006639763167409579,0.02432689624463336
-1.5,-22.5,3834,NA,NA,0.006673492594810553,0.023171299579054526
-0.5,-22.5,3835,NA,NA,0.006090299563863044,0.020579304970091136
0.5,-22.5,3836,NA,NA,0.005948674311464025,NA
1.5,-22.5,3837,NA,NA,0.0064645429824461585,NA
2.5,-22.5,3838,NA,NA,0.006861637948417374,NA
3.5,-22.5,3839,NA,NA,0.007630997138313562,NA
4.5,-22.5,3840,NA,NA,0.008934433658151717,NA
5.5,-22.5,3841,NA,NA,0.016865179378796738,NA
6.5,-22.5,3842,NA,NA,0.01739653174371347,NA
7.5,-22.5,3843,NA,NA,0.007443456366286675,NA
8.5,-22.5,3844,NA,NA,0.007421992380833352,NA
9.5,-22.5,3845,NA,NA,0.007981512309863747,NA
-19.5,-21.5,4027,NA,NA,0.005152365845025241,0.01900233785689673
-18.5,-21.5,4028,NA,NA,0.006036113731835656,0.02500039746686499
-17.5,-21.5,4029,NA,NA,0.0062071130951335375,0.01837916414129651
-16.5,-21.5,4030,NA,NA,0.006664444401393283,0.019462269603953353
-15.5,-21.5,4031,NA,NA,0.006124170880302855,0.05280018933924819
-13.5,-21.5,4032,NA,NA,0.010086814703935075,0.19429068433852884
-12.5,-21.5,4033,NA,NA,0.009052197164732068,0.19458851641562006
-11.5,-21.5,4034,NA,NA,0.00783372173251067,0.027149562917462906
-10.5,-21.5,4035,NA,NA,0.006663978294542989,0.035541465148485586
-9.5,-21.5,4036,NA,NA,0.008006973729866331,0.02327999262409772
-8.5,-21.5,4037,NA,NA,0.008915532973869328,0.02984556842379083
-7.5,-21.5,4038,NA,NA,0.008645548599122388,0.02796123175585414
-6.5,-21.5,4039,NA,NA,0.010152766192552181,0.033728953682974815
-5.5,-21.5,4040,NA,NA,0.010080792182476442,0.037079804827785535
-4.5,-21.5,4041,NA,NA,0.009581437484729142,0.034535864126491546
-3.5,-21.5,4042,NA,NA,0.007324437153006794,0.025944734304714227
-2.5,-21.5,4043,NA,NA,0.009216501572185412,0.030367866947796248
-1.5,-21.5,4044,NA,NA,0.009337230554244865,0.02775631584456904
-0.5,-21.5,4045,NA,NA,0.008678168042372366,0.02075504736947717
0.5,-21.5,4046,NA,NA,0.0077123285049565385,NA
1.5,-21.5,4047,NA,NA,0.010540483507914712,NA
2.5,-21.5,4048,NA,NA,0.006618774557872334,NA
3.5,-21.5,4049,NA,NA,0.008776309465330728,NA
4.5,-21.5,4050,NA,NA,0.012881829240938492,NA
5.5,-21.5,4051,NA,NA,0.009623433942457104,NA
6.5,-21.5,4052,NA,NA,0.009287851380771248,NA
7.5,-21.5,4053,NA,NA,0.009450597405365467,NA
8.5,-21.5,4054,NA,NA,0.007863084554256713,NA
9.5,-21.5,4055,NA,NA,0.007298966075547417,NA
-19.5,-20.5,4239,NA,NA,0.010059194578401267,0.03503452183000584
-18.5,-20.5,4240,NA,NA,0.0077888117203567956,0.024932367309398865
-17.5,-20.5,4241,NA,NA,0.007025630361774479,0.02208993795656031
-16.5,-20.5,4242,NA,NA,0.009155148400618492,0.029999466181461897
-14.5,-20.5,4243,NA,NA,0.010544819946492402,0.037478043357702745
-13.5,-20.5,4244,NA,NA,0.00839644543193499,0.038582636211125246
-12.5,-20.5,4245,NA,NA,0.011207543238187118,0.037533384056274585
-11.5,-20.5,4246,NA,NA,0.012157412429998652,0.0438404008044759
-10.5,-20.5,4247,NA,NA,0.009613388374278307,0.05046476945412426
-9.5,-20.5,4248,NA,NA,0.014353782045049626,0.04069634414138499
-8.5,-20.5,4249,NA,NA,0.0124094770502895,0.03379364926211313
-7.5,-20.5,4250,NA,NA,0.01217682729599274,0.03278409550758773
-6.5,-20.5,4251,NA,NA,0.012720793130888954,0.03634139630167882
-5.5,-20.5,4252,NA,NA,0.013020576105078074,0.041274922610005337
-4.5,-20.5,4253,NA,NA,0.013368171231184396,0.03789354107848912
-3.5,-20.5,4254,NA,NA,0.015053743991047268,0.039617425285969524
-2.5,-20.5,4255,NA,NA,0.013412448826336328,0.03230386101304943
-1.5,-20.5,4256,NA,NA,0.012131474831799135,0.028281569962102564
-0.5,-20.5,4257,NA,NA,0.012502230950527576,0.02588092858598362
0.5,-20.5,4258,NA,NA,0.01334222730233748,NA
1.5,-20.5,4259,NA,NA,0.014948469233753153,NA
2.5,-20.5,4260,NA,NA,0.007924797678739466,NA
3.5,-20.5,4261,NA,NA,0.008717946086596387,NA
4.5,-20.5,4262,NA,NA,0.009904864257720624,NA
5.5,-20.5,4263,NA,NA,0.013743910250189008,NA
6.5,-20.5,4264,NA,NA,0.018798938902335045,NA
7.5,-20.5,4265,NA,NA,0.014319493025806212,NA
8.5,-20.5,4266,NA,NA,0.007107404842378185,NA
9.5,-20.5,4267,NA,NA,0.005923910502229984,NA
-31.5,-19.5,4444,NA,NA,0.005303474226048371,0.09510454084166718
-30.5,-19.5,4445,NA,NA,0.005700280943714679,0.0359763390935488
-33.5,-18.5,4663,NA,NA,0.06518531606971273,0.03842007288308693
-32.5,-18.5,4664,NA,NA,0.00951849486430254,0.1059502349059162
-31.5,-18.5,4665,NA,NA,0.013878557574853782,0.14055292210290335
-30.5,-18.5,4666,NA,NA,0.012394917898866185,0.09199737853099825
-39.5,-17.5,4884,NA,NA,0.05791527200113647,0.046672845034318275
-33.5,-17.5,4885,NA,NA,0.07608515091005079,0.060734302534629955
-32.5,-17.5,4886,NA,NA,0.01320647958198174,0.17240753854286506
-31.5,-17.5,4887,NA,NA,0.021842146208247468,0.14118732890518368
-30.5,-17.5,4888,NA,NA,0.018387454277472157,0.14886088926091193
-39.5,-16.5,5105,NA,NA,0.027979799701809697,0.07004880749685648
-34.5,-16.5,5106,NA,NA,0.027623965488744615,0.023454736375923695
-33.5,-16.5,5107,NA,NA,0.013749003661419297,0.1528398888164954
-32.5,-16.5,5108,NA,NA,0.015800249877299454,0.15603056201192642
-31.5,-16.5,5109,NA,NA,0.017717323545312903,0.15062462590272274
-30.5,-16.5,5110,NA,NA,0.020779197643233716,0.1382768451430374
-39.5,-15.5,5329,NA,NA,0.013481324313234589,0.09296195793461653
-34.5,-15.5,5330,NA,NA,0.02582579795375798,0.07797733027055892
-33.5,-15.5,5331,NA,NA,0.01062466405181037,0.10108416243154232
-32.5,-15.5,5332,NA,NA,0.0159010484465875,0.1449543920726547
-31.5,-15.5,5333,NA,NA,0.01779621601943426,0.16399935759850764
-30.5,-15.5,5334,NA,NA,0.026145234372170867,0.2207313038468712
-39.5,-14.5,5557,NA,NA,0.01822466286682522,0.0769377090969588
-38.5,-14.5,5558,NA,NA,0.008107242517265733,0.06386193885906939
-34.5,-14.5,5559,NA,NA,0.020755928263862664,0.1480957485110884
-33.5,-14.5,5560,NA,NA,0.012779487297420606,0.17107798775804728
-32.5,-14.5,5561,NA,NA,0.013816006949507449,0.13308504586087463
-31.5,-14.5,5562,NA,NA,0.01208365302377929,0.11251463173705875
-30.5,-14.5,5563,NA,NA,0.015287139367063753,0.16841847462859705
-39.5,-13.5,5789,NA,NA,0.01959089343202501,0.051441181450558864
-38.5,-13.5,5790,NA,NA,0.015723624071397053,0.062114971884821894
-35.5,-13.5,5791,NA,NA,0.005087577478031715,0.22284449429050054
-34.5,-13.5,5792,NA,NA,0.013718572897941154,0.1547883554024198
-33.5,-13.5,5793,NA,NA,0.012748710391474762,0.09143571577707497
-32.5,-13.5,5794,NA,NA,0.013519932131016196,0.12184442763586795
-31.5,-13.5,5795,NA,NA,0.015679749008204503,0.15098951508077446
-30.5,-13.5,5796,NA,NA,0.018739219262129996,0.16464046010814543
-39.5,-12.5,6022,NA,NA,0.02076649710281215,0.14682177260110063
-38.5,-12.5,6023,NA,NA,0.034547052230922026,0.07232290642938095
-36.5,-12.5,6024,NA,NA,0.015208388874480186,0.051661328274231526
-35.5,-12.5,6025,NA,NA,0.016244481848468093,0.21723114412178687
-34.5,-12.5,6026,NA,NA,0.012001720103015937,0.1140033685377991
-33.5,-12.5,6027,NA,NA,0.013946549228813164,0.09401625702599703
-32.5,-12.5,6028,NA,NA,0.020260230248386055,0.19283555681237616
-31.5,-12.5,6029,NA,NA,0.017226063660101022,0.24779560198335535
-30.5,-12.5,6030,NA,NA,0.017752507569057573,0.2680492491604312
-39.5,-11.5,6262,NA,NA,0.020631440344747936,0.05550133901080586
-38.5,-11.5,6263,NA,NA,0.03024459304132136,0.10366093260636165
-36.5,-11.5,6264,NA,NA,0.016312124801884584,0.07339637082550902
-35.5,-11.5,6265,NA,NA,0.013365744435606772,0.13613348643319004
-34.5,-11.5,6266,NA,NA,0.012701149743747083,0.10697946549461446
-33.5,-11.5,6267,NA,NA,0.012697041470667013,0.14457947462528026
-32.5,-11.5,6268,NA,NA,0.014357428263513529,0.19473031545002872
-31.5,-11.5,6269,NA,NA,0.017187534849429628,0.1922741096742618
-30.5,-11.5,6270,NA,NA,0.025629328180859043,0.27583776449584546
-39.5,-10.5,6501,NA,NA,0.028521087787511126,0.08855465824003969
-38.5,-10.5,6502,NA,NA,0.04303571152332137,0.05006359157404962
-36.5,-10.5,6503,NA,NA,0.023598351185884128,0.07491810384632808
-35.5,-10.5,6504,NA,NA,0.028304104294611315,0.198062934864125
-34.5,-10.5,6505,NA,NA,0.023024392623735065,0.15046888008279374
-33.5,-10.5,6506,NA,NA,0.012335804164929985,0.20646389715325664
-32.5,-10.5,6507,NA,NA,0.014278626731009261,0.2052065621087347
-31.5,-10.5,6508,NA,NA,0.029427888407735945,0.16325901253327718
-30.5,-10.5,6509,NA,NA,0.05358895622715187,0.2821279889554291
90.5,-9.5,6860,NA,NA,0.010303982722788313,0.009313453744199368
91.5,-9.5,6861,NA,NA,0.010674175399064624,0.012000446540970707
92.5,-9.5,6862,NA,NA,0.010535057131788641,0.01298039341159053
93.5,-9.5,6863,NA,NA,0.010325056056462015,0.010034196284316387
94.5,-9.5,6864,NA,NA,0.009686507433954506,0.010991928508126988
95.5,-9.5,6865,NA,NA,0.011748404801753968,0.013745043966611492
96.5,-9.5,6866,NA,NA,0.02387638927883565,0.025019713674760736
97.5,-9.5,6867,NA,NA,0.0214795951661762,0.03685812444126566
98.5,-9.5,6868,NA,NA,0.02210706062144884,0.03840608558790043
99.5,-9.5,6869,NA,NA,0.03121447301734857,0.03396161332153831
90.5,-8.5,7082,NA,NA,0.012553651540231962,0.012127930631416201
91.5,-8.5,7083,NA,NA,0.010404995682829078,0.012019064355576625
92.5,-8.5,7084,NA,NA,0.011036698712779364,0.010153775250717537
93.5,-8.5,7085,NA,NA,0.010424376766331421,0.011938964248615163
94.5,-8.5,7086,NA,NA,0.023758540958584515,0.015615215921568693
95.5,-8.5,7087,NA,NA,0.01835047528958713,0.03166183092467027
96.5,-8.5,7088,NA,NA,0.019150744358714764,0.03088813863095086
97.5,-8.5,7089,NA,NA,0.022619089927521076,0.03721762992107356
98.5,-8.5,7090,NA,NA,0.029699999852375283,0.04938349256528415
99.5,-8.5,7091,NA,NA,0.03557600243826152,0.03862612349521744
90.5,-7.5,7301,NA,NA,0.013630478914945232,0.014459626028836573
91.5,-7.5,7302,NA,NA,0.012840976612868722,0.012934031184664192
92.5,-7.5,7303,NA,NA,0.019028299386153514,0.012470607378350216
93.5,-7.5,7304,NA,NA,0.01326064448497706,0.017416737767162502
94.5,-7.5,7305,NA,NA,0.017070108820323213,0.030753859103559045
95.5,-7.5,7306,NA,NA,0.019847365841151696,0.029845345208742474
96.5,-7.5,7307,NA,NA,0.025291723010885923,0.032788487990871217
97.5,-7.5,7308,NA,NA,0.027901303922718355,0.042031168745272976
98.5,-7.5,7309,NA,NA,0.05804577588499752,0.03650940854170493
99.5,-7.5,7310,NA,NA,0.22352575733444247,0.05856344575494156
90.5,-6.5,7526,NA,NA,0.02704268016815615,0.02111255744125261
91.5,-6.5,7527,NA,NA,0.014661562156683084,0.01609775589084707
92.5,-6.5,7528,NA,NA,0.012095547356170664,0.019540825276063812
93.5,-6.5,7529,NA,NA,0.014237847672655493,0.02483003543845682
94.5,-6.5,7530,NA,NA,0.024559879760197238,0.030561625900797182
95.5,-6.5,7531,NA,NA,0.025260828856878827,0.033603415174773874
96.5,-6.5,7532,NA,NA,0.02844273514702713,0.04296195588150727
97.5,-6.5,7533,NA,NA,0.04281390272146922,0.03795712736610661
98.5,-6.5,7534,NA,NA,0.044750484853029356,0.03481170719470439
99.5,-6.5,7535,NA,NA,0.053364583101820864,0.015658728465695295
90.5,-5.5,7751,NA,NA,0.017267454947695028,0.03537975127111693
91.5,-5.5,7752,NA,NA,0.015404604037538822,0.040242520460873524
92.5,-5.5,7753,NA,NA,0.01606302845956554,0.029132928773068802
93.5,-5.5,7754,NA,NA,0.018337168051419415,0.027535518382748606
94.5,-5.5,7755,NA,NA,0.0235246297257573,0.03285100385558763
95.5,-5.5,7756,NA,NA,0.0259056277802162,0.04187391993657729
96.5,-5.5,7757,NA,NA,0.04393440180784538,0.046616110536832255
97.5,-5.5,7758,NA,NA,0.04490995305429469,0.03782822887080928
98.5,-5.5,7759,NA,NA,0.03721338942051284,0.04138565763540876
90.5,-4.5,7978,NA,NA,0.018869728419543975,0.044641369711443356
91.5,-4.5,7979,NA,NA,0.020763507736216845,0.05117390030436521
92.5,-4.5,7980,NA,NA,0.017945380312032667,0.04774826066327165
93.5,-4.5,7981,NA,NA,0.018195581660572346,0.03945447731751793
94.5,-4.5,7982,NA,NA,0.026700879062791498,0.04465835379327659
95.5,-4.5,7983,NA,NA,0.031085109559392757,0.0558976269361272
96.5,-4.5,7984,NA,NA,0.04110600952797541,0.04213550676996145
97.5,-4.5,7985,NA,NA,0.0698677472219721,0.042523271654586116
98.5,-4.5,7986,NA,NA,0.07979416466565739,0.05671102205452023
90.5,-3.5,8197,NA,NA,0.037669461637472874,0.04959605364821475
91.5,-3.5,8198,NA,NA,0.044232353446035676,0.050418226958947585
92.5,-3.5,8199,NA,NA,0.033677783940887336,0.0513429705657109
93.5,-3.5,8200,NA,NA,0.028701848520233685,0.052597499318831425
94.5,-3.5,8201,NA,NA,0.027031130842049677,0.052511130753584975
95.5,-3.5,8202,NA,NA,0.028089761737436717,0.0455199383844104
96.5,-3.5,8203,NA,NA,0.036490882434313,0.05887109663870571
97.5,-3.5,8204,NA,NA,0.038225923677646594,0.027336761256060087
98.5,-3.5,8205,NA,NA,0.05319162801851818,0.025485306418120336
90.5,-2.5,8414,NA,NA,0.050082224116429416,0.050057513743441036
91.5,-2.5,8415,NA,NA,0.03645658138270946,0.032886850391134974
92.5,-2.5,8416,NA,NA,0.03366489890034072,0.04098414245385136
93.5,-2.5,8417,NA,NA,0.030484174042947274,0.028119184948240446
94.5,-2.5,8418,NA,NA,0.05047264542346036,0.030349776781082683
95.5,-2.5,8419,NA,NA,0.03812129503939077,0.06443837110055331
96.5,-2.5,8420,NA,NA,0.044751231181398364,0.08375216706609585
97.5,-2.5,8421,NA,NA,0.08653433258344939,0.047145718935603625
98.5,-2.5,8422,NA,NA,0.037415163621210196,0.035751736707745604
90.5,-1.5,8635,NA,NA,0.04282174740952309,0.027191807035511866
91.5,-1.5,8636,NA,NA,0.03369745832985804,0.036855175876169016
92.5,-1.5,8637,NA,NA,0.04573884043702227,0.027198267323397345
93.5,-1.5,8638,NA,NA,0.035042806215019866,0.03142281869744675
94.5,-1.5,8639,NA,NA,0.07388842275208972,0.025402754002168536
95.5,-1.5,8640,NA,NA,0.055120191669516,0.0520500129732147
96.5,-1.5,8641,NA,NA,0.10111365127588218,0.05418027361617072
97.5,-1.5,8642,NA,NA,0.08054700291596996,0.058614439668787856
98.5,-1.5,8643,NA,NA,0.09436900094401593,0.05235833574704439
90.5,-0.5,8850,NA,NA,0.0822774963577847,0.04721831267368933
91.5,-0.5,8851,NA,NA,0.04934959173732335,0.04297710084985799
92.5,-0.5,8852,NA,NA,0.04263004997339599,0.04153005000244267
93.5,-0.5,8853,NA,NA,0.0661968441544844,0.043747005437742195
94.5,-0.5,8854,NA,NA,0.10506091448203156,0.0611780712415759
95.5,-0.5,8855,NA,NA,0.19600500260709866,0.2059352369010219
96.5,-0.5,8856,NA,NA,0.24809332369598364,0.1749070994536297
97.5,-0.5,8857,NA,NA,0.1668075820949337,0.12193234979239373
98.5,-0.5,8858,NA,NA,0.1654824045688607,0.09645357430041074
99.5,-0.5,8859,NA,NA,0.04444961233239628,0.009791732170878024
-89.5,-39.5,51,NA,NA,NA,0.010558210695564707
-88.5,-39.5,52,NA,NA,NA,0.009433686572369983
-87.5,-39.5,53,NA,NA,NA,0.009315247737471836
-86.5,-39.5,54,NA,NA,NA,0.010478337221986043
-85.5,-39.5,55,NA,NA,NA,0.010309946545858253
-84.5,-39.5,56,NA,NA,NA,0.013012210558909389
-83.5,-39.5,57,NA,NA,NA,0.01240280028352685
-82.5,-39.5,58,NA,NA,NA,0.011958995525788644
-81.5,-39.5,59,NA,NA,NA,0.011940479375286375
-80.5,-39.5,60,NA,NA,NA,0.012240758707608124
70.5,-39.5,204,NA,NA,NA,0.010122967022265677
71.5,-39.5,205,NA,NA,NA,0.010667462040216485
72.5,-39.5,206,NA,NA,NA,0.010565907346253072
73.5,-39.5,207,NA,NA,NA,0.013658067201812132
74.5,-39.5,208,NA,NA,NA,0.01830599574556494
75.5,-39.5,209,NA,NA,NA,0.016829511471039647
76.5,-39.5,210,NA,NA,NA,0.017365549715361
77.5,-39.5,211,NA,NA,NA,0.016857732068181773
78.5,-39.5,212,NA,NA,NA,0.016365420130253577
79.5,-39.5,213,NA,NA,NA,0.016863724007181204
90.5,-39.5,224,NA,NA,NA,0.013177036744809377
91.5,-39.5,225,NA,NA,NA,0.014863853813401532
92.5,-39.5,226,NA,NA,NA,0.014914373381778007
93.5,-39.5,227,NA,NA,NA,0.020775949425732812
94.5,-39.5,228,NA,NA,NA,0.020113798096846977
95.5,-39.5,229,NA,NA,NA,0.022230741731462764
96.5,-39.5,230,NA,NA,NA,0.02287014516185175
97.5,-39.5,231,NA,NA,NA,0.024623210177526233
98.5,-39.5,232,NA,NA,NA,0.028677979558629663
99.5,-39.5,233,NA,NA,NA,0.03214255590176762
-89.5,-38.5,291,NA,NA,NA,0.009551079343995659
-88.5,-38.5,292,NA,NA,NA,0.010637593793887807
-87.5,-38.5,293,NA,NA,NA,0.009960352858920624
-86.5,-38.5,294,NA,NA,NA,0.010178894815756961
-85.5,-38.5,295,NA,NA,NA,0.010237434376895567
-84.5,-38.5,296,NA,NA,NA,0.010873460567477601
-83.5,-38.5,297,NA,NA,NA,0.011102433445391047
-82.5,-38.5,298,NA,NA,NA,0.011346755114750938
-81.5,-38.5,299,NA,NA,NA,0.011557769021908144
-80.5,-38.5,300,NA,NA,NA,0.011164200249311147
70.5,-38.5,442,NA,NA,NA,0.012531256092032936
71.5,-38.5,443,NA,NA,NA,0.011885758068761475
72.5,-38.5,444,NA,NA,NA,0.011907808870185997
73.5,-38.5,445,NA,NA,NA,0.012064975129651899
74.5,-38.5,446,NA,NA,NA,0.012927222345906616
75.5,-38.5,447,NA,NA,NA,0.013067581736875656
76.5,-38.5,448,NA,NA,NA,0.01327261843997509
77.5,-38.5,449,NA,NA,NA,0.013528055255369917
78.5,-38.5,450,NA,NA,NA,0.014881917597853511
79.5,-38.5,451,NA,NA,NA,0.013603900218602643
90.5,-38.5,462,NA,NA,NA,0.011031343107663898
91.5,-38.5,463,NA,NA,NA,0.011453194476107955
92.5,-38.5,464,NA,NA,NA,0.011692918263131544
93.5,-38.5,465,NA,NA,NA,0.012267152222711786
94.5,-38.5,466,NA,NA,NA,0.014460579897544852
95.5,-38.5,467,NA,NA,NA,0.01679921780773421
96.5,-38.5,468,NA,NA,NA,0.01819018110845103
97.5,-38.5,469,NA,NA,NA,0.022520618266213772
98.5,-38.5,470,NA,NA,NA,0.028884345859086617
99.5,-38.5,471,NA,NA,NA,0.033110918473561714
-89.5,-37.5,528,NA,NA,NA,0.014410686488807988
-88.5,-37.5,529,NA,NA,NA,0.013909908832428918
-87.5,-37.5,530,NA,NA,NA,0.017643622732744953
-86.5,-37.5,531,NA,NA,NA,0.01901960890826443
-85.5,-37.5,532,NA,NA,NA,0.017561259452767777
-84.5,-37.5,533,NA,NA,NA,0.01633673271412513
-83.5,-37.5,534,NA,NA,NA,0.015396327975233498
-82.5,-37.5,535,NA,NA,NA,0.01158141954624697
-81.5,-37.5,536,NA,NA,NA,0.011494045628416853
-80.5,-37.5,537,NA,NA,NA,0.01142668133479038
70.5,-37.5,677,NA,NA,NA,0.013370598403619087
71.5,-37.5,678,NA,NA,NA,0.013116828373235228
72.5,-37.5,679,NA,NA,NA,0.01331349381420809
73.5,-37.5,680,NA,NA,NA,0.01367533960328441
74.5,-37.5,681,NA,NA,NA,0.0171120351713762
75.5,-37.5,682,NA,NA,NA,0.01564946070157136
76.5,-37.5,683,NA,NA,NA,0.015586167196249487
77.5,-37.5,684,NA,NA,NA,0.016648493204222566
78.5,-37.5,685,NA,NA,NA,0.015866359701325425
79.5,-37.5,686,NA,NA,NA,0.016937111110741414
90.5,-37.5,697,NA,NA,NA,0.01025314775063063
91.5,-37.5,698,NA,NA,NA,0.012370688978249106
92.5,-37.5,699,NA,NA,NA,0.012774511027055018
93.5,-37.5,700,NA,NA,NA,0.013107277704291324
94.5,-37.5,701,NA,NA,NA,0.014678386893279901
95.5,-37.5,702,NA,NA,NA,0.01567917846965914
96.5,-37.5,703,NA,NA,NA,0.01692301913956608
97.5,-37.5,704,NA,NA,NA,0.018816945043732665
98.5,-37.5,705,NA,NA,NA,0.02409694428416708
99.5,-37.5,706,NA,NA,NA,0.030579888426810045
-89.5,-36.5,763,NA,NA,NA,0.011131045797061097
-88.5,-36.5,764,NA,NA,NA,0.010875750388080637
-87.5,-36.5,765,NA,NA,NA,0.012540171461186774
-86.5,-36.5,766,NA,NA,NA,0.012828575175187887
-85.5,-36.5,767,NA,NA,NA,0.012456201316288757
-84.5,-36.5,768,NA,NA,NA,0.012364728841535956
-83.5,-36.5,769,NA,NA,NA,0.010948598280550965
-82.5,-36.5,770,NA,NA,NA,0.010895305434453863
-81.5,-36.5,771,NA,NA,NA,0.01122084222576566
-80.5,-36.5,772,NA,NA,NA,0.022379501034331926
70.5,-36.5,912,NA,NA,NA,0.012611888602065252
71.5,-36.5,913,NA,NA,NA,0.011593000587241432
72.5,-36.5,914,NA,NA,NA,0.01398058397372246
73.5,-36.5,915,NA,NA,NA,0.013964952964852641
74.5,-36.5,916,NA,NA,NA,0.014289148627833538
75.5,-36.5,917,NA,NA,NA,0.013212098317206735
76.5,-36.5,918,NA,NA,NA,0.0145124451528289
77.5,-36.5,919,NA,NA,NA,0.014175253932434014
78.5,-36.5,920,NA,NA,NA,0.015140117168059105
79.5,-36.5,921,NA,NA,NA,0.015231055039204
90.5,-36.5,932,NA,NA,NA,0.01273800465769026
91.5,-36.5,933,NA,NA,NA,0.013540306785530691
92.5,-36.5,934,NA,NA,NA,0.013638199837058102
93.5,-36.5,935,NA,NA,NA,0.017028116941510688
94.5,-36.5,936,NA,NA,NA,0.01880311905832153
95.5,-36.5,937,NA,NA,NA,0.020878121548570012
96.5,-36.5,938,NA,NA,NA,0.024614564194910874
97.5,-36.5,939,NA,NA,NA,0.02916716646786397
98.5,-36.5,940,NA,NA,NA,0.026715774859108636
99.5,-36.5,941,NA,NA,NA,0.030132565843921676
-89.5,-35.5,999,NA,NA,NA,0.017068168516429554
-88.5,-35.5,1000,NA,NA,NA,0.01598890305701726
-87.5,-35.5,1001,NA,NA,NA,0.016454373526179986
-86.5,-35.5,1002,NA,NA,NA,0.01692447750271055
-85.5,-35.5,1003,NA,NA,NA,0.01655138597801833
-84.5,-35.5,1004,NA,NA,NA,0.015528367474173752
-83.5,-35.5,1005,NA,NA,NA,0.01902075189647452
-82.5,-35.5,1006,NA,NA,NA,0.014323556346897795
-81.5,-35.5,1007,NA,NA,NA,0.013682220885722574
-80.5,-35.5,1008,NA,NA,NA,0.013212877305645942
70.5,-35.5,1144,NA,NA,NA,0.012285785373656686
71.5,-35.5,1145,NA,NA,NA,0.011730249914258303
72.5,-35.5,1146,NA,NA,NA,0.011572183474790694
73.5,-35.5,1147,NA,NA,NA,0.011096645782070747
74.5,-35.5,1148,NA,NA,NA,0.011264872832639296
75.5,-35.5,1149,NA,NA,NA,0.011506448339986543
76.5,-35.5,1150,NA,NA,NA,0.011549577414787694
77.5,-35.5,1151,NA,NA,NA,0.010948522256525412
78.5,-35.5,1152,NA,NA,NA,0.012607440230355066
79.5,-35.5,1153,NA,NA,NA,0.012490297311331864
90.5,-35.5,1164,NA,NA,NA,0.015240764772083457
91.5,-35.5,1165,NA,NA,NA,0.01450269717213746
92.5,-35.5,1166,NA,NA,NA,0.018114724923305573
93.5,-35.5,1167,NA,NA,NA,0.020553769797614696
94.5,-35.5,1168,NA,NA,NA,0.02352742013676666
95.5,-35.5,1169,NA,NA,NA,0.028155395789958293
96.5,-35.5,1170,NA,NA,NA,0.029201935073960704
97.5,-35.5,1171,NA,NA,NA,0.034406697074338105
98.5,-35.5,1172,NA,NA,NA,0.03613674411055719
99.5,-35.5,1173,NA,NA,NA,0.03350998123463469
-89.5,-34.5,1231,NA,NA,NA,0.01743562578941481
-88.5,-34.5,1232,NA,NA,NA,0.016678863036211203
-87.5,-34.5,1233,NA,NA,NA,0.016255306595673216
-86.5,-34.5,1234,NA,NA,NA,0.01635951674056767
-85.5,-34.5,1235,NA,NA,NA,0.014579948550279706
-84.5,-34.5,1236,NA,NA,NA,0.016960434397142586
-83.5,-34.5,1237,NA,NA,NA,0.017387635683184976
-82.5,-34.5,1238,NA,NA,NA,0.017311914590264772
-81.5,-34.5,1239,NA,NA,NA,0.01480153747990305
-80.5,-34.5,1240,NA,NA,NA,0.012055031249228552
70.5,-34.5,1372,NA,NA,NA,0.011704811742205246
71.5,-34.5,1373,NA,NA,NA,0.011753039566349035
72.5,-34.5,1374,NA,NA,NA,0.01282944908734798
73.5,-34.5,1375,NA,NA,NA,0.013612650235112617
74.5,-34.5,1376,NA,NA,NA,0.013415969346781735
75.5,-34.5,1377,NA,NA,NA,0.013378257419559681
76.5,-34.5,1378,NA,NA,NA,0.015087709756563093
77.5,-34.5,1379,NA,NA,NA,0.017781445378186725
78.5,-34.5,1380,NA,NA,NA,0.01585137476897603
79.5,-34.5,1381,NA,NA,NA,0.016850305878987778
90.5,-34.5,1392,NA,NA,NA,0.013850725798196262
91.5,-34.5,1393,NA,NA,NA,0.018178095030695413
92.5,-34.5,1394,NA,NA,NA,0.02777191242077043
93.5,-34.5,1395,NA,NA,NA,0.02504088954246262
94.5,-34.5,1396,NA,NA,NA,0.03389532440569099
95.5,-34.5,1397,NA,NA,NA,0.03194438058236866
96.5,-34.5,1398,NA,NA,NA,0.034640633645351034
97.5,-34.5,1399,NA,NA,NA,0.03249529299587983
98.5,-34.5,1400,NA,NA,NA,0.03143250745025048
99.5,-34.5,1401,NA,NA,NA,0.048259323954677795
-89.5,-33.5,1460,NA,NA,NA,0.010506783911767582
-88.5,-33.5,1461,NA,NA,NA,0.011689741214633209
-87.5,-33.5,1462,NA,NA,NA,0.011185371146731713
-86.5,-33.5,1463,NA,NA,NA,0.010422775846130279
-85.5,-33.5,1464,NA,NA,NA,0.010126419703673655
-84.5,-33.5,1465,NA,NA,NA,0.011662800237817036
-83.5,-33.5,1466,NA,NA,NA,0.012155705768513846
-82.5,-33.5,1467,NA,NA,NA,0.010826275420928295
-81.5,-33.5,1468,NA,NA,NA,0.01168422487092994
-80.5,-33.5,1469,NA,NA,NA,0.012133173872842807
70.5,-33.5,1595,NA,NA,NA,0.012601015586813789
71.5,-33.5,1596,NA,NA,NA,0.013588693344532738
72.5,-33.5,1597,NA,NA,NA,0.011372485452564024
73.5,-33.5,1598,NA,NA,NA,0.011419977460148781
74.5,-33.5,1599,NA,NA,NA,0.012261190318426646
75.5,-33.5,1600,NA,NA,NA,0.014431742191613812
76.5,-33.5,1601,NA,NA,NA,0.012669369678536204
77.5,-33.5,1602,NA,NA,NA,0.011106646102230836
78.5,-33.5,1603,NA,NA,NA,0.010752478160230765
79.5,-33.5,1604,NA,NA,NA,0.010225467295008516
90.5,-33.5,1615,NA,NA,NA,0.012883994198202313
91.5,-33.5,1616,NA,NA,NA,0.018938849041757744
92.5,-33.5,1617,NA,NA,NA,0.023804728851334604
93.5,-33.5,1618,NA,NA,NA,0.028063343425620974
94.5,-33.5,1619,NA,NA,NA,0.03278553295764179
95.5,-33.5,1620,NA,NA,NA,0.03472047193701933
96.5,-33.5,1621,NA,NA,NA,0.04082790480970544
97.5,-33.5,1622,NA,NA,NA,0.04103427801723143
98.5,-33.5,1623,NA,NA,NA,0.0561691037777071
99.5,-33.5,1624,NA,NA,NA,0.04183629694251745
-89.5,-32.5,1683,NA,NA,NA,0.010330764681073697
-88.5,-32.5,1684,NA,NA,NA,0.009697048844483983
-87.5,-32.5,1685,NA,NA,NA,0.009024187511391614
-86.5,-32.5,1686,NA,NA,NA,0.009322289056716709
-85.5,-32.5,1687,NA,NA,NA,0.010652399117759358
-84.5,-32.5,1688,NA,NA,NA,0.009324995030558317
-83.5,-32.5,1689,NA,NA,NA,0.008226877891138984
-82.5,-32.5,1690,NA,NA,NA,0.008249131534792817
-81.5,-32.5,1691,NA,NA,NA,0.00853503335642449
-80.5,-32.5,1692,NA,NA,NA,0.008530232156269229
70.5,-32.5,1814,NA,NA,NA,0.012030508888576881
71.5,-32.5,1815,NA,NA,NA,0.012069460869593422
72.5,-32.5,1816,NA,NA,NA,0.011250088096874552
73.5,-32.5,1817,NA,NA,NA,0.011792160838552284
74.5,-32.5,1818,NA,NA,NA,0.01208707394173749
75.5,-32.5,1819,NA,NA,NA,0.013307133595027151
76.5,-32.5,1820,NA,NA,NA,0.015931602946172605
77.5,-32.5,1821,NA,NA,NA,0.012898503392616143
78.5,-32.5,1822,NA,NA,NA,0.011474257507765422
79.5,-32.5,1823,NA,NA,NA,0.008714038011462068
90.5,-32.5,1834,NA,NA,NA,0.011599430824181422
91.5,-32.5,1835,NA,NA,NA,0.014652838086465992
92.5,-32.5,1836,NA,NA,NA,0.022478918878768867
93.5,-32.5,1837,NA,NA,NA,0.026516410153564554
94.5,-32.5,1838,NA,NA,NA,0.028393079561552362
95.5,-32.5,1839,NA,NA,NA,0.029221111642378002
96.5,-32.5,1840,NA,NA,NA,0.04016940562695548
97.5,-32.5,1841,NA,NA,NA,0.0394690544040053
98.5,-32.5,1842,NA,NA,NA,0.04073532153647249
99.5,-32.5,1843,NA,NA,NA,0.037534947982828366
-89.5,-31.5,1903,NA,NA,NA,0.012149719776030287
-88.5,-31.5,1904,NA,NA,NA,0.01038261609681274
-87.5,-31.5,1905,NA,NA,NA,0.011508554490306189
-86.5,-31.5,1906,NA,NA,NA,0.011778327146424883
-85.5,-31.5,1907,NA,NA,NA,0.011405217125189448
-84.5,-31.5,1908,NA,NA,NA,0.010452355734953343
-83.5,-31.5,1909,NA,NA,NA,0.010623474320426056
-82.5,-31.5,1910,NA,NA,NA,0.011274729361300835
-81.5,-31.5,1911,NA,NA,NA,0.010711902800596031
-80.5,-31.5,1912,NA,NA,NA,0.010434061482369526
70.5,-31.5,2025,NA,NA,NA,0.013179877904437963
71.5,-31.5,2026,NA,NA,NA,0.013361766661815395
72.5,-31.5,2027,NA,NA,NA,0.009785907417607563
73.5,-31.5,2028,NA,NA,NA,0.009407127203562156
74.5,-31.5,2029,NA,NA,NA,0.010478652664189281
75.5,-31.5,2030,NA,NA,NA,0.013577464959496558
76.5,-31.5,2031,NA,NA,NA,0.010765360004390654
77.5,-31.5,2032,NA,NA,NA,0.010144455312580725
78.5,-31.5,2033,NA,NA,NA,0.011454143079680663
79.5,-31.5,2034,NA,NA,NA,0.011208927098271138
90.5,-31.5,2045,NA,NA,NA,0.013720719400401106
91.5,-31.5,2046,NA,NA,NA,0.013777812022104263
92.5,-31.5,2047,NA,NA,NA,0.01571438173117198
93.5,-31.5,2048,NA,NA,NA,0.023348768896874563
94.5,-31.5,2049,NA,NA,NA,0.02264304992283783
95.5,-31.5,2050,NA,NA,NA,0.029484889358282754
96.5,-31.5,2051,NA,NA,NA,0.030395398445725703
97.5,-31.5,2052,NA,NA,NA,0.034530934426990435
98.5,-31.5,2053,NA,NA,NA,0.03769607820605119
99.5,-31.5,2054,NA,NA,NA,0.03895442113304495
-89.5,-30.5,2113,NA,NA,NA,0.008321838577953806
-88.5,-30.5,2114,NA,NA,NA,0.008876890785966469
-87.5,-30.5,2115,NA,NA,NA,0.008368682304473619
-86.5,-30.5,2116,NA,NA,NA,0.008436823793291843
-85.5,-30.5,2117,NA,NA,NA,0.00832085259870681
-84.5,-30.5,2118,NA,NA,NA,0.008704330828621121
-83.5,-30.5,2119,NA,NA,NA,0.009936887426865196
-82.5,-30.5,2120,NA,NA,NA,0.008931539008150198
-81.5,-30.5,2121,NA,NA,NA,0.008403949849252156
-80.5,-30.5,2122,NA,NA,NA,0.008890800060294647
70.5,-30.5,2235,NA,NA,NA,0.0058670926476598806
71.5,-30.5,2236,NA,NA,NA,0.005800146583119774
72.5,-30.5,2237,NA,NA,NA,0.005825573339398886
73.5,-30.5,2238,NA,NA,NA,0.007191281455136871
74.5,-30.5,2239,NA,NA,NA,0.010756606608960679
75.5,-30.5,2240,NA,NA,NA,0.01315395733960336
76.5,-30.5,2241,NA,NA,NA,0.012390790648535713
77.5,-30.5,2242,NA,NA,NA,0.011431509143092215
78.5,-30.5,2243,NA,NA,NA,0.010368264741476915
79.5,-30.5,2244,NA,NA,NA,0.00984598197520531
90.5,-30.5,2255,NA,NA,NA,0.011686706173821535
91.5,-30.5,2256,NA,NA,NA,0.011442374222440944
92.5,-30.5,2257,NA,NA,NA,0.014097010886981459
93.5,-30.5,2258,NA,NA,NA,0.014930187134384865
94.5,-30.5,2259,NA,NA,NA,0.019825136722518233
95.5,-30.5,2260,NA,NA,NA,0.01888327628756007
96.5,-30.5,2261,NA,NA,NA,0.026000444138408157
97.5,-30.5,2262,NA,NA,NA,0.03211908298707228
98.5,-30.5,2263,NA,NA,NA,0.03360831656311512
99.5,-30.5,2264,NA,NA,NA,0.0334231215004667
-129.5,-29.5,2283,NA,NA,NA,0.009608579495112866
-128.5,-29.5,2284,NA,NA,NA,0.0057941351466584785
-127.5,-29.5,2285,NA,NA,NA,0.007300149419768857
-126.5,-29.5,2286,NA,NA,NA,0.005784193804039776
-125.5,-29.5,2287,NA,NA,NA,0.005570956356677458
-124.5,-29.5,2288,NA,NA,NA,0.0059036854545150555
-123.5,-29.5,2289,NA,NA,NA,0.011464525415945606
-122.5,-29.5,2290,NA,NA,NA,0.014393652257701539
-121.5,-29.5,2291,NA,NA,NA,0.010119016824469133
-120.5,-29.5,2292,NA,NA,NA,0.00764795575600841
30.5,-29.5,2405,NA,NA,NA,0.01166725988529648
31.5,-29.5,2406,NA,NA,NA,0.016518277894900558
32.5,-29.5,2407,NA,NA,NA,0.016151953469662285
33.5,-29.5,2408,NA,NA,NA,0.016638109332716818
34.5,-29.5,2409,NA,NA,NA,0.017087195164275884
35.5,-29.5,2410,NA,NA,NA,0.016080527768671225
36.5,-29.5,2411,NA,NA,NA,0.01724864640532674
37.5,-29.5,2412,NA,NA,NA,0.01777701892054137
38.5,-29.5,2413,NA,NA,NA,0.018541376369992972
39.5,-29.5,2414,NA,NA,NA,0.017944596923548505
40.5,-29.5,2415,NA,NA,NA,0.018186654822295655
41.5,-29.5,2416,NA,NA,NA,0.015175166820389158
42.5,-29.5,2417,NA,NA,NA,0.012401634950060988
43.5,-29.5,2418,NA,NA,NA,0.010617540851163353
44.5,-29.5,2419,NA,NA,NA,0.010027997815541374
45.5,-29.5,2420,NA,NA,NA,0.011037206350849371
46.5,-29.5,2421,NA,NA,NA,0.012194488750659462
47.5,-29.5,2422,NA,NA,NA,0.013193694951707264
48.5,-29.5,2423,NA,NA,NA,0.0140684400061584
49.5,-29.5,2424,NA,NA,NA,0.014681454605549291
80.5,-29.5,2455,NA,NA,NA,0.008015579546937783
81.5,-29.5,2456,NA,NA,NA,0.0075883289267159836
82.5,-29.5,2457,NA,NA,NA,0.00797985969515877
83.5,-29.5,2458,NA,NA,NA,0.0062613924194197595
84.5,-29.5,2459,NA,NA,NA,0.0057721469767868586
85.5,-29.5,2460,NA,NA,NA,0.00709293532527009
86.5,-29.5,2461,NA,NA,NA,0.006270216450190584
87.5,-29.5,2462,NA,NA,NA,0.005492358813478417
88.5,-29.5,2463,NA,NA,NA,0.005683062340096094
89.5,-29.5,2464,NA,NA,NA,0.006340071223840808
90.5,-29.5,2465,NA,NA,NA,0.00797265891694517
91.5,-29.5,2466,NA,NA,NA,0.0160833469521509
92.5,-29.5,2467,NA,NA,NA,0.011826869228156013
93.5,-29.5,2468,NA,NA,NA,0.013786544576620898
94.5,-29.5,2469,NA,NA,NA,0.01664081397583363
95.5,-29.5,2470,NA,NA,NA,0.021015398601705756
96.5,-29.5,2471,NA,NA,NA,0.022730612967452903
97.5,-29.5,2472,NA,NA,NA,0.033493405455534433
98.5,-29.5,2473,NA,NA,NA,0.03398245166790382
99.5,-29.5,2474,NA,NA,NA,0.033259290807337166
-129.5,-28.5,2494,NA,NA,NA,0.007170817611443148
-128.5,-28.5,2495,NA,NA,NA,0.00709965789436355
-127.5,-28.5,2496,NA,NA,NA,0.006818992212835166
-126.5,-28.5,2497,NA,NA,NA,0.007187196956324908
-125.5,-28.5,2498,NA,NA,NA,0.006966625494895562
-124.5,-28.5,2499,NA,NA,NA,0.00630246061213861
-123.5,-28.5,2500,NA,NA,NA,0.0055301053051671325
-122.5,-28.5,2501,NA,NA,NA,0.005486319867226644
-121.5,-28.5,2502,NA,NA,NA,0.005620807964246254
-120.5,-28.5,2503,NA,NA,NA,0.0057610404649729875
30.5,-28.5,2615,NA,NA,NA,0.016828824727638195
31.5,-28.5,2616,NA,NA,NA,0.01865712536457755
32.5,-28.5,2617,NA,NA,NA,0.019983636467034514
33.5,-28.5,2618,NA,NA,NA,0.020109719380289763
34.5,-28.5,2619,NA,NA,NA,0.01972578875882077
35.5,-28.5,2620,NA,NA,NA,0.023127821038100984
36.5,-28.5,2621,NA,NA,NA,0.018490627617993735
37.5,-28.5,2622,NA,NA,NA,0.01601959909116704
38.5,-28.5,2623,NA,NA,NA,0.01748876711763469
39.5,-28.5,2624,NA,NA,NA,0.017156041167017706
40.5,-28.5,2625,NA,NA,NA,0.02158612660972945
41.5,-28.5,2626,NA,NA,NA,0.014961946176267707
42.5,-28.5,2627,NA,NA,NA,0.011283614935878383
43.5,-28.5,2628,NA,NA,NA,0.0093608959482727825
44.5,-28.5,2629,NA,NA,NA,0.00778056362871989
45.5,-28.5,2630,NA,NA,NA,0.0079774159928694
46.5,-28.5,2631,NA,NA,NA,0.008964110090920109
47.5,-28.5,2632,NA,NA,NA,0.01065213811223649
48.5,-28.5,2633,NA,NA,NA,0.011740737317242919
49.5,-28.5,2634,NA,NA,NA,0.011256743409121311
80.5,-28.5,2665,NA,NA,NA,0.007214768706579179
81.5,-28.5,2666,NA,NA,NA,0.005830421236226491
82.5,-28.5,2667,NA,NA,NA,0.006259047309835113
83.5,-28.5,2668,NA,NA,NA,0.004458822166538886
84.5,-28.5,2669,NA,NA,NA,0.003808722800401989
85.5,-28.5,2670,NA,NA,NA,0.003673432192416679
86.5,-28.5,2671,NA,NA,NA,0.0037838578790799194
87.5,-28.5,2672,NA,NA,NA,0.006999243210588108
88.5,-28.5,2673,NA,NA,NA,0.0080755821900117
89.5,-28.5,2674,NA,NA,NA,0.009805357712769254
90.5,-28.5,2675,NA,NA,NA,0.006157093322383262
91.5,-28.5,2676,NA,NA,NA,0.007395649972879448
92.5,-28.5,2677,NA,NA,NA,0.009484227292181905
93.5,-28.5,2678,NA,NA,NA,0.012256357734237642
94.5,-28.5,2679,NA,NA,NA,0.01495082506536616
95.5,-28.5,2680,NA,NA,NA,0.01957924227327402
96.5,-28.5,2681,NA,NA,NA,0.02639420373093068
97.5,-28.5,2682,NA,NA,NA,0.028316609317535973
98.5,-28.5,2683,NA,NA,NA,0.02832423541938816
99.5,-28.5,2684,NA,NA,NA,0.0315488614644957
-129.5,-27.5,2704,NA,NA,NA,0.015739657785924375
-128.5,-27.5,2705,NA,NA,NA,0.009265357829102316
-127.5,-27.5,2706,NA,NA,NA,0.010118954161572262
-126.5,-27.5,2707,NA,NA,NA,0.012811008249119965
-125.5,-27.5,2708,NA,NA,NA,0.014349029112629337
-124.5,-27.5,2709,NA,NA,NA,0.014122785314356266
-123.5,-27.5,2710,NA,NA,NA,0.010080602258812452
-122.5,-27.5,2711,NA,NA,NA,0.009683655551760482
-121.5,-27.5,2712,NA,NA,NA,0.008728609697155294
-120.5,-27.5,2713,NA,NA,NA,0.00783894659253575
30.5,-27.5,2825,NA,NA,NA,0.019327450162634822
31.5,-27.5,2826,NA,NA,NA,0.01891687249082145
32.5,-27.5,2827,NA,NA,NA,0.01719776999156075
33.5,-27.5,2828,NA,NA,NA,0.02018339495189731
34.5,-27.5,2829,NA,NA,NA,0.020719247372267803
35.5,-27.5,2830,NA,NA,NA,0.020334749308338715
36.5,-27.5,2831,NA,NA,NA,0.013366742756723884
37.5,-27.5,2832,NA,NA,NA,0.015561882662310187
38.5,-27.5,2833,NA,NA,NA,0.015522596956855516
39.5,-27.5,2834,NA,NA,NA,0.014078781672717132
40.5,-27.5,2835,NA,NA,NA,0.012510771972404921
41.5,-27.5,2836,NA,NA,NA,0.008431218395632595
42.5,-27.5,2837,NA,NA,NA,0.00781155054734792
43.5,-27.5,2838,NA,NA,NA,0.008639031856254541
44.5,-27.5,2839,NA,NA,NA,0.010027235089982508
45.5,-27.5,2840,NA,NA,NA,0.009519355598512087
46.5,-27.5,2841,NA,NA,NA,0.010788091998734421
47.5,-27.5,2842,NA,NA,NA,0.010592751789354427
48.5,-27.5,2843,NA,NA,NA,0.010580082847800544
49.5,-27.5,2844,NA,NA,NA,0.01093032252236706
80.5,-27.5,2875,NA,NA,NA,0.006578219713443695
81.5,-27.5,2876,NA,NA,NA,0.004536832449800321
82.5,-27.5,2877,NA,NA,NA,0.0039474296502962965
83.5,-27.5,2878,NA,NA,NA,0.005995963913669475
84.5,-27.5,2879,NA,NA,NA,0.005636499631019116
85.5,-27.5,2880,NA,NA,NA,0.006671708248534127
86.5,-27.5,2881,NA,NA,NA,0.0034708703020845466
87.5,-27.5,2882,NA,NA,NA,0.004123179915726837
88.5,-27.5,2883,NA,NA,NA,0.004786869264303737
89.5,-27.5,2884,NA,NA,NA,0.005314591796187956
90.5,-27.5,2885,NA,NA,NA,0.007661709437204203
91.5,-27.5,2886,NA,NA,NA,0.007823058911022175
92.5,-27.5,2887,NA,NA,NA,0.009507326281564601
93.5,-27.5,2888,NA,NA,NA,0.012891517300953162
94.5,-27.5,2889,NA,NA,NA,0.014548357429989965
95.5,-27.5,2890,NA,NA,NA,0.026757296224057488
96.5,-27.5,2891,NA,NA,NA,0.029188408745100196
97.5,-27.5,2892,NA,NA,NA,0.029620690135066654
98.5,-27.5,2893,NA,NA,NA,0.02895971700830839
99.5,-27.5,2894,NA,NA,NA,0.025856609428830953
-129.5,-26.5,2914,NA,NA,NA,0.025386521816624787
-128.5,-26.5,2915,NA,NA,NA,0.03422560092892975
-127.5,-26.5,2916,NA,NA,NA,0.040603427967055794
-126.5,-26.5,2917,NA,NA,NA,0.022682921642479335
-125.5,-26.5,2918,NA,NA,NA,0.02734793771361696
-124.5,-26.5,2919,NA,NA,NA,0.02391001783206222
-123.5,-26.5,2920,NA,NA,NA,0.022400039765769948
-122.5,-26.5,2921,NA,NA,NA,0.018566598508145647
-121.5,-26.5,2922,NA,NA,NA,0.01448011650659349
-120.5,-26.5,2923,NA,NA,NA,0.014403106700454372
30.5,-26.5,3034,NA,NA,NA,0.008778275585437737
31.5,-26.5,3035,NA,NA,NA,0.008826930193428112
32.5,-26.5,3036,NA,NA,NA,0.01342581258046918
33.5,-26.5,3037,NA,NA,NA,0.012891471932396982
34.5,-26.5,3038,NA,NA,NA,0.013181101597433329
35.5,-26.5,3039,NA,NA,NA,0.01287506726705437
36.5,-26.5,3040,NA,NA,NA,0.010544905931488607
37.5,-26.5,3041,NA,NA,NA,0.010632929003244708
38.5,-26.5,3042,NA,NA,NA,0.011590708630203722
39.5,-26.5,3043,NA,NA,NA,0.01065022639910492
40.5,-26.5,3044,NA,NA,NA,0.009339412002053038
41.5,-26.5,3045,NA,NA,NA,0.007660112763932021
42.5,-26.5,3046,NA,NA,NA,0.008713415440947437
43.5,-26.5,3047,NA,NA,NA,0.00905834094304606
44.5,-26.5,3048,NA,NA,NA,0.008884163362792007
45.5,-26.5,3049,NA,NA,NA,0.008815014524906201
46.5,-26.5,3050,NA,NA,NA,0.008945789347317427
47.5,-26.5,3051,NA,NA,NA,0.009481129025098574
48.5,-26.5,3052,NA,NA,NA,0.0105011737617078
49.5,-26.5,3053,NA,NA,NA,0.00877550254385911
80.5,-26.5,3084,NA,NA,NA,0.008833872471486771
81.5,-26.5,3085,NA,NA,NA,0.004042941712038841
82.5,-26.5,3086,NA,NA,NA,0.0034907808326784663
83.5,-26.5,3087,NA,NA,NA,0.0029037756384052023
84.5,-26.5,3088,NA,NA,NA,0.0029571616884999405
85.5,-26.5,3089,NA,NA,NA,0.003103009904900312
86.5,-26.5,3090,NA,NA,NA,0.003925859764954432
87.5,-26.5,3091,NA,NA,NA,0.004131426573021672
88.5,-26.5,3092,NA,NA,NA,0.004225788504847339
89.5,-26.5,3093,NA,NA,NA,0.004862858662189552
90.5,-26.5,3094,NA,NA,NA,0.0071764553537103
91.5,-26.5,3095,NA,NA,NA,0.008636688347792076
92.5,-26.5,3096,NA,NA,NA,0.010589015064658624
93.5,-26.5,3097,NA,NA,NA,0.012185535825752
94.5,-26.5,3098,NA,NA,NA,0.018032358887858244
95.5,-26.5,3099,NA,NA,NA,0.030255170632947016
96.5,-26.5,3100,NA,NA,NA,0.024467314886535793
97.5,-26.5,3101,NA,NA,NA,0.026238370463816493
98.5,-26.5,3102,NA,NA,NA,0.026068466178844726
99.5,-26.5,3103,NA,NA,NA,0.03423366910261521
-129.5,-25.5,3122,NA,NA,NA,0.0438234430498136
-128.5,-25.5,3123,NA,NA,NA,0.06477925881967517
-127.5,-25.5,3124,NA,NA,NA,0.054725956924912174
-126.5,-25.5,3125,NA,NA,NA,0.03228013131527513
-125.5,-25.5,3126,NA,NA,NA,0.02884052122082937
-124.5,-25.5,3127,NA,NA,NA,0.02184368491551224
-123.5,-25.5,3128,NA,NA,NA,0.021317865231327074
-122.5,-25.5,3129,NA,NA,NA,0.017677928761273592
-121.5,-25.5,3130,NA,NA,NA,0.015071823929034608
-120.5,-25.5,3131,NA,NA,NA,0.01449132115828868
30.5,-25.5,3242,NA,NA,NA,0.010424512591174315
31.5,-25.5,3243,NA,NA,NA,0.010116183526580707
32.5,-25.5,3244,NA,NA,NA,0.010639388005808865
33.5,-25.5,3245,NA,NA,NA,0.008979729642238359
34.5,-25.5,3246,NA,NA,NA,0.011169570335398624
35.5,-25.5,3247,NA,NA,NA,0.010992530633666415
36.5,-25.5,3248,NA,NA,NA,0.010707924502166708
37.5,-25.5,3249,NA,NA,NA,0.010266205196485497
38.5,-25.5,3250,NA,NA,NA,0.010349768378631113
39.5,-25.5,3251,NA,NA,NA,0.010907324320587313
40.5,-25.5,3252,NA,NA,NA,0.0091354666399429
41.5,-25.5,3253,NA,NA,NA,0.009212826532389994
42.5,-25.5,3254,NA,NA,NA,0.009252676628676487
43.5,-25.5,3255,NA,NA,NA,0.010540924157299231
44.5,-25.5,3256,NA,NA,NA,0.009376429478168056
45.5,-25.5,3257,NA,NA,NA,0.00938922753273188
46.5,-25.5,3258,NA,NA,NA,0.009325426129171366
47.5,-25.5,3259,NA,NA,NA,0.00930289183014295
48.5,-25.5,3260,NA,NA,NA,0.00956480690901354
49.5,-25.5,3261,NA,NA,NA,0.012932271977863249
80.5,-25.5,3292,NA,NA,NA,0.0038046400406609774
81.5,-25.5,3293,NA,NA,NA,0.004209258551730582
82.5,-25.5,3294,NA,NA,NA,0.0037901958008657757
83.5,-25.5,3295,NA,NA,NA,0.0034889805977149926
84.5,-25.5,3296,NA,NA,NA,0.003288148404415699
85.5,-25.5,3297,NA,NA,NA,0.003026151285822112
86.5,-25.5,3298,NA,NA,NA,0.0033127598888927946
87.5,-25.5,3299,NA,NA,NA,0.004539103727809088
88.5,-25.5,3300,NA,NA,NA,0.004482775016737405
89.5,-25.5,3301,NA,NA,NA,0.004839916748217677
90.5,-25.5,3302,NA,NA,NA,0.005375211577058844
91.5,-25.5,3303,NA,NA,NA,0.007333866386796227
92.5,-25.5,3304,NA,NA,NA,0.010358539155347566
93.5,-25.5,3305,NA,NA,NA,0.012804729333650816
94.5,-25.5,3306,NA,NA,NA,0.014909076159387285
95.5,-25.5,3307,NA,NA,NA,0.015512748782958389
96.5,-25.5,3308,NA,NA,NA,0.015959192519585545
97.5,-25.5,3309,NA,NA,NA,0.016710839591860857
98.5,-25.5,3310,NA,NA,NA,0.016772285169925114
99.5,-25.5,3311,NA,NA,NA,0.02398328342463701
-129.5,-24.5,3328,NA,NA,NA,0.06366372415037953
-128.5,-24.5,3329,NA,NA,NA,0.06327075053780813
-127.5,-24.5,3330,NA,NA,NA,0.05859412511613807
-126.5,-24.5,3331,NA,NA,NA,0.0422729074935783
-125.5,-24.5,3332,NA,NA,NA,0.04688853658764829
-124.5,-24.5,3333,NA,NA,NA,0.03182631402379336
-123.5,-24.5,3334,NA,NA,NA,0.02963712438989004
-122.5,-24.5,3335,NA,NA,NA,0.024176630877804126
-121.5,-24.5,3336,NA,NA,NA,0.019612607771249645
-120.5,-24.5,3337,NA,NA,NA,0.018730359218196505
30.5,-24.5,3449,NA,NA,NA,0.01106809712816726
31.5,-24.5,3450,NA,NA,NA,0.014787745159831016
32.5,-24.5,3451,NA,NA,NA,0.015520199293362435
33.5,-24.5,3452,NA,NA,NA,0.012049403198701313
34.5,-24.5,3453,NA,NA,NA,0.011326067340320043
35.5,-24.5,3454,NA,NA,NA,0.012055810288859497
36.5,-24.5,3455,NA,NA,NA,0.013374907342122294
37.5,-24.5,3456,NA,NA,NA,0.012644021574419316
38.5,-24.5,3457,NA,NA,NA,0.012260539135855423
39.5,-24.5,3458,NA,NA,NA,0.013022182929873316
40.5,-24.5,3459,NA,NA,NA,0.012991203316754244
41.5,-24.5,3460,NA,NA,NA,0.01164882161870524
42.5,-24.5,3461,NA,NA,NA,0.011453969821230404
43.5,-24.5,3462,NA,NA,NA,0.011648720563466781
44.5,-24.5,3463,NA,NA,NA,0.011307999535592752
45.5,-24.5,3464,NA,NA,NA,0.011464980702290533
46.5,-24.5,3465,NA,NA,NA,0.011407248540538463
47.5,-24.5,3466,NA,NA,NA,0.011481964017502996
48.5,-24.5,3467,NA,NA,NA,0.015305421497482688
49.5,-24.5,3468,NA,NA,NA,0.014332026966498337
80.5,-24.5,3499,NA,NA,NA,0.004409611583964825
81.5,-24.5,3500,NA,NA,NA,0.004019395019635414
82.5,-24.5,3501,NA,NA,NA,0.003820558481880739
83.5,-24.5,3502,NA,NA,NA,0.0036394109101268303
84.5,-24.5,3503,NA,NA,NA,0.0030791058978744735
85.5,-24.5,3504,NA,NA,NA,0.0030048784847416256
86.5,-24.5,3505,NA,NA,NA,0.0033705151587063507
87.5,-24.5,3506,NA,NA,NA,0.003487556091639749
88.5,-24.5,3507,NA,NA,NA,0.0052352733487224445
89.5,-24.5,3508,NA,NA,NA,0.004456833330826201
90.5,-24.5,3509,NA,NA,NA,0.005986515179014522
91.5,-24.5,3510,NA,NA,NA,0.007438467547871355
92.5,-24.5,3511,NA,NA,NA,0.00951337557125678
93.5,-24.5,3512,NA,NA,NA,0.011063429351411969
94.5,-24.5,3513,NA,NA,NA,0.013424833181670336
95.5,-24.5,3514,NA,NA,NA,0.013113237511258233
96.5,-24.5,3515,NA,NA,NA,0.014981775085248627
97.5,-24.5,3516,NA,NA,NA,0.015647175839533557
98.5,-24.5,3517,NA,NA,NA,0.016937031065234982
99.5,-24.5,3518,NA,NA,NA,0.017444966517600673
-129.5,-23.5,3534,NA,NA,NA,0.0703672938847197
-128.5,-23.5,3535,NA,NA,NA,0.06975636107290202
-127.5,-23.5,3536,NA,NA,NA,0.05706573532601093
-126.5,-23.5,3537,NA,NA,NA,0.05165852339225478
-125.5,-23.5,3538,NA,NA,NA,0.04689581973996433
-124.5,-23.5,3539,NA,NA,NA,0.030822605122255715
-123.5,-23.5,3540,NA,NA,NA,0.03225496982505343
-122.5,-23.5,3541,NA,NA,NA,0.031247703224308036
-121.5,-23.5,3542,NA,NA,NA,0.029812804590069047
-120.5,-23.5,3543,NA,NA,NA,0.02799542980712138
30.5,-23.5,3657,NA,NA,NA,0.013607647685422568
31.5,-23.5,3658,NA,NA,NA,0.021465895580257986
32.5,-23.5,3659,NA,NA,NA,0.01681885739399524
33.5,-23.5,3660,NA,NA,NA,0.014702547781606554
34.5,-23.5,3661,NA,NA,NA,0.012902233969941102
35.5,-23.5,3662,NA,NA,NA,0.012997022272479529
36.5,-23.5,3663,NA,NA,NA,0.016376787049613647
37.5,-23.5,3664,NA,NA,NA,0.015482626635950243
38.5,-23.5,3665,NA,NA,NA,0.015406719415599797
39.5,-23.5,3666,NA,NA,NA,0.015884444754140407
40.5,-23.5,3667,NA,NA,NA,0.015886264412011453
41.5,-23.5,3668,NA,NA,NA,0.014203562757523505
42.5,-23.5,3669,NA,NA,NA,0.014573247361663468
43.5,-23.5,3670,NA,NA,NA,0.013663964879385855
44.5,-23.5,3671,NA,NA,NA,0.014655904400265558
45.5,-23.5,3672,NA,NA,NA,0.016837073681195264
46.5,-23.5,3673,NA,NA,NA,0.013831315016422971
47.5,-23.5,3674,NA,NA,NA,0.012599176281576103
48.5,-23.5,3675,NA,NA,NA,0.013979240277274449
49.5,-23.5,3676,NA,NA,NA,0.014660045425429981
80.5,-23.5,3707,NA,NA,NA,0.006825068251818477
81.5,-23.5,3708,NA,NA,NA,0.005421818408960901
82.5,-23.5,3709,NA,NA,NA,0.006190561043077509
83.5,-23.5,3710,NA,NA,NA,0.005945115274391883
84.5,-23.5,3711,NA,NA,NA,0.0054035449757277665
85.5,-23.5,3712,NA,NA,NA,0.0048215839565572275
86.5,-23.5,3713,NA,NA,NA,0.005886805319778485
87.5,-23.5,3714,NA,NA,NA,0.0054581486985423745
88.5,-23.5,3715,NA,NA,NA,0.006665952626225458
89.5,-23.5,3716,NA,NA,NA,0.005788571056650197
90.5,-23.5,3717,NA,NA,NA,0.008459599237747176
91.5,-23.5,3718,NA,NA,NA,0.00827936079553112
92.5,-23.5,3719,NA,NA,NA,0.016525821791428256
93.5,-23.5,3720,NA,NA,NA,0.02052855726257149
94.5,-23.5,3721,NA,NA,NA,0.01854041408332727
95.5,-23.5,3722,NA,NA,NA,0.013024476819253337
96.5,-23.5,3723,NA,NA,NA,0.012874425089102446
97.5,-23.5,3724,NA,NA,NA,0.014731081163204856
98.5,-23.5,3725,NA,NA,NA,0.015481177217057582
99.5,-23.5,3726,NA,NA,NA,0.01657194004373597
-129.5,-22.5,3742,NA,NA,NA,0.09568420704606388
-128.5,-22.5,3743,NA,NA,NA,0.08671488056236203
-127.5,-22.5,3744,NA,NA,NA,0.04186700618265044
-126.5,-22.5,3745,NA,NA,NA,0.041663007610196374
-125.5,-22.5,3746,NA,NA,NA,0.03642925829475945
-124.5,-22.5,3747,NA,NA,NA,0.03106819690177842
-123.5,-22.5,3748,NA,NA,NA,0.024317355961237103
-122.5,-22.5,3749,NA,NA,NA,0.02067860878002559
-121.5,-22.5,3750,NA,NA,NA,0.022191180970579916
-120.5,-22.5,3751,NA,NA,NA,0.021551232501824558
30.5,-22.5,3866,NA,NA,NA,0.017575363167999226
31.5,-22.5,3867,NA,NA,NA,0.01989403788258695
32.5,-22.5,3868,NA,NA,NA,0.026026300151452703
33.5,-22.5,3869,NA,NA,NA,0.024949351836266568
34.5,-22.5,3870,NA,NA,NA,0.02285394881152536
35.5,-22.5,3871,NA,NA,NA,0.021677113563169596
36.5,-22.5,3872,NA,NA,NA,0.022688090471155973
37.5,-22.5,3873,NA,NA,NA,0.01943388476986746
38.5,-22.5,3874,NA,NA,NA,0.017945236363005396
39.5,-22.5,3875,NA,NA,NA,0.01994489656130622
40.5,-22.5,3876,NA,NA,NA,0.022734685781882955
41.5,-22.5,3877,NA,NA,NA,0.023582923253751872
42.5,-22.5,3878,NA,NA,NA,0.01659428522805254
43.5,-22.5,3879,NA,NA,NA,0.019031093623664588
44.5,-22.5,3880,NA,NA,NA,0.019827895644915893
45.5,-22.5,3881,NA,NA,NA,0.014716192489411618
46.5,-22.5,3882,NA,NA,NA,0.012186386638930721
47.5,-22.5,3883,NA,NA,NA,0.010936161001488545
48.5,-22.5,3884,NA,NA,NA,0.010797623263976276
49.5,-22.5,3885,NA,NA,NA,0.008200883221738512
80.5,-22.5,3916,NA,NA,NA,0.0034738208964975393
81.5,-22.5,3917,NA,NA,NA,0.0031351670579600767
82.5,-22.5,3918,NA,NA,NA,0.00303003023711272
83.5,-22.5,3919,NA,NA,NA,0.0030247266131993448
84.5,-22.5,3920,NA,NA,NA,0.0030721423042050352
85.5,-22.5,3921,NA,NA,NA,0.003058440493215202
86.5,-22.5,3922,NA,NA,NA,0.003886031815793856
87.5,-22.5,3923,NA,NA,NA,0.0034931439049249806
88.5,-22.5,3924,NA,NA,NA,0.003707246365224704
89.5,-22.5,3925,NA,NA,NA,0.00698704129907173
90.5,-22.5,3926,NA,NA,NA,0.00499999783392982
91.5,-22.5,3927,NA,NA,NA,0.0067207203783540325
92.5,-22.5,3928,NA,NA,NA,0.007969049585835745
93.5,-22.5,3929,NA,NA,NA,0.008989438998860353
94.5,-22.5,3930,NA,NA,NA,0.01015699187451206
95.5,-22.5,3931,NA,NA,NA,0.010837059810967331
96.5,-22.5,3932,NA,NA,NA,0.010762601711832303
97.5,-22.5,3933,NA,NA,NA,0.014184829404613008
98.5,-22.5,3934,NA,NA,NA,0.020452007243113798
99.5,-22.5,3935,NA,NA,NA,0.015332238148147687
-129.5,-21.5,3951,NA,NA,NA,0.09470580794808546
-128.5,-21.5,3952,NA,NA,NA,0.062132344385642996
-127.5,-21.5,3953,NA,NA,NA,0.04459959706325088
-126.5,-21.5,3954,NA,NA,NA,0.03947965607210354
-125.5,-21.5,3955,NA,NA,NA,0.040391809301844175
-124.5,-21.5,3956,NA,NA,NA,0.0814507729248026
-123.5,-21.5,3957,NA,NA,NA,0.09505897017645461
-122.5,-21.5,3958,NA,NA,NA,0.030320920935317745
-121.5,-21.5,3959,NA,NA,NA,0.029313491643842143
-120.5,-21.5,3960,NA,NA,NA,0.039672681650535245
30.5,-21.5,4076,NA,NA,NA,0.019766488291020935
31.5,-21.5,4077,NA,NA,NA,0.023779672818885104
32.5,-21.5,4078,NA,NA,NA,0.028427752102899852
33.5,-21.5,4079,NA,NA,NA,0.028131009422379588
34.5,-21.5,4080,NA,NA,NA,0.028240005812774412
35.5,-21.5,4081,NA,NA,NA,0.026428777460842774
36.5,-21.5,4082,NA,NA,NA,0.027342754969804997
37.5,-21.5,4083,NA,NA,NA,0.02704193355828466
38.5,-21.5,4084,NA,NA,NA,0.029911586660781343
39.5,-21.5,4085,NA,NA,NA,0.03397486231058295
40.5,-21.5,4086,NA,NA,NA,0.022911398549994893
41.5,-21.5,4087,NA,NA,NA,0.018618267459951456
42.5,-21.5,4088,NA,NA,NA,0.018951941630886496
43.5,-21.5,4089,NA,NA,NA,0.01246737291236451
44.5,-21.5,4090,NA,NA,NA,0.007142879618489109
45.5,-21.5,4091,NA,NA,NA,0.01326241245433837
46.5,-21.5,4092,NA,NA,NA,0.014053732557825892
47.5,-21.5,4093,NA,NA,NA,0.011785847340065067
48.5,-21.5,4094,NA,NA,NA,0.009366398359506775
49.5,-21.5,4095,NA,NA,NA,0.006642984476370106
80.5,-21.5,4126,NA,NA,NA,0.003353876487475818
81.5,-21.5,4127,NA,NA,NA,0.003097873687391453
82.5,-21.5,4128,NA,NA,NA,0.003418420756031605
83.5,-21.5,4129,NA,NA,NA,0.0032835656513248187
84.5,-21.5,4130,NA,NA,NA,0.003220873332692132
85.5,-21.5,4131,NA,NA,NA,0.0032141229886032407
86.5,-21.5,4132,NA,NA,NA,0.003732865938341966
87.5,-21.5,4133,NA,NA,NA,0.003640797821126713
88.5,-21.5,4134,NA,NA,NA,0.0038841828617263703
89.5,-21.5,4135,NA,NA,NA,0.0041373575594620725
90.5,-21.5,4136,NA,NA,NA,0.0053664690700074335
91.5,-21.5,4137,NA,NA,NA,0.0048080897511596854
92.5,-21.5,4138,NA,NA,NA,0.0059357061924287914
93.5,-21.5,4139,NA,NA,NA,0.006814614652554743
94.5,-21.5,4140,NA,NA,NA,0.008276155682380234
95.5,-21.5,4141,NA,NA,NA,0.009685544500054983
96.5,-21.5,4142,NA,NA,NA,0.011133209526255886
97.5,-21.5,4143,NA,NA,NA,0.010989170534173044
98.5,-21.5,4144,NA,NA,NA,0.010084767460199108
99.5,-21.5,4145,NA,NA,NA,0.011625584709839452
-129.5,-20.5,4161,NA,NA,NA,0.07310211211026708
-128.5,-20.5,4162,NA,NA,NA,0.07450736787969527
-127.5,-20.5,4163,NA,NA,NA,0.049628010595142304
-126.5,-20.5,4164,NA,NA,NA,0.04393911857020364
-125.5,-20.5,4165,NA,NA,NA,0.048219228648315404
-124.5,-20.5,4166,NA,NA,NA,0.07150896069291873
-123.5,-20.5,4167,NA,NA,NA,0.09385668068023251
-121.5,-20.5,4168,NA,NA,NA,0.060342872423633204
-120.5,-20.5,4169,NA,NA,NA,0.0537181039656033
30.5,-20.5,4288,NA,NA,NA,0.019447980796932433
31.5,-20.5,4289,NA,NA,NA,0.024389693295824782
32.5,-20.5,4290,NA,NA,NA,0.025007105420269155
33.5,-20.5,4291,NA,NA,NA,0.02754464541319485
34.5,-20.5,4292,NA,NA,NA,0.030130939515150695
35.5,-20.5,4293,NA,NA,NA,0.025699971826954594
36.5,-20.5,4294,NA,NA,NA,0.0241479921494793
37.5,-20.5,4295,NA,NA,NA,0.026447852425847993
38.5,-20.5,4296,NA,NA,NA,0.027126451690711192
39.5,-20.5,4297,NA,NA,NA,0.032523905477637054
40.5,-20.5,4298,NA,NA,NA,0.02205664991677087
41.5,-20.5,4299,NA,NA,NA,0.021877105634211205
42.5,-20.5,4300,NA,NA,NA,0.02760591947606011
43.5,-20.5,4301,NA,NA,NA,0.021526209689440932
44.5,-20.5,4302,NA,NA,NA,0.014029355932138145
45.5,-20.5,4303,NA,NA,NA,0.012869086812536814
46.5,-20.5,4304,NA,NA,NA,0.010556097276002594
47.5,-20.5,4305,NA,NA,NA,0.008354755973846906
48.5,-20.5,4306,NA,NA,NA,0.007123421427263305
49.5,-20.5,4307,NA,NA,NA,0.013092664620440857
80.5,-20.5,4338,NA,NA,NA,0.00327916771554774
81.5,-20.5,4339,NA,NA,NA,0.0034221485102670346
82.5,-20.5,4340,NA,NA,NA,0.0033808325620788343
83.5,-20.5,4341,NA,NA,NA,0.00333142683573747
84.5,-20.5,4342,NA,NA,NA,0.0035411500065511935
85.5,-20.5,4343,NA,NA,NA,0.0036933553247941444
86.5,-20.5,4344,NA,NA,NA,0.003875882536973754
87.5,-20.5,4345,NA,NA,NA,0.003647442514310038
88.5,-20.5,4346,NA,NA,NA,0.0033673396837824152
89.5,-20.5,4347,NA,NA,NA,0.0033396355622429333
90.5,-20.5,4348,NA,NA,NA,0.004069137894120113
91.5,-20.5,4349,NA,NA,NA,0.005453857679364328
92.5,-20.5,4350,NA,NA,NA,0.00479062974225182
93.5,-20.5,4351,NA,NA,NA,0.005348246328300903
94.5,-20.5,4352,NA,NA,NA,0.006247738561100853
95.5,-20.5,4353,NA,NA,NA,0.007709046261136324
96.5,-20.5,4354,NA,NA,NA,0.008730773490229993
97.5,-20.5,4355,NA,NA,NA,0.009590065407312347
98.5,-20.5,4356,NA,NA,NA,0.009345809896991401
99.5,-20.5,4357,NA,NA,NA,0.007773357708718288
-139.5,-19.5,4368,NA,NA,NA,0.131813569526671
-138.5,-19.5,4369,NA,NA,NA,0.16117601056517908
-137.5,-19.5,4370,NA,NA,NA,0.12168351257584757
-136.5,-19.5,4371,NA,NA,NA,0.2605576618196599
-130.5,-19.5,4372,NA,NA,NA,0.37466259787499645
-129.5,-19.5,4373,NA,NA,NA,0.0797241452371671
-128.5,-19.5,4374,NA,NA,NA,0.047467959244821854
-127.5,-19.5,4375,NA,NA,NA,0.03953186000462576
-126.5,-19.5,4376,NA,NA,NA,0.03968961351884612
-125.5,-19.5,4377,NA,NA,NA,0.03348769525732088
-124.5,-19.5,4378,NA,NA,NA,0.0343986003527095
-123.5,-19.5,4379,NA,NA,NA,0.03433117247404104
-122.5,-19.5,4380,NA,NA,NA,0.047947817280989284
-121.5,-19.5,4381,NA,NA,NA,0.04380204722275706
-120.5,-19.5,4382,NA,NA,NA,0.041264184770259296
10.5,-19.5,4486,NA,NA,NA,0.03806063007911289
11.5,-19.5,4487,NA,NA,NA,0.02462611869007713
12.5,-19.5,4488,NA,NA,NA,0.02369257881378001
13.5,-19.5,4489,NA,NA,NA,0.022672509380266926
14.5,-19.5,4490,NA,NA,NA,0.021986321741804246
15.5,-19.5,4491,NA,NA,NA,0.02216385645975172
16.5,-19.5,4492,NA,NA,NA,0.019052951287054695
17.5,-19.5,4493,NA,NA,NA,0.021614138833872535
18.5,-19.5,4494,NA,NA,NA,0.020270039739100805
19.5,-19.5,4495,NA,NA,NA,0.02194429490248157
-139.5,-18.5,4586,NA,NA,NA,0.09224790432286116
-138.5,-18.5,4587,NA,NA,NA,0.12287085558026437
-137.5,-18.5,4588,NA,NA,NA,0.1920255112779484
-136.5,-18.5,4589,NA,NA,NA,0.2919099046662157
-130.5,-18.5,4590,NA,NA,NA,0.17582485756397392
-129.5,-18.5,4591,NA,NA,NA,0.10004854285344247
-128.5,-18.5,4592,NA,NA,NA,0.05161714169306359
-127.5,-18.5,4593,NA,NA,NA,0.05049648458401476
-126.5,-18.5,4594,NA,NA,NA,0.05162820907970704
-125.5,-18.5,4595,NA,NA,NA,0.04823539519129106
-124.5,-18.5,4596,NA,NA,NA,0.05073727313730373
-123.5,-18.5,4597,NA,NA,NA,0.04769313950489767
-122.5,-18.5,4598,NA,NA,NA,0.046481593883276065
-121.5,-18.5,4599,NA,NA,NA,0.04718659241461499
-120.5,-18.5,4600,NA,NA,NA,0.03969165770269528
10.5,-18.5,4707,NA,NA,NA,0.04885123666224388
11.5,-18.5,4708,NA,NA,NA,0.04523872204182296
12.5,-18.5,4709,NA,NA,NA,0.038948015176798495
13.5,-18.5,4710,NA,NA,NA,0.03533014137869096
14.5,-18.5,4711,NA,NA,NA,0.03315776888127969
15.5,-18.5,4712,NA,NA,NA,0.03729065184637892
16.5,-18.5,4713,NA,NA,NA,0.03005981882924528
17.5,-18.5,4714,NA,NA,NA,0.038432496424169314
18.5,-18.5,4715,NA,NA,NA,0.02509223363068071
19.5,-18.5,4716,NA,NA,NA,0.03361128138190307
-139.5,-17.5,4807,NA,NA,NA,0.07414332314600963
-138.5,-17.5,4808,NA,NA,NA,0.14908810418274296
-137.5,-17.5,4809,NA,NA,NA,0.1569937985716482
-136.5,-17.5,4810,NA,NA,NA,0.09279838263611788
-130.5,-17.5,4811,NA,NA,NA,0.039852853184009635
-129.5,-17.5,4812,NA,NA,NA,0.1389242190894828
-128.5,-17.5,4813,NA,NA,NA,0.04234365874855722
-127.5,-17.5,4814,NA,NA,NA,0.05901634798398014
-126.5,-17.5,4815,NA,NA,NA,0.06103807371062169
-125.5,-17.5,4816,NA,NA,NA,0.038583366119862274
-124.5,-17.5,4817,NA,NA,NA,0.030811909900140117
-123.5,-17.5,4818,NA,NA,NA,0.027448901419164392
-122.5,-17.5,4819,NA,NA,NA,0.028275810636520647
-121.5,-17.5,4820,NA,NA,NA,0.026335015595501082
-120.5,-17.5,4821,NA,NA,NA,0.03191908256905944
10.5,-17.5,4929,NA,NA,NA,0.04083166090434409
11.5,-17.5,4930,NA,NA,NA,0.04305450559685836
12.5,-17.5,4931,NA,NA,NA,0.040058196988346985
13.5,-17.5,4932,NA,NA,NA,0.038528692470223405
14.5,-17.5,4933,NA,NA,NA,0.03624155536050649
15.5,-17.5,4934,NA,NA,NA,0.0352983507759652
16.5,-17.5,4935,NA,NA,NA,0.03132395629431308
17.5,-17.5,4936,NA,NA,NA,0.03658614766008193
18.5,-17.5,4937,NA,NA,NA,0.03319539820606315
19.5,-17.5,4938,NA,NA,NA,0.020643039056252897
-139.5,-16.5,5027,NA,NA,NA,0.1305303766156978
-138.5,-16.5,5028,NA,NA,NA,0.10787565499667688
-137.5,-16.5,5029,NA,NA,NA,0.31527751685173944
-136.5,-16.5,5030,NA,NA,NA,0.24340236628260656
-129.5,-16.5,5031,NA,NA,NA,0.0415838452486904
-128.5,-16.5,5032,NA,NA,NA,0.04856756216813474
-127.5,-16.5,5033,NA,NA,NA,0.05950612862116998
-126.5,-16.5,5034,NA,NA,NA,0.04057302257574428
-125.5,-16.5,5035,NA,NA,NA,0.034927792006884395
-124.5,-16.5,5036,NA,NA,NA,0.02782812117217721
-123.5,-16.5,5037,NA,NA,NA,0.026709601304368013
-122.5,-16.5,5038,NA,NA,NA,0.02414276026829093
-121.5,-16.5,5039,NA,NA,NA,0.02399538492057645
-120.5,-16.5,5040,NA,NA,NA,0.017012343511648636
10.5,-16.5,5149,NA,NA,NA,0.03188454889506435
11.5,-16.5,5150,NA,NA,NA,0.03238209977018236
12.5,-16.5,5151,NA,NA,NA,0.02792475292977535
13.5,-16.5,5152,NA,NA,NA,0.03157588825136068
14.5,-16.5,5153,NA,NA,NA,0.04053838199533511
15.5,-16.5,5154,NA,NA,NA,0.039081839277358976
16.5,-16.5,5155,NA,NA,NA,0.03516505602033044
17.5,-16.5,5156,NA,NA,NA,0.026904223985386604
18.5,-16.5,5157,NA,NA,NA,0.02556055300818291
19.5,-16.5,5158,NA,NA,NA,0.0280978944229505
-138.5,-15.5,5246,NA,NA,NA,0.0657876601827104
-137.5,-15.5,5247,NA,NA,NA,0.1853468088980418
-136.5,-15.5,5248,NA,NA,NA,0.10601597332134642
-135.5,-15.5,5249,NA,NA,NA,0.19590532975729893
-134.5,-15.5,5250,NA,NA,NA,0.1999613731075238
-129.5,-15.5,5251,NA,NA,NA,0.017828490011566618
-128.5,-15.5,5252,NA,NA,NA,0.04666675022587425
-127.5,-15.5,5253,NA,NA,NA,0.03873204017522085
-126.5,-15.5,5254,NA,NA,NA,0.035891545820483706
-125.5,-15.5,5255,NA,NA,NA,0.041994273777114455
-124.5,-15.5,5256,NA,NA,NA,0.033596217442802265
-123.5,-15.5,5257,NA,NA,NA,0.02909346817614258
-122.5,-15.5,5258,NA,NA,NA,0.018649061724856548
-121.5,-15.5,5259,NA,NA,NA,0.02044197055923653
-120.5,-15.5,5260,NA,NA,NA,0.020953969541027913
10.5,-15.5,5375,NA,NA,NA,0.03222633915116868
11.5,-15.5,5376,NA,NA,NA,0.030463911991623183
12.5,-15.5,5377,NA,NA,NA,0.02752859265142855
13.5,-15.5,5378,NA,NA,NA,0.02939878890497134
14.5,-15.5,5379,NA,NA,NA,0.03060818273118218
15.5,-15.5,5380,NA,NA,NA,0.030163117756391834
16.5,-15.5,5381,NA,NA,NA,0.024694288847563656
17.5,-15.5,5382,NA,NA,NA,0.024812762184360196
18.5,-15.5,5383,NA,NA,NA,0.029207308513503838
19.5,-15.5,5384,NA,NA,NA,0.026458712325466
-138.5,-14.5,5470,NA,NA,NA,0.07235793523378053
-137.5,-14.5,5471,NA,NA,NA,0.18091404773165726
-136.5,-14.5,5472,NA,NA,NA,0.3188098689421755
-135.5,-14.5,5473,NA,NA,NA,0.2030323145792705
-134.5,-14.5,5474,NA,NA,NA,0.2029044929166366
-133.5,-14.5,5475,NA,NA,NA,0.1950351226959763
-132.5,-14.5,5476,NA,NA,NA,0.24890082669448818
-129.5,-14.5,5477,NA,NA,NA,0.0262612517953933
-128.5,-14.5,5478,NA,NA,NA,0.03959589901035521
-127.5,-14.5,5479,NA,NA,NA,0.034582517445370844
-126.5,-14.5,5480,NA,NA,NA,0.02896247911201481
-125.5,-14.5,5481,NA,NA,NA,0.021397213707685155
-124.5,-14.5,5482,NA,NA,NA,0.020264194022560973
-123.5,-14.5,5483,NA,NA,NA,0.01911048085096692
-122.5,-14.5,5484,NA,NA,NA,0.01839339700512831
-121.5,-14.5,5485,NA,NA,NA,0.016973045804568432
-120.5,-14.5,5486,NA,NA,NA,0.02168170312031465
10.5,-14.5,5604,NA,NA,NA,0.032532048888502425
11.5,-14.5,5605,NA,NA,NA,0.03508221363642982
12.5,-14.5,5606,NA,NA,NA,0.03470953261236966
13.5,-14.5,5607,NA,NA,NA,0.025491622470678457
14.5,-14.5,5608,NA,NA,NA,0.025813193224479954
15.5,-14.5,5609,NA,NA,NA,0.02497309442050253
16.5,-14.5,5610,NA,NA,NA,0.02353329254610364
17.5,-14.5,5611,NA,NA,NA,0.020543531974057967
18.5,-14.5,5612,NA,NA,NA,0.026773964910317066
19.5,-14.5,5613,NA,NA,NA,0.0233497355766682
-138.5,-13.5,5698,NA,NA,NA,0.08154025800943726
-137.5,-13.5,5699,NA,NA,NA,0.1368368229090026
-136.5,-13.5,5700,NA,NA,NA,0.38087350646598644
-135.5,-13.5,5701,NA,NA,NA,0.3364907193609713
-134.5,-13.5,5702,NA,NA,NA,0.22247832389717015
-133.5,-13.5,5703,NA,NA,NA,0.16702037202683173
-132.5,-13.5,5704,NA,NA,NA,0.1391454110397561
-129.5,-13.5,5705,NA,NA,NA,0.026485981128345836
-128.5,-13.5,5706,NA,NA,NA,0.03073302667548348
-127.5,-13.5,5707,NA,NA,NA,0.024537339618448555
-126.5,-13.5,5708,NA,NA,NA,0.020272981533165327
-125.5,-13.5,5709,NA,NA,NA,0.018716171027353526
-124.5,-13.5,5710,NA,NA,NA,0.020923908149915644
-123.5,-13.5,5711,NA,NA,NA,0.019742246952867058
-122.5,-13.5,5712,NA,NA,NA,0.02240826306252049
-121.5,-13.5,5713,NA,NA,NA,0.024219187196402054
-120.5,-13.5,5714,NA,NA,NA,0.029133896358335815
10.5,-13.5,5836,NA,NA,NA,0.038095375966599565
11.5,-13.5,5837,NA,NA,NA,0.02978650412048397
12.5,-13.5,5838,NA,NA,NA,0.0265161941740577
13.5,-13.5,5839,NA,NA,NA,0.027747779858120616
14.5,-13.5,5840,NA,NA,NA,0.0290893341282343
15.5,-13.5,5841,NA,NA,NA,0.028196802055186737
16.5,-13.5,5842,NA,NA,NA,0.028913833038143186
17.5,-13.5,5843,NA,NA,NA,0.02519007569855772
18.5,-13.5,5844,NA,NA,NA,0.0254932833709266
19.5,-13.5,5845,NA,NA,NA,0.02899809216277054
-138.5,-12.5,5930,NA,NA,NA,0.3178300200938227
-137.5,-12.5,5931,NA,NA,NA,0.16396253421184281
-136.5,-12.5,5932,NA,NA,NA,0.18174449482775326
-135.5,-12.5,5933,NA,NA,NA,0.36579760518724685
-134.5,-12.5,5934,NA,NA,NA,0.20814254989439654
-133.5,-12.5,5935,NA,NA,NA,0.24863302476161717
-132.5,-12.5,5936,NA,NA,NA,0.08905638752936744
-131.5,-12.5,5937,NA,NA,NA,0.1336783531600445
-129.5,-12.5,5938,NA,NA,NA,0.05224418574325463
-128.5,-12.5,5939,NA,NA,NA,0.037653632072275935
-127.5,-12.5,5940,NA,NA,NA,0.026470698974887304
-126.5,-12.5,5941,NA,NA,NA,0.023353333201979073
-125.5,-12.5,5942,NA,NA,NA,0.02692533704246899
-124.5,-12.5,5943,NA,NA,NA,0.02632150421595454
-123.5,-12.5,5944,NA,NA,NA,0.026697657007468067
-122.5,-12.5,5945,NA,NA,NA,0.026237804718837913
-121.5,-12.5,5946,NA,NA,NA,0.02689421300729164
-120.5,-12.5,5947,NA,NA,NA,0.026966385394461955
10.5,-12.5,6071,NA,NA,NA,0.04173756503505008
11.5,-12.5,6072,NA,NA,NA,0.039823668901715605
12.5,-12.5,6073,NA,NA,NA,0.037072050472983675
13.5,-12.5,6074,NA,NA,NA,0.041045258268760244
14.5,-12.5,6075,NA,NA,NA,0.0435412112478881
15.5,-12.5,6076,NA,NA,NA,0.03677232443803949
16.5,-12.5,6077,NA,NA,NA,0.0342373270415608
17.5,-12.5,6078,NA,NA,NA,0.034141096950437315
18.5,-12.5,6079,NA,NA,NA,0.03540073482152746
19.5,-12.5,6080,NA,NA,NA,0.043710694623466405
-139.5,-11.5,6164,NA,NA,NA,0.017616878880136338
-138.5,-11.5,6165,NA,NA,NA,0.0629957566951691
-137.5,-11.5,6166,NA,NA,NA,0.08421825559262407
-136.5,-11.5,6167,NA,NA,NA,0.052701946769097126
-135.5,-11.5,6168,NA,NA,NA,0.08623300305896885
-134.5,-11.5,6169,NA,NA,NA,0.08509815592970775
-133.5,-11.5,6170,NA,NA,NA,0.07577253302303116
-132.5,-11.5,6171,NA,NA,NA,0.06891436524382775
-131.5,-11.5,6172,NA,NA,NA,0.040286610492986194
-130.5,-11.5,6173,NA,NA,NA,0.03495715843203924
-129.5,-11.5,6174,NA,NA,NA,0.025830227960188405
-128.5,-11.5,6175,NA,NA,NA,0.028003529062744677
-127.5,-11.5,6176,NA,NA,NA,0.027184865113028353
-126.5,-11.5,6177,NA,NA,NA,0.030615455323270695
-125.5,-11.5,6178,NA,NA,NA,0.030671756802883872
-124.5,-11.5,6179,NA,NA,NA,0.029399956228810892
-123.5,-11.5,6180,NA,NA,NA,0.031309927879791644
-122.5,-11.5,6181,NA,NA,NA,0.02910391193228718
-121.5,-11.5,6182,NA,NA,NA,0.03239707444328914
-120.5,-11.5,6183,NA,NA,NA,0.03151515574021878
10.5,-11.5,6310,NA,NA,NA,0.03750062166081114
11.5,-11.5,6311,NA,NA,NA,0.04099867045441057
12.5,-11.5,6312,NA,NA,NA,0.039804606719200344
13.5,-11.5,6313,NA,NA,NA,0.04580741373270815
14.5,-11.5,6314,NA,NA,NA,0.03953265819091737
15.5,-11.5,6315,NA,NA,NA,0.04707982566727903
16.5,-11.5,6316,NA,NA,NA,0.0340635374758015
17.5,-11.5,6317,NA,NA,NA,0.03337732293336938
18.5,-11.5,6318,NA,NA,NA,0.03190976110787004
19.5,-11.5,6319,NA,NA,NA,0.03324659411652795
-139.5,-10.5,6403,NA,NA,NA,0.0209298202232411
-138.5,-10.5,6404,NA,NA,NA,0.07847239505867809
-137.5,-10.5,6405,NA,NA,NA,0.07355749701936537
-136.5,-10.5,6406,NA,NA,NA,0.0728202223251767
-135.5,-10.5,6407,NA,NA,NA,0.05987092274584275
-134.5,-10.5,6408,NA,NA,NA,0.05915947281055239
-133.5,-10.5,6409,NA,NA,NA,0.05425518851368628
-132.5,-10.5,6410,NA,NA,NA,0.039193420361368705
-131.5,-10.5,6411,NA,NA,NA,0.03249012246480884
-130.5,-10.5,6412,NA,NA,NA,0.031871534390393176
-129.5,-10.5,6413,NA,NA,NA,0.025410321494550196
-128.5,-10.5,6414,NA,NA,NA,0.027004031157269095
-127.5,-10.5,6415,NA,NA,NA,0.024720793526378425
-126.5,-10.5,6416,NA,NA,NA,0.029322628746616685
-125.5,-10.5,6417,NA,NA,NA,0.037298019233112364
-124.5,-10.5,6418,NA,NA,NA,0.035643062874828685
-123.5,-10.5,6419,NA,NA,NA,0.027000097076009408
-122.5,-10.5,6420,NA,NA,NA,0.041674659148278004
-121.5,-10.5,6421,NA,NA,NA,0.028388507898188805
-120.5,-10.5,6422,NA,NA,NA,0.0311594723463198
10.5,-10.5,6549,NA,NA,NA,0.04154100557929452
11.5,-10.5,6550,NA,NA,NA,0.04613892014456552
12.5,-10.5,6551,NA,NA,NA,0.04398840169526486
13.5,-10.5,6552,NA,NA,NA,0.043179313175532884
14.5,-10.5,6553,NA,NA,NA,0.04173587956386094
15.5,-10.5,6554,NA,NA,NA,0.038695465541299386
16.5,-10.5,6555,NA,NA,NA,0.03318532756645331
17.5,-10.5,6556,NA,NA,NA,0.03873196590829533
18.5,-10.5,6557,NA,NA,NA,0.04857835340123428
19.5,-10.5,6558,NA,NA,NA,0.03980771614960487
-119.5,10.5,11100,NA,NA,NA,0.02547365688419612
-118.5,10.5,11101,NA,NA,NA,0.02848130720724011
-117.5,10.5,11102,NA,NA,NA,0.020814058084233842
-116.5,10.5,11103,NA,NA,NA,0.019963166000725844
-115.5,10.5,11104,NA,NA,NA,0.018376143516647174
-114.5,10.5,11105,NA,NA,NA,0.020728583939589127
-113.5,10.5,11106,NA,NA,NA,0.02698378864632697
-112.5,10.5,11107,NA,NA,NA,0.04075652335964872
-111.5,10.5,11108,NA,NA,NA,0.03912441257990105
-110.5,10.5,11109,NA,NA,NA,0.04974801246134961
-119.5,11.5,11311,NA,NA,NA,0.028917733334523108
-118.5,11.5,11312,NA,NA,NA,0.02602999653086218
-117.5,11.5,11313,NA,NA,NA,0.027467178887574956
-116.5,11.5,11314,NA,NA,NA,0.017589207229045056
-115.5,11.5,11315,NA,NA,NA,0.017346763245385532
-114.5,11.5,11316,NA,NA,NA,0.019476062000889208
-113.5,11.5,11317,NA,NA,NA,0.02198625218898318
-112.5,11.5,11318,NA,NA,NA,0.032600462547698904
-111.5,11.5,11319,NA,NA,NA,0.03989505399046281
-110.5,11.5,11320,NA,NA,NA,0.04813916624861013
-119.5,12.5,11518,NA,NA,NA,0.02650663259729579
-118.5,12.5,11519,NA,NA,NA,0.022534609676424032
-117.5,12.5,11520,NA,NA,NA,0.02066000109243748
-116.5,12.5,11521,NA,NA,NA,0.020282232913238243
-115.5,12.5,11522,NA,NA,NA,0.01866348267705516
-114.5,12.5,11523,NA,NA,NA,0.018971516323956734
-113.5,12.5,11524,NA,NA,NA,0.019639502793584708
-112.5,12.5,11525,NA,NA,NA,0.023767158609641653
-111.5,12.5,11526,NA,NA,NA,0.0458967954102909
-110.5,12.5,11527,NA,NA,NA,0.06030196429386278
-119.5,13.5,11723,NA,NA,NA,0.02470859047672345
-118.5,13.5,11724,NA,NA,NA,0.023391660143676826
-117.5,13.5,11725,NA,NA,NA,0.02249953366795927
-116.5,13.5,11726,NA,NA,NA,0.020139047470155297
-115.5,13.5,11727,NA,NA,NA,0.019375762331768825
-114.5,13.5,11728,NA,NA,NA,0.01980573202146864
-113.5,13.5,11729,NA,NA,NA,0.017157184810083215
-112.5,13.5,11730,NA,NA,NA,0.018971513017686428
-111.5,13.5,11731,NA,NA,NA,0.04165896874593773
-110.5,13.5,11732,NA,NA,NA,0.045343260626898016
-119.5,14.5,11924,NA,NA,NA,0.021263468423674384
-118.5,14.5,11925,NA,NA,NA,0.028682310689142353
-117.5,14.5,11926,NA,NA,NA,0.02983137026693348
-116.5,14.5,11927,NA,NA,NA,0.02142391957622063
-115.5,14.5,11928,NA,NA,NA,0.023541374674901222
-114.5,14.5,11929,NA,NA,NA,0.02079310967496141
-113.5,14.5,11930,NA,NA,NA,0.018131559320890073
-112.5,14.5,11931,NA,NA,NA,0.01724773662239544
-111.5,14.5,11932,NA,NA,NA,0.04689552476845866
-110.5,14.5,11933,NA,NA,NA,0.05043273799682255
-119.5,15.5,12121,NA,NA,NA,0.024760620859857783
-118.5,15.5,12122,NA,NA,NA,0.02529695142862613
-117.5,15.5,12123,NA,NA,NA,0.024088161569274135
-116.5,15.5,12124,NA,NA,NA,0.024943379690101363
-115.5,15.5,12125,NA,NA,NA,0.02918286448500662
-114.5,15.5,12126,NA,NA,NA,0.021920529378578753
-113.5,15.5,12127,NA,NA,NA,0.01822132232756039
-112.5,15.5,12128,NA,NA,NA,0.01720032231594366
-111.5,15.5,12129,NA,NA,NA,0.036724783272457026
-110.5,15.5,12130,NA,NA,NA,0.05990866182604299
-119.5,16.5,12313,NA,NA,NA,0.023878051656071646
-118.5,16.5,12314,NA,NA,NA,0.024204644382244223
-117.5,16.5,12315,NA,NA,NA,0.04559634129190549
-116.5,16.5,12316,NA,NA,NA,0.02416516769187104
-115.5,16.5,12317,NA,NA,NA,0.031819511172094424
-114.5,16.5,12318,NA,NA,NA,0.01681076212482181
-113.5,16.5,12319,NA,NA,NA,0.017435106680163927
-112.5,16.5,12320,NA,NA,NA,0.016828761513852285
-111.5,16.5,12321,NA,NA,NA,0.035831155699485105
-110.5,16.5,12322,NA,NA,NA,0.09259703153312583
-119.5,17.5,12494,NA,NA,NA,0.03100288320280509
-118.5,17.5,12495,NA,NA,NA,0.03160769973492313
-117.5,17.5,12496,NA,NA,NA,0.026316397627105224
-116.5,17.5,12497,NA,NA,NA,0.02907943786512758
-115.5,17.5,12498,NA,NA,NA,0.044635478274888056
-114.5,17.5,12499,NA,NA,NA,0.02960135348720101
-113.5,17.5,12500,NA,NA,NA,0.01760252821944552
-112.5,17.5,12501,NA,NA,NA,0.01825040825143815
-111.5,17.5,12502,NA,NA,NA,0.027488922056140955
-110.5,17.5,12503,NA,NA,NA,0.08136094802539591
-119.5,18.5,12672,NA,NA,NA,0.03146210302943203
-118.5,18.5,12673,NA,NA,NA,0.03485149287242958
-117.5,18.5,12674,NA,NA,NA,0.030793868974824883
-116.5,18.5,12675,NA,NA,NA,0.04004671801849764
-115.5,18.5,12676,NA,NA,NA,0.030162781531706536
-114.5,18.5,12677,NA,NA,NA,0.034058366038514545
-113.5,18.5,12678,NA,NA,NA,0.020504201771497893
-112.5,18.5,12679,NA,NA,NA,0.022752227828320593
-111.5,18.5,12680,NA,NA,NA,0.03078148851413945
-110.5,18.5,12681,NA,NA,NA,0.0709408990234078
-119.5,19.5,12846,NA,NA,NA,0.04528744007733273
-118.5,19.5,12847,NA,NA,NA,0.035033863370316845
-117.5,19.5,12848,NA,NA,NA,0.02920670204670511
-116.5,19.5,12849,NA,NA,NA,0.023172903348746048
-115.5,19.5,12850,NA,NA,NA,0.03304714761955464
-114.5,19.5,12851,NA,NA,NA,0.027495599841243196
-113.5,19.5,12852,NA,NA,NA,0.022933655072927057
-112.5,19.5,12853,NA,NA,NA,0.024391162883167367
-111.5,19.5,12854,NA,NA,NA,0.04661754615321185
-110.5,19.5,12855,NA,NA,NA,0.07534735942000442
-119.5,20.5,13015,NA,NA,NA,0.04333662366713638
-118.5,20.5,13016,NA,NA,NA,0.046323018285959375
-117.5,20.5,13017,NA,NA,NA,0.027071732045152445
-116.5,20.5,13018,NA,NA,NA,0.024422891345762553
-115.5,20.5,13019,NA,NA,NA,0.019478009293492384
-114.5,20.5,13020,NA,NA,NA,0.017579032138750502
-113.5,20.5,13021,NA,NA,NA,0.024139837094571563
-112.5,20.5,13022,NA,NA,NA,0.02395696783657658
-111.5,20.5,13023,NA,NA,NA,0.05680853477361085
-110.5,20.5,13024,NA,NA,NA,0.054850878537318806
-119.5,21.5,13179,NA,NA,NA,0.026672060856752906
-118.5,21.5,13180,NA,NA,NA,0.046020446856289796
-117.5,21.5,13181,NA,NA,NA,0.025182060366988876
-116.5,21.5,13182,NA,NA,NA,0.025877417090028176
-115.5,21.5,13183,NA,NA,NA,0.03648602870387338
-114.5,21.5,13184,NA,NA,NA,0.01784414653163281
-113.5,21.5,13185,NA,NA,NA,0.026525003844826686
-112.5,21.5,13186,NA,NA,NA,0.024663380991536515
-111.5,21.5,13187,NA,NA,NA,0.021539421776988817
-110.5,21.5,13188,NA,NA,NA,0.03824836606035176
-118.5,22.5,13340,NA,NA,NA,0.041609859341531365
-117.5,22.5,13341,NA,NA,NA,0.03253942975326983
-116.5,22.5,13342,NA,NA,NA,0.03023490458775715
-115.5,22.5,13343,NA,NA,NA,0.02420951442637055
-114.5,22.5,13344,NA,NA,NA,0.030141441701324708
-113.5,22.5,13345,NA,NA,NA,0.01758345399682209
-112.5,22.5,13346,NA,NA,NA,0.042580089357999305
-111.5,22.5,13347,NA,NA,NA,0.043164156278347625
-110.5,22.5,13348,NA,NA,NA,0.024319914928353736
-118.5,23.5,13489,NA,NA,NA,0.04054829388256081
-117.5,23.5,13490,NA,NA,NA,0.03761963748319067
-116.5,23.5,13491,NA,NA,NA,0.031151735852071524
-115.5,23.5,13492,NA,NA,NA,0.021945534790131668
-114.5,23.5,13493,NA,NA,NA,0.021019513794840714
-113.5,23.5,13494,NA,NA,NA,0.04910488370617089
-112.5,23.5,13495,NA,NA,NA,0.029058196118893855
-117.5,24.5,13630,NA,NA,NA,0.045681943000127415
-116.5,24.5,13631,NA,NA,NA,0.025720747661284387
-115.5,24.5,13632,NA,NA,NA,0.028042734704284415
-114.5,24.5,13633,NA,NA,NA,0.034375670490850364
-113.5,24.5,13634,NA,NA,NA,0.0430489934977849
-113.5,25.5,13767,NA,NA,NA,0.021245675449439647
0.5,30.5,14459,NA,NA,NA,0.012853731173220733
1.5,30.5,14460,NA,NA,NA,0.011081957701504977
2.5,30.5,14461,NA,NA,NA,0.008413888766753978
3.5,30.5,14462,NA,NA,NA,0.006732495686043641
4.5,30.5,14463,NA,NA,NA,0.006206377176100745
5.5,30.5,14464,NA,NA,NA,0.0051124407245998925
6.5,30.5,14465,NA,NA,NA,0.005243509309160331
7.5,30.5,14466,NA,NA,NA,0.0045317064720933765
8.5,30.5,14467,NA,NA,NA,0.0042519589084272945
9.5,30.5,14468,NA,NA,NA,0.004287200145830597
10.5,30.5,14469,NA,NA,NA,0.00423394390927194
11.5,30.5,14470,NA,NA,NA,0.004179167495337367
12.5,30.5,14471,NA,NA,NA,0.0040035952376378595
13.5,30.5,14472,NA,NA,NA,0.003887010228486949
14.5,30.5,14473,NA,NA,NA,0.0037339825481427498
15.5,30.5,14474,NA,NA,NA,0.0036683258825890167
16.5,30.5,14475,NA,NA,NA,0.0033906855825588697
17.5,30.5,14476,NA,NA,NA,0.00334700017894761
18.5,30.5,14477,NA,NA,NA,0.0037564335427081215
19.5,30.5,14478,NA,NA,NA,0.004043939506846825
0.5,31.5,14583,NA,NA,NA,0.012998064949557887
1.5,31.5,14584,NA,NA,NA,0.013343266420196903
2.5,31.5,14585,NA,NA,NA,0.012603947410613707
3.5,31.5,14586,NA,NA,NA,0.010871197029152747
4.5,31.5,14587,NA,NA,NA,0.010365088749757143
5.5,31.5,14588,NA,NA,NA,0.011961368683151374
6.5,31.5,14589,NA,NA,NA,0.007864951252034121
7.5,31.5,14590,NA,NA,NA,0.00764282716690031
8.5,31.5,14591,NA,NA,NA,0.006135286625499427
9.5,31.5,14592,NA,NA,NA,0.005531811919026645
10.5,31.5,14593,NA,NA,NA,0.005303884963916096
11.5,31.5,14594,NA,NA,NA,0.005012156222208147
12.5,31.5,14595,NA,NA,NA,0.005070234123862634
13.5,31.5,14596,NA,NA,NA,0.004335037327467518
14.5,31.5,14597,NA,NA,NA,0.0040742668061633965
15.5,31.5,14598,NA,NA,NA,0.0035726138946877146
16.5,31.5,14599,NA,NA,NA,0.0031176580406407166
17.5,31.5,14600,NA,NA,NA,0.0032666669218501605
18.5,31.5,14601,NA,NA,NA,0.0028380259906952044
19.5,31.5,14602,NA,NA,NA,0.0028449362657982312
0.5,32.5,14705,NA,NA,NA,0.014083014579531924
1.5,32.5,14706,NA,NA,NA,0.014031704491823402
2.5,32.5,14707,NA,NA,NA,0.016267201071487127
3.5,32.5,14708,NA,NA,NA,0.014112294827781634
4.5,32.5,14709,NA,NA,NA,0.01212293460290486
5.5,32.5,14710,NA,NA,NA,0.01025138395448766
6.5,32.5,14711,NA,NA,NA,0.009844508628956137
7.5,32.5,14712,NA,NA,NA,0.008249990308808018
8.5,32.5,14713,NA,NA,NA,0.006025026675277881
9.5,32.5,14714,NA,NA,NA,0.004757093555438212
10.5,32.5,14715,NA,NA,NA,0.0044667807680764835
11.5,32.5,14716,NA,NA,NA,0.004200709917262433
12.5,32.5,14717,NA,NA,NA,0.004359278067839626
13.5,32.5,14718,NA,NA,NA,0.004248792852387637
14.5,32.5,14719,NA,NA,NA,0.004232700409461798
15.5,32.5,14720,NA,NA,NA,0.0036737280528640085
16.5,32.5,14721,NA,NA,NA,0.0034176854061629997
17.5,32.5,14722,NA,NA,NA,0.003135673263847082
18.5,32.5,14723,NA,NA,NA,0.0031149605506783293
19.5,32.5,14724,NA,NA,NA,0.0031247325684224257
0.5,33.5,14822,NA,NA,NA,0.013925507869515939
1.5,33.5,14823,NA,NA,NA,0.011117951249164771
2.5,33.5,14824,NA,NA,NA,0.01297745146304094
3.5,33.5,14825,NA,NA,NA,0.017088740408495028
4.5,33.5,14826,NA,NA,NA,0.01610448992978651
5.5,33.5,14827,NA,NA,NA,0.015477750404692896
6.5,33.5,14828,NA,NA,NA,0.015149684479496228
7.5,33.5,14829,NA,NA,NA,0.011809567491585278
8.5,33.5,14830,NA,NA,NA,0.010045310456924143
9.5,33.5,14831,NA,NA,NA,0.008298712510983129
10.5,33.5,14832,NA,NA,NA,0.007633541496373192
11.5,33.5,14833,NA,NA,NA,0.007797930745586553
12.5,33.5,14834,NA,NA,NA,0.004954100052184
13.5,33.5,14835,NA,NA,NA,0.004613765713229619
14.5,33.5,14836,NA,NA,NA,0.004907527912805696
15.5,33.5,14837,NA,NA,NA,0.004813522767770995
16.5,33.5,14838,NA,NA,NA,0.004842979451205848
17.5,33.5,14839,NA,NA,NA,0.0038002005496376003
18.5,33.5,14840,NA,NA,NA,0.0032179787908987135
19.5,33.5,14841,NA,NA,NA,0.003178277046203018
0.5,34.5,14936,NA,NA,NA,0.009531625580191154
1.5,34.5,14937,NA,NA,NA,0.012814861531611649
2.5,34.5,14938,NA,NA,NA,0.012294077549181694
3.5,34.5,14939,NA,NA,NA,0.01117972952767025
4.5,34.5,14940,NA,NA,NA,0.01360873707275973
5.5,34.5,14941,NA,NA,NA,0.01247044464414987
6.5,34.5,14942,NA,NA,NA,0.00996451005443857
7.5,34.5,14943,NA,NA,NA,0.008583244618612103
8.5,34.5,14944,NA,NA,NA,0.007258161340992262
9.5,34.5,14945,NA,NA,NA,0.006654447752039293
10.5,34.5,14946,NA,NA,NA,0.006637764995311239
11.5,34.5,14947,NA,NA,NA,0.006109662465919173
12.5,34.5,14948,NA,NA,NA,0.006237627012601231
13.5,34.5,14949,NA,NA,NA,0.006425035753902118
14.5,34.5,14950,NA,NA,NA,0.006667762281943771
15.5,34.5,14951,NA,NA,NA,0.006901248113338618
16.5,34.5,14952,NA,NA,NA,0.007189417010245219
17.5,34.5,14953,NA,NA,NA,0.007367750625384368
18.5,34.5,14954,NA,NA,NA,0.006306251027955517
19.5,34.5,14955,NA,NA,NA,0.005971173173634588
0.5,35.5,15046,NA,NA,NA,0.012497242296626925
1.5,35.5,15047,NA,NA,NA,0.01126429525265621
2.5,35.5,15048,NA,NA,NA,0.011523044919572147
3.5,35.5,15049,NA,NA,NA,0.012300237445423006
4.5,35.5,15050,NA,NA,NA,0.010474188288963987
5.5,35.5,15051,NA,NA,NA,0.009836998719942704
6.5,35.5,15052,NA,NA,NA,0.010556454048198867
7.5,35.5,15053,NA,NA,NA,0.010529651586939252
8.5,35.5,15054,NA,NA,NA,0.006627999158506141
9.5,35.5,15055,NA,NA,NA,0.005168726934900576
10.5,35.5,15056,NA,NA,NA,0.00870493745218452
11.5,35.5,15057,NA,NA,NA,0.008512125966147022
12.5,35.5,15058,NA,NA,NA,0.007897345791006132
13.5,35.5,15059,NA,NA,NA,0.005195171201396962
14.5,35.5,15060,NA,NA,NA,0.005428631277583168
15.5,35.5,15061,NA,NA,NA,0.006122150241097582
16.5,35.5,15062,NA,NA,NA,0.0057093688148086115
17.5,35.5,15063,NA,NA,NA,0.005876364122204591
18.5,35.5,15064,NA,NA,NA,0.006224850458817333
19.5,35.5,15065,NA,NA,NA,0.006125926315880802
0.5,36.5,15157,NA,NA,NA,0.010852605891039405
1.5,36.5,15158,NA,NA,NA,0.010594055962292955
2.5,36.5,15159,NA,NA,NA,0.010199338747301317
3.5,36.5,15160,NA,NA,NA,0.010435254919411984
4.5,36.5,15161,NA,NA,NA,0.011284458820307385
5.5,36.5,15162,NA,NA,NA,0.011270374048094016
6.5,36.5,15163,NA,NA,NA,0.011209791377052093
7.5,36.5,15164,NA,NA,NA,0.010313707941099
8.5,36.5,15165,NA,NA,NA,0.008324323613496548
9.5,36.5,15166,NA,NA,NA,0.007902899488513245
10.5,36.5,15167,NA,NA,NA,0.007352511334552147
11.5,36.5,15168,NA,NA,NA,0.006932451082456486
12.5,36.5,15169,NA,NA,NA,0.006872916301447783
13.5,36.5,15170,NA,NA,NA,0.0071214755909840815
14.5,36.5,15171,NA,NA,NA,0.007231499864213401
15.5,36.5,15172,NA,NA,NA,0.006870540961519719
16.5,36.5,15173,NA,NA,NA,0.007361495109039265
17.5,36.5,15174,NA,NA,NA,0.005909163918431049
18.5,36.5,15175,NA,NA,NA,0.009328283217361576
19.5,36.5,15176,NA,NA,NA,0.0062276678651708856
0.5,37.5,15270,NA,NA,NA,0.011854980236516613
1.5,37.5,15271,NA,NA,NA,0.010988605626332028
2.5,37.5,15272,NA,NA,NA,0.011367023860333492
3.5,37.5,15273,NA,NA,NA,0.012103455258713989
4.5,37.5,15274,NA,NA,NA,0.011702472540443811
5.5,37.5,15275,NA,NA,NA,0.010744324559694674
6.5,37.5,15276,NA,NA,NA,0.010906966024903436
7.5,37.5,15277,NA,NA,NA,0.010208055823118102
8.5,37.5,15278,NA,NA,NA,0.009663569721952321
9.5,37.5,15279,NA,NA,NA,0.010362631963791617
10.5,37.5,15280,NA,NA,NA,0.012056485094019739
11.5,37.5,15281,NA,NA,NA,0.01126540295684695
12.5,37.5,15282,NA,NA,NA,0.011164849692082437
13.5,37.5,15283,NA,NA,NA,0.01065850553646514
14.5,37.5,15284,NA,NA,NA,0.010596985504303595
15.5,37.5,15285,NA,NA,NA,0.010563019044423657
16.5,37.5,15286,NA,NA,NA,0.010219982717740217
17.5,37.5,15287,NA,NA,NA,0.008997687358606657
18.5,37.5,15288,NA,NA,NA,0.009855742026148891
19.5,37.5,15289,NA,NA,NA,0.008211284255072773
0.5,38.5,15385,NA,NA,NA,0.022889542943642757
1.5,38.5,15386,NA,NA,NA,0.024533506822716315
2.5,38.5,15387,NA,NA,NA,0.01945990779286816
3.5,38.5,15388,NA,NA,NA,0.020782568685418515
4.5,38.5,15389,NA,NA,NA,0.02010095588798255
5.5,38.5,15390,NA,NA,NA,0.02184362404430528
6.5,38.5,15391,NA,NA,NA,0.02426751449020552
7.5,38.5,15392,NA,NA,NA,0.018346397013483225
8.5,38.5,15393,NA,NA,NA,0.019947945705426812
9.5,38.5,15394,NA,NA,NA,0.017694279342293
10.5,38.5,15395,NA,NA,NA,0.012819982854948774
11.5,38.5,15396,NA,NA,NA,0.01618159269282275
12.5,38.5,15397,NA,NA,NA,0.016873279041944644
13.5,38.5,15398,NA,NA,NA,0.0144147927037612
14.5,38.5,15399,NA,NA,NA,0.012446362986154733
15.5,38.5,15400,NA,NA,NA,0.010579684973634904
16.5,38.5,15401,NA,NA,NA,0.009530156119671403
17.5,38.5,15402,NA,NA,NA,0.009707904967373567
18.5,38.5,15403,NA,NA,NA,0.009802799849978281
19.5,38.5,15404,NA,NA,NA,0.009843535206419233
0.5,39.5,15496,NA,NA,NA,0.018399097963746898
1.5,39.5,15497,NA,NA,NA,0.02506860535427037
2.5,39.5,15498,NA,NA,NA,0.02136516281614775
3.5,39.5,15499,NA,NA,NA,0.023872289284829217
4.5,39.5,15500,NA,NA,NA,0.022855828536875202
5.5,39.5,15501,NA,NA,NA,0.021855539867684116
6.5,39.5,15502,NA,NA,NA,0.023130782466568214
7.5,39.5,15503,NA,NA,NA,0.022788613788594175
8.5,39.5,15504,NA,NA,NA,0.022474644470423757
9.5,39.5,15505,NA,NA,NA,0.01738650467997422
10.5,39.5,15506,NA,NA,NA,0.01727071510001096
11.5,39.5,15507,NA,NA,NA,0.015733821250743532
12.5,39.5,15508,NA,NA,NA,0.016426772040837197
13.5,39.5,15509,NA,NA,NA,0.017078246771399623
14.5,39.5,15510,NA,NA,NA,0.016276602381670842
15.5,39.5,15511,NA,NA,NA,0.014265906044365905
16.5,39.5,15512,NA,NA,NA,0.01363055846893333
17.5,39.5,15513,NA,NA,NA,0.015038647937923505
18.5,39.5,15514,NA,NA,NA,0.014736393929578413
19.5,39.5,15515,NA,NA,NA,0.0132172204862258
